v 5.40878487 45.91368866 10.64063168
v 7.18432808 43.41644669 9.30272388
v 7.43043470 41.62629700 10.20078945
v 5.16775465 49.80292892 19.23743248
v 7.84231138 48.78630066 19.59809113
v 4.00437832 43.76484299 4.69064474
v 9.54080009 47.52246094 21.37163544
v 10.47141933 49.50179672 31.87596130
v 12.42510319 50.69091415 29.63847160
v 9.53361225 51.68082809 30.16524124
v 7.93421507 50.06621552 33.87121964
v 6.64405680 50.05686188 34.26926804
v 7.25960922 51.55162048 32.26259613
v 8.35278511 48.14244080 33.52387619
v 10.78758430 50.00172806 24.00087738
v 11.74574852 47.48724747 23.09925079
v 10.97979164 46.97660828 30.28569031
v 10.77625656 45.94757080 23.98282433
v 7.81247568 44.62502289 29.48867798
v 3.00481963 40.46774673 15.84766102
v 6.69569445 41.28945923 14.05503082
v 3.17557120 37.08069992 11.54413509
v 4.84429693 37.03646469 10.63523006
v 6.62940407 38.38701248 9.39400768
v 7.13791943 46.58438873 33.09398270
v 6.52668858 44.73650360 30.78378487
v 5.34002256 43.51621246 23.88684464
v 7.39352989 44.08699799 23.64409447
v 8.30148697 44.98896027 21.30852890
v 13.28971958 47.02080536 28.83570480
v 13.88357925 48.58288956 29.54278755
v 13.77615070 50.31865311 27.17261505
v 6.36271477 52.44707489 29.04058838
v 12.90592575 49.94449997 24.70128059
v 5.41466951 51.25560379 23.04321861
v 11.41611099 -35.43011093 -16.74992371
v 11.78820705 -37.19153214 -16.38682938
v 11.31374550 -37.67070770 -15.23960495
v 11.68884754 -38.64736557 -13.77891541
v 11.09379005 -35.63965607 -12.97242355
v 11.00773430 -34.83956528 -15.18203259
v 6.57522869 -46.30416489 -25.64530373
v 3.91546178 -45.85147476 -26.58503914
v 7.40325022 -45.16095734 -25.07434082
v 9.35582542 -42.79160309 -22.97473526
v 6.64078379 -41.53438187 -25.71867180
v 2.43030763 -41.34114456 -26.91677666
v 11.00217819 -44.62673950 -20.65154266
v 10.40208340 -47.10592651 -21.70097923
v 10.55019093 -47.63482666 -18.97491074
v 9.28503227 -48.45985031 -22.72665215
v 9.99918938 -46.70175552 -22.50057220
v 7.63659430 -51.19093323 -19.79926682
v 5.81570053 -51.95825195 -21.84229088
v 5.54208326 -52.39147186 -20.72683334
v 8.09548283 -49.73917770 -22.76443100
v 6.23326159 -51.69580078 -18.20139313
v 8.45712662 -39.84926605 -24.41164398
v 10.45112705 -40.93607330 -22.30235481
v 3.95159960 -47.63846970 -25.40585899
v 5.99953604 -46.41774750 -24.77304459
v 6.33348608 -43.79738998 -22.94216728
v 3.92245245 -44.86054230 -23.52317810
v 3.16956210 -46.86904907 -22.94841003
v 10.78340530 -43.88134384 -21.39946747
v 8.88473511 -47.06537628 -22.95578194
v 7.62377787 -43.52818680 -23.64406967
v 8.71794701 -50.34170532 -20.52831078
v 5.39375019 -52.10069275 -16.57443047
v 4.34950638 -40.38425064 -26.73067665
v 10.71350098 -45.79684830 -15.63901138
v 11.30249310 -45.50295258 -17.52817726
v 7.60792494 -48.81699371 -14.80179596
v 9.32705593 -48.72160721 -16.17499733
v 8.36762905 -49.81174469 -16.57810593
v 6.47223663 -35.27486801 -25.24923134
v 1.97947907 -37.46283340 -26.97680092
v 3.54284215 -37.33586121 -8.25022984
v 4.15264559 -36.84446335 -7.45123339
v 3.41007137 -34.59542465 -7.80631447
v 2.34330320 -34.94436264 -7.75199747
v 4.46479464 -35.43472290 -7.36987162
v 9.91448212 -35.00679016 -22.21932793
v 11.49154949 -33.17311096 -22.12448883
v 11.10050488 -31.80214691 -20.97666359
v 11.27156067 -30.58635902 -21.95192146
v 9.84341812 -30.45508766 -22.18244553
v 8.46536827 -30.38762856 -22.22637939
v 9.51965714 -32.89071655 -7.29251289
v 10.60689926 -32.39091110 -7.67404270
v 8.81376076 -32.17988586 -9.65106010
v 7.23898268 -32.79579544 -9.30117893
v 11.76086235 -32.22410583 -24.11729431
v 12.52656841 -32.18252945 -23.52055168
v 10.41731834 -34.15305710 -22.48798561
v 9.51934147 -33.58947754 -23.43556976
v 9.77752876 -41.15786743 -11.35982132
v 12.47467041 -30.80079460 -23.85470009
v 11.67665672 -30.30384445 -23.71298981
v 10.99195671 -31.09465790 -24.04118729
v 11.65294170 -41.36974716 -17.93691063
v 10.92387962 -40.44152069 -21.14965630
v 11.64790154 -41.67560196 -15.26715279
v 11.43662739 -43.67587280 -14.86539364
v 7.20826578 -50.37385559 -15.80373383
v 8.53299141 -48.63724518 -15.82312107
v -0.45453542 16.31672287 -20.57216263
v -0.05670986 24.12005043 -16.41170311
v 4.50788116 4.85115099 -23.30960464
v -0.49980676 7.20238304 -24.03627586
v 3.28669286 -7.78912354 -25.70785141
v -2.79917574 -2.36023879 -26.15472031
v 7.42418528 -13.27350330 -24.39739418
v 3.20632529 -13.31146908 -25.92601967
v -1.74318862 -11.58065510 -26.68139076
v 4.65767908 -17.67013931 -24.55972290
v 4.70127583 -21.84150505 -23.75735855
v 0.40454277 -21.64688301 -25.11156273
v 10.83130074 -23.47722244 -18.57101250
v 7.28791142 -24.12147331 -22.07776070
v 16.54602814 -18.76044464 -10.54393864
v 16.62201118 -18.60607147 -11.36205864
v 16.17341614 -18.17116928 -9.83665085
v 10.59715939 -26.14403152 -17.17460060
v 11.81404972 -25.85050392 -16.44470024
v 10.71777630 -25.72064209 -15.54127216
v 11.65347290 -24.81805611 -15.49880123
v 12.48050213 -25.58906937 -16.68781090
v 12.47901535 -24.91507912 -16.68430138
v 11.66881561 -24.04316139 -15.76675415
v 12.22064686 -25.12222672 -18.02429771
v 10.33743858 -25.53329086 -18.64639282
v 0.82651639 30.82076645 -12.06413746
v 2.57616901 30.24510193 -12.08908558
v 6.40800333 26.44445038 -12.94007301
v 11.29202271 22.54441452 -10.02958584
v 8.69912815 29.98822975 -6.50711727
v 10.18988323 25.93362427 -7.43999386
v 9.42492962 28.37195778 -6.35367012
v 5.68447876 5.62502098 7.08888197
v 5.13661861 8.33646679 8.59303188
v 3.47512078 10.76696205 7.27747822
v 2.01655746 10.75711918 7.21239233
v 4.31547403 10.13605595 8.27253628
v 1.97863650 7.85056257 8.49190903
v 2.54172206 6.06619978 8.33061218
v 3.76732445 7.30557251 9.21124744
v 2.32898760 15.49512672 5.70500612
v 2.95523715 16.33869362 6.03271389
v 2.23804355 18.77250290 4.84999418
v 3.67922211 18.26366997 5.42799282
v 4.26831913 17.89282608 4.64272976
v 9.25461483 15.79012108 2.18779993
v 7.76737547 20.20796394 1.20979881
v 8.36379814 18.86705971 1.97294903
v 7.37000465 17.17048836 3.06835032
v 9.07114506 17.15407181 2.18572307
v 9.63761330 10.63745689 4.07156992
v 11.04198456 9.55306435 4.32237911
v 8.74355698 6.30532742 5.51189518
v 10.87999916 5.62278652 4.59989691
v 10.86941433 6.87247467 5.03468037
v 8.70701694 8.38351917 5.49682093
v 12.23322773 7.48302269 2.84449577
v 11.69643116 7.87131119 4.41197538
v 17.30049324 -3.68544936 -1.61447489
v 18.50385666 -3.02780414 -0.57295305
v 16.31250191 -2.77341151 0.24765868
v 17.94114304 0.12006244 -2.97693515
v 15.83787346 -0.90614003 0.74655044
v 12.67512798 -3.77120805 2.79069090
v 13.66203403 -1.59118223 2.28468990
v 12.61384106 -2.35213566 4.27255487
v 8.95928383 -2.44472694 5.59825277
v 9.63799953 -4.30835819 4.75595140
v 12.21410942 1.18625772 3.59576750
v 12.30967045 -0.60731447 4.56937981
v 11.18195820 -4.42348194 3.91625023
v 11.18269539 -2.97380018 5.16055346
v 2.07758999 1.08153772 8.30139828
v 1.42264032 -2.42375469 8.47590065
v 3.49773884 -1.12802768 9.29277992
v 3.80796552 0.57732391 8.29807663
v 4.60179281 -0.37810689 8.89309502
v 2.52718759 -4.19167423 7.93096972
v 4.28448296 -3.50454521 8.45943069
v 5.44762087 -4.28841925 6.67334652
v 5.26047802 -2.08322144 8.64624596
v 16.04520416 -12.95545197 -5.47938204
v 17.87096214 -10.77445984 -3.47522616
v 15.54880047 -8.18033028 -1.87595713
v 17.00323868 -10.64732933 -1.52713311
v 16.47282791 -8.54792118 -2.59511399
v 17.84706497 -9.76727009 -2.42436028
v 14.27745533 -12.33100796 -2.35056567
v 17.36698151 -12.06777096 -2.48018432
v 11.83749676 -9.20307159 1.86832464
v 10.73976326 -8.90683937 2.84875631
v 11.34140301 -10.46675396 2.79464698
v 10.32712650 -13.52305889 0.93691140
v 10.24243069 -13.00034618 2.41403866
v 12.54322910 -10.38534069 0.70724553
v 9.21842098 -8.93589878 3.52548623
v 8.47443962 -11.50308514 3.49970055
v 9.96938324 -11.12297726 3.56268311
v 3.13849783 -9.35340595 6.64514971
v 1.50461888 -8.88212967 6.79148149
v 3.80550361 -10.57635498 6.98855257
v 1.62682068 -13.99697876 5.06382132
v 3.07167077 -13.07216358 6.42268276
v 4.19821072 -13.63863945 4.35383749
v 5.60237360 -10.95814800 4.85823917
v 4.17290735 -12.36869621 6.28228140
v 0.62666082 -12.23853779 6.12284327
v 2.12814140 -11.94080544 7.05975056
v 14.40796566 -19.19647789 -8.55640316
v 15.27948093 -19.67571068 -6.75813389
v 13.72554398 -20.66749191 -8.47459698
v 11.98034477 -20.22955894 -5.62645721
v 13.15466976 -21.11521530 -7.94395733
v 14.91492176 -21.23915291 -5.99570608
v 15.23508072 -17.01276970 -7.42549515
v 10.36258411 -19.08759880 -1.71303356
v 7.37979841 -19.70351601 -0.19434589
v 7.93962574 -17.29338837 0.17968799
v 6.67960644 -22.12028313 -3.11148596
v 8.78893185 -21.52944946 -1.12894917
v 6.06138134 -20.49415016 -1.42549717
v 2.58777428 -18.77692986 2.33409262
v 2.15631509 -19.86267090 2.79372525
v 4.15643740 -18.60765648 1.24983609
v 3.21490574 -21.90876961 -1.17493546
v 11.01791859 -25.86420822 -11.06957912
v 12.52665997 -25.99137306 -10.08434200
v 10.62006378 -25.74528694 -10.12552261
v 11.74223328 -24.01980591 -9.24826813
v 8.69319344 -26.16034889 -4.93736887
v 8.99409866 -25.94131851 -6.32607555
v 8.75025177 -24.90974045 -5.53320980
v 8.16026306 -25.29993057 -4.56782579
v 10.23960686 -24.22072220 -8.81665707
v 12.36109352 -25.55117798 -9.29079247
v 5.71900463 23.85804939 2.50523305
v 1.66249573 24.40827179 4.60020638
v 1.84551573 22.91858673 4.67766762
v 9.32315350 24.30838013 -1.97554266
v 9.88416481 25.32198334 -1.72179508
v 15.16124344 -18.95912361 -11.90458107
v 14.62078190 -19.31999779 -10.84750748
v 16.82686806 -16.66793823 -10.76249218
v 17.23482895 -17.29870605 -10.11525440
v 16.65545082 -16.85198212 -12.00463009
v 15.43855667 -17.92392540 -9.63250923
v 19.14825630 -10.35770607 -10.91653347
v 18.90089226 -8.96557617 -10.89098549
v 20.57406998 -10.81943893 -10.01877880
v 18.83525848 -9.24677372 -8.15639877
v 20.14935875 -10.41617298 -8.20179939
v 17.69457245 -12.67376804 -9.03667927
v 18.57331657 -8.16460705 -8.97951221
v 20.54099846 -9.70955276 -8.94480801
v 14.40389633 17.04025269 -5.39418793
v 18.05118561 14.04958725 -5.82909584
v 19.43441010 1.97371936 -11.11848164
v 16.97374725 9.58552647 -3.86350322
v 12.72580528 18.94437408 -4.01509809
v 10.64287949 20.93036652 -2.80267119
v 16.10420990 17.71758842 -7.68549967
v 19.67248535 11.76899815 -5.94060946
v 11.93891907 -23.14260101 -15.20529747
v 13.64723587 -22.05509949 -19.70205498
v 13.87388992 -22.42068481 -17.86202240
v 14.18929577 -20.68881035 -13.24253082
v 15.44039154 -20.95182991 -16.20528412
v 17.47942543 -17.79913139 -16.89717674
v 16.97255898 -16.11263275 -13.54315472
v 10.41175652 -22.36210060 -20.54350662
v 11.06830311 -20.55684280 -21.67615128
v 10.80946922 -13.77238369 -22.98600006
v 11.58147144 -11.26229286 -22.45675659
v 16.63103485 -5.40925026 -18.06584358
v 15.18384743 -9.05744457 -20.45229530
v 16.94550705 -10.74013138 -18.77937889
v 17.66198540 -12.41828251 -17.85767555
v 18.69907951 -8.95341206 -15.33684540
v 19.47821426 -9.79560280 -14.64182758
v 18.55319214 -11.83009624 -14.31729603
v 19.27041626 -9.87093258 -14.15175629
v 18.40406990 -11.47405624 -15.94745445
v 9.36339855 16.58226395 -17.59498978
v 13.57377052 11.51144600 -17.36015511
v 10.09379482 22.94887352 -12.05162334
v 14.02280235 19.09266472 -9.54131699
v 11.72226143 21.47609901 -6.27737379
v 10.25491810 7.52065229 -20.58969879
v 14.07032108 15.45918846 -2.76914907
v 13.40041351 16.57645798 -1.50089478
v 13.63437366 18.03859329 -2.20698333
v 10.81492329 19.19933891 -1.39606619
v 11.96747112 16.13574982 -0.68892276
v 11.98616600 19.03137589 -1.56841946
v 16.55201340 10.08021832 -2.39421511
v 15.53180695 11.39366913 -1.77577603
v 16.95124817 10.17033863 -0.05713733
v 20.08489990 -2.68502617 -9.21087837
v 21.81018448 -2.25028896 -7.98046446
v 19.56235695 -1.56546390 -5.86775923
v 18.83948517 -2.89619732 -6.06387568
v 19.66431046 -3.56555319 -7.67713642
v 21.61454964 -2.55022025 -6.92678118
v 19.49586678 0.91334140 -7.98407841
v 19.74380112 0.19438538 -6.10470152
v 21.65137863 -0.58856708 -7.68332434
v 19.81492996 -3.43103528 -13.15102673
v 19.50602341 -1.44078457 -15.13690090
v 20.12276459 -0.74518788 -13.22759914
v 17.72004700 -0.17883718 -17.36869240
v 12.60134888 -1.98923635 -20.98730469
v 15.24378967 2.12753582 -19.52982521
v 16.27723885 0.43940443 -18.78538322
v 16.47883224 5.83967113 -0.28245452
v 17.13676071 5.50267935 -2.12621927
v 17.53699684 7.01488352 0.32744688
v 14.79083824 9.63144302 0.68163246
v 16.24092865 8.38420391 1.17049885
v 17.96897697 12.31485271 -23.20765114
v 15.57745075 8.51912880 -20.63750458
v 24.47977448 12.59157848 -29.02236366
v 23.14278030 13.57619667 -26.57045555
v 21.79503822 13.79268074 -28.94312668
v 21.57515907 14.08727264 -26.51045418
v 22.00649452 13.37729454 -23.97582054
v 24.79944038 6.15909719 -28.71355057
v 25.51143265 7.74022007 -27.07555389
v 24.20626640 5.51634502 -24.91228104
v 19.12255859 5.15333843 -29.63195038
v 20.99773026 4.49352121 -27.64056206
v 20.64513779 4.10580826 -25.07804108
v 18.29269981 12.61668205 -27.63034630
v 16.52372932 8.77538395 -26.16976547
v 25.64600945 10.63281250 -28.13266754
v 22.52487564 4.74588633 -27.61473083
v 22.77088165 4.40050888 -25.04330063
v 17.25905991 7.13847876 -28.79919815
v 20.25023079 13.93502903 -26.53433609
v 19.86577034 13.51049519 -23.90769005
v 18.88212013 12.21628189 -32.97614670
v 17.32647896 7.00712729 -33.95119476
v 25.21239853 5.69347095 -32.42029572
v 21.45000267 3.91958737 -32.05266953
v 25.74000740 8.33071423 -33.87285995
v 25.52255630 10.40959740 -33.11028290
v 24.22265053 12.05575085 -32.94107819
v 18.06271744 11.01887989 -33.57696915
v 19.44054604 3.92834878 -33.07513046
v 18.69664764 3.83294010 -33.60591125
v 19.72459412 3.41217756 -33.59500885
v 24.11409187 6.59806204 -17.51264954
v 23.94520378 8.56192207 -17.81438255
v 23.15429497 10.55918789 -18.85661507
v 20.33621025 2.05524516 -21.06941795
v 20.86897278 1.22173893 -17.53066826
v 18.49832726 0.64994359 -18.71844864
v 23.27687454 3.22128344 -19.09532166
v 19.58059120 0.73912525 -16.84439850
v 14.39648533 5.74996948 -19.53732491
v 14.56975365 8.28306866 -19.31420517
v 17.07515335 2.71275878 -20.62481880
v 15.78517246 3.08425689 -19.82817841
v 19.08137512 12.40898991 -19.73498535
v 18.95382881 12.73085690 -17.07017326
v 22.02470016 11.22342873 -18.69032860
v 23.09987450 3.68853664 -14.81233406
v 16.63466072 17.43708229 -9.95475006
v 18.46100998 16.26103210 -8.54640102
v 20.20008087 8.56694031 -6.55448389
v 20.30002213 9.87527752 -6.23760509
v 18.71002388 9.58314705 -4.88322687
v 20.19305420 12.54418278 -7.11016035
v 21.77864075 10.70945644 -9.99943924
v 20.13272476 14.40222836 -10.23340988
v 14.81830406 11.42558193 -17.38287163
v 15.72804832 16.34023094 -12.63141823
v 16.05004501 10.80663204 -19.14471436
v 21.21492195 12.81921768 -33.47845840
v 17.69415855 9.48886490 -34.19469070
v 20.07054329 3.56357503 -34.26964569
v 23.14329910 8.04196358 -34.29383469
v 23.80035591 11.42734051 -34.13446808
v 19.37018204 5.45271254 -7.56154680
v 18.88827515 0.12511955 -14.79337406
v 17.63863945 -7.46458435 -25.29566765
v 17.34170532 -7.81561518 -30.31064034
v 16.63891411 -7.07628632 -26.18901062
v 15.97701740 -8.03649902 -22.48764992
v 19.73479080 -14.73350716 -28.50790596
v 20.32316017 -13.57144070 -27.09936714
v 20.72442436 -11.75333786 -26.89401817
v 19.80507278 -12.73038006 -22.45151711
v 13.74772453 -15.22763538 -30.11490822
v 16.03945160 -16.59263420 -25.35281944
v 13.68401909 -8.91830730 -29.33984184
v 12.73943901 -10.76575947 -29.57036591
v 11.58441448 -12.80122852 -23.99468613
v 20.40835762 -10.32522774 -25.31153107
v 19.66039848 -10.31641960 -22.79816055
v 18.26274300 -15.95641327 -24.84293938
v 12.72581768 -12.93785763 -27.73242188
v 15.37652206 -7.29043293 -25.49330330
v 14.13764286 -8.32831764 -22.89854622
v 16.42398453 -8.19278145 -33.69420624
v 15.28715611 -8.23951817 -31.79015160
v 16.68357086 -7.92750072 -31.84839630
v 13.73408794 -9.34825134 -33.35653687
v 12.52616978 -12.97533894 -33.43438339
v 12.72872925 -15.07256031 -34.08073807
v 12.65375710 -14.45682144 -31.87670135
v 13.13016987 -16.14554596 -32.19939804
v 16.93537903 -16.57235146 -30.33940125
v 15.17576504 -17.09908676 -32.97644424
v 20.96065521 -14.56509304 -33.99348068
v 18.84315109 -16.50936890 -32.36350632
v 20.76399422 -12.91396618 -33.90093613
v 20.42522430 -10.38798618 -33.46148682
v 20.41525650 -10.14976215 -29.95477676
v 19.52377701 -9.50907898 -33.91765594
v 19.26487160 -8.54238224 -29.78332901
v 15.19634247 -17.15107155 -34.19090652
v 20.45921707 -14.95617771 -31.93891335
v 15.08297539 -20.10399055 -22.25022125
v 16.35850716 -19.32938576 -22.47908592
v 17.97829247 -17.59628296 -18.76068306
v 12.67927837 -19.00797462 -22.87943649
v 17.95812225 -19.83834839 -19.26837730
v 17.38221550 -19.20851707 -20.67479897
v 17.66556931 -20.28488159 -18.26200867
v 13.74830627 -18.12102318 -23.88534164
v 11.61620235 -11.53226089 -22.92196465
v 13.22901440 -9.36203957 -22.16830444
v 17.48503494 -20.50784302 -19.54944992
v 18.81459427 -16.15240097 -23.99110222
v 19.50625801 -15.07342339 -23.56709862
v 17.34320450 -20.86623383 -18.71639633
v 17.38920784 -9.77536488 -20.75644875
v 11.54556847 -15.60661888 -23.63657188
v 18.94346046 -16.67790222 -21.67801094
v 19.13779068 -12.19952869 -21.11784744
v 13.45892048 -9.93125629 -34.17659378
v 12.86942482 -11.41086292 -34.13275909
v 18.52017784 -16.60940933 -34.26087952
v 18.18576813 -10.42445087 -34.30014801
v 3.78779936 -29.35122490 -25.09670639
v 8.19139576 -27.24303627 -22.01803589
v 8.30168438 -28.16825104 -22.97233582
v 7.06627417 -28.76170349 -23.72676659
v 7.73189449 -29.23682404 -22.83982468
v 7.04814768 -26.80520058 -23.24429131
v 10.19597530 -27.25092316 -19.16482544
v 11.38525677 -27.53876686 -19.59644318
v 10.40412712 -28.00543404 -19.89924049
v 9.92693806 -29.09148026 -19.92570686
v 10.93600082 -29.22804832 -17.39787102
v 10.96561337 -27.91965294 -16.84218788
v 10.77321243 -27.14141273 -17.08500671
v 10.13153362 -27.64705086 -11.82989407
v 10.73049450 -27.30880928 -12.96769714
v 11.29066277 -27.99637413 -14.17377853
v 10.99746037 -28.75517273 -14.71376896
v 10.43249130 -29.06218147 -12.01058102
v 6.45788002 -28.77282715 -8.30376816
v 8.35150909 -28.53266335 -9.84089184
v 6.55142593 -29.78106499 -7.99170780
v 3.79442501 -30.11663437 -6.67398167
v 4.20986462 -31.14111137 -7.62715626
v 3.09468532 -29.50217819 -6.88888502
v 3.07514644 -30.48829079 -5.60008955
v 12.18946457 -28.39898682 -19.22200203
v 11.26278305 -37.25641251 -11.27693939
v 12.20863914 -38.68656158 -12.96193027
v 11.20094299 -35.42070389 -9.03766918
v 9.70581436 -36.28767776 -9.39282322
v 10.33506012 -32.19393921 -13.74362373
v 10.44048882 -30.24628639 -16.06580353
v 10.00990486 -30.45507622 -19.51573753
v 10.49807453 -33.50524521 -12.68722439
v 11.33457470 -36.75521088 -19.33170700
v 10.94684601 -33.78646851 -18.57996368
v 11.66580868 -37.55791473 -15.28447056
v 11.53050900 -36.67256927 -14.69447517
v 11.64089108 -35.52581024 -15.44307613
v 11.90005493 -36.35649109 -16.07821274
v 7.86961269 -49.97496033 -16.33407211
v 13.52855778 -17.06882286 -4.68436193
v 11.64958954 -16.26433563 -2.44068527
v 10.26749802 -22.20324707 -7.72127962
v 12.14534092 -21.66707802 -10.20442295
v 5.63859797 -14.74296951 2.64639258
v 9.02744007 -21.45439911 -4.13970423
v 10.55908203 -19.25943756 -3.82741070
v 0.59206903 -18.05375862 2.59562588
v -1.15169883 -15.98012447 4.00687981
v 0.05610551 -22.72675133 -1.63683784
v 4.47114038 -19.80132103 -0.26667595
v -0.29511294 -6.41075468 7.53380585
v 5.84420013 -8.57593632 5.29734039
v 2.52194142 -15.10984612 3.74610186
v 14.30415821 -4.99043179 0.33784744
v 7.75793171 -13.14126778 2.61483550
v 17.37110710 -7.00067663 -6.10020971
v 16.94087410 -9.34229469 -5.03945923
v 0.10995643 3.38537312 8.42588520
v 7.37529612 3.28921390 6.31196260
v 6.33856630 0.13956515 6.83626652
v 9.39206600 0.79543972 5.44990635
v 14.06087589 4.77643013 1.45826554
v 15.83446312 1.43126190 0.04664624
v 17.43924522 -3.72773623 -3.49679089
v 0.24940309 13.00319099 6.51123238
v 5.72872448 10.95049286 5.77994347
v 6.78226614 7.29594898 6.10754538
v 12.61721039 12.52576160 0.24604593
v 14.86976433 6.50127935 0.84689623
v 16.92529869 8.59695530 -2.21590114
v 4.88966465 20.54763412 3.15082049
v 4.52278757 14.80696583 5.00728321
v -0.34911856 20.37494278 4.58591032
v 5.92928791 25.62943459 2.37943578
v 0.67233694 -25.06171417 -3.25517344
v 3.24866486 -24.86416054 -4.08050013
v 1.04763389 -27.93258667 -5.59726572
v 0.57657349 -27.80402184 -4.50600863
v 0.04465704 -29.07564735 -6.49217319
v 3.54603577 -27.13929939 -5.90653801
v 5.34549904 -27.89075470 -7.96244144
v 3.58415580 -26.15018654 -4.77220392
v 0.02089330 -26.62678146 -3.84794855
v 6.59766245 -24.34080124 -5.22664309
v 5.66112375 -23.69124031 -4.86404514
v 8.60140514 -23.87650299 -6.96016836
v 6.59649706 -26.74665260 -7.52897739
v 6.13797331 -26.40367889 -6.05586815
v 8.07339096 -26.45664787 -8.77944756
v 9.15708542 -26.85167122 -11.12187195
v 8.63342285 -25.12528229 -7.49028158
v 11.70168495 -23.73490906 -12.07797050
v 10.90959454 -25.46376038 -12.55462360
v 10.36750126 -25.82269859 -13.20561981
v 10.21365166 -26.61861992 -13.96723080
v 9.36514950 -25.81543159 -10.39198875
v 10.49062252 -22.78130913 -8.77671432
v 12.26572418 -23.61398697 -10.53772831
v 1.81741941 -32.28779984 -7.14584970
v -0.55699676 -33.18169022 -7.21785879
v 5.49950695 -32.45842361 -8.91279030
v 1.21594536 -30.18893814 -6.19673967
v 0.87264752 -31.24521637 -6.62463808
v 7.20877838 -31.26505852 -9.51510525
v 8.59588242 -30.08094406 -10.44725037
v 9.66034126 -30.81415749 -12.03064442
v 5.07500553 -34.34712601 -8.71686459
v 5.90406513 -37.14995575 -9.37612629
v 6.66025019 35.25143051 -3.99384618
v 8.29264450 31.23229599 -0.47947344
v 3.24297261 26.93227959 4.51516724
v 4.23226690 36.60725784 -4.76542044
v 6.08431864 29.57673264 3.76999927
v 8.76558971 27.07616615 -1.60832345
v 8.62445068 26.31664085 -0.83206552
v 9.49801350 26.71183014 -1.66946304
v 6.34836435 24.30971146 2.30552387
v 1.82173932 34.54697037 -8.34409618
v 3.58960128 22.86701584 3.75197029
v 3.30573630 23.83480835 4.47237778
v 2.74525094 24.53329277 4.76335669
v 8.59777164 30.56588745 0.38547945
v 5.64638948 28.41509819 3.88896084
v 7.55939913 36.46664429 -0.85658586
v 8.10407352 31.06969452 1.97921574
v 1.17268431 39.16004944 -3.19316006
v 5.36381197 29.42342758 4.50403690
v 7.53585339 30.12462997 1.72297823
v 8.23699951 29.82874489 -0.36871511
v 8.39755344 30.04916000 0.87129313
v 0.66468871 26.09969711 4.91654825
v 3.46595788 24.59481621 3.93072510
v 7.35066032 23.87236214 0.80578601
v 7.43681765 26.99357224 0.40354219
v 9.47072601 26.21930695 -3.14471030
v 1.80982471 28.89539719 5.95816231
v 6.60602570 -41.48942184 -10.08831120
v 5.53184938 -42.18631744 -9.66434097
v 9.82142448 -39.78075027 -10.97821903
v 7.37357664 -46.21378326 -12.56696892
v 7.59437275 -44.14929962 -11.51082039
v 12.10508156 -41.76686096 -13.86117172
v 10.67173958 -33.84803772 -11.05863571
v 5.63231659 -40.28495407 -9.35552502
v 3.77254438 -36.25558090 -7.22585726
v 4.90424490 -35.99805450 -7.66301489
v 7.51099062 -30.72886658 -8.32090569
v 8.99346733 -30.16746521 -8.66292667
v 8.51562023 -30.56314850 -7.94134998
v 11.05601215 -30.03608894 -13.46720123
v 10.82205868 -29.85213089 -12.54576302
v 10.67135620 -29.67191124 -14.89246082
v 10.56233406 -29.50391006 -18.63249397
v 9.04191494 -29.75722313 -21.06940079
v 13.38574791 -24.93757057 -10.61263847
v 12.86750889 -25.62288857 -10.92149639
v 12.32621861 -29.14919662 -13.48510551
v 12.40759277 -28.83613396 -12.38490295
v 9.67769241 -19.78391647 -0.18107529
v 3.16840935 -11.70309258 7.14716816
v 4.72823191 -10.77370262 6.19771433
v 3.31940198 -2.63675570 9.03770256
v 5.55998802 -0.71105683 8.16315937
v 3.35561967 9.19619942 8.97200775
v 4.82676077 6.52134323 8.46137905
v 5.18288183 9.67308521 7.65166187
v 3.98989654 16.72405815 5.58593655
v 2.84643579 23.49657822 4.76966619
v 3.06798553 29.82790375 6.25020885
v 2.71615887 -27.34930229 -2.69993925
v 2.48964691 -27.99385262 -3.75402737
v 3.39587903 -27.22061539 -3.72427392
v 3.23494649 -26.29143524 -3.09671116
v 2.49866533 -26.27790070 -2.41582918
v 11.17305851 -11.88328648 2.57196927
v 9.62163544 -12.53490162 2.99146795
v 10.76593494 -0.99749392 5.61497259
v 11.78355885 -2.00733685 5.10599661
v 10.59974957 8.55598450 5.17371893
v 9.94831848 7.67130423 5.49850607
v 8.76170540 18.76144791 1.34122622
v 6.92312765 24.80820847 1.66469061
v 12.83146286 -24.17946243 -10.87699795
v 15.01550388 -19.60081291 -4.94341850
v 15.53018761 -19.29293060 -5.20576286
v 17.86623573 -10.87973595 -2.01813245
v 18.07678795 -0.52358323 0.51634234
v 18.92424965 -2.38223147 -1.18166304
v 18.51638985 0.08330990 -0.17156994
v 17.73556328 8.53729343 -0.13497047
v 16.99654961 7.48954439 0.96180284
v 9.99954510 25.82161903 -1.97899199
v 9.63511658 26.60698128 -2.42077923
v 8.07000160 30.51865005 1.95048916
v 18.95943069 -4.14084339 -11.13326645
v 17.80642509 -13.13523197 -11.34932899
v 17.53225899 -8.52059650 -7.20656967
v 18.34138298 -6.47440910 -8.87405777
v 18.41075134 1.59963441 -5.91473961
v 19.60097122 -0.29646897 -9.79801083
v 20.12905121 -11.57157803 -9.73497868
v 20.82136726 -10.63004398 -8.71217728
v 21.49853516 -0.98402584 -6.22741508
v 22.02385712 -1.75366819 -7.08149958
v 9.95412445 -32.40097046 -10.14845753
v 8.25972366 -35.68449020 -8.84649944
v 10.98114777 -33.80151749 -9.80675220
v 3.80210114 -40.74235153 -9.16488552
v 2.87316465 -44.22145844 -10.20759583
v 3.63332796 -47.44360733 -11.80774403
v 10.47944546 -44.07604599 -13.70176601
v 5.50472021 -48.96203232 -13.46953106
v 12.11209869 -28.67540550 -18.50730515
v 10.34461975 -35.25006485 -7.40573454
v 11.85745525 -33.51925278 -8.06127357
v 4.97777319 -41.58309937 -9.09736729
v 5.48514175 -46.15666199 -11.31216621
v 18.58340073 -7.75234795 -13.99738789
v 18.98159790 -4.88695240 -14.37290668
v 18.69323921 -4.79537153 -15.42268276
v 19.98518753 -1.17818737 -12.49308872
v 20.12413216 -4.18434763 -14.47938728
v 4.56682396 41.29883957 1.03837204
v 2.62139034 41.57030869 0.21605380
v 6.38736582 33.41352844 5.31152725
v 5.56796265 33.77600479 6.81788492
v 5.35389709 32.27970505 6.01425266
v 5.65988588 32.55714798 6.04095554
v 2.12075901 33.36363602 8.07191658
v 10.98412323 -24.59131050 -18.16908836
v 17.38075256 -17.93680000 -10.57830429
v 9.87138081 27.45050049 -6.01837683
v 15.92609406 -16.54117584 -9.40211773
v 8.14670277 -27.27406693 -23.01509666
v 8.40996838 -26.64768219 -6.52071810
v 1.59307814 -20.58722115 2.36207533
v 2.21964002 -21.87985611 1.50078940
v 3.04992175 -20.94638252 2.05778623
v 18.94012642 -1.66809380 -0.12620239
v 18.48163223 -2.25895166 0.34840602
v 19.19782448 -0.68248820 -0.64035928
v 18.06980324 -17.63575172 -33.78720093
v 17.67387009 -17.79483986 -33.00139618
v 16.08670998 -17.82447433 -32.68773651
v 15.90911007 -18.23660088 -33.95668411
v 20.60540390 -16.09400368 -32.58786392
v 19.55926323 -16.80544281 -32.81204224
v 21.12848663 -15.38621140 -32.78091812
v 21.12219429 -14.66770363 -33.17811584
v 12.26725197 -14.78155613 -33.05952454
v 12.17667389 -15.58858871 -32.62035370
v 12.13812637 -16.22966003 -33.40645218
v 13.67753601 -17.10508347 -33.88233185
v 13.69423676 -17.04590607 -32.87471008
v 20.87922859 2.83496571 -33.97392654
v 22.75791168 3.57984400 -33.14408112
v 21.28723335 3.01567888 -33.22861862
v 17.78127289 4.29285097 -34.16537094
v 17.20303535 6.31768274 -32.66541290
v 17.04250717 4.95897961 -33.78758240
v 25.70634079 5.65670681 -33.83168793
v 23.29157448 3.64886308 -34.18507004
v 16.78720856 -18.38094521 -34.19128799
v 16.96214867 -17.93495750 -32.68797302
v 12.38268471 -16.37639999 -34.07669830
v 12.80052471 -16.65637207 -32.65982437
v 20.33346176 -16.82459831 -33.69598770
v 21.05194283 -16.07374763 -33.66101837
v 25.14278221 4.28398991 -33.85489655
v 17.27171707 5.16092205 -33.00264740
v 1.11294019 -26.88740158 -2.46432996
v 7.25217438 -25.56492233 -4.56516695
v 7.27402878 -26.85828018 -5.73271656
v 13.22801399 -25.30640984 -9.62196445
v 15.58642960 -20.66205406 -5.75559759
v 8.80581570 -29.65733719 -7.78263664
v 9.27740288 -20.67475128 -0.37832412
v 17.12434578 -17.93501091 -9.91040230
v 19.44381714 -10.39855862 -15.49965668
v 19.53606796 -10.98442650 -15.31032753
v 12.33565807 -25.60357475 -17.93801117
v 20.90604591 -2.69364285 -14.26753807
v 7.58998203 -27.55662537 -23.71047401
v 3.44060159 -31.27760315 -5.69079828
v 2.08667064 -30.93656731 -5.59642982
v 2.70709777 -31.69167709 -5.59050512
v 14.37685680 48.73186874 26.57883263
v 13.02120781 47.28316879 24.26586533
v 14.31942844 48.55871964 28.28334236
v 13.86472702 49.09765244 24.73598480
v 13.83586788 49.90789795 29.24798965
v 8.99588966 -30.82097816 -22.89305496
v 9.31446362 -31.88315201 -23.54971313
v 11.36226368 -33.45207214 -6.74402380
v 18.13421440 -17.94163322 -22.02680588
v 18.72402191 -17.62655449 -22.67489052
v 19.49475479 -16.87096596 -23.15773010
v 10.00487709 27.58473969 -7.03415728
v 0.73931617 46.07353973 11.24344826
v -0.70794654 43.37159348 13.72726250
v 0.84210408 47.30075073 16.43605042
v -2.01813245 41.84089661 9.69027996
v 1.62012613 49.01784515 21.57792282
v 1.34722948 44.41223526 5.62742090
v 0.17053813 47.27904129 23.23446846
v 3.45559931 49.28790283 33.24917603
v 0.93473500 50.30896378 31.91580200
v 4.30612993 51.14782715 32.57423401
v 3.36999297 51.63946533 30.42549515
v 1.69248247 50.20732880 24.45000839
v 5.76497173 49.85160065 34.36954498
v 5.60711622 47.98983765 34.02958298
v -1.15862381 48.90981293 25.56639671
v 3.44203663 46.10989761 32.33205032
v 0.61647749 46.87990952 32.35160065
v 0.68747807 45.74936295 29.69099808
v 0.17936380 45.46877670 25.80879593
v 5.18048573 44.67601395 30.84099007
v 1.11559629 39.06900787 12.96257210
v -0.15631139 41.83686829 14.51963425
v -1.58330941 39.12342453 10.26470661
v 2.99019098 43.81364822 22.79700089
v 1.60696089 45.02370453 22.33816147
v -0.05592611 46.26590347 24.75694466
v -1.12236655 45.85941696 29.69939995
v -1.14806521 47.81361771 32.12776566
v -0.78367001 49.95977020 29.40646744
v -2.10379553 49.24666977 28.77930641
v 3.41412616 51.77404785 28.17475510
v 4.00182438 51.14585495 23.30597115
v -9.94316387 -35.07533264 -17.43170357
v -6.45897102 -43.73856354 -17.15898514
v -7.39586020 -42.07059479 -18.38231468
v -8.47669983 -39.11831665 -16.73515892
v -8.06268501 -40.86025238 -17.33416939
v -6.99560928 -42.44889069 -13.92029095
v -7.29985905 -40.84968948 -14.05597210
v -7.18297911 -42.09078217 -15.10725307
v -8.09565449 -39.38916016 -14.59172821
v -7.74627399 -41.87099075 -16.02577400
v 1.12432981 -46.06495285 -26.13243675
v 2.26243401 -44.89323044 -26.62889481
v 1.18396699 -47.67616653 -25.56922150
v -0.35910940 -46.43649292 -25.31046486
v -2.71641970 -45.63505173 -23.15962219
v -1.60450435 -43.43439865 -25.31938362
v -3.39340639 -48.23928452 -20.54503441
v -0.55652773 -51.23799896 -21.57912827
v -2.04760289 -49.30562973 -22.35771561
v 2.56016016 -52.39365387 -20.97027206
v 3.96895385 -51.94561768 -22.74061203
v -4.51794291 -43.90710831 -22.92573166
v 1.68283570 -47.92301559 -25.18216705
v 0.09956574 -46.86356354 -24.74078560
v 1.18802190 -46.48440170 -24.28514481
v -0.39192876 -45.39912796 -23.15279388
v 1.47497892 -50.60958481 -23.15154266
v -0.31530520 -50.14022827 -22.94386292
v -1.77678645 -46.44729614 -22.82254219
v 1.04728496 -52.09882355 -19.09082985
v 0.25882944 -51.61269760 -22.39172173
v -0.55689305 -51.50009155 -17.95479393
v -1.35760391 -51.02578735 -17.02044487
v 2.96002746 -52.31976700 -17.51232910
v 3.76328254 -52.33423996 -16.70127296
v -2.86036801 -49.87011337 -18.70463943
v -3.16769433 -48.90210342 -16.18986511
v -3.20853710 -49.47101974 -18.14397049
v -0.49893948 -50.37252426 -15.62430954
v 0.85525864 -51.53600311 -16.64645386
v -2.82337284 -39.31865311 -25.55206680
v -0.51954806 -33.96550369 -26.63468170
v -0.32790932 -37.29901505 -7.99514723
v -1.63830078 -37.40003586 -7.28190136
v -2.60371900 -35.51302719 -8.26333046
v -2.46780562 -36.63697433 -7.56937551
v -2.11151791 -38.94969940 -9.13967705
v -5.99696016 -40.96852493 -22.53476906
v -5.81097078 -38.30307007 -23.90767860
v -9.14145947 -37.62289810 -22.11808014
v -10.73144245 -37.22857285 -23.25725937
v -9.99683285 -34.74786377 -21.82774162
v -10.57188606 -34.95874786 -23.64187622
v -6.99831486 -33.94221497 -23.47528458
v -8.17681122 -36.60065460 -7.48188210
v -5.91431856 -35.98005676 -8.89890099
v -8.41560364 -35.92863083 -9.10817623
v -9.17146206 -37.06752014 -24.10817146
v -7.28735209 -37.24626541 -23.59776688
v -8.81247139 -37.87477875 -23.15620232
v -5.58900928 -44.57051086 -20.54145432
v -10.66607666 -35.85505295 -24.38935471
v -5.71710920 -45.38999176 -18.22479820
v -5.34286118 -46.06542206 -15.54809570
v -4.93729687 -47.03660202 -14.74711609
v 2.16798282 -51.65343094 -16.06373405
v 3.80287719 -50.72750854 -14.64259052
v 0.38687661 -50.52310562 -15.76037788
v -2.64126492 20.50345993 -18.53738213
v -5.70339584 26.41928291 -12.96021748
v -9.30548763 12.87231255 -20.65852356
v -3.06021690 8.01266670 -23.70573616
v -9.75664520 3.66955900 -23.91608429
v -9.23327255 -1.10082817 -24.90669823
v -13.44656563 -5.68443775 -23.63695908
v -4.05890894 0.41465372 -25.67319489
v -10.50937843 -10.97243881 -24.64268684
v -6.02630234 -13.29111576 -25.92296600
v -4.42153311 -7.73244381 -26.53296661
v -7.11837578 -16.98429298 -24.87745857
v -8.52877903 -22.53303528 -23.06897354
v -2.76751328 -17.89706802 -25.65072060
v -3.84315634 -23.08236504 -24.98951721
v -13.50984478 -24.45275688 -17.85842133
v -10.66638565 -29.19051552 -20.06916237
v -8.15041351 -26.82375336 -22.86259460
v -19.25931549 -17.33155632 -9.71183586
v -19.65539742 -16.96920395 -10.83500099
v -13.46500874 -27.66058540 -16.97065353
v -13.30268764 -27.43121910 -15.67422867
v -14.16033936 -26.18796921 -15.26671696
v -14.69445896 -24.98511314 -15.57727146
v -14.99093723 -27.02016068 -16.51889992
v -12.74738312 -26.15140915 -18.45075417
v -13.05227089 -27.43168068 -18.16182137
v -14.68115807 -26.82000923 -17.76263618
v -0.97887820 30.37561607 -12.06351852
v -8.24006844 24.53674507 -12.10130787
v -7.57416439 29.89322662 -5.62331963
v -5.52190399 7.34856033 7.50211382
v -5.56670237 9.42902660 6.54914808
v -4.15975189 11.97163200 6.38370037
v -4.27321672 10.08619499 8.41448402
v -1.63385916 11.36044979 6.88461637
v -1.86241341 8.13341904 8.47123337
v -2.34361100 6.38411474 8.43408108
v -1.82923687 19.09223938 4.84611368
v -1.93957508 18.39825821 5.65723991
v -0.94844002 18.32942963 5.23487806
v -3.62539601 17.37489128 4.79117489
v -3.06903768 17.01878548 5.71510124
v -3.00094700 18.89807892 4.48293638
v -1.07320416 16.04940414 5.70887423
v -6.06009102 20.42260933 1.94901466
v -6.53650951 19.98263359 2.32954383
v -6.56203699 18.77321815 3.03846788
v -8.59633350 17.83434105 1.91755784
v -8.59116459 12.66906357 4.19784737
v -10.11608410 7.64668512 5.33625746
v -8.25626469 8.64853668 5.58281660
v -11.42605591 6.51793194 4.20045900
v -13.04118538 10.37411022 2.20051098
v -18.92801476 -1.48401690 -1.91698349
v -16.83717728 -1.13666248 0.27556744
v -20.22908592 -0.45936298 -1.07749927
v -19.29964447 3.28393459 -2.22736812
v -19.63954544 1.55155480 -4.19544935
v -20.61469841 1.31987214 -1.34994161
v -19.64352226 0.19774254 0.22162434
v -13.79525375 -1.58622217 3.20127320
v -14.66882229 0.16921337 2.10327220
v -10.03861904 -1.30383027 5.83890772
v -10.03141785 -2.90452456 5.21331978
v -13.16197681 1.90252793 3.79939151
v -12.48561096 -2.83635449 4.01376534
v -12.17514706 -1.65537620 5.27453852
v -2.15759134 -0.09113829 8.83948040
v -1.19320893 -1.86042547 8.38837814
v -4.69702387 1.87474930 7.78770494
v -4.84667635 -0.26041916 9.03716278
v -2.89046383 -3.69541550 8.28198910
v -5.90373039 -3.38487935 7.09468794
v -6.88463926 -0.23255810 6.82667923
v -18.56023216 -10.95287991 -4.69597435
v -17.22978401 -6.05097151 -1.47553968
v -19.07282257 -4.98513269 -4.10954571
v -19.84996223 -7.82999849 -2.45011497
v -16.81969643 -10.89037037 -2.05318165
v -12.64411449 -12.23023701 1.55830193
v -11.87480736 -11.68441772 3.01542878
v -13.96980572 -11.43001842 0.31353119
v -13.78311539 -8.33660507 1.74051929
v -10.54343510 -8.83703709 4.01687908
v -9.46710110 -10.54328442 3.81571984
v -5.76199961 -7.60486555 6.25346613
v -5.41917562 -10.51220417 7.06542778
v -2.23476052 -8.76798534 6.84933662
v -3.66047478 -13.59183693 5.46119595
v -6.34265423 -12.60356522 5.01320124
v -7.12053156 -10.03496933 5.05352974
v -2.72063184 -11.67522144 6.44158792
v -4.26882935 -12.02161407 6.99824238
v -17.43109703 -18.45417976 -7.18405390
v -16.27721214 -19.80290031 -8.88640690
v -18.18380928 -18.07298279 -6.15708637
v -14.28514862 -20.43576050 -5.90548038
v -17.68547630 -19.47413635 -4.89342976
v -15.32829762 -20.85572433 -8.24850941
v -17.69619179 -19.97994614 -6.02601290
v -17.84126091 -16.65477943 -6.16595984
v -12.99409294 -18.14124107 -1.83691549
v -12.87002373 -19.64486504 -0.91157722
v -9.73167133 -19.44913673 -0.46282548
v -10.30754948 -16.85183334 0.46818703
v -11.31197834 -20.61022186 -0.51910704
v -9.91917133 -21.10371017 -1.95022583
v -11.97082233 -21.09594154 -1.67436051
v -2.94927979 -21.92983055 -0.47771540
v -4.45072079 -21.39059448 1.61566961
v -5.59631777 -17.53151703 2.28465033
v -6.40603542 -19.47285652 1.05089557
v -4.85409164 -19.90632820 2.64853883
v -5.97977638 -21.76987267 -0.75734597
v -4.51798868 -22.72008324 -1.79556012
v -5.31714106 -22.21414757 0.50033337
v -6.01914072 -20.66240883 1.78447497
v -12.85499001 -27.53380775 -11.79498196
v -15.44508648 -27.00420380 -10.52464294
v -14.36876583 -24.31395721 -9.16870975
v -15.82911777 -25.76928711 -9.38807678
v -11.06608391 -26.81008339 -4.97616053
v -10.92347622 -25.80226517 -5.10903597
v -13.42912674 -25.52332115 -9.22655869
v -15.21911812 -26.01301575 -9.06598186
v -0.72245800 23.94040680 4.87276030
v -0.30609196 23.13418770 4.65452957
v -7.39089203 25.46238708 -0.69579667
v -8.19624329 25.71451378 -2.16474080
v -8.25665283 26.07811546 -1.50420582
v -18.78339386 -16.92746162 -11.29239559
v -19.48170662 -15.07105541 -9.88253212
v -19.70532036 -15.84215260 -11.17548084
v -20.02460480 -15.84883976 -9.56405067
v -18.25592613 -16.53733063 -9.09541893
v -21.34851456 -9.80861855 -11.26239109
v -23.19827843 -8.88993549 -9.99571323
v -21.44808388 -5.60900259 -11.50627613
v -20.76712608 -6.11290503 -8.10359097
v -20.55836487 -9.99548244 -8.40963173
v -21.95681953 -10.44307041 -9.42057514
v -21.41799164 -5.49121284 -9.96893597
v -23.06789017 -7.72180605 -8.97556210
v -13.17483997 19.96057129 -4.91224575
v -15.54909897 19.34533119 -5.56809282
v -17.63593483 18.12682915 -5.75511026
v -20.99438286 7.24470901 -10.19966698
v -20.02994919 8.92438221 -7.44944906
v -19.46759415 5.78619385 -5.54869890
v -18.22211838 12.03549004 -4.48788643
v -11.14297867 21.60342789 -3.99508119
v -9.43076515 22.25912094 -2.38481188
v -14.80070496 21.26933289 -7.28768063
v -18.27995682 16.41093826 -5.30237961
v -17.25356483 14.53717804 -4.09330320
v -15.57594967 -22.63433075 -17.39852524
v -17.25410271 -21.69480324 -17.21123505
v -16.75785065 -21.37876511 -14.38879681
v -14.78125381 -23.32830620 -14.26017189
v -16.96544266 -19.73973656 -11.94701958
v -19.47856712 -19.70261955 -16.45106697
v -20.19742775 -17.19610786 -15.73560238
v -19.88756180 -14.33944035 -13.11162853
v -14.06782246 -20.97396088 -20.55067825
v -13.92696571 -15.21841049 -22.69845963
v -10.95448208 -19.08191681 -22.87521744
v -14.57154465 -12.37465382 -22.77930641
v -16.23326683 -9.65162563 -22.06984329
v -20.30655098 -5.30273867 -18.88323975
v -18.40697289 -7.53270674 -20.84749413
v -20.03684235 -9.07978535 -19.37036514
v -20.66083527 -11.76213264 -17.74735832
v -21.65765953 -6.34326124 -16.22701836
v -22.14208221 -7.36850262 -16.19084740
v -21.23856544 -10.48646927 -14.06040192
v -22.47911263 -9.05067062 -16.02857208
v -21.56974792 -9.87855625 -16.31826782
v -21.43376160 -10.87678719 -15.28473377
v -22.30688477 -9.87709427 -15.67848110
v -13.46783829 16.27657318 -17.40841103
v -12.87699604 21.16966438 -11.74940300
v -12.15421104 22.43426132 -9.33184910
v -8.54587650 26.27716255 -8.69744301
v -9.86234093 23.67598534 -5.48413610
v -14.55103970 12.58429813 -20.10449028
v -15.95172691 8.96435833 -21.36510658
v -12.92103958 18.11651039 -2.06539559
v -12.11181831 20.28678703 -1.62641585
v -12.85357380 19.53429604 -2.92205238
v -9.44041061 21.27131462 -1.30849648
v -11.38207054 18.86627007 -0.91419715
v -16.56343079 13.83030605 -1.11665940
v -23.02075195 1.02516735 -10.21042633
v -21.92252731 2.55819201 -11.48098469
v -21.01566315 1.20633149 -6.72412491
v -21.05560303 -0.28405410 -7.47682667
v -22.35264587 -0.24561149 -9.18150711
v -23.95254517 1.11744273 -8.16634560
v -22.09049225 4.02531767 -8.30211830
v -23.59044647 3.46117234 -8.75389862
v -20.79303551 3.91093111 -7.09113646
v -21.99476814 -0.69993222 -14.28845119
v -22.41366196 1.78119671 -14.28113174
v -23.40302658 1.69316053 -15.11279488
v -21.30594063 4.00970364 -17.72955894
v -21.11519623 1.82934225 -18.06569481
v -22.95419502 1.45299947 -17.24654579
v -21.93662453 4.60392523 -14.32252312
v -21.69464684 4.80364275 -16.19785118
v -23.23451042 3.43871903 -15.80239296
v -18.36351013 -0.91438067 -20.78067780
v -19.98679352 5.64948559 -19.71137619
v -15.66855526 4.26516294 -21.99358940
v -17.96026230 6.97283363 -21.19378662
v -16.55911446 8.07071781 -0.00949382
v -18.22738457 10.37445259 0.16514529
v -18.04430962 8.42909813 -2.84014606
v -15.43288898 12.66575146 0.72509104
v -20.76469612 9.95067215 -9.17776012
v -15.21990776 13.82033348 -0.04742134
v -16.52216530 19.38899040 -21.92454529
v -15.77087021 17.38828659 -22.14007950
v -22.31993866 22.91993904 -26.68977165
v -20.12767410 23.46036148 -27.53658104
v -20.18360138 22.53096390 -23.61937714
v -22.50830650 21.99784851 -23.88363838
v -24.66701698 16.72678185 -28.89709663
v -24.93952560 19.69153595 -27.97810745
v -24.04865074 15.64277649 -26.58228302
v -18.08445358 14.57849503 -30.86532974
v -20.45594978 14.10836220 -28.51151848
v -19.58838654 13.77736187 -26.84406281
v -16.81859398 21.21735764 -28.16365814
v -23.93845367 21.32877541 -25.93510437
v -22.79590797 14.76718330 -28.66537666
v -22.04742050 13.79892540 -26.64676857
v -16.52231026 16.60199928 -28.26389885
v -16.08011818 15.67175484 -24.14747810
v -18.32372856 22.82619858 -27.01195526
v -19.20095062 22.55271912 -32.30519867
v -17.71833611 21.48400116 -32.88389969
v -16.91937447 20.11907196 -33.17596436
v -16.69470215 16.71585846 -33.28786850
v -17.44976425 14.47264290 -34.24724960
v -22.42929649 12.77917004 -34.37160110
v -25.45578575 16.95783806 -32.71997070
v -21.85810661 13.57440662 -32.19416809
v -25.07721138 19.45603752 -33.02744293
v -24.12166214 21.25753021 -32.64403152
v -22.75319672 22.28304863 -32.93245316
v -16.73154640 18.89254761 -33.95505142
v -16.22054482 18.28086472 -30.41518021
v -20.05947304 13.33684349 -32.73009872
v -20.55879784 12.93491554 -34.21342468
v -23.58646011 13.74597740 -33.21231842
v -21.20186996 22.54755974 -33.27370834
v -23.39829063 19.74733353 -22.19445038
v -24.59769821 14.90529060 -19.55362701
v -22.14120865 10.27557468 -22.75033188
v -20.36419868 8.89309788 -22.26782990
v -24.06539726 10.87428570 -21.53739929
v -23.99725151 9.84969330 -17.95675659
v -21.49300766 7.13516140 -18.95811081
v -15.04164982 13.30383301 -20.18988037
v -18.12136841 19.23214340 -18.85319901
v -18.96124458 18.97248840 -17.74801064
v -21.37899590 19.03494453 -19.14735603
v -21.23413277 18.44988060 -16.96512222
v -24.34279060 13.21531963 -22.87013626
v -24.67312050 11.33423996 -17.87265205
v -17.62233925 9.48895931 -21.84273529
v -17.84297180 13.90920544 -25.80209923
v -18.17929268 21.73690605 -23.19906235
v -21.25026512 21.59329987 -22.21288490
v -13.28590202 21.79928398 -7.72067404
v -18.85806084 19.35700607 -8.38507366
v -17.03760529 20.85236359 -8.61619568
v -20.64831543 13.10444450 -7.00671101
v -20.62031555 15.49184990 -7.28951740
v -19.19195175 13.61045265 -5.31012440
v -19.77005959 17.86734772 -7.75495005
v -24.17456627 13.62396336 -15.24907207
v -20.07381439 19.03845596 -11.78478813
v -22.64962959 15.78402328 -12.69510651
v -15.11460781 19.40090179 -14.02635288
v -24.30353165 12.01649189 -15.38239479
v -22.62519455 13.33808899 -10.75632381
v -18.15924835 20.01466370 -12.31642532
v -14.84333515 16.09046173 -18.34265327
v -21.26150131 20.61760902 -34.02491379
v -23.33441734 16.51507187 -34.30499649
v -25.35011864 15.98541641 -34.32125854
v -21.74071121 7.02900982 -15.05102444
v -21.10299873 6.10658407 -17.51614380
v -21.31631851 -14.99654293 -18.37806511
v -23.51429176 -9.42282009 -26.23212624
v -21.34924507 -7.83869743 -26.28775787
v -20.85495186 -8.61657143 -22.25510597
v -19.53521156 -8.03278351 -22.93114281
v -22.33399200 -9.74953651 -22.33391190
v -22.48639488 -15.81811428 -26.54758644
v -23.85559654 -13.50693417 -25.08673668
v -17.77113152 -15.75928783 -26.69742393
v -19.47217369 -16.55252838 -26.25378799
v -16.52506828 -14.56709480 -25.85406494
v -15.93685341 -11.42449188 -26.02030182
v -15.74120045 -10.71208954 -23.71023750
v -17.13396835 -9.03161335 -23.70902634
v -24.27681923 -11.14508915 -26.49641228
v -23.34812737 -11.90458775 -22.54638672
v -21.22513580 -16.30461502 -27.47741699
v -20.89282799 -16.45470619 -25.68514824
v -16.26590347 -12.93579769 -27.45954514
v -15.83359432 -12.91377163 -25.51489449
v -19.36292267 -7.69513321 -26.77673340
v -18.27862358 -8.13390541 -27.40400887
v -18.55072403 -7.99732924 -23.56353760
v -20.09461021 -8.22450924 -32.96183777
v -21.12661743 -8.19932365 -32.18909836
v -17.97239876 -8.99831200 -32.41921616
v -16.34168243 -12.41242504 -33.55613708
v -16.26868057 -14.18169403 -32.07612991
v -16.28842163 -15.14379978 -34.20064926
v -17.15438080 -15.79310417 -31.91008568
v -15.77467346 -15.40296459 -32.98354721
v -20.01110268 -17.13512039 -31.59928131
v -19.04602242 -17.94851685 -33.08841324
v -18.56112480 -16.86493683 -32.49881363
v -22.87709999 -16.94135666 -34.30242538
v -24.61427116 -15.07591915 -33.95657730
v -22.17734528 -17.06829453 -32.57755661
v -23.56006050 -15.46333408 -31.00265694
v -24.59727478 -12.84695148 -32.73676300
v -23.54938698 -9.40591621 -30.07199478
v -17.02963448 -9.74127007 -30.04670715
v -16.34556580 -11.44810772 -32.19092941
v -18.87964821 -17.19432259 -34.30700302
v -24.52454948 -14.67920971 -32.31789780
v -23.81103134 -16.12062454 -32.09903717
v -22.67691994 -8.81408978 -32.60033035
v -19.83092880 -19.70318604 -20.38525391
v -21.06325912 -18.51675224 -18.29222107
v -18.71987152 -20.80014420 -18.15124321
v -16.29872513 -21.27925491 -19.80832481
v -15.64808464 -17.57146263 -22.83699799
v -20.80354691 -19.84207344 -18.49982071
v -20.78309441 -18.86592102 -19.43993378
v -20.49024773 -20.02622223 -17.45148849
v -14.78732300 -14.31349182 -23.58342934
v -18.27449226 -19.21535110 -22.41918755
v -20.31755829 -20.23422241 -18.92051125
v -20.76162720 -17.69316483 -23.35642242
v -22.11409187 -17.71904564 -22.89621544
v -23.00496674 -15.38706779 -22.77745819
v -22.69350433 -16.29219818 -23.13660049
v -21.90388489 -11.13023472 -20.67832184
v -20.26091957 -9.60041332 -20.35210228
v -18.46014786 -8.69713020 -21.64893532
v -22.31794739 -16.89733124 -21.38431168
v -20.97770119 -10.68851471 -34.29611206
v -22.04078674 -8.86858177 -34.32623291
v -3.80787492 -31.97512817 -25.36106873
v -9.18925476 -30.67185593 -22.23898888
v -9.30092907 -30.49783516 -22.95174599
v -7.44682312 -31.17125320 -23.79161263
v -8.27913857 -31.85303116 -22.87316322
v -9.01179314 -28.67901230 -22.77462006
v -8.05804634 -28.77837372 -23.41795349
v -8.71288872 -29.33519554 -23.61951637
v -12.54442978 -29.91056252 -18.08883286
v -13.43448544 -30.62276077 -18.72724533
v -11.38612556 -30.91800499 -19.96042252
v -10.36778736 -32.62644577 -20.27091980
v -12.51028252 -31.85808563 -19.97615623
v -12.00246143 -32.06427765 -17.52366447
v -13.05837250 -32.25922012 -18.54455757
v -12.40573978 -29.55257416 -16.95363235
v -11.73793507 -29.88923073 -11.91945744
v -12.51781273 -29.95733452 -12.77479935
v -13.55244637 -31.09829140 -12.71018410
v -12.08196449 -31.02525902 -14.81968498
v -13.54412556 -31.55854988 -13.72117233
v -11.41868973 -32.12404251 -12.18683720
v -7.95535803 -30.37266541 -8.57298183
v -9.24618816 -30.72344971 -8.99154472
v -9.40069580 -31.66560936 -7.93824339
v -9.87946033 -30.89582634 -10.28194523
v -10.00980091 -32.25680923 -8.49416065
v -6.76008558 -32.14350891 -8.53114891
v -5.18050623 -31.09064674 -7.55066442
v -4.63059807 -31.84976578 -5.98235655
v -3.89384270 -32.99214172 -6.35285378
v -3.53315330 -30.48059464 -6.50451803
v -3.51753950 -31.30318832 -5.71061850
v -12.72228241 -32.16677856 -19.38424492
v -7.84934664 -41.06330872 -11.43343735
v -7.96430731 -41.83352661 -12.88981724
v -7.43322325 -43.85049820 -12.90071201
v -8.01705933 -39.73593521 -9.52345943
v -9.08939743 -36.50088501 -14.22620106
v -9.84717846 -34.04822922 -19.46080589
v -8.68192387 -37.50683212 -12.88596725
v -7.98761272 -39.79949570 -19.45120621
v -7.90580416 -40.53172684 -14.59902000
v -8.61538696 -39.64509964 -15.76738644
v -8.35813904 -40.94046783 -16.22048569
v -8.23440933 -41.10762405 -15.66864967
v -15.64046001 16.82986450 -3.84047055
v -16.19207764 -15.86613941 -4.23175764
v -13.94974136 -14.62204647 -1.58271694
v -17.83759499 -14.03883934 -7.03955984
v -8.19164848 -15.34913826 2.12024236
v -7.18823242 -22.58710670 -3.29577303
v -11.49402142 -21.26495743 -4.06060743
v -3.11604929 -18.61446190 2.34366202
v -6.25066519 -8.77186871 5.77818918
v -13.06845093 -5.19279528 2.44206762
v -9.67527103 -12.35351086 2.91381931
v -19.12923622 -7.61074543 -5.52125072
v -7.38372183 4.02973461 6.46731281
v -5.72268438 1.04658723 7.42521858
v -9.90174007 1.83135653 5.58151674
v -14.63747597 5.26590204 1.86831141
v -17.05524635 3.88979769 -0.00869567
v -19.21645355 -1.67237258 -3.38711095
v -5.79748631 10.23635197 6.04926586
v -11.57206821 16.77510834 -0.18386962
v -11.84685802 12.19787025 2.39621949
v -15.39545441 8.96761036 0.85084581
v -17.54922867 11.91147900 -3.01463890
v -15.32646847 15.43832016 -2.70649219
v -7.67730761 23.58751106 -1.20923769
v -3.80855799 22.54347801 3.16531539
v -6.13270092 23.86291695 0.98008114
v -6.52293921 17.37496376 3.19386244
v -2.64874935 14.08674622 5.59082127
v -4.05060148 15.35972309 4.93842888
v -4.44364738 25.81394386 2.77769685
v -3.00220418 -25.06937790 -3.23176384
v -5.94839001 -25.10735130 -4.38846207
v -3.76838732 -28.59364510 -6.03673887
v -2.48789597 -28.09766006 -5.26421690
v -5.97818327 -27.99689865 -6.66813469
v -6.38499022 -26.28626251 -5.48903036
v -2.07746816 -26.68831635 -4.45144510
v -9.66554165 -24.90806007 -5.41345215
v -10.44270134 -23.30502319 -5.82984972
v -8.87042522 -27.60712051 -6.55262375
v -10.03241158 -27.77598953 -8.41129208
v -11.27859116 -27.77987671 -10.35025501
v -11.40689659 -25.50495148 -8.06747437
v -8.58906269 -26.66862869 -5.97294998
v -14.73988724 -24.71531296 -11.69333363
v -12.81504536 -27.57850075 -14.26845360
v -14.24467659 -26.68810654 -11.95676136
v -12.87216949 -23.30539131 -8.15046787
v -3.11978960 -33.42751312 -7.94750643
v -4.85188007 -34.48661423 -9.04360008
v -2.02958608 -30.25666046 -6.51623535
v -1.20664084 -31.71337509 -6.80045080
v -6.60965586 -33.36413956 -9.06619263
v -8.45913601 -33.61313248 -10.38760757
v -9.23770905 -35.06588364 -12.12027454
v -3.30222106 -36.27861786 -8.72600079
v -4.10405588 -37.52381516 -9.27269936
v -3.23939657 -40.20266342 -9.97991562
v -0.34487772 -39.25626373 -8.94341278
v -4.22428799 35.23623657 -4.66235447
v -3.95457196 37.87456512 4.38651276
v -0.70922029 28.06532860 5.48792553
v -1.19044423 38.34924316 -3.27090096
v -3.81978130 30.89248085 4.43209171
v -8.01328087 27.73312950 -1.15408170
v -6.65218782 28.37127495 -0.27080530
v -1.80493379 33.89004898 -8.22146130
v -2.22713327 23.20955086 4.17969179
v -1.63466871 25.18463516 4.39889145
v -6.31869841 31.28004456 -0.29413214
v -5.75568008 32.87416077 1.61180902
v -1.03638911 28.88050652 5.78780317
v -3.50799942 28.75843811 4.17543316
v -4.31422520 30.87338638 3.61300087
v -6.91668797 30.03444290 -2.01386857
v -4.69391346 37.13805008 0.44690046
v -2.95513248 31.25931931 5.12707376
v -5.91340780 30.88041878 1.45764577
v -5.51609182 25.97078896 1.81346488
v -5.71357441 27.73176956 1.18182099
v -8.21253490 26.53583336 -3.36749220
v 0.41482320 -43.48431778 -9.61929703
v -4.05692196 -42.55046082 -10.81057644
v -0.23985910 -46.40971375 -11.53781700
v 0.24991243 -48.39973450 -13.09171104
v -5.79087973 -43.09315109 -11.25520039
v -8.84067822 -37.44528198 -11.40079498
v 0.32581276 -41.58584976 -9.18031406
v -1.04914105 -42.69750977 -9.69091320
v -5.48007488 -46.08861542 -13.51502323
v -2.45751047 -37.49129868 -7.49768066
v -8.55145645 -33.10112762 -8.06054878
v -9.18420601 -33.40821838 -8.53215599
v -11.39904690 -33.44684601 -13.68952942
v -10.68203259 -33.05466461 -12.47141838
v -11.88851261 -32.89803696 -14.63902950
v -11.11004925 -32.80935669 -18.80597305
v -16.10630035 -26.07473564 -10.61324406
v -12.73240757 -32.76848984 -12.36051464
v -13.68731785 -31.92784119 -12.92662811
v -12.77737999 -33.21768951 -12.87427616
v -13.29545975 -32.78231430 -13.55636978
v -13.42437458 -31.12967682 -17.89688301
v -13.08307743 -31.04615593 -19.62406349
v -11.90683937 -18.71513176 0.32423455
v -4.88869047 -11.29519272 7.23132038
v -5.59908867 -13.11425304 5.62615681
v -4.22480440 -1.03384328 9.38735962
v -3.39786696 -2.29647279 9.15805912
v -4.98800945 -3.12796569 8.29154682
v -3.83304548 9.09524155 9.01659870
v -3.25551081 7.94961834 9.37905216
v -4.62296200 6.89318371 8.49650383
v -1.99598837 17.15952301 6.13733816
v -1.63930464 24.39000130 4.84338188
v -4.58795929 -27.52349854 -2.66593337
v -5.90910482 -27.61741638 -4.04308414
v -5.48847437 -28.11078644 -4.71773911
v -4.45086575 -28.45280647 -3.69723225
v -5.11781883 -26.33390808 -2.82334733
v -5.87495422 -26.62154198 -3.41965556
v -11.90711498 -9.39612770 3.75822711
v -13.21591568 -10.10693359 2.88917375
v -11.36970901 0.26645872 5.79656792
v -13.01474953 -0.14131612 4.93418932
v -13.60826683 0.67774868 3.98023295
v -10.61186218 10.23058224 5.21006775
v -10.04321384 8.98741150 5.57544422
v -11.45579624 10.28427029 4.66316938
v -11.83116436 8.18701458 4.50152540
v -11.26491261 11.37872696 4.02520561
v -7.57676458 19.05786324 2.50021863
v -7.57498693 20.06904984 1.33538091
v -4.82000685 24.46521759 2.65403843
v -4.04484844 29.63822174 4.25350475
v -18.30111122 -17.83484840 -4.74697924
v -20.11728668 -8.97107315 -1.92970109
v -19.14209557 -10.04031754 -1.81212211
v -19.51684570 2.60103822 -0.06298271
v -18.16818428 11.89575005 -0.08281291
v -17.55326271 10.81724644 0.87839419
v -10.79740334 21.28222466 -1.35238707
v -8.47699356 26.99146080 -1.42996025
v -8.22882748 26.75095749 -0.82936013
v -6.28675127 31.83880424 1.61747992
v -5.33692217 32.33431244 2.78233075
v -20.82642174 -10.91728306 -10.79484558
v -19.53374863 -9.22091103 -7.55139494
v -19.51896858 -12.06687641 -9.27529335
v -21.38041687 5.20397234 -11.06905270
v -21.76768684 4.19319487 -10.45449734
v -22.13506508 -10.20311260 -10.08744335
v -23.41432762 -8.85518551 -8.97267914
v -23.66699028 2.69266868 -7.55914927
v -24.29036522 2.42391253 -8.91508102
v -8.84658241 -36.19983673 -10.35330963
v -5.34763241 -39.31167603 -9.18341637
v -9.12371159 -38.05365372 -9.79564095
v -2.80715394 -47.47126770 -13.52611542
v -7.38309002 -38.16370392 -7.33703804
v -8.84436989 -39.06723404 -7.22945070
v -10.06227779 -37.64638519 -8.12382126
v -21.68069458 -5.74549341 -14.38703156
v -21.41828156 -3.10420227 -16.22790718
v -22.44491005 -0.87757134 -16.09060669
v -21.47842026 -1.00383961 -17.34860229
v -23.14394569 0.95223165 -16.91983604
v -15.28178501 -26.23132324 -16.71747208
v -1.95830107 42.52102280 6.08515596
v -0.61325359 42.36400223 2.77128029
v 1.10577095 36.02069473 10.42993069
v 1.03049266 41.61890793 0.22549823
v -3.98481607 35.89150620 4.95777798
v -2.88701463 39.80986404 0.64962763
v -2.79002833 33.49757385 6.17918348
v -1.08168495 34.64388657 8.23198509
v -20.24030304 -16.58246231 -10.21962833
v -8.47424889 27.35299873 -6.45804453
v -8.06667042 28.43268776 -5.06855774
v -17.17010689 -18.57826614 -10.51089764
v -19.00605965 -15.49158669 -8.97003269
v -19.71690369 -16.49678230 -9.18931389
v -9.44129753 -29.38069534 -22.88641930
v -11.41058636 -27.23114777 -6.74707556
v -11.01365376 -27.71876335 -6.08188629
v -5.12933874 -21.00165176 2.09437251
v -20.05730629 1.50860953 0.09181467
v -21.31906128 -18.11567497 -33.87687683
v -19.30620003 -18.43571091 -34.02309036
v -24.14171982 -16.68018723 -32.73948288
v -24.80333710 -15.76668835 -32.99477768
v -23.25659561 -17.32316017 -33.78565216
v -15.69609642 -16.19640350 -33.65912247
v -17.28420067 -17.18670464 -33.80686188
v -21.29821396 12.51385021 -33.95497131
v -18.86126709 13.12191486 -34.40035248
v -18.31884384 13.08415127 -34.14923859
v -17.11034012 14.97390461 -32.89884949
v -17.54080200 13.62510490 -33.93225098
v -25.66432381 16.56321526 -33.94010544
v -24.13228607 14.10692883 -34.22233582
v -25.22503471 14.54435158 -33.69200134
v -25.75408173 15.17972755 -33.89696884
v -20.22993851 -18.49896049 -33.57649231
v -16.09574127 -16.46777916 -34.01084900
v -16.62896156 -16.31449509 -32.38638306
v -24.63004303 -16.53675270 -33.69174576
v -18.27480698 13.38015270 -33.24419022
v -3.51597285 -27.23040962 -2.99757671
v -10.11314774 -26.51129532 -4.76677990
v -3.31617641 -27.85657692 -3.66173863
v -9.99086857 -27.44244957 -5.25126219
v -18.39117432 -18.99365044 -4.96019077
v -9.87764740 -39.00872803 -8.18185425
v -9.76200390 -32.88916397 -8.23912239
v -9.18818188 -32.76175308 -7.77644205
v -11.94370174 -19.85506248 -0.02461908
v -22.68936157 -8.43716812 -15.71321106
v -22.69689369 -8.56520081 -15.13038445
v -23.33806801 0.82264578 -15.81651306
v -8.41367435 -29.97026253 -23.79776001
v -8.84412003 -31.19613457 -23.21808052
v -2.65643787 -32.47474670 -5.83738041
v -4.08734608 -32.47382736 -5.81264305
v -3.30553889 -32.32616425 -5.58734560
v 0.33286440 -42.62210083 -9.09426022
v -2.61296630 47.86238098 29.50055313
v -2.67818689 47.56237030 27.73877335
v -1.77194822 46.93439102 25.96667862
v -1.97402871 47.72483063 31.08530998
v -8.26663876 -34.25079727 -23.01575661
v -7.77870655 -35.44081879 -23.63738060
v -9.74041271 -36.82897949 -7.82575941
v -11.24122810 -36.14739227 -23.35461807
v -9.54526329 -37.81401825 -6.90425539
v -21.06531906 -18.30721855 -20.04221916
v -21.63899040 -18.01533127 -21.52972412
v -20.75884438 -18.55810928 -22.03415298
v -22.34543228 -17.83961487 -22.11293411
v -8.40206623 28.64911842 -6.20322371
f 5 2 1
f 7 3 2
f 5 7 2
f 4 5 1
f 5 4 15
f 14 8 11
f 765 14 11
f 765 11 12
f 11 13 12
f 7 5 15
f 20 22 23
f 3 21 24
f 25 26 17
f 21 20 23
f 28 27 29
f 7 29 21
f 7 21 3
f 765 25 14
f 29 27 20
f 29 20 21
f 14 17 8
f 18 29 7
f 18 7 16
f 28 29 17
f 29 18 17
f 8 17 31
f 15 9 32
f 10 9 15
f 34 15 32
f 33 15 35
f 9 10 8
f 10 13 8
f 8 13 11
f 38 40 39
f 41 40 38
f 36 37 38
f 46 42 43
f 44 42 46
f 45 44 46
f 46 43 47
f 48 50 49
f 49 50 51
f 49 51 52
f 53 55 54
f 54 804 56
f 53 57 55
f 45 46 58
f 45 58 59
f 44 61 60
f 42 44 60
f 43 42 60
f 48 49 65
f 52 45 49
f 49 45 65
f 51 56 66
f 66 56 64
f 52 51 45
f 66 64 62
f 45 51 62
f 51 66 62
f 45 62 63
f 45 63 67
f 67 63 61
f 45 67 61
f 45 61 44
f 50 57 53
f 50 53 68
f 68 53 54
f 68 54 56
f 50 68 56
f 50 56 51
f 60 61 63
f 65 45 48
f 48 45 59
f 46 47 70
f 48 72 50
f 50 72 71
f 593 74 50
f 593 50 71
f 46 70 76
f 76 70 77
f 77 70 47
f 452 76 77
f 80 81 82
f 102 59 58
f 102 58 83
f 83 58 46
f 83 46 76
f 89 90 91
f 93 94 95
f 486 102 83
f 86 98 99
f 99 98 100
f 101 102 486
f 59 102 48
f 48 102 101
f 104 71 72
f 104 72 103
f 72 48 101
f 103 72 101
f 105 69 57
f 105 850 69
f 74 75 105
f 50 74 105
f 50 105 57
f 593 73 106
f 74 593 106
f 107 295 109
f 107 109 110
f 109 318 111
f 109 112 110
f 113 114 111
f 318 113 111
f 109 111 115
f 109 115 112
f 113 116 114
f 114 116 111
f 111 116 865
f 111 865 115
f 117 120 452
f 117 118 116
f 117 452 118
f 116 118 452
f 116 452 865
f 124 125 126
f 127 129 130
f 160 161 162
f 171 172 173
f 178 171 179
f 180 181 182
f 183 180 182
f 193 191 192
f 193 192 194
f 197 198 199
f 203 204 205
f 211 212 213
f 220 221 219
f 222 217 216
f 233 234 235
f 237 238 239
f 237 239 240
f 248 122 121
f 248 121 249
f 249 121 123
f 254 255 256
f 257 258 261
f 119 271 272
f 270 119 274
f 270 274 273
f 273 275 276
f 120 117 277
f 117 278 277
f 277 271 119
f 120 277 119
f 113 279 116
f 116 279 278
f 116 278 117
f 318 280 279
f 318 279 113
f 283 282 284
f 284 282 281
f 285 286 732
f 275 284 276
f 108 135 290
f 108 290 107
f 292 290 135
f 291 107 290
f 291 290 292
f 292 136 383
f 383 136 293
f 107 291 295
f 291 366 295
f 293 136 262
f 262 136 294
f 302 303 304
f 309 305 306
f 309 306 310
f 311 312 313
f 317 281 318
f 295 366 319
f 295 319 109
f 109 319 318
f 318 319 320
f 318 320 317
f 326 340 327
f 326 327 384
f 330 331 329
f 328 330 329
f 329 331 332
f 333 334 335
f 336 337 338
f 339 340 326
f 328 329 341
f 341 329 332
f 336 342 337
f 336 333 342
f 342 333 335
f 342 335 343
f 342 343 338
f 337 342 338
f 344 336 338
f 340 344 338
f 330 345 331
f 330 339 345
f 345 339 326
f 345 326 346
f 331 345 346
f 331 346 332
f 385 347 330
f 330 347 339
f 712 336 344
f 348 712 344
f 348 344 340
f 709 349 336
f 349 333 336
f 350 709 336
f 352 353 328
f 341 352 328
f 351 352 341
f 351 341 334
f 354 348 339
f 348 340 339
f 347 354 339
f 387 355 356
f 355 387 357
f 355 350 336
f 712 355 336
f 349 351 334
f 349 334 333
f 353 385 330
f 353 330 328
f 358 360 359
f 361 362 363
f 361 364 362
f 363 362 365
f 363 365 317
f 327 366 367
f 327 368 369
f 327 369 366
f 360 370 372
f 372 370 371
f 372 371 360
f 364 358 373
f 368 361 363
f 368 363 317
f 368 317 320
f 368 320 319
f 369 319 366
f 369 368 319
f 332 360 358
f 334 341 358
f 341 332 358
f 343 335 364
f 343 364 361
f 338 343 361
f 338 368 327
f 340 338 327
f 346 326 384
f 346 384 370
f 332 346 370
f 332 370 360
f 334 358 364
f 335 334 364
f 338 361 368
f 383 293 374
f 374 293 268
f 381 374 375
f 375 374 268
f 375 268 263
f 376 379 377
f 377 379 269
f 377 269 263
f 377 263 378
f 376 377 378
f 376 381 375
f 376 375 379
f 379 375 263
f 269 379 263
f 359 360 381
f 358 359 381
f 358 381 380
f 380 381 376
f 370 382 383
f 358 380 376
f 364 373 376
f 373 358 376
f 371 374 381
f 360 371 381
f 371 370 383
f 371 383 374
f 327 367 384
f 384 291 382
f 370 384 382
f 291 383 382
f 388 354 347
f 388 347 385
f 389 388 385
f 386 348 354
f 388 386 354
f 388 348 386
f 388 387 348
f 388 715 387
f 388 351 714
f 389 353 352
f 388 389 351
f 351 389 352
f 389 385 353
f 376 390 364
f 364 390 362
f 362 390 264
f 365 362 264
f 365 264 391
f 365 391 317
f 376 378 390
f 265 390 378
f 275 432 284
f 393 394 392
f 427 393 392
f 396 397 407
f 400 419 401
f 402 403 404
f 398 425 405
f 425 427 392
f 425 392 405
f 392 395 406
f 405 392 406
f 405 406 399
f 398 405 399
f 419 396 407
f 419 407 401
f 408 400 401
f 408 401 404
f 403 408 404
f 393 409 394
f 393 402 409
f 402 439 410
f 409 402 410
f 394 409 392
f 409 410 395
f 392 409 395
f 411 412 413
f 414 402 412
f 411 414 412
f 412 402 393
f 413 412 393
f 417 400 408
f 415 408 403
f 415 417 408
f 422 396 419
f 423 424 425
f 424 426 427
f 424 427 425
f 414 403 402
f 414 415 403
f 420 419 400
f 423 425 429
f 429 425 397
f 397 425 398
f 422 429 396
f 429 397 396
f 426 393 427
f 411 413 393
f 426 411 393
f 430 431 271
f 279 445 278
f 433 278 445
f 434 432 436
f 437 277 278
f 437 430 271
f 437 271 277
f 433 437 278
f 439 402 438
f 402 404 438
f 438 404 279
f 438 279 280
f 439 438 280
f 439 280 318
f 401 430 437
f 274 440 443
f 440 434 436
f 440 436 443
f 443 436 274
f 395 282 444
f 444 282 283
f 444 283 284
f 439 318 281
f 439 281 282
f 395 410 439
f 395 439 282
f 404 401 445
f 401 437 445
f 437 433 445
f 404 445 279
f 401 407 431
f 401 431 430
f 399 406 447
f 406 444 447
f 406 395 444
f 447 444 284
f 399 447 284
f 399 284 432
f 451 448 414
f 451 414 411
f 451 416 449
f 449 415 414
f 451 449 448
f 448 449 414
f 449 416 415
f 450 428 416
f 416 451 423
f 416 423 421
f 416 421 450
f 451 426 424
f 451 424 423
f 451 411 426
f 483 487 484
f 38 103 101
f 39 103 38
f 36 487 482
f 36 482 41
f 38 486 36
f 486 487 36
f 483 482 487
f 38 101 486
f 488 38 37
f 36 41 490
f 38 488 489
f 41 38 489
f 41 489 490
f 491 36 490
f 37 36 491
f 37 489 488
f 490 489 37
f 490 37 491
f 73 492 106
f 106 492 75
f 75 74 106
f 105 75 492
f 105 492 73
f 263 265 378
f 265 263 262
f 268 262 263
f 262 268 293
f 218 220 219
f 218 219 496
f 219 495 496
f 216 218 496
f 216 496 273
f 225 223 494
f 223 498 219
f 223 219 499
f 219 498 495
f 223 499 494
f 494 499 219
f 494 219 493
f 224 225 228
f 228 225 497
f 229 231 500
f 500 231 497
f 232 502 226
f 231 232 226
f 231 226 503
f 503 226 228
f 231 503 228
f 231 228 497
f 206 505 207
f 209 500 506
f 500 209 501
f 211 500 497
f 211 209 506
f 211 506 500
f 212 211 497
f 209 214 501
f 198 197 203
f 200 497 225
f 200 225 494
f 197 202 203
f 203 202 507
f 508 204 212
f 508 212 497
f 200 508 497
f 204 203 212
f 212 203 505
f 193 509 191
f 493 195 494
f 189 195 493
f 189 493 222
f 193 510 509
f 510 189 509
f 509 189 222
f 195 202 200
f 195 200 494
f 195 191 507
f 195 507 202
f 183 513 180
f 180 513 512
f 207 185 504
f 187 185 207
f 187 207 505
f 185 181 504
f 178 175 203
f 203 175 505
f 171 178 203
f 171 203 507
f 174 513 187
f 175 174 187
f 175 187 505
f 174 514 513
f 513 514 512
f 516 169 265
f 166 168 507
f 166 507 191
f 166 191 517
f 517 191 509
f 169 517 509
f 168 170 172
f 168 172 507
f 507 172 171
f 170 516 172
f 516 515 176
f 172 516 176
f 142 519 143
f 180 146 511
f 140 146 180
f 140 180 512
f 519 140 520
f 520 140 512
f 145 143 146
f 161 160 176
f 160 512 514
f 176 160 514
f 164 161 176
f 164 176 515
f 163 158 519
f 163 519 520
f 160 163 520
f 160 520 512
f 158 164 521
f 321 522 515
f 321 515 516
f 321 516 322
f 322 516 265
f 522 324 515
f 324 164 515
f 324 521 164
f 523 322 265
f 324 303 521
f 523 265 302
f 303 302 265
f 299 267 586
f 296 300 521
f 296 521 303
f 296 303 265
f 266 262 294
f 267 266 294
f 296 262 266
f 262 296 265
f 153 156 158
f 158 156 519
f 153 158 521
f 154 586 156
f 156 586 524
f 300 153 521
f 153 300 299
f 154 153 299
f 154 299 586
f 143 148 518
f 525 148 143
f 525 143 519
f 150 152 524
f 150 526 148
f 152 156 524
f 152 525 156
f 156 525 519
f 528 529 226
f 528 226 502
f 533 530 532
f 533 532 534
f 529 535 226
f 535 533 226
f 531 536 528
f 531 528 530
f 537 498 538
f 538 498 226
f 537 539 498
f 498 539 495
f 540 534 542
f 544 542 539
f 539 542 495
f 540 533 534
f 541 537 538
f 541 538 540
f 540 538 226
f 540 226 533
f 545 546 547
f 545 547 548
f 235 241 549
f 241 542 549
f 549 542 543
f 241 495 542
f 233 235 549
f 546 233 547
f 233 549 547
f 547 549 543
f 547 543 548
f 236 550 241
f 236 496 550
f 550 496 495
f 241 550 495
f 236 551 496
f 551 545 496
f 496 545 273
f 474 552 554
f 555 475 532
f 475 534 532
f 473 474 475
f 556 555 532
f 556 532 552
f 552 532 553
f 558 557 559
f 470 471 542
f 542 471 543
f 470 542 534
f 471 558 559
f 470 534 475
f 557 472 470
f 557 470 475
f 557 475 474
f 557 474 554
f 81 552 553
f 80 560 81
f 81 560 554
f 81 554 552
f 560 561 554
f 78 81 553
f 527 243 570
f 567 568 569
f 108 133 134
f 134 133 571
f 108 134 571
f 135 108 571
f 135 571 565
f 572 585 573
f 292 135 565
f 582 563 575
f 292 565 562
f 563 137 577
f 571 579 565
f 137 292 562
f 137 562 577
f 581 582 583
f 150 245 526
f 245 150 572
f 572 150 524
f 245 244 979
f 245 979 526
f 244 585 564
f 586 243 524
f 524 243 572
f 243 527 585
f 585 527 564
f 243 585 572
f 527 586 587
f 246 586 267
f 588 246 267
f 588 267 294
f 567 588 563
f 568 567 563
f 246 568 587
f 568 563 587
f 246 587 586
f 564 584 244
f 564 682 584
f 564 589 682
f 527 576 564
f 566 576 527
f 566 527 587
f 576 580 564
f 580 622 564
f 580 566 622
f 582 581 587
f 582 587 563
f 581 566 587
f 581 678 566
f 383 291 292
f 367 366 291
f 367 291 384
f 39 479 595
f 39 595 103
f 559 596 40
f 104 103 595
f 485 40 41
f 485 41 482
f 559 485 482
f 479 39 40
f 595 479 478
f 40 596 479
f 479 596 478
f 559 40 485
f 81 598 82
f 598 78 79
f 598 79 599
f 598 599 82
f 561 560 599
f 560 80 82
f 560 82 599
f 78 561 599
f 78 599 79
f 81 78 598
f 555 476 475
f 557 600 472
f 558 601 557
f 557 601 602
f 603 604 559
f 603 559 482
f 605 603 482
f 605 482 483
f 465 466 548
f 465 548 543
f 466 467 548
f 468 605 483
f 468 483 467
f 469 465 471
f 465 543 471
f 604 469 559
f 469 471 559
f 606 462 484
f 484 462 483
f 461 606 484
f 464 458 120
f 460 461 484
f 460 484 458
f 458 484 607
f 464 548 467
f 462 463 464
f 462 464 467
f 462 467 483
f 545 609 546
f 468 610 605
f 611 465 469
f 461 460 606
f 460 477 606
f 468 467 610
f 610 611 603
f 458 459 460
f 500 230 229
f 207 613 206
f 207 215 613
f 206 613 208
f 215 214 210
f 215 210 613
f 214 209 210
f 613 210 213
f 208 613 213
f 213 212 614
f 208 213 614
f 207 214 215
f 212 505 614
f 209 211 213
f 209 213 210
f 505 206 614
f 614 206 208
f 183 182 184
f 181 615 182
f 615 185 186
f 182 615 188
f 615 186 187
f 615 187 188
f 184 182 188
f 188 187 616
f 184 188 616
f 187 513 616
f 185 187 186
f 513 183 616
f 616 183 184
f 181 185 615
f 143 617 142
f 142 617 144
f 145 147 617
f 145 146 147
f 617 147 141
f 147 146 618
f 147 618 140
f 147 140 141
f 144 617 141
f 141 140 619
f 144 141 619
f 146 140 618
f 143 145 617
f 519 142 619
f 619 142 144
f 140 519 619
f 152 151 620
f 620 151 150
f 149 620 150
f 525 152 620
f 150 148 149
f 152 150 151
f 148 525 620
f 148 620 149
f 621 244 245
f 244 621 574
f 621 573 574
f 585 244 574
f 585 574 573
f 572 573 621
f 245 572 621
f 564 622 589
f 623 624 625
f 623 625 626
f 623 626 627
f 226 498 227
f 228 226 224
f 203 205 199
f 199 205 628
f 204 629 205
f 629 201 628
f 205 629 628
f 628 201 200
f 628 200 202
f 199 628 202
f 199 202 197
f 204 508 629
f 508 200 629
f 629 200 201
f 198 203 199
f 630 631 177
f 174 179 630
f 174 175 179
f 630 179 631
f 631 179 171
f 631 171 173
f 631 173 177
f 177 173 172
f 175 178 179
f 176 514 630
f 176 630 177
f 514 174 630
f 172 176 177
f 158 163 632
f 158 632 159
f 163 633 632
f 633 160 162
f 633 162 632
f 632 162 165
f 165 162 164
f 632 165 159
f 159 165 164
f 164 158 159
f 163 160 633
f 161 164 162
f 153 634 157
f 634 155 157
f 157 155 154
f 157 154 156
f 153 157 156
f 153 154 634
f 634 154 155
f 570 586 635
f 570 635 527
f 586 570 243
f 586 527 635
f 576 566 580
f 235 234 242
f 235 242 241
f 551 636 545
f 546 609 233
f 233 609 234
f 218 216 220
f 220 216 221
f 493 638 222
f 192 639 194
f 192 196 639
f 639 196 190
f 194 639 190
f 195 189 190
f 195 190 196
f 193 194 190
f 191 195 196
f 191 196 192
f 189 510 190
f 510 193 190
f 170 640 516
f 517 641 166
f 166 641 167
f 516 642 169
f 643 323 321
f 643 321 322
f 644 323 643
f 325 644 643
f 302 304 643
f 324 325 643
f 324 643 303
f 303 643 304
f 322 523 643
f 324 522 325
f 522 644 325
f 522 321 644
f 321 323 644
f 523 302 643
f 298 297 296
f 300 298 299
f 300 297 298
f 299 298 301
f 301 298 266
f 296 266 298
f 300 296 297
f 267 301 266
f 267 299 301
f 588 645 246
f 246 645 247
f 645 588 646
f 645 646 569
f 246 247 568
f 247 645 569
f 247 569 568
f 588 567 569
f 588 569 646
f 583 582 575
f 583 575 563
f 647 583 578
f 583 563 578
f 563 581 578
f 578 581 647
f 647 581 583
f 254 649 255
f 255 649 276
f 259 257 650
f 259 650 509
f 259 509 222
f 257 260 651
f 257 651 650
f 650 651 509
f 260 255 651
f 651 255 648
f 307 312 652
f 307 652 169
f 169 652 265
f 307 169 308
f 509 308 169
f 309 308 509
f 305 309 509
f 305 509 648
f 648 509 651
f 312 311 652
f 652 311 264
f 652 264 390
f 652 390 265
f 653 305 648
f 311 653 264
f 256 255 654
f 654 255 261
f 654 261 655
f 655 261 258
f 654 655 258
f 654 258 259
f 260 257 255
f 255 257 261
f 259 649 654
f 257 259 258
f 649 254 654
f 254 256 654
f 312 656 657
f 312 657 313
f 307 310 656
f 307 308 310
f 656 310 657
f 657 310 306
f 657 306 313
f 313 306 305
f 653 311 313
f 309 310 308
f 312 307 656
f 305 653 313
f 89 91 92
f 92 557 554
f 91 658 559
f 91 559 557
f 92 91 557
f 92 554 561
f 659 92 561
f 660 480 478
f 660 478 596
f 480 481 659
f 480 659 478
f 478 659 561
f 658 660 596
f 658 596 559
f 597 561 661
f 661 561 78
f 590 591 594
f 591 661 78
f 591 78 662
f 97 592 590
f 97 590 594
f 592 597 590
f 597 592 561
f 592 478 561
f 592 97 594
f 592 594 478
f 593 670 663
f 670 594 591
f 670 591 662
f 670 662 663
f 664 104 595
f 664 595 478
f 664 478 594
f 593 665 73
f 105 73 665
f 664 594 593
f 105 665 850
f 593 663 665
f 467 466 610
f 466 465 611
f 466 611 610
f 460 459 477
f 459 458 477
f 659 89 92
f 480 667 481
f 481 667 659
f 658 668 660
f 597 591 590
f 591 669 661
f 664 593 71
f 664 71 104
f 670 593 594
f 287 671 255
f 255 671 648
f 287 255 276
f 285 289 284
f 285 284 281
f 285 281 671
f 289 287 284
f 284 287 276
f 672 314 671
f 314 648 671
f 673 672 671
f 673 671 281
f 316 315 391
f 314 674 653
f 314 653 648
f 674 316 391
f 674 391 653
f 653 391 264
f 391 281 317
f 315 673 391
f 391 673 281
f 673 675 672
f 285 732 289
f 287 288 671
f 565 579 677
f 565 677 676
f 565 676 563
f 577 562 563
f 562 565 563
f 680 678 681
f 1 6 677
f 676 677 6
f 1 676 6
f 1 563 676
f 24 678 563
f 24 679 678
f 23 682 679
f 2 563 1
f 3 563 2
f 24 563 3
f 24 21 679
f 23 679 21
f 23 22 682
f 682 589 622
f 678 680 566
f 680 622 566
f 680 679 622
f 679 682 622
f 563 678 581
f 680 681 679
f 681 678 679
f 130 683 119
f 130 119 270
f 124 126 548
f 124 548 464
f 132 124 464
f 132 464 120
f 127 270 545
f 127 130 270
f 270 273 545
f 127 545 126
f 126 545 548
f 132 120 119
f 683 132 119
f 250 251 684
f 250 684 121
f 250 121 122
f 683 131 132
f 126 125 127
f 125 128 127
f 138 294 136
f 137 138 136
f 137 136 292
f 138 588 294
f 139 137 563
f 685 139 563
f 138 685 563
f 138 563 588
f 252 248 276
f 276 248 273
f 686 250 222
f 222 250 259
f 250 649 259
f 250 252 276
f 250 276 649
f 253 686 222
f 253 222 216
f 123 253 216
f 123 216 249
f 248 249 216
f 248 216 273
f 253 123 686
f 686 123 250
f 123 251 250
f 455 456 452
f 456 88 452
f 453 457 120
f 457 452 120
f 457 455 452
f 453 120 458
f 453 458 456
f 456 458 607
f 453 687 457
f 456 454 453
f 237 688 238
f 605 610 603
f 500 689 230
f 502 690 689
f 690 502 232
f 689 690 691
f 691 690 232
f 691 232 231
f 230 689 691
f 230 691 229
f 229 691 231
f 502 689 500
f 170 168 640
f 640 692 642
f 168 693 640
f 168 166 693
f 693 166 167
f 693 167 692
f 640 693 692
f 692 167 641
f 641 517 169
f 642 692 694
f 642 694 169
f 692 641 694
f 694 641 169
f 516 640 642
f 17 14 25
f 19 17 26
f 28 17 27
f 17 19 27
f 27 19 26
f 33 10 15
f 10 33 13
f 15 4 35
f 420 428 698
f 697 420 698
f 450 422 695
f 422 696 695
f 422 419 696
f 699 429 700
f 701 429 699
f 421 423 702
f 423 429 702
f 422 700 429
f 417 703 704
f 703 416 705
f 704 703 705
f 420 400 707
f 707 400 418
f 416 428 706
f 417 415 703
f 415 416 703
f 428 420 706
f 420 707 706
f 712 348 713
f 348 387 711
f 351 349 714
f 716 695 696
f 698 716 696
f 698 696 717
f 698 717 697
f 450 695 716
f 419 420 697
f 696 419 717
f 419 697 717
f 450 716 698
f 428 450 698
f 705 719 704
f 718 706 707
f 718 707 705
f 705 707 719
f 707 418 719
f 400 417 704
f 400 704 418
f 418 704 719
f 416 706 718
f 416 718 705
f 720 699 700
f 721 701 699
f 720 721 699
f 450 721 720
f 702 429 701
f 702 701 721
f 421 702 721
f 422 450 720
f 422 720 700
f 450 421 721
f 709 715 722
f 715 388 722
f 388 714 722
f 714 349 722
f 349 709 722
f 708 709 710
f 355 357 708
f 357 387 708
f 715 709 708
f 387 715 708
f 709 350 710
f 350 355 708
f 350 708 710
f 713 711 723
f 355 712 711
f 712 723 711
f 723 712 713
f 348 711 713
f 387 356 711
f 356 355 711
f 537 240 239
f 537 239 539
f 542 688 540
f 539 239 544
f 239 238 544
f 535 529 626
f 625 535 626
f 528 536 724
f 531 530 624
f 541 725 537
f 623 536 531
f 623 531 624
f 623 627 528
f 623 528 724
f 623 724 536
f 530 533 624
f 529 528 626
f 626 528 627
f 533 535 625
f 533 625 624
f 544 238 688
f 544 688 542
f 540 688 726
f 540 726 541
f 236 241 727
f 241 242 727
f 242 234 727
f 727 234 609
f 609 545 608
f 236 727 608
f 236 608 551
f 727 609 608
f 551 608 636
f 725 240 537
f 237 541 726
f 237 726 688
f 237 240 725
f 237 725 541
f 636 608 545
f 493 219 637
f 219 221 637
f 637 221 728
f 221 216 728
f 728 216 217
f 638 637 728
f 638 728 222
f 222 728 217
f 493 637 638
f 477 458 464
f 477 464 666
f 666 464 463
f 666 463 462
f 611 469 604
f 611 604 603
f 606 477 666
f 606 666 462
f 660 668 480
f 558 471 601
f 601 729 602
f 471 729 601
f 729 471 470
f 729 470 472
f 602 729 472
f 602 472 600
f 557 602 600
f 224 730 612
f 224 226 227
f 224 227 730
f 730 227 498
f 730 498 223
f 612 730 223
f 225 612 223
f 224 612 225
f 123 731 251
f 123 121 731
f 731 121 684
f 251 731 684
f 252 250 248
f 248 250 122
f 732 286 733
f 286 288 287
f 733 286 287
f 733 287 289
f 732 733 289
f 127 128 129
f 128 125 124
f 128 124 129
f 129 124 132
f 129 132 734
f 734 132 131
f 129 131 130
f 129 734 131
f 130 131 683
f 671 288 286
f 671 286 285
f 314 675 735
f 675 673 735
f 673 315 735
f 735 315 316
f 314 735 674
f 674 735 316
f 672 675 314
f 455 457 736
f 736 457 687
f 687 453 454
f 455 736 454
f 736 687 454
f 455 454 456
f 474 473 737
f 473 476 737
f 473 475 476
f 737 476 738
f 738 476 555
f 474 737 739
f 474 739 552
f 737 738 739
f 739 738 552
f 556 552 738
f 556 738 555
f 661 669 597
f 669 591 597
f 740 17 741
f 31 17 30
f 31 30 742
f 742 30 17
f 742 17 740
f 32 740 743
f 32 743 34
f 740 741 743
f 34 743 741
f 34 741 15
f 9 744 742
f 9 742 32
f 744 31 742
f 32 742 740
f 18 16 741
f 16 7 741
f 7 15 741
f 17 18 741
f 8 31 744
f 9 8 744
f 87 745 88
f 88 456 607
f 86 88 484
f 86 87 88
f 88 607 484
f 96 93 83
f 93 95 83
f 95 84 83
f 84 486 83
f 746 76 452
f 746 96 83
f 746 83 76
f 745 746 452
f 745 452 88
f 84 487 486
f 84 85 487
f 85 484 487
f 85 86 484
f 86 99 87
f 99 100 87
f 87 100 745
f 91 90 658
f 745 100 746
f 95 94 84
f 90 89 747
f 747 89 659
f 659 667 747
f 747 667 480
f 480 668 747
f 747 668 658
f 747 658 90
f 98 94 93
f 98 93 100
f 86 85 98
f 85 84 94
f 85 94 98
f 746 100 93
f 746 93 96
f 432 275 273
f 274 432 273
f 274 119 272
f 435 274 431
f 274 272 271
f 274 271 431
f 442 441 407
f 442 397 398
f 442 398 399
f 442 407 397
f 446 399 432
f 446 442 399
f 748 446 435
f 435 446 432
f 749 748 435
f 749 435 431
f 441 749 407
f 407 749 431
f 432 274 436
f 274 435 440
f 435 432 434
f 435 434 440
f 748 749 446
f 750 442 749
f 749 442 446
f 441 442 750
f 441 750 749
f 138 137 751
f 751 137 139
f 138 751 139
f 685 138 139
f 753 754 1429
f 752 4 1
f 1429 1321 753
f 753 1321 755
f 1 757 752
f 756 752 754
f 756 754 753
f 756 753 758
f 4 752 756
f 765 12 764
f 765 764 759
f 758 766 756
f 756 766 763
f 767 765 759
f 767 759 768
f 768 769 767
f 767 769 771
f 772 1436 1431
f 772 1431 22
f 772 22 20
f 20 773 772
f 755 1433 753
f 753 1433 774
f 753 774 773
f 25 767 26
f 773 774 772
f 775 20 27
f 758 753 773
f 758 773 776
f 776 773 20
f 776 20 775
f 770 777 776
f 777 758 776
f 775 769 776
f 776 769 770
f 759 779 768
f 780 781 760
f 762 33 782
f 762 780 760
f 762 763 766
f 762 766 780
f 766 781 780
f 33 35 783
f 33 783 763
f 33 763 782
f 760 759 762
f 762 759 761
f 759 13 761
f 759 764 13
f 13 764 12
f 754 752 1429
f 793 788 791
f 790 791 789
f 792 790 789
f 787 792 1252
f 795 43 794
f 807 797 796
f 797 794 796
f 798 797 807
f 798 799 797
f 799 794 797
f 799 795 794
f 795 47 43
f 799 47 795
f 800 802 801
f 803 804 54
f 817 803 57
f 803 54 55
f 57 803 55
f 798 805 799
f 807 806 60
f 807 796 806
f 62 809 63
f 64 809 62
f 804 810 56
f 810 64 56
f 796 794 806
f 60 806 794
f 43 60 794
f 815 800 801
f 802 800 798
f 811 810 804
f 811 64 810
f 802 798 811
f 811 812 64
f 812 809 64
f 798 809 811
f 811 809 812
f 798 807 808
f 798 808 809
f 813 803 817
f 815 801 813
f 813 801 803
f 801 814 803
f 814 811 804
f 814 804 803
f 801 802 811
f 801 811 814
f 808 807 809
f 63 809 60
f 60 809 807
f 817 815 813
f 57 69 818
f 57 818 817
f 800 805 798
f 815 819 800
f 799 824 47
f 816 820 815
f 815 820 819
f 800 819 821
f 800 821 820
f 819 820 821
f 822 820 816
f 1345 820 822
f 824 77 47
f 824 825 77
f 1214 825 824
f 825 452 77
f 831 832 799
f 831 799 805
f 832 824 799
f 837 1214 824
f 844 831 805
f 1255 831 844
f 846 844 800
f 805 800 844
f 848 847 820
f 847 846 820
f 820 846 800
f 849 818 850
f 850 818 69
f 849 817 818
f 817 849 815
f 816 815 823
f 816 823 822
f 815 849 823
f 107 852 108
f 107 854 852
f 855 107 110
f 854 107 856
f 856 859 857
f 857 859 112
f 107 855 856
f 855 110 112
f 855 112 859
f 856 855 859
f 858 862 860
f 862 115 861
f 860 862 861
f 857 112 862
f 857 862 858
f 112 115 862
f 860 861 863
f 860 863 1018
f 1018 863 866
f 1018 866 864
f 863 865 866
f 861 865 863
f 861 115 865
f 866 865 452
f 867 869 868
f 867 864 869
f 877 878 879
f 108 880 133
f 108 853 880
f 890 891 892
f 897 898 899
f 909 910 911
f 929 930 928
f 951 949 952
f 953 946 948
f 966 967 968
f 976 972 977
f 981 982 1341
f 983 870 871
f 983 987 870
f 994 995 991
f 1002 1000 1001
f 1003 1402 1004
f 1008 867 1009
f 867 1010 1009
f 867 1011 1010
f 1011 1012 1010
f 1012 1014 1013
f 1012 1015 1014
f 864 867 1016
f 860 1018 1017
f 1018 1016 1017
f 1018 864 1016
f 858 860 1019
f 860 1017 1019
f 1021 1063 1022
f 1022 858 1020
f 1063 858 1022
f 1021 1022 1023
f 1024 1021 1023
f 1026 1025 1028
f 1029 1030 1031
f 1014 1015 1024
f 853 108 852
f 853 852 881
f 881 852 854
f 1032 881 854
f 1032 1033 881
f 881 1033 1034
f 1036 1035 881
f 1036 881 1034
f 854 1038 1037
f 1039 1040 1041
f 996 1036 1034
f 1054 1055 1056
f 1057 1058 1059
f 1060 1061 1062
f 1065 858 1063
f 1064 1065 1063
f 854 856 1065
f 854 1065 1038
f 1065 1066 1038
f 1065 1064 1066
f 856 857 1065
f 857 858 1065
f 1075 1077 1076
f 1075 1078 1077
f 1083 1084 1088
f 1082 1124 1084
f 1082 1084 1083
f 1085 1074 1104
f 1074 1090 1104
f 1085 1073 1074
f 1086 1078 1075
f 1080 1109 1086
f 1087 1088 1081
f 1087 1081 1079
f 1083 1088 1087
f 1089 1124 1082
f 1089 1090 1124
f 1104 1090 1089
f 1091 1125 1073
f 1091 1073 1085
f 1076 1077 1125
f 1076 1125 1091
f 1093 1085 1094
f 1092 1091 1085
f 1092 1085 1093
f 1092 1076 1091
f 1458 1089 1082
f 1095 1104 1089
f 1095 1089 1458
f 1107 1087 1079
f 1099 1083 1087
f 1099 1087 1107
f 1100 1086 1075
f 1100 1075 1101
f 1080 1086 1100
f 1103 1094 1104
f 1094 1085 1104
f 1105 1083 1099
f 1082 1083 1105
f 1460 1098 1100
f 1079 1080 1100
f 1098 1079 1100
f 1102 1075 1076
f 1102 1076 1108
f 1108 1076 1092
f 1101 1075 1102
f 1111 1114 1113
f 1112 1064 1115
f 1112 1115 1111
f 1074 1116 1123
f 1116 1037 1123
f 1123 1037 1038
f 1119 1118 1117
f 1119 1120 1118
f 1109 1135 1120
f 1109 1120 1119
f 1121 1122 1110
f 1113 1114 1122
f 1113 1122 1121
f 1123 1066 1112
f 1066 1064 1112
f 1038 1066 1123
f 1086 1109 1078
f 1080 1110 1109
f 1088 1121 1081
f 1088 1111 1113
f 1088 1113 1121
f 1088 1112 1111
f 1090 1074 1124
f 1124 1074 1123
f 1125 1117 1073
f 1077 1117 1125
f 1078 1126 1077
f 1126 1119 1077
f 1077 1119 1117
f 1109 1119 1078
f 1078 1119 1126
f 1081 1121 1079
f 1079 1110 1080
f 1079 1121 1110
f 1084 1124 1088
f 1124 1123 1112
f 1124 1112 1088
f 1137 1034 1033
f 1137 1140 1034
f 1140 1005 1127
f 1129 1005 1140
f 1128 997 1005
f 1128 1005 1129
f 1135 1128 1129
f 1130 1132 1131
f 1131 1132 1006
f 1133 998 997
f 1133 997 1128
f 1131 1006 998
f 1131 998 1133
f 1110 1136 1109
f 1134 1136 1110
f 1136 1135 1109
f 1136 1133 1128
f 1136 1128 1135
f 1136 1131 1133
f 1117 1137 1032
f 1117 1032 1141
f 1122 1138 1134
f 1122 1134 1110
f 1122 1139 1138
f 1138 1139 1134
f 1139 1136 1134
f 1139 1131 1136
f 1114 1130 1122
f 1130 1131 1139
f 1122 1130 1139
f 1120 1140 1118
f 1120 1135 1140
f 1135 1129 1140
f 1118 1140 1117
f 1117 1140 1137
f 1073 1141 1074
f 1074 1141 1116
f 1073 1117 1141
f 1142 1092 1093
f 1142 1093 1094
f 1103 1104 1142
f 1142 1104 1095
f 1142 1094 1103
f 1142 1096 1143
f 1142 1095 1096
f 1143 1460 1100
f 1143 1144 1460
f 1142 1101 1102
f 1143 1100 1142
f 1142 1100 1101
f 1108 1092 1142
f 1142 1102 1108
f 1071 999 1000
f 1114 1111 1071
f 1111 1145 1071
f 1145 999 1071
f 1111 1115 1145
f 1115 1064 1146
f 1115 1146 1145
f 1114 1071 1130
f 1130 1071 1132
f 1002 1132 1071
f 1002 1007 1132
f 996 1034 1140
f 996 1140 1127
f 1014 1024 1147
f 1014 1147 1194
f 1149 1150 1151
f 1148 1152 1150
f 1148 1150 1149
f 1186 1148 1149
f 1187 1159 1158
f 1187 1160 1159
f 1161 1162 1152
f 1161 1152 1148
f 1154 1162 1161
f 1163 1164 1153
f 1156 1164 1163
f 1165 1157 1155
f 1165 1166 1157
f 1158 1166 1165
f 1167 1160 1168
f 1167 1169 1160
f 1168 1160 1187
f 1149 1151 1169
f 1149 1169 1167
f 1170 1167 1168
f 1170 1168 1172
f 1172 1168 1187
f 1171 1149 1167
f 1171 1167 1170
f 1176 1177 1174
f 1174 1155 1176
f 1174 1165 1155
f 1173 1158 1165
f 1173 1165 1174
f 1178 1179 1180
f 1183 1163 1153
f 1178 1156 1163
f 1178 1163 1183
f 1185 1148 1186
f 1185 1161 1148
f 1185 1154 1161
f 1187 1158 1188
f 1188 1158 1173
f 1180 1156 1178
f 1176 1155 1156
f 1176 1156 1180
f 1190 1191 1184
f 1182 1190 1185
f 1190 1153 1154
f 1190 1154 1185
f 1184 1153 1190
f 1192 1149 1171
f 1192 1186 1149
f 1196 867 1008
f 1196 1008 1202
f 1202 1008 1009
f 1017 1016 1197
f 1199 1198 1194
f 1198 1200 1194
f 1197 1016 1196
f 1196 1016 867
f 1197 1196 1202
f 1159 1019 1158
f 1019 1017 1201
f 1158 1019 1201
f 1020 858 1019
f 1020 1019 1159
f 1160 1020 1159
f 1157 1197 1155
f 1155 1202 1156
f 1155 1197 1202
f 1203 1013 1198
f 1013 1200 1198
f 1152 1208 1209
f 1152 1209 1150
f 1150 1210 1151
f 1209 1023 1022
f 1209 1022 1210
f 1150 1209 1210
f 1208 1024 1023
f 1208 1023 1209
f 1151 1210 1169
f 1169 1210 1160
f 1210 1020 1160
f 1210 1022 1020
f 1158 1201 1166
f 1166 1201 1197
f 1166 1197 1157
f 1201 1017 1197
f 1156 1204 1164
f 1202 1204 1156
f 1204 1202 1193
f 1162 1208 1152
f 1162 1147 1208
f 1208 1147 1024
f 1154 1194 1147
f 1154 1147 1162
f 1212 1170 1172
f 1212 1187 1188
f 1212 1188 1173
f 1212 1172 1187
f 1212 1173 1175
f 1212 1175 1189
f 1189 1181 1212
f 1212 1182 1185
f 1212 1185 1186
f 1213 1192 1171
f 1213 1171 1170
f 1213 1170 1212
f 1212 1186 1192
f 1212 1192 1213
f 452 825 866
f 825 1214 866
f 1214 869 864
f 866 1214 864
f 1219 1220 1221
f 1224 1225 1226
f 1230 1231 1232
f 1236 1237 1238
f 1225 1247 1226
f 1226 1247 1224
f 1248 1249 1250
f 785 846 847
f 789 1249 1254
f 785 847 791
f 789 791 847
f 785 791 788
f 785 788 786
f 786 788 1255
f 1252 1255 787
f 785 786 1255
f 787 1255 788
f 1252 784 1255
f 846 785 844
f 785 1255 844
f 790 1256 791
f 787 1257 792
f 787 788 1257
f 792 1257 1256
f 792 1256 790
f 1258 1257 788
f 1258 788 793
f 1259 1258 793
f 1259 793 791
f 1259 791 1256
f 1259 1256 1257
f 1258 1259 1257
f 823 851 822
f 849 851 823
f 822 851 849
f 1002 1071 1000
f 1006 1132 1007
f 1260 1006 1007
f 1260 997 998
f 1260 998 1006
f 1260 996 997
f 1005 997 996
f 1005 996 1127
f 1261 1263 953
f 947 1012 951
f 953 1263 946
f 1263 1012 947
f 946 1263 947
f 957 1262 954
f 1266 1265 959
f 954 949 1266
f 954 1262 949
f 1262 1261 949
f 959 1265 956
f 956 1265 957
f 967 502 961
f 966 1265 967
f 964 1265 966
f 964 963 1265
f 963 1264 957
f 963 957 1265
f 961 500 1267
f 500 501 1267
f 961 502 500
f 1267 501 941
f 942 1264 963
f 942 963 1267
f 942 1267 941
f 1268 938 943
f 944 207 940
f 940 207 504
f 941 214 944
f 941 501 214
f 944 214 207
f 936 1269 935
f 934 1262 932
f 932 1262 957
f 957 1264 942
f 957 942 1270
f 1270 942 943
f 1270 943 937
f 937 943 936
f 943 938 936
f 1261 1262 931
f 927 1263 1261
f 927 1261 931
f 927 1271 1263
f 931 1262 934
f 931 934 935
f 931 935 1269
f 931 1269 928
f 940 504 924
f 925 938 940
f 925 940 924
f 1273 922 926
f 922 1272 926
f 921 180 920
f 920 180 511
f 924 504 181
f 924 181 921
f 921 181 180
f 1274 904 917
f 904 1275 917
f 918 1269 936
f 918 936 916
f 916 936 938
f 918 913 1269
f 938 925 916
f 916 925 926
f 915 916 926
f 915 926 1274
f 926 1272 1274
f 1276 1001 909
f 928 1269 907
f 906 928 907
f 1277 929 928
f 906 1277 928
f 909 1001 910
f 910 929 1277
f 907 1269 913
f 907 913 914
f 907 914 917
f 917 1275 1276
f 907 917 1276
f 920 511 889
f 883 1272 922
f 883 922 920
f 883 920 889
f 884 1278 883
f 889 511 146
f 888 889 143
f 889 146 143
f 143 518 887
f 888 143 887
f 904 1274 1272
f 903 1278 901
f 1278 885 901
f 902 904 1278
f 902 1278 903
f 904 1272 883
f 904 883 1278
f 901 1279 1280
f 1067 1276 1275
f 1069 1001 1276
f 1067 1069 1276
f 1067 1275 904
f 1067 904 1281
f 1281 904 905
f 1281 905 1070
f 1070 905 1280
f 1070 1280 1279
f 1282 1002 1001
f 1282 1001 1069
f 1070 1279 1072
f 1072 1279 1044
f 1044 1279 1283
f 1044 1283 1007
f 1044 1007 1282
f 1283 1260 1007
f 1007 1002 1282
f 1043 1279 1042
f 1004 1042 1003
f 1042 1284 1036
f 1039 1279 1043
f 1041 996 1039
f 996 1260 1283
f 996 1283 1039
f 1039 1283 1279
f 1042 1036 1003
f 1003 1036 996
f 1041 1003 996
f 1287 901 885
f 900 1279 901
f 900 901 1287
f 897 1287 1286
f 899 1287 897
f 897 1286 1279
f 1286 1284 1042
f 1286 1042 1279
f 897 1279 900
f 896 1288 887
f 887 518 896
f 1289 885 887
f 1289 887 1288
f 1289 1288 896
f 892 526 890
f 890 526 895
f 896 518 148
f 896 526 892
f 896 148 526
f 895 526 1287
f 895 1287 893
f 526 1285 1287
f 1287 885 1289
f 893 1287 1289
f 1291 502 967
f 1291 967 1265
f 1291 1265 1292
f 1293 532 1294
f 1292 1265 1296
f 1297 528 502
f 1297 502 1291
f 1294 532 530
f 1294 530 1297
f 1297 530 528
f 1265 1266 1299
f 1298 1265 1299
f 1299 1266 949
f 1298 1299 949
f 1301 1295 1300
f 1303 1302 1301
f 1298 949 1303
f 1300 1295 1304
f 1295 1296 1265
f 1304 1295 1265
f 1304 1265 1298
f 1305 1306 1307
f 970 1302 976
f 1302 1303 949
f 976 1302 949
f 976 949 1308
f 976 1308 972
f 1307 1306 970
f 972 1308 951
f 1308 949 951
f 972 951 1305
f 951 1012 1305
f 1311 1293 1245
f 1311 532 1293
f 1293 1295 1242
f 1245 1293 1242
f 1242 1310 1309
f 1312 532 1311
f 1312 553 532
f 1314 1310 1313
f 1236 1295 1301
f 1236 1301 1302
f 1236 1302 1239
f 1237 1236 1239
f 1242 1295 1236
f 1241 1242 1236
f 1313 1310 1242
f 1313 1242 1241
f 828 826 1309
f 826 553 1309
f 828 1309 1310
f 1317 1318 830
f 1316 828 1317
f 828 1310 1317
f 1316 1317 830
f 826 78 553
f 830 1319 826
f 826 1319 78
f 880 1327 571
f 880 571 133
f 853 1327 880
f 853 1320 1327
f 881 1320 853
f 1320 1323 1327
f 1335 1321 1336
f 1323 579 1327
f 1327 579 571
f 881 1336 1320
f 1328 1290 526
f 1290 1285 526
f 1328 526 979
f 978 979 1329
f 979 244 1329
f 1329 244 584
f 1286 1287 1285
f 1286 1285 1394
f 1394 1285 1290
f 1290 1340 1339
f 980 1284 1286
f 981 1284 980
f 1341 1284 981
f 1341 1036 1284
f 980 1286 1326
f 1286 1339 1340
f 1286 1340 1326
f 1322 1436 1332
f 1329 584 682
f 1329 682 1322
f 1337 1334 1324
f 1290 1329 1333
f 1334 1340 1290
f 1334 1290 1333
f 1333 1329 1322
f 1333 1322 1337
f 1322 1332 1337
f 1337 1332 1436
f 1406 1433 1331
f 1331 1433 1321
f 1330 1335 1326
f 1330 1326 1338
f 1326 1340 1334
f 1331 1321 1335
f 1331 1335 1330
f 1326 1334 1406
f 1338 1326 1406
f 1137 1033 1032
f 1116 1141 1037
f 1032 854 1037
f 1032 1037 1141
f 1343 1346 1344
f 1315 1249 1347
f 789 847 848
f 1254 1252 792
f 1254 792 789
f 1315 1252 1254
f 789 1350 1249
f 1350 1248 1250
f 1249 1350 1250
f 1249 1248 1347
f 1315 1254 1249
f 789 848 1350
f 828 829 827
f 827 1351 830
f 827 830 826
f 829 1351 827
f 1351 829 830
f 830 829 1316
f 1316 829 828
f 828 827 826
f 1311 1245 1246
f 1309 553 1244
f 1242 1309 1244
f 1313 1241 1352
f 1239 1314 1240
f 1354 1252 1355
f 1356 784 1252
f 1356 1252 1354
f 1230 1302 970
f 1230 970 1231
f 1231 970 1233
f 970 1306 1233
f 1233 784 1356
f 1239 1302 1230
f 1235 1239 1230
f 1252 1315 1314
f 1252 1314 1355
f 1355 1314 1239
f 1235 1355 1239
f 1357 1253 784
f 1357 784 1227
f 1357 1225 1253
f 1222 1229 868
f 1222 868 1224
f 1224 868 1225
f 784 1233 1306
f 784 1306 1229
f 1227 784 1229
f 1355 1235 1359
f 1231 1233 1232
f 1360 1235 1230
f 1360 1230 1232
f 1354 1355 1361
f 1225 1357 1247
f 1356 1362 1233
f 1362 1354 1360
f 1227 1229 1363
f 1222 1224 1364
f 1267 963 965
f 938 939 1366
f 938 1366 945
f 944 945 941
f 1366 942 945
f 945 942 1367
f 945 1367 941
f 939 942 1366
f 940 938 944
f 944 938 945
f 943 942 939
f 943 939 1268
f 941 1367 942
f 1268 939 938
f 920 922 1368
f 922 923 1368
f 920 1368 1369
f 1368 925 1369
f 1369 925 1370
f 1369 1370 924
f 923 925 1368
f 926 925 923
f 926 923 1273
f 924 1370 925
f 1273 923 922
f 921 920 1369
f 921 1369 924
f 885 886 1371
f 885 1371 888
f 888 1371 1372
f 1372 1371 889
f 888 1372 889
f 1371 883 1373
f 1371 1373 889
f 886 883 1371
f 889 1373 883
f 887 885 888
f 1278 886 885
f 884 883 886
f 884 886 1278
f 894 891 893
f 1374 892 891
f 894 1374 891
f 896 1374 894
f 1374 896 892
f 1289 894 893
f 895 893 890
f 890 893 891
f 896 894 1289
f 1375 1328 979
f 1375 979 978
f 978 1329 1375
f 1328 1329 1290
f 1328 1375 1329
f 1376 1377 1378
f 1376 1378 1379
f 1376 1380 1381
f 1376 1381 1377
f 959 956 958
f 936 1382 933
f 1382 1383 933
f 1383 935 932
f 933 1383 932
f 935 1383 1382
f 937 936 933
f 937 933 1270
f 934 932 935
f 1270 933 957
f 957 933 932
f 935 1382 936
f 915 1384 919
f 1384 1385 919
f 1385 913 918
f 919 1385 918
f 917 1385 1384
f 917 1386 1385
f 1385 1386 913
f 916 915 919
f 916 919 918
f 917 1384 1274
f 1274 1384 915
f 914 913 1386
f 914 1386 917
f 901 1387 1388
f 1388 1387 902
f 1389 904 1390
f 1387 1389 1390
f 1387 1390 902
f 901 1391 1389
f 901 1389 1387
f 1389 1391 904
f 905 904 1391
f 905 1391 1280
f 903 901 1388
f 903 1388 902
f 902 1390 904
f 1280 1391 901
f 900 1287 1392
f 900 1392 898
f 1392 899 898
f 1287 899 1392
f 900 1393 897
f 897 1393 898
f 1393 900 898
f 1394 1290 1339
f 1286 1394 1339
f 1395 1324 1334
f 1333 1337 1324
f 1333 1324 1395
f 1333 1395 1334
f 976 977 970
f 1307 970 971
f 947 951 952
f 947 952 946
f 949 1261 950
f 1261 953 1396
f 928 930 1397
f 928 1397 1398
f 1397 927 1398
f 1398 927 931
f 1397 930 927
f 1271 930 929
f 928 1398 931
f 927 930 1271
f 1277 906 908
f 1276 909 1399
f 1400 1067 1068
f 1401 1070 1400
f 1401 1400 1068
f 1070 1072 1400
f 1072 1044 1400
f 1069 1067 1282
f 1067 1400 1282
f 1070 1401 1281
f 1281 1401 1067
f 1067 1401 1068
f 1282 1400 1044
f 1042 1402 1040
f 1040 1402 1003
f 1040 1003 1041
f 1043 1040 1039
f 1043 1042 1040
f 1004 1402 1042
f 982 1404 1403
f 982 980 1404
f 1403 1325 982
f 980 1326 1325
f 980 1325 1404
f 1404 1325 1403
f 1341 982 1325
f 1341 1325 1335
f 1335 1325 1326
f 980 982 981
f 1338 1405 1330
f 1338 1406 1405
f 1406 1331 1405
f 1405 1331 1330
f 988 990 1015
f 991 1408 1271
f 1271 929 991
f 992 1409 1408
f 1409 1263 1271
f 1409 1271 1408
f 992 1408 991
f 993 1409 992
f 1407 988 1409
f 988 1015 1409
f 1407 1409 993
f 991 929 994
f 1047 910 1001
f 1047 1001 1053
f 1048 929 1047
f 929 910 1047
f 1049 929 1048
f 1045 990 1049
f 990 994 929
f 1049 990 929
f 1051 999 1410
f 1051 1410 1411
f 1053 1001 1051
f 1001 1000 999
f 1051 1001 999
f 1045 1046 990
f 1411 1410 1046
f 1410 999 1046
f 1412 993 1413
f 1412 1413 989
f 989 1413 988
f 1413 995 988
f 1413 991 995
f 993 992 1413
f 1413 992 991
f 990 988 994
f 994 988 995
f 993 1412 1407
f 1407 1412 988
f 988 1412 989
f 1051 1052 1414
f 1047 1414 1050
f 1414 1415 1050
f 1415 1045 1049
f 1050 1415 1049
f 1052 1415 1414
f 1415 1052 1045
f 1411 1052 1051
f 1048 1047 1049
f 1047 1050 1049
f 1053 1051 1047
f 1051 1414 1047
f 1045 1052 1046
f 1046 1052 1411
f 839 1314 838
f 839 1310 1314
f 838 1314 840
f 1314 1315 1416
f 840 1314 1416
f 1417 1318 1317
f 839 1317 1310
f 1251 1318 1417
f 1418 1347 1248
f 1418 1248 1251
f 1416 1347 1418
f 1416 1315 1347
f 830 1318 1349
f 1348 830 1349
f 1348 78 1319
f 1348 1319 830
f 662 78 1348
f 1344 1349 1343
f 1343 1318 1251
f 1346 1343 1251
f 1349 1318 1343
f 1251 1248 1346
f 1248 1350 1344
f 1344 662 1342
f 663 662 1344
f 1419 1345 1344
f 849 850 822
f 1419 1344 1350
f 822 850 1344
f 822 1344 1345
f 850 665 1344
f 1344 665 663
f 1233 1234 1360
f 1234 1233 1362
f 1234 1362 1360
f 1233 1360 1232
f 1224 1247 1364
f 1364 1247 1223
f 1364 1223 1222
f 1317 839 1420
f 1420 839 838
f 1251 1417 1421
f 1416 1418 1422
f 1344 1346 1248
f 1344 1342 1349
f 662 1348 1342
f 1342 1348 1486
f 1419 1350 820
f 1419 820 1345
f 1350 848 820
f 1423 1424 1025
f 1027 990 1423
f 1027 1015 990
f 1025 1024 1029
f 1029 1024 1015
f 1025 1021 1024
f 1030 1015 1027
f 1029 1015 1030
f 1425 1424 1423
f 1425 1423 1054
f 1423 990 1054
f 1426 1021 1025
f 1426 1025 1424
f 1426 1424 1425
f 1061 1145 1146
f 1061 1146 1064
f 1061 1064 1057
f 1060 999 1145
f 1060 1145 1061
f 1054 990 1046
f 1055 1054 1046
f 1055 1046 1060
f 1060 1046 999
f 1057 1064 1063
f 1057 1063 1058
f 1058 1063 1021
f 1058 1021 1426
f 1426 1425 1427
f 1030 1027 1031
f 1029 1031 1028
f 1025 1029 1028
f 1061 1057 1062
f 1058 1426 1427
f 1058 1427 1059
f 1323 1432 579
f 579 1432 677
f 1323 1430 1432
f 1320 1434 1323
f 1434 1429 1430
f 1434 1430 1323
f 1336 1434 1320
f 1336 1429 1434
f 1336 1321 1429
f 1 677 1432
f 1 1432 1430
f 752 1430 1429
f 774 1433 1334
f 774 1334 1436
f 22 1431 682
f 752 757 1430
f 1 1430 757
f 755 1321 1433
f 774 1436 772
f 1436 1322 682
f 682 1431 1436
f 1435 1334 1337
f 1337 1436 1435
f 1436 1334 1435
f 1433 1406 1334
f 875 1011 867
f 1229 1306 873
f 872 1229 873
f 878 868 1229
f 878 1229 872
f 874 1305 1011
f 1011 1305 1012
f 874 1011 875
f 873 1305 874
f 873 1306 1305
f 877 867 868
f 877 868 878
f 985 871 1437
f 985 1437 984
f 871 870 1437
f 984 1437 870
f 984 870 986
f 867 877 879
f 873 874 876
f 1035 1036 1341
f 1438 1035 1341
f 881 1035 1438
f 1438 1341 1439
f 882 1336 881
f 1439 1335 1336
f 882 1439 1336
f 1439 1341 1335
f 881 1438 1500
f 985 1015 983
f 983 1015 1012
f 983 1012 1440
f 1441 1263 984
f 984 1263 1409
f 984 1409 1015
f 984 1015 985
f 987 1263 1441
f 1440 1012 1263
f 983 1440 1263
f 983 1263 987
f 987 1441 1442
f 870 987 1442
f 1441 984 986
f 1217 1214 837
f 1217 837 1218
f 1215 869 1219
f 1219 869 1220
f 1220 869 1214
f 1220 1214 1217
f 1215 868 869
f 1215 1218 868
f 1218 1225 868
f 1215 1219 1443
f 974 975 1444
f 974 1444 1445
f 1356 1354 1362
f 1267 965 1446
f 1267 1446 962
f 962 968 967
f 962 967 961
f 1446 969 964
f 1446 964 962
f 962 964 966
f 962 966 968
f 965 963 969
f 965 969 1446
f 963 964 969
f 961 1267 962
f 1276 1399 1447
f 1276 1447 907
f 907 1447 912
f 912 908 906
f 912 906 907
f 1447 911 912
f 911 910 1277
f 911 1277 908
f 912 911 908
f 1399 909 911
f 1399 911 1447
f 767 25 765
f 769 26 771
f 771 26 767
f 769 775 27
f 27 26 769
f 762 761 13
f 762 13 33
f 783 35 4
f 783 4 756
f 763 783 756
f 763 762 782
f 1179 1449 1189
f 1181 1448 1183
f 1183 1448 1178
f 1180 1179 1189
f 1190 1451 1191
f 1451 1450 1191
f 1183 1452 1181
f 1184 1191 1153
f 1191 1450 1183
f 1153 1191 1183
f 1177 1453 1175
f 1180 1454 1176
f 1174 1177 1175
f 1173 1174 1175
f 1189 1454 1180
f 1099 1107 1105
f 1106 1097 1143
f 1096 1457 1456
f 1456 1457 1106
f 1458 1459 1096
f 1143 1096 1456
f 1143 1456 1106
f 1095 1458 1096
f 1461 1462 1463
f 1143 1461 1144
f 1449 1179 1464
f 1189 1448 1181
f 1189 1464 1448
f 1178 1464 1179
f 1448 1464 1178
f 1189 1449 1464
f 1453 1177 1454
f 1453 1454 1465
f 1175 1454 1189
f 1175 1465 1454
f 1454 1466 1176
f 1466 1454 1177
f 1176 1466 1177
f 1175 1453 1465
f 1452 1450 1467
f 1467 1450 1451
f 1181 1452 1467
f 1182 1451 1190
f 1182 1467 1451
f 1450 1452 1183
f 1181 1467 1182
f 1212 1181 1182
f 1462 1460 1463
f 1107 1462 1461
f 1461 1463 1460
f 1144 1461 1460
f 1098 1460 1462
f 1098 1462 1079
f 1079 1462 1107
f 1455 1107 1106
f 1105 1455 1106
f 1097 1106 1107
f 1097 1107 1461
f 1143 1097 1461
f 1105 1107 1455
f 1459 1458 1468
f 1459 1468 1457
f 1105 1468 1082
f 1082 1468 1458
f 1096 1459 1457
f 1106 1457 1105
f 1105 1457 1468
f 1301 1445 1444
f 1298 1303 975
f 1377 1381 1296
f 1296 1381 1292
f 1291 1469 1297
f 1294 1379 1293
f 1304 1298 1470
f 1376 1379 1294
f 1376 1294 1471
f 1376 1471 1469
f 1376 1469 1291
f 1376 1291 1380
f 1293 1379 1378
f 1293 1378 1295
f 1292 1381 1291
f 1381 1380 1291
f 1297 1469 1471
f 1297 1471 1294
f 1295 1378 1296
f 1378 1377 1296
f 1300 1304 1472
f 1303 1444 975
f 1303 1301 1444
f 972 973 977
f 977 973 970
f 973 971 970
f 1358 1305 1307
f 1358 1307 971
f 973 1358 971
f 972 1305 1358
f 972 1358 973
f 974 1445 1301
f 974 1301 1300
f 974 1300 1472
f 974 1472 1304
f 974 1304 1470
f 974 1470 1298
f 974 1298 975
f 1261 1396 1473
f 1261 1473 950
f 950 952 949
f 1473 948 946
f 1473 946 952
f 950 1473 952
f 1396 953 1473
f 953 948 1473
f 1228 1227 1363
f 1228 1363 1229
f 1228 1229 1222
f 1247 1228 1222
f 1247 1222 1223
f 1360 1354 1361
f 1360 1361 1355
f 1360 1355 1359
f 1360 1359 1235
f 1357 1227 1228
f 1247 1357 1228
f 1418 1251 1474
f 1314 1353 1475
f 1314 1475 1240
f 1240 1238 1237
f 1240 1237 1239
f 1475 1476 1240
f 1476 1241 1236
f 1476 1236 1238
f 1240 1476 1238
f 1353 1352 1476
f 1353 1476 1475
f 1476 1352 1241
f 1314 1313 1352
f 1314 1352 1353
f 957 1365 1477
f 957 1477 956
f 956 1477 958
f 958 960 1266
f 958 1266 959
f 1477 955 958
f 955 954 1266
f 955 1266 960
f 958 955 960
f 1365 957 955
f 1365 955 1477
f 957 954 955
f 1441 986 1442
f 986 870 1442
f 985 983 871
f 1026 1028 1478
f 1026 1478 1025
f 1025 1478 1479
f 1025 1479 1423
f 1479 1027 1423
f 1478 1031 1027
f 1478 1027 1479
f 1028 1031 1478
f 875 1428 874
f 874 1428 876
f 876 872 873
f 1428 879 876
f 879 878 872
f 876 879 872
f 1428 875 879
f 875 867 879
f 1054 1056 1480
f 1425 1480 1427
f 1480 1062 1057
f 1480 1057 1427
f 1427 1057 1059
f 1056 1055 1480
f 1055 1060 1062
f 1055 1062 1480
f 1425 1054 1480
f 1217 1481 1220
f 1217 1218 1481
f 1221 1481 1219
f 1481 1221 1220
f 1216 1215 1443
f 1481 1216 1443
f 1481 1443 1219
f 1218 1482 1216
f 1218 1216 1481
f 1482 1215 1216
f 1218 1215 1482
f 553 1312 1483
f 1244 1484 1242
f 1242 1484 1243
f 1243 1484 1246
f 1243 1246 1245
f 1243 1245 1242
f 1485 1312 1246
f 1484 1485 1246
f 1244 553 1485
f 1244 1485 1484
f 553 1483 1485
f 1485 1483 1312
f 1312 1311 1246
f 1486 1349 1342
f 1486 1348 1349
f 1487 1488 1489
f 1487 1489 778
f 1490 1487 778
f 1490 778 769
f 779 1490 769
f 779 769 768
f 781 1488 1487
f 781 766 1489
f 781 1489 1488
f 781 1487 1490
f 781 1490 779
f 770 1489 777
f 777 1489 758
f 758 1489 766
f 769 778 1489
f 769 1489 770
f 760 781 759
f 759 781 779
f 1225 1218 837
f 835 1225 837
f 835 837 1491
f 835 1253 1225
f 842 832 831
f 842 831 841
f 841 831 843
f 843 831 833
f 833 831 1255
f 1492 837 824
f 1492 824 832
f 1492 832 842
f 1491 837 1492
f 833 1255 784
f 833 784 1253
f 833 1253 835
f 836 835 1491
f 840 1416 1493
f 833 835 1494
f 1491 1492 836
f 836 1492 845
f 843 833 834
f 833 1494 834
f 1494 843 834
f 1417 1317 1420
f 840 1495 838
f 1495 1420 838
f 1420 1495 1421
f 1420 1421 1417
f 1421 1495 1418
f 1421 1418 1474
f 1251 1421 1474
f 1495 840 1493
f 1495 1493 1416
f 1495 1416 1422
f 1495 1422 1418
f 845 841 1494
f 1494 841 843
f 835 836 845
f 835 845 1494
f 1492 842 841
f 1492 841 845
f 1013 1014 1194
f 1010 1012 1013
f 1199 1194 1496
f 1195 1009 1010
f 1195 1010 1013
f 1195 1202 1009
f 1207 1153 1204
f 1153 1164 1204
f 1206 1154 1207
f 1207 1154 1153
f 1211 1194 1154
f 1211 1154 1206
f 1497 1496 1194
f 1497 1194 1211
f 1497 1199 1496
f 1498 1193 1497
f 1497 1193 1199
f 1204 1193 1498
f 1194 1200 1013
f 1195 1013 1203
f 1195 1203 1202
f 1202 1203 1193
f 1193 1203 1198
f 1193 1198 1199
f 1498 1497 1499
f 1207 1211 1206
f 1499 1497 1211
f 1499 1211 1207
f 1204 1205 1207
f 1205 1204 1499
f 1205 1499 1207
f 1204 1498 1499
f 1500 882 881
f 1439 882 1500
f 1438 1439 1500
