v 5.88715506 44.98124313 9.16536331
v 7.08044672 45.44034958 12.51822090
v 7.10435486 41.81467056 5.96403027
v 7.60537243 44.43385315 14.45605850
v 7.44815588 44.59609985 12.76461220
v 7.33134365 42.43780518 11.78234768
v 6.10368776 47.22465515 14.08421803
v 4.58536243 47.35409546 12.53353214
v 2.92891979 45.58112717 7.76163101
v 4.17979240 49.19321823 17.25369453
v 7.44122791 40.37612915 7.84998322
v 8.91277695 48.81045914 20.98351669
v 6.77184582 48.76214218 18.21266747
v 4.00437832 43.76484299 4.69064474
v 9.22938919 47.35351562 21.45656586
v 8.33649349 46.13972855 19.57577324
v 8.21932220 47.21796799 18.69780540
v 9.10015869 48.18071747 21.26466751
v 6.15571690 50.41264343 21.22117043
v 11.29300785 48.92512512 31.37384033
v 10.82829952 50.52403259 31.06624603
v 12.42510319 50.69091415 29.63847160
v 9.14620781 49.97295380 32.80977249
v 8.65264416 51.35630035 31.81869507
v 9.53361225 51.68082809 30.16524124
v 8.73579597 50.32260895 23.11263847
v 8.14000130 48.70575714 33.96795273
v 7.77794313 49.60667419 34.24858475
v 8.09048653 50.52575684 33.49385071
v 6.64405680 50.05686188 34.26926804
v 6.96538162 48.57651901 34.42331314
v 6.63827085 51.31812286 32.87959290
v 8.56556892 47.57912445 33.07979965
v 10.05300903 48.44370651 22.19361115
v 10.19424629 47.57764053 22.36844444
v 10.78815842 49.56433487 23.15773010
v 11.15489006 48.61180115 22.78552055
v 11.28390980 47.69739532 22.91074944
v 9.81677151 46.43617249 31.23575020
v 11.60925102 47.45146561 30.80444145
v 10.39909840 47.86727905 31.89431572
v 10.51796055 46.01784515 28.74863625
v 10.59136677 45.73594284 26.30462456
v 11.30508041 45.96494675 25.73812485
v 10.77625656 45.94757080 23.98282433
v 7.81247568 44.62502289 29.48867798
v 3.75210524 40.47876358 16.36491966
v 4.54343081 39.96240997 15.00333881
v 3.19073772 38.97091675 13.68536282
v 5.49096251 40.34870529 14.65394592
v 7.20633268 43.03127670 16.33603477
v 6.69617844 40.36770248 11.43167782
v 3.96854258 38.09821701 12.17282963
v 5.02913761 38.45663071 11.75975609
v 2.82537484 37.98826218 12.40812016
v 2.49266171 36.61001587 11.32877731
v 3.74841905 37.00455093 11.34615517
v 4.84429693 37.03646469 10.63523006
v 6.25732660 40.83367538 14.02176189
v 7.13647795 40.20034790 9.51191616
v 6.62940407 38.38701248 9.39400768
v 7.13791943 46.58438873 33.09398270
v 6.93352222 45.22969437 31.96885872
v 5.89335966 38.49459839 10.82133484
v 5.04014397 43.14535141 22.27738190
v 6.03198957 43.39469147 22.28352928
v 6.63177347 43.52105331 20.82384300
v 7.39352989 44.08699799 23.64409447
v 8.41898727 45.17950821 22.15248108
v 7.92623663 44.82241058 20.11407471
v 9.10068512 46.44300461 21.71112823
v 7.28727293 43.89431381 20.06462669
v 12.53261089 48.33670044 30.66425705
v 9.23260117 45.42785645 23.12360573
v 10.03889561 46.65459824 22.63069725
v 11.12508392 46.76771545 23.21291924
v 13.28971958 47.02080536 28.83570480
v 13.18323898 47.51408005 29.84721947
v 12.77327251 46.44016266 27.34418488
v 13.71485329 46.74917603 27.11342430
v 5.22447729 43.67560577 25.77334213
v 13.80132294 48.13258362 29.63136292
v 13.96583557 49.03319550 29.45421028
v 11.79257679 50.74362946 26.59346008
v 11.90121746 50.98841095 28.33425331
v 13.78089046 50.43355942 27.97611809
v 13.77141094 50.20374680 26.36911201
v 6.53419256 52.61373138 30.46251297
v 6.19123697 52.28041458 27.61866379
v 10.39983559 50.53077316 24.87651062
v 12.90592575 49.94449997 24.70128059
v 12.50301456 49.42156982 23.56295776
v 5.41466951 51.25560379 23.04321861
v 11.16115379 -34.59652710 -16.35809898
v 11.12416267 -34.58606339 -15.74825668
v 11.54431915 -36.64161301 -17.41258049
v 11.63354015 -37.39308548 -16.80394173
v 11.53316879 -37.87261581 -15.86272907
v 11.35272789 -38.36603546 -15.37619400
v 11.68884754 -38.64736557 -13.77891541
v 10.83591557 -36.57155991 -13.85676765
v 11.03635025 -36.63197327 -13.35683632
v 10.89130497 -35.09306335 -14.61580753
v 5.93271017 -44.22217178 -26.17453194
v 6.70740509 -44.93043137 -25.80304718
v 6.19813585 -46.36027527 -25.84306526
v 3.91546178 -45.85147476 -26.58503914
v 7.55427790 -44.70153046 -25.15076637
v 7.25222206 -45.62038803 -24.99791527
v 6.95232201 -46.24805450 -25.44754219
v 10.07578468 -42.22703552 -22.44906998
v 8.54519749 -42.60665131 -23.64356613
v 6.76519871 -41.49670410 -25.47262764
v 3.78532124 -41.87480927 -26.69127846
v 2.12524509 -41.73926163 -26.82133865
v 11.00217819 -44.62673950 -20.65154266
v 10.40208340 -47.10592651 -21.70097923
v 10.28677464 -48.09413910 -19.88725090
v 9.83209610 -48.68616104 -21.95079041
v 9.28503227 -48.45985031 -22.72665215
v 9.99918938 -46.70175552 -22.50057220
v 7.26864433 -51.54729080 -20.81520462
v 7.00591135 -51.35540771 -22.22051430
v 5.54208326 -52.39147186 -20.72683334
v 4.62548971 -52.56109619 -21.46406937
v 5.57493067 -51.48811340 -22.94338608
v 7.17143154 -49.99735260 -22.99577332
v 7.32942677 -51.14326096 -18.24189568
v 8.00454426 -50.83457184 -18.78332901
v 5.53728437 -52.09157181 -17.58087540
v 4.73690796 -52.40511322 -18.74090958
v 6.73893881 -40.03226471 -25.70663452
v 8.45712662 -39.84926605 -24.41164398
v 10.45112705 -40.93607330 -22.30235481
v 3.97842956 -47.37812424 -24.85913277
v 4.52578449 -47.56086731 -25.69837761
v 6.49755621 -46.15106964 -24.80517387
v 5.50151587 -46.68442917 -24.74091530
v 6.33348608 -43.79738998 -22.94216728
v 3.92245245 -44.86054230 -23.52317810
v 2.53245544 -45.69299698 -22.84139824
v 9.62177372 -49.16181564 -18.40555000
v 10.25712395 -43.72607422 -22.16273689
v 10.78340530 -43.88134384 -21.39946747
v 9.01953411 -49.48099899 -22.53308868
v 8.88473511 -47.06537628 -22.95578194
v 7.62377787 -43.52818680 -23.64406967
v 8.77700996 -50.26959991 -19.66762161
v 8.65888500 -50.41381454 -21.38900185
v 10.27936268 -48.54649353 -17.75579453
v 9.90700626 -48.89611816 -17.09130096
v 5.39375019 -52.10069275 -16.57443047
v 11.10627079 -46.63700867 -18.69731903
v 4.34950638 -40.38425064 -26.73067665
v 1.90533221 -40.87524796 -27.07724571
v 10.71350098 -45.79684830 -15.63901138
v 11.30249310 -45.50295258 -17.52817726
v 8.51500797 -47.03808594 -13.99246407
v 7.60792494 -48.81699371 -14.80179596
v 9.18514061 -48.32541656 -15.73772430
v 8.40258312 -49.99927521 -16.56948280
v 8.33267498 -49.62421036 -16.58672714
v 9.46897030 -49.11779785 -16.61226845
v 6.47223663 -35.27486801 -25.24923134
v 1.97947907 -37.46283340 -26.97680092
v 5.40958786 -31.56201172 -25.10523033
v 1.28337801 -29.34306908 -26.15567589
v -0.02964821 -29.87002182 -26.38533211
v 2.45015097 -36.74217987 -7.84492779
v 3.09911704 -37.68070221 -8.25787640
v 3.40117145 -36.33839035 -7.23353243
v 4.31105042 -37.46028137 -8.44905663
v 4.26439285 -37.00834274 -7.61585188
v 3.41007137 -34.59542465 -7.80631447
v 2.34330320 -34.94436264 -7.75199747
v 4.26602554 -35.23092651 -7.37687588
v 5.10431814 -36.81686020 -8.81046963
v 4.97999144 -35.74044800 -7.83972454
v 9.40027046 -35.26839828 -22.99820518
v 11.49721432 -33.26232147 -21.89828682
v 12.10559464 -32.01829529 -22.10112381
v 11.10050488 -31.80214691 -20.97666359
v 11.09385586 -30.82097816 -21.34705544
v 11.44926643 -30.35173988 -22.55678749
v 9.84341812 -30.45508766 -22.18244553
v 7.31905365 -31.63232613 -23.95958710
v 7.88742542 -30.41353989 -22.96783447
v 9.51965714 -32.89071655 -7.29251289
v 10.13494968 -32.35383606 -7.74107981
v 8.46780396 -32.25441360 -9.40317059
v 7.48367262 -33.13069534 -8.66075420
v 11.15657520 -32.70103455 -23.90946770
v 12.22011948 -32.72567749 -23.36194992
v 10.41731834 -34.15305710 -22.48798561
v 9.51934147 -33.58947754 -23.43556976
v 10.53056622 -39.17684937 -21.78090668
v 9.77752876 -41.15786743 -11.35982132
v 12.56199551 -30.55588150 -23.71793938
v 12.25171566 -30.86168480 -24.19778633
v 11.67665672 -30.30384445 -23.71298981
v 12.71797752 -31.12683296 -23.87845039
v 10.99195671 -31.09465790 -24.04118729
v 11.65294170 -41.36974716 -17.93691063
v 11.31719208 -41.70619202 -20.51840782
v 11.64790154 -41.67560196 -15.26715279
v 11.43662739 -43.67587280 -14.86539364
v 7.20826578 -50.37385559 -15.80373383
v 4.15803051 -50.50058365 -14.40992737
v 8.53299141 -48.63724518 -15.82312107
v 0.16872624 15.63053322 -21.23170090
v 3.77007580 17.21664238 -19.68288994
v 0.59159511 22.52059555 -17.75891113
v 3.23603106 24.40329552 -15.99399567
v 7.23082018 22.55874634 -15.34674835
v 8.40866470 8.91318226 -21.04416656
v 3.33608890 8.34147644 -22.98103905
v 8.29934120 3.01773930 -22.33730888
v -0.49980676 7.20238304 -24.03627586
v 4.54149532 1.49236357 -24.18578148
v 9.03994083 -4.91478443 -23.28079987
v 4.30452061 -4.74526787 -25.26496506
v 1.57851732 -2.08453798 -25.69228363
v -1.27950740 -1.47886920 -26.03891182
v 3.66089630 -9.98175907 -25.90174484
v 7.42418528 -13.27350330 -24.39739418
v 3.20632529 -13.31146908 -25.92601967
v 0.87683409 -11.68420029 -26.39973450
v -1.74318862 -11.58065510 -26.68139076
v 5.77223873 -17.06350136 -24.43503189
v 1.60247803 -17.91740799 -25.36116409
v 5.33521080 -20.74307251 -23.50071907
v -1.56914353 -19.10282326 -25.53053474
v 4.06734133 -22.93993759 -24.01399994
v 3.55346751 -25.01732635 -24.55930710
v 5.34884357 -25.83786392 -23.75590897
v 0.53827572 -23.94831848 -25.34847260
v -0.97059721 -24.44357681 -25.60663033
v 0.40454277 -21.64688301 -25.11156273
v 9.87920094 -23.95995712 -19.03136253
v 6.97275448 -24.33061218 -22.29410172
v 7.88326550 -22.55175781 -21.69122314
v 8.75242424 -25.92617798 -20.32533836
v 7.66748619 -25.99508667 -21.74597740
v 16.05396843 -19.00236702 -10.67858982
v 17.03808594 -18.51852226 -10.40928841
v 16.62201118 -18.60607147 -11.36205864
v 16.17341614 -18.17116928 -9.83665085
v 11.05926418 -26.07403755 -17.21224213
v 11.81404972 -25.85050392 -16.44470024
v 10.71777630 -25.72064209 -15.54127216
v 11.65347290 -24.81805611 -15.49880123
v 12.40659237 -25.43390274 -16.39419937
v 12.29838753 -24.48743820 -16.22064018
v 11.60893440 -23.91562843 -15.09899807
v 10.85998154 -25.41820908 -18.47239685
v 11.95365524 -25.17512512 -18.23217773
v 10.08070850 -25.83091354 -18.54092979
v 0.82651639 30.82076645 -12.06413746
v 2.57616901 30.24510193 -12.08908558
v 5.53218317 28.20540428 -12.26311684
v 7.33682728 26.80824471 -11.88730812
v 8.81556511 27.10271454 -9.82606602
v 11.63543987 21.75063515 -10.97350597
v 9.31659126 28.00737762 -7.57231283
v 10.15536880 26.30487061 -7.84620333
v 9.42492962 28.37195778 -6.35367012
v 5.47557211 6.37836838 7.63525772
v 5.80789042 7.19240379 7.25644016
v 5.73105764 8.37617397 7.27602959
v 5.42525434 7.66219378 8.45147896
v 3.47512078 10.76696205 7.27747822
v 2.11781979 9.85492420 7.86329365
v 4.31547403 10.13605595 8.27253628
v 1.93566501 8.40116119 8.40845394
v 2.02160788 7.29996443 8.57536411
v 2.34765935 6.42560530 8.58810806
v 2.97487950 5.80004358 8.37317181
v 3.95248079 5.82724333 8.28838730
v 3.47531843 6.90545368 9.19305325
v 2.32898760 15.49512672 5.70500612
v 2.95523715 16.33869362 6.03271389
v 2.95604014 18.84990501 4.82864332
v 1.91090441 18.17742920 5.13290977
v 3.41654849 18.52944946 5.37090826
v 4.65286064 17.16977882 4.51087952
v 3.88377786 18.61587143 4.77458048
v 8.82084370 15.43055248 2.68271589
v 8.56546402 16.69613075 2.81776524
v 7.76737547 20.20796394 1.20979881
v 8.36379814 18.86705971 1.97294903
v 7.03926802 16.61513710 3.21116447
v 7.70074177 17.72583961 2.92553616
v 9.81607628 15.51690006 1.62535930
v 9.07114506 17.15407181 2.18572307
v 9.63761330 10.63745689 4.07156992
v 10.72185802 9.83657169 4.47651148
v 8.74355698 6.30532742 5.51189518
v 10.87999916 5.62278652 4.59989691
v 10.86941433 6.87247467 5.03468037
v 8.70701694 8.38351917 5.49682093
v 12.07394218 5.97717953 3.41877031
v 12.39251232 8.98886585 2.27022123
v 11.69643116 7.87131119 4.41197538
v 17.12345123 -3.91045737 -1.58225620
v 17.01095200 -3.32670856 -0.21576579
v 18.50385666 -3.02780414 -0.57295305
v 15.61476135 -3.64067435 -0.19094925
v 18.05233955 0.40383187 -2.18725348
v 18.61519432 -0.95323223 -2.15614390
v 17.01024246 -1.90614843 0.68626666
v 15.37957668 -1.42395687 0.70492184
v 12.67512798 -3.77120805 2.79069090
v 13.66203403 -1.59118223 2.28468990
v 12.61384106 -2.35213566 4.27255487
v 9.25693130 -1.74076617 5.71552277
v 8.66163635 -3.14868784 5.48098326
v 9.63799953 -4.30835819 4.75595140
v 12.51011086 0.83203262 3.54526544
v 11.38486862 1.95638061 4.26859903
v 11.95381260 -0.26888770 4.88194990
v 11.18195820 -4.42348194 3.91625023
v 11.28338337 -3.35245991 4.91217756
v 1.76000404 -0.08792434 8.57693100
v 1.95409644 -1.69471407 8.77613449
v 3.02259064 -0.78628325 9.25782681
v 3.80796552 0.57732391 8.29807663
v 4.60179281 -0.37810689 8.89309502
v 1.70999897 -4.14928865 8.04199886
v 3.34437656 -4.23405981 7.81994009
v 4.28448296 -3.50454521 8.45943069
v 5.43681383 -3.66795278 7.29182816
v 5.94091225 -2.87461305 7.14163828
v 6.03857231 -1.81559765 7.45018005
v 5.49223948 -2.65728045 8.33488750
v 16.57112694 -11.80945492 -5.26025391
v 16.89537430 -12.22970390 -4.49652290
v 17.87096214 -10.77445984 -3.47522616
v 15.14986897 -8.66391373 -1.51569259
v 15.35640526 -9.84178543 -1.41400397
v 16.15517044 -9.45298767 -1.57383037
v 15.17414570 -10.82902336 -1.58151901
v 17.00323868 -10.64732933 -1.52713311
v 16.60437012 -8.38670540 -2.64674830
v 16.11672592 -8.56664848 -1.99206507
v 17.84706497 -9.76727009 -2.42436028
v 15.08804512 -12.58922195 -2.62010145
v 15.40796089 -13.00714016 -3.32112646
v 15.82709122 -13.08249855 -4.03315783
v 17.00848961 -12.34079266 -2.59440970
v 11.83749676 -9.20307159 1.86832464
v 10.73976326 -8.90683937 2.84875631
v 11.07787323 -10.07362556 2.96445274
v 10.32712650 -13.52305889 0.93691140
v 10.24243069 -13.00034618 2.41403866
v 12.54322910 -10.38534069 0.70724553
v 9.21842098 -8.93589878 3.52548623
v 8.47443962 -11.50308514 3.49970055
v 9.96938324 -11.12297726 3.56268311
v 3.13849783 -9.35340595 6.64514971
v 1.77038801 -9.92096138 6.93257380
v 3.80550361 -10.57635498 6.98855257
v 1.62682068 -13.99697876 5.06382132
v 2.92427230 -13.37239742 6.18141556
v 4.69655609 -13.08131313 4.60705853
v 5.12555981 -11.72531605 5.26155758
v 4.23571873 -13.01334095 5.75805950
v 1.00824988 -11.59129333 6.46425867
v 0.24507171 -12.88578224 5.78142786
v 2.12814140 -11.94080544 7.05975056
v 14.55686474 -19.75832176 -7.66050196
v 15.27948093 -19.67571068 -6.75813389
v 14.16289425 -20.75227547 -7.89232302
v 13.28819275 -20.58270645 -9.05687141
v 12.54097748 -20.90368271 -6.32112217
v 13.13663387 -20.15345192 -5.26682329
v 13.15466976 -21.11521530 -7.94395733
v 14.68497658 -21.37346649 -6.34419107
v 14.77723885 -17.29644203 -7.09187365
v 15.43426514 -18.83888626 -6.17915106
v 10.39106750 -18.40643311 -1.49989414
v 10.33410072 -19.76876259 -1.92617285
v 7.03689575 -20.13577080 -0.51505214
v 7.72270155 -19.27126122 0.12636037
v 7.24248457 -18.04201698 0.16451336
v 8.02870846 -21.52538681 -2.46944475
v 8.88624954 -21.69701576 -1.60142481
v 6.47479057 -21.34555626 -2.40261126
v 0.75900477 -21.92909431 0.09220963
v 0.80027795 -21.13518715 1.41990197
v 2.58777428 -18.77692986 2.33409262
v 2.15631509 -19.86267090 2.79372525
v 3.83204484 -18.31522369 1.50926793
v 3.34733868 -21.45649910 -0.26705772
v 2.36595917 -22.17325592 -0.03632300
v 3.69396734 -20.30784225 1.20911264
v 11.01791859 -25.86420822 -11.06957912
v 12.52665997 -25.99137306 -10.08434200
v 10.62006378 -25.74528694 -10.12552261
v 11.21002674 -24.05231094 -8.98243427
v 12.27443981 -23.98730087 -9.51410103
v 8.61983681 -26.18645668 -4.80674982
v 9.01766491 -26.09548378 -5.18556738
v 8.99409866 -25.94131851 -6.32607555
v 8.75025177 -24.90974045 -5.53320980
v 8.16026306 -25.29993057 -4.56782579
v 10.77856064 -24.86084366 -9.24323845
v 12.36109352 -25.55117798 -9.29079247
v 5.40758657 23.96438980 2.61046147
v 6.03042316 23.75170898 2.40000463
v 5.87782431 24.47878647 2.61462498
v 1.66249573 24.40827179 4.60020638
v 1.84551573 22.91858673 4.67766762
v 2.84715009 23.19372368 4.69961071
v 8.76241684 25.09498787 -0.95032269
v 9.12887859 24.45579338 -1.36567414
v 9.83692741 24.41773987 -2.80777264
v 9.98334503 24.97244644 -3.47999191
v 9.88416481 25.32198334 -1.72179508
v 15.66573715 -18.49648285 -12.16845894
v 15.31396103 -19.07206917 -11.61104107
v 14.98756695 -19.25533104 -11.08316612
v 16.83328819 -16.31957817 -10.56540203
v 17.02323532 -17.23244476 -11.35437012
v 17.35784531 -17.26316071 -10.36718559
v 16.65545082 -16.85198212 -12.00463009
v 15.11648178 -18.28499603 -9.80855560
v 19.14825630 -10.35770607 -10.91653347
v 18.82203484 -8.69182396 -10.63501930
v 19.88919258 -9.39571285 -9.77666283
v 20.57406998 -10.81943893 -10.01877880
v 18.18346596 -8.55985546 -7.87894726
v 18.46570396 -10.02338696 -7.84663963
v 19.19645500 -9.36620235 -8.11613274
v 20.14935875 -10.41617298 -8.20179939
v 17.68758202 -12.37881374 -9.20577049
v 18.88269997 -11.99315071 -9.02846050
v 19.98323822 -11.81549168 -8.95823669
v 18.65467644 -8.08885479 -9.14386749
v 18.42612839 -8.16795158 -8.40892887
v 19.49541283 -9.03765011 -8.78387547
v 20.54099846 -9.70955276 -8.94480801
v 14.47295666 17.70925903 -5.90158749
v 13.79216003 18.82063866 -7.08845091
v 16.10581398 17.55644226 -7.31485415
v 16.56395149 16.55697441 -6.39158630
v 17.27387810 15.01351738 -5.76670599
v 18.52669144 14.10428905 -6.09857321
v 19.32970047 2.63854623 -9.28316975
v 18.61861801 5.15379953 -6.21370649
v 17.39920998 7.28891230 -3.83095217
v 12.35688114 19.34153748 -3.84060216
v 12.48961353 19.46353149 -2.63883591
v 11.06552410 20.19601631 -2.64137673
v 16.10260773 17.87873650 -8.05614567
v 18.23245049 12.20452499 -5.04009104
v 19.67248535 11.76899815 -5.94060946
v 11.21223831 -23.03842735 -19.01100922
v 12.35456371 -22.95054817 -17.21031380
v 11.49381733 -23.39354706 -16.24458885
v 13.26991940 -21.99992180 -20.09680176
v 14.02455330 -22.11027527 -19.30730629
v 13.87388992 -22.42068481 -17.86202240
v 15.08356857 -21.44592857 -16.30636024
v 14.21829319 -21.74893951 -14.84696198
v 12.41533470 -22.77467346 -14.81626034
v 13.58225250 -21.74082947 -13.86167240
v 12.74810028 -21.90218353 -12.20916653
v 15.63049030 -19.47543716 -14.27589512
v 16.34569740 -19.79718590 -16.14282036
v 17.47942543 -17.79913139 -16.89717674
v 16.33058357 -17.27574539 -12.86479759
v 17.40686607 -15.46262360 -14.45701313
v 10.41175652 -22.36210060 -20.54350662
v 10.57735729 -19.64163971 -22.29764748
v 11.55924892 -21.47204781 -21.05465508
v 9.65352154 -17.78223991 -23.08152962
v 10.49319077 -13.91959286 -22.97908974
v 10.73907852 -14.99757290 -23.04061127
v 11.58147144 -11.26229286 -22.45675659
v 11.00280476 -13.08618450 -22.96214676
v 17.45037079 -7.87897348 -17.18903923
v 15.73420906 -7.86337805 -19.26862335
v 15.21337700 -9.16742134 -20.07983017
v 16.94550705 -10.74013138 -18.77937889
v 17.64789200 -14.32089806 -17.06672859
v 17.41279602 -10.93347645 -17.55350685
v 18.56745148 -8.63566113 -15.17945766
v 18.83070946 -9.27116203 -15.49423313
v 19.29671097 -9.22014999 -14.60520840
v 18.07625771 -12.24199677 -14.08541679
v 19.03012466 -11.41819572 -14.54917622
v 19.46844864 -10.16944218 -14.29612637
v 19.25648880 -10.62785816 -15.77927494
v 18.40406990 -11.47405624 -15.94745445
v 10.48124981 18.12986946 -15.71797657
v 9.36339855 16.58226395 -17.59498978
v 13.67072296 10.10198402 -18.27583313
v 13.11383343 10.38478851 -18.21333122
v 13.75526428 12.77950573 -16.47572708
v 12.26280212 19.46019554 -12.83638668
v 15.44581127 17.08935165 -11.93340588
v 14.02280235 19.09266472 -9.54131699
v 10.94860554 23.33819389 -9.08566570
v 11.72226143 21.47609901 -6.27737379
v 12.10117149 6.12812281 -20.13523102
v 13.87112522 5.54932404 -19.53632927
v 13.86428261 15.10789490 -2.20866680
v 13.86289692 16.79475212 -3.19437122
v 13.40041351 16.57645798 -1.50089478
v 13.82196617 17.90156937 -2.56375432
v 11.69627285 17.67133522 -1.04948354
v 12.56422043 16.28200340 -1.01234436
v 12.11400795 18.60433388 -1.27655828
v 16.56611824 10.21117020 -1.62170601
v 15.58671951 10.83073425 -0.86562383
v 16.95124817 10.17033863 -0.05713733
v 19.40267563 -3.48901033 -9.45319843
v 20.23377419 -2.13086653 -9.29542637
v 20.46937943 -2.98936152 -8.79946327
v 21.53555679 -2.54105735 -8.24322987
v 19.64844513 -1.34177923 -5.76631403
v 19.61463737 -2.25423861 -5.98140860
v 18.76031494 -3.25119257 -6.45425272
v 20.52664948 -2.74856853 -6.49764585
v 19.79307938 -3.62966824 -8.24365139
v 21.46562386 -2.90152264 -7.31273460
v 19.98287010 0.51639497 -7.76375103
v 19.67298508 0.58732951 -6.64783525
v 19.74380112 0.19438538 -6.10470152
v 21.59132385 -0.31528214 -7.38135195
v 19.66936493 -3.93061996 -13.22137833
v 20.23523521 -2.55018091 -12.89607811
v 19.27760506 -1.45473731 -15.39998245
v 19.51931953 -2.37120867 -15.56296921
v 19.96546555 -0.65297163 -12.70246887
v 20.28006363 -0.83740407 -13.75272942
v 16.58189583 -3.86124539 -17.95679855
v 13.76417732 -3.06433129 -20.40948486
v 17.72004700 -0.17883718 -17.36869240
v 16.75766563 -2.03340411 -17.84890938
v 13.80063820 0.01108518 -20.12946510
v 15.24378967 2.12753582 -19.52982521
v 16.27723885 0.43940443 -18.78538322
v 16.62137985 5.68113518 -0.51528913
v 17.15065002 5.98635864 -1.07742035
v 17.33059311 6.36317539 -1.61832905
v 17.53699684 7.01488352 0.32744688
v 14.82789898 10.29883099 0.45335963
v 14.75377750 8.96405602 0.90990525
v 16.24092865 8.38420391 1.17049885
v 18.65964127 8.14413548 -5.12243986
v 17.96897697 12.31485271 -23.20765114
v 16.19279671 8.60465717 -23.70690727
v 15.57745075 8.51912880 -20.63750458
v 17.12179184 11.59391308 -20.01154327
v 24.47977448 12.59157848 -29.02236366
v 23.14278030 13.57619667 -26.57045555
v 21.79503822 13.79268074 -28.94312668
v 21.57515907 14.08727264 -26.51045418
v 22.00649452 13.37729454 -23.97582054
v 24.79944038 6.15909719 -28.71355057
v 25.88820839 8.34510803 -29.42682648
v 25.13465500 7.13533258 -24.72428131
v 24.20626640 5.51634502 -24.91228104
v 18.38415718 5.51448870 -30.36468124
v 19.86095810 4.79218817 -28.89921951
v 20.99773026 4.49352121 -27.64056206
v 20.64513779 4.10580826 -25.07804108
v 18.29269981 12.61668205 -27.63034630
v 16.85466003 8.94611168 -28.63262558
v 25.85874557 10.22310448 -29.51420403
v 25.43327332 11.04252148 -26.75112915
v 22.52487564 4.74588633 -27.61473083
v 22.77088165 4.40050888 -25.04330063
v 17.25905991 7.13847876 -28.79919815
v 20.25023079 13.93502903 -26.53433609
v 19.86577034 13.51049519 -23.90769005
v 21.11151314 13.06474781 -32.90343857
v 18.88212013 12.21628189 -32.97614670
v 17.05887985 8.49373245 -33.13952255
v 17.05422592 6.35897589 -34.05816269
v 17.15193939 7.02983904 -32.15203857
v 17.88331032 5.16862392 -34.35966110
v 17.82882309 5.56354237 -32.23394775
v 22.96983528 3.68596292 -34.26554108
v 22.62969589 3.30222130 -34.15010834
v 21.32320786 2.91591883 -34.36065292
v 25.65502548 6.23054838 -32.54302597
v 24.76977348 5.15639305 -32.29756927
v 23.28311729 3.98128653 -32.60508347
v 21.45000267 3.91958737 -32.05266953
v 25.86421967 8.28251553 -33.46158600
v 25.52255630 10.40959740 -33.11028290
v 24.22265053 12.05575085 -32.94107819
v 17.70099068 10.87302208 -33.04505920
v 19.44659615 3.88944554 -34.23826218
v 19.39999008 3.86232495 -33.42794037
v 18.86289978 3.85442591 -34.11993408
v 19.48110199 3.99437284 -32.72232056
v 18.69664764 3.83294010 -33.60591125
v 19.78565407 3.40654302 -34.12048721
v 19.72459412 3.41217756 -33.59500885
v 25.53811836 6.18231106 -34.15010834
v 24.45616341 6.45893669 -19.74496269
v 23.94520378 8.56192207 -17.81438255
v 23.49898338 10.48948574 -20.40835953
v 22.80960846 10.62889099 -17.30487251
v 23.92305756 7.33207989 -15.95193005
v 20.33621025 2.05524516 -21.06941795
v 21.39737511 1.29372585 -18.62265968
v 19.82112122 0.79813200 -18.88312149
v 18.73451233 0.78707319 -19.14137077
v 23.52243423 3.78248096 -20.63458061
v 22.66497040 2.32717657 -17.24014854
v 21.48537445 1.74298131 -15.74911308
v 20.77202415 1.05211663 -16.86778069
v 19.55023193 0.62266517 -17.81641769
v 18.26214218 0.51281404 -18.29552841
v 19.61095238 0.85558528 -15.87238026
v 14.53441811 6.45843935 -19.51300049
v 14.56975365 8.28306866 -19.31420517
v 16.54541588 3.53537822 -20.89906883
v 15.78517246 3.08425689 -19.82817841
v 14.64598083 4.53367519 -19.58696365
v 19.94532204 12.51982784 -20.35286713
v 18.54888153 12.32523155 -20.14298630
v 17.88597107 12.27107239 -18.09122086
v 17.03961372 11.73110867 -18.90513229
v 18.95382881 12.73085690 -17.07017326
v 22.02470016 11.22342873 -18.69032860
v 23.39765549 2.99299526 -17.87197495
v 23.64208794 5.16496277 -15.00763798
v 23.09987450 3.68853664 -14.81233406
v 18.23999596 2.49879670 -21.37937737
v 16.51368523 1.60411060 -19.49225235
v 17.42588234 0.95885378 -19.15127182
v 17.67973709 16.71563911 -10.45966530
v 15.58958244 18.15852737 -9.44983482
v 19.36631393 15.51162434 -10.01964855
v 18.46100998 16.26103210 -8.54640102
v 20.76756859 8.45559120 -7.40600491
v 20.30002213 9.87527752 -6.23760509
v 19.63259315 8.67829037 -5.70296288
v 20.48175430 11.54068565 -6.92872953
v 19.23429108 9.78333187 -5.18588352
v 19.90435219 13.54767990 -7.29159117
v 23.59988785 7.11962652 -14.20984745
v 21.67305374 11.41287708 -10.24640656
v 21.88422585 10.00603580 -9.75247192
v 20.89913368 13.29283333 -10.44717121
v 14.81830406 11.42558193 -17.38287163
v 16.01028633 15.59110928 -13.32942963
v 15.18630981 9.82883072 -19.14985085
v 14.85246468 10.07267761 -18.51233482
v 18.42444229 11.16473770 -34.10887527
v 21.31832886 12.57368660 -34.05347824
v 17.69415855 9.48886490 -34.19469070
v 17.30950165 8.00717640 -34.24742508
v 20.47993851 3.83596158 -34.41861343
v 23.14329910 8.04196358 -34.29383469
v 25.61579514 8.37891197 -34.28413391
v 25.10719872 10.00194740 -34.21665955
v 24.29731560 11.42293549 -34.12836075
v 22.89845276 12.14224052 -34.09642792
v 19.69083023 5.33594799 -7.86673975
v 20.51164055 3.17696667 -11.04330158
v 19.53912163 1.30889237 -12.95379448
v 18.92567062 0.46742016 -15.31375027
v 18.18575668 9.38296223 -4.58057022
v 17.26565933 -12.06245708 -34.24978256
v 18.45105743 -16.17002296 -19.63973045
v 18.17445946 -13.48527622 -19.25696373
v 19.17899132 -8.25920677 -28.42297363
v 18.08263206 -7.50053740 -26.11585045
v 16.78478813 -7.48982096 -28.76040268
v 16.63891411 -7.07628632 -26.18901062
v 17.19464493 -7.42863178 -24.47548676
v 15.97701740 -8.03649902 -22.48764992
v 19.73479080 -14.73350716 -28.50790596
v 20.32316017 -13.57144070 -27.09936714
v 20.85765076 -11.32833004 -28.30619812
v 20.59119797 -12.17834663 -25.48183632
v 19.80507278 -12.73038006 -22.45151711
v 18.88783455 -15.33755302 -24.84972000
v 13.98588276 -14.98412991 -28.68314171
v 17.30603027 -16.15367699 -28.94476128
v 16.03945160 -16.59263420 -25.35281944
v 13.65803051 -8.61839008 -27.00096130
v 12.73943901 -10.76575947 -29.57036591
v 11.95427322 -11.92694187 -24.43447304
v 12.91888046 -9.32227039 -23.48131943
v 20.38451576 -9.71276569 -28.47537231
v 20.40835762 -10.32522774 -25.31153107
v 19.66039848 -10.31641960 -22.79816055
v 17.63765335 -16.57527351 -24.83615875
v 12.72581768 -12.93785763 -27.73242188
v 15.37652206 -7.29043293 -25.49330330
v 14.13764286 -8.32831764 -22.89854622
v 17.05011940 -8.07097626 -33.50753784
v 15.38744926 -8.25062943 -33.45540237
v 15.28715611 -8.23951817 -31.79015160
v 16.68357086 -7.92750072 -31.84839630
v 13.73408794 -9.34825134 -33.35653687
v 13.71000862 -9.21822453 -31.67872238
v 12.46401310 -12.93448067 -32.76036835
v 12.42906570 -14.67248249 -33.88679123
v 12.75631523 -14.14288235 -31.53105927
v 13.50956631 -15.47114086 -31.54667473
v 12.55119991 -14.77076149 -32.22234344
v 13.13016987 -16.14554596 -32.19939804
v 16.56472778 -16.99102783 -31.73404312
v 15.09594345 -16.59299469 -31.76877213
v 15.42012596 -17.15251923 -32.46911240
v 20.96065521 -14.56509304 -33.99348068
v 20.78587341 -16.02172661 -34.31193542
v 18.41138268 -16.54875946 -31.75908279
v 19.44333076 -15.72424412 -31.29424286
v 20.91268539 -12.31392860 -33.51887512
v 20.42522430 -10.38798618 -33.46148682
v 20.44599724 -10.58675957 -31.43418312
v 19.16940117 -8.95124626 -33.51200104
v 19.35075188 -8.82555676 -31.14368439
v 13.02839279 -15.47263718 -34.27468491
v 15.01916409 -16.81922722 -34.25353622
v 15.93479633 -17.32995987 -34.47914886
v 15.37352085 -17.48291397 -34.12828064
v 20.77334023 -14.37656689 -31.98965836
v 20.14509201 -15.53578949 -31.88816833
v 17.89862251 -8.14140987 -31.86087799
v 15.08297539 -20.10399055 -22.25022125
v 16.35850716 -19.32938576 -22.47908592
v 17.79329872 -18.67911911 -18.26055527
v 17.21775246 -19.36596489 -17.50271606
v 16.75297928 -20.51227188 -17.66520119
v 16.11107254 -21.12637520 -18.37007141
v 11.44007301 -16.49026489 -23.19347382
v 12.67927837 -19.00797462 -22.87943649
v 17.95812225 -19.83834839 -19.26837730
v 17.38221550 -19.20851707 -20.67479897
v 17.66556931 -20.28488159 -18.26200867
v 13.89994431 -19.49109459 -22.94404411
v 11.61620235 -11.53226089 -22.92196465
v 12.68680191 -9.78064537 -22.24864197
v 11.21455574 -13.67551517 -23.55490112
v 13.59666824 -16.75095177 -24.82663918
v 17.48503494 -20.50784302 -19.54944992
v 18.81459427 -16.15240097 -23.99110222
v 19.69620514 -14.85184383 -23.35685349
v 19.31631088 -15.29500294 -23.77734184
v 17.34320450 -20.86623383 -18.71639633
v 17.38920784 -9.77536488 -20.75644875
v 15.15431786 -8.94746780 -20.82476234
v 13.65518856 -9.17262077 -21.47162628
v 11.65106392 -14.72297096 -24.07966805
v 18.94346046 -16.67790222 -21.67801094
v 19.13779068 -12.19952869 -21.11784744
v 13.45892048 -9.93125629 -34.17659378
v 16.20825195 -8.37854290 -34.30635071
v 12.86942482 -11.41086292 -34.13275909
v 12.58832645 -13.01619816 -34.10840225
v 14.44126034 -16.06901550 -34.40361786
v 17.57102013 -17.21875000 -34.46090317
v 18.49300766 -16.78942108 -34.23773575
v 20.25093460 -11.78366089 -34.30607224
v 20.61530304 -13.51400375 -34.28300095
v 19.87815285 -10.06691170 -34.32331085
v 16.32913399 -8.80861378 -34.30263519
v 18.89734077 -9.04307365 -34.34210968
v 3.49369216 -30.92855453 -25.72845078
v 8.37000561 -27.68176842 -22.05323601
v 8.30168438 -28.16825104 -22.97233582
v 8.01278496 -26.80430222 -21.98283386
v 7.06627417 -28.76170349 -23.72676659
v 7.73189449 -29.23682404 -22.83982468
v 7.45973825 -26.61029816 -22.84260750
v 7.03671122 -26.95118713 -23.59308052
v 6.23640394 -27.04901695 -23.69887543
v 10.91210938 -27.08578873 -18.51284790
v 11.38525677 -27.53876686 -19.59644318
v 9.86616707 -27.20968819 -19.38498116
v 10.40412712 -28.00543404 -19.89924049
v 9.92693806 -29.09148026 -19.92570686
v 11.18543339 -29.15096092 -17.75554085
v 11.73804665 -28.39865875 -17.59567451
v 10.96561337 -27.91965294 -16.84218788
v 11.15454769 -27.31466866 -17.13366508
v 11.54624176 -27.18628120 -17.81849861
v 10.45707798 -27.89338684 -11.80788803
v 11.44423676 -27.66552162 -12.34547901
v 10.73049450 -27.30880928 -12.96769714
v 11.19012070 -27.58334541 -13.80664062
v 11.81834126 -28.29118919 -13.96707344
v 10.99746037 -28.75517273 -14.71376896
v 10.43249130 -29.06218147 -12.01058102
v 6.70447206 -29.08489799 -8.00636005
v 7.42843103 -28.73641205 -8.22739315
v 8.28252697 -28.61488342 -9.13691235
v 8.70315933 -29.55992699 -10.19099426
v 6.55142593 -29.78106499 -7.99170780
v 3.58277321 -29.74126625 -6.77564383
v 4.00607681 -30.49200249 -6.57231903
v 4.20898008 -30.72387123 -7.48159266
v 4.01182985 -31.51057434 -7.32848024
v 3.45027137 -31.89816093 -6.90709925
v 2.65591121 -29.80659866 -6.29912663
v 2.59482431 -30.33212471 -5.56765032
v 12.17949104 -28.17810059 -19.52198029
v 11.74490547 -29.01725388 -19.30104065
v 12.41672993 -28.20029640 -19.03249550
v 11.52204418 -36.77484512 -11.31150436
v 12.05035305 -39.24361038 -12.12893677
v 12.21045685 -38.09117508 -12.47804070
v 12.20682240 -39.28194809 -13.44581985
v 11.34057331 -35.28411484 -9.41620445
v 11.06131172 -35.55729294 -8.65913486
v 9.88670540 -36.41527557 -9.85100079
v 10.29034615 -30.85149193 -14.53223896
v 10.48167038 -30.58705711 -16.60015678
v 10.11633110 -30.36799431 -18.86933708
v 10.74056625 -33.05825806 -18.44999695
v 11.12814808 -36.99556732 -19.98488235
v 11.15123081 -34.64733505 -12.58801079
v 10.49807453 -33.50524521 -12.68722439
v 10.50850105 -33.64169693 -13.60041332
v 11.54100227 -36.51485443 -18.67853355
v 11.15312672 -34.51468277 -18.70993233
v 11.79781723 -35.88578033 -16.87091255
v 11.66580868 -37.55791473 -15.28447056
v 11.97583771 -37.08438492 -16.22572327
v 11.37759399 -36.94553375 -14.51057529
v 11.47749901 -35.22388077 -15.45215034
v 11.96017456 -36.07771301 -16.29910469
v 11.83993626 -36.63527298 -15.85732174
v 11.80428410 -35.82773972 -15.43400192
v 11.90991116 -36.89556503 -15.71370983
v 11.68342400 -36.39960861 -14.87837410
v 7.86961269 -49.97496033 -16.33407211
v 17.01775932 10.64776421 -3.93994761
v 16.07881165 13.11651707 -3.85216141
v 14.67523384 15.81555748 -4.29335642
v 13.13989925 -17.56617165 -4.51684999
v 14.10217571 -17.68992424 -4.91286182
v 14.16480350 -15.26644707 -4.98529720
v 12.24136829 -17.13780022 -3.80229139
v 14.57133389 -17.54063225 -5.48128605
v 12.31301403 -15.18936443 -2.30613613
v 14.88687897 -17.56822586 -6.15166187
v 14.85433483 -16.73096657 -7.90206575
v 15.87448597 -15.18478298 -8.52889061
v 10.98763847 -20.28654099 -5.65538359
v 11.00064564 -21.12142944 -7.18986320
v 11.24962711 -19.15711784 -4.49525928
v 10.26749802 -22.20324707 -7.72127962
v 13.44493866 -18.93157005 -4.65353203
v 12.14534092 -21.66707802 -10.20442295
v 14.25906658 -18.63463402 -9.45230293
v 8.34178543 -18.04923248 0.08899730
v 8.85512638 -15.92316437 0.14417298
v 6.69912720 -17.17563629 0.65573633
v 9.19647503 -17.87676811 -0.31333369
v 5.84886074 -15.75915813 1.99048519
v 9.96701336 -18.15571404 -0.84734386
v 10.98616409 -17.33930779 -2.57523441
v 5.97327280 -21.75715446 -3.17264867
v 5.53710651 -22.86896324 -4.13023853
v 9.46367168 -21.04208183 -3.06471944
v 8.59120846 -21.86671638 -5.21468878
v 10.55908203 -19.25943756 -3.82741070
v 6.73198795 -20.79087639 -1.31047213
v 5.48834276 -20.89351273 -1.86757421
v 5.55040407 -18.94665718 -0.12133124
v 0.90405989 -19.03823471 2.55667138
v 0.98225510 -16.91761398 3.02227139
v -1.15169883 -15.98012447 4.00687981
v 4.54986858 -17.90378189 1.14048195
v 1.28611636 -22.19755936 -0.24740198
v 0.53909194 -22.49338341 -1.64684510
v -0.08050567 -23.44074440 -2.55133939
v 3.57316279 -22.00266075 -2.19818068
v 4.47114038 -19.80132103 -0.26667595
v 0.15155873 -19.27302361 1.95404375
v -1.15214646 -19.41012764 1.60853410
v -1.21873641 -21.46501732 -0.26680759
v 1.91586113 -7.56872082 6.80517006
v -0.29511294 -6.41075468 7.53380585
v 5.08643293 -9.37504959 5.52457333
v 6.60196733 -7.77682400 5.07010794
v 2.52194142 -15.10984612 3.74610186
v 3.69986534 -14.19596481 4.10061646
v 5.42833519 -13.72678089 3.30230021
v 6.41257191 -11.40281868 3.97746873
v 5.43568134 -10.35222912 5.09696531
v 0.41636521 -10.47011757 6.62301207
v 13.87578583 -6.18262672 0.44561845
v 8.10096645 -13.50957966 2.28665137
v 7.41489744 -12.77295589 2.94301963
v 15.63870239 -6.66373253 -2.23065281
v 16.95477486 -8.46617126 -3.40880728
v 16.88157654 -8.44631767 -4.46555805
v 16.82789993 -8.93978214 -5.70917225
v 17.91431427 -5.06157017 -6.49124718
v 13.55170918 -13.55191994 -2.68740249
v 16.19624519 -12.88185978 -4.62785959
v 15.35798550 -13.79805756 -5.84907150
v 15.89333820 -13.12230968 -6.56220818
v 16.94087410 -9.34229469 -5.03945923
v 14.43799591 -11.86971283 -2.07537508
v 13.76733017 -11.08537769 -1.49086285
v 2.39517617 2.25099993 8.02586555
v 0.10995643 3.38537312 8.42588520
v 5.71425867 0.43329576 7.24922514
v 6.22823143 1.45765996 6.83235979
v 7.37529612 3.28921390 6.31196260
v 4.70632505 -4.50515938 6.96685648
v 5.68544006 -4.82099438 6.21633005
v 7.23968077 -0.78649390 6.24343729
v 6.17209482 -0.54620123 7.02004433
v 0.89118421 -3.15279531 8.17566586
v 9.39206600 0.79543972 5.44990635
v 13.93150139 3.34724641 1.83955848
v 13.57659149 0.00023697 2.30060673
v 15.65351963 0.76800984 0.49016976
v 16.64418030 0.95011199 -0.04291882
v 15.38952923 1.97004938 0.05972102
v 17.16636848 1.08376598 -0.80313480
v 17.80693817 0.79721045 -1.51284885
v 17.42819977 1.61248374 -3.34198046
v 14.83369160 -4.47809172 -0.11933012
v 17.46442986 -3.48890495 -3.37115455
v 17.53378487 -3.75231600 -2.32993889
v 16.82017517 -4.82207394 -3.47026300
v 17.26737213 -4.20256853 -4.34875584
v 17.79153442 -0.77952290 -4.55956507
v 18.20500374 -2.39739776 -2.79699039
v 14.63136768 -3.11838126 0.57948303
v 16.29616928 -0.38832313 0.78817910
v 1.91529500 11.65931511 6.56149101
v 0.24940309 13.00319099 6.51123238
v 5.10202074 10.51274109 6.31849241
v 5.95369577 10.70719147 5.61669064
v 6.23065376 13.05153370 4.76730633
v 1.30968225 5.08264112 8.18785763
v 4.83039427 5.38702250 7.47429895
v 6.14249897 5.01586676 6.71524143
v 5.62852669 9.53050518 6.41728497
v 6.78226614 7.29594898 6.10754538
v 0.47405544 7.34117126 7.95770168
v 12.61721039 12.52576160 0.24604593
v 16.07164955 5.84559536 0.23144566
v 15.09478569 5.97282505 0.70597506
v 14.56059074 5.03998566 0.94105434
v 16.94292641 4.64218330 -2.63410950
v 14.64474297 7.02973366 0.98781741
v 13.81991196 7.37124157 1.21289110
v 17.24138451 7.69594955 -2.01549935
v 15.47689438 11.95660305 -2.68592811
v 16.60921478 9.49796104 -2.41630316
v 16.53791046 9.94926643 -3.16672421
v 11.37072182 15.98949432 -0.36550114
v 9.93802357 19.87051773 -1.08800519
v 10.81269836 19.62775040 -1.72338808
v 8.71194077 21.93693924 -0.56568581
v 10.22023392 21.66471481 -2.96396565
v 14.68982124 14.82621384 -3.46489143
v 13.02836227 18.48621559 -4.79047728
v 6.62074804 21.03738976 1.81136501
v 5.12961483 21.92856789 2.79983425
v 4.33746004 15.29479218 5.06800175
v 4.70811558 14.31913948 4.94656515
v 1.99606407 20.04076958 4.42963982
v 0.56895083 20.83864021 4.72001696
v 4.64971399 19.16670227 3.50180674
v 1.08660972 18.28109932 4.96141529
v 5.78052616 25.49842453 2.34401250
v 6.42781687 25.40888786 2.11018395
v 0.48516694 -25.68978119 -2.96819162
v 1.08874249 -25.39006233 -2.83614397
v 0.28332838 -24.67194366 -3.51745057
v 1.78689730 -25.04273605 -3.05271292
v 2.58571386 -25.02988434 -3.34540343
v 3.24866486 -24.86416054 -4.08050013
v 3.83836412 -24.47744560 -4.53857279
v 1.72424376 -27.90768433 -5.23647738
v 0.37102395 -27.95748901 -5.95805359
v 0.57657349 -27.80402184 -4.50600863
v 0.04465704 -29.07564735 -6.49217319
v 3.23370910 -27.41332817 -5.36422014
v 3.85836220 -26.86527061 -6.44885540
v 5.34549904 -27.89075470 -7.96244144
v 3.58415580 -26.15018654 -4.77220392
v 0.02089330 -26.62678146 -3.84794855
v 5.86149931 -24.47425842 -5.11718702
v 6.88059759 -24.39958382 -4.99711943
v 5.66112375 -23.69124031 -4.86404514
v 7.57119560 -24.22401428 -5.28749275
v 8.00291157 -23.80620003 -6.06266499
v 8.48486614 -24.01926613 -6.67458725
v 8.71794415 -23.73373795 -7.24574947
v 7.42877340 -26.71652985 -7.57377577
v 5.76422119 -26.77677345 -7.48417950
v 6.13797331 -26.40367889 -6.05586815
v 8.12761307 -26.22713661 -8.31045246
v 8.01916885 -26.68616104 -9.24844265
v 9.15708542 -26.85167122 -11.12187195
v 8.63342285 -25.12528229 -7.49028158
v 11.77776623 -23.42977715 -11.51109028
v 11.89041519 -24.59659004 -11.99309731
v 11.56927872 -23.45663452 -12.40384769
v 10.90959454 -25.46376038 -12.55462360
v 10.36750126 -25.82269859 -13.20561981
v 10.39025116 -26.43030357 -14.89193439
v 9.36514950 -25.81543159 -10.39198875
v 9.70065308 -23.58059883 -8.39007568
v 10.03705215 -26.80693626 -13.04252815
v 10.49062252 -22.78130913 -8.77671432
v 12.26572418 -23.61398697 -10.53772831
v 1.91261590 -32.05174255 -6.71157169
v 1.72222292 -32.52385330 -7.58012819
v 0.28225046 -33.54658508 -7.39846706
v 4.69044733 -31.41233444 -8.42764950
v 5.49950695 -32.45842361 -8.91279030
v 1.21594536 -30.18893814 -6.19673967
v 3.53345966 -29.19775581 -7.47864342
v 0.87264752 -31.24521637 -6.62463808
v 7.42610741 -30.87105179 -9.28033161
v 6.56589460 -31.43548012 -9.47542191
v 7.41700363 -31.88265228 -10.02433491
v 8.47854710 -30.34386826 -10.49704742
v 8.49866295 -30.86005211 -10.90996361
v 9.76316261 -31.48650932 -11.90710163
v 5.84930801 -28.63500023 -8.49065876
v 8.42049122 -28.45044327 -10.54487038
v 9.55752087 -30.14180565 -12.15418816
v 4.95820284 -34.68543625 -8.52172852
v 5.19180775 -34.00881958 -8.91200066
v 6.02618361 -35.96674728 -9.37848568
v 7.93732214 -37.68572235 -10.19519424
v 4.54843712 -38.13049316 -9.12035465
v 1.88416243 27.47159767 5.48428774
v 2.17711639 28.39777565 5.98314667
v 6.66025019 35.25143051 -3.99384618
v 5.33317804 34.40450668 -6.42684269
v 8.01940536 33.78201675 -0.31000122
v 2.12678528 27.20792961 5.14341211
v 3.60534024 27.76748276 4.73678255
v 2.51588511 27.54303169 5.60440731
v 3.13135576 38.81000519 -3.10399818
v 5.94207239 30.31530571 4.14632750
v 8.76558971 27.07616615 -1.60832345
v 8.62445068 26.31664085 -0.83206552
v 9.49801350 26.71183014 -1.66946304
v 6.75523090 23.46925735 1.56299210
v 6.63104963 24.15739632 2.09210801
v 1.82173932 34.54697037 -8.34409618
v 3.58960128 22.86701584 3.75197029
v 3.30573630 23.83480835 4.47237778
v 2.53052521 24.51364899 4.85145903
v 8.08166599 31.96908188 -5.44192171
v 8.29448986 30.02575874 -0.62915891
v 8.34917164 30.86971474 -0.05412247
v 8.59777164 30.56588745 0.38547945
v 8.19819546 31.50163460 0.99345213
v 3.31612372 28.44925117 5.53197241
v 4.92892027 27.69692612 3.87382150
v 5.72467899 28.16419792 3.72239780
v 6.22656536 28.83815956 3.39367151
v 8.66421318 30.25557137 -4.71998405
v 8.51060677 28.62639618 -2.22519755
v 7.55939913 36.46664429 -0.85658586
v 8.10407352 31.06969452 1.97921574
v 1.17268431 39.16004944 -3.19316006
v 5.36381197 29.42342758 4.50403690
v 7.79410362 29.44059181 1.04221630
v 8.17951012 29.63173103 -0.10827129
v 8.39755344 30.04916000 0.87129313
v 0.39734137 23.20257187 4.63345528
v 0.66468871 26.09969711 4.91654825
v 3.46595788 24.59481621 3.93072510
v 4.11083269 26.38490868 3.81814241
v 7.58486080 23.07992363 0.41586491
v 6.88084078 25.39427376 1.22526312
v 5.08099031 26.20153618 2.95336270
v 7.30359793 27.92478561 0.72582829
v 7.57003689 26.06236076 0.08125611
v 9.66343403 25.81190491 -4.06476068
v 9.56439304 23.26500130 -2.77840114
v 9.11806393 27.04643822 -2.51704407
v 3.49746323 29.70956802 5.70145893
v 1.80982471 28.89539719 5.95816231
v 7.38757896 31.58231163 2.53245378
v 7.16762686 30.03502274 2.27502656
v 6.60602570 -41.48942184 -10.08831120
v 5.98642492 -41.14914322 -9.38807011
v 5.34675789 -42.68682861 -9.95275879
v 5.55547237 -42.04444504 -9.43284512
v 8.91494942 -39.76331329 -10.76159859
v 6.22751474 -46.58676910 -11.99805069
v 6.36731625 -45.18605042 -11.24263000
v 10.90002441 -38.94314575 -11.14606094
v 12.00415611 -42.12453079 -14.27838039
v 11.06739712 -34.61635590 -11.13384533
v 5.67262363 -39.74283600 -9.55043793
v 5.38728571 -40.61665726 -9.08354378
v 6.08207035 -40.16366577 -9.70457649
v 12.20600605 -41.40919495 -13.44396400
v 4.14391708 -36.17277145 -7.21818161
v 4.04089880 -36.68058014 -7.28661489
v 4.82849884 -36.25566101 -7.48630571
v 4.66356421 -35.63852310 -7.36286783
v 7.51099062 -30.72886658 -8.32090569
v 8.84580517 -30.33946991 -9.18323135
v 8.62273312 -30.69638062 -8.26684856
v 11.05601215 -30.03608894 -13.46720123
v 10.03289223 -30.64087677 -13.24142933
v 10.82205868 -29.85213089 -12.54576302
v 10.67135620 -29.67191124 -14.89246082
v 10.39930820 -29.90551567 -15.53145123
v 9.52544975 -27.12521935 -11.82526684
v 9.09936905 -27.90407753 -11.34094143
v 10.33584881 -27.81977081 -14.95432472
v 10.56233406 -29.50391006 -18.63249397
v 9.86045361 -29.72167587 -19.40475655
v 10.41026211 -29.68128586 -17.12013245
v 9.04191494 -29.75722313 -21.06940079
v 10.04220009 -26.60266304 -17.34591675
v 10.34985924 -27.46203995 -16.04194832
v 9.09351635 -27.62242508 -20.24862862
v 13.20862198 -24.97548676 -10.97036648
v 12.33055019 -25.68233109 -11.36058426
v 12.02271938 -29.50974083 -13.78270626
v 12.57410812 -28.87096214 -12.72611427
v 12.33613205 -28.57924652 -12.19247246
v 12.62971783 -28.78865242 -13.18750477
v 9.57695198 -19.39446068 0.03444038
v 3.16840935 -11.70309258 7.14716816
v 3.21906948 -12.77192974 6.66394949
v 4.11009550 -11.72405148 6.80650330
v 4.72823191 -10.77370262 6.19771433
v 3.97288704 -1.46977198 9.32773399
v 2.54642892 -2.60556722 8.96424007
v 4.09237528 -2.66794443 9.11116505
v 5.02871609 -1.50916255 8.95760441
v 5.55998802 -0.71105683 8.16315937
v 2.86539721 9.35935688 8.87761307
v 3.84584188 9.03304195 9.06640339
v 4.05933046 7.70569181 9.22944164
v 4.84798336 9.01074028 8.73458481
v 4.82676077 6.52134323 8.46137905
v 5.18288183 9.67308521 7.65166187
v 3.98989654 16.72405815 5.58593655
v 3.94189596 17.99788857 5.48507738
v 2.84572172 23.79943275 4.83972216
v 2.95997667 24.55293465 4.67525482
v 2.83392549 28.25421524 5.80040598
v 2.36727548 -27.31859016 -2.48613167
v 2.94454670 -27.58763695 -2.92927504
v 2.48964691 -27.99385262 -3.75402737
v 3.39587903 -27.22061539 -3.72427392
v 2.90678883 -26.88013458 -2.49150324
v 3.23494649 -26.29143524 -3.09671116
v 2.49866533 -26.27790070 -2.41582918
v 10.88810921 -11.82839966 2.83611751
v 9.62163544 -12.53490162 2.99146795
v 11.45800781 -11.93817234 2.30782127
v 11.60493279 -10.85988235 2.62484121
v 10.76593494 -0.99749392 5.61497259
v 11.78355885 -2.00733685 5.10599661
v 11.08200741 -2.59514022 5.40892982
v 12.66552734 -0.94574118 4.25680971
v 10.59974957 8.55598450 5.17371893
v 9.94831848 7.67130423 5.49850607
v 11.36211205 9.26955605 4.16824627
v 8.76170540 18.76144791 1.34122622
v 6.25353479 24.44526863 2.42325449
v 6.86680031 24.59856415 1.85135460
v 6.97945547 25.01785278 1.47802663
v 5.96597910 28.89963531 3.97981191
v 12.83146286 -24.17946243 -10.87699795
v 14.51643467 -18.97380447 -4.73750019
v 15.53018761 -19.29293060 -5.20576286
v 17.65722275 -10.88631916 -1.73049724
v 18.00768280 -11.22661495 -2.25189519
v 18.14281082 -10.51969147 -2.35963964
v 17.72547150 -11.79474926 -2.36595917
v 17.42282867 -9.30806446 -3.71513724
v 17.64108276 0.01995857 0.50022805
v 18.62444878 -2.91442466 -1.59215653
v 18.51638985 0.08330990 -0.17156994
v 17.91457748 8.16463375 -0.61929482
v 17.55654716 8.90995312 0.34935391
v 16.70740128 7.04495287 0.90113723
v 17.28569794 7.93413591 1.02246845
v 13.44678211 18.17561531 -1.85021245
v 11.85832500 19.45841789 -1.86028063
v 9.99954510 25.82161903 -1.97899199
v 9.63511658 26.60698128 -2.42077923
v 8.07000160 30.51865005 1.95048916
v 18.44617271 -8.88738441 -11.57612991
v 18.80054855 -5.98577976 -11.65095806
v 18.24276161 -12.29658318 -11.22830009
v 17.46198082 -13.78219318 -11.71617889
v 17.53225899 -8.52059650 -7.20656967
v 17.65516853 -11.31508541 -8.14593887
v 16.83697319 -13.47190094 -9.23875618
v 18.05897522 -12.67995644 -10.73665619
v 18.34138298 -6.47440910 -8.87405777
v 18.78632927 -8.23367214 -9.95632362
v 19.37170982 -0.41159937 -5.74190617
v 18.41075134 1.59963441 -5.91473961
v 18.03548813 -2.79251409 -5.65180254
v 19.53553963 -3.50143814 -7.11062145
v 19.00714493 -3.48766756 -10.41153908
v 19.16380501 1.27482057 -8.76236343
v 20.15220261 -0.04044374 -8.74780273
v 19.67061615 -0.65763217 -9.48426914
v 19.29053497 -0.24390002 -10.47998524
v 19.50315285 -11.89567471 -10.30315590
v 20.75494766 -11.24748230 -9.16680145
v 20.91905212 -10.63243961 -8.93685627
v 20.72368050 -10.62764740 -8.48749828
v 21.17072105 -0.78644127 -6.02095699
v 21.82635117 -1.18161035 -6.43387318
v 22.06011391 -1.22942662 -7.03310394
v 21.76347351 -2.19891810 -6.54082775
v 21.98760033 -2.27790976 -7.12989521
v 22.08481407 -1.95952058 -7.71769857
v 22.08786774 -0.96812212 -7.62533092
v 21.33499718 -0.75558186 -8.34526157
v 7.49278307 -32.27747726 -9.72340298
v 6.53893185 -33.02473831 -9.12027550
v 9.60022831 -32.23550797 -9.25029469
v 8.71920776 -31.97520447 -10.54760265
v 10.36162949 -32.55205536 -9.33086681
v 9.54661942 -32.24988556 -10.96604729
v 8.22398281 -36.25592041 -9.15618992
v 8.43947220 -35.38166809 -8.20636749
v 7.52590704 -36.85794449 -9.72651005
v 8.19931126 -34.58071899 -8.00362206
v 7.99469614 -33.81044388 -8.04224968
v 6.43445253 -33.97032166 -9.07403851
v 9.52492332 -36.16007996 -8.93464470
v 9.03096199 -36.95162582 -10.27450180
v 10.94793224 -34.08786392 -10.24058819
v 11.37011623 -34.74855042 -9.66989994
v 11.00259399 -36.03305817 -10.83323669
v 10.47614098 -36.97414017 -10.83407879
v 10.80327129 -33.18482971 -9.65826130
v 10.27608109 -33.07971954 -10.98342609
v 3.66958523 -41.36057663 -9.25348186
v 3.93461704 -40.12412643 -9.07629013
v 8.82143021 -43.11254501 -11.77901077
v 2.87316465 -44.22145844 -10.20759583
v 11.35776711 -40.12792587 -11.77220058
v 3.63332796 -47.44360733 -11.80774403
v 8.52427006 -44.64350891 -12.27931023
v 5.21050596 -46.38828278 -11.43896484
v 10.47944546 -44.07604599 -13.70176601
v 5.50472021 -48.96203232 -13.46953106
v 12.48239899 -28.21936035 -18.50074959
v 11.74179935 -29.13145065 -18.51386261
v 10.34461975 -35.25006485 -7.40573454
v 11.73268795 -33.01241684 -7.89832640
v 11.81152153 -33.76610565 -8.48934269
v 10.48258209 -39.98072052 -11.01729965
v 10.73504925 -40.44843292 -11.42519951
v 4.71306562 -41.85548401 -9.14602661
v 5.75977755 -45.92504501 -11.18536854
v 18.69327927 -8.51177597 -13.84871769
v 18.47352219 -6.99292040 -14.14605904
v 18.98159790 -4.88695240 -14.37290668
v 19.11988640 -4.69315958 -13.59057236
v 19.02288246 -3.60225797 -12.05902958
v 19.22407532 -4.31230783 -15.19958782
v 18.16240120 -5.27843523 -15.64577866
v 19.61358261 -0.96859610 -14.79232597
v 18.74177933 -0.11975140 -15.05486774
v 19.20614433 0.37020773 -13.74992561
v 18.07445717 -1.76649106 -16.22322083
v 19.38113785 0.64731055 -12.06397915
v 19.98518753 -1.17818737 -12.49308872
v 20.12413216 -4.18434763 -14.47938728
v 19.07238579 -9.57242298 -14.00738525
v 11.72869587 -24.17069244 -16.43451118
v 5.66670275 35.65570068 8.11658669
v 4.31299591 34.35569000 8.17825031
v 4.56682396 41.29883957 1.03837204
v 2.95497537 34.70861435 9.26917267
v 2.62139034 41.57030869 0.21605380
v 7.34616137 37.89206696 6.36059523
v 7.43920517 39.37756729 3.88656688
v 6.38736582 33.41352844 5.31152725
v 2.82983780 32.76968765 7.68761253
v 2.93232942 32.46300507 7.63786411
v 3.05296612 31.89497757 7.28751183
v 3.45621967 31.92880058 6.97568941
v 5.65100193 33.30763245 6.20389605
v 5.35389709 32.27970505 6.01425266
v 5.65988588 32.55714798 6.04095554
v 1.50456524 32.75003815 8.05156994
v 5.47707319 33.07034683 6.47552824
v 11.28082943 -23.62412453 -15.91032124
v 11.58155155 -23.63088989 -13.97784328
v 10.98412323 -24.59131050 -18.16908836
v 10.13505459 -26.21402359 -17.13695717
v 9.54908180 -25.46582794 -19.09984779
v 17.38075256 -17.93680000 -10.57830429
v 10.22439671 25.56237602 -7.03378439
v 9.38587093 27.99323273 -5.38660145
v 10.13854408 27.08022118 -6.37531424
v 9.82256413 27.64832878 -5.93627787
v 16.29640770 -17.63705444 -12.17051315
v 16.74592209 -16.24953842 -12.39379597
v 14.42935944 -19.70758247 -11.77902985
v 15.92609406 -16.54117584 -9.40211773
v 16.54249191 -16.41331291 -9.87970161
v 16.31294250 -15.36125088 -9.67195320
v 15.76063251 -17.56285477 -9.45646381
v 14.25399780 -19.38466644 -10.61184883
v 17.11181259 -17.33425140 -9.86332321
v 8.14670277 -27.27406693 -23.01509666
v 8.15576077 -26.81150436 -6.27890444
v 8.66417694 -26.48386002 -6.76253128
v 1.02868247 -20.19548988 2.37259436
v 2.15747380 -20.97895432 2.35155630
v 2.21964002 -21.87985611 1.50078940
v 3.04992175 -20.94638252 2.05778623
v 18.51249313 -1.06712508 0.53245664
v 18.96016312 -1.05364382 -0.03659948
v 18.48163223 -2.25895166 0.34840602
v 18.92008972 -2.28254390 -0.21580529
v 19.22405052 -1.85003817 -0.77116954
v 19.19782448 -0.68248820 -0.64035928
v 6.11985493 44.24331284 29.59871292
v 7.10925198 52.21392822 31.47250175
v 18.16487694 -17.44505119 -34.12696457
v 18.25840378 -17.47862244 -33.37622452
v 18.01987267 -17.40176392 -32.61345673
v 17.32786751 -18.18791580 -33.38933945
v 17.65922356 -18.21759033 -34.09470749
v 15.21961784 -17.33696365 -33.32301331
v 15.71687126 -17.86586761 -32.89635086
v 15.90911007 -18.23660088 -33.95668411
v 18.75894547 -16.88223648 -33.20035172
v 15.00578785 -16.84966469 -33.14080429
v 20.60540390 -16.09400368 -32.58786392
v 19.55926323 -16.80544281 -32.81204224
v 21.12848663 -15.38621140 -32.78091812
v 19.20474815 -16.95480347 -34.05702972
v 21.12219429 -14.66770363 -33.17811584
v 12.26725197 -14.78155613 -33.05952454
v 12.17667389 -15.58858871 -32.62035370
v 11.96850491 -15.91698360 -33.52386093
v 14.10873222 -17.15615273 -34.03946686
v 14.29528427 -17.13598251 -33.29539108
v 14.16792297 -16.88586998 -32.53151703
v 13.47076893 -17.24804497 -33.09730530
v 13.25591087 -17.30671120 -33.91629410
v 20.87922859 2.83496571 -33.97392654
v 22.00075912 3.41620612 -32.89397430
v 21.28723335 3.01567888 -33.22861862
v 23.10080338 3.67811632 -33.45803452
v 22.64696884 3.24376726 -33.61923218
v 18.16503525 4.12723684 -34.33645248
v 17.23751450 4.86867905 -34.29039764
v 18.20676804 3.88502860 -33.93029404
v 17.51577568 4.29045963 -34.10434723
v 16.98226547 6.30796003 -32.83953094
v 16.84911156 6.36938953 -33.43613052
v 17.04250717 4.95897961 -33.78758240
v 25.71645546 5.56062031 -34.11985397
v 25.83789253 5.87232113 -33.51409531
v 25.76761436 5.24204683 -33.26845932
v 25.69818115 4.78110361 -33.81692123
v 23.61064339 3.57313633 -34.16050720
v 23.92438507 4.04817915 -34.42075348
v 24.90732384 3.97049403 -34.08516312
v 23.67412567 3.54504180 -33.64724731
v 16.78720856 -18.38094521 -34.19128799
v 16.49725723 -18.12648582 -32.88213348
v 17.53583908 -18.06381989 -34.44406128
v 16.45655060 -17.78308296 -32.47911835
v 17.42704201 -17.74342918 -32.49381256
v 12.30774784 -16.54233551 -33.28904724
v 12.51702309 -16.78710365 -33.96537399
v 12.80052471 -16.65637207 -32.65982437
v 12.97033024 -17.16384125 -33.33849335
v 13.05021667 -16.82149124 -34.27817917
v 12.24834633 -15.96569538 -34.18802261
v 20.33346176 -16.82459831 -33.69598770
v 20.99962425 -16.13472366 -33.91360855
v 21.10426140 -16.01277351 -33.40842819
v 25.07485199 4.22746420 -33.48909760
v 25.51410484 4.71053791 -34.35622406
v 17.42225075 4.84498167 -33.07871628
v 17.12118530 5.47686243 -32.92657852
v 1.11294019 -26.88740158 -2.46432996
v 7.25217438 -25.56492233 -4.56516695
v 1.77023005 -27.36501122 -2.41327500
v 7.27402878 -26.85828018 -5.73271656
v 13.08149719 -25.32602692 -9.40019512
v 13.37453079 -25.28679276 -9.84373379
v 13.40446854 -25.56344795 -10.48240757
v 13.56287289 -24.89965439 -10.25491142
v 8.11760712 -26.26397324 -4.57159138
v 15.51457310 -20.22782326 -5.14933634
v 15.55672836 -20.65453720 -5.50393009
v 15.14486599 -21.10484123 -5.64722109
v 15.61613083 -20.66957092 -6.00726509
v 12.38400078 -29.31508064 -12.42855263
v 12.15292454 -34.28607941 -7.95909739
v 9.14112949 -29.99546051 -8.14262199
v 8.80017471 -30.02658463 -7.75959063
v 9.04633904 -29.39017487 -7.98047781
v 8.33041096 -29.82241821 -7.40999985
v 8.40850735 -30.42991638 -7.61585188
v 8.91726589 -20.52156830 0.00231709
v 8.96081734 -19.47418976 0.30880484
v 9.45972824 -20.64050293 -0.41004586
v 8.69161320 -21.36188126 -0.65647358
v 9.81534958 -21.01537132 -1.10788476
v 10.08650112 -20.13350677 -0.53377318
v 17.12434578 -17.93501091 -9.91040230
v 19.63114548 -10.16925907 -15.22003937
v 19.65971565 -10.37105560 -14.67844677
v 19.53606796 -10.98442650 -15.31032753
v 12.74783707 -25.17275620 -16.86267090
v 12.57144833 -25.51268387 -17.43325424
v 12.55441284 -25.74423409 -16.98142242
v 12.33565807 -25.60357475 -17.93801117
v 12.48763847 -25.06932831 -17.81641769
v 20.90604591 -2.69364285 -14.26753807
v 7.70492840 -27.85237694 -23.68668365
v 7.47503614 -27.26087379 -23.73426437
v 3.70033932 -31.26449013 -5.79593611
v 3.18086362 -31.29071426 -5.58566046
v 3.55546856 -30.64445686 -5.63252878
v 2.57718277 -31.06874657 -5.39060354
v 1.59615862 -30.80438995 -5.80225563
v 2.70709777 -31.69167709 -5.59050512
v 5.24248075 -41.31071091 -9.04870892
v 5.77039576 -41.50518417 -9.24992657
v 14.51730347 48.48910141 26.60724449
v 14.30834389 47.48854065 26.85464668
v 13.82870674 47.16151428 25.16432953
v 14.02723885 48.13732529 24.90892410
v 12.84299564 46.30798340 25.50689125
v 12.43987465 46.32230759 24.26882744
v 13.04531956 46.94002151 23.92510796
v 13.20267105 47.85295486 23.63673592
v 14.26179123 47.84294891 28.44396019
v 14.45895481 48.80180359 28.21214485
v 14.34088898 49.47491837 26.42672157
v 13.86472702 49.09765244 24.73598480
v 13.08460426 48.76736450 23.51024437
v 13.83586788 49.90789795 29.24798965
v 14.29517841 49.74717712 28.03330803
v 12.14702606 46.83048630 23.44736671
v 12.28699970 47.74194336 23.13666534
v 12.18704891 48.65814209 23.02723694
v 9.04331112 -30.36171913 -21.48492241
v 8.99588966 -30.82097816 -22.89305496
v 10.03141785 -30.86531830 -19.89442635
v 11.18169498 -33.70590973 -22.24927330
v 10.42869377 -34.74517822 -21.44045067
v 9.09073257 -32.51408768 -23.56727600
v 9.53819370 -31.25221825 -23.53215027
v 11.07884789 -32.42798615 -7.60700512
v 12.91993332 -31.49999046 -23.40918732
v 12.74609947 -31.77877808 -23.94912148
v 10.81764889 -33.11952972 -6.43413639
v 11.32772446 -32.96228409 -6.75084019
v 11.01934052 -33.79769897 -6.40991211
v 11.61135674 -33.67847443 -6.72872257
v 11.13540554 -34.46818161 -6.59959745
v 11.93848801 -34.32894516 -7.09466505
v 12.04654884 -33.60885620 -7.16170263
v 11.72089195 -32.93163681 -7.18561077
v 12.36514854 -31.74718094 -24.32512283
v 12.75526237 -30.63845444 -23.22503090
v 18.13421440 -17.94163322 -22.02680588
v 17.86264038 -18.01055336 -22.91189384
v 18.75971031 -17.70767212 -22.72580338
v 19.13686943 -17.39399529 -22.53093147
v 19.49475479 -16.87096596 -23.15773010
v 10.00487709 27.58473969 -7.03415728
v 0.58456486 45.21543503 8.43593025
v -0.53316760 44.48877716 8.37206554
v -0.00826780 45.07159042 16.47338676
v -0.36437550 45.31750488 14.55561447
v 0.16198562 46.39150238 14.83571911
v 1.95383322 48.05001450 15.70270538
v 2.49008131 47.47660065 12.83666325
v -2.24926186 42.16033936 8.06031227
v -2.01813245 41.84089661 9.69027996
v 0.94768965 48.44905090 21.62260628
v 2.29256272 49.58663940 21.53324127
v 1.52222252 48.20999527 18.03638268
v 1.34722948 44.41223526 5.62742090
v 0.69017673 47.07441330 22.93413162
v 0.69449496 47.90866852 22.71937943
v 0.86885595 47.44077682 20.44852638
v 0.91419715 46.87893295 21.51449203
v 0.89824086 45.95778656 20.10101509
v 0.68391001 46.82664108 13.89611340
v 1.94442654 49.25803375 32.78771973
v 4.13962221 49.31411362 33.70800781
v 3.79265428 50.26388550 33.18367004
v 0.93473500 50.30896378 31.91580200
v 4.30612993 51.14782715 32.57423401
v 4.63694382 52.28014755 30.81910706
v 2.57291722 51.18203354 31.39645767
v 1.69248247 50.20732880 24.45000839
v 5.69956636 48.58084488 34.38763809
v 6.04328537 49.51788712 34.54685593
v 5.48665762 50.18531418 34.19223785
v 4.88175869 47.40098953 33.65369034
v 3.55199289 47.72182846 33.39579010
v 0.06266674 47.19100571 24.11837387
v 0.07098719 48.06180954 23.91763115
v -0.80518860 47.17004395 24.99497223
v -0.80687380 48.08361053 24.84741592
v -0.42329013 49.06321335 25.08986664
v 3.44203663 46.10989761 32.33205032
v 1.51695645 46.93496704 32.54004669
v 1.84890580 45.90178299 31.10154343
v 1.30618107 45.35588455 28.78736115
v 0.26678127 45.43349075 27.63834953
v 0.17936380 45.46877670 25.80879593
v 5.18048573 44.67601395 30.84099007
v 3.06158614 41.38816833 17.81957817
v 2.14470339 41.82481003 17.80865097
v 0.84931862 39.21963882 13.06111813
v 2.10728765 39.18893433 13.79416084
v 0.45417589 42.84440613 16.52745819
v 0.01242802 43.81871796 16.15914536
v -1.23474538 41.86185455 12.01858521
v -0.76679868 40.82933044 12.51180935
v 1.68462944 38.25357056 12.48479462
v 0.16030046 37.45691299 11.13624859
v 1.10072291 42.02033997 16.76998901
v -0.17885035 39.61388397 12.51021671
v -1.58330941 39.12342453 10.26470661
v 4.11836338 43.36617279 22.61663818
v 3.03393912 44.06901550 24.12337685
v 2.94644260 43.55828094 21.47062683
v 1.46545386 45.31321335 23.25346756
v 0.95569414 46.17264175 23.12034035
v 1.14664340 45.99096298 21.75799751
v 1.51353347 44.88113022 21.23918152
v 2.19596887 44.58975601 23.33014297
v 2.14857411 44.13950348 21.39505768
v 0.51671094 47.72177887 32.73057556
v -0.47700447 46.25258255 25.21267319
v 0.36515224 46.27922821 24.30121422
v 1.38277590 45.11346817 24.47852516
v -0.28400147 46.82485199 32.16315079
v -0.67195600 46.30629730 31.23673630
v -1.61753917 45.96452713 29.75016594
v -0.62719399 45.75430298 29.64863586
v -1.29936063 48.25202179 32.07936859
v -0.99676979 47.37521362 32.17615891
v -0.29919419 50.16461945 29.59457779
v -0.91746217 50.05545425 30.53239441
v -2.26116347 49.38328552 29.12623787
v -1.75730181 49.63837814 30.64824867
v -0.85010856 49.80541992 31.62005806
v 3.41412616 51.77404785 28.17475510
v 1.63316631 50.81552505 28.66730881
v -1.00056136 49.56354523 26.96649933
v -1.89395738 48.75640869 26.04292679
v -2.36480045 49.02498245 27.39884758
v 4.00182438 51.14585495 23.30597115
v -8.83631134 -37.67940521 -18.50348854
v -7.84706736 -40.98363495 -18.08722305
v -6.45897102 -43.73856354 -17.15898514
v -7.39586020 -42.07059479 -18.38231468
v -8.47669983 -39.11831665 -16.73515892
v -7.59072447 -41.58776855 -17.11655045
v -6.46288919 -44.13282776 -14.31715202
v -7.29985905 -40.84968948 -14.05597210
v -7.52832937 -40.76495361 -13.52342987
v -8.50949001 -37.99051285 -14.53220177
v -7.18297911 -42.09078217 -15.10725307
v -8.09565449 -39.38916016 -14.59172821
v -8.40647316 -40.43479919 -17.06645012
v -7.48837280 -42.05016708 -15.72109699
v 1.12432981 -46.06495285 -26.13243675
v 2.34070802 -46.09460068 -26.49973679
v 1.63836658 -47.65288162 -25.77853012
v 2.18415976 -43.69185638 -26.75805283
v -0.35910940 -46.43649292 -25.31046486
v 0.72956723 -47.69944763 -25.35991287
v -3.24690390 -45.02038956 -23.31415939
v -2.13917398 -45.27887344 -23.57804489
v -0.99588770 -44.03436661 -25.52361107
v -1.32095993 -43.05781937 -25.50277901
v -2.59822440 -49.66900635 -19.84657478
v -1.74853373 -50.27466965 -21.67328644
v -1.07970452 -50.98141479 -21.50007057
v -2.04760289 -49.30562973 -22.35771561
v 2.81501365 -52.58633423 -20.84892273
v 1.77444625 -52.21894073 -22.06438255
v 3.82930636 -52.27612305 -22.55023193
v 2.64227200 -51.74211121 -22.91859627
v 2.13569498 -52.23258972 -17.79154205
v 2.76652598 -52.47330856 -19.08847427
v 3.90097833 -52.60691071 -19.78362656
v -3.10528183 -42.61105347 -24.72753143
v -0.89550900 -41.95915604 -26.13074684
v -2.85855126 -40.61435318 -25.41710281
v -4.51794291 -43.90710831 -22.92573166
v 1.27281284 -47.91398239 -25.28052330
v 2.09285855 -47.93205261 -25.08381081
v 2.77639985 -48.05401230 -25.36754990
v 0.09956574 -46.86356354 -24.74078560
v 1.18802190 -46.48440170 -24.28514481
v -0.39192876 -45.39912796 -23.15279388
v 3.80666852 -48.04510117 -23.05542374
v 1.47497892 -50.60958481 -23.15154266
v -0.96466625 -51.16894150 -18.92141342
v -3.34042692 -46.96206665 -22.16823387
v -3.85463977 -47.36484146 -21.10437202
v -0.31530520 -50.14022827 -22.94386292
v -1.77678645 -46.44729614 -22.82254219
v 1.04728496 -52.09882355 -19.09082985
v 0.30106366 -51.84795761 -21.57157707
v 0.25882944 -51.61269760 -22.39172173
v -0.00327815 -51.79677200 -17.52731133
v -1.25634956 -51.23787308 -17.84313965
v -1.35760391 -51.02578735 -17.02044487
v 3.78436017 -52.40694427 -17.23311615
v 3.76328254 -52.33423996 -16.70127296
v -4.52253771 -46.25428009 -21.38261604
v -2.86036801 -49.87011337 -18.70463943
v -3.16769433 -48.90210342 -16.18986511
v -3.20853710 -49.47101974 -18.14397049
v -0.78334743 -48.69831085 -13.74248028
v -0.49893948 -50.37252426 -15.62430954
v 0.41115665 -51.57866669 -16.68770981
v 1.29936063 -51.49333954 -16.60519791
v -3.76971555 -37.35055161 -25.33020973
v -2.48363042 -31.68069649 -25.96679306
v -0.51954806 -33.96550369 -26.63468170
v -0.11070027 -37.38074493 -7.84936476
v -1.14011335 -37.09776306 -7.25522900
v -0.59765112 -38.26694489 -8.17155838
v -2.60371900 -35.51302719 -8.26333046
v -2.46780562 -36.63697433 -7.56937551
v -2.20502496 -38.53470993 -8.86700344
v -5.99696016 -40.96852493 -22.53476906
v -5.81097078 -38.30307007 -23.90767860
v -9.28328800 -37.75189209 -22.10166359
v -9.70195007 -36.66185760 -21.48557472
v -10.91149044 -37.00297165 -22.99911499
v -10.25383186 -35.06901932 -21.51486015
v -10.21617985 -34.67985153 -21.93041039
v -9.74552059 -34.30856705 -22.23947716
v -11.12445259 -35.04008102 -23.52066994
v -6.43970537 -34.70847321 -23.91540527
v -7.55692434 -33.17595673 -23.03516197
v -8.17681122 -36.60065460 -7.48188210
v -6.25572062 -35.95259476 -8.81642056
v -7.58920574 -35.46863937 -9.58674717
v -8.96287155 -36.34049225 -7.94609022
v -9.17146206 -37.06752014 -24.10817146
v -7.28735209 -37.24626541 -23.59776688
v -8.81247139 -37.87477875 -23.15620232
v -5.93805218 -43.85171509 -20.35177422
v -5.23996639 -45.28930664 -20.73113251
v -3.85323215 -44.15629959 -11.30098915
v -10.01931858 -34.87741089 -23.76308441
v -10.99732780 -35.75558853 -24.41164398
v -11.37559319 -35.89276886 -24.01947594
v -10.14569283 -35.88592529 -24.56315041
v -5.71710920 -45.38999176 -18.22479820
v -5.34286118 -46.06542206 -15.54809570
v -4.93729687 -47.03660202 -14.74711609
v 2.25432396 -51.32273865 -15.64003849
v 2.08164167 -51.98411942 -16.48742867
v 3.44772387 -50.95443344 -14.87525463
v 0.38687661 -50.52310562 -15.76037788
v -2.87847185 16.20985794 -20.68703079
v -2.64126492 20.50345993 -18.53738213
v -2.02723289 24.77815628 -15.94695091
v -5.70339584 26.41928291 -12.96021748
v -8.19703102 15.46680164 -19.82424164
v -8.98572636 10.06417274 -22.07431984
v -3.06021690 8.01266670 -23.70573616
v -9.75664520 3.66955900 -23.91608429
v -9.23327255 -1.10082817 -24.90669823
v -13.73539066 -2.91689968 -23.65706253
v -4.05890894 0.41465372 -25.67319489
v -4.31884432 -3.24160838 -26.27052879
v -9.51254749 -6.65324640 -25.24612617
v -10.50937843 -10.97243881 -24.64268684
v -7.75471926 -13.42495441 -25.44427490
v -4.42153311 -7.73244381 -26.53296661
v -4.29788494 -13.15727711 -26.40165520
v -7.11837578 -16.98429298 -24.87745857
v -10.09085941 -18.78119469 -23.33933258
v -5.44023657 -21.77461243 -24.44945526
v -10.07986641 -21.25856018 -22.45380974
v -3.96588302 -16.69131279 -25.77090836
v -3.35714674 -20.39228439 -25.08870888
v -6.97769165 -23.80750847 -23.68413734
v -7.05827618 -27.26145363 -23.67549515
v -3.28762102 -25.08128357 -25.20995331
v -13.31152821 -24.18453026 -18.64995766
v -11.69577980 -23.60400772 -20.42191505
v -10.88547611 -28.29208565 -19.95024681
v -9.24255085 -26.38605499 -22.04969406
v -18.93726921 -17.64953423 -10.21144009
v -19.12749481 -17.28087997 -9.44024372
v -19.84500313 -17.11493111 -9.75541496
v -19.65539742 -16.96920395 -10.83500099
v -13.31898594 -27.70214844 -17.44631577
v -13.61103153 -27.61902428 -16.49499130
v -13.76606560 -27.30855942 -15.92949009
v -14.16033936 -26.18796921 -15.26671696
v -14.77134037 -24.97509193 -15.21798611
v -14.97756195 -26.78676605 -16.09882164
v -13.23522854 -26.27150345 -18.18921852
v -13.05227089 -27.43168068 -18.16182137
v -14.39581394 -26.87212944 -17.95796967
v -0.97887820 30.37561607 -12.06351852
v -7.59768724 27.09288788 -10.28004742
v -9.28094482 24.92483139 -9.91416264
v -8.17425442 28.07097054 -7.50913334
v -7.57416439 29.89322662 -5.62331963
v -5.30157995 6.83917952 7.69092035
v -5.36156082 8.39334106 7.90569878
v -5.73774576 8.80925846 6.65836763
v -3.06651664 10.78158855 7.54988098
v -4.09625244 10.38173962 8.17390156
v -1.57941246 10.64881706 7.28240204
v -1.59345984 9.04398251 8.18696213
v -2.13136697 7.22285509 8.75550461
v -1.73402560 6.12375164 8.24673271
v -3.41740417 6.55068874 8.71238804
v -1.08069849 15.71725273 5.87071514
v -2.09643936 15.55241680 5.91373920
v -1.82923687 19.09223938 4.84611368
v -1.93957508 18.39825821 5.65723991
v -0.94844002 18.32942963 5.23487806
v -3.62539601 17.37489128 4.79117489
v -3.38774300 17.23356438 5.51493645
v -3.00094700 18.89807892 4.48293638
v -0.55783933 16.46397400 5.52552128
v -7.05560017 17.43740845 3.13189220
v -6.06009102 20.42260933 1.94901466
v -6.53650951 19.98263359 2.32954383
v -6.56203699 18.77321815 3.03846788
v -8.59633350 17.83434105 1.91755784
v -9.60354996 12.24707127 4.05210018
v -10.11608410 7.64668512 5.33625746
v -8.25626469 8.64853668 5.58281660
v -12.35202885 7.84516191 3.62123585
v -13.04118538 10.37411022 2.20051098
v -18.76968956 -1.66135311 -1.73681664
v -18.40264130 -1.47366893 -0.73894095
v -17.82492256 -1.16378462 -0.05213452
v -20.07621193 -0.53524768 -0.76137459
v -19.49022484 3.12541151 -2.62152362
v -19.65223694 2.38165212 -3.25114012
v -19.81843567 1.29072428 -3.48879957
v -20.56164169 1.64128935 -1.72354603
v -17.30887032 -0.40896633 0.41855064
v -17.46885300 0.74549723 0.70734429
v -19.12799644 0.13734022 0.53767008
v -13.79525375 -1.58622217 3.20127320
v -14.66882229 0.16921337 2.10327220
v -10.03861904 -1.30383027 5.83890772
v -10.03141785 -2.90452456 5.21331978
v -14.04249763 2.12503433 2.77465558
v -12.28145695 1.68002152 4.82412767
v -11.99825859 -3.07261872 4.27650452
v -12.97296333 -2.60009050 3.75102568
v -12.32828522 -2.02945447 5.02818966
v -1.88480580 0.87134087 8.53209114
v -2.43037677 -1.05361748 9.14686966
v -1.19320893 -1.86042547 8.38837814
v -4.35586500 1.14975035 8.18061638
v -3.05192304 0.80171299 8.67268181
v -4.69876146 0.06370021 8.91571331
v -1.98227012 -3.95744419 8.10964203
v -3.79865766 -3.43338704 8.45433617
v -5.72063065 -3.07019639 7.51642799
v -5.88755369 -1.68939519 8.11261749
v -6.44709110 -1.07281244 7.10114241
v -18.53302956 -10.86630726 -5.21861219
v -19.43217659 -9.96136856 -4.14147186
v -17.04809189 -6.93999910 -1.30115116
v -18.48571396 -7.71696138 -1.42987466
v -17.71187210 -8.71827316 -1.19809330
v -18.60449028 -6.50580835 -2.50614309
v -17.58807945 -6.30322075 -1.87336695
v -19.84996223 -7.82999849 -2.45011497
v -17.51132584 -10.97692204 -2.15865850
v -18.66099739 -11.04891014 -2.82390022
v -13.99341774 -7.19289112 1.60249126
v -12.62175274 -8.21467495 3.13565397
v -12.64411449 -12.23023701 1.55830193
v -12.15081787 -11.89772797 2.77292418
v -13.96980572 -11.43001842 0.31353119
v -14.25864506 -8.96942711 1.11196601
v -10.44916534 -7.55580521 4.03031397
v -10.63770580 -10.11826897 4.00344372
v -9.46710110 -10.54328442 3.81571984
v -4.21231747 -9.24364662 6.86306810
v -5.27986383 -10.14756870 7.02339458
v -2.23476052 -8.76798534 6.84933662
v -2.78472042 -13.78944778 5.22686672
v -4.53622961 -13.39422607 5.69552469
v -6.27947092 -12.98094177 4.86091185
v -6.40323782 -11.74272060 5.80983877
v -6.98128557 -10.93360806 4.93698072
v -2.52299452 -11.41335106 6.53566694
v -2.90518260 -12.46438789 6.19439650
v -3.65636730 -11.65738297 7.17697430
v -17.43109703 -18.45417976 -7.18405390
v -16.67151260 -19.58477783 -7.99722385
v -18.18380928 -18.07298279 -6.15708637
v -15.61120701 -19.96659851 -5.81947565
v -15.41117287 -19.30151367 -5.22709036
v -15.60696793 -18.42402267 -4.63138819
v -17.33941269 -19.24221802 -4.64318419
v -15.95237064 -20.33198547 -7.26749849
v -15.87772465 -20.25120544 -6.39995956
v -17.69619179 -19.97994614 -6.02601290
v -17.84126091 -16.65477943 -6.16595984
v -12.99887276 -17.52446365 -1.27213478
v -12.98931408 -18.75801849 -2.40169621
v -13.03842163 -19.43295670 -1.15138280
v -9.52408123 -19.64544296 -0.59470212
v -9.93420601 -18.83696365 0.04441966
v -10.29833031 -18.06832123 0.32199645
v -10.84961319 -20.41724586 -0.31896845
v -11.14364719 -21.21964264 -3.04087734
v -9.91917133 -21.10371017 -1.95022583
v -11.97082233 -21.09594154 -1.67436051
v -3.57842898 -21.98085976 -0.05863815
v -3.11603785 -20.94280243 0.89731926
v -3.88138843 -20.86844635 1.92863476
v -4.69201422 -18.51443481 2.41698766
v -6.29745436 -18.88717651 1.63017786
v -4.85409164 -19.90632820 2.64853883
v -5.97977638 -21.76987267 -0.75734597
v -4.92053080 -22.20953369 -0.88516110
v -5.31714106 -22.21414757 0.50033337
v -6.51461601 -20.05853653 0.47161329
v -6.23312902 -20.71198845 1.45860791
v -13.43706131 -26.93632507 -10.92569447
v -15.44508648 -27.00420380 -10.52464294
v -14.10988998 -24.55459213 -8.90091515
v -14.32208920 -24.05101967 -9.17446327
v -14.93319416 -24.09562492 -9.69854736
v -15.66868591 -25.28134346 -9.20032024
v -11.26237202 -26.93521881 -5.09528017
v -11.65369701 -26.85762215 -5.47196484
v -10.92347622 -25.80226517 -5.10903597
v -13.42912674 -25.52332115 -9.22655869
v -15.21911812 -26.01301575 -9.06598186
v -4.23525143 24.51899338 2.93974161
v -4.63217783 24.95410728 2.95249867
v -4.52627659 23.86344147 2.73606133
v -0.44147056 25.28749084 4.75931025
v -0.72245800 23.94040680 4.87276030
v -1.00952530 23.06580162 4.67560387
v -7.44034910 26.10295105 -0.54085279
v -7.42932653 25.19076538 -0.91051090
v -8.19624329 25.71451378 -2.16474080
v -8.25665283 26.07811546 -1.50420582
v -8.34331322 26.24372482 -3.05624127
v -18.69185638 -17.20618057 -11.39207649
v -18.23338890 -17.79219437 -11.00027752
v -17.91405106 -17.94543648 -10.47672081
v -19.57766914 -14.93653870 -10.06243515
v -19.79615974 -15.34126568 -10.69842339
v -19.70532036 -15.84215260 -11.17548084
v -20.15130615 -15.82129860 -9.81319046
v -18.20368767 -17.56253815 -9.76632214
v -17.95933914 -16.92044067 -9.26056480
v -22.12106323 -8.52280140 -10.67202759
v -23.19827843 -8.88993549 -9.99571323
v -21.48932076 -6.67880011 -11.02039433
v -20.59976959 -6.59254122 -8.06126022
v -21.69027901 -7.83266449 -8.14211082
v -20.20180893 -10.70505905 -8.80141163
v -21.69196510 -10.13686848 -8.75377369
v -21.95681953 -10.44307041 -9.42057514
v -21.29663277 -6.10974407 -9.92599010
v -22.19861412 -7.03547382 -9.56257629
v -20.89698792 -6.15429497 -8.68940163
v -23.06789017 -7.72180605 -8.97556210
v -12.59114361 21.26009369 -6.01164103
v -13.91517639 21.37852097 -6.94115782
v -15.52930546 20.03203583 -6.09417248
v -17.63593483 18.12682915 -5.75511026
v -15.56889343 18.65862656 -5.04201317
v -20.99438286 7.24470901 -10.19966698
v -20.02994919 8.92438221 -7.44944906
v -18.85600090 8.00196362 -4.69681931
v -18.22211838 12.03549004 -4.48788643
v -10.65871716 21.89275742 -3.82206559
v -10.87364006 21.93274307 -2.92223501
v -10.56205750 21.98946953 -2.04101372
v -9.43076515 22.25912094 -2.38481188
v -15.39455509 21.38857079 -7.96944237
v -15.97791195 20.93171692 -7.29896355
v -18.27995682 16.41093826 -5.30237961
v -17.58974457 15.15633583 -4.57779217
v -14.54181671 -23.51418686 -16.46539688
v -15.57594967 -22.63433075 -17.39852524
v -17.25410271 -21.69480324 -17.21123505
v -16.75785065 -21.37876511 -14.38879681
v -15.16419220 -22.75129128 -14.03124142
v -15.82666969 -21.22011757 -11.64200592
v -18.10421562 -18.25935364 -12.25203419
v -19.45891762 -19.18924141 -15.92261791
v -20.19742775 -17.19610786 -15.73560238
v -19.17997169 -16.06032753 -12.31743813
v -20.41797447 -13.15804005 -14.12589169
v -13.61763096 -22.05662346 -19.92875671
v -14.20354843 -21.28976059 -20.38201523
v -13.81563377 -15.54762459 -22.57980156
v -14.03829765 -14.88919640 -22.81711769
v -11.81810474 -19.38263702 -22.41110039
v -15.26916218 -6.58380270 -22.82232285
v -14.72510433 -11.74585342 -22.64207268
v -16.43353653 -9.24797821 -21.83862305
v -14.41798401 -13.00345325 -22.91654205
v -20.43372726 -2.00765276 -18.63603592
v -19.20388031 -3.84844875 -20.09274864
v -19.98721504 -5.84559584 -19.43132401
v -17.89972687 -4.12120724 -21.23359680
v -18.40697289 -7.53270674 -20.84749413
v -20.03684235 -9.07978535 -19.37036514
v -20.81805038 -7.51210976 -18.03427696
v -20.75634384 -12.73062992 -16.91197395
v -20.56532860 -10.79363537 -18.58274269
v -21.65765953 -6.34326124 -16.22701836
v -22.14208221 -7.36850262 -16.19084740
v -21.70173836 -9.91141605 -14.55140114
v -22.36860275 -8.80391312 -16.20003700
v -21.56974792 -9.87855625 -16.31826782
v -21.43376160 -10.87678719 -15.28473377
v -22.30688477 -9.87709427 -15.67848110
v -8.62895107 21.08874702 -15.73552322
v -9.57979679 17.57775688 -17.99166107
v -13.58836079 15.20642662 -18.45677757
v -12.49984074 17.16540527 -16.73538399
v -12.52713394 14.21044731 -19.33076668
v -13.35154438 19.84446335 -13.04281807
v -11.54656029 22.56858635 -11.04783726
v -13.30493927 21.13280487 -11.45347881
v -12.15421104 22.43426132 -9.33184910
v -8.54587650 26.27716255 -8.69744301
v -8.96239662 24.42807388 -4.69084215
v -10.76228523 22.92389870 -6.27743006
v -14.55103970 12.58429813 -20.10449028
v -15.26632881 9.42657852 -21.29939842
v -12.92103958 18.11651039 -2.06539559
v -12.29316044 19.55989456 -1.55605733
v -12.85357380 19.53429604 -2.92205238
v -10.61159229 20.17578125 -1.00391853
v -11.09454060 20.86770821 -1.01909816
v -11.38207054 18.86627007 -0.91419715
v -16.72917557 13.77122688 -1.64760864
v -16.39768791 13.88938522 -0.58571023
v -22.66632271 0.30806759 -10.29920006
v -23.37518120 1.74226701 -10.12165260
v -22.02677917 2.05252004 -11.17037296
v -21.73322105 1.91615415 -6.85018587
v -22.28226471 0.80250293 -7.31644726
v -21.05560303 -0.28405410 -7.47682667
v -22.19740105 -0.45757252 -9.04976177
v -22.63685799 -0.08852335 -9.72340298
v -23.74090004 0.75968939 -8.26800728
v -21.97525024 4.32208300 -9.04939365
v -22.20573616 3.72855258 -7.55484438
v -23.59044647 3.46117234 -8.75389862
v -20.79303551 3.91093111 -7.09113646
v -22.50296783 -0.17046407 -14.81741905
v -22.41366196 1.78119671 -14.28113174
v -23.40302658 1.69316053 -15.11279488
v -21.82032204 3.33371258 -17.44004822
v -21.11519623 1.82934225 -18.06569481
v -22.95419502 1.45299947 -17.24654579
v -22.36754990 3.93352294 -14.56348705
v -22.21456909 4.31700134 -15.07351017
v -22.13573647 4.32189846 -15.90250206
v -23.23451042 3.43871903 -15.80239296
v -19.47183228 1.83545756 -19.91552925
v -17.78218842 0.66690052 -21.22769928
v -19.98679352 5.64948559 -19.71137619
v -15.31274986 6.42449951 -21.84177971
v -17.22914124 7.14895868 -21.33870888
v -16.63712311 8.50213909 -21.43081474
v -16.02436066 2.10582638 -22.14539909
v -18.35703659 6.30869770 -20.96965981
v -17.50203133 8.72347355 -0.70639634
v -18.20532036 9.76293850 -1.27483380
v -18.22738457 10.37445259 0.16514529
v -17.99715042 9.12975407 -2.57133746
v -14.97068882 13.29735565 0.45098990
v -15.89508915 12.03414726 0.99919218
v -20.55288696 10.55571842 -8.09200096
v -19.35888863 11.65899563 -5.89376068
v -15.21990776 13.82033348 -0.04742134
v -16.79637146 20.41688919 -23.22604561
v -16.53206444 19.18086624 -21.63029480
v -15.88438892 17.94491768 -23.64625359
v -15.76294899 15.94232655 -23.17343521
v -15.65735054 16.83165359 -20.63390541
v -15.96385193 17.54131699 -19.61579514
v -22.31454659 23.11705017 -27.69164276
v -22.99711418 22.58598900 -26.26768494
v -21.39458275 23.30079651 -26.48135757
v -20.57177925 23.49908066 -27.54898262
v -19.68357086 23.42164230 -27.52418137
v -20.00401306 23.26747513 -25.24142647
v -20.84490585 22.84471321 -24.05154800
v -19.51460648 22.31104469 -23.09387779
v -22.17739105 22.92991829 -25.48271942
v -22.50830650 21.99784851 -23.88363838
v -24.34518433 16.17758751 -28.84350395
v -24.93087006 17.76470566 -27.88477707
v -25.16768646 18.47069550 -29.24804497
v -24.96669197 20.05495644 -29.09430313
v -24.75704956 17.28854179 -26.08421516
v -24.91235924 19.32811546 -26.86190987
v -24.04865074 15.64277649 -26.58228302
v -18.04730225 14.88132000 -30.59040833
v -18.10715866 14.80297661 -27.93710327
v -19.95013428 14.10085964 -28.07705688
v -20.96176529 14.11586380 -28.94598198
v -19.58838654 13.77736187 -26.84406281
v -21.50272942 13.24665260 -26.20425797
v -17.41754913 14.71749496 -26.38628578
v -16.61104393 20.67671585 -29.36239052
v -16.69183922 21.37372780 -26.13403320
v -16.01075363 18.35972786 -27.80413246
v -23.93845367 21.32877541 -25.93510437
v -23.78934860 22.07799339 -27.93904495
v -24.35135460 20.34148598 -25.14181709
v -22.79590797 14.76718330 -28.66537666
v -22.59210968 14.35119724 -27.08927917
v -16.52231026 16.60199928 -28.26389885
v -16.33133507 16.08921432 -25.79705811
v -18.82951355 23.16460228 -27.53015709
v -17.81794548 22.48779488 -26.49375343
v -17.36045074 22.14226532 -27.79582024
v -18.29263115 22.07291031 -23.48135948
v -18.71429062 22.96804428 -25.19497871
v -19.20095062 22.55271912 -32.30519867
v -17.71833611 21.48400116 -32.88389969
v -16.91937447 20.11907196 -33.17596436
v -16.69470215 16.71585846 -33.28786850
v -17.04198265 15.81034470 -31.66039658
v -17.19709587 14.99347782 -34.12154007
v -17.92158127 14.06637955 -34.40265656
v -18.09167671 14.31484127 -32.46690369
v -22.42929649 12.77917004 -34.37160110
v -23.35686874 13.41510677 -34.12275314
v -23.61883163 13.94403458 -34.23299789
v -25.47010612 17.13482475 -32.18713760
v -25.21260834 15.87104321 -32.47978210
v -24.51655769 15.32329464 -32.09425735
v -23.27274132 14.24849510 -32.00326157
v -21.85810661 13.57440662 -32.19416809
v -25.07721138 19.45603752 -33.02744293
v -24.12166214 21.25753021 -32.64403152
v -23.36626816 21.86321449 -33.60569763
v -16.59847069 18.96337700 -33.78179550
v -16.43033600 18.20200157 -33.02622604
v -20.16436577 13.21889019 -34.27091217
v -19.60505295 13.03420830 -34.16985703
v -19.52818108 13.01236629 -33.62265396
v -19.52158356 13.32621479 -32.92089081
v -20.37844086 13.51314735 -32.20544434
v -20.39067650 12.97736073 -33.55458832
v -20.61709404 12.83922958 -34.15061188
v -24.35337448 14.28693771 -33.01913452
v -25.43764114 17.02249908 -34.05300140
v -25.57021523 17.41274261 -33.10648346
v -22.14012527 22.70288277 -32.25920486
v -21.07603455 22.82325363 -32.65550613
v -24.09258461 16.73599625 -19.54863930
v -23.17272758 17.92851830 -19.31898308
v -24.48197746 14.26051140 -17.22373390
v -20.86531258 10.35604763 -23.58583832
v -22.31910133 9.75186634 -22.35226631
v -20.50065994 8.12329483 -21.56178284
v -23.00279999 9.11495686 -21.00504875
v -24.06539726 10.87428570 -21.53739929
v -23.02848625 8.69628716 -19.28992844
v -22.61110878 8.25344658 -17.46724892
v -23.99725151 9.84969330 -17.95675659
v -20.25146866 7.07291603 -20.64832306
v -21.46920395 7.60163355 -20.24609566
v -21.49300766 7.13516140 -18.95811081
v -15.04164982 13.30383301 -20.18988037
v -16.32294846 10.63243961 -21.30400658
v -17.57024765 10.08546162 -22.24637604
v -18.92008972 19.83185005 -19.74484253
v -18.80518150 18.99666023 -18.32712555
v -17.32264900 18.63243675 -17.96155739
v -19.11730576 18.94831467 -17.16889572
v -21.37899590 19.03494453 -19.14735603
v -21.23413277 18.44988060 -16.96512222
v -24.52949905 11.91223621 -21.42058563
v -24.84489441 12.39844322 -20.11119843
v -24.71341896 15.55007076 -21.88351822
v -24.83361816 11.80546570 -17.78966522
v -24.51262093 10.86301517 -17.95563889
v -18.67115974 9.37194252 -22.43603706
v -19.83935547 10.02013493 -23.27537537
v -17.92500496 7.86599255 -21.38452530
v -19.02572823 7.28471899 -21.12806511
v -24.09370232 19.53238106 -23.14564323
v -22.86898994 20.86007309 -22.60012817
v -23.99838638 14.27530003 -24.97438049
v -21.83604050 11.38691521 -24.24518204
v -16.46323776 14.71315002 -24.44598007
v -17.67317772 13.39814949 -25.05342674
v -17.85512352 20.95333672 -22.05995560
v -21.25026512 21.59329987 -22.21288490
v -20.37087631 21.70062256 -22.09065819
v -18.86361122 12.80368328 -25.38240051
v -15.88132572 21.28871536 -9.15198994
v -13.28590202 21.79928398 -7.72067404
v -18.85806084 19.35700607 -8.38507366
v -17.03760529 20.85236359 -8.61619568
v -20.64831543 13.10444450 -7.00671101
v -20.54175568 14.89604187 -6.86479902
v -20.69887733 16.08765793 -7.71423626
v -19.55607796 14.14993954 -5.56646538
v -19.77005959 17.86734772 -7.75495005
v -24.17456627 13.62396336 -15.24907207
v -23.38755035 16.07660484 -15.18958187
v -20.07381439 19.03845596 -11.78478813
v -21.91170883 15.49144173 -10.20063114
v -15.47680855 18.34425926 -15.82150936
v -14.34467983 18.38834381 -14.91783047
v -14.80915165 16.54749489 -17.67096710
v -14.04489994 16.66772079 -17.05158615
v -14.99532509 19.86001587 -13.32950878
v -24.30353165 12.01649189 -15.38239479
v -22.62519455 13.33808899 -10.75632381
v -19.84129715 19.28792763 -13.52083015
v -18.74841499 19.28682137 -15.48305607
v -15.39774132 21.10135269 -10.66104412
v -14.50949001 21.05507088 -11.13288498
v -14.87751865 15.63342953 -19.01433945
v -18.51398087 20.27717400 -34.03532410
v -18.29300117 21.32828331 -33.94188690
v -16.86462021 18.82171822 -34.12830734
v -21.61405182 15.31184101 -34.36214447
v -23.83131790 14.40176487 -34.39003372
v -25.05478096 17.71830368 -34.24784851
v -25.35011864 15.98541641 -34.32125854
v -23.59262657 21.00546074 -34.02437973
v -23.25315285 21.56610107 -33.96453094
v -24.81613541 19.57919693 -34.12799072
v -21.32770348 22.27186394 -33.89191055
v -21.57350349 8.79398727 -11.36263847
v -21.90984535 7.48643732 -15.19852734
v -21.57157707 6.57158232 -14.90352058
v -21.10299873 6.10658407 -17.51614380
v -18.82782745 13.07096577 -5.05378294
v -21.51881790 -16.91044235 -19.44556808
v -21.31631851 -14.99654293 -18.37806511
v -23.21016121 -8.84776688 -27.75539589
v -23.09390450 -8.99357224 -25.18155098
v -21.83933258 -8.00440598 -25.88474083
v -21.42283630 -7.75092793 -27.35176659
v -20.29547882 -7.59505081 -26.02978325
v -20.85495186 -8.61657143 -22.25510597
v -19.53521156 -8.03278351 -22.93114281
v -22.33399200 -9.74953651 -22.33391190
v -22.67974281 -15.75593758 -28.24355698
v -24.33510208 -12.81049728 -26.63979530
v -23.55755997 -13.65214729 -23.44273186
v -23.19462013 -14.75459480 -23.62462425
v -22.29304695 -15.88029099 -24.85161591
v -17.30071449 -14.94650841 -27.87571335
v -18.72978973 -16.02469635 -26.85592461
v -19.61753654 -16.31923294 -27.55077744
v -18.24155045 -16.57206726 -25.51913452
v -19.77068520 -16.93309212 -25.30422401
v -16.52506828 -14.56709480 -25.85406494
v -15.93685341 -11.42449188 -26.02030182
v -15.74120045 -10.71208954 -23.71023750
v -16.45370483 -9.68797493 -23.31546402
v -24.27681923 -11.14508915 -26.49641228
v -23.93467903 -9.85206699 -27.28270149
v -23.34812737 -11.90458775 -22.54638672
v -21.22513580 -16.30461502 -27.47741699
v -21.15018272 -16.56855965 -25.14168549
v -20.63547325 -16.34085274 -26.22861099
v -16.26590347 -12.93579769 -27.45954514
v -15.83359432 -12.91377163 -25.51489449
v -19.36292267 -7.69513321 -26.77673340
v -18.27862358 -8.13390541 -27.40400887
v -17.81423187 -8.37525177 -24.10259056
v -18.55072403 -7.99732924 -23.56353760
v -20.09461021 -8.22450924 -32.96183777
v -21.12661743 -8.19932365 -32.18909836
v -17.97239876 -8.99831200 -32.41921616
v -16.20127487 -13.11543751 -32.84609985
v -16.45370483 -13.94803715 -31.02809525
v -16.09379387 -14.60320663 -34.02362823
v -16.77934837 -15.23672009 -31.74233055
v -16.00124168 -14.99080563 -32.50821304
v -20.01110268 -17.13512039 -31.59928131
v -18.95471382 -17.55953598 -32.61079788
v -18.57589722 -16.66840553 -31.80289650
v -24.13878059 -16.61717224 -34.25159073
v -24.74048615 -15.42810345 -33.91839981
v -24.48805618 -14.72373486 -33.99475861
v -21.88828087 -16.85261345 -31.73433113
v -23.56006050 -15.46333408 -31.00265694
v -24.71826363 -13.36236572 -33.60749054
v -24.57492065 -11.51119518 -32.16949844
v -24.58210754 -13.12331104 -30.92058563
v -23.88861465 -9.96406460 -32.38859177
v -17.02963448 -9.74127007 -30.04670715
v -16.34556580 -11.44810772 -32.19092941
v -16.48305130 -15.68439293 -34.37767029
v -18.52154922 -16.95161629 -34.25058746
v -18.82566833 -17.63489342 -34.10118484
v -19.80359077 -17.83408546 -34.44866562
v -24.38091660 -14.77381611 -31.62537575
v -23.81103134 -16.12062454 -32.09903717
v -24.66818237 -14.58460426 -33.01041794
v -22.67691994 -8.81408978 -32.60033035
v -17.72057343 -20.06038666 -21.59685516
v -18.24762917 -20.56573296 -20.13142776
v -19.83092880 -19.70318604 -20.38525391
v -20.75860214 -18.66765785 -17.50368881
v -20.18998718 -18.88746643 -16.84466171
v -19.49821663 -20.21599579 -16.97951698
v -18.62065887 -20.88232231 -17.62674522
v -16.29872513 -21.27925491 -19.80832481
v -17.12961197 -21.47773552 -18.91092682
v -14.83248043 -18.49283600 -21.96318436
v -14.66477108 -16.62767792 -22.67878342
v -15.83571434 -18.43595505 -22.62771606
v -20.80354691 -19.84207344 -18.49982071
v -21.12996101 -19.18950272 -18.27456856
v -18.81908607 -20.71796608 -18.67574120
v -20.78309441 -18.86592102 -19.43993378
v -20.45329285 -20.26724052 -17.67762947
v -20.52720261 -19.78520584 -17.22534943
v -15.95266151 -20.27079391 -21.14488983
v -17.04146957 -19.21218681 -22.55981636
v -14.62383652 -13.65429306 -23.45215797
v -16.03299713 -10.05527306 -22.30106544
v -16.25622559 -16.51718903 -24.38781548
v -17.48549652 -17.10143852 -24.76837158
v -18.84438896 -17.88964272 -24.27935982
v -20.31755829 -20.23422241 -18.92051125
v -21.99170303 -16.75926018 -23.58720016
v -22.11409187 -17.71904564 -22.89621544
v -23.00496674 -15.38706779 -22.77745819
v -22.69350433 -16.29219818 -23.13660049
v -21.90388489 -11.13023472 -20.67832184
v -20.52067184 -9.64983559 -20.61841011
v -19.43358803 -8.60187912 -21.71781731
v -20.00116920 -9.55099010 -20.08579636
v -18.75541878 -8.75359535 -20.97039795
v -17.98725128 -8.65538216 -22.32858086
v -17.66433144 -8.77766228 -21.57894897
v -14.95080948 -14.97269058 -23.71470070
v -19.53155136 -18.62706947 -23.12564659
v -22.05777359 -16.80282021 -21.11562920
v -22.29262733 -17.24755859 -21.45129967
v -22.86361885 -16.73612785 -21.85468292
v -19.23381805 -8.98679924 -34.33098984
v -19.10903740 -8.72995090 -34.32283783
v -17.12279129 -10.54165173 -34.29682159
v -16.48209000 -11.70941162 -34.26617432
v -18.36778069 -16.35669327 -34.42757034
v -22.32205009 -16.74134064 -34.38218689
v -21.99349785 -17.15667915 -34.18655014
v -21.07306099 -17.58207512 -34.42215347
v -24.51380539 -13.39093399 -34.24948120
v -22.63432693 -12.49876404 -34.30101013
v -23.53151894 -9.90366173 -34.30619431
v -24.53366089 -12.15281868 -34.25711441
v -22.04078674 -8.86858177 -34.32623291
v -5.13211918 -32.26955795 -24.75534439
v -9.43172646 -30.59789848 -21.95312119
v -9.53546906 -29.06600571 -22.10885239
v -9.30092907 -30.49783516 -22.95174599
v -7.44682312 -31.17125320 -23.79161263
v -8.27913857 -31.85303116 -22.87316322
v -9.01179314 -28.67901230 -22.77462006
v -8.05804634 -28.77837372 -23.41795349
v -8.71288872 -29.33519554 -23.61951637
v -12.50312042 -29.70587730 -18.04549217
v -12.15501690 -30.01058960 -19.13468361
v -13.43448544 -30.62276077 -18.72724533
v -11.38612556 -30.91800499 -19.96042252
v -11.20202255 -32.18908691 -19.96204185
v -12.51028252 -31.85808563 -19.97615623
v -11.82513523 -32.58717728 -17.85799408
v -12.17978859 -31.54137421 -17.18933487
v -13.07944393 -32.12802505 -18.13775635
v -12.70462799 -30.20031357 -17.16331291
v -12.75979137 -29.96289062 -17.58757782
v -12.01869106 -30.58863640 -11.97042656
v -12.38829327 -30.28809929 -12.27193832
v -12.51781273 -29.95733452 -12.77479935
v -13.55244637 -31.09829140 -12.71018410
v -12.75320816 -30.45961571 -13.92870998
v -12.38890457 -31.46379280 -14.54271889
v -13.54412556 -31.55854988 -13.72117233
v -11.41868973 -32.12404251 -12.18683720
v -8.18762016 -30.89736176 -8.37964916
v -9.24618816 -30.72344971 -8.99154472
v -9.40069580 -31.66560936 -7.93824339
v -9.78217316 -31.04918480 -9.55175400
v -9.67899704 -31.90820503 -10.17756557
v -10.10772419 -32.30475616 -8.91052628
v -7.47367382 -31.99837494 -8.28958511
v -4.86296511 -30.91537285 -6.92325306
v -4.93656588 -31.79664993 -7.31081915
v -4.80016708 -31.81722069 -6.20011044
v -3.73135686 -33.01224136 -7.45963287
v -3.89384270 -32.99214172 -6.35285378
v -3.53315330 -30.48059464 -6.50451803
v -3.51753950 -31.30318832 -5.71061850
v -12.18207169 -32.54067993 -19.38306046
v -13.26249409 -31.79287910 -19.38542938
v -7.98184681 -41.10053635 -11.48865700
v -8.27443218 -41.44849396 -12.39076805
v -7.13324594 -43.56236267 -12.18534565
v -8.29026985 -40.20804596 -13.01927853
v -7.01809549 -44.22908020 -13.75845623
v -7.43322325 -43.85049820 -12.90071201
v -8.62389183 -39.60996246 -9.61176109
v -8.17806244 -39.84841156 -9.41630936
v -6.68729019 -40.08307648 -9.81722832
v -9.36364365 -36.08632278 -14.77965069
v -10.37561131 -34.17412186 -16.73718071
v -10.14489269 -33.62174606 -18.90638161
v -7.67777491 -39.94804382 -20.27772141
v -8.68192387 -37.50683212 -12.88596725
v -8.29745007 -39.65094757 -18.62468910
v -8.00417519 -41.69181442 -16.33045197
v -7.90580416 -40.53172684 -14.59902000
v -8.61538696 -39.64509964 -15.76738644
v -8.39698315 -40.96940613 -16.34404755
v -8.16268539 -41.15754318 -16.07968140
v -8.67955399 -40.21926498 -16.19039917
v -8.19333363 -41.41565704 -16.26781082
v -8.12985134 -41.33623505 -15.69510078
v -8.33896828 -40.87901688 -15.64219761
v -16.91738701 13.91802025 -3.60881424
v -15.64046001 16.82986450 -3.84047055
v -13.63443947 19.14769173 -4.21389055
v -15.77569389 -16.34601402 -4.14664221
v -14.82853031 -16.00268936 -3.47094750
v -16.50948715 -13.87981415 -4.26573563
v -16.76256371 -16.35844231 -4.50515938
v -14.71320248 -14.02481651 -1.95920455
v -17.23940849 -16.16280556 -5.04667377
v -17.43841553 -14.86620998 -6.86264658
v -17.57707214 -16.16802025 -5.70114660
v -18.39866829 -14.49946022 -8.59561729
v -13.73570728 -20.71056747 -6.54904318
v -13.59312725 -18.66159630 -4.28860998
v -12.55725574 -22.14737320 -6.64414883
v -16.17262650 -17.67454910 -4.27042246
v -14.52425480 -21.50487518 -8.97516727
v -15.88291168 -20.02102280 -9.77558994
v -16.31231117 -20.08116150 -7.77620554
v -8.74659157 -17.27200699 0.57924604
v -10.66364765 -14.77154446 1.03695679
v -10.89800930 -17.38501740 0.24218851
v -8.19164848 -15.34913826 2.12024236
v -11.74616909 -17.09696198 -0.11332674
v -13.18628025 -15.21927643 -1.20622945
v -12.54432774 -17.31484604 -0.63285512
v -10.44744110 -22.17541695 -4.85178804
v -7.27955818 -23.14804077 -3.93115306
v -8.06585789 -20.85390472 -2.07750440
v -12.22280598 -20.64108086 -3.25764346
v -12.16219234 -21.02369118 -5.09212017
v -9.53419209 -20.47717285 -1.34543920
v -3.55431008 -19.08552361 2.46506739
v -3.25387168 -16.70452499 3.17527509
v -6.50062084 -16.54860115 2.15231299
v -4.11544704 -23.23063278 -2.70595908
v -2.55132627 -22.39783096 -1.37477136
v -6.42634249 -22.08112526 -2.47075462
v -2.82800770 -19.33390045 1.86715293
v -7.31168127 -5.96608448 5.64386415
v -6.25066519 -8.77186871 5.77818918
v -7.43988514 -13.24540520 3.50604630
v -5.70446396 -13.81564617 4.24964762
v -7.92648649 -9.77220631 4.55470037
v -6.78717661 -9.71703148 5.36121845
v -2.54916716 -10.35875988 6.84189177
v -11.79559135 -5.45190144 3.43621755
v -13.32042122 -5.42983627 2.25737190
v -15.36219883 -4.43754244 0.63846350
v -9.67527103 -12.35351086 2.91381931
v -16.87880707 -5.16092873 -1.36061215
v -18.91616631 -4.85380220 -4.63799715
v -19.00850868 -6.56336689 -3.29995680
v -20.28862381 -2.14983773 -7.23171234
v -19.01603889 -6.54261827 -4.42985392
v -15.82477379 -12.23117828 -2.30055404
v -18.07487869 -11.92347908 -5.83732796
v -18.13786125 -11.49192142 -4.71190691
v -19.17092133 -8.20876694 -6.33886242
v -19.15906525 -7.48283005 -4.97742414
v -15.76776791 -9.61176205 -1.15483212
v -16.53917503 -10.36234093 -1.70822155
v -5.69015312 2.77376676 7.14876127
v -7.38372183 4.02973461 6.46731281
v -5.72268438 1.04658723 7.42521858
v -6.16310263 -4.16132164 6.46287584
v -5.08169317 -3.98476219 7.16433573
v -7.42482376 0.00851794 6.48638916
v -6.24181795 0.12554413 7.23279524
v -9.90174007 1.83135653 5.58151674
v -10.50008202 5.19070196 4.77968168
v -14.63747597 5.26590204 1.86831141
v -17.51996231 2.68816614 0.45554507
v -16.31687927 4.69420624 0.06454939
v -17.76607323 3.33755684 -0.20279801
v -18.36846542 3.62766719 -1.03605509
v -18.62318611 5.04672623 -3.50307083
v -19.10906410 3.44245791 -1.83321285
v -16.24701118 -2.59366584 -0.03212329
v -19.72240829 -0.73106807 -3.05108047
v -19.23563576 -1.88526833 -4.75645828
v -18.71049881 -2.61367702 -3.72314167
v -19.26986504 -1.40052259 -2.59608817
v -19.51618767 1.54454422 -5.08680820
v -19.92870903 0.18023270 -3.22528338
v -15.89765644 -1.22890007 0.62234920
v -17.42988396 1.83123791 0.71226805
v -1.68830585 12.07208252 6.48683023
v -4.64636993 12.43913746 5.64793205
v -5.85960340 13.88421154 4.78710699
v -4.82123137 10.99806595 6.34229517
v -0.80560988 6.31133080 8.06481457
v -6.37096930 6.28729057 6.57932329
v -4.68547106 5.80136013 7.54454899
v -6.77374125 9.47463894 5.75623655
v -5.39565897 10.04879570 6.43992901
v -7.57877874 13.09105587 4.34359503
v -7.67121172 15.09536457 3.48884559
v -12.32104492 15.80729008 -0.11019342
v -11.84685802 12.19787025 2.39621949
v -16.22647285 6.94726658 -0.05403031
v -16.90006065 8.75859833 0.08541635
v -15.25624466 7.33379889 0.92125374
v -15.84299469 8.64095402 0.61992675
v -18.29552841 8.10296726 -3.62118959
v -17.88740540 7.35391569 -2.59672022
v -14.62820721 8.88403702 1.23227036
v -15.26761913 9.70449734 0.93125933
v -13.46281719 14.56274986 -0.31615105
v -17.76417732 11.78324223 -2.26063681
v -17.65653801 11.73100281 -3.60918283
v -18.06424141 10.57187843 -2.28359699
v -15.32646847 15.43832016 -2.70649219
v -16.96962738 13.00635052 -2.56807256
v -10.25220680 18.36519623 -0.15456699
v -8.61586094 21.69849777 -1.21637654
v -7.27460814 22.99742889 -0.17451897
v -9.26709461 21.60549164 -1.50684547
v -8.08000755 24.17759132 -2.24395633
v -13.88263130 18.17440796 -3.41180897
v -11.51977921 21.29410553 -4.61801243
v -4.96944618 21.26177216 2.48865938
v -3.80855799 22.54347801 3.16531539
v -6.18454885 22.48597908 1.18842340
v -4.50417185 18.65729713 3.48630476
v -2.64874935 14.08674622 5.59082127
v -3.59951973 15.58200645 5.12556028
v -4.50168371 15.13744068 4.75129747
v -0.28511390 19.17350769 4.82460165
v -2.24926209 20.64898109 4.07900572
v -4.44215202 26.05893707 2.68073273
v -5.09680033 25.91860199 2.46086764
v -3.18441820 -25.80800629 -3.11414194
v -2.24726081 -24.59769630 -3.25551081
v -3.81103325 -25.54138374 -3.02780414
v -4.39109516 -24.76463127 -3.52913809
v -5.30634594 -25.24906158 -3.62282205
v -6.31133080 -24.33691788 -4.40952682
v -5.94839001 -25.10735130 -4.38846207
v -4.02945805 -28.25415611 -5.42715025
v -3.50731659 -28.93313599 -6.64632797
v -1.96204829 -28.15390205 -5.86739731
v -3.01374364 -28.04141808 -4.66103649
v -5.60135317 -27.84994125 -6.17704487
v -5.80936480 -28.13273239 -6.93641806
v -6.42181349 -29.08526611 -7.72496605
v -6.13732529 -26.53846931 -5.08064032
v -6.63265562 -26.03405380 -5.89742088
v -2.45005894 -26.65021706 -4.10693598
v -1.70487761 -26.72641563 -4.79595375
v -9.20698166 -25.31886292 -5.15586662
v -8.46959400 -23.88798332 -5.11766100
v -9.66442204 -24.79601669 -5.23841286
v -10.44270134 -23.30502319 -5.82984972
v -10.11293697 -24.14976120 -5.67349911
v -10.82091331 -24.12406158 -6.23802614
v -11.88802528 -24.02321625 -7.68412733
v -11.28833389 -24.37041092 -6.82962132
v -9.94452667 -27.70045090 -7.45759201
v -8.76489162 -28.21040726 -8.46569729
v -8.99807549 -28.86977768 -9.13141251
v -7.37950897 -27.22469711 -7.03909445
v -8.87042522 -27.60712051 -6.55262375
v -10.79363537 -27.24928856 -7.97710752
v -10.51000214 -27.61412621 -9.41191292
v -10.79500389 -28.62227058 -10.49441433
v -11.30147266 -25.78151894 -7.68370581
v -11.51232147 -25.22838593 -8.45124149
v -8.58906269 -26.66862869 -5.97294998
v -15.20740128 -24.32957077 -11.04414463
v -14.82031536 -22.79447365 -11.29044056
v -13.98938847 -24.90980530 -13.28656006
v -14.67868996 -25.39457703 -11.87890244
v -13.08631611 -26.84132385 -13.66119099
v -12.54377460 -28.31567764 -14.87571526
v -14.24467659 -26.68810654 -11.95676136
v -11.76217842 -26.93748283 -10.20609570
v -12.87216949 -23.30539131 -8.15046787
v -12.46178150 -27.55967331 -12.27802086
v -12.08405685 -28.70290756 -13.05051994
v -15.18723106 -24.11034393 -10.40991974
v -2.18762136 -33.64190292 -7.91007233
v -0.79381382 -32.94901276 -7.36055088
v -1.99867404 -32.68457413 -6.71395111
v -4.37255859 -33.41401291 -8.51024818
v -4.85188007 -34.48661423 -9.04360008
v -2.36042976 -30.62929153 -6.35893631
v -1.69874263 -29.88403130 -6.67353392
v -5.46124649 -30.82528496 -7.98429251
v -1.20664084 -31.71337509 -6.80045080
v -8.26346588 -33.49166107 -9.70121956
v -7.58025312 -34.01258469 -10.45786762
v -6.94534445 -34.59338379 -10.19998646
v -5.96871758 -33.56883621 -9.26519871
v -7.25059414 -33.15944672 -8.86718559
v -9.15114117 -33.18744278 -10.07492256
v -9.15474224 -33.34236526 -11.48639202
v -9.23770905 -35.06588364 -12.12027454
v -7.72309637 -29.84797096 -8.76631355
v -10.02833557 -30.31295776 -10.69923019
v -6.04649782 -32.28864288 -8.77271175
v -0.00563474 -35.28142929 -7.78810644
v -3.30222106 -36.27861786 -8.72600079
v -4.10405588 -37.52381516 -9.27269936
v -3.23939657 -40.20266342 -9.97991562
v -2.01801062 -39.36468887 -9.41235065
v -0.34487772 -39.25626373 -8.94341278
v 0.11387310 29.10815811 6.00826263
v -0.24896206 28.84817886 6.10156155
v -0.45499212 27.80762863 5.74045753
v -0.05476757 27.51322746 5.41114140
v -4.22428799 35.23623657 -4.66235447
v -5.04721975 34.85583878 2.25805640
v -0.81928867 27.62289429 5.35906935
v -0.92999548 27.86468697 5.69203568
v -1.69516826 27.99982452 4.96192074
v -1.19044423 38.34924316 -3.27090096
v -3.81978130 30.89248085 4.43209171
v -7.12258196 28.07798195 -0.79925442
v -8.01328087 27.73312950 -1.15408170
v -6.49127388 27.93795204 0.20261781
v -5.49622869 24.06759644 1.89265406
v -5.59067631 24.52938271 2.18317223
v -0.26055408 34.74520493 -8.08037567
v -3.34931350 33.03488922 -8.36254692
v -2.22713327 23.20955086 4.17969179
v -1.82807183 25.82984161 4.26871109
v -1.72936499 24.78287888 4.73772383
v -6.35185337 31.85027885 -6.16502476
v -6.31869841 31.28004456 -0.29413214
v -5.75568008 32.87416077 1.61180902
v -1.07079160 29.56388664 5.79431343
v -3.50799942 28.75843811 4.17543316
v -4.31422520 30.87338638 3.61300087
v -6.91668797 30.03444290 -2.01386857
v -5.42865801 35.13161469 -1.68448794
v -2.95513248 31.25931931 5.12707376
v -5.91340780 30.88041878 1.45764577
v -2.59853530 23.78619194 3.74267626
v -6.42501259 24.44904709 0.41962358
v -5.86780548 25.90087509 1.15959799
v -3.67913842 26.93308640 3.27396202
v -5.71357441 27.73176956 1.18182099
v -7.85361385 27.56421852 -2.91012287
v -8.30989933 26.09166527 -4.44736385
v -7.25354338 24.45287895 -0.79097009
v -6.50362301 29.53121376 -0.68920249
v -4.85611963 32.58443832 3.15170264
v -4.84024191 33.69753647 3.04734135
v -0.99597579 -43.42254639 -10.09918308
v -0.66787475 -42.74915695 -9.33863449
v 0.79130912 -43.59693146 -9.79750729
v 0.03833730 -43.37170410 -9.44108677
v -4.05692196 -42.55046082 -10.81057644
v 1.78354740 -47.44141769 -11.73076248
v 0.34580874 -45.48477554 -10.86632442
v 1.28317225 -48.10115433 -12.44094181
v 0.54406184 -47.12055206 -11.54013252
v -6.80584764 -42.64690781 -11.49337482
v -8.89937496 -37.89907455 -11.61594486
v -0.57372320 -41.56932449 -9.32991219
v -1.86483908 -41.86917114 -9.98719883
v -0.01036107 -41.95396042 -9.00596046
v -6.42392015 -45.52270126 -13.49888897
v -4.88026476 -46.15139389 -13.05400848
v -4.19219446 -47.15765762 -14.00830746
v -1.86283469 -37.28750229 -7.23906183
v -1.68742049 -37.92738342 -7.39425421
v -2.45751047 -37.49129868 -7.49768066
v -8.55145645 -33.10112762 -8.06054878
v -9.18420601 -33.40821838 -8.53215599
v -11.39904690 -33.44684601 -13.68952942
v -9.97496510 -33.93619919 -13.06074905
v -11.35624027 -33.24036026 -12.76663685
v -11.88851261 -32.89803696 -14.63902950
v -10.73539162 -33.28646469 -15.67121410
v -11.27237701 -29.34009361 -11.71773243
v -12.80265713 -30.22116661 -13.38666916
v -11.58051109 -31.14842415 -15.53916645
v -10.00782585 -32.86896896 -12.17619991
v -10.73781395 -32.77844238 -19.24616814
v -11.48228455 -32.84027100 -18.36577797
v -10.74645042 -33.12089920 -17.23682976
v -9.92022419 -32.54181290 -20.14015579
v -9.17662239 -32.89740372 -21.14007187
v -12.10685253 -28.90483475 -16.74394989
v -10.04385948 -30.39891052 -20.70110130
v -11.45182037 -31.47552872 -16.39072227
v -15.97580624 -25.93433952 -10.91070080
v -12.73240757 -32.76848984 -12.36051464
v -13.65547752 -32.14601135 -12.84941959
v -13.42753410 -32.17378998 -12.43279171
v -12.77737999 -33.21768951 -12.87427616
v -12.98454857 -33.07876968 -13.69621086
v -13.60637093 -32.48585892 -13.41652775
v -13.42437458 -31.12967682 -17.89688301
v -12.80939770 -30.98622704 -19.79005051
v -12.21443272 -18.64014244 0.20169212
v -4.61927605 -10.94698429 7.40762997
v -5.15810442 -11.64340115 7.05501127
v -4.88129139 -12.38584423 6.81951094
v -5.59908867 -13.11425304 5.62615681
v -5.55848742 -10.87683964 7.10746145
v -3.93283820 -0.65700018 9.47926617
v -4.51677084 -1.41068625 9.29545307
v -4.17737007 -2.24562836 9.26193333
v -2.61836386 -2.34731722 9.05418491
v -4.98800945 -3.12796569 8.29154682
v -4.99459171 -0.58453852 9.15861225
v -3.46926236 9.72824764 8.96576691
v -4.19682837 8.46223450 9.06742954
v -3.25551081 7.94961834 9.37905216
v -4.62296200 6.89318371 8.49650383
v -4.45018101 9.79065132 8.65506649
v -3.43774462 16.27739525 5.49750566
v -2.72533178 17.28209114 5.92398167
v -1.99598837 17.15952301 6.13733816
v -1.54924428 23.99712181 4.94903994
v -2.13456631 24.81060410 4.28377199
v -1.07397759 28.52956581 5.87055016
v -5.23158026 -27.59976196 -2.89379478
v -5.90910482 -27.61741638 -4.04308414
v -5.48847437 -28.11078644 -4.71773911
v -4.45086575 -28.45280647 -3.69723225
v -5.11781883 -26.33390808 -2.82334733
v -5.87495422 -26.62154198 -3.41965556
v -11.90711498 -9.39612770 3.75822711
v -11.59879780 -11.47110748 3.25793314
v -13.21591568 -10.10693359 2.88917375
v -11.36970901 0.26645872 5.79656792
v -12.02200890 -1.28129792 5.52088737
v -13.01474953 -0.14131612 4.93418932
v -13.60826683 0.67774868 3.98023295
v -10.61186218 10.23058224 5.21006775
v -10.04321384 8.98741150 5.57544422
v -11.45579624 10.28427029 4.66316938
v -11.83116436 8.18701458 4.50152540
v -11.26491261 11.37872696 4.02520561
v -7.57676458 19.05786324 2.50021863
v -7.57498693 20.06904984 1.33538091
v -5.22347021 24.94399643 2.56185842
v -5.76470804 25.42510796 1.90317309
v -5.21592665 26.27858734 2.09554410
v -4.04484844 29.63822174 4.25350475
v -17.25860405 -17.58539200 -4.31576347
v -18.30111122 -17.83484840 -4.74697924
v -19.95617104 -8.81323433 -1.65303278
v -20.27840424 -9.12891197 -2.20636964
v -19.91003990 -10.01725197 -2.08143091
v -18.37415123 -10.06338406 -1.54281306
v -20.38196182 -0.38347831 -1.39362407
v -19.74707985 2.68234706 -0.35567325
v -18.06658363 12.30727386 -0.95903808
v -18.39142609 11.35157967 0.16251223
v -17.82330322 12.57256794 0.30276197
v -17.29821968 10.37701988 0.83764106
v -17.80830765 11.25747395 0.91914731
v -11.93047714 21.01367950 -1.69677436
v -10.43847561 21.40400887 -1.33033848
v -8.47699356 26.99146080 -1.42996025
v -8.22882748 26.75095749 -0.82936013
v -6.28675127 31.83880424 1.61747992
v -5.81772470 32.08418655 2.41295910
v -21.36535645 -5.39597511 -11.71025467
v -21.17975235 -7.87099504 -12.53985786
v -21.59453773 -3.30385375 -12.70007324
v -20.57596588 -11.09443569 -11.85275555
v -20.93111229 -10.72296429 -11.06884193
v -19.53374863 -9.22091103 -7.55139494
v -20.31492424 -5.12276936 -7.94846010
v -19.31989288 -11.32456493 -8.23830700
v -20.16984367 -9.57000160 -8.04166985
v -19.71804428 -12.80918694 -10.31227970
v -20.72173119 -11.11160278 -10.52085018
v -21.08835793 -4.40981627 -10.19358826
v -20.11465454 0.80987543 -6.36725712
v -21.36893654 2.88999009 -6.84089088
v -20.19559479 5.04804277 -6.99745226
v -21.93946648 -0.34782675 -8.22945976
v -21.57031250 -1.30999815 -11.46948814
v -21.40516853 -1.86199212 -10.56740284
v -21.38041687 5.20397234 -11.06905270
v -21.76768684 4.19319487 -10.45449734
v -21.62224388 2.53135467 -12.08336544
v -22.41884041 3.11753869 -10.58683491
v -22.13506508 -10.20311260 -10.08744335
v -23.43971825 -9.07573700 -9.26011658
v -23.38893890 -8.63463402 -8.68524170
v -23.96149635 2.54769278 -7.62369823
v -23.24556923 2.81305194 -7.18360949
v -24.21532440 2.59687805 -8.24567890
v -24.03833008 1.46998262 -7.75729990
v -24.29005051 1.48040962 -8.37206554
v -24.29036522 2.42391253 -8.91508102
v -5.50171852 -35.44093704 -9.26456642
v -6.32396936 -35.07683945 -9.61813354
v -7.60189676 -35.13455582 -10.45360184
v -8.55516911 -35.95269775 -9.44993305
v -8.62041569 -35.81893921 -11.16700268
v -9.07274818 -36.58073425 -9.53961563
v -6.31628084 -39.13224792 -8.53078651
v -4.37898350 -39.49110413 -9.83604527
v -4.90938616 -36.32016754 -9.20010948
v -6.37884235 -36.82803345 -8.19628334
v -6.59749079 -39.66773224 -9.09078503
v -9.29484749 -38.34677887 -9.57547760
v -8.39481544 -39.40484619 -11.04977894
v -8.89857197 -39.11505127 -9.87180233
v -7.88747835 -40.18549347 -11.00996685
v -8.78198051 -36.99149323 -11.18564415
v -9.15071392 -37.37639236 -9.86764240
v 1.34324050 -41.90161514 -9.27133369
v 0.54409474 -40.91849899 -9.11404800
v -1.81996858 -45.28857040 -11.33920479
v -3.69660687 -45.56403351 -12.17443657
v -2.01141810 -46.92272186 -12.52544880
v -2.80715394 -47.47126770 -13.52611542
v -13.83312988 -31.69578362 -13.21214962
v -12.83772945 -32.54910660 -18.72208405
v -13.47858906 -31.81063843 -18.59630203
v -13.35675716 -31.10608482 -19.45807457
v -7.45560455 -37.82074738 -7.24517059
v -8.38143921 -39.27203369 -7.40046787
v -10.06227779 -37.64638519 -8.12382126
v -4.77591133 -43.53939438 -11.01702499
v -5.48328686 -44.17789459 -11.63184261
v 0.62993240 -42.63918686 -9.11058521
v 1.54175317 -46.90915680 -11.21734619
v -21.68069458 -5.74549341 -14.38703156
v -21.41828156 -3.10420227 -16.22790718
v -20.77539444 -11.06152248 -13.56940365
v -22.44491005 -0.87757134 -16.09060669
v -22.01171875 -1.24206531 -15.17746353
v -21.73219490 -0.69359970 -13.57946110
v -22.00102997 -0.74081039 -16.93523788
v -20.95581055 -1.26686871 -17.76196480
v -21.44434738 5.47970629 -15.79559994
v -21.06276512 5.09106684 -17.19080353
v -22.07162094 3.84813285 -16.77548981
v -20.66591072 4.42848492 -18.35134888
v -21.58218765 5.08258867 -13.82654762
v -22.86598778 0.32067993 -17.01646805
v -14.61757660 -24.99513245 -15.93655682
v -15.25845623 -25.87815094 -16.62395859
v -2.02421474 42.70751572 7.26655054
v -1.36826766 36.57881165 9.00001812
v -1.89238739 42.33453369 4.90376139
v -0.70376658 34.86194992 8.42649460
v -0.61325359 42.36400223 2.77128029
v 1.10577095 36.02069473 10.42993069
v 1.03049266 41.61890793 0.22549823
v -3.47458601 39.62623596 4.96962547
v -3.12938976 38.08547211 6.86821461
v 0.29180598 32.89118576 7.79957294
v -2.88701463 39.80986404 0.64962763
v -2.79002833 33.49757385 6.17918348
v -2.10760355 33.33806610 6.74472380
v -2.34990406 34.52508545 6.87472725
v -3.95916891 39.14448929 2.57828879
v -0.47193152 32.55395508 7.33829355
v 0.41584516 32.34034348 7.63620567
v -2.53669310 33.54581451 6.57409000
v -14.39831543 -23.90532112 -14.48910332
v -13.07691574 -24.88322449 -17.83727074
v -13.91699219 -25.51934433 -17.59508324
v -12.83930874 -27.55388069 -15.41896725
v -11.69234943 -27.67215729 -18.92419624
v -12.25953674 -26.03131676 -18.71228981
v -20.24030304 -16.58246231 -10.21962833
v -8.47424889 27.35299873 -6.45804453
v -7.72318840 28.93272972 -4.42626667
v -8.41015339 27.93264580 -5.71084881
v -8.57184887 28.05246353 -6.40630484
v -19.53432846 -14.98135281 -11.87729549
v -19.14779663 -16.36528778 -11.60830307
v -17.14003754 -18.92872620 -10.96689034
v -19.00605965 -15.49158669 -8.97003269
v -19.27650070 -15.00320816 -9.38463402
v -18.55251312 -16.15422249 -8.93027401
v -17.20017624 -18.22780609 -10.05490494
v -19.48819733 -16.52337646 -9.04612827
v -19.89790154 -15.87638187 -9.31491089
v -8.89491177 -31.51175880 -22.44698906
v -8.14920330 -29.65400696 -23.91336441
v -9.44129753 -29.38069534 -22.88641930
v -11.41058636 -27.23114777 -6.74707556
v -11.01365376 -27.71876335 -6.08188629
v -4.91670609 -20.68028641 2.41735625
v -5.34197092 -21.32301712 1.77138865
v -5.02005339 -21.91274261 1.30270457
v -5.80515194 -20.61282921 2.11034203
v -19.28661156 2.51972961 0.22970784
v -19.81159019 1.45844984 0.39322063
v -20.30302238 1.55876935 -0.20959127
v -19.91538429 0.23012912 0.20558904
v -20.40270996 0.28616056 -0.39443183
v -20.66775322 0.99845493 -0.97633725
v -21.61399651 -17.79214096 -34.05205154
v -21.69290733 -17.81104660 -33.30273819
v -21.02295685 -18.48362541 -33.79375839
v -18.73830414 -17.73537254 -33.38726044
v -19.24553490 -18.24958038 -33.17779922
v -19.30620003 -18.43571091 -34.02309036
v -22.23754311 -17.23815918 -33.15636826
v -18.54635239 -17.06146812 -33.19473267
v -24.14171982 -16.68018723 -32.73948288
v -24.70133209 -15.88923168 -32.72909927
v -22.34601212 -16.94424438 -32.26315308
v -22.69265366 -17.35966110 -34.00104904
v -15.73451328 -14.96128941 -33.28014374
v -15.68146992 -15.82988167 -33.07291412
v -15.56341648 -15.93783760 -33.93035507
v -17.59181786 -17.21131516 -34.07003784
v -17.76717949 -17.18627357 -33.32975388
v -16.93087959 -17.27174950 -33.49355316
v -17.52941513 -16.34948921 -32.07783890
v -16.08365631 -14.41535091 -33.12416458
v -21.29305267 12.69085789 -34.38300323
v -21.29821396 12.51385021 -33.95497131
v -22.40430641 12.60380840 -34.14162827
v -22.71771240 13.20331478 -33.14617157
v -23.55595398 13.74558067 -33.48047256
v -18.86126709 13.12191486 -34.40035248
v -18.31884384 13.08415127 -34.14923859
v -17.19970894 14.43863392 -33.26075363
v -17.54080200 13.62510490 -33.93225098
v -16.99995995 15.20800686 -33.41348648
v -25.77151299 16.46802902 -34.02677536
v -25.91917419 16.57640457 -33.50780106
v -25.93667030 15.68564701 -33.88712692
v -24.26216698 14.00183010 -34.12238312
v -25.18503189 14.83787823 -34.33269119
v -25.22503471 14.54435158 -33.69200134
v -25.75408173 15.17972755 -33.89696884
v -24.08756828 13.99348354 -33.53065491
v -20.17300224 -18.63161087 -34.11345673
v -20.31858444 -18.56099319 -33.46351242
v -20.25516701 -18.17163086 -32.61553574
v -20.94638443 -18.37588882 -34.35896301
v -15.82877541 -16.45496941 -33.38789368
v -16.28355789 -16.96430779 -34.04246902
v -16.44627953 -17.12244987 -33.40748215
v -16.84692574 -17.07747650 -34.33410645
v -16.62896156 -16.31449509 -32.38638306
v -15.82656384 -15.89218044 -34.29671860
v -23.82053566 -17.28665924 -33.57025909
v -24.49711418 -16.75445175 -33.93846130
v -24.76297188 -16.31905174 -33.44502640
v -24.90534210 -15.64414597 -33.26045227
v -23.17547607 13.10153580 -33.74985886
v -18.27480698 13.38015270 -33.24419022
v -17.48328400 13.83723736 -34.34326935
v -3.51597285 -27.23040962 -2.99757671
v -10.11314774 -26.51129532 -4.76677990
v -4.33406305 -27.99123192 -2.88277531
v -3.31617641 -27.85657692 -3.66173863
v -4.39309645 -27.25150108 -2.44358158
v -9.99086857 -27.44244957 -5.25126219
v -15.84546947 -26.25870705 -9.35624981
v -16.13363075 -26.25575829 -9.79541779
v -16.23679543 -26.21512985 -10.31578827
v -10.71106243 -27.34055138 -5.03240252
v -10.81196117 -26.62241173 -4.68441772
v -18.33747292 -18.76642418 -4.66793489
v -18.44487572 -19.22087669 -5.25244713
v -18.03153801 -19.70605659 -5.14367580
v -9.87764740 -39.00872803 -8.18185425
v -9.76200390 -32.88916397 -8.23912239
v -9.91187763 -32.20886230 -8.07779503
v -9.18818188 -32.76175308 -7.77644205
v -11.59924507 -18.79012108 0.44677699
v -11.94370174 -19.85506248 -0.02461908
v -11.77434349 -20.80319977 -0.71924567
v -12.70162678 -19.85677338 -0.67177165
v -19.94561195 -16.47018814 -9.33249950
v -22.68936157 -8.43716812 -15.71321106
v -22.69689369 -8.56520081 -15.13038445
v -22.58962250 -9.29742718 -15.85710812
v -15.30511379 -26.58449554 -16.81098557
v -15.00431347 -27.25355339 -16.93897820
v -14.96650314 -26.76788712 -17.56730461
v -23.64992714 1.80661893 -15.67903423
v -23.04335022 -0.10400572 -15.66062927
v -23.61564636 1.69197559 -16.26575851
v -23.42190552 1.58378339 -16.82320213
v -8.67814541 -30.28652000 -23.68215561
v -8.84412003 -31.19613457 -23.21808052
v -2.65643787 -32.47474670 -5.83738041
v -4.08734608 -32.47382736 -5.81264305
v -4.46102953 -31.88230896 -5.76460266
v -3.30553889 -32.32616425 -5.58734560
v 0.03579640 -42.60501099 -9.07793522
v -2.71110010 47.60744858 29.56995964
v -2.77081776 47.31591797 27.79980850
v -2.40724540 46.36485672 27.95842361
v -2.33351994 46.63679886 29.71656799
v -2.38681293 47.12528229 26.32171631
v -2.06041932 46.22993851 26.52646255
v -1.32079363 45.67794418 26.63873482
v -1.28687990 45.61585617 27.93857002
v -2.15257621 47.95164108 31.06890678
v -1.79553378 47.02111816 31.20529747
v -2.76734209 48.28435516 27.59843254
v -2.70362234 48.60263824 29.35784149
v -2.40134740 48.04463959 26.17731857
v -2.15247083 48.90544128 30.86173630
v -1.33295846 49.13156509 31.85661125
v -1.36518705 46.21298218 25.77530479
v -1.67978466 47.11138153 25.54327965
v -1.70464063 48.02726364 25.42078972
v -8.97756386 -33.61570358 -21.35261154
v -8.33646679 -33.51964951 -22.19445229
v -8.78145313 -34.03857040 -22.46218300
v -8.26663876 -34.25079727 -23.01575661
v -9.54946327 -34.47471237 -20.01523018
v -9.37694550 -33.93904114 -20.58207512
v -8.79030037 -38.03892517 -22.44253922
v -7.72617722 -36.06536865 -23.83729744
v -7.83123589 -34.81627274 -23.43746567
v -9.74041271 -36.82897949 -7.82575941
v -11.31024075 -35.83168411 -22.75687408
v -10.55139351 -37.45417404 -23.51540375
v -11.47801971 -36.18217087 -23.54252625
v -11.04072094 -36.83572006 -24.17756653
v -7.31057596 -38.50665665 -7.42890549
v -9.75147152 -37.44037628 -6.96948957
v -9.23644543 -37.37528610 -6.64277983
v -9.69207001 -38.22618484 -6.94663429
v -9.11880016 -38.09169006 -6.61655474
v -8.92216396 -38.76164246 -6.80318546
v -9.69243813 -38.96323013 -7.31368256
v -10.10029888 -38.34077454 -7.38761854
v -10.10777664 -37.57086945 -7.41163206
v -10.69210434 -36.65235519 -24.54682541
v -21.06531906 -18.30721855 -20.04221916
v -21.63899040 -18.01533127 -21.52972412
v -20.75884438 -18.55810928 -22.03415298
v -22.15643120 -18.00668144 -22.15032387
v -22.53443336 -17.67254829 -22.07554436
v -8.46016788 28.54430580 -6.54814768
v -8.28812408 28.99985123 -5.92922163
f 1 2 3
f 4 6 5
f 7 1 8
f 8 9 10
f 5 6 11
f 2 5 3
f 8 1 14
f 9 8 14
f 15 16 17
f 15 17 18
f 18 17 12
f 13 12 2
f 13 2 7
f 17 16 4
f 17 4 5
f 12 17 5
f 12 5 2
f 20 21 23
f 10 19 8
f 19 13 8
f 8 13 7
f 13 19 26
f 27 23 28
f 23 29 28
f 30 28 29
f 31 27 28
f 31 28 30
f 29 24 32
f 29 32 30
f 15 18 34
f 15 34 35
f 18 12 34
f 34 12 36
f 34 36 37
f 35 34 37
f 35 37 38
f 12 13 26
f 12 26 36
f 39 40 41
f 39 41 33
f 40 39 42
f 44 43 45
f 39 46 42
f 47 49 48
f 51 52 6
f 50 48 53
f 50 53 54
f 48 49 55
f 48 55 53
f 53 55 56
f 53 56 57
f 54 53 57
f 54 57 58
f 59 52 51
f 6 52 60
f 60 52 61
f 6 60 11
f 62 63 39
f 52 59 64
f 59 50 54
f 59 54 64
f 64 54 58
f 52 64 61
f 66 67 68
f 69 70 16
f 69 16 71
f 71 16 15
f 67 66 48
f 67 48 50
f 66 65 48
f 48 65 47
f 68 67 72
f 68 72 69
f 69 72 70
f 16 6 4
f 16 70 51
f 16 51 6
f 31 62 33
f 31 33 27
f 70 72 51
f 72 67 50
f 72 50 59
f 51 72 59
f 33 41 20
f 33 20 23
f 41 40 73
f 41 73 20
f 45 74 75
f 45 75 76
f 74 69 71
f 74 71 75
f 75 71 15
f 75 15 35
f 76 75 35
f 76 35 38
f 27 33 23
f 40 42 77
f 40 77 78
f 42 43 79
f 42 79 77
f 77 79 80
f 81 65 66
f 81 66 68
f 68 69 74
f 68 74 43
f 74 45 43
f 73 40 78
f 73 78 82
f 20 73 82
f 20 82 83
f 85 22 86
f 84 85 86
f 84 86 87
f 88 25 89
f 25 22 85
f 90 36 26
f 42 46 43
f 36 90 91
f 36 91 92
f 90 84 91
f 91 84 87
f 89 26 93
f 22 25 21
f 25 24 21
f 21 24 23
f 23 24 29
f 2 1 7
f 98 99 96
f 101 102 99
f 99 102 100
f 103 102 101
f 95 94 103
f 96 97 98
f 104 105 107
f 105 106 107
f 109 110 108
f 108 110 106
f 108 106 105
f 109 108 112
f 112 108 105
f 112 105 113
f 113 105 104
f 113 104 107
f 113 107 114
f 118 119 117
f 116 118 117
f 117 119 120
f 117 120 121
f 124 125 123
f 122 124 123
f 123 126 127
f 130 131 128
f 128 131 124
f 129 128 124
f 129 124 122
f 112 113 133
f 113 132 133
f 111 112 133
f 111 133 134
f 135 136 137
f 106 110 109
f 109 137 136
f 138 135 137
f 106 109 136
f 107 106 136
f 111 144 143
f 116 117 144
f 121 143 117
f 117 143 144
f 145 127 120
f 120 127 146
f 146 127 1618
f 121 120 143
f 146 1618 141
f 146 141 139
f 143 120 139
f 120 146 139
f 143 139 111
f 111 139 112
f 112 139 140
f 112 140 147
f 147 140 137
f 112 147 137
f 112 137 109
f 142 128 129
f 142 129 148
f 148 129 122
f 142 148 118
f 148 149 118
f 148 122 149
f 149 122 123
f 149 123 145
f 145 123 127
f 119 118 145
f 118 149 145
f 119 145 120
f 137 140 138
f 135 138 140
f 142 150 128
f 128 150 151
f 130 128 152
f 144 111 116
f 116 111 134
f 118 153 150
f 142 118 150
f 118 116 153
f 113 114 154
f 113 154 132
f 114 115 155
f 114 155 154
f 150 153 156
f 151 150 156
f 116 157 153
f 153 157 156
f 160 163 158
f 160 161 163
f 158 163 151
f 158 151 156
f 132 154 164
f 164 154 165
f 165 154 155
f 769 164 165
f 166 164 769
f 769 165 167
f 167 165 168
f 170 172 173
f 174 175 176
f 196 134 133
f 196 133 179
f 179 133 132
f 179 132 164
f 186 164 166
f 188 189 190
f 192 193 194
f 821 196 179
f 184 198 199
f 184 199 200
f 198 201 199
f 200 199 202
f 203 204 821
f 134 196 204
f 134 204 116
f 196 821 204
f 116 204 203
f 206 156 157
f 206 157 205
f 157 116 203
f 205 157 203
f 207 152 128
f 207 208 152
f 163 161 207
f 151 163 207
f 151 207 128
f 158 159 209
f 160 158 209
f 210 212 211
f 212 213 211
f 211 215 216
f 215 217 216
f 211 216 218
f 211 218 210
f 217 220 221
f 217 221 219
f 219 221 222
f 217 219 216
f 219 222 216
f 216 222 223
f 216 223 218
f 220 224 221
f 225 226 224
f 220 225 224
f 224 226 227
f 221 227 222
f 221 224 227
f 222 227 228
f 222 228 223
f 225 229 230
f 225 230 226
f 229 231 230
f 226 230 227
f 227 230 232
f 227 232 228
f 233 235 234
f 234 769 233
f 233 769 236
f 231 233 238
f 231 238 230
f 233 236 238
f 238 236 237
f 230 238 237
f 230 237 232
f 239 240 241
f 239 242 243
f 239 243 240
f 240 235 233
f 241 240 233
f 241 233 231
f 244 246 245
f 244 245 247
f 248 249 250
f 251 253 254
f 212 258 213
f 213 260 214
f 214 260 261
f 268 269 270
f 267 268 270
f 277 278 279
f 276 277 279
f 291 287 288
f 289 291 292
f 297 298 299
f 301 302 303
f 304 306 305
f 307 305 310
f 312 313 314
f 318 319 320
f 321 312 322
f 323 324 325
f 326 323 325
f 328 329 330
f 332 333 334
f 331 332 334
f 336 335 337
f 338 339 340
f 339 341 342
f 340 339 342
f 344 338 340
f 344 340 342
f 343 344 342
f 343 342 345
f 347 348 349
f 346 347 349
f 350 351 352
f 356 357 358
f 364 365 366
f 367 368 369
f 370 372 373
f 376 377 374
f 378 379 371
f 378 371 370
f 392 390 395
f 396 397 398
f 402 403 404
f 401 402 404
f 401 404 405
f 408 409 410
f 419 246 244
f 419 244 420
f 420 244 421
f 422 424 423
f 421 244 247
f 427 428 429
f 427 429 430
f 431 432 433
f 433 432 434
f 438 439 440
f 439 431 433
f 439 433 440
f 440 433 434
f 440 434 441
f 443 442 444
f 445 446 447
f 451 453 452
f 239 457 458
f 457 460 461
f 457 461 458
f 458 461 462
f 458 463 464
f 459 458 465
f 465 458 464
f 465 464 466
f 465 466 467
f 467 466 468
f 466 464 468
f 464 463 468
f 468 470 472
f 471 468 472
f 241 231 473
f 231 474 475
f 231 475 473
f 473 460 457
f 241 473 239
f 239 473 457
f 225 476 229
f 225 477 476
f 476 477 474
f 229 476 474
f 229 474 231
f 220 479 480
f 220 480 477
f 477 480 478
f 220 477 225
f 482 481 483
f 485 484 486
f 484 483 486
f 486 483 481
f 487 489 488
f 488 489 493
f 470 485 472
f 213 214 496
f 213 496 211
f 495 496 214
f 497 498 499
f 498 211 496
f 498 496 495
f 263 500 262
f 500 495 214
f 500 214 262
f 262 214 261
f 498 495 500
f 499 498 500
f 500 263 501
f 501 263 502
f 263 503 502
f 211 498 215
f 215 498 505
f 498 506 505
f 508 510 507
f 442 443 504
f 502 503 443
f 443 503 504
f 514 515 516
f 517 518 519
f 519 518 520
f 522 523 524
f 525 517 519
f 525 519 520
f 525 520 526
f 527 528 529
f 527 529 530
f 481 482 537
f 220 538 537
f 220 537 482
f 539 540 538
f 540 537 538
f 215 505 217
f 505 506 542
f 505 542 217
f 217 542 541
f 541 542 543
f 541 543 539
f 541 539 538
f 217 541 220
f 220 541 538
f 544 545 547
f 548 549 550
f 552 553 554
f 552 554 555
f 558 559 557
f 556 558 557
f 557 559 560
f 561 562 563
f 561 563 564
f 566 567 568
f 569 570 553
f 569 553 552
f 562 571 572
f 556 557 572
f 571 556 572
f 572 557 560
f 566 573 567
f 566 561 573
f 573 561 564
f 573 564 574
f 573 574 568
f 567 573 568
f 575 565 566
f 575 566 568
f 570 575 568
f 570 568 553
f 558 576 559
f 558 569 576
f 576 569 552
f 576 552 577
f 559 576 577
f 559 577 560
f 578 579 558
f 558 579 569
f 582 584 575
f 584 565 575
f 580 582 575
f 580 575 570
f 659 585 586
f 590 589 566
f 589 561 566
f 591 590 566
f 593 594 556
f 571 593 556
f 592 593 571
f 592 571 562
f 595 580 569
f 580 570 569
f 579 595 569
f 596 597 598
f 597 599 600
f 598 597 600
f 597 596 601
f 597 601 602
f 599 597 602
f 599 591 566
f 584 599 566
f 584 566 565
f 588 592 562
f 588 562 561
f 589 588 561
f 594 578 558
f 594 558 556
f 606 607 605
f 604 606 605
f 604 605 608
f 609 610 611
f 609 611 612
f 609 613 614
f 609 614 610
f 610 615 616
f 610 614 615
f 612 611 617
f 612 617 618
f 611 610 616
f 611 616 617
f 617 616 619
f 618 617 619
f 618 619 539
f 554 620 621
f 554 622 623
f 554 623 620
f 620 623 624
f 506 620 624
f 625 626 627
f 626 555 628
f 626 628 627
f 606 630 607
f 606 625 627
f 606 627 630
f 630 627 629
f 630 629 607
f 613 631 614
f 604 608 632
f 613 604 632
f 631 613 632
f 631 632 633
f 614 631 633
f 622 634 635
f 622 635 623
f 634 609 612
f 634 612 636
f 634 636 635
f 636 612 618
f 636 618 539
f 636 539 543
f 635 636 543
f 635 543 542
f 623 542 624
f 623 635 542
f 624 542 506
f 560 606 604
f 562 572 604
f 572 560 604
f 574 564 613
f 574 613 609
f 568 574 609
f 568 622 554
f 553 568 554
f 577 552 555
f 577 555 626
f 560 577 625
f 625 577 626
f 560 625 606
f 563 604 613
f 563 562 604
f 564 563 613
f 568 609 634
f 568 634 622
f 501 502 637
f 637 502 638
f 638 502 454
f 650 639 640
f 637 638 640
f 639 637 640
f 640 638 454
f 640 454 444
f 640 444 447
f 641 642 643
f 641 644 642
f 642 644 456
f 642 456 455
f 642 455 645
f 643 642 645
f 641 646 644
f 641 650 640
f 641 640 646
f 646 640 447
f 644 646 456
f 456 646 447
f 647 608 648
f 647 648 649
f 605 607 650
f 608 605 650
f 608 650 648
f 648 650 641
f 649 648 641
f 651 497 499
f 627 651 652
f 632 608 647
f 632 647 649
f 632 649 641
f 614 633 641
f 633 632 641
f 629 637 639
f 650 607 639
f 607 629 639
f 629 627 652
f 629 652 501
f 629 501 637
f 555 554 653
f 554 621 653
f 653 621 654
f 654 497 651
f 628 555 627
f 555 653 654
f 555 654 627
f 627 654 651
f 499 652 651
f 660 655 579
f 660 579 578
f 664 660 656
f 656 660 578
f 657 658 580
f 657 580 595
f 660 657 655
f 655 657 595
f 655 595 579
f 660 583 657
f 657 583 581
f 658 657 581
f 658 581 580
f 660 659 583
f 659 596 583
f 660 1375 585
f 660 585 659
f 660 661 592
f 660 592 603
f 662 663 594
f 662 594 593
f 660 662 661
f 661 662 593
f 661 593 592
f 660 664 662
f 664 656 578
f 664 578 594
f 662 664 663
f 663 664 594
f 614 665 666
f 641 665 614
f 665 449 448
f 666 665 448
f 614 666 615
f 615 666 448
f 615 448 667
f 616 615 619
f 619 615 667
f 619 667 668
f 619 668 539
f 641 643 665
f 665 643 551
f 643 645 669
f 643 669 551
f 450 551 669
f 485 671 672
f 470 671 485
f 675 676 674
f 673 675 674
f 674 676 677
f 680 681 682
f 679 680 684
f 685 686 687
f 688 689 690
f 681 692 693
f 681 693 682
f 692 673 674
f 692 674 693
f 693 674 677
f 677 678 694
f 693 677 694
f 693 694 683
f 682 693 683
f 686 679 684
f 686 684 695
f 686 695 687
f 696 685 687
f 696 687 690
f 689 696 690
f 675 697 676
f 675 688 697
f 688 691 698
f 697 688 698
f 676 697 677
f 697 698 678
f 677 697 678
f 699 700 701
f 699 701 702
f 703 704 701
f 700 703 701
f 701 704 688
f 701 688 675
f 702 701 675
f 708 707 709
f 707 708 685
f 707 685 696
f 705 696 689
f 705 707 696
f 711 712 713
f 716 717 679
f 716 679 686
f 711 716 686
f 718 719 720
f 719 721 722
f 719 722 720
f 720 722 692
f 692 722 673
f 720 692 681
f 703 689 704
f 703 705 689
f 704 689 688
f 724 725 726
f 712 711 685
f 711 686 685
f 708 712 685
f 718 720 727
f 727 720 680
f 680 720 681
f 717 728 679
f 728 727 680
f 728 680 679
f 721 729 722
f 699 702 729
f 721 699 729
f 729 675 673
f 729 702 675
f 722 729 673
f 730 461 460
f 730 731 461
f 478 736 477
f 477 736 474
f 737 474 736
f 738 732 740
f 740 732 733
f 741 473 475
f 741 730 460
f 741 460 473
f 737 741 475
f 737 475 474
f 691 688 742
f 688 690 742
f 742 690 480
f 690 744 480
f 480 744 478
f 742 480 479
f 743 691 479
f 691 742 479
f 743 479 220
f 745 687 741
f 687 730 741
f 745 741 737
f 735 746 750
f 746 738 740
f 746 740 750
f 750 740 734
f 750 734 735
f 678 752 751
f 751 752 483
f 751 483 484
f 751 484 485
f 698 691 743
f 698 743 753
f 753 743 220
f 753 220 482
f 753 482 483
f 678 698 753
f 678 753 752
f 752 753 483
f 690 687 754
f 690 754 744
f 687 745 754
f 754 745 736
f 745 737 736
f 744 754 736
f 744 736 478
f 687 695 731
f 687 731 730
f 683 694 756
f 694 751 756
f 694 678 751
f 756 751 672
f 672 751 485
f 683 756 672
f 683 672 671
f 767 670 757
f 767 757 703
f 767 703 700
f 758 767 700
f 758 700 699
f 670 723 759
f 759 760 705
f 759 705 703
f 670 759 757
f 757 759 703
f 759 723 760
f 760 723 706
f 760 706 705
f 762 725 724
f 723 762 761
f 761 762 724
f 761 724 723
f 723 670 764
f 765 718 714
f 723 764 765
f 723 765 714
f 723 714 762
f 766 721 719
f 764 766 719
f 764 719 718
f 765 764 718
f 670 767 764
f 767 758 699
f 767 699 721
f 764 767 768
f 764 768 766
f 768 767 721
f 766 768 721
f 168 237 167
f 237 236 167
f 167 236 769
f 234 235 769
f 778 779 780
f 781 807 808
f 808 807 809
f 810 811 812
f 818 820 819
f 99 205 203
f 102 823 822
f 100 205 99
f 94 820 824
f 94 824 103
f 99 825 96
f 825 826 96
f 821 826 825
f 99 821 825
f 94 96 820
f 820 96 826
f 818 817 820
f 99 203 821
f 96 94 827
f 98 97 829
f 828 98 829
f 101 99 830
f 95 103 831
f 94 831 827
f 94 95 831
f 96 827 829
f 97 96 829
f 99 828 830
f 99 98 828
f 103 101 830
f 103 830 831
f 832 827 831
f 832 831 834
f 835 829 832
f 829 827 832
f 835 828 829
f 835 830 828
f 836 830 835
f 834 836 835
f 834 831 836
f 836 831 830
f 834 833 832
f 835 832 833
f 834 835 833
f 159 837 209
f 209 837 162
f 209 162 161
f 161 160 209
f 207 161 837
f 837 161 162
f 207 837 159
f 442 446 445
f 551 449 665
f 450 449 551
f 455 838 669
f 839 838 455
f 450 669 838
f 455 669 645
f 447 446 455
f 447 455 456
f 839 455 446
f 442 840 446
f 839 446 840
f 444 442 445
f 444 445 447
f 443 444 502
f 444 454 502
f 841 842 843
f 841 843 844
f 842 845 843
f 844 843 846
f 845 847 843
f 847 378 848
f 847 848 843
f 843 848 849
f 374 375 850
f 374 850 851
f 375 852 850
f 850 852 851
f 375 854 844
f 375 844 852
f 854 841 844
f 376 374 851
f 373 376 851
f 373 851 855
f 851 853 855
f 378 370 848
f 370 856 848
f 848 856 849
f 370 373 855
f 370 855 856
f 856 855 467
f 384 857 858
f 384 858 859
f 857 860 858
f 859 858 861
f 860 862 858
f 862 380 863
f 862 863 858
f 858 863 846
f 385 387 864
f 866 385 867
f 385 864 867
f 867 864 865
f 381 866 851
f 381 851 868
f 866 867 851
f 851 867 853
f 868 851 852
f 380 381 863
f 381 868 863
f 863 868 852
f 863 852 844
f 863 844 846
f 387 869 870
f 387 870 864
f 869 382 871
f 869 871 870
f 870 871 864
f 382 383 871
f 383 384 859
f 383 859 871
f 871 859 861
f 872 390 873
f 390 392 875
f 390 875 873
f 873 875 861
f 394 876 877
f 876 388 877
f 393 394 877
f 393 877 879
f 879 877 878
f 879 878 865
f 395 393 864
f 395 864 880
f 393 879 864
f 864 879 865
f 880 864 871
f 392 395 875
f 395 880 875
f 875 880 871
f 875 871 861
f 389 881 882
f 881 872 873
f 881 873 882
f 882 873 874
f 388 389 883
f 388 883 877
f 389 882 883
f 877 883 878
f 360 359 884
f 359 886 887
f 359 887 884
f 362 873 888
f 873 362 874
f 364 889 873
f 364 873 890
f 889 362 888
f 889 888 873
f 890 873 861
f 365 364 890
f 365 890 891
f 886 892 887
f 892 365 891
f 892 891 887
f 893 360 884
f 893 884 885
f 368 367 893
f 362 368 874
f 351 350 356
f 353 861 858
f 353 858 846
f 350 355 356
f 356 355 894
f 895 896 353
f 896 357 891
f 896 891 890
f 353 896 890
f 353 890 861
f 357 356 891
f 891 356 887
f 338 344 897
f 344 343 897
f 343 898 897
f 898 899 900
f 898 900 897
f 897 900 901
f 348 347 843
f 347 346 902
f 347 902 843
f 843 902 846
f 335 903 904
f 335 904 905
f 903 348 843
f 903 843 904
f 905 904 843
f 905 843 849
f 899 906 900
f 906 335 900
f 335 905 900
f 900 905 849
f 346 907 908
f 346 908 902
f 907 341 908
f 908 355 353
f 902 908 353
f 902 353 846
f 341 339 908
f 339 338 897
f 339 897 908
f 908 897 894
f 908 894 355
f 323 326 909
f 326 911 912
f 326 912 909
f 909 912 913
f 329 328 884
f 884 328 885
f 331 914 915
f 914 329 884
f 914 884 915
f 915 884 887
f 333 332 915
f 333 915 916
f 332 331 915
f 911 917 916
f 911 916 912
f 917 333 916
f 912 916 913
f 323 909 910
f 918 324 323
f 328 918 885
f 319 318 920
f 321 317 356
f 356 317 887
f 312 321 356
f 312 356 894
f 318 921 920
f 316 315 916
f 316 916 915
f 317 316 915
f 317 915 887
f 315 919 916
f 916 919 913
f 922 923 924
f 923 925 924
f 925 926 924
f 926 308 927
f 926 927 924
f 924 927 450
f 304 305 897
f 305 307 928
f 305 928 897
f 897 928 894
f 929 930 931
f 929 931 932
f 930 304 897
f 930 897 931
f 932 931 897
f 932 897 901
f 308 309 933
f 308 933 927
f 927 933 450
f 309 934 933
f 934 929 932
f 934 932 933
f 933 932 901
f 307 310 935
f 307 935 928
f 310 311 313
f 310 313 935
f 935 313 312
f 928 935 312
f 928 312 894
f 311 936 924
f 311 924 313
f 936 922 924
f 924 920 921
f 313 924 921
f 272 271 937
f 271 939 940
f 271 940 937
f 937 940 941
f 278 277 909
f 277 276 942
f 277 942 909
f 909 942 910
f 267 943 909
f 267 909 944
f 943 278 909
f 944 909 913
f 939 945 940
f 945 269 946
f 945 946 940
f 269 268 946
f 268 267 944
f 268 944 946
f 946 944 913
f 276 275 947
f 276 947 942
f 275 274 947
f 942 947 910
f 274 272 937
f 274 937 947
f 298 297 319
f 297 913 919
f 319 297 919
f 301 298 319
f 301 319 920
f 300 295 940
f 300 940 946
f 940 295 941
f 297 300 946
f 297 946 913
f 295 302 948
f 544 949 924
f 949 950 951
f 949 951 924
f 924 951 920
f 546 545 952
f 545 544 924
f 545 924 952
f 952 924 450
f 950 953 954
f 950 954 951
f 953 549 954
f 954 302 301
f 951 954 301
f 951 301 920
f 549 302 954
f 549 548 948
f 549 948 302
f 955 546 952
f 955 952 450
f 548 515 948
f 515 956 948
f 515 514 956
f 514 957 958
f 514 958 956
f 957 955 450
f 957 450 958
f 958 450 838
f 956 958 838
f 956 838 839
f 512 511 959
f 511 960 959
f 511 961 960
f 961 453 963
f 961 963 960
f 960 963 962
f 453 451 963
f 507 512 959
f 507 959 948
f 508 507 964
f 507 948 956
f 964 507 956
f 964 956 839
f 451 965 963
f 451 508 965
f 965 442 504
f 963 965 504
f 508 840 965
f 508 964 840
f 840 964 839
f 965 840 442
f 287 291 295
f 295 291 941
f 293 287 295
f 293 295 948
f 289 966 291
f 291 966 967
f 959 293 948
f 293 959 960
f 289 293 960
f 289 960 962
f 937 280 938
f 968 280 937
f 968 937 969
f 969 937 941
f 283 282 970
f 282 285 972
f 282 972 970
f 970 972 967
f 283 973 280
f 283 970 973
f 973 970 971
f 973 971 280
f 285 291 972
f 972 291 967
f 285 968 969
f 285 969 291
f 291 969 941
f 976 977 978
f 977 979 978
f 979 980 978
f 980 981 982
f 980 982 978
f 978 982 865
f 978 865 878
f 983 985 984
f 987 983 984
f 987 984 988
f 988 984 986
f 988 986 989
f 990 987 988
f 981 990 982
f 990 988 982
f 991 976 978
f 985 991 978
f 985 978 984
f 992 993 994
f 993 995 867
f 993 867 994
f 994 867 865
f 995 996 867
f 996 997 998
f 996 998 867
f 867 998 853
f 999 1001 1000
f 1002 999 1000
f 1002 1000 1003
f 1000 989 1003
f 1005 1002 1003
f 997 1005 998
f 1005 1003 998
f 998 1003 853
f 1000 988 989
f 1001 992 994
f 1001 994 1000
f 1000 994 865
f 1000 865 982
f 1000 982 988
f 1006 1007 1008
f 1007 1009 1010
f 1007 1010 1008
f 1008 1010 1011
f 398 406 1012
f 406 1003 1012
f 1012 1003 1004
f 406 1013 1003
f 406 399 1013
f 1013 853 1003
f 396 398 1012
f 1009 396 1010
f 396 1012 1010
f 1010 1012 1004
f 1010 1004 1014
f 1010 1014 1011
f 399 400 1015
f 399 1015 1013
f 400 855 1015
f 1015 855 853
f 1013 1015 853
f 400 1016 855
f 1016 1006 1008
f 1016 1008 855
f 855 1008 467
f 804 1017 1018
f 803 804 1018
f 803 1018 1020
f 1020 1018 1021
f 1022 805 986
f 805 1023 986
f 805 800 1023
f 1023 989 986
f 800 801 1023
f 801 802 1023
f 802 1020 1023
f 802 803 1020
f 1024 1022 986
f 1017 1024 1018
f 1024 986 1018
f 1018 986 1019
f 1026 1021 1027
f 1028 1025 1029
f 1025 1026 1029
f 1029 1026 1027
f 1029 1027 1030
f 795 796 1031
f 796 797 1003
f 796 1003 1031
f 797 1032 1003
f 1003 1032 1004
f 1031 1003 989
f 797 798 1032
f 798 1028 1029
f 798 1029 1032
f 1032 1029 1030
f 1032 1030 1033
f 799 795 1031
f 1031 989 1023
f 1025 1023 1026
f 1025 799 1031
f 1025 1031 1023
f 1026 1023 1020
f 1026 1020 1021
f 175 1018 1019
f 174 1034 1035
f 174 1035 175
f 175 1035 1021
f 175 1021 1018
f 1034 177 1036
f 1034 1036 1035
f 1035 1036 1021
f 169 175 1019
f 169 1019 170
f 177 1038 1036
f 177 172 1038
f 1036 1038 1037
f 172 170 1038
f 974 408 410
f 1049 1050 1051
f 213 258 259
f 259 258 1054
f 213 259 1054
f 260 213 1054
f 260 1054 1042
f 1055 1078 1056
f 261 260 1042
f 262 261 1042
f 1059 1060 1061
f 262 1042 1041
f 1068 1067 1043
f 1067 1058 1069
f 1067 1069 1043
f 1054 1071 1047
f 1042 1054 1047
f 1058 262 1041
f 1058 1041 1069
f 1073 1074 1075
f 970 412 971
f 412 970 1055
f 1055 970 967
f 412 411 1076
f 412 1076 971
f 411 1078 1079
f 1052 408 967
f 1052 967 966
f 1052 966 1080
f 1080 966 289
f 1080 289 962
f 967 408 1055
f 1081 1052 1080
f 408 974 1078
f 974 1082 1078
f 1078 1082 1079
f 408 1078 1055
f 974 1081 1082
f 1082 1081 1084
f 1082 1084 1083
f 415 1081 1080
f 415 1080 962
f 416 415 1086
f 1086 415 962
f 1086 962 963
f 417 416 1086
f 417 1086 1085
f 1085 1086 963
f 1085 963 504
f 1049 1087 1068
f 1050 1049 1068
f 1087 1085 1068
f 414 1050 1084
f 414 1084 415
f 1050 1068 1084
f 1084 1068 1083
f 415 1084 1081
f 1044 1077 411
f 1045 1044 411
f 1045 411 1079
f 1039 1089 1044
f 1044 1299 1077
f 1044 1089 1299
f 1065 1064 1082
f 1082 1064 1079
f 1066 1065 1082
f 1066 1082 1083
f 1064 1072 1045
f 1064 1045 1079
f 1072 1088 1045
f 1072 1048 1088
f 1062 1043 1090
f 1074 1073 1083
f 1074 1083 1059
f 1059 1083 1068
f 1059 1068 1043
f 1073 1066 1083
f 1073 1091 1066
f 1062 1059 1043
f 1062 1060 1059
f 1090 1291 1048
f 1091 1090 1048
f 1091 1048 1066
f 652 499 500
f 652 500 501
f 506 498 620
f 497 654 498
f 621 620 498
f 621 498 654
f 820 817 824
f 100 813 1100
f 100 1100 205
f 1030 1101 822
f 206 205 1100
f 823 102 103
f 823 103 824
f 1030 823 817
f 823 824 817
f 813 100 822
f 822 100 102
f 1100 813 1105
f 813 812 1105
f 1105 812 811
f 813 822 812
f 822 1101 812
f 812 1101 810
f 1030 822 823
f 206 1100 1105
f 175 171 1106
f 175 1106 176
f 171 169 1107
f 171 1107 1106
f 169 170 173
f 169 173 1107
f 1107 173 1106
f 1106 173 178
f 1106 178 1108
f 176 1106 1109
f 1106 1108 1109
f 1109 1108 178
f 176 1109 178
f 177 1034 178
f 1034 174 176
f 1034 176 178
f 172 177 178
f 172 178 173
f 175 169 171
f 1022 806 805
f 1025 1110 799
f 798 1111 1028
f 1028 1111 1025
f 1025 1111 1112
f 1113 1114 817
f 1113 1115 1033
f 1113 1033 1114
f 1114 1033 1030
f 1114 1030 817
f 1116 1113 817
f 1116 817 1117
f 1117 817 818
f 788 789 1118
f 788 1118 1119
f 789 790 1014
f 789 1014 1118
f 1118 1014 1004
f 1119 1118 1004
f 790 791 1120
f 790 1120 1014
f 1014 1120 1011
f 791 792 1120
f 792 793 1120
f 793 1116 1117
f 793 1117 1120
f 1120 1117 818
f 794 1119 1032
f 794 788 1119
f 1119 1004 1032
f 1115 794 1033
f 794 1032 1033
f 1121 819 1122
f 1121 783 1123
f 1121 1123 819
f 819 1123 818
f 782 1121 1122
f 1122 819 1124
f 786 787 1125
f 786 1125 1126
f 787 778 1125
f 1126 1125 1011
f 778 780 1127
f 778 1127 1125
f 1125 1127 242
f 780 781 1127
f 781 782 1122
f 781 1122 1127
f 1127 1122 1124
f 785 786 1126
f 1126 1011 1120
f 783 784 1120
f 783 1120 1123
f 784 785 1126
f 784 1126 1120
f 1123 1120 818
f 1007 1129 1009
f 793 1130 1116
f 1131 789 1132
f 1132 789 788
f 1132 788 794
f 782 781 1121
f 781 808 1121
f 1130 793 1133
f 793 792 1133
f 1130 1133 1131
f 1130 1131 1113
f 780 779 781
f 860 1134 862
f 872 391 390
f 360 1135 359
f 360 369 1135
f 359 1135 361
f 369 368 1136
f 369 1136 1135
f 368 362 363
f 368 363 1136
f 1135 1136 1137
f 1136 363 366
f 1137 1136 366
f 1137 366 365
f 361 1135 1137
f 1137 365 1138
f 361 1137 1138
f 893 367 369
f 893 369 360
f 365 892 1138
f 892 886 1138
f 362 889 366
f 889 364 366
f 362 366 363
f 886 359 1138
f 1138 359 361
f 325 1139 326
f 325 324 1139
f 326 1139 327
f 324 1140 1141
f 324 1141 1139
f 1140 328 330
f 1140 330 1141
f 1139 1141 1142
f 1141 330 331
f 1141 331 334
f 1142 1141 334
f 1142 334 333
f 327 1139 1142
f 1142 333 1143
f 327 1142 1143
f 333 917 1143
f 917 911 1143
f 329 914 330
f 914 331 330
f 911 326 1143
f 1143 326 327
f 324 918 1140
f 918 328 1140
f 272 1144 1145
f 272 1145 271
f 1144 274 1145
f 271 1145 273
f 274 275 1146
f 274 1146 1145
f 275 276 279
f 275 279 1146
f 1146 279 278
f 1145 1146 1147
f 1146 278 1148
f 1146 1148 267
f 1146 267 270
f 1147 1146 270
f 1147 270 269
f 273 1145 1147
f 1147 269 1149
f 273 1147 1149
f 278 943 1148
f 943 267 1148
f 272 274 1144
f 939 271 1149
f 1149 271 273
f 269 945 1149
f 945 939 1149
f 285 286 1151
f 285 1151 1150
f 1151 286 284
f 1151 284 1150
f 1150 284 282
f 1150 282 283
f 281 1150 283
f 968 285 1150
f 283 280 281
f 285 282 286
f 286 282 284
f 280 968 1150
f 280 1150 281
f 1152 413 1056
f 1152 411 412
f 1152 412 413
f 411 1152 1057
f 1152 1056 1153
f 1152 1153 1057
f 1078 411 1057
f 1078 1057 1153
f 1078 1153 1056
f 1055 1056 413
f 412 1055 413
f 1154 1063 1088
f 1040 1154 1088
f 1039 1046 1154
f 1039 1154 1089
f 1089 1154 1040
f 1046 1044 1154
f 1044 1045 1063
f 1044 1063 1154
f 1045 1088 1063
f 1089 1040 1088
f 1039 1044 1046
f 1155 1157 1156
f 1156 1157 1158
f 1155 1156 1159
f 1156 1158 1160
f 1156 1160 1159
f 1159 1160 1161
f 1155 1159 1161
f 385 866 386
f 387 385 869
f 869 385 382
f 356 358 352
f 352 358 1162
f 357 1163 358
f 1163 354 1162
f 358 1163 1162
f 1162 354 353
f 1162 353 1164
f 1164 353 355
f 352 1162 1165
f 1162 1164 1165
f 1165 1164 355
f 352 1165 355
f 352 355 350
f 357 896 1163
f 896 895 1163
f 895 353 1163
f 1163 353 354
f 351 356 352
f 1166 1167 320
f 315 316 1168
f 315 1168 1166
f 316 317 322
f 316 322 1168
f 1168 322 1167
f 1166 1168 1167
f 1167 322 312
f 1167 312 314
f 320 1167 1169
f 1167 314 1169
f 1169 314 313
f 320 1169 318
f 317 321 322
f 319 919 1166
f 319 1166 320
f 919 315 1166
f 313 921 1169
f 921 318 1169
f 295 300 1170
f 295 1170 296
f 300 1171 1170
f 1171 297 299
f 1171 299 1170
f 1170 299 303
f 303 299 301
f 296 1170 1172
f 1170 303 1172
f 1172 303 302
f 302 295 1172
f 300 297 1171
f 298 301 299
f 295 296 1172
f 293 1173 294
f 1173 290 294
f 294 290 289
f 294 289 292
f 288 294 292
f 288 292 291
f 293 289 1173
f 1173 289 290
f 287 293 294
f 287 294 288
f 409 1053 1174
f 409 1174 410
f 1053 1052 1175
f 1175 1052 1176
f 410 1174 974
f 1174 1053 975
f 1174 975 974
f 1175 1176 975
f 1053 1175 975
f 408 1052 409
f 1052 1053 409
f 1081 974 975
f 1081 975 1176
f 1052 1081 1176
f 1177 1066 1072
f 1064 1065 1072
f 1065 1066 1177
f 1065 1177 1072
f 1066 1048 1072
f 398 397 407
f 398 407 406
f 1016 1178 1006
f 1009 1129 396
f 396 1129 397
f 373 372 376
f 372 370 376
f 376 370 377
f 854 1179 841
f 845 1180 379
f 845 379 847
f 847 379 378
f 1181 1182 1183
f 342 1181 1183
f 342 1183 345
f 342 349 1184
f 342 1184 1181
f 1181 1184 1182
f 1184 349 337
f 1183 1182 1184
f 1183 1184 337
f 345 1183 337
f 903 335 336
f 903 336 337
f 348 903 337
f 348 337 349
f 899 898 1185
f 898 343 345
f 1185 898 345
f 1185 345 337
f 341 907 349
f 907 346 349
f 341 349 342
f 335 906 337
f 906 899 1185
f 906 1185 337
f 311 310 936
f 936 1186 922
f 934 1187 929
f 929 1187 930
f 930 1187 306
f 930 306 304
f 925 1188 926
f 1190 547 545
f 1189 1190 545
f 1189 545 546
f 1191 1192 550
f 1191 547 1190
f 1191 1190 1192
f 550 1192 1190
f 1189 514 1190
f 514 516 1190
f 548 550 1190
f 548 1190 515
f 515 1190 516
f 546 955 1189
f 549 953 550
f 953 950 1191
f 953 1191 550
f 950 949 1191
f 949 544 547
f 949 547 1191
f 955 957 514
f 955 514 1189
f 1193 509 507
f 510 1193 507
f 512 1193 511
f 512 509 1193
f 511 1193 513
f 1193 510 452
f 1194 513 1193
f 1194 1193 452
f 961 511 513
f 961 513 1194
f 508 451 452
f 508 452 510
f 512 507 509
f 453 1194 452
f 453 961 1194
f 417 1195 416
f 416 1195 418
f 418 414 415
f 1195 417 1196
f 1195 1196 1051
f 414 418 1050
f 418 1195 1051
f 418 1051 1050
f 1085 1087 1196
f 1085 1196 417
f 1087 1049 1051
f 1087 1051 1196
f 415 416 418
f 1075 1059 1061
f 1075 1061 1060
f 1197 1075 1070
f 1075 1060 1062
f 1075 1062 1070
f 1074 1059 1075
f 1062 1090 1070
f 1070 1090 1197
f 1090 1091 1197
f 1091 1073 1197
f 1197 1073 1075
f 428 427 1198
f 427 1200 1201
f 427 1201 1198
f 1198 1201 472
f 432 431 1202
f 1202 901 900
f 435 1203 900
f 435 900 1204
f 1203 432 1202
f 1203 1202 900
f 1204 900 849
f 1200 1205 1201
f 1205 435 1204
f 1205 1204 1201
f 431 439 1206
f 431 1206 1202
f 439 438 1206
f 1202 1206 901
f 438 1207 1206
f 1207 428 1198
f 1207 1198 1206
f 1206 1198 1199
f 521 1208 933
f 1208 529 1209
f 1208 1209 933
f 933 1209 450
f 523 522 1210
f 523 1210 901
f 522 521 933
f 522 933 1210
f 901 1210 933
f 525 1211 901
f 1211 523 901
f 517 525 901
f 517 901 1212
f 1212 901 1206
f 1212 1206 1199
f 527 1214 1213
f 529 528 1209
f 528 527 1213
f 528 1213 1209
f 1209 1213 448
f 1209 448 449
f 1209 449 450
f 518 517 1212
f 1214 1215 1216
f 1214 1216 1213
f 1215 518 1212
f 1215 1212 1216
f 1213 1216 448
f 1217 430 1218
f 1217 1218 437
f 430 429 1218
f 1218 429 441
f 1218 441 1219
f 1219 441 434
f 1219 434 1220
f 1218 1219 1220
f 1218 1220 434
f 1218 434 437
f 428 1207 429
f 1207 438 440
f 1207 440 429
f 429 440 441
f 435 1205 1217
f 435 1217 436
f 1205 1200 1217
f 436 1217 437
f 432 1203 437
f 1203 435 436
f 1203 436 437
f 432 437 434
f 1200 427 1217
f 427 430 1217
f 529 1221 1222
f 1221 521 1222
f 529 1222 1223
f 529 1223 530
f 521 522 1224
f 521 1224 1222
f 522 524 1224
f 1224 524 526
f 1224 526 1225
f 1222 1224 1225
f 1222 1225 1223
f 1223 1225 1226
f 1225 526 520
f 1225 520 1226
f 1226 520 518
f 530 1223 1227
f 1223 1226 1227
f 1227 1226 518
f 1227 518 1228
f 530 1227 1228
f 1214 527 530
f 1214 530 1228
f 523 1211 524
f 1211 525 526
f 1211 526 524
f 1208 521 1221
f 529 1208 1221
f 518 1215 1228
f 1215 1214 1228
f 191 188 1229
f 191 1229 1230
f 188 190 1229
f 1230 1229 1027
f 1230 1027 1021
f 190 1231 1232
f 190 1232 1229
f 1231 1233 1234
f 1231 1234 1232
f 1232 1234 1030
f 1232 1030 1027
f 1229 1232 1027
f 1235 1236 1237
f 1236 1238 1036
f 1237 1236 1036
f 1237 1036 1037
f 1238 1239 1240
f 1239 191 1230
f 1239 1230 1240
f 1240 1230 1021
f 1240 1021 1036
f 1238 1240 1036
f 816 1241 1242
f 1241 1235 1237
f 1241 1237 1242
f 1242 1237 1037
f 1243 1244 1101
f 1244 814 1245
f 1244 1245 1101
f 1101 1245 810
f 814 815 1246
f 814 1246 1245
f 815 816 1242
f 815 1242 1246
f 1246 1242 1037
f 1245 1246 810
f 1233 1247 1248
f 1233 1248 1234
f 1247 1243 1101
f 1247 1101 1248
f 1234 1248 1101
f 1234 1101 1030
f 1102 1037 1038
f 1102 1038 1250
f 1249 1250 1038
f 1249 1038 170
f 1092 1094 1251
f 1094 1249 170
f 1094 170 1252
f 1104 1092 1102
f 1099 1253 811
f 1099 811 810
f 197 1096 1092
f 197 1092 1251
f 1096 1102 1092
f 1102 1096 1037
f 1099 1246 1096
f 1246 1099 810
f 1096 1246 1037
f 1253 197 1251
f 1253 1251 811
f 1097 1256 1254
f 1098 1255 1251
f 1098 1251 1094
f 1256 1098 1094
f 1256 1094 1252
f 1256 1252 1254
f 1098 1097 158
f 1098 158 1255
f 1257 206 1105
f 1257 1105 811
f 1257 811 1251
f 1097 1258 159
f 158 1097 159
f 1257 1255 158
f 207 159 1258
f 1257 1251 1255
f 207 1258 208
f 1097 1254 1258
f 791 790 1133
f 791 1133 792
f 790 789 1131
f 790 1131 1133
f 808 809 1259
f 808 1259 1260
f 1260 1259 784
f 1260 784 783
f 781 779 807
f 779 778 807
f 807 778 809
f 1238 188 1239
f 1239 188 191
f 816 815 1241
f 815 1261 1241
f 1241 1261 1235
f 1233 1262 1247
f 1247 1262 1263
f 1247 1263 1243
f 1096 197 1264
f 197 1265 1264
f 1264 1099 1096
f 1253 1099 1264
f 197 1253 1265
f 1253 1264 1265
f 1102 1103 1093
f 1102 1093 1104
f 1104 1093 1092
f 1092 1093 1095
f 1092 1095 1094
f 1102 1250 1103
f 1094 1095 1266
f 1094 1266 1249
f 1257 158 156
f 1257 156 206
f 1267 1097 1098
f 1256 1097 1267
f 1098 1256 1267
f 1268 487 1269
f 490 1268 1269
f 490 1269 1198
f 1198 1269 1199
f 490 1198 472
f 487 494 486
f 487 486 481
f 494 485 486
f 487 481 1269
f 494 490 485
f 485 490 472
f 1270 1271 1269
f 1271 531 1272
f 1271 1272 1269
f 1269 1272 1199
f 1273 1270 1269
f 1273 1269 1274
f 1274 1269 481
f 536 1275 1276
f 536 1276 1277
f 1275 533 1278
f 1275 1278 1276
f 1276 1278 539
f 1276 539 668
f 1277 1276 668
f 1277 668 667
f 535 536 1279
f 536 1277 1279
f 1279 1277 667
f 1279 667 448
f 531 532 1272
f 1272 1212 1199
f 532 1280 1216
f 532 1216 1272
f 1280 535 1279
f 1280 1279 1216
f 1216 1279 448
f 1272 1216 1212
f 533 534 1278
f 1278 537 540
f 1278 540 539
f 534 1273 1278
f 1273 1274 1278
f 1278 1274 481
f 1278 481 537
f 1273 1281 1270
f 494 491 490
f 487 488 494
f 488 493 494
f 490 491 1282
f 491 492 1282
f 490 1282 1268
f 254 253 1283
f 1043 1290 1289
f 1047 1071 1288
f 1042 1047 1286
f 1047 1288 1286
f 1042 1286 1290
f 1069 1041 1290
f 1041 1042 1290
f 1297 1291 1298
f 1043 1069 1290
f 9 14 1288
f 1286 1288 14
f 1 1286 14
f 1 1290 1286
f 11 1289 1290
f 61 1291 1289
f 61 1284 1291
f 58 1285 1284
f 58 1287 1285
f 56 1299 1287
f 3 1290 1
f 3 5 1290
f 11 1290 5
f 11 60 1289
f 61 1289 60
f 61 64 1284
f 58 1284 64
f 58 57 1287
f 56 1287 57
f 1295 1299 1088
f 1299 1089 1088
f 1292 1287 1299
f 1285 1295 1088
f 1292 1295 1285
f 1292 1285 1287
f 1291 1297 1048
f 1297 1088 1048
f 1297 1296 1088
f 1296 1284 1285
f 1296 1285 1088
f 1284 1296 1291
f 1289 1291 1090
f 1289 1090 1043
f 1299 1294 1293
f 1299 1293 1292
f 1294 1295 1293
f 1299 1295 1294
f 1292 1293 1295
f 1296 1297 1300
f 1297 1298 1300
f 1300 1298 1296
f 1298 1291 1296
f 254 1283 1301
f 254 1301 1302
f 1301 459 465
f 1302 1301 465
f 1302 465 467
f 1283 1303 239
f 1283 239 1301
f 1301 239 458
f 1301 458 459
f 248 250 1304
f 1304 250 1011
f 1304 1011 1125
f 257 248 1304
f 257 1304 1305
f 1305 1304 1125
f 1305 1125 242
f 251 1302 1008
f 251 254 1302
f 1302 467 1008
f 251 1008 250
f 250 1008 1011
f 255 257 1305
f 1305 242 239
f 1303 1305 239
f 1303 255 1305
f 423 424 1306
f 423 1306 245
f 423 245 246
f 1303 256 255
f 250 249 251
f 249 252 251
f 257 255 248
f 1307 504 503
f 265 1307 503
f 264 265 503
f 503 263 262
f 264 503 262
f 1307 1085 504
f 266 264 1067
f 1067 264 1058
f 1308 266 1067
f 264 262 1058
f 1307 1308 1067
f 1307 1067 1085
f 1085 1067 1068
f 1307 1310 1308
f 1308 1310 266
f 425 1311 471
f 425 471 1312
f 1311 419 471
f 471 419 468
f 1312 471 472
f 419 420 1313
f 420 421 1313
f 1313 467 468
f 419 1313 468
f 1314 1315 1316
f 1314 1316 849
f 1315 422 1204
f 1315 1204 1316
f 849 1316 1204
f 422 423 1201
f 422 1201 1204
f 423 425 1312
f 423 1312 1201
f 1201 1312 472
f 426 1317 856
f 1317 1314 849
f 1317 849 856
f 421 247 1318
f 421 1318 1313
f 247 426 856
f 247 856 1318
f 1313 1318 856
f 1313 856 467
f 426 247 1317
f 1317 247 1314
f 1314 247 1315
f 247 1319 1315
f 1315 1319 424
f 1315 424 422
f 773 774 166
f 774 187 186
f 166 774 186
f 772 775 243
f 775 776 240
f 775 240 243
f 776 777 235
f 776 235 240
f 777 769 235
f 777 773 166
f 777 166 769
f 770 772 243
f 770 243 1127
f 1127 243 242
f 770 1127 774
f 774 1127 1124
f 770 1320 772
f 772 1320 775
f 774 771 770
f 401 1321 402
f 402 1321 1322
f 402 1322 403
f 1116 1130 1113
f 872 1323 1324
f 872 1324 391
f 1323 389 1324
f 389 1325 1324
f 389 388 876
f 389 876 1325
f 1325 876 394
f 1324 1325 1326
f 1325 394 393
f 1326 1325 393
f 1326 393 395
f 391 1324 1326
f 391 1326 390
f 390 1326 395
f 389 1323 881
f 881 1323 872
f 1186 936 1327
f 936 310 1327
f 1186 1327 1328
f 1186 1328 1188
f 310 1329 1327
f 310 305 1329
f 1329 305 306
f 1329 306 1330
f 1327 1329 1330
f 1327 1330 1328
f 1328 1330 1331
f 1330 306 1187
f 1330 1187 1331
f 1331 1187 934
f 1331 934 309
f 1188 1328 1332
f 1188 1332 926
f 1328 1331 1332
f 1332 1331 309
f 926 1332 309
f 926 309 308
f 922 1186 923
f 923 1186 1188
f 923 1188 925
f 39 33 62
f 46 39 63
f 46 63 1333
f 68 43 81
f 43 46 81
f 81 46 1333
f 89 25 85
f 89 85 84
f 25 88 1334
f 25 1334 24
f 88 32 1334
f 24 1334 32
f 26 19 93
f 93 19 10
f 89 84 90
f 26 89 90
f 1336 1337 1338
f 1335 1336 1338
f 1335 1338 1339
f 713 1340 1341
f 1340 726 1342
f 1341 1340 1342
f 762 763 1335
f 763 1343 1336
f 763 1336 1335
f 1343 716 1337
f 1343 1337 1336
f 716 711 1337
f 712 1344 1340
f 712 1340 713
f 1344 724 726
f 1344 726 1340
f 1345 728 1346
f 727 728 1347
f 1347 728 1345
f 716 1343 1346
f 1343 763 1348
f 714 718 1349
f 718 727 1349
f 763 762 1348
f 717 716 1346
f 717 1346 728
f 709 1350 1351
f 1350 706 1352
f 1351 1350 1352
f 1354 1355 1356
f 1353 1354 1356
f 1353 1356 1357
f 712 708 1355
f 1355 708 710
f 723 724 1353
f 707 705 1350
f 707 1350 709
f 705 706 1350
f 724 1344 1354
f 724 1354 1353
f 1344 712 1355
f 1344 1355 1354
f 601 587 1358
f 585 1361 586
f 1361 590 1359
f 1361 1359 1362
f 586 1361 1362
f 596 659 587
f 596 587 601
f 590 591 1359
f 583 1363 1364
f 1363 598 1365
f 1363 1365 1366
f 1364 1363 1366
f 1368 581 1369
f 1367 1368 1369
f 584 582 1367
f 583 596 598
f 583 598 1363
f 582 580 1368
f 582 1368 1367
f 580 581 1368
f 1371 588 1372
f 1371 1372 1373
f 1370 1371 1373
f 1374 1375 1376
f 660 603 1370
f 1361 585 1374
f 1361 1374 1377
f 590 1361 1377
f 603 592 1371
f 603 1371 1370
f 592 588 1371
f 585 1375 1374
f 1378 1339 1338
f 1342 1378 1338
f 1342 1338 1379
f 1342 1379 1341
f 762 1335 1380
f 1380 1335 1339
f 762 1380 1339
f 762 1339 1378
f 711 713 1341
f 711 1341 1381
f 1381 1341 1379
f 1337 711 1382
f 711 1381 1382
f 1382 1381 1379
f 1382 1379 1338
f 1337 1382 1338
f 725 762 1378
f 725 1378 1342
f 726 725 1342
f 1352 1384 1383
f 1352 1383 1385
f 1352 1385 1351
f 1384 1357 1386
f 1384 1386 1383
f 1357 1356 1386
f 1386 1356 1385
f 1383 1386 1385
f 723 1353 1387
f 1387 1353 1357
f 1387 1357 1384
f 1355 710 1385
f 1355 1385 1356
f 708 709 1351
f 708 1351 710
f 710 1351 1385
f 706 723 1388
f 723 1387 1388
f 1388 1387 1384
f 1388 1384 1352
f 706 1388 1352
f 1389 1345 1346
f 1390 1391 1389
f 1391 1390 1347
f 1391 1347 1345
f 1389 1391 1345
f 762 715 1390
f 762 1390 1389
f 1348 762 1389
f 1349 727 1347
f 1349 1347 1390
f 714 1349 1390
f 1343 1348 1389
f 1343 1389 1346
f 762 714 715
f 715 714 1390
f 1376 1373 1392
f 1373 1372 1392
f 590 1377 1376
f 1377 1374 1376
f 1375 660 1393
f 660 1370 1393
f 1393 1370 1373
f 1393 1373 1376
f 1375 1393 1376
f 588 589 1372
f 1372 589 1392
f 589 590 1376
f 589 1376 1392
f 1358 1359 1360
f 599 602 1358
f 602 601 1358
f 586 1362 1358
f 1362 1359 1358
f 659 586 1358
f 659 1358 587
f 1359 591 1360
f 591 599 1358
f 591 1358 1360
f 1366 1365 1369
f 1369 1365 1394
f 599 584 1365
f 584 1394 1365
f 584 1395 1394
f 584 1367 1395
f 1395 1367 1369
f 1394 1395 1369
f 581 583 1364
f 1364 1366 1369
f 581 1364 1369
f 598 600 1365
f 600 599 1365
f 995 404 996
f 995 405 404
f 996 404 997
f 1002 1322 1321
f 1002 1321 999
f 997 404 1005
f 404 403 1005
f 990 981 1160
f 1158 990 1160
f 976 991 1396
f 979 977 1161
f 985 983 1157
f 1001 1397 992
f 1398 991 985
f 1398 985 1157
f 1155 1398 1157
f 1155 1161 977
f 1155 977 1398
f 1398 977 976
f 1398 976 1396
f 1398 1396 991
f 983 987 1157
f 981 980 1160
f 980 979 1161
f 1160 980 1161
f 987 990 1158
f 987 1158 1157
f 1005 403 1322
f 1005 1322 1002
f 999 1321 1399
f 999 1399 1001
f 399 406 1400
f 399 1400 400
f 406 407 1400
f 400 1400 1401
f 407 397 1400
f 1400 397 1401
f 1401 397 1129
f 1401 1129 1402
f 1402 1129 1007
f 1402 1007 1128
f 400 1401 1403
f 400 1403 1016
f 1401 1402 1403
f 1403 1402 1128
f 1016 1403 1128
f 1016 1128 1178
f 992 1397 993
f 1397 405 993
f 993 405 995
f 1404 1001 1399
f 1404 1399 1321
f 401 1404 1321
f 401 405 1404
f 1404 405 1397
f 1404 1397 1001
f 1006 1178 1007
f 1178 1128 1007
f 1179 854 1405
f 854 375 1405
f 1179 1405 1180
f 375 374 1407
f 375 1407 1405
f 1407 374 377
f 1405 1407 1406
f 1406 1407 1408
f 1407 377 370
f 1407 370 1408
f 1408 370 371
f 1180 1405 1408
f 1180 1408 379
f 1405 1406 1408
f 379 1408 371
f 841 1179 842
f 842 1179 1180
f 842 1180 845
f 809 778 787
f 809 787 1259
f 1259 787 786
f 1259 786 785
f 1259 785 784
f 1131 1132 1409
f 1132 794 1115
f 1132 1115 1409
f 1409 1115 1113
f 1131 1409 1113
f 1121 808 1260
f 1121 1260 783
f 1243 1263 1244
f 1263 1410 1244
f 1244 1410 814
f 1111 798 1411
f 798 797 1411
f 1111 1411 1412
f 1111 1412 1112
f 797 1413 1411
f 1413 797 796
f 1413 796 1412
f 1411 1413 1412
f 1412 796 795
f 1412 795 1414
f 1414 795 799
f 1112 1412 1415
f 1112 1415 1110
f 1412 1414 1415
f 1415 1414 799
f 1415 799 1110
f 1025 1112 1110
f 383 1416 1417
f 383 382 1416
f 1417 1416 1418
f 1417 1418 1134
f 382 385 1419
f 382 1419 1416
f 1419 385 386
f 1419 386 1418
f 1416 1419 1418
f 1418 386 866
f 1418 866 1420
f 1420 866 381
f 1134 1418 1421
f 1134 1421 862
f 1418 1420 1421
f 1421 1420 381
f 862 1421 381
f 862 381 380
f 384 383 857
f 383 1417 857
f 857 1417 1134
f 857 1134 860
f 247 1422 1319
f 247 245 1422
f 1422 245 1306
f 1319 1422 1306
f 1319 1306 424
f 425 423 1311
f 1311 423 246
f 1311 246 419
f 489 1423 493
f 489 1424 1423
f 489 492 1424
f 1423 1424 1425
f 1424 492 491
f 1425 1424 491
f 1425 491 494
f 493 1423 1425
f 493 1425 494
f 253 251 1426
f 251 252 1426
f 253 1426 1427
f 252 1428 1426
f 252 249 248
f 252 248 1428
f 1428 248 1427
f 1426 1428 1427
f 1427 248 255
f 1427 255 1429
f 1429 255 256
f 253 1427 1430
f 253 1430 1283
f 1427 1429 1430
f 1430 1429 256
f 1283 1430 256
f 1283 256 1303
f 1268 1282 489
f 1282 492 489
f 1268 489 487
f 531 1431 532
f 531 1281 1431
f 1281 1273 1431
f 1273 534 1431
f 1431 534 533
f 1431 533 1275
f 1431 1275 536
f 532 1431 1280
f 1280 1431 536
f 1280 536 535
f 1270 1281 531
f 1270 531 1271
f 773 777 1432
f 777 776 1432
f 776 1433 1432
f 1433 776 775
f 1433 775 1432
f 1432 775 1320
f 1320 770 771
f 773 1432 771
f 1432 1320 771
f 773 771 774
f 803 802 1434
f 803 1434 804
f 802 801 1434
f 804 1434 1435
f 801 1436 1434
f 801 800 805
f 801 805 1436
f 1436 805 806
f 1436 806 1435
f 1434 1436 1435
f 1435 806 1437
f 1437 806 1022
f 1437 1022 1438
f 1437 1438 1017
f 804 1435 1439
f 804 1439 1017
f 1435 1437 1439
f 1439 1437 1017
f 1024 1017 1438
f 1024 1438 1022
f 1250 1266 1440
f 1250 1440 1103
f 1266 1095 1440
f 1440 1095 1441
f 1441 1095 1093
f 1441 1093 1440
f 1440 1093 1103
f 1249 1266 1250
f 1442 1443 1444
f 1442 1444 1445
f 1443 80 1446
f 1443 1446 1444
f 1444 1446 1447
f 1444 1447 1448
f 1445 1444 1448
f 1445 1448 1449
f 83 82 1450
f 83 1450 1451
f 82 78 77
f 82 77 1450
f 1450 77 80
f 1450 80 1443
f 1451 1450 1443
f 1451 1443 1442
f 87 1452 1453
f 87 1453 91
f 1452 1442 1445
f 1452 1445 1453
f 1453 1445 1449
f 1453 1449 1454
f 91 1453 1454
f 91 1454 92
f 22 1455 1456
f 22 1456 86
f 1455 83 1451
f 1455 1451 1456
f 1456 1451 1442
f 1456 1442 1452
f 86 1456 1452
f 86 1452 87
f 45 76 1457
f 45 1457 1447
f 76 38 1458
f 76 1458 1457
f 1457 1458 1449
f 1457 1449 1448
f 1447 1457 1448
f 38 37 1459
f 38 1459 1458
f 37 36 92
f 37 92 1459
f 1459 92 1454
f 1458 1459 1454
f 1458 1454 1449
f 43 44 1446
f 43 1446 79
f 44 45 1447
f 44 1447 1446
f 79 1446 80
f 21 20 83
f 21 83 1455
f 22 21 1455
f 185 1461 187
f 185 187 1460
f 1460 187 774
f 1460 774 1124
f 183 184 1460
f 183 1460 1462
f 184 185 1460
f 1460 1124 819
f 1462 1460 819
f 195 192 179
f 192 194 179
f 194 1463 1464
f 194 1464 179
f 1463 180 821
f 1463 821 1464
f 179 1464 821
f 1465 164 186
f 1465 195 179
f 1465 179 164
f 1461 1466 186
f 1461 186 187
f 1466 1465 186
f 180 181 820
f 180 820 821
f 181 182 820
f 821 820 826
f 182 819 820
f 182 183 1462
f 182 1462 819
f 184 200 185
f 200 202 185
f 185 202 1461
f 190 189 1231
f 189 1467 1231
f 1231 1467 1233
f 1461 202 1466
f 1466 202 1465
f 194 193 1463
f 1463 193 180
f 181 180 193
f 181 193 1468
f 1468 193 1469
f 1468 1469 201
f 1235 1261 1236
f 189 188 1470
f 189 1470 1471
f 1470 188 1238
f 1470 1238 1472
f 1471 1470 1472
f 1471 1472 1473
f 1238 1236 1474
f 1238 1474 1472
f 1236 1261 1474
f 1474 1261 815
f 1474 815 1475
f 1472 1474 1475
f 1472 1475 1473
f 815 814 1410
f 815 1410 1475
f 1475 1410 1263
f 1475 1263 1476
f 1475 1476 1473
f 1473 1476 1477
f 1473 1477 1471
f 1476 1263 1262
f 1476 1262 1477
f 1477 1262 1233
f 1477 1233 1467
f 1471 1477 1467
f 1471 1467 189
f 201 1469 1478
f 201 1478 199
f 1469 193 192
f 1469 192 1478
f 199 1478 192
f 199 192 202
f 183 182 1479
f 183 1479 184
f 182 181 1468
f 182 1468 1479
f 1479 1468 201
f 1479 201 198
f 184 1479 198
f 1465 202 192
f 1465 192 195
f 734 733 469
f 733 470 468
f 469 733 468
f 469 468 734
f 463 735 734
f 463 734 468
f 732 671 470
f 733 732 470
f 732 739 671
f 735 463 458
f 735 458 462
f 739 735 731
f 735 462 461
f 735 461 731
f 749 747 684
f 748 680 682
f 748 682 683
f 749 684 680
f 749 680 748
f 755 683 671
f 755 748 683
f 1480 755 739
f 739 755 671
f 1481 1480 739
f 1481 739 731
f 747 695 684
f 747 1481 695
f 695 1481 731
f 733 734 740
f 735 739 746
f 739 732 738
f 739 738 746
f 1481 1482 1480
f 1480 1482 1483
f 1480 1483 755
f 1484 748 1483
f 1483 748 755
f 747 748 1484
f 747 1484 1483
f 747 1483 1481
f 1481 1483 1482
f 749 748 747
f 265 1309 1307
f 265 264 1485
f 1485 264 266
f 265 1485 266
f 1309 265 266
f 1309 266 1310
f 1307 1309 1310
f 1489 1490 2804
f 1491 1492 1486
f 1492 10 9
f 2804 1493 1489
f 1489 1493 1494
f 1489 1494 1488
f 1495 1496 1497
f 9 1498 1492
f 1492 1498 1486
f 1499 1500 1501
f 1499 1501 1502
f 1500 1495 1501
f 1502 1501 1503
f 1496 1491 1497
f 1491 1504 1497
f 1497 1504 1490
f 1497 1490 1495
f 1495 1490 1489
f 1495 1489 1501
f 1501 1489 1488
f 1501 1488 1503
f 1505 1506 1507
f 10 1492 1496
f 1496 1492 1491
f 1511 1509 1510
f 31 30 1514
f 31 1514 1513
f 30 1515 1514
f 1506 1514 1515
f 1513 1514 1506
f 1516 1513 1517
f 1499 1518 1519
f 1499 1519 1500
f 1518 1520 1521
f 1518 1521 1519
f 1519 1521 1522
f 1519 1522 1495
f 1500 1519 1495
f 1495 1522 1512
f 1495 1512 1496
f 1523 1516 1517
f 1523 1517 1524
f 1524 1525 1523
f 1527 1528 1526
f 1525 1526 1529
f 1523 1525 1529
f 1530 1531 1532
f 1530 1532 1533
f 47 1530 1533
f 47 1533 49
f 1535 1488 1536
f 1534 1535 1536
f 1534 1536 1537
f 1532 1538 1533
f 1532 1539 2809
f 1532 2809 1538
f 1538 2809 56
f 1538 56 55
f 1533 1538 55
f 1533 55 49
f 1540 1534 1537
f 1540 1537 1541
f 1531 1540 1541
f 1531 1541 1532
f 1488 1494 1536
f 1494 2812 1536
f 1536 2812 1542
f 1536 1542 1537
f 62 1523 63
f 1537 1542 1541
f 1541 1539 1532
f 1543 1544 1545
f 1546 1547 1548
f 1546 1548 1549
f 1547 1499 1502
f 1547 1502 1548
f 1548 1502 1503
f 1549 1548 1503
f 1545 1531 1530
f 1545 1530 1543
f 1530 47 65
f 1543 1530 65
f 1544 1550 1551
f 1544 1551 1545
f 1550 1546 1549
f 1550 1549 1551
f 1503 1488 1535
f 1503 1535 1534
f 1503 1534 1549
f 31 1513 62
f 1513 1516 62
f 1549 1534 1540
f 1549 1540 1551
f 1551 1540 1531
f 1551 1531 1545
f 1517 1506 1505
f 1517 1505 1552
f 1517 1552 1524
f 1528 1553 1554
f 1528 1554 1555
f 1553 1520 1518
f 1553 1518 1554
f 1554 1518 1499
f 1554 1499 1547
f 1555 1554 1547
f 1555 1547 1546
f 1513 1506 1517
f 1524 1556 1557
f 1524 1557 1525
f 1557 1558 1559
f 1525 1557 1559
f 1525 1559 1526
f 81 1543 65
f 1543 81 1544
f 1544 1555 1550
f 1544 1526 1555
f 1555 1526 1528
f 1550 1555 1546
f 1505 1560 1561
f 1505 1561 1552
f 1552 1561 1556
f 1552 1556 1524
f 1562 1564 1565
f 1562 1565 1563
f 1563 1565 1566
f 1562 1563 1566
f 1562 1566 1508
f 88 89 1510
f 1510 89 1567
f 1511 1568 1562
f 1511 1562 1508
f 1568 1512 1522
f 1568 1522 1569
f 1568 1569 1562
f 1522 1570 1569
f 1570 1571 1569
f 1569 1571 1564
f 1569 1564 1562
f 89 93 1572
f 89 1572 1512
f 89 1512 1567
f 1508 1505 1511
f 1505 1507 1509
f 1511 1505 1509
f 1507 1506 32
f 1507 32 1509
f 1506 1515 32
f 32 1515 30
f 1504 1491 1486
f 1504 1486 1487
f 1490 1504 1487
f 1490 1487 2804
f 1585 1577 1574
f 1578 1585 1574
f 1586 1578 1583
f 1580 1583 1579
f 1580 1579 1581
f 1584 1580 1581
f 1577 1584 1582
f 1588 107 1587
f 1590 107 1588
f 1587 1590 1588
f 1615 1591 1592
f 1591 1587 1589
f 1591 1589 1592
f 1594 1593 1591
f 1594 1591 1615
f 1593 1595 1591
f 1595 1587 1591
f 1593 1596 1595
f 1595 1596 1587
f 1596 1590 1587
f 1590 114 107
f 1596 115 1590
f 115 114 1590
f 1598 1600 1599
f 1597 1600 1598
f 1601 1602 125
f 1602 1603 125
f 1603 1604 126
f 1603 126 123
f 125 1603 123
f 1602 1604 1603
f 1605 1606 131
f 1606 1607 131
f 1607 1601 125
f 1607 125 124
f 131 1607 124
f 1606 1601 1607
f 1593 1608 1596
f 1596 1608 1610
f 1596 1610 1609
f 1593 1611 1608
f 135 1613 1614
f 1613 1612 1614
f 1589 1612 1592
f 1615 1613 135
f 1615 1592 1612
f 1612 1613 1615
f 139 1617 140
f 141 1617 139
f 1604 1619 127
f 1604 127 126
f 1619 1618 127
f 1589 1587 1612
f 135 1614 136
f 1614 1612 1587
f 1614 1587 136
f 107 136 1587
f 1620 1597 1599
f 1599 1597 1598
f 1593 1621 1622
f 1622 1621 1597
f 1600 1597 1621
f 1623 1619 1604
f 1623 1618 1619
f 1600 1621 1623
f 1623 1624 141
f 1623 141 1618
f 1624 1617 141
f 1621 1617 1623
f 1621 1593 1617
f 1623 1617 1624
f 1593 1594 1617
f 1594 1615 1616
f 1594 1616 1617
f 1625 1606 1605
f 1625 1601 1606
f 1599 1626 1620
f 1620 1626 1625
f 1625 1626 1602
f 1625 1602 1601
f 1626 1627 1602
f 1627 1623 1604
f 1627 1604 1602
f 1599 1627 1626
f 1599 1600 1623
f 1599 1623 1627
f 1616 1615 1617
f 140 1617 135
f 135 1617 1615
f 1605 1628 1625
f 1625 1628 1620
f 1628 1629 1620
f 1628 1630 1629
f 130 1631 131
f 131 1631 1605
f 1631 1632 1605
f 130 152 1632
f 130 1632 1631
f 1622 1633 1593
f 1633 1611 1593
f 1620 1629 1634
f 1620 1634 1597
f 1596 1609 155
f 1596 155 115
f 1630 1635 1629
f 1629 1635 1634
f 1597 1634 1636
f 1597 1636 1635
f 1634 1635 1636
f 1638 1635 1630
f 1637 1635 1638
f 1610 1641 1609
f 1641 165 155
f 1641 155 1609
f 1641 1643 165
f 2292 1642 1641
f 1642 1643 1641
f 1643 168 165
f 1650 1651 1608
f 1650 1608 1611
f 1651 1610 1608
f 1651 1641 1610
f 1652 1653 1654
f 1656 1657 1658
f 1659 2292 1641
f 1660 2292 1659
f 1661 1663 1664
f 1668 1650 1611
f 1668 1611 1669
f 2348 1650 1668
f 1658 1671 1672
f 1658 1672 1673
f 1672 1671 1674
f 1597 1675 1622
f 1675 1668 1622
f 1622 1668 1633
f 1611 1633 1669
f 1633 1668 1669
f 1677 1676 1635
f 1676 1675 1635
f 1635 1675 1597
f 1678 1632 1680
f 1680 1632 152
f 1680 152 208
f 1679 1605 1632
f 1678 1679 1632
f 1605 1679 1628
f 1630 1628 1639
f 1630 1639 1638
f 1628 1679 1639
f 210 1682 1683
f 210 1683 212
f 212 1683 1684
f 1682 1686 1683
f 1686 1682 1687
f 1682 210 1688
f 1688 210 218
f 1687 1682 1689
f 1689 1692 1690
f 1692 223 1693
f 1690 1692 1693
f 1682 1688 1689
f 1688 218 223
f 1688 223 1692
f 1689 1688 1692
f 1691 1690 1694
f 1694 1697 1695
f 1697 228 1698
f 1695 1697 1698
f 1695 1698 1696
f 1690 1693 1697
f 1690 1697 1694
f 1693 223 228
f 1693 228 1697
f 1695 1696 1699
f 1695 1699 1700
f 1700 1699 1701
f 1700 1701 1702
f 1703 232 1704
f 1699 1703 1704
f 1699 1704 1701
f 1696 1698 1703
f 1696 1703 1699
f 1698 228 1703
f 1703 228 232
f 1702 1701 1705
f 1705 1701 1707
f 1701 1704 1707
f 1704 232 237
f 1704 237 1707
f 1708 1709 1711
f 1708 1711 1710
f 1711 1705 1706
f 1709 1702 1705
f 1709 1705 1711
f 1712 1713 1714
f 1712 1714 1715
f 1722 1723 1724
f 212 1684 1725
f 212 1725 258
f 1684 1685 1725
f 1738 1737 1739
f 1742 1743 1744
f 1750 1751 1752
f 1759 1760 1762
f 1764 1765 1766
f 1763 1764 1766
f 1767 1768 1769
f 1761 1767 1769
f 1776 1778 1777
f 1782 1784 1783
f 1792 1793 1794
f 1795 1793 1796
f 1795 1797 1793
f 1796 1793 1792
f 1817 1819 1818
f 1824 1825 1826
f 1823 1824 1826
f 1827 1828 1829
f 1830 1820 1822
f 1831 1832 1833
f 1834 1835 1837
f 1841 1842 1843
f 1847 1848 1849
f 1845 1850 1851
f 1855 1856 1857
f 1854 1855 1857
f 1858 1860 1859
f 1861 1854 1862
f 1871 1872 1873
f 1874 1875 1712
f 1874 1712 1715
f 1875 1876 1712
f 1877 1878 1880
f 1876 1881 1712
f 1881 1882 1713
f 1712 1881 1713
f 1888 1889 1890
f 1891 1892 1887
f 1891 1887 1893
f 1892 1894 1887
f 1893 1887 1886
f 1903 1901 1902
f 1904 1905 1906
f 1904 1906 1907
f 1708 1912 1913
f 1913 1912 1914
f 1912 1915 1914
f 1912 1916 1915
f 1916 1917 1915
f 1917 1918 1915
f 1918 1920 1919
f 1918 1921 1920
f 1921 1922 1920
f 1702 1709 1923
f 1709 1708 1923
f 1695 1700 1925
f 1700 1927 1925
f 1927 1923 1925
f 1700 1702 1927
f 1927 1702 1923
f 1691 1694 1928
f 1694 1695 1928
f 1928 1695 1929
f 1925 1926 1931
f 1695 1925 1931
f 1695 1931 1929
f 1932 1933 1934
f 1933 1935 1936
f 1934 1933 1936
f 1936 1928 1930
f 1935 1928 1936
f 1932 1934 1937
f 1932 1937 1938
f 1934 1936 1937
f 1939 1938 1937
f 1940 1939 1937
f 1942 1941 1944
f 1945 1946 1947
f 1920 1922 1939
f 1685 1684 1683
f 1685 1683 1948
f 1948 1683 1949
f 1686 1949 1683
f 1952 1951 1949
f 1951 1948 1949
f 1726 1685 1948
f 1951 1954 1727
f 1951 1727 1726
f 1948 1951 1726
f 1953 1955 1954
f 1953 1954 1951
f 1955 1956 1954
f 1727 1954 1956
f 1958 1957 1727
f 1958 1727 1959
f 1959 1727 1956
f 1949 1686 1952
f 1952 1686 1960
f 1951 1952 1950
f 1686 1961 1960
f 1962 1963 1964
f 1895 1959 1956
f 1976 1978 1977
f 1979 1981 1980
f 1983 1984 1985
f 1986 1987 1988
f 1990 1991 1992
f 1989 1990 1992
f 1932 1993 1933
f 1933 1993 1935
f 1691 1928 1999
f 1928 1935 1993
f 1928 1993 1994
f 1999 1928 1994
f 1995 1999 1993
f 1999 1994 1993
f 1687 1689 1686
f 1686 1689 1996
f 1686 1996 1961
f 1996 1997 1998
f 1961 1996 1998
f 1999 1995 2000
f 1996 1999 2000
f 1996 2000 1997
f 1689 1690 1999
f 1690 1691 1999
f 1689 1999 1996
f 2001 2003 2002
f 2011 2014 2010
f 2011 2015 2014
f 2010 2014 2012
f 2072 2017 2016
f 2018 2021 2019
f 2018 2022 2021
f 2021 2022 2023
f 2019 2021 2020
f 2017 2024 2016
f 2017 2025 2024
f 2024 2025 2022
f 2024 2022 2018
f 2016 2024 2018
f 2028 2031 2029
f 2027 2030 2028
f 2026 2030 2027
f 2035 2037 2038
f 2035 2038 2036
f 2034 2039 2037
f 2034 2037 2035
f 2033 2034 2035
f 2040 2012 2042
f 2012 2013 2042
f 2041 2012 2040
f 2041 2010 2012
f 2044 2017 2072
f 2043 2025 2017
f 2044 2043 2017
f 2031 2045 2029
f 2029 2045 2043
f 2046 2047 2032
f 2046 2032 2026
f 2036 2047 2046
f 2036 2038 2047
f 2048 2039 2034
f 2048 2049 2039
f 2042 2049 2048
f 2042 2013 2049
f 2052 2041 2040
f 2051 2053 2010
f 2051 2010 2041
f 2052 2051 2041
f 2020 2021 2054
f 2020 2054 2050
f 2021 2023 2053
f 2021 2053 2054
f 2054 2053 2051
f 2050 2054 2051
f 2056 2040 2057
f 2055 2051 2052
f 2055 2052 2056
f 2056 2052 2040
f 2055 2020 2050
f 2055 2050 2051
f 2059 2048 2034
f 2059 2034 2033
f 2058 2042 2048
f 2058 2048 2059
f 2158 2064 2065
f 2069 2026 2068
f 2069 2046 2026
f 2070 2036 2046
f 2070 2046 2069
f 2071 2043 2044
f 2071 2044 2072
f 2029 2043 2071
f 2074 2057 2075
f 2057 2040 2075
f 2040 2042 2075
f 2075 2042 2058
f 2076 2077 2078
f 2078 2079 2080
f 2080 2081 2078
f 2078 2081 2082
f 2078 2082 2076
f 2080 2035 2036
f 2080 2036 2070
f 2033 2035 2080
f 2062 2033 2080
f 2068 2083 2069
f 2084 2085 2071
f 2066 2028 2085
f 2066 2027 2028
f 2028 2029 2071
f 2085 2028 2071
f 2068 2026 2067
f 2026 2027 2066
f 2067 2026 2066
f 2073 2072 2086
f 2086 2018 2019
f 2086 2019 2087
f 2087 2019 2020
f 2087 2020 2055
f 2072 2016 2086
f 2086 2016 2018
f 2113 2090 2088
f 2091 2093 2092
f 2092 2094 2095
f 2094 2096 2098
f 2094 2098 2095
f 2093 2099 2100
f 2093 2100 2092
f 2099 1995 2101
f 2099 2101 2100
f 2100 2101 2097
f 2100 2097 2096
f 2092 2100 2096
f 2092 2096 2094
f 2012 2102 2103
f 2012 2103 2104
f 2102 1960 2103
f 2103 1960 1961
f 2105 2106 2107
f 2106 2108 2107
f 2109 2106 2105
f 2109 2110 2108
f 2109 2108 2106
f 2089 2141 2110
f 2089 2110 2109
f 2112 2090 2113
f 2112 2114 2090
f 2095 2098 2115
f 2095 2115 2111
f 2115 2114 2112
f 2111 2115 2112
f 2117 2093 2091
f 2116 2118 2119
f 2116 2119 2117
f 2118 1997 2000
f 2118 2000 2119
f 2119 2000 1995
f 2119 1995 2099
f 2117 2119 2099
f 2117 2099 2093
f 2103 1961 1998
f 2103 1998 2104
f 1998 1997 2118
f 2104 1998 2118
f 2104 2118 2116
f 2045 2120 2043
f 2043 2121 2025
f 2120 2088 2089
f 2120 2089 2043
f 2043 2089 2121
f 2031 2113 2045
f 2113 2088 2120
f 2045 2113 2120
f 2047 2122 2032
f 2038 2092 2047
f 2047 2092 2095
f 2047 2095 2122
f 2038 2091 2123
f 2091 2092 2123
f 2123 2092 2038
f 2049 2124 2039
f 2124 2012 2039
f 2039 2012 2104
f 2039 2104 2125
f 2013 2012 2049
f 2049 2012 2124
f 2053 2126 2010
f 2126 2107 2010
f 2010 2107 2015
f 2010 2015 2011
f 2023 2105 2053
f 2105 2107 2126
f 2053 2105 2126
f 2025 2127 2022
f 2022 2127 2128
f 2022 2128 2023
f 2127 2109 2128
f 2128 2109 2105
f 2128 2105 2023
f 2121 2089 2109
f 2121 2109 2025
f 2025 2109 2127
f 2032 2122 2026
f 2026 2113 2030
f 2030 2113 2028
f 2028 2113 2031
f 2122 2111 2026
f 2122 2095 2111
f 2026 2111 2112
f 2026 2112 2113
f 2039 2125 2129
f 2039 2129 2037
f 2037 2129 2038
f 2129 2116 2117
f 2129 2117 2038
f 2038 2117 2091
f 2125 2104 2129
f 2129 2104 2116
f 2153 1956 1955
f 2153 2152 1956
f 2130 1908 2131
f 2130 2131 2152
f 2133 1908 2130
f 2133 1909 1908
f 2132 1897 1909
f 2132 1909 2133
f 2141 2132 2133
f 2134 2137 2135
f 2135 2137 1910
f 2138 1898 1897
f 2138 1897 2132
f 2136 2135 2138
f 2135 1910 1898
f 2135 1898 2138
f 2090 2140 2088
f 2088 2140 2089
f 2139 2142 2090
f 2090 2142 2140
f 2140 2142 2141
f 2140 2141 2089
f 2142 2138 2132
f 2142 2132 2141
f 2142 2136 2138
f 2107 2143 2144
f 2107 2144 2145
f 2145 2144 2146
f 2146 1951 1950
f 2115 2148 2114
f 2114 2148 2139
f 2114 2139 2090
f 2115 2149 2148
f 2148 2149 2139
f 2149 2142 2139
f 2149 2135 2136
f 2149 2136 2142
f 2098 2134 2115
f 2134 2135 2149
f 2115 2134 2149
f 2110 2151 2108
f 2110 2152 2151
f 2110 2141 2150
f 2150 2133 2130
f 2150 2130 2110
f 2110 2130 2152
f 2141 2133 2150
f 2108 2151 2107
f 2107 2147 2143
f 2151 2152 2107
f 2107 2153 2147
f 2153 1955 2147
f 2107 2152 2153
f 2015 2154 2014
f 2014 2154 2102
f 2014 2102 2012
f 2154 2145 2146
f 2154 2146 1950
f 2107 2145 2154
f 2015 2107 2154
f 2144 2143 2147
f 1951 2146 1953
f 2144 1953 2146
f 2156 2055 2056
f 2156 2056 2057
f 2156 2057 2155
f 2155 2055 2156
f 2157 2074 2075
f 2157 2075 2155
f 2155 2075 2058
f 2155 2057 2074
f 2155 2074 2157
f 2155 2061 2158
f 2155 2058 2060
f 2155 2060 2061
f 2158 2065 2159
f 2160 2084 2071
f 2158 2161 2084
f 2158 2084 2160
f 2162 2072 2073
f 2162 2073 2163
f 2160 2164 2158
f 2160 2071 2164
f 2164 2071 2072
f 2164 2072 2162
f 2158 2164 2162
f 2158 2162 2155
f 2165 2087 2055
f 2165 2055 2155
f 2162 2165 2155
f 2163 2073 2086
f 2163 2086 2162
f 2162 2086 2087
f 2162 2087 2165
f 2098 2166 2007
f 2166 1900 1901
f 2166 1901 2007
f 2096 2097 2098
f 2098 2097 2166
f 2097 2167 2166
f 2167 2168 1900
f 2167 1900 2166
f 2097 2101 2167
f 2101 1995 2169
f 2101 2169 2167
f 2167 2169 2168
f 2098 2007 2134
f 2134 2007 2008
f 2134 2008 2170
f 2134 2170 2137
f 1903 2170 2008
f 1903 1911 2170
f 1895 1956 2152
f 1895 2152 2131
f 1920 1939 2172
f 1920 2172 2171
f 2175 2178 2179
f 2175 2179 2177
f 2176 2175 2177
f 2174 2180 2178
f 2174 2178 2175
f 2173 2174 2175
f 2181 2183 2182
f 2181 2184 2183
f 2187 2189 2190
f 2187 2190 2188
f 2186 2191 2189
f 2186 2189 2187
f 2227 2193 2192
f 2227 2194 2193
f 2196 2174 2173
f 2195 2197 2180
f 2195 2180 2174
f 2196 2195 2174
f 2182 2183 2197
f 2182 2197 2195
f 2198 2185 2181
f 2198 2199 2185
f 2188 2200 2198
f 2188 2190 2200
f 2200 2190 2199
f 2200 2199 2198
f 2201 2191 2186
f 2201 2202 2191
f 2192 2202 2201
f 2203 2205 2204
f 2203 2206 2205
f 2205 2194 2227
f 2204 2205 2227
f 2177 2179 2206
f 2177 2206 2203
f 2207 2203 2204
f 2207 2204 2209
f 2209 2204 2227
f 2208 2177 2203
f 2208 2203 2207
f 2213 2214 2211
f 2211 2186 2213
f 2211 2201 2186
f 2210 2192 2201
f 2210 2201 2211
f 2215 2216 2217
f 2288 2219 2220
f 2221 2198 2181
f 2215 2188 2198
f 2215 2198 2221
f 2223 2225 2224
f 2224 2196 2226
f 2224 2195 2196
f 2196 2173 2226
f 2225 2182 2195
f 2225 2195 2224
f 2227 2192 2228
f 2228 2192 2210
f 2230 2231 2232
f 2217 2187 2215
f 2187 2188 2215
f 2213 2186 2187
f 2213 2187 2217
f 2233 2234 2222
f 2220 2235 2223
f 2235 2233 2225
f 2235 2225 2223
f 2233 2181 2182
f 2233 2182 2225
f 2222 2181 2233
f 2236 2175 2176
f 2236 2176 2208
f 2208 2176 2177
f 2226 2173 2236
f 2236 2173 2175
f 2237 2244 2245
f 2237 2245 2238
f 2244 1708 1913
f 2244 1913 2245
f 2245 1913 1914
f 2245 1914 2238
f 1923 2246 1925
f 1926 1925 2247
f 1925 2246 2247
f 2248 2247 2246
f 2249 2240 2250
f 2243 2242 2251
f 2252 2249 2250
f 2253 2242 2254
f 2253 2254 2240
f 2249 2253 2240
f 2248 2255 2256
f 2255 2244 2256
f 2255 1924 1923
f 2255 1923 2244
f 2244 1923 1708
f 2256 2244 2237
f 2246 1923 1924
f 2246 1924 2248
f 2248 1924 2255
f 2193 1931 2192
f 2193 1929 1931
f 1931 1926 2257
f 2192 1931 2257
f 2258 1930 1928
f 2258 1928 1929
f 2258 1929 2193
f 2194 2258 2193
f 2191 2259 2260
f 2191 2260 2189
f 2189 2261 2190
f 2260 2256 2189
f 2189 2256 2237
f 2189 2237 2261
f 2259 2248 2256
f 2259 2256 2260
f 2262 2242 2249
f 2242 2253 2249
f 2180 2267 2268
f 2180 2268 2178
f 2178 2269 2179
f 2268 2270 2178
f 2270 1937 1936
f 2270 1936 2271
f 2178 2270 2271
f 2178 2271 2269
f 2267 1939 1940
f 2267 1940 1937
f 2267 1937 2270
f 2267 2270 2268
f 2179 2272 2206
f 2206 2272 2205
f 2272 2273 2258
f 2272 2258 2205
f 2273 1936 1930
f 2273 1930 2258
f 2205 2258 2194
f 2269 2271 2179
f 2271 1936 2273
f 2179 2271 2273
f 2179 2273 2272
f 2192 2257 2274
f 2192 2274 2202
f 2202 2274 2259
f 2202 2259 2191
f 2274 2247 2259
f 2259 2247 2248
f 2257 1926 2247
f 2257 2247 2274
f 2190 2275 2199
f 2277 2276 2278
f 2261 2275 2190
f 2261 2237 2238
f 2261 2238 2275
f 2275 2238 2239
f 2197 2267 2180
f 2197 2172 2267
f 2267 2172 1939
f 2183 2171 2172
f 2183 2172 2197
f 2280 2207 2209
f 2280 2209 2279
f 2279 2207 2280
f 2281 2282 2288
f 2281 2227 2228
f 2281 2228 2282
f 2282 2228 2210
f 2282 2210 2288
f 2288 2279 2281
f 2279 2209 2227
f 2279 2227 2281
f 2288 2210 2212
f 2288 2212 2229
f 2288 2229 2283
f 2283 2230 2232
f 2283 2284 2288
f 2283 2286 2285
f 2283 2285 2284
f 2288 2220 2223
f 2288 2223 2287
f 2288 2224 2226
f 2288 2226 2289
f 2288 2287 2290
f 2287 2223 2224
f 2287 2224 2290
f 2290 2224 2288
f 2288 2291 2279
f 2291 2236 2208
f 2291 2208 2207
f 2291 2207 2279
f 2288 2289 2291
f 2289 2226 2236
f 2289 2236 2291
f 168 1643 237
f 237 1643 1707
f 1643 1642 1707
f 1642 2292 1707
f 2292 1706 1705
f 1707 2292 1705
f 2298 2299 2300
f 2301 2302 2303
f 2304 2305 2306
f 2307 2308 2309
f 2311 2301 2303
f 2313 2314 2315
f 2316 2317 2318
f 2320 2321 2322
f 2323 2324 2325
f 2327 2328 2329
f 2305 2334 2335
f 2305 2335 2306
f 2306 2335 2304
f 2336 2337 2338
f 2337 2339 2340
f 2337 2340 2341
f 2338 2337 2341
f 2346 2347 1573
f 1575 1675 1676
f 1581 2339 2349
f 2349 2345 1582
f 1575 1676 1583
f 1579 1583 1676
f 1575 1583 1574
f 1575 1574 1576
f 1576 1574 2350
f 1578 1574 1583
f 2348 2350 1573
f 1582 2350 1577
f 1575 1576 2348
f 2348 1576 2350
f 1577 2350 1574
f 2345 1573 1582
f 1582 1573 2350
f 2346 1573 2345
f 1675 1575 1668
f 1575 2348 1668
f 1586 2351 1578
f 1580 2352 1583
f 1577 2353 1584
f 1577 1585 2353
f 1578 2351 1585
f 1584 2353 2352
f 1584 2352 1580
f 2356 2353 1585
f 2354 2356 1585
f 2357 2354 1585
f 2357 1585 2351
f 2358 2351 1586
f 2358 2357 2351
f 2358 1586 1583
f 2358 1583 2352
f 2358 2352 2353
f 2354 2358 2353
f 2354 2353 2356
f 2357 2355 2354
f 2354 2359 2358
f 2354 2355 2359
f 2359 2355 2358
f 2358 2355 2357
f 1681 1639 1640
f 1639 1681 1638
f 1679 1640 1639
f 1678 1681 1640
f 1678 1640 1679
f 1638 1681 1678
f 1901 2008 2007
f 1903 2008 1901
f 1903 2360 1911
f 2361 1911 2360
f 2137 2170 1911
f 1910 2137 1911
f 1897 1898 1899
f 2361 1910 1911
f 2361 1899 1898
f 2361 1898 1910
f 2361 2362 1899
f 1895 1897 1899
f 1895 1899 2362
f 1909 1897 1895
f 1908 1909 1895
f 1908 1895 1896
f 1896 1895 2131
f 1896 2131 1908
f 2363 2364 2365
f 2363 2365 2366
f 2364 2367 2365
f 2366 2365 2368
f 2368 2365 2369
f 2368 2369 2370
f 2370 2369 1830
f 1823 2372 2373
f 1823 2373 1824
f 2372 2374 2373
f 1824 2373 1825
f 1825 2373 2364
f 1825 2364 2375
f 2375 2364 2363
f 1827 2376 1828
f 2376 2374 2372
f 1828 2376 2372
f 1828 2372 1823
f 1821 2377 2376
f 1821 2376 2378
f 2377 1917 2376
f 2378 2376 1827
f 1830 2369 1820
f 2369 2371 1917
f 2369 1917 2377
f 1820 2369 2377
f 1820 2377 1821
f 1836 2379 2380
f 1836 2380 2381
f 2379 2382 2380
f 2381 2380 2383
f 2383 2380 2384
f 2383 2384 2385
f 2385 2384 1831
f 2386 2387 2388
f 1838 2386 2388
f 1838 2388 1839
f 2389 2390 2386
f 2389 2386 1838
f 2390 2374 2386
f 2373 2374 2390
f 1832 2373 2390
f 1832 2390 2389
f 1831 2384 2373
f 1831 2373 1832
f 2384 2367 2364
f 2384 2364 2373
f 1839 2388 2391
f 2391 2388 1834
f 1834 2388 2379
f 1834 2379 1835
f 1835 2379 1836
f 2392 2393 1844
f 1844 2393 2394
f 1844 2394 1845
f 2395 878 2396
f 1848 2395 2396
f 1848 2396 1841
f 1847 2397 2395
f 1847 2395 1848
f 2397 2387 2395
f 2388 2387 2397
f 1850 2388 2397
f 1850 2397 1847
f 1845 2394 2388
f 1845 2388 1850
f 2394 2382 2379
f 2394 2379 2388
f 1842 882 2398
f 882 874 2393
f 2398 882 2393
f 2398 2393 2392
f 1841 2396 883
f 1841 883 1842
f 2396 878 883
f 1842 883 882
f 1809 1811 2399
f 1809 2399 2400
f 2393 874 1812
f 1813 2393 1812
f 1814 2401 2394
f 1814 2394 2402
f 2401 2382 2394
f 2402 2394 2393
f 2402 2393 1813
f 1816 2403 2401
f 1816 2401 1815
f 1815 2401 1814
f 2400 2399 2403
f 2400 2403 2404
f 2404 2403 1816
f 1817 893 1811
f 1817 1811 2405
f 1811 893 885
f 1812 368 1818
f 1812 874 368
f 1818 368 893
f 1818 893 1817
f 1806 2406 1801
f 1801 2406 2407
f 2407 2408 1800
f 1801 2407 1800
f 1804 2384 1802
f 1804 2367 2384
f 1802 2384 2380
f 1800 2408 1805
f 2380 2382 2401
f 2380 2401 2409
f 2409 2401 2403
f 2409 2403 1808
f 1808 2403 1807
f 2403 2399 1806
f 1807 2403 1806
f 1792 2410 1796
f 1796 2410 1795
f 1795 2410 2411
f 1795 2411 2412
f 2412 2411 2414
f 2365 2367 2415
f 1799 2365 2415
f 1799 2415 1798
f 1790 2416 2417
f 2416 2371 2369
f 2416 2369 2365
f 2417 2416 2365
f 2417 2365 1799
f 2414 2411 2418
f 2414 2418 2419
f 2411 2413 2418
f 2419 2418 1791
f 2418 2371 2416
f 1791 2418 2416
f 1791 2416 1790
f 1798 2415 2420
f 1798 2420 2421
f 2415 2367 1804
f 2415 1804 2420
f 2420 1804 1805
f 2421 2420 1794
f 2420 1805 2408
f 2420 2408 2410
f 1794 2420 2410
f 1794 2410 1792
f 1783 1779 1782
f 1782 1779 2422
f 1782 2422 2424
f 1811 885 1785
f 1786 1811 1785
f 1787 2425 2426
f 2425 2399 1811
f 2426 2425 1811
f 2426 1811 1786
f 1789 2427 2425
f 1789 2425 1788
f 1788 2425 1787
f 2424 2422 2427
f 2424 2427 2428
f 2422 2423 2427
f 2428 2427 1789
f 1781 1779 1780
f 1781 323 1779
f 1779 323 910
f 1785 885 918
f 1785 918 1781
f 1781 918 323
f 2429 2430 1775
f 2430 2431 1774
f 1775 2430 1774
f 1776 2406 1806
f 1776 1806 1773
f 1773 1806 2399
f 1770 2408 2407
f 1770 2407 2406
f 1777 1770 2406
f 1777 2406 1776
f 2399 2425 1773
f 1773 2425 2427
f 1772 1773 2427
f 1772 2427 2429
f 2427 2423 2429
f 2432 2433 2434
f 2434 2433 2435
f 2435 2433 2436
f 2435 2436 2437
f 2437 2436 1763
f 1759 2410 1760
f 2410 2408 2438
f 1760 2410 2438
f 1760 2438 1761
f 2439 2440 2441
f 2439 2441 2442
f 2440 2413 2411
f 2440 2411 2441
f 2441 2411 2410
f 2442 2441 2410
f 2442 2410 1759
f 1763 2436 2443
f 1763 2443 1764
f 2436 1902 2443
f 1764 2443 1765
f 1765 2443 2444
f 2443 2413 2440
f 2444 2443 2440
f 2444 2440 2439
f 1761 2438 2445
f 1761 2445 1767
f 2438 2408 1770
f 2438 1770 2445
f 2445 1770 1771
f 1767 2445 1771
f 1767 1771 1768
f 1768 1771 1774
f 1768 1774 2446
f 1774 2431 2433
f 2446 1774 2433
f 2446 2433 2432
f 1735 2447 1733
f 1733 2447 2448
f 1733 2448 2450
f 1779 910 2451
f 1739 1779 2451
f 1739 2451 1738
f 1730 2452 2422
f 1730 2422 2453
f 2452 2423 2422
f 2453 2422 1779
f 2453 1779 1739
f 2450 2448 2454
f 2450 2454 2455
f 2448 2449 2454
f 2455 2454 1732
f 1732 2454 2452
f 1732 2452 1731
f 1731 2452 1730
f 1738 2451 1737
f 2451 910 947
f 1737 2451 1736
f 1736 2451 937
f 2451 947 937
f 937 938 2447
f 1736 937 2447
f 1736 2447 1735
f 1754 2456 2457
f 2430 2429 2423
f 1757 2431 2430
f 1757 2430 1755
f 1756 2454 1754
f 2454 2449 2456
f 1754 2454 2456
f 1755 2430 2454
f 1755 2454 1756
f 2430 2423 2452
f 2430 2452 2454
f 1754 2458 2459
f 2001 2433 2460
f 2001 2460 2461
f 2460 2433 2431
f 2460 2431 2462
f 2461 2460 2462
f 2461 2462 2463
f 2004 2464 2465
f 2004 2465 2002
f 2464 1902 2436
f 2464 2436 2465
f 2465 2436 2433
f 2002 2465 2433
f 2002 2433 2001
f 2463 2462 2466
f 2463 2466 2467
f 2462 2431 1757
f 2462 1757 2466
f 2466 1757 1758
f 2467 2466 1758
f 2467 1758 2006
f 2006 1758 2459
f 2459 2458 2468
f 2006 2459 2468
f 2006 2468 2005
f 2469 2470 1902
f 2469 1902 2471
f 2470 1903 1902
f 2471 1902 2464
f 2471 2464 2004
f 2005 2468 2009
f 2009 2468 1969
f 1969 2468 2472
f 2468 2458 2472
f 1969 2472 1968
f 1968 2472 2360
f 1968 2360 2473
f 2472 2361 2360
f 2360 1903 2470
f 2473 2360 2470
f 2473 2470 2469
f 1967 2474 1965
f 1965 2474 2475
f 1965 2475 2477
f 2477 2475 1907
f 2475 2476 2478
f 1907 2475 1904
f 2475 2478 1958
f 1962 2458 2474
f 1962 2474 1967
f 1964 2479 1962
f 2479 2361 2472
f 2479 2472 1962
f 1962 2472 2458
f 1904 2475 2480
f 2475 1958 1959
f 2475 1959 2480
f 2480 1959 1895
f 1904 2480 1964
f 1964 2480 2362
f 2480 1895 2362
f 2362 2361 2479
f 1964 2362 2479
f 2457 2456 2449
f 1753 2458 1754
f 1753 1754 2457
f 1753 2457 1749
f 1750 2481 2483
f 1752 2484 1750
f 2484 2482 2481
f 1750 2484 2481
f 1749 2457 2484
f 1749 2484 1752
f 2474 2458 1753
f 1750 2483 2474
f 2483 2476 2475
f 2483 2475 2474
f 1750 2474 1753
f 1741 2485 2447
f 2447 938 1740
f 1741 2447 1740
f 2486 2487 2447
f 2487 2449 2448
f 2487 2448 2447
f 2486 2447 2485
f 2486 2485 1741
f 1744 2488 1742
f 1742 2488 2489
f 1742 2489 1747
f 1740 938 280
f 1748 1740 2488
f 1748 2488 1744
f 1740 280 2488
f 2488 280 971
f 1747 2489 2484
f 1747 2484 1745
f 2489 2482 2484
f 1745 2484 2457
f 2457 2449 2487
f 1745 2457 2487
f 1745 2487 2486
f 2492 2493 2395
f 2492 2395 2494
f 2493 878 2395
f 2494 2395 2495
f 2495 2395 2496
f 2395 2387 2497
f 2496 2395 2497
f 2496 2497 2498
f 2500 986 2501
f 2499 2500 2501
f 2499 2501 2502
f 2503 2504 2500
f 2503 2500 2499
f 2504 2505 2500
f 2507 2505 2504
f 2506 2507 2504
f 2506 2504 2503
f 2498 2497 2507
f 2498 2507 2506
f 2497 2387 2507
f 2509 978 878
f 2509 878 2493
f 2508 2509 2493
f 2508 2493 2492
f 2502 2501 2509
f 2502 2509 2508
f 2501 986 984
f 2501 984 2509
f 2509 984 978
f 2510 2511 2512
f 2511 2387 2386
f 2511 2386 2513
f 2512 2511 2513
f 2512 2513 2514
f 2514 2513 2515
f 2513 2386 2374
f 2513 2374 2516
f 2515 2513 2516
f 2515 2516 2517
f 2519 2520 2505
f 2519 2505 2521
f 2518 2519 2521
f 2518 2521 2522
f 2523 2524 2519
f 2523 2519 2518
f 2524 2525 2520
f 2524 2520 2519
f 2527 2525 2524
f 2526 2527 2524
f 2526 2524 2523
f 2517 2516 2527
f 2517 2527 2526
f 2522 2521 2528
f 2521 2505 2507
f 2521 2507 2387
f 2521 2387 2511
f 2528 2521 2511
f 2528 2511 2510
f 2529 2530 2531
f 2529 2531 2532
f 2530 1917 2531
f 2532 2531 2533
f 2532 2533 2535
f 1852 2536 1861
f 2536 2525 2527
f 2536 2527 2516
f 1861 2536 2516
f 2516 2374 2537
f 1861 2516 2537
f 1861 2537 1854
f 2538 2539 2525
f 2538 2525 2536
f 1852 2538 2536
f 2535 2533 2538
f 2535 2538 1852
f 2533 2534 2539
f 2533 2539 2538
f 1854 2537 2376
f 1854 2376 1855
f 2537 2374 2376
f 1855 2376 1856
f 1856 2376 2540
f 2376 1917 2530
f 2540 2376 2530
f 2540 2530 2529
f 2541 1019 2542
f 2330 2541 2542
f 2330 2542 2543
f 2330 2544 2541
f 2544 2545 2541
f 2546 2547 2500
f 2546 2500 2332
f 2547 986 2500
f 2500 2505 2548
f 2332 2500 2548
f 2332 2548 2327
f 2327 2548 2328
f 2548 2545 2544
f 2328 2548 2544
f 2328 2544 2330
f 2549 986 2547
f 2549 2547 2546
f 2543 2542 2549
f 2542 1019 2549
f 2549 1019 986
f 2551 2552 2545
f 2551 2545 2553
f 2550 2551 2553
f 2550 2553 2554
f 2555 2556 2551
f 2555 2551 2550
f 2556 2557 2552
f 2556 2552 2551
f 2558 2505 2520
f 2320 2558 2321
f 2558 2520 2525
f 2558 2525 2559
f 2321 2558 2559
f 2321 2559 2323
f 2323 2559 2324
f 2324 2559 2556
f 2324 2556 2555
f 2326 2560 2548
f 2548 2505 2558
f 2326 2548 2558
f 2326 2558 2320
f 2554 2553 2560
f 2554 2560 2326
f 2553 2545 2548
f 2553 2548 2560
f 1647 2561 2541
f 2561 1019 2541
f 1647 2541 2545
f 2563 2564 2565
f 1649 2563 2565
f 2562 1647 2563
f 1647 2545 2563
f 2562 2563 1649
f 1644 2561 1647
f 1644 1019 2561
f 1646 170 1644
f 1644 170 1019
f 1649 2565 2566
f 1649 2566 1646
f 1646 2566 170
f 2567 2569 2570
f 2490 2491 1864
f 2490 1864 1863
f 1725 2583 1054
f 1725 1054 258
f 1685 2584 2583
f 1685 2583 1725
f 1685 2571 2584
f 2586 2587 1866
f 2588 2571 1726
f 1726 2571 1685
f 2583 2584 2576
f 2571 2576 2584
f 2594 2811 2595
f 2576 1071 2583
f 2583 1071 1054
f 2588 2595 2571
f 1868 2489 2488
f 2488 971 1076
f 1868 2488 1076
f 2585 2598 2489
f 2598 2482 2489
f 2585 2489 1868
f 1867 1868 1866
f 1868 1076 411
f 1868 411 1866
f 1866 411 1077
f 2581 2483 2481
f 2581 2481 2482
f 2581 2482 1865
f 2581 2599 2483
f 2599 2476 2483
f 1865 2482 1863
f 2600 2599 2581
f 2601 2602 2490
f 1863 2482 2601
f 1863 2601 2490
f 2482 2598 2601
f 2601 2598 2586
f 2490 2602 2600
f 2603 2604 1873
f 1870 2605 2599
f 1870 2599 1869
f 2605 2476 2599
f 2478 2476 2605
f 1871 2478 2605
f 1871 2605 1870
f 1873 2604 2478
f 1873 2478 1871
f 2604 1958 2478
f 2578 2606 2594
f 2578 2580 2606
f 1869 2599 2580
f 2599 2600 2602
f 2599 2602 2580
f 2567 2819 2591
f 2573 1866 2570
f 2575 2586 1866
f 2573 2575 1866
f 2570 1866 2567
f 1866 1077 1299
f 1866 1299 2567
f 2596 2593 2577
f 2601 2586 2592
f 2593 2602 2601
f 2593 2601 2592
f 2592 2586 2575
f 2592 2575 2596
f 2575 2591 2596
f 2596 2591 2819
f 2607 2608 2590
f 2590 2608 2572
f 2589 2594 2606
f 2589 2606 2597
f 2597 2606 2580
f 2580 2602 2593
f 2590 2572 2594
f 2590 2594 2589
f 2580 2593 2607
f 2597 2580 2607
f 2147 1955 1953
f 2147 1953 2144
f 2102 2154 1960
f 1950 1952 1960
f 1950 1960 2154
f 2613 2784 1670
f 2557 2339 2619
f 1579 1676 1677
f 2349 1582 1584
f 2349 1584 1581
f 2557 2345 2349
f 2339 1581 1579
f 2339 1579 2340
f 1579 2623 2340
f 2623 2624 2338
f 2623 2338 2341
f 2340 2623 2341
f 2337 2336 2619
f 2339 2337 2619
f 2557 2349 2339
f 2624 2623 2625
f 1579 1677 2625
f 1579 2625 2623
f 1647 2626 1645
f 1647 1648 2626
f 1645 2626 2627
f 1645 2627 1644
f 1644 2627 1646
f 2626 2628 2627
f 2627 2628 1649
f 2627 1649 1646
f 1648 2628 2626
f 2628 1648 1649
f 1649 1648 2562
f 2562 1648 1647
f 1647 1645 1644
f 2546 2332 2333
f 2330 2543 2331
f 2328 2330 2331
f 2554 2326 2629
f 2324 2555 2325
f 2550 2630 2555
f 2631 2345 2632
f 2632 2345 2557
f 2631 2632 2633
f 2634 2635 2345
f 2634 2345 2631
f 2635 2346 2345
f 2312 2636 2313
f 2636 2525 2539
f 2313 2636 2539
f 2313 2539 2314
f 2314 2539 2637
f 2637 2539 2316
f 2316 2539 2638
f 2316 2638 2317
f 2539 2534 2638
f 2638 2346 2635
f 2317 2638 2635
f 2317 2635 2634
f 2559 2525 2636
f 2319 2559 2636
f 2319 2636 2312
f 2633 2632 2639
f 2633 2639 2319
f 2632 2557 2556
f 2632 2556 2639
f 2639 2556 2559
f 2319 2639 2559
f 2640 2347 2641
f 2347 2346 2642
f 2641 2347 2642
f 2641 2642 2307
f 2305 2643 2640
f 2643 2644 2347
f 2640 2643 2347
f 2310 2645 2311
f 2311 2645 2301
f 2301 2645 2302
f 2302 2645 2646
f 2302 2646 2304
f 2645 1710 2646
f 2304 2646 2643
f 2304 2643 2305
f 2647 2638 2534
f 2647 2534 2645
f 2308 2647 2645
f 2308 2645 2310
f 2307 2642 2647
f 2307 2647 2308
f 2642 2346 2638
f 2642 2638 2647
f 2633 2319 2649
f 2314 2637 2315
f 2651 2319 2312
f 2651 2312 2313
f 2650 2651 2313
f 2650 2313 2315
f 2631 2633 2652
f 2305 2640 2334
f 2634 2653 2654
f 2634 2654 2317
f 2653 2631 2650
f 2653 2650 2654
f 2308 2310 2655
f 2302 2304 2656
f 2383 2385 2657
f 2392 1844 1846
f 1809 1810 2658
f 1809 2658 2659
f 1809 2659 1819
f 1819 2659 2660
f 1819 2660 1818
f 1818 2660 1813
f 1818 1813 1812
f 2659 1815 2660
f 2660 1815 1814
f 2660 1814 2661
f 2660 2661 1813
f 1810 2662 2658
f 2662 1810 1815
f 2662 1815 2659
f 2658 2662 2659
f 1811 1809 2405
f 2405 1809 1819
f 2405 1819 1817
f 1816 1815 1810
f 1816 1810 2404
f 2404 1810 2400
f 1813 2661 2402
f 2402 2661 1814
f 2400 1810 1809
f 1779 1783 2663
f 1779 2663 1780
f 1783 1784 2663
f 1780 2663 2664
f 1780 2664 2665
f 1780 2665 2666
f 2666 2665 1786
f 2666 1786 1785
f 2664 1788 2665
f 2665 1788 1787
f 2665 1787 2667
f 2665 2667 1786
f 1784 2668 2663
f 2668 1784 1788
f 2668 1788 2664
f 2663 2668 2664
f 1789 1788 1784
f 1789 1784 2428
f 2428 1784 2424
f 1786 2667 2426
f 2426 2667 1787
f 2424 1784 1782
f 1781 1780 2666
f 1781 2666 1785
f 1733 1734 2669
f 1733 2669 2670
f 1733 2670 1736
f 1736 2670 2671
f 1736 2671 1737
f 2671 2670 1739
f 1737 2671 1739
f 2670 1731 1730
f 2670 1730 2672
f 2670 2672 1739
f 1734 2673 2669
f 2673 1734 1731
f 2673 1731 2670
f 2669 2673 2670
f 1739 2672 2453
f 2453 2672 1730
f 1735 1733 1736
f 2450 1734 1733
f 1732 1731 1734
f 1732 1734 2455
f 2455 1734 2450
f 2674 2675 1746
f 2674 1741 2675
f 1746 2675 1745
f 2675 1743 1745
f 2676 1744 1743
f 2675 2676 1743
f 1741 2676 2675
f 1741 1740 2676
f 2676 1740 1744
f 2486 2674 1745
f 2674 1746 1745
f 1748 1744 1740
f 1747 1745 1742
f 1742 1745 1743
f 1741 2674 2486
f 2677 2585 1868
f 2677 1868 1867
f 1867 1866 2677
f 2677 1866 2587
f 2677 2587 2585
f 2598 2678 2586
f 2678 2587 2586
f 2585 2678 2598
f 2585 2587 2678
f 2679 2591 2575
f 2568 2591 2679
f 2569 2567 2568
f 2569 2568 2679
f 2569 2679 2574
f 2574 2679 2573
f 2573 2679 2575
f 2591 2568 2567
f 2570 2569 2573
f 2573 2569 2574
f 2680 2681 2682
f 2680 2682 2683
f 2680 2684 2685
f 2680 2685 2681
f 2389 1838 1840
f 2391 1834 1837
f 1839 2391 1837
f 1806 2686 1807
f 1807 2686 2687
f 2686 2688 2687
f 2688 1805 1802
f 2687 2688 1802
f 2687 1802 1803
f 1801 2688 2686
f 1801 1800 1805
f 1801 1805 2688
f 1808 1807 2687
f 1808 2687 2409
f 1804 1802 1805
f 2409 2687 2380
f 2687 1803 2380
f 2380 1803 1802
f 1801 2686 1806
f 1772 2689 2690
f 2690 1778 1772
f 2689 2691 2690
f 2691 1770 1777
f 2690 2691 1777
f 2690 1777 1778
f 1775 2691 2689
f 1775 1774 2692
f 1775 2692 2691
f 2691 2692 1770
f 1773 1772 1778
f 1773 1778 1776
f 1775 2689 2429
f 2429 2689 1772
f 1771 1770 2692
f 1771 2692 1774
f 1754 2693 2694
f 2694 2693 1755
f 2695 1757 2696
f 2693 2695 2696
f 2693 2696 1755
f 1754 2697 2695
f 1754 2695 2693
f 2695 2697 1757
f 1758 1757 2697
f 1758 2697 2459
f 1756 1754 2694
f 1756 2694 1755
f 1755 2696 1757
f 2459 2697 1754
f 1753 1749 2698
f 1753 2698 1751
f 2698 1752 1751
f 1749 1752 2698
f 1753 2699 1750
f 1750 2699 1751
f 2699 1753 1751
f 1863 1864 2700
f 2700 2701 2582
f 1864 2491 2700
f 2700 2491 2701
f 1865 1863 2700
f 1865 2700 2581
f 2581 2700 2582
f 2600 2701 2491
f 2600 2491 2702
f 2600 2702 2490
f 2702 2491 2490
f 2581 2582 2701
f 2581 2701 2600
f 2703 2577 2593
f 2592 2596 2577
f 2592 2577 2703
f 2592 2703 2593
f 1861 1862 1852
f 2535 1852 1853
f 2378 1827 1829
f 1821 2378 1829
f 1821 1829 1820
f 2375 2363 2704
f 1825 2375 1826
f 2368 2370 1830
f 2368 1830 2705
f 1793 1797 2706
f 1793 2706 1794
f 1794 2706 2708
f 1794 2708 2709
f 2706 2707 2708
f 2709 2708 1799
f 2709 1799 1798
f 2707 1791 2708
f 2708 1791 1799
f 1797 2707 2706
f 2707 1797 1791
f 1799 1791 2417
f 2417 1791 1790
f 2414 1797 2412
f 2412 1797 1795
f 1794 2709 2421
f 2421 2709 1798
f 1791 1797 2419
f 2419 1797 2414
f 1765 2444 1766
f 2442 1759 1762
f 2442 1762 2710
f 2439 2442 2710
f 2435 2437 2711
f 2712 2713 2714
f 2712 2002 2713
f 2713 2002 2003
f 2715 2006 2714
f 2715 2714 2716
f 2716 2714 2713
f 2715 2716 2713
f 2715 2713 2003
f 2712 2714 1969
f 2712 1969 1968
f 2005 2009 2714
f 2005 2714 2006
f 2009 1969 2714
f 2004 2002 2471
f 2002 2712 2471
f 2471 2712 2469
f 2006 2715 2467
f 2467 2715 2463
f 2463 2715 2461
f 2461 2715 2003
f 2461 2003 2001
f 2469 2712 2473
f 2473 2712 1968
f 1964 1963 2717
f 1965 1966 2717
f 1965 2717 1963
f 2717 1906 1905
f 2717 1905 1964
f 2718 1906 2717
f 2718 2717 1966
f 2477 2718 1965
f 2718 1966 1965
f 1964 1905 1904
f 1967 1963 1962
f 1967 1965 1963
f 1907 1906 2718
f 1907 2718 2477
f 1872 2720 2719
f 1872 1869 2720
f 2719 2579 1872
f 1869 2580 2579
f 1869 2579 2720
f 2580 2578 2579
f 2720 2579 2719
f 2603 1872 2579
f 2603 2579 2594
f 2594 2579 2578
f 1870 1869 1872
f 1870 1872 1871
f 1873 1872 2603
f 2597 2721 2589
f 2597 2722 2721
f 2722 2590 2721
f 2721 2590 2589
f 2590 2722 2607
f 2607 2722 2597
f 1885 2723 2724
f 1885 2724 1883
f 2723 2725 2724
f 1883 2724 2726
f 2726 2724 1922
f 1883 2726 2727
f 1887 2728 2418
f 2418 2413 2729
f 1887 2418 2729
f 1887 2729 1886
f 1888 2730 2728
f 1888 2728 2731
f 2730 2371 2418
f 2730 2418 2728
f 2731 2728 1887
f 1890 2732 1888
f 2732 2371 2730
f 1888 2732 2730
f 2727 2726 2732
f 2727 2732 2733
f 2726 1922 2732
f 2733 2732 1890
f 1886 2729 1893
f 2729 2413 2734
f 1893 2729 2734
f 1893 2734 1891
f 2734 2725 2723
f 1891 2734 2723
f 1891 2723 1885
f 1973 2735 2443
f 1973 2443 2736
f 2443 1902 2737
f 2736 2443 2737
f 2736 2737 1982
f 1975 2413 2735
f 1975 2735 1974
f 2413 2443 2735
f 1974 2735 1973
f 1976 2413 2738
f 2738 2413 1975
f 1970 2739 2740
f 1970 2740 1977
f 2739 2725 2734
f 2739 2734 2740
f 2740 2734 2413
f 1977 2740 2413
f 1977 2413 1976
f 1979 1900 2741
f 1979 2741 2742
f 1982 2737 1980
f 2737 1902 1901
f 2737 1901 1900
f 1980 2737 1900
f 1980 1900 1979
f 1972 2743 1971
f 2743 2725 2739
f 1971 2743 2739
f 1971 2739 1970
f 2742 2741 2743
f 2742 2743 2744
f 2741 1900 2743
f 2744 2743 1972
f 2745 1890 2746
f 2745 2746 1884
f 1884 2746 1883
f 2746 2747 1894
f 2746 1894 1883
f 2747 1887 1894
f 1890 1889 2746
f 2746 1889 1887
f 2746 1887 2747
f 1885 1883 1892
f 1885 1892 1891
f 1892 1883 1894
f 1890 2745 2733
f 2733 2745 2727
f 1887 1889 2731
f 2731 1889 1888
f 2727 2745 1883
f 1883 2745 1884
f 1980 2748 2749
f 1980 1981 2750
f 1980 2750 2748
f 2749 2748 1973
f 1973 2748 2751
f 1973 2751 1974
f 2748 2750 2752
f 2748 2752 2751
f 2751 2752 1978
f 1974 2751 1978
f 2750 2753 2752
f 2753 1971 1970
f 2753 1970 1977
f 2752 2753 1977
f 2752 1977 1978
f 1981 2753 2750
f 2753 1981 1971
f 2742 1981 1979
f 1975 1974 2738
f 1974 1978 2738
f 2738 1978 1976
f 1982 1980 2736
f 1980 2749 2736
f 2736 2749 1973
f 1972 1971 2744
f 1971 1981 2744
f 2744 1981 2742
f 1662 2754 2755
f 1662 2755 1661
f 2754 2545 2552
f 2754 2552 2755
f 2755 2552 2756
f 1661 2755 2756
f 1661 2756 1663
f 1663 2756 2757
f 2756 2552 2557
f 2756 2557 2758
f 2757 2756 2758
f 2757 2758 2759
f 2760 2761 2563
f 2761 2564 2563
f 2563 2762 2763
f 2762 2563 2545
f 2762 2545 2754
f 2763 2762 2754
f 2763 2754 1662
f 2344 2564 2761
f 2764 2344 2761
f 2764 2761 2760
f 2765 2619 2766
f 2765 2766 2767
f 2766 2619 2336
f 2766 2336 2768
f 2767 2766 2768
f 2767 2768 2342
f 2342 2768 2344
f 2342 2344 2343
f 2768 2336 2344
f 2759 2758 2769
f 2759 2769 2770
f 2758 2557 2619
f 2758 2619 2769
f 2770 2769 2619
f 2770 2619 2765
f 2565 2564 2621
f 2620 2565 2621
f 2771 170 2566
f 2771 2566 2772
f 2772 2566 2565
f 2620 2772 2565
f 2609 2773 2615
f 1252 170 2771
f 2618 2336 2338
f 1670 2773 2609
f 1670 2609 2621
f 1670 2621 2613
f 2774 2773 1670
f 2613 2564 2344
f 2618 2613 2344
f 2621 2564 2613
f 2344 2336 2618
f 2338 2774 1670
f 2338 2624 2774
f 2615 2775 2617
f 2614 2611 2615
f 2614 1252 2611
f 1254 1252 2614
f 2617 2775 1637
f 2617 1637 2616
f 2776 2624 2625
f 1637 1638 2616
f 2776 1637 2775
f 1678 1680 1638
f 2776 2775 2624
f 2775 2615 2773
f 2775 2773 2774
f 2624 2775 2774
f 1638 1680 208
f 1638 208 2614
f 1638 2614 2616
f 208 1258 2614
f 2614 1258 1254
f 2316 2318 2777
f 2316 2777 2637
f 2318 2317 2654
f 2318 2654 2777
f 2777 2654 2650
f 2637 2777 2650
f 2637 2650 2315
f 2334 2778 2779
f 2334 2779 2335
f 2778 2307 2309
f 2778 2309 2779
f 2779 2309 2308
f 2304 2335 2780
f 2304 2780 2656
f 2780 2335 2303
f 2780 2303 2302
f 2656 2780 2302
f 2563 2763 2781
f 2763 1662 1661
f 2781 2763 1661
f 2764 2760 2782
f 2344 2764 2782
f 2770 2765 2783
f 2759 2770 2783
f 2784 2613 2618
f 2338 2784 2618
f 1670 2785 2338
f 2785 1670 2784
f 2785 2784 2338
f 2621 2609 2610
f 2621 2610 2620
f 2615 2611 2609
f 2609 2611 2612
f 2772 2620 2622
f 1252 2771 2611
f 2611 2771 2786
f 2776 2625 1635
f 2776 1635 1637
f 2625 1677 1635
f 2787 2617 2616
f 2787 2616 2614
f 2787 2615 2617
f 2615 2787 2614
f 2788 2789 1941
f 1943 2724 2788
f 2724 2725 2788
f 2790 1922 2724
f 1943 2790 2724
f 1941 1939 1945
f 1945 1939 1922
f 1941 1932 1938
f 1941 1938 1939
f 1946 1922 1943
f 1943 1922 2790
f 1945 1922 1946
f 2791 2789 2788
f 2791 2788 2792
f 2788 2725 2793
f 2792 2788 2793
f 2792 2793 1983
f 2794 2795 2789
f 2795 1932 1941
f 2795 1941 2789
f 2794 2789 2791
f 1991 2796 2797
f 1991 2797 2798
f 2796 2168 2169
f 2796 2169 2797
f 2797 2169 1995
f 2797 1995 2799
f 2798 2797 2799
f 2798 2799 1986
f 1989 2800 1990
f 2800 1900 2168
f 2800 2168 2796
f 1990 2800 2796
f 1990 2796 1991
f 1983 2793 1984
f 2793 2725 2743
f 1984 2793 2743
f 1984 2743 2800
f 2800 2743 1900
f 1984 2800 1989
f 1986 2799 1987
f 2799 1995 1993
f 2799 1993 1987
f 1987 1993 1932
f 1987 1932 2795
f 1987 2795 2794
f 2794 2791 2801
f 1946 1943 1947
f 1945 1947 1944
f 1941 1945 1944
f 1991 2798 1992
f 1720 2802 2803
f 1987 2794 2801
f 1987 2801 1988
f 2572 2812 2811
f 2572 2811 2594
f 2576 2810 1071
f 1071 2810 1288
f 2576 2808 2810
f 2571 2814 2576
f 2814 2806 2808
f 2814 2808 2576
f 2595 2814 2571
f 2595 2804 2806
f 2595 2806 2814
f 2811 2818 2595
f 2818 2811 2804
f 2818 2804 2595
f 9 1288 2810
f 9 2810 2808
f 1486 2808 2806
f 1542 2812 2593
f 1542 2593 2805
f 1539 2805 2807
f 1539 2807 2809
f 56 2809 1299
f 1486 1498 2808
f 9 2808 1498
f 2804 1487 2806
f 1486 2806 1487
f 2811 2812 1493
f 2811 1493 2804
f 1494 1493 2812
f 1542 2805 1541
f 1539 1541 2805
f 2819 2567 1299
f 2820 1299 2813
f 2813 1299 2809
f 2809 2807 2819
f 2813 2809 2819
f 2815 2593 2596
f 2596 2819 2815
f 2817 2593 2815
f 2816 2815 2819
f 2819 2807 2805
f 2819 2805 2817
f 2805 2593 2817
f 2572 2608 2812
f 1299 2820 2819
f 2820 2813 2819
f 2816 2819 2821
f 2821 2817 2815
f 2815 2816 2821
f 2817 2821 2819
f 2608 2607 2593
f 2608 2593 2812
f 1720 2822 2802
f 2822 1917 1916
f 2822 1916 1912
f 2822 1912 1708
f 2822 1708 2823
f 2802 2822 2823
f 2802 2823 2824
f 1716 2645 1717
f 2645 2534 2825
f 1717 2645 2825
f 1717 2825 1718
f 1723 2826 2645
f 1723 2645 1716
f 2826 1710 2645
f 1719 2531 2822
f 2822 2531 1917
f 1719 2822 1720
f 1718 2825 2531
f 1718 2531 1719
f 2825 2534 2533
f 2825 2533 2531
f 2827 1708 1710
f 2827 1710 2826
f 1722 2827 2826
f 1722 2826 1723
f 2824 2823 2827
f 2824 2827 1722
f 2823 1708 2827
f 1879 1715 2828
f 1879 2828 1878
f 1715 1714 2828
f 1878 2828 1714
f 1878 1714 1880
f 2824 1722 1724
f 1718 1719 1721
f 1957 1958 2604
f 2829 1957 2604
f 1728 1957 2829
f 1728 1726 1727
f 1728 1727 1957
f 2829 2604 2830
f 1729 2595 2588
f 2830 2594 2595
f 1729 2830 2595
f 1729 2588 1728
f 1728 2588 1726
f 2604 2603 2830
f 2830 2603 2594
f 2829 2830 2831
f 1728 2829 2832
f 1879 2833 1921
f 1879 1921 2834
f 2833 1922 1921
f 2834 1921 1918
f 2834 1918 1874
f 1874 1918 1875
f 1918 1917 2835
f 1875 1918 2835
f 1875 2835 1876
f 2836 2371 2837
f 2837 2371 2732
f 2837 2732 1877
f 1877 2732 1878
f 2732 1922 2833
f 1878 2732 2833
f 1878 2833 1879
f 1882 2371 2838
f 2838 2371 2836
f 1876 2835 2839
f 1876 2839 1881
f 2835 1917 2371
f 2835 2371 2839
f 1881 2839 2371
f 1881 2371 1882
f 1882 2838 1713
f 2838 2836 2840
f 1713 2838 2840
f 2837 1877 1880
f 2837 1880 2841
f 2836 2837 2841
f 2296 2292 1660
f 2296 1660 2297
f 2294 1711 2298
f 2298 1711 2299
f 2299 1711 1706
f 2299 1706 2292
f 2299 2292 2296
f 2646 1710 1711
f 2293 2646 1711
f 2293 1711 2294
f 2842 2297 2646
f 2842 2646 2293
f 2297 2644 2643
f 2297 2643 2646
f 2294 2298 2844
f 2842 2293 2295
f 1859 1860 2845
f 1859 2845 2846
f 1858 1859 2846
f 2634 2631 2653
f 2392 1846 2847
f 2392 2847 1843
f 1843 2847 2848
f 1843 2848 2849
f 2849 1849 1848
f 1843 2849 1848
f 1843 1848 1841
f 2848 1851 1850
f 2848 1850 2849
f 2849 1850 1847
f 2849 1847 1849
f 1846 1844 2850
f 1846 2850 2847
f 1844 1845 1851
f 1844 1851 2850
f 2850 1851 2848
f 2847 2850 2848
f 1842 2398 1843
f 2398 2392 1843
f 2432 2851 2852
f 2432 2852 2446
f 2851 2711 2853
f 2851 2853 2852
f 2446 2852 1768
f 1768 2852 2854
f 1768 2854 1769
f 2852 2853 2855
f 2852 2855 2854
f 2854 2855 1762
f 2854 1762 1760
f 1769 2854 1760
f 1769 1760 1761
f 2853 2856 2855
f 2856 1766 2444
f 2856 2444 2439
f 2856 2439 2710
f 2855 2856 2710
f 2855 2710 1762
f 2711 2437 2856
f 2711 2856 2853
f 2437 1763 1766
f 2437 1766 2856
f 2434 2435 2711
f 2434 2711 2851
f 2432 2434 2851
f 1523 62 1516
f 1526 1333 1529
f 1529 1333 63
f 1529 63 1523
f 1526 1544 81
f 81 1333 1526
f 1567 1568 1511
f 1567 1511 1510
f 1510 1509 32
f 1510 32 88
f 1572 93 10
f 1572 10 1496
f 1512 1572 1496
f 1512 1568 1567
f 2857 2859 2858
f 2216 2861 2860
f 2860 2861 2862
f 2860 2862 2231
f 2283 2232 2286
f 2286 2857 2285
f 2285 2857 2858
f 2285 2858 2863
f 2863 2858 2859
f 2863 2859 2221
f 2221 2859 2215
f 2217 2216 2864
f 2216 2860 2864
f 2864 2860 2231
f 2864 2231 2230
f 2233 2866 2234
f 2866 2865 2234
f 2221 2867 2863
f 2867 2865 2863
f 2863 2868 2285
f 2220 2219 2235
f 2285 2868 2218
f 2285 2218 2284
f 2284 2218 2288
f 2222 2234 2181
f 2234 2865 2867
f 2181 2234 2867
f 2181 2867 2221
f 2214 2870 2869
f 2869 2870 2871
f 2869 2871 2212
f 2872 2874 2873
f 2217 2874 2875
f 2217 2875 2213
f 2283 2872 2230
f 2211 2214 2876
f 2211 2876 2210
f 2214 2869 2876
f 2876 2869 2212
f 2210 2876 2212
f 2230 2872 2873
f 2230 2873 2864
f 2864 2873 2874
f 2864 2874 2217
f 2082 2878 2877
f 2877 2878 2879
f 2877 2879 2063
f 2070 2880 2080
f 2065 2064 2881
f 2881 2880 2069
f 2076 2082 2877
f 2076 2877 2158
f 2877 2063 2158
f 2069 2880 2070
f 2061 2883 2882
f 2882 2883 2077
f 2884 2885 2060
f 2033 2062 2884
f 2033 2884 2059
f 2080 2079 2062
f 2158 2061 2882
f 2158 2882 2077
f 2158 2077 2076
f 2059 2884 2886
f 2059 2886 2058
f 2886 2884 2060
f 2058 2886 2060
f 2887 2889 2888
f 2888 2889 2066
f 2890 2892 2891
f 2891 2892 2893
f 2158 2891 2161
f 2161 2887 2084
f 2069 2083 2894
f 2069 2894 2881
f 2881 2894 2890
f 2881 2890 2065
f 2084 2887 2085
f 2887 2888 2085
f 2085 2888 2066
f 2065 2890 2891
f 2065 2891 2159
f 2159 2891 2158
f 2895 2896 2859
f 2896 2897 2859
f 2862 2861 2896
f 2896 2861 2897
f 2862 2896 2895
f 2232 2898 2286
f 2232 2895 2859
f 2232 2859 2898
f 2898 2859 2857
f 2286 2898 2857
f 2897 2861 2216
f 2215 2897 2216
f 2859 2897 2215
f 2231 2862 2232
f 2232 2862 2895
f 2871 2870 2899
f 2871 2899 2900
f 2900 2899 2901
f 2899 2870 2874
f 2899 2874 2901
f 2900 2901 2874
f 2229 2902 2283
f 2229 2900 2902
f 2902 2900 2874
f 2902 2874 2872
f 2283 2902 2872
f 2874 2903 2875
f 2903 2874 2870
f 2875 2903 2213
f 2903 2870 2214
f 2213 2903 2214
f 2212 2904 2229
f 2212 2871 2904
f 2904 2871 2900
f 2904 2900 2229
f 2906 2905 2907
f 2905 2865 2907
f 2907 2865 2866
f 2868 2905 2218
f 2218 2905 2906
f 2219 2908 2235
f 2219 2907 2908
f 2908 2907 2866
f 2235 2908 2866
f 2235 2866 2233
f 2865 2905 2863
f 2863 2905 2868
f 2218 2906 2907
f 2218 2907 2219
f 2288 2218 2219
f 2892 2889 2893
f 2083 2892 2894
f 2894 2892 2890
f 2891 2893 2889
f 2891 2889 2887
f 2161 2891 2887
f 2066 2889 2067
f 2067 2889 2892
f 2067 2892 2068
f 2068 2892 2083
f 2879 2880 2909
f 2878 2880 2879
f 2080 2878 2081
f 2081 2878 2082
f 2064 2909 2881
f 2881 2909 2880
f 2063 2879 2909
f 2063 2909 2064
f 2158 2063 2064
f 2080 2880 2878
f 2885 2884 2910
f 2885 2910 2883
f 2079 2910 2062
f 2062 2910 2884
f 2060 2911 2061
f 2060 2885 2911
f 2911 2885 2883
f 2911 2883 2061
f 2077 2883 2078
f 2078 2883 2910
f 2078 2910 2079
f 2514 2515 1860
f 2515 2517 1860
f 2523 2518 2846
f 2523 2846 2845
f 2517 2526 1860
f 2681 2685 2506
f 2506 2685 2498
f 2492 2912 2508
f 2495 2684 2494
f 2502 2683 2499
f 2528 2510 2913
f 2680 2683 2914
f 2914 2683 2502
f 2914 2502 2915
f 2914 2915 2912
f 2680 2914 2916
f 2914 2912 2916
f 2916 2912 2492
f 2916 2492 2494
f 2680 2916 2494
f 2680 2494 2684
f 2499 2683 2682
f 2499 2682 2503
f 2498 2685 2496
f 2685 2684 2496
f 2496 2684 2495
f 2508 2912 2915
f 2508 2915 2502
f 2503 2682 2506
f 2682 2681 2506
f 2522 2528 2917
f 2526 2845 1860
f 2526 2523 2845
f 1854 1857 2918
f 1854 2918 1862
f 1857 1856 2919
f 1857 2919 2918
f 1862 2918 1852
f 2918 2919 1853
f 2918 1853 1852
f 2920 2648 2532
f 2920 2532 2535
f 2920 2535 1853
f 2919 2920 1853
f 1856 2540 2920
f 1856 2920 2919
f 2540 2529 2648
f 2540 2648 2920
f 2512 2514 1860
f 2510 2512 1860
f 1858 2846 2518
f 1858 2518 2921
f 2921 2518 2522
f 2921 2522 2917
f 2921 2917 2528
f 1858 2921 2922
f 2921 2528 2913
f 2921 2913 2922
f 2922 2913 2510
f 2922 2510 1860
f 1858 2922 1860
f 2529 2532 2648
f 2704 2923 2375
f 2704 2705 2923
f 2375 2923 1826
f 1826 2923 2925
f 2923 2924 2925
f 2925 1829 1828
f 1826 2925 1828
f 1826 1828 1823
f 2924 1822 1820
f 2924 1820 1829
f 2925 2924 1829
f 2705 1830 2924
f 2705 2924 2923
f 1830 1822 2924
f 2363 2366 2704
f 2366 2368 2705
f 2366 2705 2704
f 2779 2308 2655
f 2779 2655 2310
f 2779 2310 2311
f 2335 2779 2311
f 2335 2311 2303
f 2650 2631 2652
f 2650 2652 2651
f 2651 2652 2633
f 2651 2633 2649
f 2651 2649 2319
f 2640 2641 2334
f 2641 2307 2778
f 2334 2641 2778
f 2767 2342 2926
f 2765 2767 2926
f 2555 2630 2927
f 2555 2927 2325
f 2325 2927 2928
f 2928 2322 2321
f 2325 2928 2321
f 2325 2321 2323
f 2927 2929 2928
f 2929 2326 2320
f 2929 2320 2322
f 2928 2929 2322
f 2630 2629 2929
f 2630 2929 2927
f 2929 2629 2326
f 2550 2554 2629
f 2550 2629 2630
f 1836 2930 2931
f 1836 2931 1835
f 2930 2657 2931
f 1835 2931 1837
f 1837 2931 2932
f 2932 1840 1838
f 1837 2932 1838
f 1837 1838 1839
f 2931 2933 2932
f 2933 1833 1832
f 2933 1832 2389
f 2933 2389 1840
f 2932 2933 1840
f 2657 2385 2933
f 2657 2933 2931
f 2385 1831 1833
f 2385 1833 2933
f 2381 2383 2657
f 2381 2657 2930
f 1836 2381 2930
f 2836 2841 2934
f 2836 2934 2840
f 2841 1880 1714
f 2841 1714 2934
f 2840 2934 1714
f 2840 1714 1713
f 1879 2834 1715
f 2834 1874 1715
f 1942 1944 2935
f 1942 2935 1941
f 1941 2935 2936
f 1941 2936 2788
f 2936 1943 2788
f 2935 1947 1943
f 2935 1943 2936
f 1944 2937 2935
f 1944 1947 2937
f 2937 1947 2935
f 1720 2803 2938
f 1720 2938 1719
f 1719 2938 1721
f 1721 2938 2939
f 2939 1716 1717
f 1721 2939 1717
f 1721 1717 1718
f 2938 2940 2939
f 2940 1724 1723
f 2940 1723 1716
f 2939 2940 1716
f 2803 2802 2940
f 2803 2940 2938
f 2802 2824 1724
f 2802 1724 2940
f 1983 1985 2941
f 1983 2941 2942
f 2942 2941 2943
f 2942 2943 2791
f 2791 2943 2944
f 2791 2944 2801
f 2801 2944 1988
f 2943 1992 2798
f 2943 2798 2944
f 2944 2798 1986
f 2944 1986 1988
f 1985 1984 2941
f 1984 1989 1992
f 1984 1992 2941
f 2941 1992 2943
f 2791 2792 2942
f 2792 1983 2942
f 2296 2945 2299
f 2296 2297 2945
f 2299 2945 2843
f 2843 2945 2300
f 2300 2945 2298
f 2843 2300 2299
f 2295 2293 2294
f 2295 2294 2844
f 2945 2295 2844
f 2945 2844 2298
f 2297 2946 2295
f 2297 2295 2945
f 2946 2842 2295
f 2297 2842 2946
f 2543 2549 2947
f 2331 2948 2328
f 2328 2948 2949
f 2328 2949 2329
f 2949 2948 2333
f 2949 2333 2332
f 2329 2949 2332
f 2329 2332 2327
f 2950 2549 2333
f 2948 2950 2333
f 2331 2543 2950
f 2331 2950 2948
f 2543 2947 2950
f 2950 2947 2549
f 2549 2546 2333
f 2622 2951 2786
f 2786 2951 2611
f 2951 2612 2611
f 2951 2610 2609
f 2951 2609 2612
f 2951 2622 2620
f 2951 2620 2610
f 2771 2772 2622
f 2771 2622 2786
f 2952 2953 2954
f 2952 2954 2955
f 2953 2956 2957
f 2953 2957 2954
f 2954 2957 2958
f 2954 2958 2959
f 2955 2954 2959
f 2955 2959 1558
f 1560 2960 2961
f 1560 2961 1561
f 2960 2952 2955
f 2960 2955 2961
f 2961 2955 1558
f 2961 1558 1557
f 1561 2961 1557
f 1561 1557 1556
f 1564 1571 2962
f 1564 2962 2963
f 1571 1570 2964
f 1571 2964 2962
f 2962 2964 2956
f 2962 2956 2953
f 2963 2962 2953
f 2963 2953 2952
f 1566 1565 2965
f 1566 2965 2966
f 1565 1564 2963
f 1565 2963 2965
f 2965 2963 2952
f 2965 2952 2960
f 2966 2965 2960
f 2966 2960 1560
f 1528 2958 2967
f 1528 2967 1553
f 2958 2957 2967
f 2967 2957 2956
f 2967 2956 2968
f 1553 2967 2968
f 1553 2968 1520
f 1520 2968 2969
f 1520 2969 1521
f 2968 2956 2964
f 2968 2964 2969
f 2969 2964 1570
f 1521 2969 1570
f 1521 1570 1522
f 1526 1559 2959
f 1526 2959 1527
f 1559 1558 2959
f 1527 2959 2958
f 1527 2958 1528
f 1508 1566 1505
f 1566 2966 1505
f 1505 2966 1560
f 1657 2970 2971
f 1657 2971 2972
f 2970 2644 2297
f 2970 2297 2971
f 2971 2297 1660
f 2972 2971 1660
f 2972 1660 2973
f 1655 2974 2975
f 1655 2975 1656
f 2974 2347 2975
f 2975 2347 2644
f 2975 2644 2970
f 1656 2975 2970
f 1656 2970 1657
f 1666 1651 1650
f 1666 1650 1665
f 1665 1650 1667
f 1667 1650 2976
f 2976 1650 2348
f 2976 2348 1652
f 2977 1659 1641
f 2977 1641 1651
f 2977 1651 1666
f 2973 1660 1659
f 2973 1659 2978
f 2978 1659 2977
f 1652 2348 1573
f 1652 1573 1653
f 1653 1573 2347
f 1653 2347 2974
f 1653 2974 1655
f 1658 1657 1671
f 1657 2972 1671
f 1671 2972 2973
f 1663 2757 1664
f 2757 2759 2979
f 1664 2757 2979
f 1653 1655 2980
f 2973 2978 1671
f 2978 2977 1671
f 1671 2977 1674
f 2976 1652 2981
f 1667 2976 2981
f 1653 2982 1654
f 2982 1673 2983
f 2982 2983 1667
f 2982 1667 2981
f 1654 2982 2981
f 1654 2981 1652
f 2760 2563 2984
f 2563 2781 2984
f 1664 2985 2986
f 1664 2986 1661
f 2985 2987 2988
f 2985 2988 2986
f 2986 2988 2781
f 2986 2781 1661
f 2781 2988 2989
f 2781 2989 2984
f 2988 2987 2990
f 2988 2990 2989
f 2989 2990 2344
f 2989 2344 2782
f 2984 2989 2782
f 2984 2782 2760
f 2344 2990 2343
f 2990 2987 2991
f 2990 2991 2765
f 2990 2765 2926
f 2343 2990 2926
f 2343 2926 2342
f 2987 2985 2992
f 2987 2992 2991
f 2985 1664 2979
f 2985 2979 2992
f 2992 2979 2759
f 2992 2759 2783
f 2991 2992 2783
f 2991 2783 2765
f 1673 1672 2993
f 1673 2993 2983
f 1672 1674 1665
f 1672 1665 2993
f 2983 2993 1665
f 2983 1665 1667
f 1655 1656 2982
f 1655 2982 2980
f 1656 1658 1673
f 1656 1673 2982
f 2980 2982 1653
f 2977 1666 1665
f 2977 1665 1674
f 2242 1919 1920
f 2242 1920 2241
f 1915 1918 2242
f 1919 2242 1918
f 2252 2171 2994
f 2241 1920 2240
f 1920 2171 2240
f 2240 2171 2252
f 2243 1914 1915
f 2243 1915 2242
f 2251 2238 1914
f 2251 1914 2243
f 2266 2185 2263
f 2185 2199 2263
f 2265 2183 2184
f 2265 2184 2266
f 2266 2184 2181
f 2266 2181 2185
f 2276 2171 2183
f 2276 2183 2265
f 2995 2994 2171
f 2995 2171 2276
f 2995 2252 2994
f 2996 2239 2995
f 2995 2239 2252
f 2263 2199 2275
f 2263 2275 2239
f 2263 2239 2996
f 2240 2254 2241
f 2241 2254 2242
f 2251 2242 2262
f 2251 2262 2238
f 2238 2262 2239
f 2252 2250 2240
f 2239 2262 2249
f 2239 2249 2252
f 2996 2995 2997
f 2995 2276 2277
f 2266 2278 2276
f 2266 2276 2265
f 2998 2995 2277
f 2998 2277 2266
f 2266 2277 2278
f 2263 2264 2266
f 2264 2263 2997
f 2264 2997 2266
f 2263 2996 2997
f 2997 2995 2998
f 2266 2997 2998
f 1728 2832 2999
f 3000 1729 1728
f 2999 3000 1728
f 2831 2830 3000
f 2831 3000 2832
f 2830 1729 3000
f 2832 3000 2999
f 2829 2831 2832
