v 5.35711098 45.93042755 10.13239574
v 6.27981281 45.32940674 10.37808609
v 6.97338629 44.62084961 10.70324230
v 7.10435486 41.81467056 5.96403027
v 5.63188362 43.33572388 5.77288389
v 7.60537243 44.43385315 14.45605850
v 7.44815588 44.59609985 12.76461220
v 7.35317850 42.21968842 10.27581787
v 7.18750668 46.25984955 14.33320045
v 5.67328835 47.51171112 14.02871323
v 4.30910206 46.39519119 10.02130699
v 4.86162233 48.31300354 15.04575729
v 3.20519328 46.62400055 10.05156040
v 3.86680126 48.49715805 15.14412880
v 7.44122791 40.37612915 7.84998322
v 8.67076015 48.89943695 21.14891815
v 8.10970783 48.43738937 19.77804375
v 7.31473589 48.68033981 18.75776100
v 7.58994293 47.42961121 17.23688126
v 6.22895575 48.84394455 17.66757202
v 4.00437832 43.76484299 4.69064474
v 2.65264630 44.53825378 5.47170162
v 9.22938919 47.35351562 21.45656586
v 8.60093117 46.92538071 20.17258263
v 8.49129105 47.72993851 19.93613243
v 9.10015869 48.18071747 21.26466751
v 8.19881058 46.24773788 18.64382935
v 7.94735336 46.70599747 17.45948029
v 6.53408718 46.93759918 14.13972282
v 5.59155846 50.03836441 20.06220436
v 4.49278402 49.88928223 19.36325836
v 11.80091095 49.27583313 31.02756691
v 11.67562962 50.07088470 30.84578133
v 11.61262131 50.85548019 30.07950783
v 9.98096848 50.97718048 31.28671265
v 9.14620781 49.97295380 32.80977249
v 8.65264416 51.35630035 31.81869507
v 8.74753952 52.01494980 30.20252419
v 8.73579597 50.32260895 23.11263847
v 6.71987581 50.78691864 22.38013649
v 8.14000130 48.70575714 33.96795273
v 7.77794313 49.60667419 34.24858475
v 8.09048653 50.52575684 33.49385071
v 6.36657190 50.46628952 34.05165863
v 6.92154169 49.64743423 34.48687744
v 6.96538162 48.57651901 34.42331314
v 6.63827085 51.31812286 32.87959290
v 8.56556892 47.57912445 33.07979965
v 10.05300903 48.44370651 22.19361115
v 10.19424629 47.57764053 22.36844444
v 9.56526184 49.20444870 22.13884354
v 10.78815842 49.56433487 23.15773010
v 11.15489006 48.61180115 22.78552055
v 11.28390980 47.69739532 22.91074944
v 9.81677151 46.43617249 31.23575020
v 11.60925102 47.45146561 30.80444145
v 10.39909840 47.86727905 31.89431572
v 10.05682659 45.99538422 29.77304649
v 11.78545475 46.73674774 29.30970764
v 10.11478043 45.66962433 27.95589638
v 11.66854668 46.26795959 27.57199669
v 9.51418686 45.20392609 25.03725243
v 11.30508041 45.96494675 25.73812485
v 10.77625656 45.94757080 23.98282433
v 8.24683762 44.96217346 30.28478241
v 8.41814423 44.70387268 28.43511200
v 3.75210524 40.47876358 16.36491966
v 4.82552338 40.83583069 16.57008553
v 3.19073772 38.97091675 13.68536282
v 4.26133823 39.08898544 13.43659210
v 5.25147295 39.48563004 13.07270336
v 5.73045206 41.21178055 16.23518944
v 7.20633268 43.03127670 16.33603477
v 7.30950928 42.65592194 13.28887749
v 6.74136162 40.89599991 12.16914368
v 3.96854258 38.09821701 12.17282963
v 5.02913761 38.45663071 11.75975609
v 2.82537484 37.98826218 12.40812016
v 2.49266171 36.61001587 11.32877731
v 3.74841905 37.00455093 11.34615517
v 4.84429693 37.03646469 10.63523006
v 6.42270899 41.56663895 15.38979244
v 6.09194422 40.10071182 12.65373135
v 7.13647795 40.20034790 9.51191616
v 6.65099478 39.83940506 10.69421101
v 6.62940407 38.38701248 9.39400768
v 7.13791943 46.58438873 33.09398270
v 6.72756433 45.15154266 32.02101898
v 7.56771994 45.28467178 31.85418892
v 5.93943787 39.06897354 11.28622723
v 5.84728098 37.92022324 10.35644245
v 5.34947491 43.48297882 23.63505173
v 4.73081255 42.80772781 20.91971016
v 5.75759888 43.14099503 21.11084366
v 6.30638027 43.64838409 23.45621300
v 6.63177347 43.52105331 20.82384300
v 7.39352989 44.08699799 23.64409447
v 8.72331524 45.55777359 21.99802780
v 8.13119411 45.15818024 20.81757545
v 8.47801971 46.03140640 20.47791100
v 9.10068512 46.44300461 21.71112823
v 7.72127962 44.48664474 19.41057587
v 8.06821156 45.35439682 19.00876999
v 7.28727293 43.89431381 20.06462669
v 8.11465836 44.80124283 22.30693626
v 10.78510380 48.57441330 31.72011375
v 12.01463604 48.39336395 30.96421623
v 9.59538364 45.78537369 22.96172523
v 10.03889561 46.65459824 22.63069725
v 11.12508392 46.76771545 23.21291924
v 12.85584450 46.88862610 28.98794937
v 13.18323898 47.51408005 29.84721947
v 12.77327251 46.44016266 27.34418488
v 13.71485329 46.74917603 27.11342430
v 13.72359467 47.15298462 28.68346214
v 5.81605244 43.57950592 26.26721191
v 6.58464193 43.62953186 25.26986313
v 8.86981869 45.07033920 23.28548622
v 13.05058575 48.28003693 30.36429977
v 13.80132294 48.13258362 29.63136292
v 13.96583557 49.03319550 29.45421028
v 10.75490284 50.95005798 26.72470474
v 11.77934647 50.96122360 28.41078377
v 12.91408825 50.76258850 28.15369225
v 12.83025169 50.53719711 26.46221542
v 12.90092278 50.63072205 29.41450310
v 13.57424831 50.42197418 28.98036575
v 13.78089046 50.43355942 27.97611809
v 13.77141094 50.20374680 26.36911201
v 6.08825827 52.63700867 30.53092003
v 6.98012686 52.59045410 30.39410591
v 6.77580166 52.61299515 28.89621353
v 5.83042908 52.66112518 29.03871346
v 7.90693665 52.00008392 27.40194130
v 6.35266972 52.16505814 26.17447662
v 5.39739704 52.21556091 26.31702995
v 10.31968498 51.34670639 30.12795639
v 9.99734592 51.46724701 28.61884880
v 10.39983559 50.53077316 24.87651062
v 12.46162319 50.09568787 24.70828438
v 12.50301456 49.42156982 23.56295776
v 13.35022736 49.79330826 24.69427681
v 5.89135838 51.22363663 22.97999954
v 4.93798113 51.28756714 23.10643768
v 10.84183407 -33.05147934 -16.98240852
v 11.48902512 -36.43353271 -17.69737625
v 11.59996223 -37.53974915 -17.29903793
v 11.61654758 -39.34054565 -16.87966156
v 11.44860840 -38.86386871 -15.38881207
v 11.16115379 -34.59652710 -16.35809898
v 11.12416267 -34.58606339 -15.74825668
v 11.54414463 -36.29658508 -17.32695198
v 11.63354015 -37.39308548 -16.80394173
v 11.53316879 -37.87261581 -15.86272907
v 11.17287731 -37.62985992 -14.61815071
v 11.46348476 -38.88518524 -14.14814854
v 10.83591557 -36.57155991 -13.85676765
v 10.83976650 -35.69929504 -13.13847733
v 11.23293400 -37.56465530 -13.57519531
v 10.89130497 -35.09306335 -14.61580753
v 5.93271017 -44.22217178 -26.17453194
v 6.70740509 -44.93043137 -25.80304718
v 6.19813585 -46.36027527 -25.84306526
v 3.91546178 -45.85147476 -26.58503914
v 7.55427790 -44.70153046 -25.15076637
v 7.72222757 -44.72335815 -24.73765564
v 6.78221655 -46.51741791 -25.25817490
v 6.95232201 -46.24805450 -25.44754219
v 10.07578468 -42.22703552 -22.44906998
v 9.05086803 -42.30131531 -23.33951569
v 8.41720581 -41.96617889 -24.29140282
v 8.58355331 -42.71323013 -23.81125450
v 6.76519871 -41.49670410 -25.47262764
v 4.21844578 -41.29485321 -26.59995270
v 3.83578372 -42.35260773 -26.72567940
v 2.86860943 -42.55693054 -26.83953285
v 2.64711666 -41.60629272 -26.87686920
v 11.00217819 -44.62673950 -20.65154266
v 10.40208340 -47.10592651 -21.70097923
v 10.01340771 -48.65743256 -20.59437180
v 9.83209610 -48.68616104 -21.95079041
v 9.55191135 -48.63220596 -22.56458282
v 9.99918938 -46.70175552 -22.50057220
v 7.26864433 -51.54729080 -20.81520462
v 6.28786993 -51.97055435 -21.97414589
v 8.04793644 -50.87807465 -21.91024017
v 5.54208326 -52.39147186 -20.72683334
v 4.78952932 -52.48329163 -21.99797440
v 5.66412544 -51.94727707 -22.54659843
v 5.57493067 -51.48811340 -22.94338608
v 8.02371216 -50.62572098 -22.45107079
v 7.98874569 -50.16683197 -22.84181595
v 8.31633472 -50.45172882 -17.81902695
v 6.34251928 -51.83479691 -18.66476250
v 8.00454426 -50.83457184 -18.78332901
v 5.53728437 -52.09157181 -17.58087540
v 4.73690796 -52.40511322 -18.74090958
v 6.73893881 -40.03226471 -25.70663452
v 8.45712662 -39.84926605 -24.41164398
v 10.45112705 -40.93607330 -22.30235481
v 5.91896582 -47.07688904 -25.11740875
v 4.07333803 -47.77627945 -25.12346458
v 5.03943300 -47.53785706 -25.49156570
v 5.12440825 -47.24105453 -25.82424164
v 7.25418520 -44.49056244 -24.20175934
v 6.89810753 -45.95994568 -24.78411674
v 5.50151587 -46.68442917 -24.74091530
v 6.71468210 -43.85986710 -22.83051682
v 4.77449465 -44.17777252 -23.11084938
v 4.47037983 -44.88413620 -23.64827919
v 3.37452507 -44.83694839 -23.39807510
v 5.04184532 -45.10992813 -22.81371880
v 6.04194260 -50.46401215 -23.13294029
v 6.66629267 -49.19173431 -23.16652489
v 3.76358557 -47.87817764 -25.60447121
v 4.17571115 -47.58638382 -25.87322807
v 10.76991177 -46.98500824 -19.26566505
v 10.35037327 -48.07668686 -19.09459496
v 9.62177372 -49.16181564 -18.40555000
v 10.48016930 -43.81268692 -21.96542931
v 10.03407764 -43.63946152 -22.36004639
v 10.78340530 -43.88134384 -21.39946747
v 9.01815224 -48.28749466 -22.88871956
v 8.88709164 -49.42415237 -22.74181175
v 8.88473511 -47.06537628 -22.95578194
v 8.78340244 -42.81460190 -22.82338524
v 9.35714531 -43.13367462 -22.60952759
v 8.27964592 -42.86639404 -23.13629723
v 7.62377787 -43.52818680 -23.64406967
v 8.77700996 -50.26959991 -19.66762161
v 8.65888500 -50.41381454 -21.38900185
v 9.15197659 -49.53784943 -22.32436752
v 3.88352108 -46.97996521 -24.59480095
v 10.27936268 -48.54649353 -17.75579453
v 9.90700626 -48.89611816 -17.09130096
v 5.39375019 -52.10069275 -16.57443047
v 11.10627079 -46.63700867 -18.69731903
v 4.34950638 -40.38425064 -26.73067665
v 2.44587231 -40.73632812 -27.13772583
v 10.91646671 -45.64953613 -15.71929359
v 11.10237408 -46.31119537 -17.09711838
v 11.30249310 -45.50295258 -17.52817726
v 8.51500797 -47.03808594 -13.99246407
v 7.46929264 -48.61901093 -14.43939972
v 9.03872967 -48.10686111 -15.49248219
v 8.40258312 -49.99927521 -16.56948280
v 8.33267498 -49.62421036 -16.58672714
v 9.33155155 -48.54397583 -15.98296738
v 9.72751045 -48.66030121 -16.43743324
v 10.41758156 -45.61333084 -14.86981678
v 6.47223663 -35.27486801 -25.24923134
v 2.84479022 -37.11363220 -26.92062759
v 1.63344944 -37.35151672 -27.07080078
v 5.71270514 -29.83136940 -24.46088219
v 4.37748241 -31.57924461 -25.59009552
v 5.77408171 -32.41871643 -25.18497276
v 1.28337801 -29.34306908 -26.15567589
v -0.02964821 -29.87002182 -26.38533211
v 2.08422208 -36.59958649 -7.89582491
v 2.81608009 -36.88477325 -7.79403114
v 3.17675614 -37.28359985 -7.99129963
v 3.40117145 -36.33839035 -7.23353243
v 3.67479873 -37.51541901 -8.26616383
v 4.31105042 -37.46028137 -8.44905663
v 4.26439285 -37.00834274 -7.61585188
v 3.54435730 -34.48477173 -7.82891893
v 2.96055603 -34.74017334 -7.67462158
v 2.51553321 -35.49333954 -7.58686876
v 4.26602554 -35.23092651 -7.37687588
v 5.33899546 -36.82434464 -9.03201485
v 5.41003513 -36.17382431 -8.72626400
v 5.15731478 -36.66572952 -8.43999863
v 5.36774874 -35.55184555 -8.62547112
v 4.97999144 -35.74044800 -7.83972454
v 10.01654148 -35.41529465 -22.24777222
v 9.34950924 -36.42728043 -23.20796967
v 10.19840622 -38.64220810 -22.30899239
v 8.56628036 -35.81572723 -23.94977951
v 7.49699593 -37.03535843 -24.95858192
v 11.49721432 -33.26232147 -21.89828682
v 12.10559464 -32.01829529 -22.10112381
v 10.84461117 -32.29928207 -20.65896034
v 11.09385586 -30.82097816 -21.34705544
v 11.44141960 -30.42670250 -22.20672417
v 11.45711231 -30.27677727 -22.90685081
v 9.75073433 -30.45698357 -21.69448853
v 7.31905365 -31.63232613 -23.95958710
v 7.56224298 -30.18335724 -23.13708687
v 9.29658508 -32.99682999 -7.26091623
v 9.39469242 -32.59276199 -7.65582180
v 10.69989872 -32.42292786 -7.20214605
v 9.57000160 -32.28474426 -8.28001404
v 8.46780396 -32.25441360 -9.40317059
v 7.48367262 -33.13069534 -8.66075420
v 11.09538269 -32.63799667 -24.03601074
v 11.25942230 -33.02529526 -23.70637894
v 11.88761711 -32.94322205 -23.43799400
v 10.41731834 -34.15305710 -22.48798561
v 9.51934147 -33.58947754 -23.43556976
v 10.86272621 -39.71149063 -21.25281906
v 9.77752876 -41.15786743 -11.35982132
v 12.56199551 -30.55588150 -23.71793938
v 12.18167686 -30.59379768 -24.11237144
v 11.67665672 -30.30384445 -23.71298981
v 12.71797752 -31.12683296 -23.87845039
v 12.32175541 -31.12957191 -24.28320312
v 10.89579678 -31.50035858 -24.16619110
v 11.43957615 -30.78379822 -24.18441200
v 10.73665619 -30.59411430 -23.64795303
v 11.65294170 -41.36974716 -17.93691063
v 11.31719208 -41.70619202 -20.51840782
v 11.62419319 -40.70805740 -14.96293449
v 11.67160988 -42.64314270 -15.57137203
v 11.43662739 -43.67587280 -14.86539364
v 6.97228193 -49.97124100 -15.21570301
v 7.44424915 -50.77647018 -16.39176369
v 4.76469994 -51.06731033 -15.02990627
v 9.21043110 -49.57529068 -16.78710365
v 8.24756145 -48.68669891 -15.69360828
v 0.16872624 15.63053322 -21.23170090
v 3.94917631 14.94993114 -20.59663200
v 0.51481515 20.11181068 -19.18802834
v 3.59097528 19.48335266 -18.76914978
v 0.66837502 24.92938232 -16.32979393
v 2.06656742 24.90951538 -16.08624840
v 4.40549469 23.89707565 -15.90174103
v 7.23082018 22.55874634 -15.34674835
v 8.40866470 8.91318226 -21.04416656
v 4.57277632 9.10005283 -22.46112823
v 5.82021284 4.30962849 -23.10367393
v 2.09940171 7.58289909 -23.50094795
v -0.49980676 7.20238304 -24.03627586
v 10.77846909 1.72584987 -21.57094574
v 4.54149532 1.49236357 -24.18578148
v 9.82424927 -1.97584546 -22.60426140
v 7.27808380 -3.23987055 -23.94290733
v 10.60279083 -4.81859827 -22.65418434
v 4.30452061 -4.74526787 -25.26496506
v 1.57851732 -2.08453798 -25.69228363
v -1.27950740 -1.47886920 -26.03891182
v 8.69477367 -8.67049694 -23.91547012
v 6.52692509 -8.03282261 -24.77005768
v 3.82888508 -8.84517384 -25.81817055
v 7.42418528 -13.27350330 -24.39739418
v 3.20632529 -13.31146908 -25.92601967
v 3.49290729 -11.11834335 -25.98531723
v 0.92209631 -10.91728306 -26.58744431
v 1.12515759 -8.59703445 -26.50129128
v 0.75652975 -13.16612434 -26.45768738
v -1.80259037 -13.09397793 -26.70045471
v -1.76119876 -10.81206608 -26.88255692
v -1.61911905 -7.22489643 -26.78071022
v 1.29851806 -6.21074772 -26.31465912
v 5.77223873 -17.06350136 -24.43503189
v 2.75343966 -16.71935463 -25.37673759
v 6.16682863 -21.03675079 -23.17510796
v 3.23381448 -20.44878960 -24.37831116
v 0.45151651 -19.11546135 -25.34558868
v -1.56914353 -19.10282326 -25.53053474
v 0.61687243 -15.24950409 -26.14582825
v -1.78984630 -15.19168186 -26.36184311
v 5.21471548 -23.06991768 -23.50155449
v 3.73957205 -22.45449257 -24.17903900
v 2.10036278 -23.16541862 -24.87385178
v 3.55346751 -25.01732635 -24.55930710
v 5.34884357 -25.83786392 -23.75590897
v 0.53827572 -23.94831848 -25.34847260
v -0.90872037 -25.12027931 -25.64028168
v -1.28277230 -22.35406876 -25.30193329
v 0.40454277 -21.64688301 -25.11156273
v 10.07291508 -23.77449799 -18.92103767
v 9.28610516 -24.50422096 -19.65165901
v 8.57881355 -24.22243309 -20.61398697
v 9.26056480 -23.44462776 -20.15667725
v 7.63386250 -23.81188774 -21.66563034
v 8.37596321 -22.91843796 -21.22475052
v 8.53918648 -25.50346756 -20.58668327
v 8.96566200 -26.34888840 -20.06399536
v 7.66748619 -25.99508667 -21.74597740
v 6.31164646 -24.84933662 -22.92257309
v 7.39056778 -22.18507957 -22.15769577
v 16.29493141 -19.03815651 -10.62848949
v 16.29840851 -18.96269226 -11.06236458
v 16.84134483 -18.81466103 -10.45660400
v 16.38319206 -18.91903687 -10.25259495
v 16.62201118 -18.60607147 -11.36205864
v 17.17510986 -18.39984894 -10.53901863
v 16.96077919 -18.45972633 -10.10251045
v 16.13373566 -18.48658371 -9.82287979
v 11.05926418 -26.07403755 -17.21224213
v 11.81404972 -25.85050392 -16.44470024
v 10.83039284 -25.82111931 -15.88417530
v 11.53225994 -24.90286827 -15.39421654
v 11.86918545 -24.46965027 -15.47805309
v 12.40659237 -25.43390274 -16.39419937
v 12.53147888 -24.60214615 -16.63198853
v 12.06529617 -24.37272835 -15.80929184
v 11.60893440 -23.91562843 -15.09899807
v 10.57398510 -25.08265305 -18.60954666
v 11.14597797 -25.75376511 -18.33524704
v 11.89730740 -25.35138130 -18.29563332
v 10.08070850 -25.83091354 -18.54092979
v 0.82651639 30.82076645 -12.06413746
v 2.57616901 30.24510193 -12.08908558
v 5.53218317 28.20540428 -12.26311684
v 7.33682728 26.80824471 -11.88730812
v 8.51414585 27.18919373 -10.17649937
v 9.11698341 27.01623726 -9.47563267
v 10.56034660 23.18005943 -11.21176434
v 9.64819336 27.09099960 -8.14791012
v 10.15536880 26.30487061 -7.84620333
v 9.45796490 28.35714722 -6.06640387
v 9.39189434 28.38677025 -6.64093685
v 8.98498917 28.92375374 -6.99671507
v 5.47557211 6.37836838 7.63525772
v 5.80789042 7.19240379 7.25644016
v 5.73105764 8.37617397 7.27602959
v 5.42525434 7.66219378 8.45147896
v 3.61776662 10.92386627 7.10940981
v 2.63874364 11.04430199 6.96759367
v 3.24671626 10.31273365 8.14377975
v 1.95362246 10.51010799 7.26955271
v 2.53510666 10.09650707 7.97163057
v 2.94607401 9.89091778 8.54110813
v 4.01667452 10.18223953 8.37617302
v 1.93566501 8.40116119 8.40845394
v 2.02160788 7.29996443 8.57536411
v 1.95183194 6.00041914 8.24273014
v 2.74348688 6.85079098 8.93348598
v 2.97487950 5.80004358 8.37317181
v 3.95248079 5.82724333 8.28838730
v 3.47531843 6.90545368 9.19305325
v 1.39691544 15.45576477 5.68710518
v 2.58818889 15.17124939 5.78203344
v 2.43310213 16.01861954 5.98272562
v 3.30506492 15.08604431 5.61309719
v 3.24566317 16.07681084 6.03396463
v 3.17333317 19.28921890 4.30994463
v 2.74690962 18.73409081 5.05599451
v 3.21875334 18.86068726 4.87262869
v 1.91090441 18.17742920 5.13290977
v 2.35016084 18.34913826 5.25189400
v 2.81099820 18.24792290 5.58658218
v 3.41654849 18.52944946 5.37090826
v 4.69239569 17.34754944 4.56303406
v 4.53175306 18.13106918 4.26191759
v 4.19245768 18.92640877 3.96791053
v 4.12147045 18.50764656 4.57519865
v 4.00822258 18.32567596 5.14670372
v 7.68989849 15.81676769 3.21831393
v 8.82084370 15.43055248 2.68271589
v 8.56546402 16.69613075 2.81776524
v 7.42203283 19.48023987 1.69558954
v 7.68424892 19.09890747 2.08164167
v 8.36379814 18.86705971 1.97294903
v 6.88212442 17.02844810 3.15679741
v 7.70074177 17.72583961 2.92553616
v 9.91433239 16.34982491 1.17745018
v 9.07114506 17.15407181 2.18572307
v 9.88291359 10.86293697 3.97686291
v 9.19895077 10.71880341 4.44217634
v 8.84159851 10.11687374 4.91843081
v 10.72185802 9.83657169 4.47651148
v 9.33397388 6.43353081 5.44073725
v 9.99934769 5.79641008 5.09828138
v 10.87999916 5.62278652 4.59989691
v 11.03914165 6.90555859 5.02313423
v 10.43901539 6.99697876 5.34963322
v 8.47464943 9.42112827 5.23082972
v 8.70701694 8.38351917 5.49682093
v 12.57414722 6.02926445 2.96338630
v 12.33860779 7.16186047 3.14723945
v 12.54326153 8.24215031 2.50472116
v 11.91489601 7.65998220 4.16096640
v 17.12345123 -3.91045737 -1.58225620
v 16.85111237 -3.68533087 -0.62837887
v 18.50385666 -3.02780414 -0.57295305
v 17.17079353 -2.96808624 0.19684729
v 15.61476135 -3.64067435 -0.19094925
v 17.56711960 0.77706760 -2.74195957
v 18.24444771 0.20306130 -1.92665994
v 18.58829689 -0.50272942 -2.07861376
v 18.83067131 -0.14186907 -1.33843517
v 18.64209175 -1.40373504 -2.23367429
v 16.86253929 -2.37743926 0.55907685
v 17.15794373 -1.43485773 0.81345642
v 15.37957668 -1.42395687 0.70492184
v 12.69509602 -3.58366871 3.00887251
v 13.14200592 -2.76381373 2.73927379
v 13.66203403 -1.59118223 2.28468990
v 12.81687546 -2.52899790 3.94168520
v 9.25693130 -1.74076617 5.71552277
v 9.32099342 -2.83332658 5.47636223
v 9.63440514 -3.71447873 5.07008171
v 12.94007587 0.89447558 3.09439421
v 12.08014679 0.76958966 3.99613690
v 11.23630524 0.90545541 4.64181519
v 11.65327549 -0.23528992 5.12129450
v 12.25434971 -0.30248550 4.64260483
v 11.18195820 -4.42348194 3.91625023
v 12.07885647 -4.06314802 3.46333814
v 11.62399578 -3.38737440 4.71053791
v 2.08854032 0.50038600 8.37806892
v 1.94588137 -0.63498783 8.68934917
v 2.67950344 -0.14049989 8.80630970
v 1.95409644 -1.69471407 8.77613449
v 2.96029258 -1.05290651 9.33070946
v 3.08488870 -0.51966000 9.18494320
v 3.99292469 0.76569277 8.19075394
v 2.89983749 1.01256812 8.19112206
v 3.45704508 -0.06819616 8.93216991
v 4.27355576 -0.33039591 9.02221966
v 1.88516295 -3.87280464 7.97668600
v 2.89883685 -4.14669514 7.96962929
v 2.74769974 -3.26409459 8.72473812
v 3.78991604 -4.32142448 7.67025089
v 4.14527321 -3.43097758 8.71878624
v 3.47036815 -3.32418084 8.90952492
v 5.55922461 -3.99118686 6.72377253
v 5.94091225 -2.87461305 7.14163828
v 5.35974407 -3.49037933 7.54497004
v 6.03857231 -1.81559765 7.45018005
v 5.49223948 -2.65728045 8.33488750
v 5.26906157 -3.19905806 8.17479706
v 16.14811325 -12.50838661 -5.53837061
v 16.52716827 -11.60746002 -5.59556055
v 17.20238876 -11.58302498 -4.53496552
v 16.89537430 -12.22970390 -4.49652290
v 17.12350273 -10.62580395 -4.89901161
v 18.06402969 -11.07621479 -3.44761872
v 17.86339188 -11.71910191 -3.59380579
v 17.52762413 -12.25313854 -3.56642222
v 15.14986897 -8.66391373 -1.51569259
v 15.35640526 -9.84178543 -1.41400397
v 16.15517044 -9.45298767 -1.57383037
v 15.17414570 -10.82902336 -1.58151901
v 16.92612839 -11.12561035 -1.52748859
v 17.00132942 -10.45744610 -1.43143475
v 16.93803024 -9.93041420 -1.51348078
v 16.23036957 -7.89927435 -2.80315185
v 15.67152977 -8.09801769 -2.03861761
v 16.56192398 -9.03528023 -1.94551265
v 16.97836876 -8.87413692 -2.49034476
v 17.38069916 -9.83088398 -1.73076057
v 17.74195480 -9.74652100 -2.16416168
v 14.48855019 -12.77116585 -2.76944852
v 14.84411812 -13.23605824 -3.57906079
v 15.97180367 -12.77822208 -3.06319237
v 15.68753910 -12.40727711 -2.47075462
v 15.82709122 -13.08249855 -4.03315783
v 17.31539917 -12.47226143 -2.93543649
v 16.99048042 -12.41285896 -2.47686338
v 16.59152031 -12.24339581 -2.18680596
v 12.11772060 -9.45459461 1.58365178
v 11.55727386 -8.95154858 2.15299749
v 10.73976326 -8.90683937 2.84875631
v 10.99185181 -10.13284302 3.13870835
v 11.57670593 -10.14600849 2.62968612
v 9.98439121 -13.73591805 1.29520035
v 10.86749172 -13.42339993 0.90466553
v 11.51182747 -13.15896225 -0.03896923
v 11.47507000 -12.81266308 0.81013876
v 11.63937283 -12.41480732 1.51079512
v 10.55581760 -13.01582909 2.21440029
v 12.29194927 -11.18601322 0.81598413
v 12.34095097 -10.21025467 1.15614879
v 8.70614815 -9.22475529 3.72977686
v 8.50587845 -10.41526508 3.72882915
v 9.54324913 -10.15685654 3.67516756
v 8.47443962 -11.50308514 3.49970055
v 9.63361549 -10.92591953 3.70576334
v 3.34040070 -9.14676380 6.58706474
v 2.24926209 -8.78956318 6.67574549
v 2.73985314 -10.17118073 7.10377550
v 1.39994335 -9.30027103 6.75378942
v 1.97616148 -10.13442326 6.98391867
v 2.36922407 -10.67030239 7.23521757
v 3.49806786 -10.53791237 7.12483978
v 1.00677538 -13.67988586 5.17069054
v 2.00070143 -13.97183990 5.11450148
v 1.92497492 -13.22621059 6.08388710
v 2.83985639 -14.11607838 4.80643368
v 3.22423005 -13.41879177 6.08889008
v 2.62431455 -13.32600307 6.27394104
v 4.53865194 -13.65313435 4.03089333
v 4.95678139 -12.68216896 4.71464539
v 4.33401060 -13.30778217 4.96805048
v 5.12555981 -11.72531605 5.26155758
v 4.46945524 -12.68585491 5.95597315
v 4.00198221 -13.34082794 5.56014585
v 1.00824988 -11.59129333 6.46425867
v 1.21262777 -12.65702248 6.11579990
v 2.12814140 -11.94080544 7.05975056
v 14.58471012 -19.31789207 -7.79284620
v 14.54110622 -20.26147270 -7.71738291
v 13.78889465 -19.88168144 -8.80999565
v 15.43584538 -20.38046265 -6.57184553
v 14.87044907 -21.00662804 -7.08418512
v 14.16289425 -20.75227547 -7.89232302
v 13.28819275 -20.58270645 -9.05687141
v 11.79251099 -20.80251312 -6.48426962
v 13.10114002 -20.90825844 -6.05982113
v 12.55262280 -20.31813812 -5.57344294
v 14.08000565 -21.12153435 -5.68234634
v 14.37901497 -20.86749840 -5.28401756
v 13.72064495 -19.98876762 -4.96020412
v 12.96980286 -21.18530846 -7.66809177
v 13.27544880 -21.18314934 -6.63740826
v 12.00410366 -21.13343620 -7.29482985
v 14.68497658 -21.37346649 -6.34419107
v 14.42483044 -21.32185745 -5.93417168
v 14.77723885 -17.29644203 -7.09187365
v 15.20084476 -18.42707634 -6.50428104
v 15.12311649 -18.97096062 -6.94442272
v 14.62852383 -18.04201698 -7.70937824
v 15.66768551 -19.25069618 -5.85402107
v 10.44480801 -17.76080704 -1.87947559
v 10.33516693 -18.71629143 -1.34264803
v 10.42337418 -19.40896988 -1.69429278
v 10.33948517 -19.38782501 -0.89797753
v 10.24482727 -20.12855721 -2.15805292
v 7.03689575 -20.13577080 -0.51505214
v 7.28098011 -19.31436348 -0.01337593
v 8.41956615 -19.53043175 0.33555669
v 7.90927982 -18.92588234 0.19663665
v 7.24248457 -18.04201698 0.16451336
v 8.03929996 -21.66141701 -3.06603599
v 7.55313253 -21.64920044 -2.37551713
v 8.88624954 -21.69701576 -1.60142481
v 7.95678043 -21.47689247 -1.12663209
v 7.33674812 -21.36556625 -1.69537234
v 6.47479057 -21.34555626 -2.40261126
v 0.39379990 -21.89902496 -0.48953784
v 1.12420964 -21.95916176 0.67395711
v 0.81761664 -21.48326492 1.08334470
v 0.78293931 -20.78711128 1.75645924
v 2.28580880 -18.37915421 2.49861240
v 3.10229325 -18.67295074 2.21116161
v 2.45822144 -19.83976364 2.74469781
v 3.49501371 -19.54586220 1.98806286
v 3.83204484 -18.31522369 1.50926793
v 3.20853710 -21.64151192 -1.17455375
v 3.10563731 -21.73261452 -0.19505681
v 2.57792020 -22.07380676 -0.81203455
v 3.09078693 -21.90081406 0.51249808
v 2.75238633 -22.13989639 0.63772625
v 2.06676483 -22.23966217 0.01450817
v 3.72013998 -19.93581772 1.48064649
v 3.66779470 -20.67986488 0.93757874
v 10.45852566 -25.86158943 -11.34565544
v 11.72347260 -25.83449554 -11.15989304
v 11.43115044 -25.89916229 -10.42711353
v 12.73335457 -26.03071022 -10.35117626
v 12.31996536 -25.95203400 -9.81750774
v 11.21545029 -25.74381256 -9.98002052
v 10.02467728 -25.74676132 -10.27102566
v 10.46334457 -23.71130371 -8.91247463
v 11.95670891 -24.39331818 -9.05239487
v 11.87961292 -23.94143295 -9.30522060
v 10.89527130 -23.34541512 -9.24971581
v 12.81287289 -24.45698547 -9.25435066
v 12.44872189 -23.92439842 -9.76229286
v 8.63210678 -26.32729721 -4.85251236
v 9.01766491 -26.09548378 -5.18556738
v 8.63568783 -25.83818245 -4.62764931
v 8.99409866 -25.94131851 -6.32607555
v 8.88356304 -24.94526100 -5.76681471
v 8.61694050 -24.87421989 -5.29960489
v 8.41693306 -25.23647499 -4.68262720
v 10.56413746 -24.97759438 -9.28894806
v 11.01065159 -24.51114845 -9.01871777
v 12.39663982 -25.37339401 -9.17325211
v 5.40758657 23.96438980 2.61046147
v 6.03042316 23.75170898 2.40000463
v 5.87782431 24.47878647 2.61462498
v 1.76964426 24.37619591 4.72035885
v 1.26399875 23.77562904 4.69500303
v 1.84551573 22.91858673 4.67766762
v 2.84715009 23.19372368 4.69961071
v 8.76241684 25.09498787 -0.95032269
v 8.88940907 24.13048744 -1.39530921
v 9.46003151 24.81483078 -1.44507396
v 9.71718979 24.25839996 -2.56385946
v 9.95666599 24.57707977 -3.05168581
v 9.98334503 24.97244644 -3.47999191
v 10.03689480 24.98917961 -2.06800246
v 15.80202389 -18.46520233 -11.98419762
v 15.31396103 -19.07206917 -11.61104107
v 15.76800537 -19.04500198 -10.80816936
v 14.98756695 -19.25533104 -11.08316612
v 16.83328819 -16.31957817 -10.56540203
v 17.01494217 -16.70242500 -11.22772026
v 17.35784531 -17.26316071 -10.36718559
v 17.12213326 -17.48617935 -11.45226765
v 16.65545082 -16.85198212 -12.00463009
v 15.31280231 -18.92093086 -10.35544205
v 15.11648178 -18.28499603 -9.80855560
v 19.14690018 -10.56687641 -11.00649166
v 18.79075432 -9.46973419 -11.10475731
v 19.68651962 -9.97643948 -10.50041771
v 18.82203484 -8.69182396 -10.63501930
v 19.67388153 -9.44256115 -10.15643501
v 20.49944878 -10.05443096 -9.87622547
v 20.57406998 -10.81943893 -10.01877880
v 18.18346596 -8.55985546 -7.87894726
v 17.98556519 -9.32828617 -7.68136263
v 19.08028412 -9.89776421 -7.93476772
v 19.19645500 -9.36620235 -8.11613274
v 18.39848137 -10.43374920 -7.88521385
v 20.12276459 -10.80701065 -8.15942001
v 20.16320801 -10.25954628 -8.13161469
v 20.18869591 -9.79112530 -8.35674191
v 17.58765793 -12.10531807 -8.70140839
v 17.69066238 -12.57537174 -9.34840298
v 18.89755058 -12.13607216 -9.13470459
v 18.79359818 -11.78850937 -8.65580368
v 17.88434982 -12.72924709 -10.07186127
v 19.04605484 -12.25951004 -9.66752911
v 20.17553139 -11.94301701 -9.27762699
v 20.01270294 -11.87055492 -8.85223007
v 19.56918907 -11.50537682 -8.42546463
v 18.65467644 -8.08885479 -9.14386749
v 18.42612839 -8.16795158 -8.40892887
v 19.40467644 -9.07772541 -8.51330280
v 19.58614731 -8.99757481 -9.05444908
v 20.54099846 -9.70955276 -8.94480801
v 14.47295666 17.70925903 -5.90158749
v 13.73834038 18.62813568 -6.43698025
v 16.10581398 17.55644226 -7.31485415
v 13.84597969 19.01314163 -7.73992205
v 16.56395149 16.55697441 -6.39158630
v 17.27387810 15.01351738 -5.76670599
v 18.52669144 14.10428905 -6.09857321
v 19.49514961 2.00143886 -10.31315517
v 19.16425323 3.27565384 -8.25318336
v 18.50101280 4.77396822 -5.94239998
v 18.15876770 6.55265045 -5.02905846
v 17.51624870 8.19923210 -4.04005623
v 17.59555626 4.62188292 -3.99966526
v 11.81978989 19.92102051 -3.86685371
v 12.22749233 19.65797806 -3.02158999
v 12.58874798 19.30188179 -3.35156465
v 11.20270634 20.27980042 -2.97061419
v 11.94565010 19.77214622 -2.55153680
v 12.80234146 19.30102539 -2.40861464
v 16.10260773 17.87873650 -8.05614567
v 18.23245049 12.20452499 -5.04009104
v 19.34369469 12.26235390 -5.76634073
v 10.66609001 -23.28348541 -18.92051125
v 11.88917065 -23.11417961 -17.90852165
v 10.87799835 -23.61988449 -17.58513069
v 11.37764740 -22.95667076 -18.93567657
v 12.37209988 -22.95235062 -16.62448692
v 11.49381733 -23.39354706 -16.24458885
v 12.13912678 -22.63006592 -19.26733780
v 13.26991940 -21.99992180 -20.09680176
v 13.52959156 -22.46323586 -18.95779419
v 13.87388992 -22.42068481 -17.86202240
v 14.27898502 -22.11577797 -16.72311974
v 15.08356857 -21.44592857 -16.30636024
v 14.21829319 -21.74893951 -14.84696198
v 12.41533470 -22.77467346 -14.81626034
v 13.58225250 -21.74082947 -13.86167240
v 12.74810028 -21.90218353 -12.20916653
v 14.97693634 -19.99139977 -13.59751701
v 15.77179718 -19.26786423 -14.12613678
v 16.34569740 -19.79718590 -16.14282036
v 16.79629326 -18.65108299 -15.78240776
v 17.47942543 -17.79913139 -16.89717674
v 16.41489410 -17.22408485 -13.14421749
v 17.16152382 -16.39067078 -14.38038445
v 17.37954140 -14.86718369 -13.17781448
v 8.46885681 -20.52088356 -22.43348122
v 8.94391346 -21.55504036 -21.70881271
v 9.60891819 -22.30109215 -20.91689491
v 10.89126873 -20.42045784 -21.87674904
v 11.55924892 -21.47204781 -21.05465508
v 12.10971546 -21.99518204 -20.38793945
v 10.70958805 -22.68725586 -19.90790749
v 9.92936039 -23.01480865 -19.99669266
v 9.65352154 -17.78223991 -23.08152962
v 10.37339973 -14.75206661 -23.00353813
v 10.48630524 -16.41768646 -22.98563385
v 10.73907852 -14.99757290 -23.04061127
v 10.87620735 -17.76185989 -22.77551651
v 10.26344585 -18.86282158 -22.71854782
v 12.29037476 -7.36492682 -21.81234932
v 10.45905304 -11.91826630 -23.01612282
v 11.81505013 -10.66124535 -22.23689842
v 11.26874352 -11.84706783 -22.58898926
v 11.00280476 -13.08618450 -22.96214676
v 17.43925858 -6.47700262 -17.07768822
v 16.28948212 -8.30610752 -18.84807587
v 15.17893600 -7.42064857 -19.68916893
v 15.56768227 -9.18736553 -19.92939186
v 14.84074783 -8.95428753 -20.38564873
v 14.04703903 -8.96018505 -20.87760925
v 16.60847092 -9.51661587 -18.76450920
v 16.18760872 -9.61908150 -19.48882866
v 16.71790695 -10.26428509 -19.03225708
v 17.46148109 -9.28094387 -17.30039215
v 17.58312798 -12.83330536 -17.66496468
v 17.17310905 -11.21597767 -18.52650070
v 17.41279602 -10.93347645 -17.55350685
v 18.61475945 -8.18532944 -14.65348530
v 19.06511879 -8.85612679 -14.78092480
v 18.92166901 -8.93596077 -15.23359966
v 18.29496193 -8.75059414 -15.64171028
v 19.52263832 -9.37146854 -14.91089249
v 19.31844521 -9.55264950 -15.44182205
v 18.73975182 -9.60636425 -15.75486565
v 18.31231499 -11.40459633 -13.97478867
v 18.77445412 -11.56451511 -14.53407574
v 19.28579521 -11.27187729 -14.56427670
v 19.46844864 -10.16944218 -14.29612637
v 19.25648880 -10.62785816 -15.77927494
v 18.08962440 -11.71794319 -16.16275215
v 18.66162872 -11.42662144 -15.86121559
v 18.40490532 -11.97887897 -15.70354843
v 19.17470551 -11.32861900 -15.64514637
v 18.85376358 -11.85841656 -15.19297218
v 17.74381065 -13.00111580 -16.25425339
v 17.63231277 -15.72458553 -17.17384720
v 17.54319763 -15.29631901 -15.13492680
v 8.51722622 17.27692986 -17.82065773
v 10.48124981 18.12986946 -15.71797657
v 10.20957088 15.88759899 -17.36932373
v 13.67072296 10.10198402 -18.27583313
v 12.52255535 12.35132694 -17.47571373
v 13.75526428 12.77950573 -16.47572708
v 11.14936161 21.01047325 -12.77311420
v 13.37624168 17.90991783 -12.89965916
v 12.63104725 20.12111855 -11.54766369
v 14.79672337 17.42756844 -11.91500092
v 13.68504715 19.41931725 -8.94859982
v 13.80273438 19.18349075 -10.36636257
v 11.67518234 21.85068130 -10.56729794
v 11.33499527 22.58882523 -9.50552750
v 10.56221581 24.08756065 -8.66580296
v 10.95414639 22.65502739 -5.95860624
v 12.45003796 20.67000580 -7.42494249
v 12.10117149 6.12812281 -20.13523102
v 13.70511055 8.41824913 -18.95094872
v 13.87112522 5.54932404 -19.53632927
v 13.54111099 15.38298702 -2.07513785
v 13.87557507 16.22805214 -2.26000500
v 14.10106945 15.80244541 -3.12238359
v 13.99732780 16.59141350 -2.68466425
v 13.98969173 17.04883003 -2.18743777
v 13.69410419 16.94424438 -1.63597059
v 13.88642311 16.94060898 -3.32107401
v 13.46676636 17.84453964 -3.64936328
v 13.82196617 17.90156937 -2.56375432
v 12.53071499 19.92433739 -5.76734114
v 11.69627285 17.67133522 -1.04948354
v 12.22696590 15.76305485 -0.89787221
v 12.90147591 16.80095291 -1.12681651
v 12.49827576 18.50701523 -1.23121715
v 16.10693169 10.53717518 -2.17100763
v 15.52070808 11.08980083 -1.71338236
v 16.30230522 10.56297970 -0.93294454
v 16.72991371 10.12557602 -1.29451585
v 15.37804985 10.95909595 -0.77659363
v 16.78036308 10.21531105 0.15524501
v 17.12213326 10.12536526 -0.26951966
v 17.25747299 9.92483139 -0.66100246
v 19.40267563 -3.48901033 -9.45319843
v 20.05683327 -2.56391215 -9.38257980
v 20.46937943 -2.98936152 -8.79946327
v 20.41071510 -1.69782114 -9.20827198
v 21.63403320 -2.29202294 -8.37059116
v 21.35061073 -2.72689843 -8.34057426
v 19.64844513 -1.34177923 -5.76631403
v 19.61463737 -2.25423861 -5.98140860
v 18.76031494 -3.25119257 -6.45425272
v 19.96193695 -2.80262518 -6.44003439
v 20.91594696 -2.59956384 -6.37062693
v 19.14632225 -3.95074296 -8.09117126
v 19.30030251 -3.88523269 -8.86802864
v 20.41756058 -3.30543351 -8.31771946
v 20.30813217 -3.37726331 -7.69768763
v 21.52355003 -2.85328507 -7.89116430
v 21.46562386 -2.90152264 -7.31273460
v 19.89990234 0.61545056 -7.39346409
v 19.09976959 0.90945762 -6.65457582
v 20.24620247 0.26520142 -6.64109468
v 18.88269997 0.54535860 -5.97156096
v 20.04998589 -0.01885268 -6.11585236
v 20.98061371 -0.33155444 -6.18410158
v 21.33902550 -0.25709161 -6.53556156
v 21.55198669 -0.25414258 -7.09313774
v 19.22046852 -4.08924198 -12.91113853
v 19.90221977 -3.75189471 -13.32537174
v 19.68472862 -3.01974702 -12.62202930
v 20.46622086 -3.55904961 -13.55792332
v 20.68076134 -2.98894024 -13.37329292
v 20.28772545 -2.09601808 -12.79449463
v 18.71281433 -1.25186026 -15.53376865
v 19.52221680 -1.57393575 -15.31111717
v 19.51931953 -2.37120867 -15.56296921
v 20.16257668 -1.74129283 -15.22127724
v 19.53485489 -0.28489670 -12.32912827
v 20.13898468 -0.85763907 -12.89576149
v 20.15804672 -0.68754369 -13.38298225
v 19.53759384 -0.09521132 -12.96169376
v 20.65316772 -1.18445408 -13.25585842
v 20.78861237 -1.17413247 -13.66598320
v 20.24190903 -0.89205313 -14.08629894
v 16.37618828 -3.90929866 -18.25655937
v 17.31792641 -3.82325053 -17.15541649
v 15.31554031 -3.88918209 -19.25980568
v 13.71576118 -2.21804714 -20.34253311
v 13.81259251 -3.91061521 -20.47643661
v 17.72004700 -0.17883718 -17.36869240
v 17.32782745 -1.84524584 -17.28306580
v 16.18750381 -2.22156239 -18.41475296
v 12.61865902 0.14550273 -20.84403801
v 14.70035362 2.34889698 -19.65060425
v 15.36335659 1.30020320 -19.34611702
v 14.98261738 -0.12333236 -19.41489410
v 16.27723885 0.43940443 -18.78538322
v 16.62137985 5.68113518 -0.51528913
v 17.15065002 5.98635864 -1.07742035
v 17.03113556 5.84707022 -2.23399019
v 17.43346596 6.62161016 -1.33495951
v 17.82663345 7.13695192 -0.67037612
v 17.53699684 7.01488352 0.32744688
v 14.05156803 10.55097294 0.24139860
v 14.64806080 9.50780773 0.79581493
v 15.18272972 10.14621925 0.52850705
v 14.85949516 8.42030334 1.02399564
v 16.45354843 8.68529415 1.24385583
v 16.26470566 9.44666862 1.07860518
v 16.02572823 9.94715977 0.80213428
v 19.44095993 6.20617962 -6.86385775
v 18.65964127 8.14413548 -5.12243986
v 14.36953640 11.07747841 -0.39559039
v 15.43992615 10.55771351 0.05982304
v 16.40425682 10.13157940 0.57305837
v 21.15381050 9.89440250 -34.20507812
v 17.97429466 12.54804039 -24.38647079
v 17.30800056 11.76265240 -24.19955254
v 16.67451286 10.73038864 -23.61686897
v 17.50466347 11.90836525 -22.21851921
v 16.33735085 9.80700207 -23.57464790
v 16.44033051 9.19800282 -24.79549217
v 15.93394089 8.50624657 -22.56697845
v 15.24702930 8.14056683 -20.54905701
v 15.44524479 9.14902782 -20.45337105
v 15.81113434 10.05911732 -20.37248421
v 16.60568619 10.96115017 -21.26335335
v 16.96594048 11.49618721 -20.24367523
v 24.86626816 12.34155655 -29.04582214
v 24.21305847 12.97659683 -28.98647499
v 23.45342255 13.46529198 -28.94008064
v 23.28917313 13.61585045 -26.56495857
v 24.04733467 13.12573338 -26.62451744
v 24.69922638 12.48863792 -26.70208740
v 22.61711121 13.78931522 -28.90943146
v 21.73630142 13.93534470 -28.89484406
v 21.57515907 14.08727264 -26.51045418
v 22.45433617 13.94087410 -26.52677917
v 21.20313263 13.67659473 -23.94256592
v 22.07980919 13.52456188 -23.95699310
v 22.91209221 13.19263935 -23.99388504
v 23.66785812 12.69464874 -24.05294228
v 24.31745911 12.04862881 -24.13043404
v 24.46488380 5.54239941 -29.88200378
v 24.98376846 6.31499052 -28.63439560
v 25.45885086 7.07258654 -28.82674026
v 24.29026222 5.70641232 -27.51106644
v 25.84278297 7.82752371 -30.04491615
v 25.93363380 8.86269188 -28.80873680
v 25.29082108 7.58354425 -24.67208099
v 24.97848892 6.68712044 -24.77648163
v 24.50988388 5.86884546 -24.87158775
v 23.90264893 5.16384506 -24.95297432
v 18.05744743 5.83035040 -30.34244537
v 18.71086693 5.19862747 -30.38691711
v 19.47121429 4.71024799 -30.42725754
v 19.28213501 4.95793962 -27.59058571
v 18.52307892 5.44563437 -27.53586960
v 17.87034416 6.08051729 -27.46393585
v 20.29014778 4.47940826 -29.93585014
v 21.17235184 4.34067249 -29.93790245
v 20.99773026 4.49352121 -27.64056206
v 20.11776161 4.63623285 -27.62576294
v 20.60469246 3.93610311 -25.10508537
v 19.90074539 4.40615654 -25.96825409
v 18.89491653 4.42040157 -25.05856133
v 18.09790421 4.85422373 -24.86237144
v 17.44996262 5.50951242 -24.79126549
v 18.43560600 12.72445488 -29.00190353
v 17.74977493 12.10371208 -27.90771103
v 17.32367897 11.23542309 -28.69570541
v 18.27957153 12.86985207 -26.66785622
v 16.98334503 10.34280300 -28.49693680
v 16.83872414 9.41504574 -28.58743477
v 25.96119690 9.76816463 -29.55495071
v 25.75629234 10.67804432 -29.47345734
v 25.58667183 10.87231064 -26.90035629
v 25.71012306 9.84272003 -26.51272392
v 25.38634872 11.58286762 -29.11707497
v 25.21815109 11.72752762 -26.79571915
v 24.83427620 11.27659035 -24.22456551
v 25.20103455 10.40928745 -24.33020401
v 22.06345940 4.38151121 -29.94135284
v 22.94998169 4.51653433 -30.43884087
v 22.75608253 4.75956535 -27.61301994
v 21.88817596 4.53512335 -27.63713837
v 23.75951576 4.91070271 -30.41788292
v 23.56706619 5.15373373 -27.57162857
v 23.17747688 4.60100269 -25.01924706
v 22.36428642 4.20001459 -25.06735420
v 21.49516487 3.97491455 -25.09666061
v 16.87059784 8.47717762 -28.67781448
v 17.16726494 7.43261766 -30.24749756
v 16.98137093 7.69510698 -27.27825356
v 17.53702354 6.58545828 -30.29415512
v 17.35057831 6.84073257 -27.37688637
v 16.93455505 6.29114819 -24.70307159
v 16.56915092 7.16753483 -24.60181618
v 16.47118759 8.24657440 -24.91060829
v 20.84416962 13.89495468 -28.89789963
v 19.98134422 13.61577129 -29.20285988
v 19.81606483 13.82333469 -26.54952812
v 20.68439484 14.04672337 -26.51914406
v 19.16883469 13.22131348 -29.23653603
v 19.00397873 13.42600727 -26.59960938
v 18.69696426 13.10835457 -24.31311607
v 19.41669655 13.37962532 -23.86038780
v 20.31484604 13.64136505 -23.95499229
v 21.76174927 13.14644146 -32.86687469
v 20.88707542 13.10649872 -32.86537552
v 20.03547859 12.85961056 -33.01462936
v 19.23834801 12.47284031 -33.03274536
v 18.52589417 11.95972347 -32.91955185
v 17.06720734 8.09364605 -33.91729355
v 17.00198746 8.14175224 -32.73075867
v 17.05422592 6.35897589 -34.05816269
v 17.15193939 7.02983904 -32.15203857
v 17.88331032 5.16862392 -34.35966110
v 17.53552246 6.23992205 -31.89147186
v 18.05339241 5.50213957 -31.88957787
v 22.96983528 3.68596292 -34.26554108
v 22.62969589 3.30222130 -34.15010834
v 21.15792465 2.91047525 -34.39935303
v 25.65502548 6.23054838 -32.54302597
v 25.23733139 5.59473133 -32.30908966
v 24.64306259 4.98998404 -32.26299667
v 23.01070023 4.05543327 -32.30517960
v 23.96136475 4.44612598 -32.30910110
v 21.22117043 3.91904092 -31.94750404
v 22.10229683 3.94558215 -31.98752594
v 25.82408714 7.48306704 -33.66867447
v 25.90435028 9.08196449 -33.25450134
v 25.70297432 9.97791386 -33.20376205
v 25.34214020 10.84127998 -33.01679993
v 24.83206367 11.58555317 -32.97081757
v 17.92999458 11.28075027 -32.95542526
v 17.47198868 10.46529293 -33.13469696
v 17.16434097 9.59777927 -33.17927551
v 19.44659615 3.88944554 -34.23826218
v 19.39999008 3.86232495 -33.42794037
v 18.86289978 3.85442591 -34.11993408
v 19.46018219 4.25849485 -32.27968979
v 18.88549232 4.16939163 -32.86954498
v 18.69664764 3.83294010 -33.60591125
v 19.78936768 3.77480221 -32.87002182
v 19.78565407 3.40654302 -34.12048721
v 19.72459412 3.41217756 -33.59500885
v 20.37424850 3.86814404 -32.28811646
v 18.51211166 4.73884296 -32.29614639
v 23.55553246 3.90713978 -32.90498734
v 25.53811836 6.18231106 -34.15010834
v 24.19098091 12.20732307 -32.93247986
v 23.44568062 12.68589401 -32.90108109
v 22.62529945 13.00325584 -32.87931824
v 24.57489395 6.62184668 -19.97296906
v 24.63574409 7.87723541 -20.50600624
v 24.43573761 8.88461685 -20.46980095
v 24.09831047 8.31274319 -17.85264778
v 24.31595993 7.24343252 -18.05381393
v 24.07066345 9.81295300 -20.43488693
v 23.55224037 10.63396645 -20.40207863
v 23.18594933 10.19235992 -17.73282051
v 23.68327141 9.34575653 -17.67553329
v 24.23259735 6.23428726 -16.87588882
v 23.84900284 7.75489378 -15.43453789
v 19.47284698 1.86457253 -20.98782921
v 20.42954063 1.85872710 -20.89998817
v 21.96960258 2.63310909 -21.40202141
v 20.90288544 1.06501865 -18.68321991
v 19.82112122 0.79813200 -18.88312149
v 18.73451233 0.78707319 -19.14137077
v 23.17439842 3.43621755 -21.31548691
v 22.74054909 2.16711068 -18.50164413
v 21.89186287 1.52243316 -18.56209946
v 21.83941078 1.47082531 -17.31676865
v 20.78187180 0.96222413 -17.49634361
v 22.70958328 2.13182783 -17.24957275
v 22.68283272 2.36964536 -15.98633766
v 21.13133621 2.01513720 -14.18145752
v 20.76217651 1.14200914 -16.23921776
v 19.55023193 0.62266517 -17.81641769
v 18.26214218 0.51281404 -18.29552841
v 19.46723938 0.67932850 -16.60974121
v 15.24213123 7.07733917 -20.65838051
v 15.40969944 6.00421095 -20.75917435
v 14.86391830 5.65485716 -19.72427750
v 14.56975365 8.28306866 -19.31420517
v 15.74251747 4.94824982 -20.84274864
v 16.23058128 3.96296024 -20.89482880
v 15.48258209 3.61034155 -19.84513474
v 14.64598083 4.53367519 -19.58696365
v 14.20491791 7.26202154 -19.30172539
v 20.39620781 12.49925041 -20.34465218
v 19.49443817 12.54040432 -20.36108208
v 18.54888153 12.32523155 -20.14298630
v 18.26329994 12.21243095 -18.80655289
v 19.15285110 12.28478718 -18.76484489
v 20.06778526 12.16535187 -18.73145676
v 17.71688843 11.99652004 -20.18843269
v 16.65639877 11.51424980 -18.94083786
v 17.42282867 11.94796658 -18.86942863
v 16.78670883 11.80654621 -18.12614441
v 18.16461372 12.36072445 -17.98893547
v 16.75316238 12.22135735 -17.35373688
v 18.31850433 12.98020077 -16.75112152
v 19.04152679 12.40411758 -17.93522072
v 19.95814514 12.25624561 -17.88803673
v 19.69330215 12.98948765 -16.25405502
v 22.89634705 11.32411766 -20.37464333
v 22.13062859 11.87305641 -20.35360336
v 21.85057640 11.40218735 -18.69259262
v 22.63364601 10.81490993 -18.67953300
v 21.28612709 12.27099037 -20.34344101
v 20.98093033 11.86170769 -18.70965576
v 20.75559998 12.26355839 -17.00920677
v 21.64917564 11.73727226 -16.94429970
v 22.43326759 11.06542110 -16.87692451
v 23.70161438 3.87501621 -20.65085030
v 24.19246864 4.78523779 -20.61322403
v 23.88619232 3.97970653 -17.89978027
v 23.41756058 3.00252676 -18.49205971
v 24.35700798 5.41648674 -19.25949097
v 23.77008629 5.68193483 -15.08124828
v 23.76723099 4.21025705 -16.08428764
v 23.37774849 2.98346353 -17.25189018
v 23.32255936 3.22370362 -16.00971985
v 16.86025047 3.10779619 -20.90330696
v 17.71109581 2.57102156 -21.14107132
v 16.83934212 1.70400870 -19.67661858
v 16.08776283 2.55817223 -19.81122017
v 18.76889801 2.42657208 -21.61768150
v 17.72847366 1.09640467 -19.42932320
v 17.12329102 0.82130295 -18.87322044
v 16.18803024 1.50421238 -19.30788612
v 15.45572472 2.43052173 -19.56129074
v 15.95658398 7.51637554 -22.66966629
v 18.23365021 12.46083355 -22.15690613
v 19.55318260 3.76837730 -24.21679688
v 17.67973709 16.71563911 -10.45966530
v 15.58958244 18.15852737 -9.44983482
v 16.09489822 16.75113487 -11.95181084
v 14.80069256 18.58436203 -8.48394394
v 19.36631393 15.51162434 -10.01964855
v 18.46100998 16.26103210 -8.54640102
v 20.55842972 7.60726786 -7.20859718
v 20.83600616 8.50445557 -7.24158955
v 21.11741066 10.10337257 -7.96523571
v 20.30002213 9.87527752 -6.23760509
v 19.63259315 8.67829037 -5.70296288
v 20.48175430 11.54068565 -6.92872953
v 20.00127602 11.27564240 -6.11487818
v 19.23429108 9.78333187 -5.18588352
v 19.90435219 13.54767990 -7.29159117
v 23.59988785 7.11962652 -14.20984745
v 23.37803841 9.10485172 -14.62140083
v 21.67305374 11.41287708 -10.24640656
v 21.88422585 10.00603580 -9.75247192
v 20.89913368 13.29283333 -10.44717121
v 15.63605404 12.90495110 -16.15154457
v 15.17293453 11.17532253 -17.66349030
v 14.46980286 10.70969296 -17.88972092
v 14.45754623 12.64198780 -16.31478500
v 15.37030888 15.05360413 -13.89511204
v 23.15530777 3.58348441 -14.76565361
v 22.55770874 2.74606705 -14.70130157
v 23.26094818 5.08572531 -13.78376675
v 22.59907150 4.72325516 -12.46424389
v 21.95343399 3.88526869 -12.15696144
v 16.77730751 15.50942516 -13.28035927
v 15.79096508 16.22131157 -12.73274994
v 16.08744812 10.88642406 -19.42563629
v 15.41907215 10.24617004 -19.09787369
v 14.95354843 9.41149139 -19.20182610
v 14.68192196 9.93462658 -18.54356194
v 15.26709270 10.59868336 -18.37451935
v 14.19375324 9.15871811 -18.75673485
v 14.90588951 15.70812893 -13.44306850
v 18.42444229 11.16473770 -34.10887527
v 21.31832886 12.57368660 -34.05347824
v 17.69415855 9.48886490 -34.19469070
v 17.30950165 8.00717640 -34.24742508
v 20.47993851 3.83596158 -34.41861343
v 23.29233170 4.06991529 -34.43089676
v 25.13278580 6.18952560 -34.38259506
v 25.61579514 8.37891197 -34.28413391
v 25.10719872 10.00194740 -34.21665955
v 24.29731560 11.42293549 -34.12836075
v 22.89845276 12.14224052 -34.09642792
v 19.94070244 4.46571589 -8.86962128
v 20.51164055 3.17696667 -11.04330158
v 18.90734482 4.64428997 -6.94168425
v 19.62953949 1.59194589 -12.18546867
v 19.44870186 1.02583873 -13.72212029
v 19.75466347 1.03184211 -15.13501835
v 18.92567062 0.46742016 -15.31375027
v 18.18575668 9.38296223 -4.58057022
v 17.26565933 -12.06245708 -34.24978256
v 18.23970795 -17.06015015 -19.23595047
v 18.66240883 -15.27989483 -20.04351234
v 18.17445946 -13.48527622 -19.25696373
v 19.67619705 -8.62499714 -28.32563019
v 19.04405403 -8.06973839 -28.33953094
v 18.31951523 -7.71709299 -28.70110321
v 18.21253395 -7.45860577 -26.10738564
v 18.92346001 -7.88968992 -26.07726288
v 19.54833603 -8.45706081 -26.06830978
v 17.53749847 -7.45605183 -28.71187401
v 16.72467232 -7.35986614 -28.72193146
v 16.63891411 -7.07628632 -26.18901062
v 17.44104958 -7.18508387 -26.14161491
v 17.25631332 -7.30588865 -24.44961357
v 18.01094818 -7.59805250 -24.38294411
v 16.47240067 -7.17686892 -24.54672050
v 16.03884125 -7.84750843 -22.52232170
v 16.77693939 -8.04166985 -22.32484245
v 17.48549461 -8.40429401 -22.17639160
v 18.70807648 -8.04693604 -24.33323288
v 19.32473755 -8.62705135 -24.33165169
v 18.36609459 -8.52236080 -22.70031548
v 18.96769524 -9.14155006 -22.70021057
v 19.59026909 -14.84410477 -27.79112053
v 20.19226265 -14.35881996 -29.17547417
v 20.57391167 -13.60569954 -29.16169167
v 20.82028770 -12.78664780 -29.30820656
v 20.89841080 -11.75912476 -28.31135941
v 20.66712189 -11.68787384 -25.51299858
v 20.51527405 -12.66881943 -25.45067596
v 20.13766670 -13.58751774 -24.88054085
v 19.84905815 -13.17331219 -22.60278702
v 19.76077271 -14.30589485 -25.04702759
v 19.21572876 -15.04259777 -24.72287178
v 13.77104282 -15.03114414 -29.35112572
v 14.40808392 -15.58498096 -29.38870049
v 15.12026691 -15.97324562 -29.27886200
v 14.27885342 -14.98451233 -26.75585365
v 13.64686775 -14.42946434 -26.69192314
v 15.90718842 -16.22327423 -29.27464867
v 16.72153282 -16.31044197 -29.26944923
v 16.29219437 -16.05848312 -25.99511147
v 15.50648975 -15.90671444 -26.09106064
v 14.59202957 -15.96780109 -25.79299927
v 13.88510609 -15.53513718 -25.74607658
v 13.25280476 -14.98603916 -25.62553596
v 13.77283287 -8.74345875 -29.38211823
v 13.19148064 -9.18091488 -27.59416771
v 12.66743660 -10.10355091 -26.91332436
v 13.65013218 -8.30602932 -25.73570442
v 12.56103516 -10.74921513 -27.69625092
v 12.54035187 -11.71633720 -28.70821190
v 12.41233253 -11.34189034 -26.21781731
v 11.93311691 -12.05376339 -24.58279228
v 11.92413807 -11.39821148 -24.13198662
v 12.60886383 -9.74128151 -23.52849007
v 13.22889614 -8.90325832 -23.43414879
v 20.81689072 -10.89753532 -28.30103683
v 20.57923126 -10.06538486 -28.30145836
v 20.44631386 -9.91472054 -26.10085487
v 20.68560600 -10.74771500 -26.16025734
v 20.18980217 -9.36014652 -28.64928436
v 20.06178284 -9.14218235 -26.07062721
v 19.83502388 -9.32607460 -24.34123611
v 20.22282028 -10.10135174 -24.42022896
v 19.46702766 -9.90482044 -22.72675133
v 19.85377121 -10.72801971 -22.86956787
v 20.47095871 -10.92339230 -24.57989693
v 19.76108742 -12.28744698 -22.30024910
v 17.53468704 -16.22756004 -29.25839043
v 18.33813286 -16.00018883 -29.42493248
v 18.15460777 -15.53234673 -26.53857422
v 18.96436501 -15.37228298 -27.88955688
v 18.55994034 -15.63250732 -24.97656631
v 17.89835739 -15.90081596 -25.46607780
v 17.07968903 -16.04837227 -25.83712769
v 12.61900139 -12.59248638 -28.71979904
v 12.85881996 -13.58899307 -29.31694984
v 12.73630333 -13.00340176 -26.48154259
v 12.49427319 -12.18799686 -26.35341644
v 13.24872303 -14.35676575 -29.32482147
v 13.12604904 -13.76051044 -26.59750175
v 12.71876812 -14.34304810 -25.43053246
v 12.30664158 -13.62048435 -25.18060303
v 12.03569984 -12.85758305 -24.89112473
v 15.91142750 -7.43493462 -28.72674942
v 15.12843609 -7.67575407 -28.72972488
v 15.06034470 -7.36813402 -26.30012512
v 15.83551693 -7.13874245 -26.24061775
v 14.40663624 -8.20362949 -29.40049553
v 14.27969646 -7.78184032 -25.63227654
v 14.92458439 -7.43343401 -24.77906036
v 13.78760433 -8.50901127 -23.02060127
v 14.48768139 -8.14762402 -22.77649117
v 15.68564320 -7.22142029 -24.65341187
v 15.22132969 -7.98429585 -22.52334785
v 16.63006783 -8.02892590 -33.49985123
v 15.79086018 -8.12008190 -33.47230530
v 14.98403931 -8.38117599 -33.43849564
v 15.07456303 -8.26316261 -31.78383255
v 15.86342716 -8.01228523 -31.82122231
v 16.68357086 -7.92750072 -31.84839630
v 14.24067497 -8.79914761 -33.39642334
v 13.59046745 -9.36056805 -33.35234451
v 13.71000862 -9.21822453 -31.67872238
v 14.34720802 -8.67033863 -31.73433113
v 12.40498638 -12.70976257 -32.89561462
v 12.51059914 -13.68370438 -32.46337128
v 12.58558750 -14.32266808 -33.91176605
v 12.75631523 -14.14288235 -31.53105927
v 13.64539337 -15.61549759 -31.48218918
v 13.19234943 -14.87740040 -31.20424461
v 12.93610096 -15.23180962 -31.90821838
v 12.55119991 -14.77076149 -32.22234344
v 13.31199551 -15.95052814 -32.04619217
v 16.76114082 -17.03703308 -31.69696808
v 15.97646427 -16.98355484 -31.74905205
v 15.09594345 -16.59299469 -31.76877213
v 15.42012596 -17.15251923 -32.46911240
v 20.80936050 -14.22503376 -34.02266693
v 21.11195183 -14.90515232 -33.96429443
v 20.49823952 -16.26333618 -34.36317444
v 18.41138268 -16.54875946 -31.75908279
v 19.13410378 -16.01224709 -31.33305359
v 19.75255585 -15.43624020 -31.25543213
v 17.54484367 -16.95996475 -31.74109840
v 20.94349480 -13.03487968 -33.63174438
v 20.88187408 -11.59297752 -33.40600586
v 20.62694168 -10.77283382 -33.44724274
v 20.57675552 -10.52990818 -31.05126381
v 20.81609917 -11.35616112 -30.99776077
v 20.86802483 -12.70347023 -31.28039360
v 20.22350502 -10.00313854 -33.47573090
v 19.68488693 -9.33049774 -33.50427246
v 19.66877174 -9.09952641 -31.13194084
v 20.18258667 -9.89365673 -31.77319527
v 13.06053925 -10.04400349 -33.30284500
v 12.66852951 -10.82428360 -33.25908279
v 12.80107689 -10.65545273 -31.55180931
v 13.18834686 -9.88933849 -31.61426544
v 12.42986965 -11.66075325 -33.21911240
v 12.56157398 -11.49065781 -31.48956299
v 13.02839279 -15.47263718 -34.27468491
v 12.27254391 -15.02229786 -33.86181641
v 15.01916409 -16.81922722 -34.25353622
v 15.93479633 -17.32995987 -34.47914886
v 15.37352085 -17.48291397 -34.12828064
v 16.77910042 -17.96571159 -34.51794815
v 14.26442432 -16.15985680 -31.59204292
v 20.66654396 -14.07263279 -31.64091110
v 20.25926208 -14.79503822 -31.28018188
v 20.56635475 -15.22180367 -32.06388474
v 20.88013649 -14.68050003 -32.33840561
v 20.03787422 -15.73582840 -31.96756744
v 19.02793884 -8.77697659 -33.51670074
v 18.27988815 -8.36701012 -33.52275848
v 18.29342270 -8.26800728 -31.86124611
v 19.03273201 -8.55158710 -31.15542793
v 17.47017097 -8.11302567 -33.51522827
v 17.50382042 -8.01481247 -31.86050797
v 14.77544785 -20.04803848 -22.44048500
v 15.39050388 -20.15994263 -22.05995750
v 16.03333855 -20.11246872 -21.57926559
v 17.79329872 -18.67911911 -18.26055527
v 17.39217949 -19.11484337 -17.59505653
v 16.75297928 -20.51227188 -17.66520119
v 16.41572380 -20.95807457 -18.03976631
v 16.34206390 -21.02040672 -19.01191139
v 14.21544933 -21.80138969 -19.90706444
v 14.82358074 -21.71323586 -19.40657234
v 11.44007301 -16.49026489 -23.19347382
v 12.94101143 -18.09071541 -23.56031036
v 17.94845200 -19.55656624 -19.53259087
v 17.96779251 -20.12013054 -19.00416183
v 17.62282753 -18.92480278 -20.94807625
v 17.91535568 -18.68073082 -19.43955231
v 17.73452950 -20.36400414 -18.44503212
v 17.59660912 -20.20575905 -18.07898521
v 13.63125420 -19.19176865 -23.14459229
v 12.41754627 -19.92523193 -22.19856071
v 14.16863346 -19.79041862 -22.74349785
v 11.61620235 -11.53226089 -22.92196465
v 12.78254032 -9.70386600 -22.44006538
v 11.21455574 -13.67551517 -23.55490112
v 11.97334957 -10.69378948 -22.41215324
v 12.59106445 -9.85742569 -22.05721855
v 14.16026115 -17.17974472 -24.88806915
v 13.03307629 -16.32215691 -24.76521111
v 14.97737789 -17.29754639 -24.94044113
v 15.72292709 -17.47414589 -24.79493904
v 17.40005302 -20.39416695 -19.81376266
v 17.57001495 -20.62151718 -19.28513527
v 18.81459427 -16.15240097 -23.99110222
v 19.71350098 -15.23135471 -22.80185318
v 19.66850853 -15.49669456 -23.20428276
v 19.57719421 -14.88751125 -23.30992126
v 19.75708580 -16.26018906 -22.99183464
v 19.48261642 -15.81940269 -23.50403023
v 19.31631088 -15.29500294 -23.77734184
v 17.34320450 -20.86623383 -18.71639633
v 17.91731644 -9.34261036 -21.42370415
v 18.49469376 -10.02573013 -21.38642120
v 16.90179825 -9.59380436 -20.48433495
v 17.49002457 -10.28819370 -20.23398399
v 18.02390289 -11.10423088 -20.15320206
v 15.58042622 -8.78661442 -21.09889030
v 16.26122856 -9.09173298 -20.76733589
v 16.14210892 -9.47163010 -20.08042526
v 16.73317909 -10.07028198 -19.70147514
v 15.48974323 -9.10268593 -20.47422409
v 17.25947380 -10.94856453 -19.34611702
v 18.11516380 -11.96840000 -19.73886490
v 13.28355885 -9.32512665 -21.66868401
v 14.02681732 -9.02011395 -21.27456856
v 14.77355194 -8.95028496 -20.86296844
v 11.87318802 -14.88203430 -24.34018326
v 11.53605175 -14.10833740 -24.06107903
v 11.32182598 -15.01947975 -23.57722855
v 16.45560074 -17.51045609 -24.57155037
v 17.37694740 -17.24973106 -24.20623970
v 18.94346046 -16.67790222 -21.67801094
v 16.68367767 -18.54630089 -23.37890625
v 19.13779068 -12.19952869 -21.11784744
v 18.98981285 -10.81090832 -21.45340538
v 14.87100220 -8.92505360 -34.26201248
v 13.45892048 -9.93125629 -34.17659378
v 16.20825195 -8.37854290 -34.30635071
v 12.86942482 -11.41086292 -34.13275909
v 12.58832645 -13.01619816 -34.10840225
v 14.44126034 -16.06901550 -34.40361786
v 17.01624298 -16.29913330 -34.44189072
v 18.49300766 -16.78942108 -34.23773575
v 20.25093460 -11.78366089 -34.30607224
v 20.61530304 -13.51400375 -34.28300095
v 19.87815285 -10.06691170 -34.32331085
v 17.78726578 -8.69217300 -34.34325409
v 18.89734077 -9.04307365 -34.34210968
v -0.40812373 -27.94589043 -26.18237495
v 3.49369216 -30.92855453 -25.72845078
v 8.37000561 -27.68176842 -22.05323601
v 8.41277313 -27.98075104 -22.73533440
v 8.01278496 -26.80430222 -21.98283386
v 6.69262362 -28.68030357 -23.89970016
v 7.43992472 -28.84310341 -23.55383492
v 7.46524143 -29.26842117 -23.13687706
v 7.45973825 -26.61029816 -22.84260750
v 7.03671122 -26.95118713 -23.59308052
v 6.20337534 -26.57912445 -23.50792694
v 10.91210938 -27.08578873 -18.51284790
v 11.38525677 -27.53876686 -19.59644318
v 9.86616707 -27.20968819 -19.38498116
v 10.41610718 -28.07264519 -20.01346588
v 10.81243515 -28.69303322 -19.92903709
v 9.92693806 -29.09148026 -19.92570686
v 11.18543339 -29.15096092 -17.75554085
v 11.73804665 -28.39865875 -17.59567451
v 10.69431591 -28.17844200 -16.65502930
v 11.15454769 -27.31466866 -17.13366508
v 11.54624176 -27.18628120 -17.81849861
v 10.45707798 -27.89338684 -11.80788803
v 11.20870972 -27.70180702 -12.12527657
v 11.67976379 -27.62923813 -12.56568241
v 10.30809975 -27.21600723 -12.68237877
v 11.19012070 -27.58334541 -13.80664062
v 11.81834126 -28.29118919 -13.96707344
v 10.69284153 -28.43353271 -14.88319302
v 10.43249130 -29.06218147 -12.01058102
v 6.04676104 -28.92791557 -8.28464794
v 6.92441130 -29.21502304 -7.90780544
v 7.31104946 -28.88252068 -8.04935837
v 6.53134871 -28.51863289 -8.48286533
v 7.59478760 -29.34572792 -7.54044151
v 8.00512314 -29.19174767 -7.55623960
v 7.93566322 -28.77224922 -8.18867397
v 8.13772392 -28.35622597 -9.79981422
v 8.51751614 -28.76993179 -9.09320736
v 8.85015011 -29.06164742 -9.18662834
v 8.87087250 -28.98457909 -8.54542637
v 9.05070972 -29.52551270 -9.13865376
v 8.58745003 -29.23187447 -10.47387695
v 6.56971264 -30.03142929 -8.03700924
v 6.53313923 -29.53070068 -7.94640589
v 3.54683208 -29.43493652 -7.21878719
v 3.58158851 -29.90909767 -6.59169865
v 3.92596602 -30.24007225 -6.59628010
v 3.65584064 -30.18609428 -6.07330227
v 4.08618736 -30.74393463 -6.54835844
v 4.23342800 -30.36377335 -7.69947815
v 4.07565498 -31.50683594 -7.87578726
v 3.94800472 -31.51431465 -6.78117323
v 3.55588984 -31.82985878 -6.97580862
v 3.54082870 -31.96066856 -7.75498295
v 3.65805244 -31.76350594 -6.25835371
v 3.04631448 -32.03860855 -6.63925171
v 2.09807181 -29.62094879 -6.51536608
v 3.21375060 -29.99224854 -6.08288670
v 2.85307455 -30.26413918 -5.60819912
v 12.16924858 -28.50083351 -19.58751678
v 11.84032726 -28.89294815 -19.55391884
v 12.20621681 -28.06006050 -19.52706146
v 12.43208027 -27.84867859 -18.94805336
v 12.40137959 -28.55191422 -19.11693764
v 11.64948368 -29.14156151 -19.04816246
v 11.86465740 -40.30155945 -14.22872066
v 11.52204418 -36.77484512 -11.31150436
v 11.99810028 -38.17120743 -11.79324818
v 11.98898983 -36.92442703 -12.21072006
v 12.20474243 -39.40084457 -12.13544083
v 12.43192291 -39.25792313 -12.74536133
v 12.06640148 -38.10098267 -13.20596218
v 11.34057331 -35.28411484 -9.41620445
v 11.03735065 -35.67722702 -9.22909927
v 11.08527279 -35.43735504 -8.08917046
v 9.88670540 -36.41527557 -9.85100079
v 10.29034615 -30.85149193 -14.53223896
v 10.48167038 -30.58705711 -16.60015678
v 9.88033295 -30.28888893 -19.56092262
v 10.35232830 -30.44709969 -18.17775154
v 10.62219715 -32.56387711 -19.54494095
v 10.93896294 -35.40156937 -20.17911530
v 11.31733227 -38.58956146 -19.79064941
v 11.09738445 -34.93131256 -12.79225636
v 10.56466484 -33.98148727 -12.89660454
v 11.20507622 -34.36336136 -12.38376427
v 10.50850105 -33.64169693 -13.60041332
v 11.54100227 -36.51485443 -18.67853355
v 11.15312672 -34.51468277 -18.70993233
v 11.79781723 -35.88578033 -16.87091255
v 11.73790169 -37.59872818 -15.52850151
v 11.97583771 -37.08438492 -16.22572327
v 11.37759399 -36.94553375 -14.51057529
v 11.37089252 -35.40526199 -14.92307091
v 11.53610420 -35.00811768 -15.73503971
v 11.63210487 -35.07688904 -16.22742081
v 11.59371567 -37.51710129 -15.04043865
v 11.99070835 -36.39251709 -16.34493065
v 11.83993626 -36.63527298 -15.85732174
v 11.92964077 -35.76290894 -16.25327682
v 11.80683517 -35.61366653 -15.58116341
v 12.01221371 -36.86189270 -16.09455681
v 11.90530491 -36.98999786 -15.46295929
v 11.68342400 -36.39960861 -14.87837410
v 11.80173302 -36.04181290 -15.28684044
v 11.86106300 -36.86518478 -15.64866161
v 8.81842136 -48.58778763 -15.95263481
v 7.86961269 -49.97496033 -16.33407211
v 7.74655676 -49.01497650 -15.16419220
v 17.01775932 10.64776421 -3.93994761
v 16.07881165 13.11651707 -3.85216141
v 15.03706837 15.54335308 -4.50273705
v 13.13989925 -17.56617165 -4.51684999
v 13.72275257 -17.09538078 -4.88547802
v 13.65637302 -15.29713631 -4.14095497
v 12.67627048 -16.61795616 -3.85774350
v 14.26547813 -16.92528534 -5.56312132
v 14.39981651 -15.17972755 -5.21376753
v 12.31301403 -15.18936443 -2.30613613
v 14.64369011 -16.95119476 -6.34608698
v 14.94664955 -15.29179001 -6.44551134
v 14.99188519 -16.18339539 -7.51874495
v 15.93199158 -14.51825142 -8.00301647
v 10.98763847 -20.28654099 -5.65538359
v 10.45918465 -20.79872131 -5.87237406
v 11.24962711 -19.15711784 -4.49525928
v 9.58874893 -22.30398750 -6.72672176
v 12.64656925 -18.35651016 -4.58436155
v 11.80646706 -17.65764427 -3.74683905
v 11.54210758 -21.44413757 -8.50735188
v 10.94624710 -22.10250664 -8.71583748
v 12.82403755 -21.00125694 -8.76407528
v 12.87006283 -20.87318611 -10.26670742
v 11.42061806 -22.46097183 -10.14213753
v 14.71678352 -17.27853775 -8.28538609
v 14.19322681 -18.62971687 -8.97872162
v 14.43104458 -18.45372200 -9.46510029
v 15.16124344 -16.92175865 -8.95065308
v 13.53812218 -19.86419868 -9.81045151
v 13.72022438 -19.86103821 -10.54286289
v 8.10581112 -17.54394913 0.04802695
v 7.84171581 -16.13305283 0.70402658
v 6.69912720 -17.17563629 0.65573633
v 9.19647503 -17.87676811 -0.31333369
v 9.26138020 -15.76653099 0.03609920
v 5.84886074 -15.75915813 1.99048519
v 9.96701336 -18.15571404 -0.84734386
v 10.47569370 -15.66002274 -0.86746043
v 10.99753857 -16.77551842 -2.11950493
v 6.89971352 -22.06069183 -4.02999830
v 5.04683161 -21.45361710 -2.31529903
v 5.53710651 -22.86896324 -4.13023853
v 9.15703297 -21.00978851 -4.10925293
v 8.68250275 -21.48421288 -3.41965556
v 8.33488750 -21.82972145 -4.89990711
v 9.20548058 -21.31037712 -5.17490339
v 8.14367485 -22.80784988 -5.84138298
v 9.83828259 -20.59502983 -3.07672620
v 10.55908203 -19.25943756 -3.82741070
v 10.97478962 -17.90309715 -3.03096390
v 6.73198795 -20.79087639 -1.31047213
v 5.48834276 -20.89351273 -1.86757421
v 5.38702297 -19.68662453 -0.61571389
v 5.71378517 -18.20668793 0.37305143
v 0.56821358 -18.45688248 2.46201301
v 1.46798158 -18.50975418 2.63853312
v 1.02144158 -16.28245163 3.45628142
v -0.04655243 -17.52920341 2.91173911
v 3.00068355 -16.32959557 2.80932617
v -1.15169883 -15.98012447 4.00687981
v 4.44997072 -17.34036064 1.59162986
v 1.28611636 -22.19755936 -0.24740198
v 1.36444974 -22.62527275 -2.00538826
v -0.28626588 -22.36149406 -1.28830183
v -1.39910078 -23.54605293 -2.34299874
v 1.23808944 -23.33543587 -2.75968003
v 3.57316279 -22.00266075 -2.19818068
v 3.54130268 -21.18388557 -0.02619889
v 4.47114038 -19.80132103 -0.26667595
v 4.64976692 -18.46720314 0.68933415
v 0.15155873 -19.27302361 1.95404375
v -1.12070787 -18.67060661 2.18904400
v -1.18358517 -20.14964867 1.02802420
v -1.21873641 -21.46501732 -0.26680759
v 1.91586113 -7.56872082 6.80517006
v -0.29511294 -6.41075468 7.53380585
v 4.22447586 -9.30611610 6.21401262
v 5.08643293 -9.37504959 5.52457333
v 5.74385452 -8.35173893 5.30476570
v 7.11272764 -6.59706974 5.17248106
v 2.52194142 -15.10984612 3.74610186
v 0.20084953 -14.44694805 4.70706224
v 3.69986534 -14.19596481 4.10061646
v 4.93055582 -14.30876541 3.22075438
v 5.92611456 -13.14479733 3.38384581
v 6.41257191 -11.40281868 3.97746873
v 5.43568134 -10.35222912 5.09696531
v 6.43855953 -9.56141663 4.63070345
v 1.21589279 -10.54639053 6.76084614
v 0.18052234 -9.65120506 6.69754744
v -0.58174747 -11.33280563 6.18660307
v -0.54967684 -9.25856304 6.86995983
v -0.13165282 -13.05911636 5.46127462
v -0.94421399 -13.35033321 5.37701702
v 9.60423088 -8.66391373 3.37526226
v 8.73274231 -7.57568455 4.02475834
v 11.56542301 -7.11263561 2.22033787
v 13.87578583 -6.18262672 0.44561845
v 9.14233971 -13.68941784 1.86857474
v 7.76693678 -14.47048759 1.73355162
v 8.10096645 -13.50957966 2.28665137
v 12.21996117 -13.17971039 -0.97936529
v 12.03348923 -12.16609001 0.38484752
v 13.08934402 -10.81685925 -0.58906734
v 13.30878353 -9.05281639 -0.00953166
v 7.80753851 -12.58421898 2.93891215
v 7.02225590 -12.96169376 2.94712734
v 7.48546314 -9.67416477 4.07449675
v 15.29089546 -6.30901337 -1.44623244
v 14.54658318 -7.77457285 -0.93189126
v 16.05866814 -6.17838764 -2.60970116
v 16.64186287 -7.97826576 -3.68575215
v 16.65866280 -6.39295530 -3.93478680
v 16.88157654 -8.44631767 -4.46555805
v 16.91738701 -7.46503067 -4.97900438
v 17.53826141 -5.75386000 -5.74237967
v 13.55170918 -13.55191994 -2.68740249
v 15.75936890 -13.08776474 -5.09222555
v 15.35798550 -13.79805756 -5.84907150
v 15.89333820 -13.12230968 -6.56220818
v 16.94087410 -9.34229469 -5.03945923
v 16.92391586 -8.74406433 -5.71836615
v 16.71348381 -10.31104851 -6.20822001
v 16.95780373 -10.73815632 -7.28625917
v 16.35844231 -11.86486816 -6.54451418
v 14.43799591 -11.86971283 -2.07537508
v 13.57024574 -12.28078556 -1.87410414
v 13.82449341 -10.69368458 -1.30483735
v 14.10433483 -9.08625603 -0.91040558
v 3.43474960 2.97482705 7.73337841
v 1.35560274 1.52717268 8.31835175
v 0.10995643 3.38537312 8.42588520
v 4.88205481 0.59923095 7.87826300
v 5.71425867 0.43329576 7.24922514
v 6.22823143 1.45765996 6.83235979
v 7.37529612 3.28921390 6.31196260
v 1.10356653 -4.73012781 7.73328638
v 4.70632505 -4.50515938 6.96685648
v 4.88305569 -5.40850830 6.41981268
v 6.02643394 -4.85440779 6.07256508
v 6.94921494 -3.61255336 5.95312977
v 7.24503899 -1.70948541 6.15387392
v 6.17209482 -0.54620123 7.02004433
v 7.23432255 0.13649765 6.33300066
v 0.85848171 0.13776150 8.41050816
v 0.35193431 -1.54813182 8.35447693
v 0.04697372 0.55199391 8.48549747
v 1.48156810 -2.86223745 8.25568485
v 0.71345294 -3.29110980 8.09285641
v -0.11185223 -3.59559631 8.09843826
v 9.25424480 0.56579113 5.50909090
v 10.08576393 1.12578952 5.08485317
v 9.52824116 2.70146322 5.21592665
v 8.57028198 1.53254414 5.73448086
v 10.91041183 3.00881982 4.36479139
v 12.15645218 3.00579166 3.42597485
v 13.93150139 3.34724641 1.83955848
v 10.25559711 -4.29240847 4.51500654
v 8.40640068 -4.93413687 4.92370987
v 12.10289574 -5.34657860 2.39365888
v 13.46621323 -4.00182438 1.50889921
v 13.26818180 -0.37105030 2.68171525
v 13.88500118 0.37152424 1.91949797
v 8.00227928 -3.46404886 5.48560429
v 9.17899227 -0.62682539 5.73047829
v 15.65351963 0.76800984 0.49016976
v 16.64418030 0.95011199 -0.04291882
v 15.42131042 3.05613565 0.05650539
v 14.88951206 1.65313804 0.85068786
v 17.16636848 1.08376598 -0.80313480
v 16.22531509 3.06058574 -1.11638963
v 17.21460533 1.29114544 -1.96794629
v 16.94250679 2.73569274 -2.41303825
v 17.42819977 1.61248374 -3.34198046
v 14.83369160 -4.47809172 -0.11933012
v 17.46442986 -3.48890495 -3.37115455
v 17.53378487 -3.75231600 -2.32993889
v 16.82017517 -4.82207394 -3.47026300
v 17.26737213 -4.20256853 -4.34875584
v 17.81512833 0.36125532 -4.38390684
v 17.65801239 -1.30820775 -4.21331120
v 17.78292465 -2.20318341 -4.99759388
v 18.20500374 -2.39739776 -2.79699039
v 17.53710365 -2.90247059 -4.42922211
v 14.63136768 -3.11838126 0.57948303
v 16.29616928 -0.38832313 0.78817910
v 14.66338539 0.27278462 1.09640467
v 3.00864196 12.63474083 6.02630234
v 1.29609561 11.30644894 6.86406183
v 0.24940309 13.00319099 6.51123238
v 4.39725685 10.78694725 6.88912868
v 5.10202074 10.51274109 6.31849241
v 5.41746092 11.35616112 5.64832687
v 6.23065376 13.05153370 4.76730633
v 1.30968225 5.08264112 8.18785763
v 4.83039427 5.38702250 7.47429895
v 6.14249897 5.01586676 6.71524143
v 5.62852669 9.53050518 6.41728497
v 6.48993111 10.05822277 5.58505487
v 6.76766586 8.27614307 5.94315052
v 6.79686642 6.31575394 6.27194023
v 0.49280280 6.37815762 8.12066174
v 0.45530811 8.30418491 7.79474211
v 1.88853335 9.45793819 7.96362638
v 0.34780040 10.06132984 7.32929659
v 7.81262016 12.08224010 4.28562832
v 10.07174301 12.39112377 2.70098925
v 10.60447693 10.69226265 3.46557593
v 11.27322006 10.18803215 3.06851101
v 11.81283855 13.03763103 0.87175226
v 8.95755291 4.70227003 5.40076685
v 11.69150734 5.35879612 3.78222752
v 8.38912773 7.03215599 5.56533337
v 7.77267694 6.50628233 5.79198647
v 12.24176311 9.73558140 2.03572106
v 16.07164955 5.84559536 0.23144566
v 15.09478569 5.97282505 0.70597506
v 14.56059074 5.03998566 0.94105434
v 16.74771309 4.36402750 -2.18996549
v 17.13814163 4.92033958 -3.07825351
v 14.64474297 7.02973366 0.98781741
v 14.02081394 6.49164248 1.25175500
v 13.61900997 8.25084019 1.17402720
v 13.11651707 11.35036850 0.33829507
v 17.18327332 8.26974583 -2.02366185
v 17.29949570 7.12215424 -2.00733685
v 16.96878433 8.13530159 -3.24403071
v 13.72664928 12.67741585 -1.09761584
v 15.02758980 12.53587532 -2.45516706
v 15.92619896 11.37733078 -2.91668916
v 16.60921478 9.49796104 -2.41630316
v 16.53791046 9.94926643 -3.16672421
v 11.37072182 15.98949432 -0.36550114
v 9.93802357 19.87051773 -1.08800519
v 10.81269836 19.62775040 -1.72338808
v 8.71194077 21.93693924 -0.56568581
v 10.92834187 20.11223221 -2.31213951
v 10.53893948 21.05482674 -3.03428149
v 9.90152931 22.27460289 -2.89364982
v 13.99169254 14.20507526 -2.26790404
v 14.68982124 14.82621384 -3.46489143
v 12.89397144 18.76205444 -3.81435061
v 13.02836227 18.48621559 -4.79047728
v 14.31339931 16.08776283 -4.08397579
v 9.71782112 14.68397617 2.07326865
v 6.62074804 21.03738976 1.81136501
v 4.90053892 21.23886490 3.04455042
v 7.98160982 21.12635231 0.53098214
v 5.89514971 17.79856491 3.25123215
v 4.65587568 15.37525845 4.80954075
v 4.01904440 15.21432590 5.32646227
v 4.70811558 14.31913948 4.94656515
v 1.99606407 20.04076958 4.42963982
v 0.56895083 20.83864021 4.72001696
v 4.39414978 19.67261696 3.52639961
v 1.50768805 15.98602200 5.58997869
v 1.08660972 18.28109932 4.96141529
v 4.90527868 18.66078568 3.47721410
v 4.77847052 16.40141296 4.68278551
v 5.78052616 25.49842453 2.34401250
v 6.42781687 25.40888786 2.11018395
v 0.48516694 -25.68978119 -2.96819162
v 1.08874249 -25.39006233 -2.83614397
v 0.40875566 -24.09889030 -3.09141874
v -0.49838489 -24.56367683 -3.19842625
v 1.78689730 -25.04273605 -3.05271292
v 2.10196877 -23.90293884 -3.44335294
v 2.58571386 -25.02988434 -3.34540343
v 3.24866486 -24.86416054 -4.08050013
v 3.55557394 -24.15576363 -4.10661983
v 1.93429577 -27.94083405 -5.16695213
v 0.94863755 -27.96326828 -5.47444010
v 1.45708072 -28.13012505 -6.30311537
v 0.23118235 -27.76557922 -5.18143368
v -0.25330001 -28.02919960 -5.79904318
v -0.97717988 -29.00037766 -6.27868080
v 1.47643363 -28.63103867 -6.65478659
v 3.27215171 -27.32069778 -5.92753649
v 2.63747978 -27.70902061 -5.89120007
v 3.58127260 -27.43750000 -6.70028591
v 4.42795801 -28.12546539 -7.48304081
v 3.70607948 -26.13677025 -5.30392313
v 3.54330397 -26.96370888 -5.17953777
v 3.93547130 -26.32108498 -6.07414484
v 4.33543253 -26.26499939 -6.32070446
v 3.54361963 -25.75013161 -4.30267715
v 4.12115431 -24.79912567 -4.97052574
v 0.18331337 -26.92047310 -3.72324681
v 0.04929082 -26.13977242 -3.44298434
v -0.87902611 -26.12226868 -4.33660412
v -0.19832180 -27.30711174 -4.78257799
v -1.17676556 -27.54050446 -5.42693949
v 5.86149931 -24.47425842 -5.11718702
v 6.88059759 -24.39958382 -4.99711943
v 6.09131241 -23.43915176 -4.91991854
v 5.23093510 -23.94332886 -4.80817127
v 7.57119560 -24.22401428 -5.28749275
v 7.09429646 -23.22492599 -5.37670088
v 8.00291157 -23.80620003 -6.06266499
v 8.48486614 -24.01926613 -6.67458725
v 8.66960144 -23.39786530 -6.78591251
v 7.42877340 -26.71652985 -7.57377577
v 6.53774738 -27.07777214 -8.21345043
v 5.81410408 -26.75764465 -6.85479355
v 5.17290258 -27.07108307 -7.31336641
v 6.26304007 -27.65604401 -8.44184208
v 8.12761307 -26.22713661 -8.31045246
v 8.15078354 -26.36974335 -9.21875191
v 7.62406731 -27.32238197 -9.34303188
v 8.66401958 -27.05128288 -10.31147003
v 8.57870770 -25.15727234 -7.87462902
v 8.41693306 -25.75982094 -8.22450924
v 8.73378849 -25.24702072 -8.91517353
v 8.76902485 -24.79201698 -6.93099451
v 8.76628685 -24.06961060 -7.70558643
v 5.97429943 -26.43936157 -6.01684952
v 4.80848742 -25.88046837 -6.19645023
v 6.14868689 -25.98966026 -5.46482944
v 5.98362064 -25.30035210 -5.20239258
v 11.77776623 -23.42977715 -11.51109028
v 12.00089169 -24.18151665 -11.84812069
v 11.12876415 -24.25424004 -13.20275021
v 11.78671837 -22.98026276 -11.68455601
v 11.76207256 -24.75009727 -12.18957615
v 11.57491589 -23.61177444 -13.04352951
v 11.79780388 -25.27323341 -12.08657074
v 10.90959454 -25.46376038 -12.55462360
v 10.46597767 -25.65144539 -13.53433037
v 10.39025116 -26.43030357 -14.89193439
v 10.52880192 -25.44348717 -9.64657021
v 9.17925549 -25.52705956 -9.74251938
v 9.28542042 -26.02976227 -10.46713638
v 9.70065308 -23.58059883 -8.39007568
v 9.63266754 -26.21639442 -11.20070553
v 10.00066376 -26.13929749 -12.03085518
v 9.65015125 -26.65205956 -11.93227386
v 10.26902485 -25.99395370 -12.87690926
v 10.17170715 -26.46832466 -13.43774986
v 10.49062252 -22.78130913 -8.77671432
v 11.66759872 -23.16331291 -10.73918343
v 2.02650547 -32.31655502 -7.31199741
v 2.78133678 -32.73336792 -7.92809296
v 1.34507048 -32.14403534 -7.07881403
v 0.94674170 -32.62567520 -7.33590555
v 0.28225046 -33.54658508 -7.39846706
v 4.69044733 -31.41233444 -8.42764950
v 5.49950695 -32.45842361 -8.91279030
v 0.75842553 -29.95501709 -6.55515146
v 1.37629855 -29.09995842 -6.77027273
v -0.06319005 -30.24163818 -6.74281645
v 2.90004826 -28.85429573 -7.14948511
v 3.73851871 -29.02997208 -7.48451519
v 4.59522295 -30.05245972 -8.13108826
v 4.18453217 -31.08396721 -7.26370716
v 0.60865730 -31.10745430 -6.71197653
v 0.53703815 -30.48068047 -6.59506893
v 1.17244732 -31.69636345 -6.59575367
v 0.37947607 -32.00300980 -7.12842083
v 7.86599255 -30.93835831 -9.38136959
v 7.02889109 -31.11851311 -9.32323074
v 6.71934891 -31.55559921 -9.57484627
v 7.49936581 -31.41994476 -10.11430645
v 6.49353838 -30.93946457 -8.94133282
v 6.02243185 -31.38318825 -9.10626698
v 7.41700363 -31.88265228 -10.02433491
v 8.47854710 -30.34386826 -10.49704742
v 8.12582207 -30.78453636 -10.17865849
v 8.23493671 -31.11577415 -10.68167782
v 8.76239014 -30.60433006 -11.13824940
v 9.76316261 -31.48650932 -11.90710163
v 6.41623163 -28.07506943 -8.70172501
v 5.28238487 -29.19493294 -8.27959251
v 7.69895124 -28.20561600 -9.33207798
v 7.56803560 -27.80549622 -9.51681328
v 8.14204216 -27.98391151 -10.08313084
v 8.69894028 -28.91697502 -11.00660992
v 8.81886959 -29.88798141 -9.90811157
v 9.31659603 -29.88129234 -11.81368065
v 6.52265978 -30.51096153 -8.36695766
v 2.17107344 -34.39538956 -7.91712618
v 4.17481613 -34.41657257 -8.04709435
v 4.73307657 -34.31609726 -8.52667904
v 5.19180775 -34.00881958 -8.91200066
v 5.82287216 -36.46962357 -9.37162685
v 7.93732214 -37.68572235 -10.19519424
v 6.22949553 -35.46387482 -9.38534546
v 5.19175529 -34.78341293 -8.74606514
v 2.47391438 -38.06641006 -8.47370148
v 1.80622399 -39.04447174 -8.59471703
v 4.89011240 -37.32978821 -8.91500187
v 4.54843712 -38.13049316 -9.12035465
v 1.75968468 28.44098473 5.79359961
v 1.88416243 27.47159767 5.48428774
v 2.17711639 28.39777565 5.98314667
v 6.20430994 34.40061569 -5.65280342
v 4.93298149 36.50141525 -4.45357752
v 8.13981056 33.36357498 -0.18887571
v 8.27654552 32.60305786 -2.48190570
v 7.82821131 33.15892029 1.66245902
v 2.12678528 27.20792961 5.14341211
v 3.60534024 27.76748276 4.73678255
v 2.51588511 27.54303169 5.60440731
v 3.13135576 38.81000519 -3.10399818
v 5.94207239 30.31530571 4.14632750
v 5.74349880 29.40245819 4.34067249
v 8.76558971 27.07616615 -1.60832345
v 8.62445068 26.31664085 -0.83206552
v 9.49801350 26.71183014 -1.66946304
v 6.75523090 23.46925735 1.56299210
v 6.63104963 24.15739632 2.09210801
v 1.12966013 34.69088745 -8.38995743
v 2.51381826 34.40305328 -8.29823494
v 5.73337460 32.30760193 -8.40010834
v 3.42131448 23.15904617 3.99399114
v 3.56889725 24.31825066 3.84694791
v 3.30573630 23.83480835 4.47237778
v 2.57070541 25.13594437 4.25907421
v 2.40213728 24.75209808 4.59431458
v 2.53052521 24.51364899 4.85145903
v 8.08166599 31.96908188 -5.44192171
v 8.39731693 30.22990799 -0.34292924
v 8.34917164 30.86971474 -0.05412247
v 8.59777164 30.56588745 0.38547945
v 8.19819546 31.50163460 0.99345213
v 3.31612372 28.44925117 5.53197241
v 2.98108053 29.21502113 5.80568838
v 4.92892027 27.69692612 3.87382150
v 5.72700262 27.94868279 3.47995257
v 5.72235537 28.37971306 3.96484303
v 6.22656536 28.83815956 3.39367151
v 8.66421318 30.25557137 -4.71998405
v 8.67865849 29.09485054 -2.81199884
v 7.55939913 36.46664429 -0.85658586
v 7.83305311 36.00251389 -0.23168263
v 8.10407352 31.06969452 1.97921574
v 1.60982430 39.15510178 -3.24640036
v 5.14106226 29.35381317 4.55820894
v 5.42962551 29.58362579 4.55905819
v 7.11619043 36.10224533 -2.33488894
v 7.79410362 29.44059181 1.04221630
v 8.17951012 29.63173103 -0.10827129
v 8.39755344 30.04916000 0.87129313
v 3.75788808 22.57498550 3.50994968
v 0.39734137 23.20257187 4.63345528
v 1.99216378 25.76847839 4.50001192
v 0.66468871 26.09969711 4.91654825
v 3.27278376 24.95853043 3.96738386
v 3.99708486 25.22839165 3.47273803
v 4.11083269 26.38490868 3.81814241
v 0.78828442 24.63808823 4.61611605
v 5.35869074 22.61826897 2.55511785
v 7.58486080 23.07992363 0.41586491
v 7.21511412 25.17280769 0.75331080
v 5.08099031 26.20153618 2.95336270
v 7.04974508 27.51743889 1.08524048
v 7.57003689 26.06236076 0.08125611
v 9.63266754 25.89816284 -3.49518466
v 9.99519348 24.61468697 -4.82569456
v 9.39320469 26.83661079 -4.44297981
v 8.44895172 24.02000427 -0.91477644
v 9.26351357 23.93806267 -1.98311269
v 9.56439304 23.26500130 -2.77840114
v 8.34255600 28.15793991 -1.63839626
v 8.93490791 27.21432304 -2.64422059
v 7.55745077 28.33213234 0.36641613
v 3.71121716 30.92795563 6.16984987
v 1.85996461 29.34980965 6.12272501
v 0.91980553 28.12367439 5.65617371
v 4.31647444 29.48027802 5.02460861
v 7.49357271 31.16072083 2.35255694
v 7.28158569 32.00390244 2.71235085
v 8.19166183 29.82160759 -0.91538864
v 7.16762686 30.03502274 2.27502656
v 6.60602570 -41.48942184 -10.08831120
v 5.98642492 -41.14914322 -9.38807011
v 5.34675789 -42.68682861 -9.95275879
v 5.55547237 -42.04444504 -9.43284512
v 8.88114071 -38.94248581 -10.63431072
v 8.94875813 -40.58414078 -10.88888550
v 5.72545910 -45.19443893 -10.98258972
v 6.22751474 -46.58676910 -11.99805069
v 6.77936316 -44.96279907 -11.27665234
v 7.23898268 -45.39252090 -11.72868633
v 11.16861057 -38.53247070 -11.31238270
v 10.63143826 -39.35382080 -10.97973919
v 12.34724331 -40.46291351 -13.68567848
v 12.00415611 -42.12453079 -14.27838039
v 10.89748955 -33.98920441 -11.19511032
v 10.43148518 -33.02900314 -12.47784328
v 5.18718672 -40.15807724 -9.29002190
v 5.38728571 -40.61665726 -9.08354378
v 6.08207035 -40.16366577 -9.70457649
v 11.71362495 -37.70136261 -13.36939621
v 12.20600605 -41.40919495 -13.44396400
v 12.15471458 -40.61162949 -12.56452370
v 11.84622574 -41.85074615 -13.02309608
v 11.38586235 -35.30907440 -11.28527927
v 3.88602257 -36.06839752 -7.13221216
v 4.40181160 -36.27714539 -7.30415106
v 4.04089880 -36.68058014 -7.28661489
v 4.82849884 -36.25566101 -7.48630571
v 4.66356421 -35.63852310 -7.36286783
v 4.71622515 -34.85882187 -8.06810570
v 1.67346525 -30.42285919 -5.83832836
v 2.33657408 -30.40011024 -5.52710104
v 2.38470650 -32.09822083 -6.63730288
v 2.44558287 -31.95708847 -5.98530579
v 1.84787893 -31.95635033 -6.47015667
v 7.23763990 -30.72534561 -8.39428902
v 7.90511942 -30.58966255 -7.81438446
v 8.96408176 -30.41343307 -8.75770378
v 8.72752857 -30.26550865 -9.60875988
v 8.47112179 -28.81227112 -8.42477989
v 8.47707176 -30.61970711 -9.34650707
v 8.62273312 -30.69638062 -8.26684856
v 11.15644360 -30.04796600 -13.58672810
v 11.02239513 -30.07756042 -13.03576183
v 10.03289223 -30.64087677 -13.24142933
v 10.19235039 -30.04433060 -12.65826035
v 9.79844475 -30.40232086 -12.49469471
v 10.67135620 -29.67191124 -14.89246082
v 11.02281666 -29.94127274 -14.21055222
v 10.39930820 -29.90551567 -15.53145123
v 9.52544975 -27.12521935 -11.82526684
v 9.09936905 -27.90407753 -11.34094143
v 9.90513611 -26.93816757 -12.59854221
v 11.15288925 -27.40161133 -13.25301552
v 10.16623020 -26.88308334 -13.53527832
v 10.29935741 -27.14091301 -14.36753464
v 10.37233925 -28.49862862 -15.54111481
v 11.30207825 -29.07681465 -14.54434490
v 10.44680882 -29.56838036 -18.83256721
v 10.59489155 -29.57670021 -18.11353111
v 10.11314774 -29.89487839 -18.83878136
v 10.41026211 -29.68128586 -17.12013245
v 10.61274433 -29.29385757 -19.47034454
v 9.77569580 -29.73352432 -19.66566658
v 9.43982315 -29.36342239 -20.27579689
v 9.04191494 -29.75722313 -21.06940079
v 10.05722141 -26.74571800 -17.44289207
v 10.34985924 -27.46203995 -16.04194832
v 10.02717876 -26.45960999 -17.24894142
v 9.02112675 -27.28403091 -20.21910858
v 10.19398308 -27.62802696 -19.82723045
v 9.16590595 -27.96081924 -20.27814674
v 11.23690987 -27.66086197 -17.02934456
v 13.15380192 -25.20603752 -11.05883694
v 12.76337242 -25.82696533 -10.97721195
v 11.89772797 -25.53769684 -11.74395752
v 11.08105946 -29.79461288 -12.56768322
v 11.78271675 -29.68128586 -12.42665672
v 11.86223507 -29.36921501 -12.17103958
v 11.79119492 -29.44752312 -14.06162643
v 12.60696793 -28.73728180 -12.67858791
v 12.53661346 -28.23521042 -12.54956722
v 12.33613205 -28.57924652 -12.19247246
v 12.62097645 -29.15056610 -13.28429604
v 12.25424385 -29.57196045 -13.50378704
v 12.67047787 -28.65997505 -13.15864658
v 12.57642460 -29.25567818 -12.83815098
v 9.57695198 -19.39446068 0.03444038
v 1.07017946 -19.31989288 2.56312227
v 1.40963304 -19.91928101 2.73953700
v 1.85440886 -19.88557816 2.84275293
v 2.24178410 -11.22745705 7.24237919
v 2.88561916 -11.33520222 7.31757927
v 2.81210423 -12.05507946 7.13073778
v 3.46046782 -12.08635998 6.96875238
v 3.51544619 -11.33572865 7.17160273
v 2.76207614 -12.75315571 6.80423880
v 3.37589407 -12.80823898 6.64214802
v 3.97623110 -12.77316666 6.40517282
v 4.09313869 -12.08478069 6.70681572
v 4.12705231 -11.36332321 6.90619087
v 4.11293936 -10.61479759 6.85226583
v 4.72823191 -10.77370262 6.19771433
v 3.63941050 -1.07934248 9.41759968
v 3.58948779 -1.85103858 9.41149139
v 4.32421589 -1.87852764 9.23096848
v 4.33843422 -1.07017946 9.25087452
v 2.54642892 -2.60556722 8.96424007
v 3.57021379 -2.64200878 9.26972771
v 4.27113342 -2.70235825 9.09141731
v 4.95793962 -2.68540144 8.81378746
v 5.04040718 -1.89780164 8.94059563
v 4.76114511 -3.63151121 8.10470581
v 5.01702547 -1.12052345 8.97461414
v 4.93002939 -0.42581788 8.76397038
v 5.69882917 -1.03078890 8.13177299
v 5.42114687 -0.39132482 8.19454479
v 2.86539721 9.35935688 8.87761307
v 3.50491381 9.43855858 9.01958752
v 3.50554585 8.60514355 9.26688385
v 4.21520710 8.60904121 9.10984802
v 4.15770102 9.47942448 8.86929226
v 3.53503609 7.71843576 9.37167931
v 4.24280167 7.68367958 9.22349072
v 4.92444706 7.70221615 8.95091724
v 4.90380430 8.59113598 8.84190845
v 4.82676077 6.52134323 8.46137905
v 4.79216242 9.43034363 8.62726212
v 4.61427307 10.08987141 8.16889954
v 5.35247707 9.34829807 7.73181200
v 5.01328659 9.99787331 7.57151175
v 4.32179308 16.13155174 5.39097214
v 3.65799975 17.31656456 5.78090143
v 3.94189596 17.99788857 5.48507738
v 3.04212785 16.69125938 6.11827517
v 2.28749394 16.50989342 5.94465113
v 3.70270920 18.81508255 4.68820953
v 2.84572172 23.79943275 4.83972216
v 2.95997667 24.55293465 4.67525482
v 3.09110284 24.64930344 4.30894375
v 2.83392549 28.25421524 5.80040598
v 2.38460112 -27.46698952 -2.54311109
v 2.39239502 -27.90934372 -2.88035297
v 2.94454670 -27.58763695 -2.92927504
v 2.30055404 -28.14568710 -3.49869990
v 2.83685493 -28.00234413 -3.66858459
v 3.16725087 -27.76557922 -3.92999458
v 3.39587903 -27.22061539 -3.72427392
v 2.90678883 -26.88013458 -2.49150324
v 2.34605312 -26.94901466 -2.26053143
v 3.31048894 -26.64684677 -3.02675080
v 3.15940428 -25.93602562 -3.16667151
v 2.78524709 -26.26031303 -2.53131509
v 2.21208334 -26.29549026 -2.30034328
v 9.38663483 -21.11995506 -3.00937271
v 9.60707474 -21.31827736 -2.20987153
v 9.33839798 -21.56883812 -1.91718102
v 8.03303337 -21.19220734 -0.62213856
v 10.35370445 -10.95425129 3.50638843
v 10.16623020 -9.86964321 3.45973086
v 10.25659657 -11.68581963 3.33281732
v 10.93855858 -11.65148449 2.92985439
v 11.02070999 -10.89600849 3.12259412
v 9.09241772 -12.67769241 2.94923377
v 10.15085316 -12.39211082 3.03370214
v 9.92904472 -12.98486423 2.61367702
v 10.79658413 -12.38305283 2.64601088
v 11.37248611 -12.29131794 2.18491006
v 11.54352951 -11.58502674 2.43073225
v 11.60493279 -10.85988235 2.62484121
v 10.43095779 -0.57735026 5.64328480
v 11.10091209 -1.41763759 5.58666086
v 11.78355885 -2.00733685 5.10599661
v 11.08200741 -2.59514022 5.40892982
v 10.94277096 -3.31754565 5.11381674
v 12.41080570 -2.17527318 4.60342503
v 12.38979340 -1.01288414 4.74297714
v 12.94126129 -0.87859821 3.77064204
v 10.27513409 8.83953857 5.30123806
v 10.92436600 8.27243042 5.04619980
v 9.44961739 7.59447193 5.57333803
v 10.44701958 7.74813700 5.42367458
v 11.47796631 8.08264065 4.66298485
v 11.56048584 6.59038162 4.41631985
v 11.22861576 9.15492630 4.53549194
v 11.49560738 9.38418579 3.80100107
v 9.01058197 18.44408607 1.35607672
v 8.51282883 19.07880974 1.32637572
v 6.25353479 24.44526863 2.42325449
v 6.86680031 24.59856415 1.85135460
v 6.97945547 25.01785278 1.47802663
v 6.54656792 25.61573982 1.69721544
v 5.96597910 28.89963531 3.97981191
v 12.32554722 -25.72896194 -9.40833187
v 12.45130157 -23.79693031 -10.43585587
v 13.27639675 -24.33238983 -10.23669147
v 13.15464401 -24.34787178 -10.72085762
v 12.50828171 -24.01105118 -11.03313828
v 13.85503674 -21.08899117 -7.67557001
v 14.87160778 -21.25339890 -6.74346781
v 14.24330711 -19.50662804 -4.72270250
v 14.77629089 -19.33105659 -4.70063734
v 14.04187870 -18.61002159 -4.69579268
v 14.87718964 -18.15597725 -5.39945078
v 15.13006783 -18.18525696 -5.95723724
v 15.53018761 -19.29293060 -5.20576286
v 17.67844582 -10.54949856 -1.66904175
v 17.63599968 -11.22313881 -1.79195285
v 18.00768280 -11.22661495 -2.25189519
v 18.04401970 -10.52106094 -2.10412788
v 16.23384476 -11.76818275 -1.87299824
v 17.47822762 -11.87813854 -2.05136156
v 17.82758141 -11.90362644 -2.49466276
v 18.02221680 -11.84032726 -2.96692777
v 18.21348190 -11.19786167 -2.76597309
v 18.24160385 -10.51832294 -2.61515164
v 17.95217705 -9.78801823 -2.68455887
v 17.79709053 -10.18218708 -3.70128727
v 17.92721748 -9.85331821 -3.17188501
v 16.63312149 -12.67595482 -4.16349411
v 17.26768875 -8.95407677 -3.13186240
v 17.42282867 -9.30806446 -3.71513724
v 17.19001389 0.03043813 0.61782038
v 18.78116989 -2.76018023 -1.65608704
v 18.17008972 -3.02517104 -2.38976192
v 18.77326965 -2.93617368 -1.16138852
v 18.39927101 0.30327541 -1.05775130
v 18.51638985 0.08330990 -0.17156994
v 17.87897873 8.57533741 -0.61708307
v 17.88824654 8.70024967 0.05160790
v 17.98767090 7.87336493 0.03644150
v 17.95017624 7.75392962 -0.62150663
v 17.58007431 8.74901390 0.55778664
v 17.71162224 7.89327097 0.55483764
v 16.64070511 7.23521757 1.07765734
v 17.11339188 7.10777760 0.82551581
v 17.28569794 7.93413591 1.02246845
v 16.12273026 7.70242739 1.17976713
v 17.14867401 8.75733471 1.01720226
v 17.38391113 9.36467552 -1.03958333
v 17.63294601 9.49100971 0.00537144
v 17.31982231 9.55388641 0.46541902
v 16.91475296 9.52365971 0.88828790
v 15.96211433 6.72903872 0.87585986
v 13.44678211 18.17561531 -1.85021245
v 12.30822182 19.26407242 -1.65587652
v 11.72973919 18.70165062 -1.32189953
v 11.64263821 19.28376770 -1.64060473
v 13.10672283 16.20867348 -1.36581898
v 11.74121952 19.64291573 -2.07232070
v 9.99954510 25.82161903 -1.97899199
v 9.73143387 25.65478897 -1.37558758
v 9.63511658 26.60698128 -2.42077923
v 9.30121899 26.87855530 -2.38986731
v 9.54367065 24.49500656 -1.85735798
v 7.90243387 30.38620758 2.02403045
v 8.23756981 30.65109253 1.87694788
v 18.49914360 -8.84909725 -12.00497246
v 18.57695007 -7.71380186 -10.95477772
v 18.13164711 -11.27283859 -12.38999176
v 18.80054855 -5.98577976 -11.65095806
v 18.46962547 -11.49434376 -11.41303539
v 18.24276161 -12.29658318 -11.22830009
v 17.69445419 -13.19845772 -11.97387600
v 17.32793236 -9.48979855 -7.24553919
v 17.73658371 -7.55139494 -7.16760063
v 17.65516853 -11.31508541 -8.14593887
v 16.78931427 -12.87838364 -8.53668499
v 16.88463211 -14.06541824 -9.94082737
v 18.05897522 -12.67995644 -10.73665619
v 17.22950935 -14.36592865 -11.45848179
v 18.05191803 -7.06912422 -7.94192982
v 18.33976364 -7.00729990 -8.97830105
v 18.44113541 -5.87392759 -9.01998234
v 18.78632927 -8.23367214 -9.95632362
v 18.52291870 -7.15401411 -10.05037594
v 19.37170982 -0.41159937 -5.74190617
v 18.09373093 -1.26734269 -5.30076361
v 18.26487923 1.41521513 -5.44442320
v 18.03548813 -2.79251409 -5.65180254
v 18.08193588 -4.03858185 -6.34524441
v 18.93778419 -3.78075290 -7.20488453
v 18.31480217 -4.63428450 -7.31010151
v 18.58326912 -4.78184080 -8.43862915
v 18.78232765 -4.74950695 -9.48110962
v 18.91345406 -4.30104494 -10.28745651
v 19.54433441 0.71545404 -8.32793617
v 19.01572227 1.61553800 -8.04604053
v 19.65713501 0.20285065 -9.01000309
v 19.31188774 0.93410307 -9.47868633
v 18.55662155 1.78405368 -6.38505602
v 19.10083580 -2.67428994 -10.53562164
v 19.67061615 -0.65763217 -9.48426914
v 19.29053497 -0.24390002 -10.47998524
v 20.16752434 -11.81589222 -9.89128685
v 20.41587639 -11.36932659 -10.04942799
v 20.77523613 -11.44610691 -9.52734566
v 20.94438362 -10.90927887 -9.45340919
v 20.91215515 -10.92075920 -8.96745300
v 20.74090004 -11.47507000 -9.07477570
v 20.95228195 -10.35707474 -9.38305378
v 20.57965279 -9.76653290 -9.42823696
v 20.92595100 -10.34412003 -8.90626049
v 20.73163223 -10.35191345 -8.46359062
v 20.71572876 -10.90338135 -8.51140690
v 20.55532265 -11.43557453 -8.64685154
v 19.67166901 -9.11490345 -9.64899254
v 19.16685867 -12.19526386 -10.16180706
v 19.27702713 -11.89741230 -10.54022980
v 19.46808052 -11.34120560 -10.69589615
v 21.17072105 -0.78644127 -6.02095699
v 21.80138969 -0.84794945 -6.43497896
v 21.85131264 -1.51527131 -6.43276739
v 22.08776093 -1.57541025 -7.04985046
v 22.03246689 -0.88344306 -7.01635790
v 21.76347351 -2.19891810 -6.54082775
v 21.26677513 -2.78945994 -6.73988676
v 21.98760033 -2.27790976 -7.12989521
v 22.03078270 -2.28844190 -7.74076414
v 22.13884354 -1.63059914 -7.69463301
v 22.08786774 -0.96812212 -7.62533092
v 21.63066292 -0.37642172 -7.66956663
v 21.20089531 -0.96907008 -8.56132984
v 21.46909904 -0.54209363 -8.12919235
v 20.58734131 0.11922479 -7.94013929
v 20.64726830 -0.28373814 -8.48560333
v 20.13329697 -3.22212362 -7.01635790
v 7.11009455 -32.43135452 -9.45793819
v 6.53893185 -33.02473831 -9.12027550
v 7.87547159 -32.12360382 -9.98886776
v 9.60022831 -32.23550797 -9.25029469
v 8.71920776 -31.97520447 -10.54760265
v 10.36162949 -32.55205536 -9.33086681
v 9.54661942 -32.24988556 -10.96604729
v 8.22398281 -36.25592041 -9.15618992
v 7.67019844 -35.66127396 -8.86887074
v 6.92083073 -36.09119797 -9.44098186
v 7.52590704 -36.85794449 -9.72651005
v 6.99392414 -34.93112564 -8.93580341
v 7.99469614 -33.81044388 -8.04224968
v 6.43445253 -33.97032166 -9.07403851
v 9.52492332 -36.16007996 -8.93464470
v 8.50550938 -37.03593826 -10.10451126
v 9.55641460 -36.86731720 -10.44449139
v 10.94793224 -34.08786392 -10.24058819
v 11.37011623 -34.74855042 -9.66989994
v 11.08874798 -35.17794800 -10.85988235
v 11.00259399 -36.03305817 -10.83323669
v 10.47614098 -36.97414017 -10.83407879
v 10.80327129 -33.18482971 -9.65826130
v 10.27608109 -33.07971954 -10.98342609
v 3.66958523 -41.36057663 -9.25348186
v 4.10901928 -40.71301651 -9.08507156
v 6.15806055 -39.32759094 -9.81085300
v 3.76021504 -39.53523636 -9.06750870
v 8.05873203 -42.98380280 -11.26432037
v 2.87316465 -44.22145844 -10.20759583
v 11.07168579 -40.08147049 -11.55575371
v 11.64384937 -40.17438126 -11.98864746
v 9.58412743 -43.24128723 -12.29370022
v 3.63332796 -47.44360733 -11.80774403
v 8.52427006 -44.64350891 -12.27931023
v 5.21050596 -46.38828278 -11.43896484
v 10.23266220 -43.94591904 -13.29572296
v 10.72622871 -44.20617294 -14.10781002
v 6.16577530 -48.55013657 -13.44027805
v 4.84366512 -49.37392807 -13.49878502
v 12.60644150 -28.19350243 -13.02278042
v 12.46699524 -28.56339455 -18.59137917
v 11.74179935 -29.13145065 -18.51386261
v 12.49780178 -27.87532425 -18.41011810
v 12.17325115 -27.65067291 -19.38582420
v 8.71488953 -34.42773819 -7.55413342
v 10.09450626 -34.03288651 -6.58874941
v 9.99265957 -33.38051987 -6.59749126
v 10.88547611 -35.13181686 -7.20709658
v 9.80376339 -35.36831665 -7.60437202
v 11.73268795 -33.01241684 -7.89832640
v 11.81152153 -33.76610565 -8.48934269
v 10.17805958 -40.10707474 -10.92615700
v 10.78710556 -39.85436249 -11.10844326
v 10.73504925 -40.44843292 -11.42519951
v 4.71306562 -41.85548401 -9.14602661
v 5.75977755 -45.92504501 -11.18536854
v 18.68880272 -8.72236729 -13.64249706
v 18.69775391 -8.30118370 -14.05493832
v 18.68340492 -6.52034283 -13.47150612
v 18.62476540 -7.76393509 -12.93104458
v 18.51309776 -6.58053446 -14.45982361
v 18.07282448 -7.10686922 -15.72186089
v 17.92905998 -12.54888344 -13.84121323
v 18.10163116 -10.99111462 -16.33453369
v 18.13459587 -12.46562576 -14.68445015
v 18.98159790 -4.88695240 -14.37290668
v 19.11988640 -4.69315958 -13.59057236
v 18.92029953 -4.62048721 -12.49722290
v 18.56768036 -4.48072481 -15.52207756
v 19.17296982 -4.60395193 -14.99967861
v 18.31627655 -5.47222805 -15.30121708
v 18.00852585 -5.08464241 -15.99034023
v 19.61358261 -0.96859610 -14.79232597
v 18.74177933 -0.11975140 -15.05486774
v 19.20614433 0.37020773 -13.74992561
v 18.21495628 -0.84110349 -16.08039093
v 19.38466644 0.70881873 -12.52355289
v 19.37760925 0.58580238 -11.60440540
v 19.12546730 -2.58402872 -11.62083530
v 19.98518753 -1.17818737 -12.49308872
v 17.93395805 -2.69187880 -16.36605072
v 18.92672539 -3.65963221 -15.66320992
v 19.40699387 -4.06628132 -15.31080151
v 20.06452179 -3.82467222 -15.23802376
v 20.33414650 -3.92736149 -14.96576500
v 20.12413216 -4.18434763 -14.47938728
v 18.68479919 -10.89221668 -16.00950813
v 19.05627060 -9.84036350 -13.95414543
v 19.08849907 -9.30448341 -14.06062603
v 11.97735214 -24.31853867 -16.54617882
v 11.48003960 -24.02284813 -16.32284355
v 7.50338125 39.63176346 3.92773008
v 7.36461926 39.15540314 2.18700337
v 7.52108860 39.98933029 6.02237892
v 5.66670275 35.65570068 8.11658669
v 6.62713766 40.88438797 3.23412800
v 4.31299591 34.35569000 8.17825031
v 4.56682396 41.29883957 1.03837204
v 2.89581227 33.84246826 8.41211128
v 3.01413846 35.57476044 10.12623405
v 1.79026771 33.41938400 8.34426117
v 2.09844041 34.86898422 9.61131382
v 3.17863536 41.25955200 -0.05246036
v 2.06414509 41.88106537 0.48456794
v 7.34616137 37.89206696 6.36059523
v 7.73647261 37.86927414 2.88559270
v 6.73879766 34.40280151 5.39263773
v 2.82983780 32.76968765 7.68761253
v 2.93232942 32.46300507 7.63786411
v 3.05296612 31.89497757 7.28751183
v 2.29037404 31.91946220 7.37605953
v 2.57291722 32.12771225 7.56003141
v 3.55439234 32.55624771 7.26811409
v 3.41170382 32.06543732 7.16030693
v 6.03593445 32.42425537 5.23041677
v 5.65100193 33.30763245 6.20389605
v 5.33916664 32.09552002 5.83493185
v 5.65988588 32.55714798 6.04095554
v 3.42939138 31.54676056 6.73716831
v 1.33351803 31.49414444 7.26090288
v 5.36862755 32.46388626 6.19357347
v 5.47707319 33.07034683 6.47552824
v 11.58997631 -23.43251610 -15.01305485
v 11.74859238 -23.42187881 -13.93971634
v 10.97168255 -23.81573105 -16.80758667
v 11.19151592 -24.48202515 -17.96007729
v 10.26807690 -24.12195587 -18.26487923
v 10.32747841 -26.20828438 -16.40457344
v 10.09808731 -26.25904846 -17.39807701
v 10.60516071 -25.62016487 -15.19836998
v 9.78717518 -26.18047905 -18.34060669
v 9.54908180 -25.46582794 -19.09984779
v 11.41450977 -23.83990288 -14.01596928
v 11.34325981 -25.43005753 -15.64488316
v 10.77673054 -24.70059776 -18.37809944
v 17.39649773 -18.00662994 -10.81364632
v 16.94092560 -18.03875160 -11.50977325
v 17.36500549 -17.86697197 -10.34296131
v 12.01000214 -24.99886894 -18.16872025
v 10.13299751 25.62506485 -7.26074076
v 10.38348389 24.50667191 -7.48161888
v 9.38587093 27.99323273 -5.38660145
v 10.13854408 27.08022118 -6.37531424
v 9.82256413 27.64832878 -5.93627787
v 10.19055367 26.05888367 -6.69638872
v 16.29640770 -17.63705444 -12.17051315
v 16.24627304 -17.32740593 -12.58537769
v 16.74592209 -16.24953842 -12.39379597
v 15.52945042 -18.52776337 -12.35272026
v 14.72089100 -19.50273132 -12.03243542
v 14.13782692 -19.91243553 -11.52562428
v 15.92609406 -16.54117584 -9.40211773
v 16.54249191 -16.41331291 -9.87970161
v 16.31294250 -15.36125088 -9.67195320
v 15.81698036 -15.85131454 -9.05476475
v 15.76063251 -17.56285477 -9.45646381
v 14.70319748 -18.31564522 -9.72672081
v 14.25399780 -19.38466644 -10.61184883
v 16.67040634 -17.98050880 -9.61392021
v 16.57672119 -17.29665184 -9.55436039
v 17.11181259 -17.33425140 -9.86332321
v 8.14608383 -29.34087753 -22.41374779
v 7.03315687 -29.55932236 -23.39412689
v 8.28309536 -28.77867317 -22.41454887
v 6.26943207 -27.51890755 -23.88982582
v 8.14670277 -27.27406693 -23.01509666
v 8.57586479 -26.74216270 -5.11918831
v 8.30150032 -26.97797966 -5.63210726
v 8.67918587 -26.82536697 -5.96755886
v 8.82916451 -26.60187340 -6.33692408
v 1.02868247 -20.19548988 2.37259436
v 1.87915969 -20.63473511 2.64906526
v 1.83155394 -21.30500603 2.18533134
v 2.43747282 -21.33765602 2.04304099
v 2.48170829 -20.63842201 2.52878737
v 1.80237973 -21.87932968 1.61616993
v 2.36564302 -21.92072105 1.47356367
v 2.90815806 -21.84004402 1.29725420
v 3.02696157 -21.28204536 1.82607722
v 3.07288194 -20.61072159 2.28949523
v 18.48595047 -0.67795932 0.54799169
v 18.09215164 0.00947900 0.38263574
v 18.53903389 -1.45629084 0.51692164
v 18.99370956 -1.45702803 -0.06508915
v 18.92661858 -0.65025961 -0.00810981
v 18.48163223 -2.25895166 0.34840602
v 18.92008972 -2.28254390 -0.21580529
v 19.17970848 -2.24420667 -0.83015001
v 19.26839066 -1.45586956 -0.71218908
v 19.19782448 -0.68248820 -0.64035928
v 7.41731977 44.66116333 30.48521042
v 7.16760063 44.17288971 28.74960518
v 6.52576685 44.51992798 30.65920258
v 6.25308752 44.02859879 28.92759895
v 6.86427259 43.82216644 26.91478539
v 7.10925198 52.21392822 31.47250175
v 18.16487694 -17.44505119 -34.12696457
v 18.25840378 -17.47862244 -33.37622452
v 18.01987267 -17.40176392 -32.61345673
v 17.71575546 -18.05897331 -33.23522568
v 17.86149597 -18.13691330 -34.02456284
v 15.21961784 -17.33696365 -33.32301331
v 15.71687126 -17.86586761 -32.89635086
v 15.70618057 -18.17609215 -34.00739670
v 15.69996643 -18.12469673 -33.51153946
v 18.75894547 -16.88223648 -33.20035172
v 15.00578785 -16.84966469 -33.14080429
v 19.71687889 -16.39048576 -32.24103546
v 20.41292763 -16.09113312 -32.38216782
v 19.12696838 -16.70079231 -32.46706009
v 19.99155807 -16.91009331 -33.15702438
v 20.79788017 -16.09687424 -32.79356003
v 21.12848663 -15.38621140 -32.78091812
v 19.20474815 -16.95480347 -34.05702972
v 21.12219429 -14.66770363 -33.17811584
v 19.70963860 -16.64444351 -34.36583328
v 12.26725197 -14.78155613 -33.05952454
v 12.17667389 -15.58858871 -32.62035370
v 11.91068268 -15.82803917 -33.73534775
v 11.94080544 -15.79791641 -33.23127747
v 14.10873222 -17.15615273 -34.03946686
v 14.29528427 -17.13598251 -33.29539108
v 14.16792297 -16.88586998 -32.53151703
v 13.47176933 -17.15278244 -32.83926773
v 13.46976852 -17.34330940 -33.35534668
v 13.45965767 -17.38975716 -33.85994720
v 13.87157249 -16.44796562 -32.14119339
v 20.39436340 3.08433580 -34.36156845
v 20.87922859 2.83496571 -33.97392654
v 22.41447067 3.36838984 -33.07679367
v 21.97999001 3.53185010 -32.66838074
v 21.19410133 3.39619493 -32.75393295
v 21.28723335 3.01567888 -33.22861862
v 23.10080338 3.67811632 -33.45803452
v 22.64696884 3.24376726 -33.61923218
v 18.16503525 4.12723684 -34.33645248
v 17.45073891 4.56561422 -34.31483078
v 18.20676804 3.88502860 -33.93029404
v 17.51577568 4.29045963 -34.10434723
v 16.98226547 6.30796003 -32.83953094
v 16.84911156 6.36938953 -33.43613052
v 16.88162231 5.21129227 -33.89013290
v 17.33103943 5.90699816 -32.53936386
v 17.81983948 5.23467398 -32.52803802
v 25.71645546 5.56062031 -34.11985397
v 25.83789253 5.87232113 -33.51409531
v 25.76761436 5.24204683 -33.26845932
v 25.69818115 4.78110361 -33.81692123
v 23.61064339 3.57313633 -34.16050720
v 24.55643654 4.02644348 -34.41061020
v 25.36454773 4.31041813 -34.17770386
v 24.45009995 3.63056993 -33.99262619
v 23.67412567 3.54504180 -33.64724731
v 16.78720856 -18.38094521 -34.19128799
v 17.45695305 -18.29826736 -34.16485214
v 16.93997955 -18.31685638 -33.54345322
v 16.49725723 -18.12648582 -32.88213348
v 16.11514664 -18.32280731 -34.15390015
v 17.53583908 -18.06381989 -34.44406128
v 16.13231468 -17.76396751 -32.49939346
v 16.78078461 -17.80219841 -32.45884323
v 17.42704201 -17.74342918 -32.49381256
v 12.08172607 -16.24406242 -33.89754486
v 12.11837864 -16.30220032 -33.27035141
v 12.51702309 -16.78710365 -33.96537399
v 12.49711704 -16.78246880 -33.30773926
v 12.80052471 -16.65637207 -32.65982437
v 13.05216503 -17.22366333 -33.97264099
v 12.97033024 -17.16384125 -33.33849335
v 13.34938526 -17.07221031 -34.27786255
v 12.75104904 -16.57077217 -34.27849579
v 13.46049976 -16.69768524 -32.33551025
v 12.97991467 -16.27407837 -32.25504684
v 12.56273270 -15.78475094 -32.25799561
v 12.24834633 -15.96569538 -34.18802261
v 20.11017799 -17.00490952 -33.95863342
v 20.55674362 -16.64428711 -33.43333817
v 20.76796913 -16.48998833 -34.03046417
v 21.23128128 -15.77945900 -33.79675293
v 21.10426140 -16.01277351 -33.40842819
v 21.07350731 -15.78011703 -34.26069641
v 24.96911430 3.96517205 -33.76173019
v 25.18058777 4.48975611 -33.21646500
v 25.51410484 4.71053791 -34.35622406
v 21.87027168 2.83443236 -34.34084702
v 17.20339012 4.70666742 -33.68503189
v 17.42225075 4.84498167 -33.07871628
v 17.12118530 5.47686243 -32.92657852
v 17.02428818 5.17174387 -34.26596451
v 8.49918938 -26.36584663 -7.18813848
v 8.14804554 -26.66980553 -6.97001600
v 1.11294019 -26.88740158 -2.46432996
v 1.37656188 -28.01761436 -4.41331816
v 0.80750573 -27.84288597 -4.20593882
v 1.72265077 -28.14947891 -3.38116026
v 1.25017512 -28.01898384 -3.43761301
v 7.42964220 -25.86693382 -4.48830795
v 7.07470608 -25.26291084 -4.64202547
v 1.77023005 -27.36501122 -2.41327500
v 0.82267213 -27.66510010 -3.47284341
v 2.69940925 -27.82698250 -4.74392509
v 3.19526649 -27.50595856 -4.80090427
v 6.69733667 -26.77270508 -6.01821899
v 7.37645483 -26.90667534 -5.32962179
v 7.41268539 -26.72531128 -4.97458076
v 7.15348721 -26.90056801 -6.31333160
v 7.83660746 -27.00473022 -5.37575293
v 13.13431644 -25.00171280 -9.27162361
v 13.08671093 -25.46492004 -9.42497253
v 13.38140297 -25.43553543 -9.88428307
v 13.44017220 -24.93999290 -9.71471405
v 12.97064590 -25.83576012 -9.63256264
v 13.23637390 -25.83165169 -10.06122398
v 13.32273865 -25.75013161 -10.54444218
v 13.48619843 -25.37676430 -10.42037296
v 13.56287289 -24.89965439 -10.25491142
v 13.26344204 -24.74493599 -10.88189507
v 7.90359259 -25.36338806 -4.45302486
v 8.10749626 -26.59802818 -4.74450445
v 8.12771797 -25.92991638 -4.39867878
v 15.39558601 -20.09316826 -4.92455244
v 15.20568943 -19.34411621 -4.85777807
v 15.25329494 -20.63283920 -5.13930464
v 15.55672836 -20.65453720 -5.50393009
v 15.70470619 -20.09264183 -5.26674461
v 15.00336552 -21.08772659 -5.46464491
v 15.28636646 -21.12195587 -5.82979727
v 15.44361210 -21.02958870 -6.22475576
v 15.71755600 -20.58028412 -5.90931559
v 15.85974121 -20.03882217 -5.67023420
v 14.48159885 -18.28446960 -4.94024563
v 12.38400078 -29.31508064 -12.42855263
v 12.15292454 -34.28607941 -7.95909739
v 9.13575745 -30.20020866 -8.21239758
v 9.14650059 -29.79071426 -8.07284546
v 8.81557751 -29.92005157 -7.69747686
v 8.83063889 -30.35050201 -7.86346483
v 9.04633904 -29.39017487 -7.98047781
v 8.72384262 -29.48528099 -7.61395645
v 8.29275799 -29.61261559 -7.37824488
v 8.36806393 -30.03221893 -7.44175434
v 8.40850735 -30.42991638 -7.61585188
v 7.66356325 -30.87511253 -8.68066025
v 8.98914909 -20.21123505 0.18147025
v 8.96081734 -19.47418976 0.30880484
v 8.84538364 -20.83189964 -0.17683606
v 9.43582058 -20.82610703 -0.48132271
v 9.58695793 -20.17953300 -0.10384774
v 8.69161320 -21.36188126 -0.65647358
v 9.22917843 -21.37683678 -0.95116526
v 9.69249058 -21.27888680 -1.31831861
v 9.93820763 -20.75185394 -0.89745092
v 10.08650112 -20.13350677 -0.53377318
v 8.57775974 -18.55451584 0.12996766
v 17.12434578 -17.93501091 -9.91040230
v 19.57856560 -10.15917397 -15.40248394
v 19.68372726 -10.17934322 -15.03759480
v 19.54149055 -9.46552181 -14.53320694
v 19.65971565 -10.37105560 -14.67844677
v 19.53606796 -10.98442650 -15.31032753
v 12.74783707 -25.17275620 -16.86267090
v 12.57144833 -25.51268387 -17.43325424
v 12.55441284 -25.74423409 -16.98142242
v 12.33565807 -25.60357475 -17.93801117
v 12.48763847 -25.06932831 -17.81641769
v 19.11240768 -8.97651005 -14.35563374
v 20.20238876 -4.02515316 -13.91780949
v 20.92879486 -3.13270497 -13.91801929
v 20.93342972 -2.73556113 -14.41909027
v 21.04233360 -2.38102007 -13.80279732
v 20.71704483 -2.85573387 -14.95404816
v 21.04749298 -1.72012305 -13.75519180
v 7.70492840 -27.85237694 -23.68668365
v 7.47503614 -27.26087379 -23.73426437
v 8.19059563 -28.35575104 -23.20933723
v 1.87960732 -31.48111153 -5.81818533
v 3.71871805 -31.47123718 -5.87403250
v 3.68196058 -31.05774117 -5.71783972
v 3.18086362 -31.29071426 -5.58566046
v 3.55546856 -30.64445686 -5.63252878
v 2.57718277 -31.06874657 -5.39060354
v 1.59615862 -30.80438995 -5.80225563
v 2.70709777 -31.69167709 -5.59050512
v 5.24248075 -41.31071091 -9.04870892
v 5.77039576 -41.50518417 -9.24992657
v 14.51730347 48.48910141 26.60724449
v 14.30834389 47.48854065 26.85464668
v 13.82870674 47.16151428 25.16432953
v 14.02723885 48.13732529 24.90892410
v 13.28850842 46.45912170 25.43153191
v 12.43987465 46.32230759 24.26882744
v 13.04531956 46.94002151 23.92510796
v 13.20267105 47.85295486 23.63673592
v 14.26179123 47.84294891 28.44396019
v 14.45895481 48.80180359 28.21214485
v 14.34088898 49.47491837 26.42672157
v 13.86472702 49.09765244 24.73598480
v 13.08460426 48.76736450 23.51024437
v 13.83586788 49.90789795 29.24798965
v 14.29517841 49.74717712 28.03330803
v 12.14702606 46.83048630 23.44736671
v 12.28699970 47.74194336 23.13666534
v 12.18704891 48.65814209 23.02723694
v 12.39748192 46.15684509 25.58224869
v 9.93610096 -30.45319176 -22.67040253
v 8.64990616 -30.33733749 -22.10166359
v 9.19589615 -30.31806374 -21.26214027
v 8.99588966 -30.82097816 -22.89305496
v 8.21260834 -30.64372063 -22.79858208
v 9.67753506 -30.45413971 -20.47422409
v 10.03141785 -30.86531830 -19.89442635
v 9.44698429 -34.61594772 -22.95698547
v 11.18169498 -33.70590973 -22.24927330
v 10.42869377 -34.74517822 -21.44045067
v 8.99294090 -32.11138535 -23.54394722
v 9.18852425 -32.91678619 -23.59060478
v 9.53819370 -31.25221825 -23.53215027
v 10.65639973 -33.56620026 -20.29022598
v 11.35639858 -31.30501175 -21.29436874
v 11.07884789 -32.42798615 -7.60700512
v 12.55262184 -32.50813293 -23.28590775
v 12.92514706 -31.81227112 -23.45673943
v 12.91471958 -31.18770981 -23.36163330
v 12.74609947 -31.77877808 -23.94912148
v 9.58342934 -34.88710022 -7.25780916
v 10.81764889 -33.11952972 -6.43413639
v 11.32772446 -32.96228409 -6.75084019
v 11.01934052 -33.79769897 -6.40991211
v 11.61135674 -33.67847443 -6.72872257
v 11.13540554 -34.46818161 -6.59959745
v 11.73332024 -34.38360977 -6.90113544
v 12.14365578 -34.27428436 -7.28819466
v 12.04654884 -33.60885620 -7.16170263
v 11.72089195 -32.93163681 -7.18561077
v 12.36514854 -31.74718094 -24.32512283
v 11.01207352 -32.11554718 -24.18909836
v 12.75526237 -30.63845444 -23.22503090
v 17.04332542 -19.61708641 -17.41037369
v 18.17261124 -17.87285805 -20.71713066
v 16.93102646 -19.81623650 -20.83638763
v 15.27077866 -21.56894493 -18.38884354
v 19.73657417 -14.19441128 -23.59926796
v 18.13421440 -17.94163322 -22.02680588
v 17.86264038 -18.01055336 -22.91189384
v 18.75971031 -17.70767212 -22.72580338
v 18.97659492 -17.45979500 -22.29819489
v 19.49475479 -16.87096596 -23.15773010
v 19.29714394 -17.32819557 -22.76366615
v 10.00487709 27.58473969 -7.03415728
v 1.04421747 46.25850677 10.67027664
v -0.53316760 44.48877716 8.37206554
v 0.12491219 44.17236328 6.20158482
v -1.39846897 43.75878906 8.80612469
v -0.00826780 45.07159042 16.47338676
v -0.36437550 45.31750488 14.55561447
v 0.53840733 46.93212128 16.47350693
v -0.21443610 45.85088348 13.19793129
v 1.95383322 48.05001450 15.70270538
v 2.88177466 48.38893890 15.37768078
v 2.09838796 46.56425858 10.29564476
v -2.24926186 42.16033936 8.06031227
v -2.01813245 41.84089661 9.69027996
v 1.01456928 48.65424728 22.47397804
v 1.48849308 49.34479141 22.45712662
v 1.21868384 48.39336395 20.98093033
v 2.59911609 49.64427567 20.80888557
v 1.52222252 48.20999527 18.03638268
v 1.10483038 47.89392471 19.32284164
v 1.34722948 44.41223526 5.62742090
v 0.69017673 47.07441330 22.93413162
v 0.69449496 47.90866852 22.71937943
v 0.92483473 47.68296432 21.25697899
v 0.91419715 46.87893295 21.51449203
v 0.81287712 47.19858932 19.64007187
v 0.79223400 46.40287781 19.94835091
v 0.92283356 47.18289566 15.07277298
v 3.59414816 50.01269150 20.40982056
v 1.23069060 48.73489761 32.84527206
v 1.20875716 49.53524017 32.64571381
v 4.13962221 49.31411362 33.70800781
v 3.79265428 50.26388550 33.18367004
v 2.85475969 50.61244965 32.51213837
v 0.93473500 50.30896378 31.91580200
v 4.30612993 51.14782715 32.57423401
v 4.63694382 52.28014755 30.81910706
v 3.03138518 51.43728256 31.25395775
v 1.69248247 50.20732880 24.45000839
v 5.69956636 48.58084488 34.38763809
v 6.04328537 49.51788712 34.54685593
v 5.48665762 50.18531418 34.19223785
v 4.88175869 47.40098953 33.65369034
v 4.13042259 47.95638275 33.62033844
v 0.06266674 47.19100571 24.11837387
v 0.07098719 48.06180954 23.91763115
v -0.80518860 47.17004395 24.99497223
v -0.80687380 48.08361053 24.84741592
v -0.42329013 49.06321335 25.08986664
v 0.45267504 48.85467529 23.71267319
v 3.44203663 46.10989761 32.33205032
v 2.97356319 47.48727417 33.17124176
v 1.51695645 46.93496704 32.54004669
v 0.92451870 46.18096542 31.17749405
v 2.77329302 45.62259674 31.02559280
v 0.50164992 45.69647980 29.49244308
v 2.47792983 45.11412811 29.30425835
v 0.26678127 45.43349075 27.63834953
v 1.74349475 44.91645813 26.86030197
v 0.17936380 45.46877670 25.80879593
v 4.74329281 44.78291702 30.88733101
v 3.06158614 41.38816833 17.81957817
v 2.14470339 41.82481003 17.80865097
v 1.08903205 39.68099976 13.76056290
v 2.10728765 39.18893433 13.79416084
v 0.45417589 42.84440613 16.52745819
v 0.01242802 43.81871796 16.15914536
v -1.23474538 41.86185455 12.01858521
v -0.76679868 40.82933044 12.51180935
v 0.60960519 38.75827408 12.36167240
v 1.68462944 38.25357056 12.48479462
v 0.16030046 37.45691299 11.13624859
v 1.36023688 37.21920013 11.60166740
v 1.10072291 42.02033997 16.76998901
v 0.20190276 40.39245224 13.60647678
v -1.58330941 39.12342453 10.26470661
v 5.87108374 45.19788742 32.14603806
v -0.55960345 38.83531570 11.41395664
v 4.37914133 43.57144547 23.78892708
v 3.85758543 43.16090012 21.44434738
v 3.03393912 44.06901550 24.12337685
v 2.94644260 43.55828094 21.47062683
v 1.46545386 45.31321335 23.25346756
v 0.95569414 46.17264175 23.12034035
v 1.14664340 45.99096298 21.75799751
v 1.59931839 45.12553024 21.95821571
v 1.00424767 45.51269531 20.25367928
v 1.42774844 44.63673019 20.52014542
v 2.19596887 44.58975601 23.33014297
v 2.25315905 44.39059067 22.08470726
v 2.04398894 43.88841629 20.70540619
v 2.48349881 48.14954376 33.14775467
v 1.09672058 47.83462906 32.84169006
v -0.47700447 46.25258255 25.21267319
v 0.36515224 46.27922821 24.30121422
v 0.95927507 45.44465637 24.45266724
v -0.28400147 46.82485199 32.16315079
v -0.20137614 46.22045898 31.23341942
v -1.14253581 46.39213562 31.24005508
v -1.61753917 45.96452713 29.75016594
v -0.62719399 45.75430298 29.64863586
v 4.75508928 43.54169464 25.58477592
v 3.60231066 43.85536957 25.14905739
v 1.80627668 44.78228378 24.50438118
v -0.06329867 47.60892487 32.61946106
v -1.29936063 48.25202179 32.07936859
v -0.99676979 47.37521362 32.17615891
v -0.24318908 50.10643005 28.67261314
v -1.37972152 49.81131744 28.90590286
v -0.91746217 50.05545425 30.53239441
v 0.21306692 50.37036896 30.39989853
v -2.26116347 49.38328552 29.12623787
v -1.75730181 49.63837814 30.64824867
v -1.22774148 49.66449738 31.52579308
v -0.47247562 49.94633865 31.71432114
v 4.90127611 52.51704407 29.21860504
v 4.45844889 52.07137680 26.50039482
v 3.17794108 51.54507828 26.82462883
v 3.65031123 52.00302124 29.52488136
v 1.90211987 51.05317307 30.01099777
v 2.11444950 50.92678452 31.53895950
v 1.46935070 50.75831985 28.26517487
v 1.25907493 50.39743805 26.38206673
v -0.45046327 49.70894241 26.81272888
v -1.89395738 48.75640869 26.04292679
v -1.55065954 49.41814804 27.12026978
v -2.36480045 49.02498245 27.39884758
v 4.00182438 51.14585495 23.30597115
v 0.44498652 46.47039032 12.71945286
v -9.17280102 -36.95806885 -17.54085922
v -9.20453262 -36.57778549 -15.42686653
v -7.84706736 -40.98363495 -18.08722305
v -6.44457293 -43.72171021 -16.32413673
v -6.41686344 -43.87092972 -17.36258316
v -7.13689899 -42.61630630 -18.10004997
v -6.52987432 -43.63990784 -18.62508202
v -6.69251823 -43.05258942 -15.61793423
v -8.52058315 -39.26991272 -17.15602112
v -8.52625751 -38.73694611 -16.07767868
v -8.76574707 -37.61239243 -15.19747448
v -8.33370209 -39.72946167 -17.62926102
v -7.41303110 -41.97147751 -16.71188927
v -7.76841784 -41.20405960 -17.52121162
v -7.04348469 -41.91098785 -14.83637714
v -6.71608400 -43.08059311 -14.29117680
v -7.34896564 -40.76778412 -14.22062397
v -7.25075245 -40.93159866 -13.89132023
v -7.22384262 -41.73468018 -13.73254681
v -7.83281612 -39.79522324 -13.31431293
v -7.99681568 -39.26876068 -14.35837555
v -8.25323296 -38.36862946 -13.86692810
v -7.46895361 -41.55191803 -14.77311802
v -8.19449234 -39.50956345 -14.82508087
v -8.21975708 -40.82705307 -17.17833519
v -7.48837280 -42.05016708 -15.72109699
v 0.80139041 -45.25625992 -26.24338913
v 2.34070802 -46.09460068 -26.49973679
v 1.44726932 -46.87364197 -26.02148438
v 1.63836658 -47.65288162 -25.77853012
v 2.45903778 -44.58164597 -26.77583885
v -0.87836128 -45.82284927 -25.13821030
v 0.16014250 -47.05013657 -25.48271942
v -0.55496925 -46.65449524 -24.80032349
v 0.72956723 -47.69944763 -25.35991287
v -3.80284429 -45.46501160 -22.55415535
v -2.69096375 -44.57577133 -24.07416534
v -2.83811879 -45.07508087 -23.42956734
v -2.22998810 -45.23611832 -23.89319611
v -0.99588770 -44.03436661 -25.52361107
v -1.32095993 -43.05781937 -25.50277901
v 1.90928185 -42.80206680 -26.74026680
v 1.60337329 -41.87223053 -26.76580811
v -3.15460229 -49.01842117 -20.14837456
v -1.74853373 -50.27466965 -21.67328644
v -1.07970452 -50.98141479 -21.50007057
v -1.10248697 -50.39514542 -22.60615730
v -2.49387288 -48.97205353 -22.13489342
v -2.10017824 -48.88327026 -22.55491829
v 2.81501365 -52.58633423 -20.84892273
v 1.79522443 -52.34928894 -21.63014221
v 4.46145058 -52.63890457 -20.93016434
v 3.82930636 -52.27612305 -22.55023193
v 2.64227200 -51.74211121 -22.91859627
v 1.75366819 -52.08859634 -22.49862289
v 2.13569498 -52.23258972 -17.79154205
v 2.76652598 -52.47330856 -19.08847427
v 3.90097833 -52.60691071 -19.78362656
v -3.10528183 -42.61105347 -24.72753143
v -0.89550900 -41.95915604 -26.13074684
v -1.89522123 -41.61252975 -25.78241348
v -4.51794291 -43.90710831 -22.92573166
v 1.27281284 -47.91398239 -25.28052330
v 2.09285855 -47.93205261 -25.08381081
v 2.77639985 -48.05401230 -25.36754990
v 0.75410074 -47.07263565 -24.68124771
v 1.18802190 -46.48440170 -24.28514481
v -0.33244967 -45.27165222 -22.94904709
v -0.21410696 -45.13545609 -23.16190338
v 1.54557121 -45.50026703 -23.69564056
v 3.80666852 -48.04510117 -23.05542374
v 0.02306558 -46.27606201 -22.86907768
v 1.61636746 -51.02406311 -23.11652374
v 1.33359039 -50.19511032 -23.18656158
v -2.04184628 -50.31958771 -19.54477501
v -0.96466625 -51.16894150 -18.92141342
v -3.14165735 -46.71350098 -22.45981216
v -3.53919625 -47.21063614 -21.87665749
v -3.85463977 -47.36484146 -21.10437202
v -0.11284621 -50.83837128 -22.84406090
v -0.51776421 -49.44208527 -23.04366493
v -1.77678645 -46.44729614 -22.82254219
v -2.37854505 -45.41880035 -22.90790558
v -2.75491405 -45.95947266 -22.70126343
v -2.09828258 -45.25344467 -23.21871185
v -1.64692402 -45.38083267 -23.59218407
v -1.13368869 -45.72086334 -23.94922638
v 1.04728496 -52.09882355 -19.09082985
v 0.30106366 -51.84795761 -21.57157707
v 0.25882944 -51.61269760 -22.39172173
v -0.00327815 -51.79677200 -17.52731133
v -1.25634956 -51.23787308 -17.84313965
v -1.35760391 -51.02578735 -17.02044487
v 3.78436017 -52.40694427 -17.23311615
v 3.76328254 -52.33423996 -16.70127296
v -4.52253771 -46.25428009 -21.38261604
v -2.51082969 -50.25061417 -18.56091499
v -3.20990634 -49.48961258 -18.84836388
v 1.36479211 -41.01417160 -27.01676369
v -3.13880062 -48.92874146 -15.82573509
v -3.40614629 -49.00064850 -16.98221779
v -3.20853710 -49.47101974 -18.14397049
v -0.78334743 -48.69831085 -13.74248028
v -0.37102395 -50.30217361 -15.56378555
v 0.07593735 -50.08626175 -15.02832699
v 1.50246143 -50.03516769 -14.28899097
v 0.67886442 -51.46665192 -16.51964378
v 1.29936063 -51.49333954 -16.60519791
v -1.20696664 -50.56360626 -16.13739586
v -2.71968389 -48.67836380 -14.96929359
v -3.76971555 -37.35055161 -25.33020973
v 0.59488642 -38.27255249 -26.99514580
v -5.64327145 -31.72351074 -24.51664925
v -2.48363042 -31.68069649 -25.96679306
v -3.76263738 -34.38887405 -25.55328369
v -0.51954806 -33.96550369 -26.63468170
v 0.28173703 -36.98778152 -7.91388798
v -0.50313759 -37.77370834 -7.78484154
v -1.14011335 -37.09776306 -7.25522900
v 0.04349809 -38.11275101 -8.30497551
v -1.23880029 -38.42113495 -8.03814125
v -2.13203835 -35.65026474 -7.89358711
v -1.46005607 -35.80245590 -7.64779091
v -2.46780562 -36.63697433 -7.56937551
v -1.07291782 -36.18093109 -7.53654432
v -0.55123037 -35.94916916 -7.71727705
v -2.47465158 -38.53730774 -9.10605621
v -2.41867280 -38.23627090 -8.26825047
v -2.92494392 -37.72557449 -8.54372787
v -7.14573288 -39.29506302 -21.96744347
v -5.78337669 -39.99967957 -23.31098747
v -5.81097078 -38.30307007 -23.90767860
v -5.52936554 -42.28967667 -22.43032265
v -3.82188106 -39.61617661 -25.05179405
v -9.28328800 -37.75189209 -22.10166359
v -9.42081261 -37.23968124 -21.56252098
v -9.98094273 -36.47425461 -21.59350967
v -10.91149044 -37.00297165 -22.99911499
v -10.25383186 -35.06901932 -21.51486015
v -10.21617985 -34.67985153 -21.93041039
v -9.74552059 -34.30856705 -22.23947716
v -11.12445259 -35.04008102 -23.52066994
v -6.43970537 -34.70847321 -23.91540527
v -7.32526779 -32.98408508 -23.21007538
v -6.44645929 -32.51585007 -23.96373367
v -7.92939615 -36.60864639 -7.44607258
v -8.20036411 -36.25968933 -7.84613895
v -6.25572062 -35.95259476 -8.81642056
v -7.58920574 -35.46863937 -9.58674717
v -8.51730537 -36.00714874 -8.47865200
v -9.40843678 -36.67383957 -7.41352797
v -9.13502026 -36.98738480 -24.23580742
v -9.12535667 -37.41701889 -23.90643883
v -7.28735209 -37.24626541 -23.59776688
v -8.81247139 -37.87477875 -23.15620232
v -5.93805218 -43.85171509 -20.35177422
v -5.23996639 -45.28930664 -20.73113251
v -3.85323215 -44.15629959 -11.30098915
v -10.28766727 -34.72948456 -23.53689194
v -11.06189060 -35.46558380 -24.32385826
v -11.43936539 -35.58354568 -23.93690491
v -9.82182598 -34.82217026 -23.82173538
v -9.68011570 -35.22850418 -24.15681648
v -10.14569283 -35.88592529 -24.56315041
v -10.93276596 -36.04559326 -24.49942970
v -11.31182098 -36.20199585 -24.10204887
v -5.71710920 -45.38999176 -18.22479820
v -5.79921770 -45.15764999 -15.55615616
v -5.29997396 -46.49198151 -14.93143082
v -4.47303629 -47.45441437 -16.14863968
v -4.49083567 -47.39185333 -14.98598766
v 2.25432396 -51.32273865 -15.64003849
v 2.08164167 -51.98411942 -16.48742867
v 3.44772387 -50.95443344 -14.87525463
v 0.14344890 -51.69068527 -16.85577393
v 0.72778004 -50.41169357 -15.50166130
v -1.77799761 16.57877541 -20.74669266
v -3.97894621 15.84094048 -20.62736702
v -4.10671234 20.64665413 -18.11159706
v -1.17581761 20.36026573 -18.96316719
v -0.73217398 25.03223038 -16.14023972
v -3.32229161 24.52408218 -15.75366211
v -4.76951838 25.40183067 -14.48876095
v -8.29973125 14.39737701 -20.36029053
v -8.09433079 16.53622627 -19.28819084
v -8.98572636 10.06417274 -22.07431984
v -2.60820007 11.09519863 -22.78891754
v -3.51223373 4.93013477 -24.62255287
v -9.75664520 3.66955900 -23.91608429
v -10.09466457 -1.47861910 -24.76342201
v -12.54851437 0.45699325 -23.71646500
v -7.14495611 -1.69084346 -25.57345390
v -13.73539066 -2.91689968 -23.65706253
v -4.05890894 0.41465372 -25.67319489
v -4.31884432 -3.24160838 -26.27052879
v -11.23119640 -6.12664795 -24.75710106
v -7.79389954 -7.17984438 -25.73514938
v -11.69171810 -9.27657318 -24.41601562
v -8.56816483 -11.62883949 -25.34443283
v -7.75471926 -13.42495441 -25.44427490
v -4.42153311 -7.73244381 -26.53296661
v -4.29788494 -13.15727711 -26.40165520
v -7.11837578 -16.98429298 -24.87745857
v -10.09085941 -18.78119469 -23.33933258
v -5.24378443 -20.59724045 -24.59243011
v -7.15917492 -21.03717232 -23.80430412
v -9.22170067 -21.53145027 -22.79184151
v -3.96588302 -16.69131279 -25.77090836
v -3.35714674 -20.39228439 -25.08870888
v -6.19821453 -23.62540054 -24.09237289
v -7.75716829 -23.98961830 -23.27590179
v -4.67899370 -22.73201752 -24.70054436
v -3.97012234 -25.61660957 -25.04099655
v -7.05827618 -27.26145363 -23.67549515
v -2.60511971 -24.54595757 -25.37891006
v -12.93757439 -24.44318771 -18.45856667
v -11.59066105 -24.88758278 -20.04014015
v -11.77671337 -25.93549919 -19.41897392
v -11.41564178 -23.65502167 -20.75178146
v -9.49576187 -28.00510788 -21.66199684
v -10.88547611 -28.29208565 -19.95024681
v -8.98933983 -24.76700211 -22.43739319
v -10.89653492 -22.43711662 -21.50138092
v -19.19943047 -17.61735725 -10.22515869
v -19.26902199 -17.49802780 -9.63951397
v -19.72443581 -17.38417435 -9.83720398
v -18.98596764 -17.06373215 -9.24097443
v -19.96557045 -16.84568977 -9.67362499
v -19.51063156 -17.25246811 -10.75140095
v -13.41910839 -27.73948479 -17.15857506
v -13.61103153 -27.61902428 -16.49499130
v -13.76606560 -27.30855942 -15.92949009
v -14.41693115 -25.68206787 -15.14074516
v -14.49192047 -24.46656990 -14.71351910
v -15.05076027 -25.48361397 -15.72245312
v -14.97756195 -26.78676605 -16.09882164
v -13.13026237 -26.40318298 -18.31475067
v -12.93599510 -26.96391869 -18.35219193
v -13.05227089 -27.43168068 -18.16182137
v -14.39581394 -26.87212944 -17.95796967
v -0.97887820 30.37561607 -12.06351852
v -3.84223485 29.28340340 -11.72610569
v -5.95354748 27.09315491 -12.13778687
v -7.59768724 27.09288788 -10.28004742
v -8.75122643 25.39445877 -10.59657669
v -8.03826618 28.53913879 -7.36344576
v -8.31024170 27.60280228 -7.65482140
v -7.57416439 29.89322662 -5.62331963
v -5.46338129 6.43687487 7.19635344
v -5.13977861 7.24148417 8.18548679
v -5.41677618 7.88431835 7.88458204
v -5.30634546 8.90236282 7.92681599
v -5.73774576 8.80925846 6.65836763
v -3.23681617 11.20491886 7.12863159
v -2.55087876 10.89384937 7.57372284
v -3.62961555 10.48693657 8.40787506
v -2.56628203 10.09998226 8.56291008
v -2.16647863 10.27945232 7.99016714
v -1.57941246 10.64881706 7.28240204
v -1.63768196 8.51159191 8.40561104
v -1.76664913 7.41961050 8.57262516
v -2.49608469 7.02610016 8.93838406
v -1.73402560 6.12375164 8.24673271
v -3.00531793 6.57750607 8.79980564
v -3.82949066 6.52387094 8.62497139
v -0.69245434 15.34534645 5.73100519
v -1.46894264 16.08915901 6.01042509
v -1.84677303 15.22975540 5.81426239
v -2.08927751 16.09376717 6.17125225
v -2.60293412 15.65639019 5.85517979
v -1.71646309 19.33906174 4.59615803
v -2.05725956 18.92419624 5.06126070
v -1.58983946 18.76358032 5.21597910
v -1.93957508 18.39825821 5.65723991
v -1.10801637 17.92592621 5.51023626
v -0.78886366 18.73293114 4.95951939
v -3.62539601 17.37489128 4.79117489
v -3.38774300 17.23356438 5.51493645
v -2.96734905 18.67247772 4.77952385
v -3.03454471 19.12367821 4.18634892
v -0.47658318 16.93855667 5.42725563
v -7.05560017 17.43740845 3.13189220
v -6.06009102 20.42260933 1.94901466
v -6.53650951 19.98263359 2.32954383
v -6.56203699 18.77321815 3.03846788
v -8.61185169 18.40088654 1.60870850
v -9.88952255 12.26630306 4.10456610
v -9.16339111 11.92416382 4.56578541
v -9.07111549 10.65684128 5.20982456
v -8.19470310 11.67613029 4.74687386
v -9.43192387 7.57467079 5.55469561
v -10.40396881 7.71664524 5.32509327
v -11.19651890 7.72075319 4.91054487
v -8.08790684 9.28236580 5.51951790
v -12.99684429 7.84713984 3.01581049
v -12.28994846 9.70090389 3.74121761
v -13.04118538 10.37411022 2.20051098
v -18.76968956 -1.66135311 -1.73681664
v -18.40264130 -1.47366893 -0.73894095
v -17.82492256 -1.16378462 -0.05213452
v -20.07621193 -0.53524768 -0.76137459
v -19.49022484 3.12541151 -2.62152362
v -19.65223694 2.38165212 -3.25114012
v -19.81843567 1.29072428 -3.48879957
v -20.63557816 1.25186026 -1.77815557
v -20.48770523 2.03071833 -1.66893637
v -17.30887032 -0.40896633 0.41855064
v -17.46885300 0.74549723 0.70734429
v -19.12799644 0.13734022 0.53767008
v -13.64102268 -2.03229809 3.22812700
v -13.82001686 -1.07842088 3.55862832
v -13.79158020 -0.15966853 3.83947015
v -14.26726818 0.04012778 2.59808922
v -9.61307812 -0.68780696 6.01887703
v -9.79362679 -1.74526870 5.80554676
v -11.13469505 -2.09443831 5.51232958
v -9.72608852 -2.97524834 5.29065275
v -13.62983227 2.53633094 3.21863484
v -12.68227386 1.68299699 4.53528166
v -11.88064003 1.67704618 5.11297417
v -11.99825859 -3.07261872 4.27650452
v -12.97296333 -2.60009050 3.75102568
v -12.32828522 -2.02945447 5.02818966
v -1.94224763 0.71208376 8.45347977
v -2.56691384 0.13344330 8.90278435
v -2.37720203 -0.59596598 9.09726238
v -2.98409534 -0.20127082 9.29626846
v -2.48355126 -1.51126897 9.19647598
v -1.40952766 -1.49167907 8.49013233
v -3.89323711 1.18398011 8.32435513
v -3.34682512 0.29395443 9.05639648
v -2.75702071 1.30947161 8.28896618
v -4.17939758 0.12838782 9.18009853
v -2.12076879 -3.66890073 8.04967403
v -2.88919997 -2.98098850 8.82331848
v -3.39258766 -3.40422583 8.56019783
v -4.20472765 -3.46254802 8.34847355
v -5.90626144 -3.36767912 6.96032619
v -5.61199093 -2.90605164 7.76404047
v -5.89907312 -2.14415026 7.96349430
v -5.45800972 -2.63937569 8.38101864
v -5.87603378 -1.23464012 8.26174068
v -6.44709110 -1.07281244 7.10114241
v -18.53302956 -10.86630726 -5.21861219
v -19.22204781 -10.48556709 -4.18603277
v -19.50704956 -9.77990818 -4.29567337
v -18.89017868 -9.88565159 -5.38839197
v -19.81548691 -10.42179489 -3.25229859
v -20.12518692 -9.83952045 -3.31859875
v -19.84213448 -8.98035431 -3.98702669
v -17.04809189 -6.93999910 -1.30115116
v -18.13586044 -7.66387892 -1.34591305
v -17.91636848 -8.38017559 -1.17855597
v -16.72612190 -7.94214058 -1.11757445
v -18.96337700 -8.10739136 -1.27787495
v -19.05426979 -8.64695740 -1.16602266
v -18.10249901 -9.27538872 -1.24812138
v -18.60449028 -6.50580835 -2.50614309
v -18.54956627 -7.19803858 -1.74940264
v -17.58807945 -6.30322075 -1.87336695
v -19.79152489 -7.84977293 -1.94624996
v -19.41436768 -7.96689129 -1.50315917
v -16.68567848 -11.30581760 -2.34921288
v -18.33697319 -10.64802647 -1.96810424
v -18.23191452 -11.13319397 -2.68318963
v -17.12718964 -11.73016071 -3.15503335
v -19.23026276 -10.63164902 -2.14151740
v -18.86708641 -11.06615639 -3.11748600
v -13.99341774 -7.19289112 1.60249126
v -13.00977325 -8.18901634 2.83100939
v -12.23373222 -8.24033451 3.44029880
v -12.06292629 -12.71081638 1.61595929
v -12.91730022 -12.29624176 1.25330842
v -12.47773743 -11.88087654 2.57849932
v -13.53330326 -11.20307541 1.74798071
v -13.59067822 -11.99262333 0.31638804
v -14.06562901 -9.83120060 1.23927426
v -13.99000740 -8.79970074 1.57856989
v -10.44022655 -8.64695644 4.10585642
v -10.55644894 -9.65012455 4.10232830
v -10.71896172 -10.58641338 3.90455937
v -9.46710110 -10.54328442 3.81571984
v -4.41890049 -8.74127293 6.76353168
v -3.98307705 -9.83267498 7.25138426
v -3.28426385 -8.50319195 6.80381775
v -4.79669142 -10.12030983 7.30399275
v -3.69238758 -10.36918640 7.36571169
v -3.21454048 -9.87227631 7.09819317
v -2.51836038 -9.10163307 6.84352398
v -2.90520906 -13.51010704 5.23672771
v -3.70060253 -12.96695900 6.18583965
v -4.16246700 -13.36389256 5.80754805
v -4.90999174 -13.42455864 5.58350134
v -6.47215796 -13.19729996 4.21815634
v -6.08678341 -12.76458263 5.50366735
v -6.41941786 -12.15671635 5.54906082
v -6.38705778 -11.32872486 6.07061672
v -6.98128557 -10.93360806 4.93698072
v -2.52299452 -11.41335106 6.53566694
v -2.90518260 -12.46438789 6.19439650
v -3.65636730 -11.65738297 7.17697430
v -17.25536537 -17.57356453 -7.47887373
v -17.43525696 -18.99149704 -7.21383715
v -16.25080299 -19.58382988 -8.59282112
v -17.09222221 -19.58572578 -7.40162659
v -17.77839661 -19.67809296 -6.56463051
v -18.44903564 -18.58021355 -5.85749722
v -14.72721100 -20.06420517 -6.19115782
v -15.41117287 -19.30151367 -5.22709036
v -16.49520302 -19.86898994 -5.44779348
v -15.60696793 -18.42402267 -4.63138819
v -17.43009567 -18.96990776 -4.47019243
v -17.24872971 -19.51452827 -4.81617594
v -15.95237064 -20.33198547 -7.26749849
v -15.87772465 -20.25120544 -6.39995956
v -17.60366631 -20.04134941 -5.82958651
v -17.48096657 -15.90418720 -6.62519121
v -17.91858101 -17.56575012 -6.45667553
v -17.95396805 -17.00806999 -6.03012037
v -18.44914246 -17.80267334 -5.38333607
v -13.02035809 -16.85103416 -1.63291621
v -13.14263725 -18.05855370 -2.03593183
v -12.97738647 -18.19789314 -0.91135347
v -12.99718761 -18.94921112 -2.60430336
v -12.99455452 -19.75929642 -1.34991527
v -13.08228779 -19.10661507 -0.95285040
v -9.52408123 -19.64544296 -0.59470212
v -9.93420601 -18.83696365 0.04441966
v -9.80350018 -17.51098251 0.26941434
v -10.52369404 -18.34155464 0.30248550
v -11.06262779 -18.90976715 0.44667166
v -10.86725521 -20.12518692 -0.06003368
v -10.94998550 -21.34523964 -3.05076432
v -10.43622398 -21.33217812 -2.38665485
v -9.34661293 -21.15618706 -2.48729038
v -10.49172878 -21.05123329 -1.41316140
v -11.74480057 -21.18041039 -1.52738333
v -3.21601510 -21.94926262 -0.62614077
v -3.17341208 -21.34376526 0.50354570
v -3.94084287 -22.01245499 0.50886446
v -3.05866361 -20.54184151 1.29109287
v -3.98939633 -21.18251610 1.91044033
v -4.04479599 -21.74841309 1.34370124
v -4.88632059 -18.35824776 2.42725658
v -5.71999884 -18.64027405 2.11529207
v -6.42581606 -18.25529480 1.41795349
v -6.16909313 -19.51905632 1.84240210
v -5.15520811 -19.86725235 2.59903717
v -6.04370689 -21.70207214 -1.44807565
v -5.41509104 -22.13642120 -1.06607187
v -5.93059063 -21.77137375 -0.43561283
v -4.73607826 -22.30730438 -0.96980727
v -5.06284046 -22.27649879 0.56779224
v -5.57144165 -22.15179825 0.43287447
v -5.90110064 -21.90397453 0.30238017
v -6.58674812 -19.40214920 0.93552488
v -6.55915403 -20.25162697 0.26804513
v -6.22654629 -21.03432846 1.21699858
v -6.23971176 -20.38965034 1.70021713
v -13.69036579 -27.07334709 -11.22482491
v -12.85426521 -27.04991341 -10.88695049
v -14.06504917 -26.98724747 -10.42237377
v -12.64520073 -26.78924179 -10.31031132
v -13.87567997 -26.77639198 -9.98928928
v -15.02208614 -26.80190659 -9.57763672
v -15.39737606 -27.05012512 -10.30757332
v -13.39204025 -24.05244255 -8.81462955
v -14.32208920 -24.05101967 -9.17446327
v -14.82774067 -25.05674362 -8.98719978
v -14.93319416 -24.09562492 -9.69854736
v -15.66868591 -25.28134346 -9.20032024
v -11.26237202 -26.93521881 -5.09528017
v -11.65369701 -26.85762215 -5.47196484
v -10.89685154 -25.48356056 -5.13456535
v -11.37027454 -25.45780945 -5.54426908
v -11.61962509 -25.52173996 -5.99931335
v -11.73945522 -26.40431595 -6.29008198
v -13.42912674 -25.52332115 -9.22655869
v -15.27720356 -25.76866913 -8.99947071
v -15.16103268 -26.25736427 -9.13249207
v -4.23525143 24.51899338 2.93974161
v -4.63217783 24.95410728 2.95249867
v -4.52627659 23.86344147 2.73606133
v -0.44772491 24.68564034 4.59505177
v -0.95163918 24.54055977 4.84361267
v -0.72245800 23.94040680 4.87276030
v -0.67204481 23.21138954 4.72986460
v -1.34700572 22.92021561 4.62134314
v -7.26741982 26.39960098 -0.33745250
v -7.61327839 25.80630112 -0.74425310
v -7.42932653 25.19076538 -0.91051090
v -7.98966694 25.34986687 -1.97100067
v -8.40281963 26.07915878 -2.35848117
v -8.48490524 26.45359993 -1.67871821
v -8.34331322 26.24372482 -3.05624127
v -18.69185638 -17.20618057 -11.39207649
v -18.23338890 -17.79219437 -11.00027752
v -17.91405106 -17.94543648 -10.47672081
v -18.67510986 -17.68171120 -10.19772148
v -19.57766914 -14.93653870 -10.06243515
v -19.79615974 -15.34126568 -10.69842339
v -19.70532036 -15.84215260 -11.17548084
v -20.15130615 -15.82129860 -9.81319046
v -18.20368767 -17.56253815 -9.76632214
v -17.95933914 -16.92044067 -9.26056480
v -21.82329750 -8.77402782 -11.06336594
v -22.11619759 -7.88892651 -10.81430435
v -23.19827843 -8.88993549 -9.99571323
v -22.64633751 -7.66756535 -10.12889385
v -21.48932076 -6.67880011 -11.02039433
v -20.59976959 -6.59254122 -8.06126022
v -21.67679405 -7.37645483 -8.22177124
v -21.57157707 -7.95256710 -7.98205757
v -20.42124748 -7.42964220 -7.77836418
v -22.70110512 -7.80121946 -8.39012814
v -22.69009972 -8.28075123 -8.13256264
v -21.78422356 -8.70909691 -7.99967241
v -20.12655640 -10.44923115 -8.49223900
v -21.36103821 -10.00498199 -8.51109123
v -21.50311852 -10.37687492 -8.97408772
v -20.27706146 -10.96088696 -9.11058521
v -22.15730095 -9.61294651 -8.34873772
v -22.64386368 -9.96453857 -8.76291656
v -22.82617569 -10.04195023 -9.18589115
v -21.67595100 -10.52737999 -9.49680233
v -20.49897575 -11.16099930 -9.81371689
v -21.20726776 -6.02685547 -9.51597118
v -22.13831711 -6.96833086 -9.26203918
v -21.91176796 -7.06701803 -8.67223454
v -20.89698792 -6.15429497 -8.68940163
v -23.06789017 -7.72180605 -8.97556210
v -12.73809433 20.75701523 -5.27875137
v -12.61886978 21.55001259 -6.40698290
v -12.26951599 21.97632980 -7.08207893
v -13.91517639 21.37852097 -6.94115782
v -15.52930546 20.03203583 -6.09417248
v -17.63593483 18.12682915 -5.75511026
v -15.56889343 18.65862656 -5.04201317
v -21.39905930 6.71555758 -11.95396996
v -20.82219887 5.85617733 -9.22368813
v -20.87813568 8.20355034 -9.81050491
v -19.75871849 8.91227722 -6.81825972
v -19.28271484 6.43613768 -5.14351749
v -18.42928696 9.56779003 -4.25012159
v -18.22211838 12.03549004 -4.48788643
v -10.42732430 22.13347054 -3.86680126
v -10.96130848 21.87616920 -3.16356444
v -10.56266308 22.09787178 -2.81547451
v -9.89818573 22.41657829 -3.38263488
v -11.40792656 21.65906143 -2.89442658
v -10.92465591 21.97632980 -1.97868919
v -10.29061604 22.09924126 -2.33646894
v -9.55799484 22.38508606 -2.70414877
v -15.39455509 21.38857079 -7.96944237
v -15.97791195 20.93171692 -7.29896355
v -18.27995682 16.41093826 -5.30237961
v -17.58974457 15.15633583 -4.57779217
v -13.80679893 -24.09920502 -17.07642365
v -14.33635998 -23.57069969 -17.05957222
v -13.60479164 -23.68339348 -18.33902740
v -15.01205444 -23.19342041 -15.86279488
v -15.57594967 -22.63433075 -17.39852524
v -14.92703342 -22.67603874 -18.38326263
v -17.25410271 -21.69480324 -17.21123505
v -16.36768341 -21.93537331 -14.87068558
v -17.14801598 -20.82215691 -13.90690804
v -15.16419220 -22.75129128 -14.03124142
v -15.82666969 -21.22011757 -11.64200592
v -18.15224838 -18.66163635 -12.90898323
v -19.45891762 -19.18924141 -15.92261791
v -19.90472794 -16.91012001 -14.85145760
v -20.49012756 -17.48209763 -16.61974716
v -19.26860046 -16.02794075 -12.59675217
v -20.13656235 -13.63112164 -12.70586586
v -10.93803215 -20.98567009 -22.11577797
v -12.91862297 -21.66820335 -20.62259102
v -14.20354843 -21.28976059 -20.38201523
v -14.31663799 -22.44504166 -19.23492432
v -12.88027954 -23.43630791 -19.39435577
v -13.70690155 -16.30841255 -22.60668564
v -13.85198307 -13.81906891 -22.81753922
v -13.85166645 -18.24394798 -22.07744026
v -14.03829765 -14.88919640 -22.81711769
v -11.81810474 -19.38263702 -22.41110039
v -13.99269295 -7.75529861 -23.52014351
v -15.03938580 -5.84938717 -23.11381149
v -13.77952099 -10.61537743 -23.21431541
v -15.54368210 -9.11281013 -22.46186066
v -14.72510433 -11.74585342 -22.64207268
v -16.03573418 -9.60180855 -21.99855423
v -14.41798401 -13.00345325 -22.91654205
v -12.63940716 -12.09562874 -23.71741295
v -20.43372726 -2.00765276 -18.63603592
v -19.20388031 -3.84844875 -20.09274864
v -19.98721504 -5.84559584 -19.43132401
v -17.89972687 -4.12120724 -21.23359680
v -18.40697289 -7.53270674 -20.84749413
v -16.83133888 -8.89414787 -21.67868996
v -16.50089073 -3.61771393 -22.19347954
v -19.79389572 -8.87640190 -19.69431305
v -20.19733238 -9.82635593 -19.22973633
v -20.36224747 -8.73998260 -18.86309624
v -20.81805038 -7.51210976 -18.03427696
v -20.84790802 -12.37683964 -17.50687599
v -20.89072227 -9.24039459 -17.56027412
v -20.56532860 -10.79363537 -18.58274269
v -21.99805260 -6.48184729 -15.55399036
v -21.48577309 -6.75359869 -16.38684654
v -22.00719070 -6.86806393 -15.98802280
v -22.14208221 -7.36850262 -16.19084740
v -21.21432304 -10.00640392 -14.11702633
v -21.79612541 -9.63311577 -14.51053619
v -22.39365768 -9.20118904 -14.79027271
v -22.36860275 -8.80391312 -16.20003700
v -21.24560547 -10.45734119 -16.34201050
v -21.48479271 -10.66071892 -15.83188248
v -21.79349136 -10.02141190 -16.10724831
v -21.43376160 -10.87678719 -15.28473377
v -22.30688477 -9.87709427 -15.67848110
v -20.64337158 -14.65264225 -16.29037285
v -20.81138802 -12.19381523 -16.20722580
v -20.58738708 -13.17610359 -14.88460827
v -6.60061169 24.14820671 -14.45786190
v -8.62895107 21.08874702 -15.73552322
v -9.57979679 17.57775688 -17.99166107
v -13.58836079 15.20642662 -18.45677757
v -13.15359116 17.27353287 -16.34112930
v -12.43200779 16.36074448 -17.50615692
v -11.26017284 17.75381088 -16.75311661
v -11.69277191 14.64548111 -19.21720314
v -13.35154438 19.84446335 -13.04281807
v -11.46975136 22.48158836 -11.40202904
v -13.30493927 21.13280487 -11.45347881
v -11.67817783 22.74932289 -8.82878590
v -12.63024426 22.11920166 -9.83491230
v -11.62337017 22.65558624 -10.69364452
v -9.81066227 24.45520592 -9.23174858
v -8.91184235 25.63733292 -9.04749775
v -9.00642109 25.48366737 -7.39177895
v -9.15060806 24.64308929 -5.47159624
v -10.62139988 23.37813568 -7.07073021
v -12.97570133 13.77088451 -19.47724342
v -14.67163944 11.75409508 -20.46479797
v -13.74729252 13.77994251 -19.41141701
v -15.26632881 9.42657852 -21.29939842
v -12.62971783 18.44304466 -2.02866459
v -12.76410866 19.32526398 -2.18912292
v -12.56315422 20.02560425 -1.81391251
v -12.79981327 19.71084976 -2.60209155
v -13.07554722 19.00624275 -3.06498289
v -12.46338749 20.41384888 -2.95615196
v -10.90317059 22.46965981 -5.48412991
v -9.83417606 20.60213852 -1.04532337
v -11.38900852 19.74942398 -0.96251374
v -11.09454060 20.86770821 -1.01909816
v -11.49318504 19.30830765 -0.98602694
v -11.27095509 18.42423248 -0.84236735
v -16.26512527 14.01828671 -2.24936724
v -17.19322586 13.52416706 -1.04584992
v -15.98381042 14.19296360 -1.36134279
v -17.27221680 13.57603836 -0.31164855
v -16.16736031 13.89426899 -0.33492479
v -21.98349190 -0.15176937 -10.74634552
v -22.94487381 0.54198831 -10.08070850
v -23.25233650 1.29993987 -10.20530510
v -23.75343323 0.99382079 -9.62339973
v -23.49802589 2.18459415 -10.03800106
v -22.02677917 2.05252004 -11.17037296
v -21.73322105 1.91615415 -6.85018587
v -21.82519341 0.95100731 -7.07923508
v -23.22956085 0.87617582 -7.56656122
v -22.24911499 0.43182123 -7.54075718
v -21.05560303 -0.28405410 -7.47682667
v -22.19740105 -0.45757252 -9.04976177
v -22.89452934 0.14418617 -9.56125927
v -21.86405754 -0.67543161 -10.08555317
v -23.85707092 0.74346977 -8.56796551
v -23.92479134 0.85258365 -9.16124535
v -21.86595345 4.35812950 -8.64932632
v -22.21615028 3.90187359 -7.82691765
v -20.99841309 4.42880058 -7.83587027
v -23.57670212 3.55525804 -8.28011990
v -23.35626221 3.46257448 -7.70790386
v -23.00238037 3.29448009 -7.34749079
v -22.03594208 3.50870562 -7.26860476
v -20.79303551 3.91093111 -7.09113646
v -22.50296783 -0.17046407 -14.81741905
v -22.40377998 0.87485927 -14.33925629
v -22.38082123 2.17885423 -14.14140892
v -23.40344620 2.15668368 -15.04117584
v -23.40260506 1.22963727 -15.18441486
v -21.82032204 3.33371258 -17.44004822
v -21.61576080 2.46554136 -17.72873688
v -21.53047562 0.76890510 -17.67494392
v -22.95419502 1.45299947 -17.24654579
v -21.88796425 4.29925442 -14.20207405
v -22.21456909 4.31700134 -15.07351017
v -22.84713554 3.56779146 -14.92490005
v -22.13573647 4.32189846 -15.90250206
v -23.21481514 3.42128801 -16.10008621
v -23.25420570 3.45614982 -15.50469971
v -18.97404099 0.56011695 -20.29272842
v -16.52387619 1.26626313 -21.96672058
v -17.78218842 0.66690052 -21.22769928
v -19.98679352 5.64948559 -19.71137619
v -19.96962547 3.11079812 -19.53833199
v -15.70160007 5.60898924 -21.89586258
v -14.92389965 7.24000978 -21.78769684
v -17.22914124 7.14895868 -21.33870888
v -16.63712311 8.50213909 -21.43081474
v -15.52484322 2.94538951 -22.32407761
v -18.35703659 6.30869770 -20.96965981
v -17.50203133 8.72347355 -0.70639634
v -18.03290749 9.23094273 -1.32060945
v -18.22738457 10.37445259 0.16514529
v -18.51765251 10.60700417 -0.86764473
v -18.23781204 9.98286438 -1.59047139
v -17.99715042 9.12975407 -2.57133746
v -14.16184044 13.42300510 0.25224680
v -15.34829617 13.20962238 0.52081853
v -15.72168922 12.50880814 0.91219604
v -16.21077919 13.13379002 0.77864742
v -16.06848907 11.55948639 1.08618832
v -20.55288696 10.55571842 -8.09200096
v -19.47055626 12.19880486 -5.89453125
v -16.04447556 13.55729103 0.29821998
v -14.39533997 14.08337593 -0.39306265
v -16.63601875 20.52277756 -23.62999535
v -16.17173195 19.22504997 -23.08887482
v -16.53206444 19.18086624 -21.63029480
v -15.81750679 17.69279671 -22.39467049
v -15.88858604 18.74111366 -25.07814407
v -15.76294899 15.94232655 -23.17343521
v -15.53940392 15.98386383 -21.54208565
v -15.48632050 16.44269943 -20.37148285
v -15.36009216 14.53326035 -21.00810242
v -15.96495724 17.78281975 -20.95791626
v -16.28366280 18.07372093 -19.89774323
v -22.31454659 23.11705017 -27.69164276
v -22.99711418 22.58598900 -26.26768494
v -21.46035767 23.39562798 -27.60585785
v -20.63299751 23.49097061 -28.50272942
v -20.51056099 23.50718880 -26.59523773
v -19.62311554 23.42988205 -26.56406212
v -19.74402428 23.41340065 -28.48429871
v -21.32880974 23.20596695 -25.35685921
v -20.44589233 23.30665588 -25.26533318
v -21.28373146 22.79626465 -24.10794830
v -20.40608025 22.89315987 -23.99514771
v -19.52653503 22.81237793 -23.93237495
v -19.56213379 23.22829628 -25.21751785
v -22.17739105 22.92991829 -25.48271942
v -22.90474701 22.08154678 -24.44729614
v -22.12873268 22.52053070 -24.25687408
v -24.45274544 16.09639931 -29.97774124
v -24.77766609 16.94100571 -29.01634598
v -24.20042038 16.11124992 -27.86194801
v -24.93087006 17.76470566 -27.88477707
v -25.16768646 18.47069550 -29.24804497
v -25.15137482 19.58962250 -29.79598045
v -24.75704956 17.28854179 -26.08421516
v -24.91235924 19.32811546 -26.86190987
v -24.51289749 16.35504532 -26.44716835
v -24.04865074 15.64277649 -26.58228302
v -18.13585854 14.83727264 -30.00225639
v -18.82906342 14.45346451 -29.23722076
v -17.88376999 14.89577866 -27.81291962
v -19.67195892 14.20175838 -29.19317055
v -20.57766533 14.08616638 -29.33994865
v -21.46739960 14.17562485 -29.34087181
v -19.45291519 14.13245583 -27.65109444
v -20.33783150 14.03461170 -27.73198128
v -19.35865211 13.76003647 -26.83115959
v -20.23988342 13.65892696 -26.93679810
v -21.12469482 13.73423195 -26.98187637
v -21.22432899 14.11549854 -27.76315689
v -18.60412216 14.40429211 -27.52312660
v -17.74269104 14.46401024 -26.45905685
v -18.51512527 14.03155708 -26.67149162
v -16.98175240 21.16536331 -30.61104393
v -16.37060738 20.62850761 -28.03656006
v -16.69183922 21.37372780 -26.13403320
v -16.11006546 19.74763298 -28.19091034
v -16.01075363 18.35972786 -27.80413246
v -16.23679352 20.47759438 -25.64702225
v -24.78201103 20.52029037 -28.39262772
v -24.27572632 21.27059174 -27.07053185
v -23.78934860 22.07799339 -27.93904495
v -23.60118294 21.38696098 -24.79967690
v -24.13564682 20.77586746 -24.92177200
v -24.56706047 19.90710449 -25.36186218
v -22.32001114 14.43782425 -29.32798195
v -22.98018265 14.84078789 -28.42743683
v -23.79366684 15.43979454 -29.22537041
v -23.56343079 15.35229778 -27.57810593
v -22.77109146 14.39828873 -26.89277267
v -23.47022057 14.95712948 -26.76312256
v -22.07828331 14.36974716 -27.74830627
v -21.97917366 13.98395157 -26.96723557
v -16.36332703 17.02463150 -28.70639610
v -16.68129349 16.17936707 -27.82139969
v -17.33662224 15.50754356 -28.88923645
v -17.09240532 14.97097874 -26.31351471
v -16.52853775 15.74093723 -25.90643120
v -16.13413239 16.43749237 -25.68768311
v -18.88944054 23.15578079 -28.49414444
v -18.76958466 23.17342377 -26.56616974
v -18.05218124 22.71820831 -27.71943474
v -17.36045074 22.14226532 -27.79582024
v -17.93016624 22.54296494 -25.22036171
v -17.23725128 21.97180176 -25.31578255
v -17.91205025 22.10261154 -23.89888382
v -17.18886757 20.95986557 -23.09265518
v -18.71429062 22.96804428 -25.19497871
v -18.68827438 22.53875160 -23.88750839
v -20.03534698 22.58288193 -33.51585770
v -19.94100380 22.95337868 -31.77890968
v -19.09523964 22.69365311 -31.79249763
v -19.20856667 22.32452583 -33.53028870
v -18.33581352 22.21583366 -32.11933517
v -18.44771957 21.90176201 -33.55819702
v -17.71833611 21.48400116 -32.88389969
v -17.23788261 20.63494682 -33.65151215
v -16.69470215 16.71585846 -33.28786850
v -17.07231522 15.66615868 -32.21344376
v -17.19709587 14.99347782 -34.12154007
v -17.92158127 14.06637955 -34.40265656
v -17.01165009 15.95453072 -31.10734940
v -17.61214447 15.11727142 -31.56107712
v -18.26595879 14.25462914 -32.28514099
v -22.07612419 12.72324371 -34.40761948
v -23.35686874 13.41510677 -34.12275314
v -23.61883163 13.94403458 -34.23299789
v -25.30783081 17.48412704 -31.59951973
v -25.63238144 16.78552437 -32.77475739
v -25.26333427 16.35250473 -32.24452591
v -25.16188240 15.38958263 -32.71504211
v -24.69912148 15.73440742 -31.91348457
v -23.52572632 14.27990723 -32.27821732
v -23.35299683 14.61441040 -31.23468399
v -24.33399582 14.91218281 -32.27502823
v -21.85810661 13.57440662 -32.19416809
v -22.68651962 13.81975460 -32.22192001
v -25.34408188 18.51510429 -33.47068024
v -25.02685738 19.89734840 -33.10552216
v -24.59382439 20.89659309 -32.06288528
v -24.59969711 20.57249069 -33.72039413
v -24.03413010 21.44864082 -32.82181168
v -23.25312614 22.43649673 -30.31352234
v -23.36626816 21.86321449 -33.60569763
v -16.76345825 19.97507668 -33.01070404
v -16.43827629 19.23131752 -32.39012146
v -16.59847069 18.96337700 -33.78179550
v -16.43033600 18.20200157 -33.02622604
v -20.16436577 13.21889019 -34.27091217
v -19.60505295 13.03420830 -34.16985703
v -19.80882645 13.11201477 -33.53502655
v -19.52158356 13.32621479 -32.92089081
v -20.04345703 13.55181408 -32.32003021
v -20.49955559 13.17918396 -32.90377808
v -20.39067650 12.97736073 -33.55458832
v -20.61709404 12.83922958 -34.15061188
v -19.94034576 13.90938282 -31.28744888
v -21.03040504 13.41220951 -32.31052399
v -18.99463081 13.78328609 -32.36145782
v -24.35337448 14.28693771 -33.01913452
v -25.43764114 17.02249908 -34.05300140
v -25.57021523 17.41274261 -33.10648346
v -22.55473328 22.65386772 -31.85297775
v -22.59615135 22.29566765 -33.56377792
v -21.70480919 22.93099785 -31.81003189
v -21.76252556 22.56539726 -33.53323746
v -20.82199860 23.03244972 -31.78557205
v -20.89761925 22.66271591 -33.51764679
v -24.77066231 15.25945663 -20.96139336
v -24.52301025 15.93384838 -20.04726219
v -24.09258461 16.73599625 -19.54863930
v -23.49565887 17.55389786 -19.19631958
v -22.84979439 18.30313873 -19.44164467
v -22.87246513 17.51235199 -17.49065590
v -24.77553368 13.99880219 -18.07472038
v -24.12625694 15.05736256 -16.28741074
v -20.86531258 10.35604763 -23.58583832
v -21.71802711 9.75289345 -22.82880974
v -20.50065994 8.12329483 -21.56178284
v -21.56978607 8.33214855 -21.33312798
v -22.57308578 8.79303932 -21.09625816
v -22.60468292 10.16243935 -22.70421410
v -23.38390923 10.75998497 -22.54291153
v -23.43251610 9.43687344 -20.91383934
v -24.11142349 10.23426819 -20.73310661
v -24.01937294 11.51430225 -22.34169388
v -22.56971550 8.37290859 -19.93939781
v -23.49233818 9.06140041 -19.67524910
v -22.59983826 8.23862267 -18.64172363
v -23.51814270 8.97134972 -18.33386612
v -24.20368576 9.79444313 -18.13154221
v -24.19188881 9.87311840 -19.47503281
v -20.25146866 7.07291603 -20.64832306
v -21.46920395 7.60163355 -20.24609566
v -21.49300766 7.13516140 -18.95811081
v -15.93978596 12.97167301 -21.76843071
v -14.79556465 14.05841446 -19.82754517
v -15.28773594 12.54925156 -20.55221558
v -16.32294846 10.63243961 -21.30400658
v -17.25252151 11.18174839 -22.65178871
v -14.43043900 13.41450024 -19.74418259
v -19.36120415 19.92280960 -19.74610519
v -18.47897339 19.74089241 -19.74357796
v -19.26333427 19.04921532 -18.32470322
v -18.34703064 18.94410324 -18.32954788
v -17.49792290 18.66615677 -18.39179230
v -17.63410568 19.23653030 -19.58119774
v -16.90042877 18.72550583 -19.71285057
v -16.73549461 18.21769524 -18.54977608
v -16.08460426 17.62652206 -18.75389099
v -17.41292763 18.57831955 -17.64748001
v -16.65766144 18.16345406 -17.78755951
v -17.21975517 18.73197746 -16.50778961
v -15.73414421 17.27111244 -18.08440971
v -19.18107796 18.91124153 -17.56090546
v -18.25603294 18.82982826 -17.57775688
v -19.05353355 18.98538971 -16.77688599
v -22.04052353 19.23679352 -19.87604713
v -22.06301117 18.37936592 -18.62813568
v -21.16840363 18.75146866 -18.48605728
v -21.17314339 19.57203484 -19.70989990
v -20.26347542 19.74560547 -19.59167671
v -20.21987152 18.97812271 -18.38284111
v -21.12385368 18.54814529 -17.26810837
v -19.99306297 18.92432022 -16.76417542
v -21.90980530 18.16353035 -16.91410065
v -24.52949905 11.91223621 -21.42058563
v -24.84489441 12.39844322 -20.11119843
v -24.84692764 14.80862522 -21.85120773
v -24.89986420 12.92851734 -18.24539566
v -24.83361816 11.80546570 -17.78966522
v -24.64993668 10.82986641 -19.26775742
v -24.63013458 10.75477123 -17.95323181
v -18.04820633 10.55218410 -22.89460754
v -17.49012947 9.30395699 -21.71955490
v -18.67115974 9.37194252 -22.43603706
v -19.62672234 8.91360664 -22.32800102
v -17.92500496 7.86599255 -21.38452530
v -19.02572823 7.28471899 -21.12806511
v -24.09370232 19.53238106 -23.14564323
v -22.86898994 20.86007309 -22.60012817
v -21.05254936 12.60828495 -25.64997101
v -21.91182137 12.85315895 -25.63527870
v -22.68430710 12.53095245 -24.85618210
v -23.41134644 13.57688046 -25.17233467
v -23.99838638 14.27530003 -24.97438049
v -21.83604050 11.38691521 -24.24518204
v -16.46323776 14.71315002 -24.44598007
v -17.67317772 13.39814949 -25.05342674
v -19.50267792 21.80970955 -22.25538254
v -18.65815353 21.54766846 -22.24016380
v -17.85512352 20.95333672 -22.05995560
v -22.09500313 21.30777168 -22.38308525
v -21.25026512 21.59329987 -22.21288490
v -20.37087631 21.70062256 -22.09065819
v -24.71307755 16.19835091 -24.67421150
v -18.44287491 12.94784355 -25.29124260
v -19.28434563 12.65952396 -25.47355652
v -20.16542053 12.54446030 -25.59441376
v -20.05198860 11.12666416 -24.22274971
v -15.88132572 21.28871536 -9.15198994
v -13.48952961 21.88955879 -9.03545094
v -13.28590202 21.79928398 -7.72067404
v -18.58802223 19.90040207 -9.03052711
v -18.07747269 19.85190201 -7.79758549
v -17.03760529 20.85236359 -8.61619568
v -21.09545517 12.27938938 -7.91902208
v -21.09118843 13.74547482 -7.49121618
v -20.20331001 13.19645691 -6.30830288
v -20.54175568 14.89604187 -6.86479902
v -20.83637428 15.61699963 -7.63020229
v -20.56137848 16.55831718 -7.79827023
v -19.55607796 14.14993954 -5.56646538
v -20.19251442 17.45742607 -7.98906136
v -19.74705315 18.29086685 -8.19888973
v -19.63865089 18.86211014 -8.97256088
v -18.94815826 18.26366806 -6.84278679
v -24.09376144 14.14878750 -15.23325062
v -23.38755035 16.07660484 -15.18958187
v -21.10257149 18.13710785 -12.23895931
v -21.91170883 15.49144173 -10.20063114
v -15.47680855 18.34425926 -15.82150936
v -14.47801781 17.64037132 -16.02064705
v -14.80915165 16.54749489 -17.67096710
v -13.85697174 17.39302254 -16.12908936
v -14.23282814 15.94241905 -17.97408485
v -14.21134186 19.13631630 -13.81501484
v -15.77269840 19.56245613 -14.11368847
v -23.67138672 9.49538040 -16.06006432
v -24.46088219 10.79121304 -16.60668564
v -23.13169289 10.22080421 -13.43076897
v -23.78007317 11.28389740 -14.06092930
v -23.97534752 12.20866585 -14.26647854
v -24.63171577 11.82431889 -16.49831009
v -24.25537300 13.09913921 -15.26489353
v -22.62519455 13.33808899 -10.75632381
v -20.57719040 18.84715271 -15.14177227
v -18.74841499 19.28682137 -15.48305607
v -19.39093208 19.54422951 -10.93592548
v -19.10540390 19.72870064 -11.89988804
v -17.30595398 20.31314659 -12.28663731
v -14.50949001 21.05507088 -11.13288498
v -14.21795082 20.15757370 -12.54532814
v -15.64404106 17.00891113 -19.33384705
v -15.17609406 16.10177040 -19.20340538
v -15.21316719 15.31827927 -20.24830818
v -14.91289330 15.20853329 -19.47977257
v -14.99430752 16.20214272 -18.45119476
v -14.57681084 15.44013691 -18.74451637
v -14.27674770 14.60240364 -19.10145378
v -19.79286957 21.98734093 -33.91414261
v -17.23509216 18.56700897 -34.15650558
v -18.29300117 21.32828331 -33.94188690
v -16.86462021 18.82171822 -34.12830734
v -22.35806084 17.08259010 -34.29340363
v -20.87004471 13.54109097 -34.43088913
v -23.83131790 14.40176487 -34.39003372
v -24.99842072 18.40652466 -34.21140671
v -25.11114120 17.03008080 -34.28429031
v -25.35011864 15.98541641 -34.32125854
v -23.59262657 21.00546074 -34.02437973
v -23.25315285 21.56610107 -33.96453094
v -24.81613541 19.57919693 -34.12799072
v -21.32770348 22.27186394 -33.89191055
v -22.17909050 9.04665470 -12.70586586
v -21.20000076 9.00173473 -10.23632240
v -20.30117989 8.93648815 -8.08063889
v -21.71492004 8.12582207 -12.27204323
v -23.44620705 8.98451519 -16.87747002
v -22.63891220 8.20207596 -17.10465050
v -22.60584259 8.33446598 -15.48089695
v -21.97559357 7.38656569 -15.63108635
v -21.94873619 7.69842482 -13.90295887
v -21.53555679 6.44909239 -15.78875351
v -21.60759735 6.69407177 -14.01828671
v -21.76631737 7.16233444 -17.35710716
v -21.10299873 6.10658407 -17.51614380
v -18.82782745 13.07096577 -5.05378294
v -21.75049400 -16.21006775 -19.47990417
v -21.31631851 -14.99654293 -18.37806511
v -23.55116081 -9.15971851 -28.21957207
v -22.95764351 -8.61067295 -28.57616615
v -23.36879539 -9.07014179 -25.99869347
v -22.78067589 -8.46095753 -26.00627518
v -22.18091774 -8.06714439 -27.31697083
v -21.42283630 -7.75092793 -27.35176659
v -20.62412453 -7.59857941 -27.39730644
v -21.86384583 -8.11244678 -24.41338158
v -21.13164520 -7.77088642 -24.49163628
v -21.24881744 -8.75069904 -22.29445648
v -20.46108627 -8.48244381 -22.21575356
v -20.06188774 -7.87568188 -23.17521286
v -20.35963440 -7.59299707 -24.59990883
v -23.10780716 -9.22833538 -24.36272240
v -22.53022003 -8.60567093 -24.36609268
v -22.42326546 -9.98923683 -22.13447189
v -21.87358856 -9.30690575 -22.17301941
v -23.05396080 -15.43222427 -27.77079201
v -23.46133423 -14.71420288 -25.87783241
v -24.35714149 -13.19566727 -27.29660606
v -24.31306267 -12.42532730 -25.98298645
v -23.82373619 -13.61058426 -24.44624138
v -23.19462013 -14.75459480 -23.62462425
v -23.29138565 -13.69370937 -22.43922234
v -22.52769279 -15.73904133 -24.44292641
v -17.28114510 -15.04691696 -28.95745850
v -17.81757545 -15.48331928 -27.91984940
v -17.09622383 -14.75891304 -26.76980972
v -18.40878296 -15.89464188 -27.27627754
v -19.27534103 -16.25675201 -27.91155624
v -19.95973206 -16.38171196 -27.18999863
v -19.05079460 -16.15474892 -26.43556976
v -18.03769875 -16.08807945 -25.89347649
v -18.44540215 -17.05605698 -25.14479256
v -19.54401779 -16.64649773 -25.70979309
v -17.61967468 -15.33955383 -26.46305847
v -16.59120560 -15.30785179 -25.44580460
v -17.17927170 -15.91629887 -25.51273537
v -17.58716965 -8.71939278 -27.62584305
v -16.83250999 -9.69062805 -27.80020332
v -16.33058357 -10.80577278 -27.65604401
v -16.09525490 -11.61800575 -26.85699654
v -15.82603741 -11.10188675 -24.93992805
v -16.33706093 -9.92040825 -24.41983414
v -15.49553585 -12.17230320 -24.62824059
v -16.89326859 -9.15800667 -23.44976234
v -24.45772362 -11.47701836 -27.16977119
v -24.26964378 -10.62833118 -27.13390923
v -23.93467903 -9.85206699 -27.28270149
v -23.91078377 -10.76962185 -24.48215675
v -23.57364845 -9.96085167 -24.39842606
v -23.50487328 -11.22198105 -22.98394775
v -23.16552353 -10.39509583 -22.85513878
v -24.10215569 -11.63073635 -24.58411026
v -23.19138145 -12.58719349 -22.10882568
v -20.89568520 -16.40887833 -27.97170830
v -21.55458641 -16.20035362 -26.98312569
v -22.42700386 -15.84915543 -27.66718292
v -22.05840302 -16.02154160 -25.26030540
v -21.15018272 -16.56855965 -25.14168549
v -20.63547325 -16.34085274 -26.22861099
v -19.99735260 -17.21968842 -24.89865494
v -16.22244453 -12.56114006 -27.91883469
v -16.30936050 -13.31045532 -27.00025558
v -16.74618530 -14.20656300 -28.00910950
v -16.55370903 -14.02407932 -26.31307983
v -15.75052166 -13.83381462 -25.12230682
v -16.10761642 -14.60814381 -25.31083298
v -16.02267456 -12.40180016 -26.02481270
v -15.53850842 -13.01767254 -24.88764763
v -19.81389236 -7.61942005 -27.44936180
v -18.91195297 -7.77084684 -26.10410690
v -18.27862358 -8.13390541 -27.40400887
v -18.07498360 -8.09296227 -25.01129723
v -18.55072403 -7.99732924 -23.56353760
v -17.55348015 -8.65754223 -23.19388199
v -19.57403564 -7.59004831 -24.72460938
v -19.00853348 -8.18988514 -22.68707085
v -20.71262169 -8.18195915 -33.47925949
v -19.87978554 -8.18656731 -32.61701202
v -20.71530724 -8.11444759 -31.76161003
v -19.07341194 -8.34755230 -32.27181625
v -18.31477547 -8.71570587 -32.26123047
v -17.63002396 -9.28091812 -32.57719803
v -16.18579292 -12.62668991 -33.06544876
v -16.21675682 -13.60418510 -32.62675476
v -16.41099739 -14.07252789 -31.68735886
v -16.27544785 -14.26337147 -34.05342102
v -17.27095413 -15.51638985 -31.32136345
v -17.11992073 -15.67774391 -31.86640549
v -16.52253342 -15.16945839 -32.03544998
v -16.78889275 -14.83126926 -31.34232330
v -16.84934807 -15.91229630 -32.14645767
v -16.00124168 -14.99080563 -32.50821304
v -16.49641418 -13.82354546 -30.36882973
v -20.20617867 -17.01280785 -31.33916283
v -20.20275688 -17.43915176 -32.02949524
v -19.44896507 -17.34251976 -32.09774399
v -19.39830589 -16.76798630 -30.89938927
v -18.95471382 -17.55953598 -32.61079788
v -18.57589722 -16.66840553 -31.80289650
v -24.03901482 -16.75924492 -34.30082321
v -24.74048615 -15.42810345 -33.91839981
v -24.48805618 -14.72373486 -33.99475861
v -21.88828087 -16.85261345 -31.73433113
v -22.60731506 -16.25222397 -30.81555367
v -23.29949379 -15.82087708 -31.24458313
v -21.02084732 -16.98300171 -31.36717796
v -24.71826363 -13.36236572 -33.60749054
v -24.67231750 -11.93466949 -32.15588379
v -24.58210754 -13.12331104 -30.92058563
v -24.47752380 -11.08772087 -32.18310928
v -24.13435745 -10.34011745 -32.54686737
v -23.64286995 -9.58801079 -32.23031998
v -17.07271194 -9.87696266 -32.22900391
v -16.62614441 -10.67809677 -32.53178024
v -16.34556580 -11.44810772 -32.19092941
v -15.91213894 -14.94304276 -33.99383545
v -16.43985558 -15.03504086 -34.35706711
v -16.52624702 -16.33374405 -34.39827347
v -18.52154922 -16.95161629 -34.25058746
v -18.82566833 -17.63489342 -34.10118484
v -19.40237236 -17.53160095 -34.44507599
v -20.20480919 -18.13657188 -34.45225143
v -17.89351463 -16.00034523 -30.89017296
v -24.26603699 -14.39386559 -30.94462585
v -24.49579620 -15.15376568 -32.30612946
v -24.13936043 -15.67316246 -32.03015518
v -23.82062721 -15.10579109 -30.76073265
v -23.48270226 -16.56808472 -32.16791534
v -24.66818237 -14.58460426 -33.01041794
v -23.03292274 -9.04173088 -32.59241867
v -22.32091904 -8.58644962 -32.60824203
v -21.53792572 -8.28420067 -32.61659241
v -17.72057343 -20.06038666 -21.59685516
v -18.32343864 -20.17142296 -21.19820976
v -18.17181969 -20.96004295 -19.06464386
v -19.52195358 -19.80124283 -20.72428513
v -20.75860214 -18.66765785 -17.50368881
v -20.28964806 -18.41628075 -16.79568672
v -19.69581413 -19.96114731 -16.79610825
v -19.30061722 -20.47084427 -17.16292572
v -18.88796616 -20.69582176 -17.56448746
v -16.56329346 -21.40632629 -19.51958466
v -17.12961197 -21.47773552 -18.91092682
v -14.83248043 -18.49283600 -21.96318436
v -14.49950409 -16.75982475 -22.51336861
v -14.83003807 -16.49553108 -22.84420013
v -15.83571434 -18.43595505 -22.62771606
v -20.91818428 -19.55486679 -18.74241066
v -20.68891144 -20.12928009 -18.25723076
v -21.12996101 -19.18950272 -18.27456856
v -19.19045067 -20.71256828 -18.09789085
v -18.81908607 -20.71796608 -18.67574120
v -20.61948395 -18.97348022 -20.19479179
v -20.94670677 -18.75835991 -18.68507576
v -20.45329285 -20.26724052 -17.67762947
v -20.52720261 -19.78520584 -17.22534943
v -15.95266151 -20.27079391 -21.14488983
v -16.94492912 -18.62697792 -23.18463898
v -17.13801003 -19.79739761 -21.93499184
v -16.03415489 -21.15218353 -20.09706497
v -16.01414299 -10.21794319 -23.18116379
v -15.14533997 -11.50376987 -23.00064278
v -14.82684517 -13.26049328 -23.69382095
v -14.42082787 -14.04809284 -23.21049690
v -16.17886734 -9.79202080 -22.21772957
v -15.52418423 -10.62933254 -22.53759193
v -16.09165955 -16.38656235 -24.39484596
v -16.66514015 -16.98479271 -24.43686867
v -17.48549652 -17.10143852 -24.76837158
v -18.84438896 -17.88964272 -24.27935982
v -20.31755829 -20.23422241 -18.92051125
v -21.99170303 -16.75926018 -23.58720016
v -22.11409187 -17.71904564 -22.89621544
v -23.10592461 -14.99844170 -22.65690994
v -22.88473511 -15.47173405 -22.98173714
v -22.92328262 -16.07965279 -22.81427383
v -22.59394073 -15.90839958 -23.42166710
v -22.71295357 -16.42058182 -23.08948135
v -22.96298981 -16.66377258 -22.79526520
v -21.56894493 -11.19501781 -20.19564819
v -21.07666779 -10.35612679 -20.33140755
v -20.52067184 -9.64983559 -20.61841011
v -19.43358803 -8.60187912 -21.71781731
v -20.27484894 -9.87038040 -19.85556221
v -19.72748947 -9.23160076 -20.31603050
v -19.10556221 -8.81947517 -20.77091789
v -21.45132446 -12.17001247 -19.43961716
v -20.73858261 -10.76351261 -19.40530968
v -17.98725128 -8.65538216 -22.32858086
v -17.66433144 -8.77766228 -21.57894897
v -16.90474892 -9.17040825 -21.91134644
v -18.40527344 -8.68771648 -21.16987801
v -14.92700672 -14.14656925 -23.91784096
v -15.20895481 -14.96113110 -24.12016487
v -15.60296535 -15.71260548 -24.28267670
v -15.03064442 -15.78896427 -23.47475052
v -14.63663387 -14.99409676 -23.34604645
v -20.00925255 -18.28328514 -23.31969070
v -22.05777359 -16.80282021 -21.11562920
v -22.29262733 -17.24755859 -21.45129967
v -22.86361885 -16.73612785 -21.85468292
v -19.05384827 -18.97085571 -22.93160248
v -22.59889030 -11.13930225 -21.51364899
v -19.23381805 -8.98679924 -34.33098984
v -19.10903740 -8.72995090 -34.32283783
v -17.12279129 -10.54165173 -34.29682159
v -16.48209000 -11.70941162 -34.26617432
v -19.15811920 -16.14477539 -34.43288422
v -17.57744026 -16.56861305 -34.42226028
v -22.32205009 -16.74134064 -34.38218689
v -21.99349785 -17.15667915 -34.18655014
v -21.07306099 -17.58207512 -34.42215347
v -21.28540802 -14.04256248 -34.30652237
v -24.51380539 -13.39093399 -34.24948120
v -23.98324585 -10.95496559 -34.29549789
v -23.53151894 -9.90366173 -34.30619431
v -24.53366089 -12.15281868 -34.25711441
v -22.04078674 -8.86858177 -34.32623291
v -4.67610884 -30.44999886 -24.98771095
v -9.43172646 -30.59789848 -21.95312119
v -9.65965652 -29.28666878 -21.97743797
v -9.38305378 -30.59395599 -22.73833656
v -7.27916336 -30.97985649 -23.90649223
v -7.61448288 -31.36264992 -23.67673302
v -8.05712605 -31.61105347 -23.32105827
v -9.01179314 -28.67901230 -22.77462006
v -8.43620777 -28.47202682 -23.13956261
v -7.97692347 -28.65270805 -23.53417778
v -8.73658657 -29.11875916 -23.52772713
v -12.50312042 -29.70587730 -18.04549217
v -12.34600544 -29.91805077 -18.85070801
v -11.96402836 -30.10312653 -19.41865921
v -13.43448544 -30.62276077 -18.72724533
v -11.48260021 -31.10519028 -20.05225182
v -11.07163334 -31.64359665 -20.12097359
v -11.20202255 -32.18908691 -19.96204185
v -12.51028252 -31.85808563 -19.97615623
v -11.82513523 -32.58717728 -17.85799408
v -11.93922615 -32.05187607 -17.31803322
v -12.39845657 -31.39869499 -17.19404221
v -13.07944393 -32.12802505 -18.13775635
v -12.70462799 -30.20031357 -17.16331291
v -12.75979137 -29.96289062 -17.58757782
v -12.01869106 -30.58863640 -11.97042656
v -12.38829327 -30.28809929 -12.27193832
v -12.51781273 -29.95733452 -12.77479935
v -13.55244637 -31.09829140 -12.71018410
v -12.75320816 -30.45961571 -13.92870998
v -12.47205067 -30.90807915 -14.44652748
v -12.43539810 -31.68675232 -14.58252430
v -13.54412556 -31.55854988 -13.72117233
v -11.65689564 -31.58412933 -12.00842190
v -7.49030781 -30.68237305 -8.51698971
v -8.39149761 -30.70296478 -8.51393509
v -8.47717762 -31.50114822 -7.97373724
v -8.97087574 -30.60812187 -8.85038662
v -9.61528969 -31.64954758 -8.05746841
v -9.18610191 -31.68167114 -7.81901884
v -9.78217316 -31.04918480 -9.55175400
v -9.79918194 -31.44522095 -10.04079151
v -9.68564510 -32.06720352 -10.26349545
v -10.10772419 -32.30475616 -8.91052628
v -7.43851566 -32.16283417 -8.24947071
v -7.66024542 -31.57555962 -8.17087364
v -4.86296511 -30.91537285 -6.92325306
v -5.05531025 -31.32873535 -7.28682566
v -4.93869209 -31.98831749 -7.26849937
v -4.80016708 -31.81722069 -6.20011044
v -4.24985838 -32.96744537 -7.99596024
v -3.59654427 -33.21094894 -7.86156893
v -3.79886842 -33.06918716 -7.08997822
v -4.29883289 -32.86907578 -7.20678043
v -3.01658726 -33.15628815 -7.27355480
v -3.57189894 -33.02895355 -6.20737743
v -4.21578646 -32.95533371 -6.49833059
v -3.73014545 -30.41796112 -6.56415653
v -4.41026402 -30.66270447 -6.65188980
v -3.95348144 -31.29092598 -5.72110462
v -12.09478569 -32.44947052 -19.61300468
v -13.02688789 -32.03913498 -19.68062210
v -12.26935768 -32.63188553 -19.15311432
v -13.25154018 -32.15351486 -19.21730804
v -13.54570580 -31.40030289 -19.03299332
v -13.22584152 -31.57855988 -19.61079216
v -6.20969486 -45.18506241 -14.34312630
v -7.98184681 -41.10053635 -11.48865700
v -8.27443218 -41.44849396 -12.39076805
v -7.67293692 -42.62612915 -11.95955276
v -8.22745800 -41.31568146 -13.00426960
v -7.01809549 -44.22908020 -13.75845623
v -7.43322325 -43.85049820 -12.90071201
v -7.17518377 -43.88188553 -12.28699970
v -8.62389183 -39.60996246 -9.61176109
v -8.17806244 -39.84841156 -9.41630936
v -7.56827259 -39.85238647 -9.14505196
v -9.52275372 -35.59486389 -14.13243389
v -10.37561131 -34.17412186 -16.73718071
v -9.63478756 -34.22805023 -19.66965485
v -10.37134552 -33.70138168 -18.07082367
v -7.67777491 -39.94804382 -20.27772141
v -8.49982166 -38.40074158 -19.46611977
v -7.93353033 -40.93174362 -13.30687428
v -9.06656075 -37.65302277 -12.45909595
v -8.42262077 -38.04492569 -13.08902836
v -7.65482140 -41.52487946 -18.66457748
v -8.29745007 -39.65094757 -18.62468910
v -8.59319019 -40.04254532 -16.95456505
v -8.00417519 -41.69181442 -16.33045197
v -7.90580416 -40.53172684 -14.59902000
v -8.69019222 -39.44718552 -15.92509365
v -8.52375603 -39.78832626 -15.36372566
v -8.72384262 -39.55656433 -16.41699982
v -7.52695990 -41.84763718 -15.20158195
v -8.39698315 -40.96940613 -16.34404755
v -8.22701168 -41.01016998 -16.07089043
v -8.67955399 -40.21926498 -16.19039917
v -8.19333363 -41.41565704 -16.26781082
v -8.12985134 -41.33623505 -15.69510078
v -8.09836006 -41.30491257 -16.08847427
v -8.33896828 -40.87901688 -15.64219761
v 0.04597317 -50.63451767 -16.01909447
v -19.24722099 11.11918640 -5.89299059
v -17.00691032 14.28369904 -3.89913511
v -15.64046001 16.82986450 -3.84047055
v -14.04840851 18.97306633 -4.42658901
v -15.77569389 -16.34601402 -4.14664221
v -15.22928143 -15.42254829 -3.50459790
v -16.12230873 -13.97742081 -3.74681282
v -16.34085274 -15.80528927 -4.48841333
v -14.71320248 -14.02481651 -1.95920455
v -16.89666557 -13.78220654 -4.78465843
v -17.23940849 -16.16280556 -5.04667377
v -17.50071335 -13.86088276 -6.01584911
v -17.30054855 -15.56863022 -5.90036345
v -18.49585152 -13.04784679 -7.58573008
v -17.64242554 -14.76965523 -7.07249451
v -13.73570728 -20.71056747 -6.54904318
v -13.45568180 -19.74355125 -5.13806677
v -12.55725574 -22.14737320 -6.64414883
v -13.86404228 -18.21461487 -4.11075401
v -14.42778015 -16.58283043 -3.43729687
v -15.33049679 -17.20460129 -4.23827267
v -14.70288086 -20.98556328 -8.49413395
v -14.11971188 -21.02990532 -7.50157738
v -14.47949219 -21.67500305 -9.26654148
v -15.88291168 -20.02102280 -9.77558994
v -15.28615570 -20.66801834 -9.33439541
v -16.31231117 -20.08116150 -7.77620554
v -17.10980988 -16.97341919 -8.34639359
v -17.69816589 -16.15956688 -8.76822281
v -9.19157791 -16.67188072 0.76695663
v -10.23621750 -15.46351814 0.89023632
v -10.62985897 -16.88979149 0.20653693
v -8.19164848 -15.34913826 2.12024236
v -11.62683964 -14.90483665 0.28905693
v -11.74616909 -17.09696198 -0.11332674
v -12.85950470 -14.67223167 -0.58101022
v -12.54432774 -17.31484604 -0.63285512
v -13.51305580 -15.76632023 -1.83144867
v -10.31410313 -21.90102577 -4.38151121
v -9.31196117 -22.01298332 -3.85395193
v -10.34872723 -22.56158066 -5.20244551
v -7.27955818 -23.14804077 -3.93115306
v -8.52299309 -21.79064751 -3.22012258
v -12.07898808 -20.60492897 -4.01541090
v -12.16219234 -21.02369118 -5.09212017
v -11.27927589 -21.62150002 -4.88453007
v -11.59418964 -21.10057640 -3.36304498
v -12.67479610 -19.96575546 -2.93061805
v -13.59710312 -16.94466591 -2.76755285
v -7.78447294 -20.91183853 -1.91302073
v -9.53419209 -20.47717285 -1.34543920
v -7.60882187 -19.55618286 -0.54396313
v -8.30160522 -17.87213326 0.39153546
v -3.18378639 -18.48984718 2.40071535
v -2.46664715 -17.51403809 2.90183878
v -4.04109621 -15.89501095 3.44871140
v -4.08086872 -18.52960777 2.56270099
v -6.03923035 -15.95463562 2.70952034
v -6.96201134 -17.14256668 1.59510553
v -4.19798708 -22.70089531 -2.21176744
v -4.11586189 -22.25798798 -0.43869349
v -4.03992462 -23.41532135 -2.94180846
v -2.55132627 -22.39783096 -1.37477136
v -6.42634249 -22.08112526 -2.47075462
v -6.32581234 -21.17822456 -0.25264177
v -7.25712442 -18.28878784 0.63045901
v -2.82800770 -19.33390045 1.86715293
v -1.70116508 -8.11529064 7.01530457
v -3.36509871 -6.47489595 6.94089460
v -6.18468046 -7.11099005 5.89391232
v -5.35242462 -8.80267620 6.42913342
v -7.85356426 -5.72889853 5.49782181
v -6.25066519 -8.77186871 5.77818918
v -2.26653481 -14.34036160 4.74245024
v -7.03921270 -13.90601254 3.39063931
v -5.70446396 -13.81564617 4.24964762
v -7.98511171 -10.67757034 4.27381897
v -7.84055758 -12.58479786 3.62145305
v -7.86786175 -8.86684322 4.83558178
v -6.78717661 -9.71703148 5.36121845
v -1.36918926 -9.57358170 6.73219824
v -2.54916716 -10.35875988 6.84189177
v -1.68241763 -12.98960400 5.48865843
v -9.73103905 -6.52276516 4.41029024
v -10.81269836 -7.52674961 3.80255461
v -11.79559135 -5.45190144 3.43621755
v -13.32042122 -5.42983627 2.25737190
v -15.36219883 -4.43754244 0.63846350
v -9.93710232 -13.76451302 1.97495031
v -11.17353249 -12.74409771 2.18164515
v -10.08344746 -12.69259548 2.58566141
v -14.36950970 -11.95323277 -0.62356043
v -14.98893642 -8.44710827 0.05144991
v -13.95951653 -10.88710880 0.78064853
v -8.91479111 -12.26783085 3.22623134
v -9.61939716 -11.76101971 3.25772262
v -16.29998779 -6.02032518 -0.73062044
v -17.00999260 -4.41763639 -1.36308062
v -17.90525818 -4.18542719 -2.61812687
v -18.68853760 -4.31247234 -4.08350182
v -18.68027115 -6.08025360 -3.60728717
v -20.28049088 -2.88087964 -7.39050865
v -19.14379311 -5.39513254 -5.19249249
v -19.01603889 -6.54261827 -4.42985392
v -15.82477379 -12.23117828 -2.30055404
v -18.34429359 -11.56543636 -6.21980572
v -17.80546379 -12.28152275 -5.45485020
v -18.13786125 -11.49192142 -4.71190691
v -19.42027855 -7.06144238 -6.42421675
v -19.15906525 -7.48283005 -4.97742414
v -19.06058884 -8.52099133 -6.15682268
v -18.78253937 -10.19119167 -6.35019445
v -15.69196224 -10.88379097 -1.51179564
v -16.53917503 -10.36234093 -1.70822155
v -15.74946880 -9.20484924 -0.95400894
v -15.93767929 -7.47461510 -0.64172846
v -1.20467591 1.65134764 8.36037540
v -2.91783452 3.52616262 7.91266346
v -5.69015312 2.77376676 7.14876127
v -4.81849289 1.11552060 8.03687763
v -7.38372183 4.02973461 6.46731281
v -5.72268438 1.04658723 7.42521858
v -1.45955575 -4.58994389 7.78278780
v -6.51154804 -4.15148735 6.33976746
v -5.39829206 -4.84166384 6.63561773
v -5.08169317 -3.98476219 7.16433573
v -7.47611570 -0.89824080 6.42278814
v -7.34427881 -2.81047177 6.24050140
v -7.37353182 0.91527671 6.54999065
v -6.24181795 0.12554413 7.23279524
v -0.70313138 -1.50021017 8.35700512
v -0.76021600 0.21843836 8.43883991
v -0.89523917 -3.20801044 8.12213612
v -1.60605907 -2.70825648 8.31034660
v -9.48806000 1.60532176 5.75617695
v -8.72795010 2.44642520 5.93985891
v -9.74199295 3.75199986 5.38654852
v -10.38677502 2.28117466 5.30613518
v -11.21155357 4.81636000 4.50263166
v -12.66576385 4.54004717 3.53292966
v -14.63747597 5.26590204 1.86831141
v -10.97041893 -3.05797911 4.87915850
v -9.02379990 -3.91345882 5.28981018
v -14.64432240 -2.30800557 1.66980541
v -13.21246624 -3.84099722 2.68792915
v -15.07037640 0.29829895 1.60845518
v -14.90446758 2.14612508 1.82565594
v -14.00585842 1.28135049 2.83569622
v -8.45874596 -2.52689147 5.80430937
v -9.47189331 0.41080946 6.00410557
v -16.70094872 2.96492672 0.40738648
v -15.82888126 3.73915052 0.81508893
v -16.36439133 5.06889677 -0.03749473
v -17.76607323 3.33755684 -0.20279801
v -17.24535942 6.22962713 -1.33448553
v -18.36846542 3.62766719 -1.03605509
v -18.24844933 5.54405832 -2.92722130
v -19.10906410 3.44245791 -1.83321285
v -18.99792290 4.54939461 -4.07892036
v -16.24701118 -2.59366584 -0.03212329
v -19.29387856 -1.09872174 -3.77137923
v -19.23563576 -1.88526833 -4.75645828
v -18.71049881 -2.61367702 -3.72314167
v -19.26986504 -1.40052259 -2.59608817
v -19.55376053 2.57353616 -5.20056295
v -19.48082542 1.39931142 -4.92528963
v -19.47640228 -0.36820659 -5.02081728
v -19.92870903 0.18023270 -3.22528338
v -15.89765644 -1.22890007 0.62234920
v -17.42988396 1.83123791 0.71226805
v -0.90819377 11.40081787 6.87533140
v -2.46841788 12.74334717 6.09832954
v -4.64636993 12.43913746 5.64793205
v -4.04374266 11.15984058 6.91403723
v -5.85960340 13.88421154 4.78710699
v -4.82123137 10.99806595 6.34229517
v -1.06280684 5.16542435 8.19596672
v -6.03349066 5.59534979 6.81961584
v -4.68547106 5.80136013 7.54454899
v -6.77374125 9.47463894 5.75623655
v -5.39565897 10.04879570 6.43992901
v -6.70844793 6.97923183 6.33903027
v -0.60328585 6.58295679 8.08084965
v -0.49354008 8.33151722 7.78647423
v -1.54923773 9.57637310 7.96831322
v -7.57877874 13.09105587 4.34359503
v -8.88853931 14.44686890 3.20419264
v -10.25338459 14.64163589 2.24499631
v -10.54644394 12.44366550 3.48948431
v -12.32104492 15.80729008 -0.11019342
v -11.30265713 12.45256615 2.73353386
v -9.71271324 5.48570967 5.27095747
v -8.41029739 5.92069054 5.81220865
v -12.06066132 6.91630173 3.86395741
v -8.42462158 8.01470757 5.64611530
v -12.71229076 12.39706135 1.53088522
v -12.06982517 11.48928833 2.58692527
v -16.22647285 6.94726658 -0.05403031
v -16.90006065 8.75859833 0.08541635
v -15.25624466 7.33379889 0.92125374
v -15.84299469 8.64095402 0.61992675
v -18.29552841 8.10296726 -3.62118959
v -17.88740540 7.35391569 -2.59672022
v -14.62820721 8.88403702 1.23227036
v -15.26761913 9.70449734 0.93125933
v -13.46281719 14.56274986 -0.31615105
v -17.76417732 11.78324223 -2.26063681
v -17.65653801 11.73100281 -3.60918283
v -18.06424141 10.57187843 -2.28359699
v -15.00873661 15.33291912 -2.29212809
v -14.49402714 16.51136971 -2.61788988
v -15.90155411 14.95449638 -2.95797539
v -16.82786369 13.55234051 -3.31849360
v -16.96962738 13.00635052 -2.56807256
v -10.25220680 18.36519623 -0.15456699
v -8.53068161 20.97761154 -0.54067177
v -7.27460814 22.99742889 -0.17451897
v -8.70104027 22.41938210 -1.89208138
v -9.26709461 21.60549164 -1.50684547
v -9.30353546 22.13315582 -2.06547475
v -8.19238663 23.72241402 -2.18053913
v -8.77418613 24.21305847 -3.91008854
v -13.14516449 17.34886551 -2.02189755
v -13.88263130 18.17440796 -3.41180897
v -11.51977921 21.29410553 -4.61801243
v -11.15467930 21.51049042 -4.01941299
v -13.22047043 19.32231522 -4.00119257
v -6.45388412 15.74386024 3.77349877
v -8.58081532 17.26779366 2.22640705
v -4.96944618 21.26177216 2.48865938
v -3.70544744 21.52270699 3.33966327
v -6.18454885 22.48597908 1.18842340
v -4.50417185 18.65729713 3.48630476
v -2.64874935 14.08674622 5.59082127
v -3.91366959 15.72671890 4.87241793
v -4.50168371 15.13744068 4.75129747
v -3.37599945 15.13449192 5.22082424
v -0.28511390 19.17350769 4.82460165
v -1.65255880 20.84798813 4.29156590
v -2.84596515 20.44997406 3.86644578
v -0.63909543 15.98939228 5.62378693
v -4.44215202 26.05893707 2.68073273
v -5.09680033 25.91860199 2.46086764
v -3.18441820 -25.80800629 -3.11414194
v -2.24726081 -24.59769630 -3.25551081
v -4.02589035 -24.10541916 -3.45849299
v -3.81103325 -25.54138374 -3.02780414
v -4.39109516 -24.76463127 -3.52913809
v -5.30634594 -25.24906158 -3.62282205
v -6.31133080 -24.33691788 -4.40952682
v -5.94839001 -25.10735130 -4.38846207
v -4.23516607 -28.31604576 -5.36795902
v -3.60125732 -28.51863289 -6.44079781
v -3.48595595 -28.25896072 -5.11534405
v -3.41337585 -29.34763718 -6.85185766
v -1.96204829 -28.15390205 -5.86739731
v -2.56733513 -27.92777443 -5.30160618
v -5.60135317 -27.84994125 -6.17704487
v -5.80936480 -28.13273239 -6.93641806
v -4.91075516 -28.18265533 -6.10995436
v -6.42181349 -29.08526611 -7.72496605
v -6.22939014 -26.54805374 -5.60872602
v -6.68856859 -26.83595276 -6.52061939
v -5.98562145 -27.42865372 -5.47275496
v -6.57674265 -25.23215675 -5.27422237
v -6.16714430 -26.08858681 -4.62054014
v -2.17964411 -26.71119690 -4.40805244
v -1.70487761 -26.72641563 -4.79595375
v -2.69072008 -26.24077606 -3.56705403
v -2.23915100 -27.40811539 -4.88558340
v -8.61314869 -24.83035278 -5.39007711
v -8.01070499 -24.16250420 -5.10170460
v -8.92848301 -23.61346054 -5.13361740
v -9.66442204 -24.79601669 -5.23841286
v -9.97243786 -23.35299683 -5.51098680
v -10.11293697 -24.14976120 -5.67349911
v -10.91296482 -23.25704956 -6.14871311
v -10.82091331 -24.12406158 -6.23802614
v -11.88802528 -24.02321625 -7.68412733
v -11.28833389 -24.37041092 -6.82962132
v -9.76021290 -27.79201508 -7.44781017
v -8.98714828 -28.24911308 -8.61472797
v -8.12982464 -28.26807213 -8.07389832
v -9.35851383 -27.79607010 -6.83088541
v -8.99807549 -28.86977768 -9.13141251
v -7.43006372 -28.00329208 -7.58478212
v -8.19891644 -27.58895302 -7.14790535
v -10.58457088 -27.21453285 -8.52236080
v -10.51000214 -27.61412621 -9.41191292
v -9.81276894 -28.05637360 -9.10026360
v -10.32968998 -27.60685921 -7.77583647
v -10.79500389 -28.62227058 -10.49441433
v -11.23946381 -25.81911850 -8.05694199
v -11.51232147 -25.22838593 -8.45124149
v -10.97542095 -26.59576416 -8.42346287
v -11.49550247 -25.35559654 -7.12720966
v -7.23974609 -27.22243118 -6.98539305
v -8.58906269 -26.66862869 -5.97294998
v -7.41816187 -25.66977119 -6.00142002
v -14.71425629 -23.76122665 -11.32024670
v -14.82031536 -22.79447365 -11.29044056
v -14.47664928 -23.84453583 -12.48179340
v -14.85091114 -24.84662628 -11.71183395
v -13.74797726 -25.32025909 -13.49462414
v -14.52130508 -25.60310173 -12.08141041
v -13.08631611 -26.84132385 -13.66119099
v -14.49163151 -26.28195763 -12.01052856
v -12.54377460 -28.31567764 -14.87571526
v -13.52769566 -26.65221786 -12.50849247
v -11.73163509 -27.36061478 -10.58320141
v -11.79272175 -26.51435089 -9.82898903
v -12.87216949 -23.30539131 -8.15046787
v -12.41960049 -27.61991882 -12.07066727
v -12.04570580 -27.61591530 -11.27832794
v -11.84354019 -28.37523651 -12.04059792
v -12.69091034 -27.50143051 -12.88154316
v -13.33179569 -26.96091652 -12.09699821
v -12.36462212 -28.29250526 -13.47103214
v -13.48640919 -22.80100441 -8.63358116
v -14.35373783 -22.53648567 -9.97017384
v -15.18723106 -24.11034393 -10.40991974
v -2.18762136 -33.64190292 -7.91007233
v -2.06800246 -33.03453445 -7.37550688
v -0.79381382 -32.94901276 -7.36055088
v -1.49389088 -32.64315796 -7.12273312
v -4.37255859 -33.41401291 -8.51024818
v -4.85188007 -34.48661423 -9.04360008
v -2.11318564 -30.35176659 -6.59454203
v -1.69874263 -29.88403130 -6.67353392
v -2.99610209 -30.42085838 -6.40101242
v -5.41861916 -30.04190826 -7.66946125
v -5.50387430 -31.60865974 -8.29912376
v -4.69695091 -32.54080963 -7.40112638
v -1.84411371 -31.66084290 -6.34442854
v -0.73299021 -31.72806358 -7.03736973
v -1.61901367 -30.80633736 -6.62634945
v -1.62901926 -32.16378403 -6.64167404
v -8.14272690 -33.56698990 -9.60396767
v -7.38919878 -34.05910873 -10.30694103
v -6.58622169 -33.94736481 -9.74915409
v -7.64270926 -33.46272278 -9.21211624
v -7.67562246 -34.64369965 -10.68051910
v -6.21506596 -34.54306412 -9.71945381
v -5.96871758 -33.56883621 -9.26519871
v -6.79117870 -33.18272400 -9.12522507
v -8.86002350 -33.21716309 -10.72370148
v -8.83980179 -33.71976089 -11.35205364
v -8.17279625 -34.02193069 -10.88768768
v -8.36679935 -33.53945160 -10.39836025
v -9.23770905 -35.06588364 -12.12027454
v -7.02478361 -30.06318283 -8.44610786
v -8.42140961 -29.63275719 -9.08651924
v -9.52150059 -30.83877754 -9.13270283
v -9.93725967 -29.85201263 -10.27397537
v -10.11941147 -30.77390099 -11.12448502
v -9.46968174 -32.96496964 -11.62073135
v -9.43197632 -32.67517471 -10.36518383
v -6.04649782 -32.28864288 -8.77271175
v -7.13568830 -32.67955017 -8.56712246
v -0.00563474 -35.28142929 -7.78810644
v -3.43171501 -35.18700409 -8.70362091
v -2.69872475 -35.83842087 -8.12387371
v -3.22675776 -35.96628571 -8.61504459
v -3.63904190 -37.03227615 -9.27212334
v -3.94092155 -37.64501953 -9.48824501
v -3.23939657 -40.20266342 -9.97991562
v -2.01801062 -39.36468887 -9.41235065
v -3.37768459 -36.59095001 -8.83695793
v 0.72640759 -38.45620728 -8.48939514
v -1.83682013 -38.81030273 -8.97798443
v -0.34487772 -39.25626373 -8.94341278
v 0.11823739 28.33412170 5.79314518
v -0.35265839 28.60587883 6.07592249
v -0.45499212 27.80762863 5.74045753
v -0.05476757 27.51322746 5.41114140
v -3.61227012 37.05570984 -2.85975266
v -1.56150770 38.98162079 -2.19972110
v -5.04721975 34.85583878 2.25805640
v -0.81928867 27.62289429 5.35906935
v -0.92999548 27.86468697 5.69203568
v -1.69516826 27.99982452 4.96192074
v -0.81938076 37.71686554 -4.34208107
v -3.81978130 30.89248085 4.43209171
v -7.21028233 28.28455353 -1.13266182
v -7.03488159 27.87140846 -0.46584693
v -7.87045860 27.91464233 -1.21170616
v -6.97686195 27.30819130 -0.22550811
v -5.49622869 24.06759644 1.89265406
v -5.59067631 24.52938271 2.18317223
v -0.79465640 33.57447052 -9.20013618
v -2.91905880 34.06411362 -7.62875366
v -2.22713327 23.20955086 4.17969179
v -4.32474232 31.62416458 -9.20326900
v -4.83630562 33.41676331 -6.46495628
v -1.19811964 25.33137131 4.39143753
v -1.34667659 24.98615074 4.59757948
v -1.72936499 24.78287888 4.73772383
v -6.35185337 31.85027885 -6.16502476
v -6.28403234 31.85932350 0.47218600
v -5.92628574 32.75249481 1.38958228
v -5.58507442 32.99582672 1.83403563
v 0.27354822 35.91594315 -6.96061611
v -1.63629973 29.27834892 5.33778429
v -1.82871032 34.82712173 -7.41489744
v -0.98708016 29.94717216 5.83690643
v -0.82989329 29.51501465 6.00128174
v -3.50799942 28.75843811 4.17543316
v -4.58186197 29.42241478 2.95283127
v -6.33901739 32.70923233 -3.54895163
v -6.52854061 31.47336578 -1.72802591
v -4.72781086 37.21232605 0.33940098
v -4.30878592 37.89565659 0.02055095
v 0.73554426 39.16500092 -3.13991976
v -2.71227312 30.56161499 5.15131092
v -5.91340780 30.88041878 1.45764577
v -2.79535794 22.65144539 3.62413859
v -2.69360995 24.55031395 3.69890761
v -0.18325907 25.96188164 4.79928827
v -2.04807019 26.05798912 4.09421825
v -2.71942067 26.94385529 3.99160814
v -2.10981536 25.29155922 4.02352047
v -3.91166830 23.56424713 2.99096775
v -6.32976198 23.95080757 0.58790880
v -5.86780548 25.90087509 1.15959799
v -6.52026367 24.94728661 0.25133839
v -3.67913842 26.93308640 3.27396202
v -5.43968391 28.49862099 1.54254973
v -5.98746490 26.96491814 0.82109231
v -7.85361385 27.56421852 -2.91012287
v -8.23088169 26.61414337 -4.62285709
v -8.38891697 25.56918907 -4.27187061
v -7.25354338 24.45287895 -0.79097009
v -7.96762848 24.63276863 -2.30737352
v -6.50362301 29.53121376 -0.68920249
v -7.28377104 28.77604103 -2.54437494
v -7.32590008 28.41499519 -2.05504775
v -6.00568533 28.56771469 0.63074368
v 0.10950882 29.88219643 6.22338009
v -3.19799161 31.95702362 5.10283661
v -3.71345687 33.87729645 5.06270218
v -4.37972069 30.77142334 3.48363876
v -4.85611963 32.58443832 3.15170264
v -4.84024191 33.69753647 3.04734135
v -6.37378693 31.12946701 -0.90629798
v -6.24318695 31.00192070 0.16388142
v -1.51399910 -43.30097580 -10.30281353
v -0.47795239 -43.54411697 -9.89555264
v -0.66787475 -42.74915695 -9.33863449
v 0.79130912 -43.59693146 -9.79750729
v 0.03833730 -43.37170410 -9.44108677
v -4.37037468 -41.92774963 -10.71229553
v -4.27071190 -43.34863663 -10.87167931
v -3.74346876 -43.17317200 -10.90885735
v 1.29880774 -46.24445343 -11.02320862
v 1.35828841 -47.41481400 -11.66075325
v 2.20880628 -47.46802521 -11.80077076
v -0.04432914 -46.48936844 -11.41155243
v 0.55619037 -47.53331757 -12.04631329
v 0.54406184 -47.12055206 -11.54013252
v -6.80584764 -42.64690781 -11.49337482
v -8.73734951 -38.88069534 -11.56608200
v -9.06140041 -36.91744995 -11.66580868
v -5.38375759 -46.68135071 -14.50824547
v -8.94122791 -36.96874237 -12.68290615
v -0.57372320 -41.56932449 -9.32991219
v -1.35681391 -41.88918686 -9.76224041
v -0.01036107 -41.95396042 -9.00596046
v -6.42392015 -45.52270126 -13.49888897
v -4.88026476 -46.15139389 -13.05400848
v -6.55746889 -44.95785522 -12.70849895
v -4.19219446 -47.15765762 -14.00830746
v -1.86283469 -37.28750229 -7.23906183
v -1.68742049 -37.92738342 -7.39425421
v -2.45751047 -37.49129868 -7.49768066
v -2.60767365 -30.90681458 -6.12333059
v -3.08159757 -31.31545258 -5.70013237
v -2.61494088 -32.94237900 -6.71745348
v -2.50345731 -32.72599411 -6.30516911
v -7.71001005 -33.13616943 -8.60914612
v -8.55145645 -33.10112762 -8.06054878
v -9.25140095 -33.13048553 -9.85731983
v -9.63311577 -33.18495941 -8.99496841
v -8.90162659 -33.39747620 -9.59043407
v -9.18420601 -33.40821838 -8.53215599
v -11.61112022 -33.45887756 -13.77270126
v -10.05237675 -34.06237411 -13.42964077
v -11.23588276 -33.51459122 -13.30235863
v -9.89755344 -33.81002426 -12.69185829
v -11.35624027 -33.24036026 -12.76663685
v -11.88851261 -32.89803696 -14.63902950
v -10.73539162 -33.28646469 -15.67121410
v -11.51330185 -33.29931641 -14.38070011
v -11.02945137 -29.55890083 -11.47896671
v -11.51530361 -29.12128639 -11.95649815
v -11.94586086 -28.96541023 -12.69143677
v -12.16493034 -29.01301575 -13.60015678
v -12.80265713 -30.22116661 -13.38666916
v -12.19947624 -29.34393883 -14.39786816
v -11.58051109 -31.14842415 -15.53916645
v -12.17612171 -32.35225677 -14.69529819
v -10.00782585 -32.86896896 -12.17619991
v -11.18048382 -32.66395950 -12.36525345
v -10.83407879 -32.90657043 -18.93578339
v -10.28671932 -33.27877808 -18.94252396
v -11.48228455 -32.84027100 -18.36577797
v -10.74645042 -33.12089920 -17.23682976
v -9.83330631 -32.49370575 -20.35342026
v -10.02246571 -32.98366547 -19.75539970
v -10.64155006 -32.65031815 -19.55655098
v -9.17662239 -32.89740372 -21.14007187
v -12.21137810 -29.25430870 -15.99497414
v -12.17788506 -28.96551514 -16.67230225
v -12.20748043 -28.42052650 -16.85603714
v -11.96892643 -28.90327072 -17.55637741
v -11.54911137 -28.93412971 -18.58484840
v -11.61409569 -28.39846039 -18.55104065
v -11.06610394 -29.16331100 -19.46249962
v -10.04385948 -30.39891052 -20.70110130
v -11.49513435 -30.46161842 -19.83423424
v -9.80265808 -31.70621109 -20.69640160
v -11.45182037 -31.47552872 -16.39072227
v -12.44224453 -30.66304588 -16.92723465
v -14.96165752 -26.72399330 -11.40503025
v -15.89175892 -26.19343376 -11.00438499
v -12.73240757 -32.76848984 -12.36051464
v -13.64818382 -32.30107117 -12.87532902
v -13.42753410 -32.17378998 -12.43279171
v -13.76867294 -31.72537994 -12.74230766
v -12.77737999 -33.21768951 -12.87427616
v -12.98454857 -33.07876968 -13.69621086
v -13.49630928 -32.73552704 -13.48061657
v -13.43638134 -32.83221054 -13.03773594
v -13.71643257 -32.23619080 -13.35243893
v -13.42437458 -31.12967682 -17.89688301
v -12.80939770 -30.98622704 -19.79005051
v -12.21443272 -18.64014244 0.20169212
v -3.92483354 -19.68120003 2.52941918
v -4.55297565 -19.94540215 2.69804025
v -4.30409908 -10.97910786 7.46745300
v -3.65563011 -10.93708420 7.36592245
v -4.93445301 -10.91486073 7.34780693
v -5.00206995 -11.66907406 7.13926888
v -4.34738684 -11.70309258 7.27513456
v -4.41837358 -12.41159534 6.94221115
v -5.04346132 -12.40790939 6.80350161
v -5.64148092 -11.60071945 6.90282059
v -5.64495659 -12.31227684 6.59011889
v -5.59908867 -13.11425304 5.62615681
v -5.43199539 -10.12989426 7.05711746
v -5.55848742 -10.87683964 7.10746145
v -6.09407711 -10.21976089 6.42847538
v -3.57684898 -0.70186746 9.54904175
v -4.28882742 -0.61213291 9.40948963
v -4.33401060 -1.42922294 9.38726711
v -3.58337903 -1.48483312 9.53903675
v -3.64099026 -2.27780437 9.39874744
v -2.61836386 -2.34731722 9.05418491
v -4.35992002 -2.26242733 9.24897861
v -5.07484722 -1.36434448 9.12775326
v -5.06758022 -2.16447759 9.00126076
v -4.98800945 -3.12796569 8.29154682
v -4.86662531 0.10627015 8.94270229
v -4.99459171 -0.58453852 9.15861225
v -5.41193104 0.19705793 8.38175583
v -5.72731876 -0.41354781 8.33815193
v -3.13976169 9.67827225 9.03780746
v -2.50287795 9.54577732 8.88972473
v -3.79876304 9.77822304 8.89372730
v -3.90197873 8.89583302 9.12269783
v -3.18325973 8.82916451 9.27330875
v -3.25551081 7.94961834 9.37905216
v -3.97128081 7.97721291 9.23834133
v -4.60637426 8.94649315 8.86086655
v -4.66703987 8.06273460 8.97250843
v -4.62296200 6.89318371 8.49650383
v -4.24638271 10.45102215 8.20186520
v -4.45018101 9.79065132 8.65506649
v -4.69695091 10.41800308 7.59826326
v -5.06184006 9.78612232 7.75772095
v -3.43774462 16.27739525 5.49750566
v -2.72533178 17.28209114 5.92398167
v -1.99598837 17.15952301 6.13733816
v -2.53110433 18.93030548 4.89105988
v -3.19473982 15.74009514 5.53658009
v -1.54924428 23.99712181 4.94903994
v -2.13456631 24.81060410 4.28377199
v -1.07397759 28.52956581 5.87055016
v -0.14526571 29.09048080 6.12720108
v -4.92797518 -28.00413513 -2.99504876
v -5.47696781 -27.94910240 -3.23607898
v -5.90910482 -27.61741638 -4.04308414
v -5.60535574 -28.17854691 -4.23574495
v -5.16563511 -28.31741524 -4.48046160
v -4.73455143 -28.47702980 -3.76916742
v -4.98553419 -27.23686028 -2.54321647
v -5.53584290 -27.20895004 -2.80083466
v -4.77436304 -26.10880852 -2.81163025
v -5.46127462 -26.55900764 -2.83506441
v -5.82647991 -26.23929977 -3.48616672
v -5.92342901 -27.00378227 -3.35314465
v -12.36662292 -20.67723274 -2.49987626
v -12.19684315 -21.01147270 -1.82133770
v -10.83197212 -20.70930481 -0.57790321
v -11.55132389 -8.69192982 3.88333678
v -11.90583801 -9.78275204 3.91703987
v -12.58843136 -9.64614868 3.54904389
v -12.63045502 -10.43090534 3.33829403
v -11.92690277 -10.54149342 3.72809172
v -11.93975163 -11.27969742 3.40970254
v -10.92333984 -11.70169735 3.29426932
v -12.60875893 -11.20133781 3.03349161
v -11.82389736 -11.91457939 2.96734905
v -13.25722790 -10.29524994 2.85138941
v -13.19877434 -11.04661942 2.58439732
v -13.20382977 -9.54293346 3.06045413
v -10.79721642 0.61770183 5.91858387
v -11.56254101 -0.14086850 5.87587595
v -12.32186127 -0.02870031 5.47322893
v -11.64484978 -1.31178868 5.72289515
v -12.39916706 -1.25080705 5.31887913
v -13.01474953 -0.14131612 4.93418932
v -13.60826683 0.67774868 3.98023295
v -10.61186218 10.23058224 5.21006775
v -10.56150436 9.16535282 5.50171852
v -9.52492237 8.80946922 5.64916945
v -11.45579624 10.28427029 4.66316938
v -11.83116436 8.18701458 4.50152540
v -11.26491261 11.37872696 4.02520561
v -7.57676458 19.05786324 2.50021863
v -7.57498693 20.06904984 1.33538091
v -5.22347021 24.94399643 2.56185842
v -5.76470804 25.42510796 1.90317309
v -5.21592665 26.27858734 2.09554410
v -3.88491654 29.75103569 4.46863842
v -4.20478010 29.52540970 4.03837109
v -15.40032482 -24.59253502 -10.89316463
v -16.00076675 -25.20329857 -10.64291859
v -14.42967510 -26.91910362 -11.35668755
v -15.49279785 -26.95828438 -10.74171162
v -17.78871727 -19.91854477 -6.22243881
v -16.46102524 -17.87897873 -4.32411051
v -16.75813866 -17.27590370 -4.29367208
v -17.54352760 -17.89783096 -4.26597261
v -17.56848907 -18.41001320 -4.28103352
v -17.85359573 -16.76740837 -5.50192928
v -18.30111122 -17.83484840 -4.74697924
v -19.75992966 -8.67244530 -1.40594673
v -20.14972687 -8.60756683 -1.85272372
v -20.16815758 -9.32881355 -1.97363365
v -19.76530075 -9.36536026 -1.50073683
v -19.66598129 -10.04321384 -1.73423624
v -18.37415123 -10.06338406 -1.54281306
v -20.04608917 -10.03341866 -2.18691134
v -20.40176201 -9.27499390 -2.50140357
v -20.26210594 -9.94916153 -2.67034030
v -20.03250313 -7.87062645 -2.47854853
v -20.37553787 -8.58302593 -2.37680721
v -19.78429794 -7.74982166 -3.42941093
v -18.96148109 -10.96288776 -3.81614113
v -19.33674431 -7.04648018 -2.99262643
v -18.33897400 2.41140580 0.50370371
v -19.88736916 -0.54262024 -2.72626662
v -20.41450691 -0.18420862 -1.93529642
v -20.38196182 -0.38347831 -1.39362407
v -19.74707985 2.68234706 -0.35567325
v -18.32143784 12.13986397 -0.75052637
v -18.53808594 11.29360008 -0.79086477
v -18.53608513 11.38249207 -0.10658612
v -18.29173660 12.22991467 -0.05708466
v -18.24676514 11.32066727 0.43161058
v -17.96639633 12.19136715 0.46868402
v -16.95688248 10.02241325 0.87433267
v -16.67372513 10.75719357 1.10030162
v -17.80830765 11.25747395 0.91914731
v -17.78113556 10.36423588 0.68796498
v -17.52941513 12.09246922 0.94389802
v -17.89182854 13.00234795 -0.06487851
v -17.70340729 12.89781570 -1.14738059
v -17.56227493 12.98159981 0.41033548
v -17.16120720 12.85057831 0.84310466
v -11.93047714 21.01367950 -1.69677436
v -10.73320675 21.52791977 -1.34425426
v -10.14374447 21.28009796 -1.31642282
v -12.02316666 19.09418678 -1.29820204
v -10.10830307 21.90597534 -1.87020719
v -8.47699356 26.99146080 -1.42996025
v -8.22882748 26.75095749 -0.82936013
v -8.15610313 27.55161667 -1.09645736
v -8.02839947 25.70263100 -1.32969344
v -6.28675127 31.83880424 1.61747992
v -5.97524738 32.00248337 2.28623009
v -5.66020203 32.16588974 2.53968811
v -21.36535645 -5.39597511 -11.71025467
v -21.17975235 -7.87099504 -12.53985786
v -21.59453773 -3.30385375 -12.70007324
v -20.75090599 -10.40078354 -12.02042866
v -21.65588760 -9.69975853 -11.01286316
v -20.40102577 -11.78808784 -11.68508244
v -20.93111229 -10.72296429 -11.06884193
v -19.63280487 -8.42040920 -7.39067316
v -20.11623383 -5.39249945 -7.48925495
v -19.31989288 -11.32456493 -8.23830700
v -19.43469429 -10.02141190 -7.71211672
v -20.16984367 -9.57000160 -8.04166985
v -19.71804428 -12.80918694 -10.31227970
v -20.72173119 -11.11160278 -10.52085018
v -20.51361465 -4.85303879 -8.40766525
v -21.08835793 -4.40981627 -10.19358826
v -21.38599968 -6.19263268 -10.33600998
v -20.06420517 1.64776659 -6.22401857
v -21.36893654 2.88999009 -6.84089088
v -20.04577446 4.76625299 -6.46573305
v -20.29675674 -1.41879606 -7.07291603
v -20.16510391 -0.02801572 -6.51049519
v -21.36072159 -0.76495552 -8.28812408
v -21.57031250 -1.30999815 -11.46948814
v -21.40516853 -1.86199212 -10.56740284
v -21.54134941 4.57698917 -9.66752911
v -21.38041687 5.20397234 -11.06905270
v -21.76768684 4.19319487 -10.45449734
v -20.34541512 5.32983255 -7.52917194
v -21.68619347 2.06705451 -12.28002167
v -21.67479324 0.01616697 -12.20995617
v -21.56399345 4.02109814 -11.92174149
v -22.41884041 3.11753869 -10.58683491
v -22.83017731 -9.94142056 -9.80544949
v -23.41166306 -9.50259495 -9.45804405
v -23.06620598 -9.46836472 -9.99318600
v -23.36352921 -9.51691914 -9.00231457
v -23.50392532 -8.93438148 -8.92437553
v -23.55321503 -8.93669891 -9.41486168
v -23.53225708 -8.36764240 -9.37884140
v -23.48580933 -8.34183884 -8.89562321
v -23.13139915 -7.78942299 -9.46625900
v -23.28948784 -8.91594982 -8.46769810
v -23.27653313 -8.34636688 -8.45326900
v -23.15994263 -9.47510624 -8.57512760
v -22.25890923 -7.10261679 -9.86311340
v -21.82382393 -10.46755695 -10.01351357
v -21.94441795 -10.17244434 -10.42342758
v -23.89224815 2.89794183 -7.61701059
v -23.24556923 2.81305194 -7.18360949
v -24.14007187 2.95755410 -8.21892738
v -24.29057693 2.23620200 -8.27243137
v -24.03074646 2.19744349 -7.63038635
v -24.03833008 1.46998262 -7.75729990
v -24.29005051 1.48040962 -8.37206554
v -23.62472916 0.77590901 -7.96804953
v -24.36503983 2.25842500 -8.94333363
v -24.35113716 1.53728354 -9.00431538
v -23.68792343 3.51312900 -8.88814449
v -24.22264290 2.94997096 -8.85633755
v -23.17321205 3.53140259 -9.62055588
v -23.86770821 2.91068578 -9.51386452
v -22.62774849 3.99508357 -9.23139000
v -22.51821327 0.06930204 -8.17079544
v -5.50171852 -35.44093704 -9.26456642
v -6.32396936 -35.07683945 -9.61813354
v -7.20541143 -35.03702545 -10.16791534
v -7.99838257 -35.23208237 -10.73928833
v -8.55516911 -35.95269775 -9.44993305
v -8.62041569 -35.81893921 -11.16700268
v -9.07274818 -36.58073425 -9.53961563
v -6.31628084 -39.13224792 -8.53078651
v -4.37898350 -39.49110413 -9.83604527
v -4.25217533 -38.51992798 -9.54956818
v -5.17532492 -38.42787552 -8.99715328
v -4.90785885 -37.46860123 -9.05813503
v -4.90938616 -36.32016754 -9.20010948
v -6.37884235 -36.82803345 -8.19628334
v -6.20147943 -40.35063934 -10.58941555
v -5.18406677 -40.06300354 -10.23047733
v -6.59749079 -39.66773224 -9.09078503
v -6.65561581 -40.77841949 -10.90724468
v -9.29484749 -38.34677887 -9.57547760
v -8.39481544 -39.40484619 -11.04977894
v -8.89857197 -39.11505127 -9.87180233
v -7.88747835 -40.18549347 -11.00996685
v -8.78198051 -36.99149323 -11.18564415
v -9.15071392 -37.37639236 -9.86764240
v 1.34324050 -41.90161514 -9.27133369
v 0.73293757 -41.52279663 -9.13278198
v -2.37286425 -41.84915924 -10.21215725
v 0.35525197 -40.31419754 -9.09531403
v -1.81996858 -45.28857040 -11.33920479
v 0.06437823 -44.60264587 -10.51526833
v -6.30487967 -44.33990479 -12.12712002
v -5.86331606 -44.05366516 -11.75399017
v -3.69660687 -45.56403351 -12.17443657
v 2.01015425 -48.66899109 -12.83557034
v -1.55703151 -47.30807114 -12.63940811
v -2.80715394 -47.47126770 -13.52611542
v -2.46580458 -46.53737640 -12.41149044
v 3.55136108 -49.93385696 -13.78994751
v -13.83312988 -31.69578362 -13.21214962
v -12.83772945 -32.54910660 -18.72208405
v -13.33190155 -32.18553162 -18.69406700
v -13.56361008 -31.68883324 -18.55588531
v -13.35675716 -31.10608482 -19.45807457
v -6.73146105 -37.71684647 -7.71338034
v -8.37712097 -37.27459717 -6.78917789
v -8.17974758 -37.92464828 -6.77696037
v -8.38143921 -39.27203369 -7.40046787
v -10.06227779 -37.64638519 -8.12382126
v -4.96903133 -43.62650299 -11.02603531
v -5.59319067 -43.83380508 -11.29870796
v -5.48328686 -44.17789459 -11.63184261
v 0.62993240 -42.63918686 -9.11058521
v 1.54175317 -46.90915680 -11.21734619
v -21.65383339 -6.58190346 -14.39281273
v -21.58611107 -4.57563305 -14.23542118
v -21.68648338 -6.09384012 -14.87929630
v -21.50827789 -3.82917476 -15.68809128
v -21.13962364 -5.26953554 -16.97920990
v -21.56062317 -7.54813004 -14.06304836
v -20.77539444 -11.06152248 -13.56940365
v -21.28678513 -9.56799984 -16.69547272
v -21.09183502 -11.14530563 -14.67096806
v -22.44491005 -0.87757134 -16.09060669
v -22.01171875 -1.24206531 -15.17746353
v -21.69627953 -1.55645227 -13.80711555
v -21.51228142 -0.87491196 -17.24483299
v -21.04644012 -2.00354528 -17.47517395
v -21.32828331 -2.37922978 -16.76772308
v -22.09987450 -0.94558316 -16.70410919
v -21.44434738 5.47970629 -15.79559994
v -21.06276512 5.09106684 -17.19080353
v -22.07162094 3.84813285 -16.77548981
v -20.66591072 4.42848492 -18.35134888
v -21.60470200 4.58225489 -13.23974514
v -21.55967522 5.58292198 -14.41335011
v -21.76810837 0.16925286 -13.35180759
v -22.46626282 3.19621444 -14.30460548
v -20.65727615 2.04146123 -18.42955208
v -20.86518097 -0.53019220 -18.04875755
v -22.29208755 -0.19716325 -17.08790398
v -23.18069077 0.20337728 -16.79257965
v -22.90769577 0.30343342 -17.07831955
v -21.71386719 -10.46460819 -14.90457344
v -21.83351326 -9.36578178 -16.38340378
v -22.04089355 -7.93624258 -14.47875500
v -22.09366035 -7.24764538 -14.73216057
v -22.53256416 -7.68715525 -14.98572350
v -14.61757660 -24.99513245 -15.93655682
v -15.25845623 -25.87815094 -16.62395859
v -22.19487381 0.57253176 -17.40239525
v -2.64996052 41.65624237 5.72697639
v -1.84155953 36.19857025 8.21465206
v -0.89497578 36.95905304 9.78538513
v -1.89238739 42.33453369 4.90376139
v -0.70376658 34.86194992 8.42649460
v -0.94957882 42.40050125 3.18121910
v -0.27692840 42.32750702 2.36134124
v 0.48797774 34.51193619 8.83562183
v 1.21463215 35.13245010 9.68076706
v 0.94562268 42.05281067 1.02247500
v -2.32384992 39.34041595 8.87472916
v -3.47458601 39.62623596 4.96962547
v -3.93492985 36.83053207 4.86170006
v 1.11536264 41.18500137 -0.57147855
v 0.22807863 33.15962601 7.83207560
v 0.13994037 32.85981369 7.79434681
v 0.65926462 32.68549728 7.77752161
v 0.35039890 31.79554176 7.28741455
v -2.88701463 39.80986404 0.64962763
v -3.05014563 33.37842941 5.78890419
v -2.81749535 33.86625290 6.36108208
v -2.10760355 33.33806610 6.74472380
v -2.59136200 34.55028534 6.66463757
v -2.10844612 34.49988556 7.08481741
v -2.47497749 32.87936401 6.20566463
v -2.64748549 33.21337128 6.36536121
v -3.95916891 39.14448929 2.57828879
v -0.47193152 32.55395508 7.33829355
v 0.41584516 32.34034348 7.63620567
v -2.42590070 33.87825775 6.78281879
v -14.56759453 -23.82926559 -13.54823303
v -14.58723736 -23.63326073 -14.52562332
v -14.12529373 -24.14818001 -15.76273918
v -13.61637688 -24.51080513 -16.90590668
v -13.07691574 -24.88322449 -17.83727074
v -13.91699219 -25.51934433 -17.59508324
v -12.29110718 -28.06184959 -17.22387505
v -12.57000065 -27.94641685 -16.25849152
v -12.83930874 -27.55388069 -15.41896725
v -11.69234943 -27.67215729 -18.92419624
v -11.95291710 -27.97380066 -18.16924667
v -13.21886444 -27.66481209 -17.73405647
v -13.25627995 -26.62988853 -14.68803024
v -13.90374851 -26.69387245 -15.39268875
v -12.25953674 -26.03131676 -18.71228981
v -13.43732834 -25.85945702 -18.04496574
v -19.80016136 -16.68593979 -10.91860008
v -20.24030304 -16.58246231 -10.21962833
v -8.47424889 27.35299873 -6.45804453
v -8.55208778 26.41532135 -7.75658894
v -8.24620533 26.76091003 -9.08404446
v -7.87075806 28.39582634 -4.52546024
v -7.57561874 29.46963310 -4.32707262
v -8.41015339 27.93264580 -5.71084881
v -8.57184887 28.05246353 -6.40630484
v -19.53432846 -14.98135281 -11.87729549
v -19.09134293 -16.09271431 -12.03812313
v -19.14779663 -16.36528778 -11.60830307
v -18.42633820 -17.30802727 -11.75607014
v -17.68602943 -18.40611649 -11.43410015
v -17.14003754 -18.92872620 -10.96689034
v -19.00605965 -15.49158669 -8.97003269
v -18.49637794 -14.42735767 -8.59661293
v -18.97991180 -13.95740986 -9.22222710
v -19.27650070 -15.00320816 -9.38463402
v -17.54689789 -16.97089005 -9.18757629
v -18.55251312 -16.15422249 -8.93027401
v -17.20017624 -18.22780609 -10.05490494
v -19.48819733 -16.52337646 -9.04612827
v -19.89790154 -15.87638187 -9.31491089
v -7.51548004 -32.28148270 -23.14214325
v -8.56246185 -32.43404007 -22.04447365
v -8.43984127 -31.75597572 -22.80606079
v -8.89491177 -31.51175880 -22.44698906
v -9.41128063 -28.84534264 -22.24026871
v -7.38284636 -29.51673317 -23.85851097
v -8.14920330 -29.65400696 -23.91336441
v -9.44129753 -29.38069534 -22.88641930
v -11.41058636 -27.23114777 -6.74707556
v -11.20228577 -27.65499115 -6.24919033
v -10.82502079 -27.78253555 -5.91458178
v -4.61511564 -20.69434738 2.47918057
v -3.74568057 -20.27142715 2.23019862
v -5.21829653 -20.66622734 2.35553217
v -5.20165539 -21.36314392 1.84598315
v -4.59447241 -21.36188126 1.99332893
v -4.60310888 -21.92851448 1.42385149
v -5.16837358 -21.94663048 1.27408326
v -5.78587818 -21.28352165 1.62312126
v -5.70562220 -21.84731102 1.08903205
v -5.80515194 -20.61282921 2.11034203
v -19.28661156 2.51972961 0.22970784
v -19.74455261 1.85651529 0.40685987
v -20.22734833 1.97173786 -0.18252346
v -20.37869644 1.14580083 -0.23665909
v -19.87862778 1.06038439 0.37958139
v -19.91538429 0.23012912 0.20558904
v -20.40270996 0.28616056 -0.39443183
v -20.70435333 1.21426022 -0.93252325
v -20.70730209 0.38642734 -1.05596089
v -20.55205727 2.00670481 -0.86090410
v 5.32193327 44.07841492 29.06694031
v 5.61767817 44.56911087 30.79464722
v 5.02766323 43.73116684 27.23075294
v -21.61399651 -17.79214096 -34.05205154
v -21.69290733 -17.81104660 -33.30273819
v -21.25792694 -18.46120071 -33.92787933
v -21.14208221 -18.28000641 -33.09943771
v -18.73830414 -17.73537254 -33.38726044
v -19.24553490 -18.24958038 -33.17779922
v -19.10619354 -18.34608269 -33.95568466
v -22.23754311 -17.23815918 -33.15636826
v -20.96449852 -17.42498779 -32.06414795
v -18.54635239 -17.06146812 -33.19473267
v -24.14171982 -16.68018723 -32.73948288
v -24.70133209 -15.88923168 -32.72909927
v -22.34601212 -16.94424438 -32.26315308
v -22.69265366 -17.35966110 -34.00104904
v -23.22466278 -17.08882523 -34.30885315
v -15.73451328 -14.96128941 -33.28014374
v -15.84855080 -15.97475243 -32.79037094
v -15.51438904 -15.68501091 -33.35545349
v -15.49142838 -15.72240067 -33.85625839
v -17.59181786 -17.21131516 -34.07003784
v -17.76717949 -17.18627357 -33.32975388
v -16.92697144 -17.39333725 -33.90786743
v -16.93149948 -17.33667564 -33.40727234
v -16.93807602 -16.96364975 -32.75119781
v -17.52941513 -16.34948921 -32.07783890
v -16.08365631 -14.41535091 -33.12416458
v -21.29305267 12.69085789 -34.38300323
v -21.29821396 12.51385021 -33.95497131
v -22.40430641 12.60380840 -34.14162827
v -23.14566994 13.47427082 -33.05968094
v -22.60605240 13.11193562 -33.06126022
v -21.97345352 12.75278091 -33.40406418
v -23.55595398 13.74558067 -33.48047256
v -18.86126709 13.12191486 -34.40035248
v -18.31884384 13.08415127 -34.14923859
v -17.11623573 14.91465759 -32.91046524
v -16.96778297 14.68197441 -33.59742737
v -17.35741043 14.07895184 -33.26755905
v -17.31334686 13.82591534 -34.09939957
v -17.55305862 14.61072445 -32.61050797
v -16.99995995 15.20800686 -33.41348648
v -25.77151299 16.46802902 -34.02677536
v -25.91917419 16.57640457 -33.50780106
v -25.93667030 15.68564701 -33.88712692
v -24.26216698 14.00183010 -34.12238312
v -24.82105827 14.37135315 -34.34887695
v -25.07052612 14.27697086 -33.95324707
v -25.61626816 14.87982273 -34.12556839
v -25.29595566 15.00963211 -34.35756683
v -24.08756828 13.99348354 -33.53065491
v -20.17300224 -18.63161087 -34.11345673
v -20.31858444 -18.56099319 -33.46351242
v -20.84590721 -18.59664536 -34.07385635
v -20.16720963 -18.36356735 -32.80229950
v -19.50620842 -18.52534103 -34.09049606
v -20.94638443 -18.37588882 -34.35896301
v -20.17911148 -18.00652504 -32.40302277
v -19.53548813 -17.92363548 -32.45652771
v -20.82895088 -17.99430656 -32.42777252
v -15.65667915 -16.20172119 -33.37915039
v -15.63540459 -16.15327454 -34.00444794
v -16.00087166 -16.70821762 -33.39663315
v -16.03215408 -16.72759628 -34.04973602
v -16.44627953 -17.12244987 -33.40748215
v -16.53496170 -17.20101929 -34.03520203
v -16.84692574 -17.07747650 -34.33410645
v -16.94961548 -16.67188072 -32.40902710
v -16.49904633 -16.21530914 -32.35204697
v -16.11756897 -15.69891357 -32.37542725
v -15.82656384 -15.89218044 -34.29671860
v -23.58668137 -17.44934273 -33.77431870
v -24.05439186 -17.12397575 -33.36619568
v -24.28646851 -16.99679947 -33.95968628
v -24.64456367 -16.52811623 -33.34312820
v -24.70775795 -16.51210594 -33.91724014
v -24.88138199 -16.10998535 -33.54692841
v -24.90534210 -15.64414597 -33.26045227
v -24.64572334 -16.31030846 -34.19834518
v -25.37954330 14.81173134 -33.43075943
v -25.89189529 15.47963238 -33.66836548
v -25.80205536 15.59917355 -34.27544022
v -23.17547607 13.10153580 -33.74985886
v -22.78246689 12.83509636 -34.33558273
v -17.76825905 13.42429543 -33.76510239
v -18.27480698 13.38015270 -33.24419022
v -17.48328400 13.83723736 -34.34326935
v -19.24753571 12.91271877 -33.71028137
v -11.00269985 -27.28404617 -7.43185425
v -3.51597285 -27.23040962 -2.99757671
v -3.46015191 -28.15506172 -4.02046633
v -4.16718006 -28.42858315 -3.62529731
v -9.80081558 -25.80737495 -4.92165613
v -10.11314774 -26.51129532 -4.76677990
v -4.33406305 -27.99123192 -2.88277531
v -3.31617641 -27.85657692 -3.66173863
v -4.39309645 -27.25150108 -2.44358158
v -5.59145308 -27.97359085 -5.07737494
v -9.54193306 -27.62528992 -5.95734215
v -9.99086857 -27.44244957 -5.25126219
v -15.93588829 -25.89958382 -9.22443867
v -16.23911095 -25.87904739 -9.66352749
v -16.12409973 -26.41787529 -9.83794117
v -15.83604336 -26.41134453 -9.38273811
v -15.67405796 -26.82431412 -9.59338284
v -15.93220234 -26.84706306 -10.01667309
v -16.22152328 -26.37806320 -10.37129307
v -16.01466942 -26.78397560 -10.49620533
v -16.35549355 -25.84924126 -10.19782734
v -16.05985260 -25.67524719 -10.81701660
v -10.63607311 -26.00753975 -4.72854805
v -10.71106243 -27.34055138 -5.03240252
v -10.81196117 -26.62241173 -4.68441772
v -17.97461128 -17.89193344 -4.40973759
v -18.20758438 -18.63076973 -4.45239305
v -18.52197075 -18.62423897 -4.78278875
v -18.40906525 -19.20235252 -5.00596666
v -18.09836578 -19.18644905 -4.65376902
v -17.88635063 -19.69526100 -4.96931458
v -18.17672539 -19.71685219 -5.31803656
v -18.57273674 -19.13241959 -5.40461159
v -18.33439255 -19.62574768 -5.70625448
v -18.68121910 -18.57368469 -5.17858982
v -17.18427277 -16.91159439 -4.52190542
v -13.68694305 -31.18265343 -18.44118881
v -9.87764740 -39.00872803 -8.18185425
v -9.84447098 -33.07308197 -8.49202824
v -9.52776718 -33.12563705 -8.13688087
v -9.67005730 -32.69318390 -7.97247314
v -10.00571918 -32.66474915 -8.35510921
v -10.07165146 -32.20775604 -8.26463699
v -9.75210381 -32.20996857 -7.89095402
v -9.22201633 -32.67053986 -7.70558643
v -9.31417370 -32.20838928 -7.64481592
v -9.10826874 -33.08403778 -7.87768316
v -11.59924507 -18.79012108 0.44677699
v -11.68950653 -19.56381989 0.29827261
v -12.29100132 -19.46586990 0.04233954
v -12.19568539 -20.16110229 -0.35693711
v -11.59861279 -20.22945595 -0.08215135
v -11.50161171 -20.82178879 -0.58569705
v -12.04707527 -20.78460884 -0.85279429
v -12.70239067 -20.04040146 -0.75200087
v -12.51207256 -20.64368820 -1.19846189
v -12.79602146 -19.37150002 -0.36831191
v -11.16615963 -17.88024330 0.27784011
v -19.94561195 -16.47018814 -9.33249950
v -22.66192627 -8.35600471 -15.90229130
v -22.71679878 -8.51833248 -15.52413082
v -22.69689369 -8.56520081 -15.13038445
v -22.58962250 -9.29742718 -15.85710812
v -15.35714245 -26.53330803 -16.55486870
v -15.25308514 -26.63568306 -17.06710243
v -15.05455208 -27.20989799 -16.68694115
v -14.95407486 -27.29721069 -17.19101334
v -14.96650314 -26.76788712 -17.56730461
v -22.13357735 -6.87912273 -15.08098793
v -23.66580391 1.15549040 -15.74241161
v -23.04335022 -0.10400572 -15.66062927
v -23.67844391 2.07053018 -15.64067078
v -23.61564636 1.69197559 -16.26575851
v -23.42190552 1.58378339 -16.82320213
v -23.58965683 2.84496474 -15.59064198
v -8.67814541 -30.28652000 -23.68215561
v -8.68919086 -29.55163383 -23.71130371
v -9.21880436 -30.40171432 -23.16515541
v -8.84412003 -31.19613457 -23.21808052
v -2.65643787 -32.47474670 -5.83738041
v -4.32647991 -32.54304886 -5.92579842
v -3.84821177 -32.40460205 -5.69948721
v -4.46102953 -31.88230896 -5.76460266
v -3.30553889 -32.32616425 -5.58734560
v 0.03579640 -42.60501099 -9.07793522
v -2.71110010 47.60744858 29.56995964
v -2.77081776 47.31591797 27.79980850
v -2.40724540 46.36485672 27.95842361
v -2.33351994 46.63679886 29.71656799
v -2.38681293 47.12528229 26.32171631
v -2.06041932 46.22993851 26.52646255
v -1.32079363 45.67794418 26.63873482
v -1.74487376 45.71891403 28.01845741
v -2.15257621 47.95164108 31.06890678
v -1.79553378 47.02111816 31.20529747
v -2.76734209 48.28435516 27.59843254
v -2.70362234 48.60263824 29.35784149
v -2.40134740 48.04463959 26.17731857
v -2.15247083 48.90544128 30.86173630
v -1.33295846 49.13156509 31.85661125
v -1.36518705 46.21298218 25.77530479
v -1.67978466 47.11138153 25.54327965
v -1.70464063 48.02726364 25.42078972
v -0.82888615 45.51279831 27.85868454
v -8.97756386 -33.61570358 -21.35261154
v -8.33646679 -33.51964951 -22.19445229
v -8.78145313 -34.03857040 -22.46218300
v -7.69347477 -33.71913147 -22.89421463
v -8.26663876 -34.25079727 -23.01575661
v -9.54946327 -34.47471237 -20.01523018
v -9.37694550 -33.93904114 -20.58207512
v -8.79030037 -38.03892517 -22.44253922
v -8.14930916 -35.67206573 -23.92558289
v -7.30304480 -36.45866776 -23.74901009
v -7.83123589 -34.81627274 -23.43746567
v -9.98523426 -35.69381714 -21.22375107
v -9.74041271 -36.82897949 -7.82575941
v -11.31024075 -35.83168411 -22.75687408
v -10.55139351 -37.45417404 -23.51540375
v -11.49055290 -36.33133316 -23.58818245
v -11.20828915 -36.93851471 -23.68844986
v -11.04072094 -36.83572006 -24.17756653
v -7.31057596 -38.50665665 -7.42890549
v -9.75147152 -37.44037628 -6.96948957
v -9.23644543 -37.37528610 -6.64277983
v -9.69207001 -38.22618484 -6.94663429
v -9.11880016 -38.09169006 -6.61655474
v -8.92216396 -38.76164246 -6.80318546
v -9.48953533 -38.92952728 -7.11609793
v -9.89534187 -38.99693298 -7.51126719
v -10.10029888 -38.34077454 -7.38761854
v -10.10777664 -37.57086945 -7.41163206
v -10.69210434 -36.65235519 -24.54682541
v -9.30011272 -36.44866180 -24.38399696
v -11.60661793 -35.72941589 -23.44673538
v -20.09032440 -19.35865211 -16.89363670
v -21.28714180 -17.61081505 -19.41123390
v -21.06531906 -18.30721855 -20.04221916
v -20.13990593 -19.60513115 -20.04622078
v -18.20210838 -21.06044769 -17.42230225
v -21.63899040 -18.01533127 -21.52972412
v -20.75884438 -18.55810928 -22.03415298
v -22.15643120 -18.00668144 -22.15032387
v -22.78337479 -17.19905853 -22.43191528
v -22.53443336 -17.67254829 -22.07554436
v -8.46016788 28.54430580 -6.54814768
v -8.28812408 28.99985123 -5.92922163
f 2 3 4
f 2 4 5
f 1 2 5
f 6 8 7
f 7 3 9
f 10 1 11
f 10 11 12
f 12 11 13
f 12 13 14
f 7 8 15
f 3 7 4
f 16 17 18
f 17 19 18
f 11 1 5
f 11 5 21
f 13 11 21
f 13 21 22
f 23 24 25
f 23 25 26
f 24 27 28
f 24 28 25
f 25 28 19
f 25 19 17
f 26 25 17
f 26 17 16
f 18 19 9
f 18 9 29
f 20 18 29
f 20 29 10
f 28 27 6
f 28 6 7
f 19 28 7
f 19 7 9
f 33 34 35
f 33 35 36
f 32 33 36
f 31 30 12
f 31 12 14
f 30 20 12
f 12 20 10
f 20 40 39
f 41 36 42
f 36 43 42
f 44 45 42
f 44 42 43
f 46 41 42
f 46 42 45
f 43 37 47
f 43 47 44
f 23 26 49
f 23 49 50
f 26 16 51
f 26 51 49
f 49 51 52
f 49 52 53
f 50 49 53
f 50 53 54
f 16 18 39
f 16 39 51
f 18 20 39
f 51 39 52
f 55 56 57
f 55 57 48
f 56 55 58
f 56 58 59
f 59 58 60
f 59 60 61
f 61 60 62
f 61 62 63
f 63 62 64
f 55 65 58
f 58 65 66
f 58 66 60
f 67 69 70
f 67 70 68
f 68 70 71
f 68 71 72
f 73 75 74
f 74 8 6
f 71 70 76
f 71 76 77
f 70 69 78
f 70 78 76
f 76 78 79
f 76 79 80
f 77 76 80
f 77 80 81
f 72 71 83
f 72 83 82
f 82 83 75
f 82 75 73
f 8 74 84
f 74 75 85
f 74 85 84
f 84 85 86
f 8 84 15
f 87 88 89
f 87 89 55
f 75 83 90
f 75 90 85
f 83 71 77
f 83 77 90
f 90 77 81
f 90 81 91
f 85 90 91
f 85 91 86
f 92 93 94
f 92 94 95
f 95 94 96
f 95 96 97
f 98 99 100
f 98 100 101
f 99 102 103
f 99 103 100
f 100 103 27
f 100 27 24
f 101 100 24
f 101 24 23
f 96 94 68
f 96 68 72
f 94 93 68
f 68 93 67
f 97 96 104
f 97 104 105
f 104 102 99
f 105 104 99
f 105 99 98
f 27 103 74
f 27 74 6
f 103 102 73
f 103 73 74
f 46 87 48
f 46 48 41
f 102 104 73
f 104 96 72
f 104 72 82
f 73 104 82
f 48 57 106
f 48 106 36
f 57 56 107
f 57 107 106
f 106 107 32
f 36 106 32
f 64 108 109
f 64 109 110
f 108 98 101
f 108 101 109
f 109 101 23
f 109 23 50
f 110 109 50
f 110 50 54
f 41 48 36
f 56 59 111
f 56 111 112
f 59 61 113
f 59 113 111
f 111 113 114
f 111 114 115
f 112 111 115
f 116 92 95
f 116 95 117
f 117 95 97
f 97 105 118
f 97 118 62
f 105 98 108
f 105 108 118
f 118 108 64
f 118 64 62
f 32 107 119
f 107 56 112
f 107 112 119
f 119 112 120
f 32 119 120
f 32 120 121
f 122 123 124
f 122 124 125
f 123 34 126
f 123 126 124
f 124 126 127
f 124 127 128
f 125 124 128
f 125 128 129
f 130 131 132
f 130 132 133
f 131 38 134
f 131 134 132
f 132 134 135
f 133 132 135
f 133 135 136
f 38 137 138
f 137 34 123
f 137 123 138
f 138 123 122
f 139 52 39
f 60 66 62
f 52 139 140
f 52 140 141
f 139 122 125
f 139 125 140
f 140 125 129
f 140 129 142
f 141 140 142
f 135 134 39
f 135 39 143
f 136 135 143
f 136 143 144
f 34 137 35
f 137 38 37
f 137 37 35
f 35 37 36
f 36 37 43
f 9 3 2
f 9 2 29
f 29 2 1
f 29 1 10
f 153 147 146
f 153 146 152
f 154 149 147
f 155 156 149
f 155 149 154
f 157 158 159
f 157 159 155
f 155 159 156
f 160 158 157
f 151 150 160
f 147 153 154
f 161 162 164
f 162 163 164
f 166 167 168
f 166 168 165
f 165 168 163
f 165 163 162
f 169 170 171
f 170 172 171
f 172 166 171
f 166 165 171
f 171 165 162
f 171 162 173
f 173 162 161
f 173 161 164
f 173 164 175
f 175 164 176
f 174 173 175
f 174 175 176
f 174 176 177
f 180 181 179
f 178 180 179
f 179 181 182
f 179 182 183
f 184 185 186
f 187 188 185
f 184 187 185
f 185 188 189
f 186 185 189
f 186 189 191
f 191 189 190
f 191 190 192
f 193 194 195
f 193 196 194
f 196 197 194
f 194 197 187
f 195 194 187
f 195 187 184
f 171 173 199
f 173 198 199
f 169 171 199
f 169 199 200
f 202 203 201
f 203 204 201
f 163 168 167
f 167 201 204
f 166 205 206
f 205 207 206
f 207 202 201
f 206 207 201
f 206 201 167
f 166 206 167
f 209 211 210
f 192 190 213
f 163 167 204
f 202 215 203
f 215 216 203
f 203 216 204
f 164 163 204
f 217 218 178
f 180 178 218
f 180 218 219
f 169 220 221
f 169 222 220
f 178 179 222
f 183 221 220
f 183 220 179
f 179 220 222
f 182 224 223
f 182 223 183
f 224 192 223
f 192 213 223
f 223 213 214
f 223 214 225
f 225 214 3018
f 183 223 221
f 225 3018 212
f 225 212 208
f 221 223 227
f 223 225 208
f 223 208 227
f 227 208 226
f 221 227 226
f 221 226 169
f 169 226 228
f 169 228 170
f 170 228 229
f 170 229 172
f 226 208 228
f 208 209 228
f 228 209 210
f 228 210 229
f 229 210 205
f 172 229 205
f 172 205 166
f 219 193 195
f 219 195 230
f 230 195 184
f 219 230 180
f 230 231 180
f 230 184 231
f 231 184 186
f 231 186 191
f 231 191 232
f 232 191 192
f 232 192 224
f 181 180 232
f 180 231 232
f 232 224 182
f 181 232 182
f 202 207 233
f 205 210 207
f 233 207 210
f 219 234 193
f 193 234 235
f 196 193 236
f 222 169 178
f 178 169 200
f 218 217 237
f 218 237 234
f 219 218 234
f 217 178 237
f 173 174 238
f 173 238 198
f 174 177 239
f 174 239 238
f 234 237 241
f 235 234 241
f 235 241 240
f 178 242 237
f 237 242 241
f 245 248 249
f 245 249 243
f 248 246 249
f 243 249 235
f 243 235 240
f 250 243 240
f 198 238 251
f 251 238 252
f 252 238 239
f 252 239 253
f 1460 251 252
f 254 256 255
f 256 251 255
f 255 251 1460
f 1460 252 257
f 257 252 253
f 257 253 258
f 259 260 262
f 263 264 265
f 261 263 265
f 266 267 268
f 266 268 269
f 270 271 272
f 271 273 274
f 272 271 274
f 275 277 276
f 277 200 199
f 277 199 276
f 276 199 278
f 278 199 279
f 279 199 198
f 279 198 251
f 278 279 251
f 284 285 286
f 287 251 256
f 287 256 254
f 290 291 292
f 290 292 293
f 289 290 294
f 296 297 298
f 295 296 299
f 300 200 277
f 1541 1542 300
f 1541 300 277
f 1541 277 275
f 285 302 303
f 285 303 304
f 302 305 306
f 302 306 303
f 303 306 307
f 303 307 308
f 304 303 308
f 304 308 309
f 310 311 1542
f 200 300 311
f 200 311 178
f 300 1542 311
f 178 311 310
f 314 240 242
f 314 242 313
f 240 241 242
f 242 178 310
f 313 242 310
f 315 236 193
f 315 317 236
f 316 315 193
f 235 249 318
f 249 246 318
f 318 246 316
f 235 318 316
f 235 316 193
f 243 244 319
f 245 243 319
f 320 322 323
f 320 323 321
f 322 324 325
f 322 325 323
f 323 325 326
f 321 328 329
f 328 330 329
f 329 330 331
f 321 329 331
f 321 331 332
f 321 332 320
f 328 333 330
f 333 335 336
f 333 336 330
f 335 337 336
f 330 336 338
f 330 338 334
f 334 338 339
f 330 334 331
f 334 339 331
f 331 339 340
f 331 340 332
f 337 341 342
f 337 342 336
f 342 343 338
f 336 342 338
f 341 344 342
f 344 345 346
f 342 344 346
f 342 346 343
f 343 346 347
f 343 347 348
f 346 345 349
f 346 349 347
f 347 349 350
f 347 350 351
f 348 347 351
f 348 351 352
f 338 353 339
f 338 343 348
f 338 348 353
f 353 348 352
f 339 353 352
f 339 352 340
f 344 354 355
f 344 355 345
f 354 356 357
f 354 357 355
f 355 357 358
f 345 355 360
f 345 360 349
f 355 358 360
f 360 358 359
f 360 359 361
f 349 360 361
f 349 361 350
f 356 362 363
f 356 363 357
f 357 363 364
f 362 365 363
f 362 366 365
f 365 1460 364
f 363 365 364
f 364 1460 367
f 367 368 369
f 357 364 370
f 357 370 358
f 364 367 370
f 370 367 369
f 358 370 369
f 358 369 359
f 371 372 373
f 371 373 374
f 374 373 375
f 374 375 376
f 372 377 373
f 373 377 379
f 373 379 375
f 375 379 380
f 380 366 362
f 376 375 380
f 376 380 381
f 381 380 362
f 381 362 356
f 382 383 384
f 382 384 385
f 383 386 387
f 383 387 384
f 384 387 388
f 385 384 388
f 385 388 389
f 390 391 392
f 393 395 394
f 394 396 397
f 394 397 398
f 399 401 400
f 324 403 325
f 325 404 326
f 326 405 327
f 327 405 406
f 407 408 409
f 416 417 418
f 415 416 418
f 419 420 421
f 420 422 423
f 420 423 421
f 421 423 424
f 419 421 425
f 427 428 429
f 428 430 429
f 430 431 432
f 429 430 432
f 433 434 435
f 434 436 437
f 435 434 437
f 438 439 440
f 438 441 442
f 438 442 439
f 439 442 443
f 440 439 443
f 440 443 444
f 446 447 448
f 446 448 449
f 445 446 449
f 442 441 443
f 450 451 452
f 453 456 454
f 454 456 457
f 460 461 462
f 460 462 463
f 465 466 467
f 465 467 468
f 464 465 468
f 469 470 462
f 472 473 474
f 471 472 474
f 475 477 476
f 476 478 479
f 480 481 482
f 481 483 482
f 479 478 485
f 485 486 487
f 489 490 491
f 488 489 491
f 496 497 498
f 496 498 499
f 495 496 499
f 500 501 502
f 503 504 505
f 504 506 507
f 505 504 507
f 505 507 508
f 509 510 511
f 510 503 505
f 510 505 511
f 511 505 508
f 509 511 512
f 513 514 515
f 514 516 517
f 514 517 518
f 515 514 518
f 519 520 521
f 520 522 523
f 521 520 523
f 521 523 524
f 525 526 527
f 525 527 528
f 526 529 527
f 527 529 530
f 527 530 531
f 528 527 531
f 528 531 532
f 533 534 535
f 534 536 537
f 534 537 538
f 535 534 538
f 535 538 539
f 540 541 542
f 540 542 543
f 541 533 535
f 541 535 542
f 542 535 539
f 542 539 544
f 543 542 544
f 543 544 545
f 546 547 548
f 546 548 549
f 547 550 548
f 548 550 551
f 548 551 552
f 549 548 552
f 549 552 553
f 555 556 557
f 555 557 558
f 554 555 558
f 560 561 562
f 560 562 563
f 559 560 564
f 567 568 569
f 568 570 571
f 569 568 571
f 572 573 574
f 573 575 576
f 573 576 574
f 574 576 577
f 572 574 578
f 579 580 581
f 580 582 583
f 580 583 584
f 581 580 584
f 585 586 587
f 586 588 589
f 587 586 589
f 587 589 590
f 592 579 581
f 591 592 593
f 594 595 596
f 594 597 595
f 595 597 598
f 595 598 599
f 596 595 599
f 596 599 600
f 601 602 603
f 602 604 605
f 602 605 603
f 603 605 606
f 607 608 609
f 607 610 611
f 607 611 608
f 608 611 604
f 608 604 602
f 609 608 602
f 609 602 601
f 612 613 614
f 612 614 615
f 613 616 597
f 613 597 614
f 614 597 594
f 615 614 594
f 617 618 619
f 618 620 619
f 623 624 625
f 623 625 626
f 627 629 628
f 628 630 631
f 628 631 632
f 633 634 635
f 637 639 638
f 638 640 641
f 642 643 644
f 643 645 646
f 643 646 644
f 644 646 647
f 641 640 648
f 650 651 652
f 651 653 654
f 651 654 652
f 652 654 655
f 650 652 655
f 650 655 656
f 657 658 659
f 657 659 660
f 658 661 659
f 659 661 662
f 660 659 662
f 663 664 665
f 664 666 667
f 664 667 668
f 665 664 668
f 665 668 669
f 670 672 671
f 671 658 657
f 673 674 675
f 680 681 682
f 683 684 686
f 687 386 383
f 687 383 688
f 383 382 689
f 688 383 689
f 688 689 690
f 691 693 692
f 692 694 695
f 690 689 696
f 689 382 385
f 689 385 696
f 696 385 389
f 696 389 697
f 698 699 700
f 699 701 702
f 699 702 700
f 700 702 703
f 698 700 703
f 698 703 704
f 705 706 707
f 705 707 708
f 706 709 707
f 707 709 710
f 707 710 711
f 708 707 711
f 708 711 712
f 713 714 715
f 713 715 716
f 714 717 718
f 714 718 715
f 715 718 719
f 715 719 720
f 716 715 720
f 716 720 721
f 722 723 724
f 722 724 725
f 723 705 708
f 723 708 724
f 724 708 712
f 725 724 712
f 725 712 726
f 730 728 727
f 730 727 729
f 731 732 733
f 738 739 737
f 739 736 737
f 740 741 742
f 740 743 744
f 740 744 741
f 741 744 745
f 742 741 745
f 371 749 750
f 371 750 751
f 749 752 750
f 751 750 753
f 751 753 754
f 752 755 750
f 755 756 757
f 755 757 750
f 750 757 758
f 750 758 753
f 753 758 759
f 759 760 761
f 754 753 762
f 753 759 762
f 762 759 761
f 762 761 763
f 762 763 764
f 764 763 765
f 763 761 765
f 761 760 765
f 765 767 766
f 766 767 768
f 765 766 768
f 765 768 770
f 768 769 771
f 770 768 771
f 770 771 772
f 356 773 774
f 356 774 381
f 381 774 775
f 381 775 376
f 773 776 774
f 774 776 777
f 774 777 775
f 775 777 778
f 775 778 779
f 778 756 755
f 779 778 755
f 779 755 752
f 376 775 780
f 376 780 374
f 775 779 780
f 780 779 752
f 780 752 749
f 374 780 749
f 374 749 371
f 344 781 354
f 344 782 783
f 782 784 783
f 783 785 781
f 344 783 781
f 781 785 786
f 786 776 773
f 354 781 786
f 354 786 773
f 354 773 356
f 337 787 341
f 341 787 788
f 787 789 790
f 787 790 791
f 787 791 788
f 788 791 784
f 788 784 782
f 344 788 782
f 341 788 344
f 792 793 794
f 793 795 796
f 793 796 794
f 794 796 797
f 795 793 798
f 795 798 799
f 799 798 800
f 792 801 793
f 793 801 798
f 802 803 804
f 803 800 798
f 803 798 804
f 804 798 801
f 805 806 807
f 805 807 808
f 806 809 810
f 806 810 807
f 807 810 811
f 808 807 811
f 813 814 815
f 811 810 816
f 817 818 819
f 818 820 819
f 819 820 821
f 802 822 823
f 772 771 824
f 771 769 824
f 769 823 824
f 823 822 824
f 326 327 825
f 326 825 323
f 826 827 825
f 826 825 327
f 321 323 825
f 828 829 830
f 829 321 825
f 829 825 827
f 829 827 826
f 409 831 407
f 831 826 327
f 831 327 407
f 407 327 406
f 829 826 832
f 832 826 831
f 831 409 833
f 832 831 833
f 830 829 832
f 832 833 834
f 834 833 836
f 409 837 833
f 837 836 833
f 409 838 837
f 837 838 836
f 840 841 839
f 835 836 838
f 838 839 841
f 321 829 328
f 328 829 842
f 829 828 843
f 829 843 844
f 829 844 842
f 845 847 848
f 845 848 846
f 846 848 849
f 845 846 849
f 845 849 850
f 847 851 848
f 851 852 853
f 848 851 853
f 848 853 849
f 727 728 841
f 727 841 854
f 728 730 841
f 854 841 840
f 855 856 857
f 835 838 730
f 730 838 841
f 859 860 861
f 859 861 862
f 860 863 861
f 861 863 864
f 861 864 865
f 862 861 865
f 862 865 866
f 867 868 869
f 868 870 871
f 869 868 871
f 869 871 872
f 874 875 876
f 874 876 877
f 878 879 880
f 878 880 881
f 879 867 869
f 879 869 880
f 880 869 872
f 880 872 882
f 881 880 882
f 881 882 883
f 884 885 886
f 885 887 888
f 885 888 886
f 886 888 889
f 886 889 890
f 884 886 890
f 884 890 891
f 892 893 894
f 893 895 896
f 893 896 894
f 894 896 897
f 898 899 900
f 899 901 900
f 902 903 904
f 902 904 905
f 903 906 907
f 903 907 904
f 904 907 908
f 905 904 908
f 792 794 909
f 792 909 910
f 794 911 909
f 337 912 913
f 337 913 787
f 913 912 911
f 787 913 911
f 787 911 794
f 914 915 916
f 914 916 912
f 915 910 909
f 915 909 916
f 916 909 911
f 916 911 912
f 328 842 333
f 842 844 918
f 842 918 333
f 333 918 919
f 333 919 917
f 917 920 912
f 917 919 921
f 917 921 920
f 920 921 914
f 920 914 912
f 333 917 335
f 335 917 912
f 335 912 337
f 923 924 925
f 923 925 926
f 922 923 927
f 928 929 930
f 929 931 932
f 929 932 933
f 930 929 933
f 930 933 934
f 863 937 938
f 937 928 930
f 937 930 938
f 938 930 934
f 938 934 939
f 863 938 939
f 863 939 864
f 941 942 944
f 945 946 947
f 945 947 948
f 945 948 949
f 943 945 949
f 943 949 950
f 944 942 951
f 942 943 951
f 951 943 950
f 944 951 952
f 954 955 956
f 954 956 957
f 953 954 957
f 953 957 958
f 959 960 961
f 959 961 962
f 955 959 962
f 955 962 956
f 962 961 963
f 962 963 964
f 956 962 964
f 956 964 965
f 957 956 965
f 957 965 966
f 958 957 966
f 958 966 967
f 968 969 971
f 972 973 974
f 970 972 974
f 970 974 975
f 969 970 975
f 969 975 976
f 971 969 976
f 971 976 977
f 979 980 981
f 979 981 982
f 978 979 982
f 978 982 983
f 984 985 986
f 984 986 987
f 980 984 987
f 980 987 981
f 987 986 988
f 987 988 989
f 981 987 989
f 981 989 990
f 982 981 990
f 982 990 991
f 983 982 991
f 983 991 992
f 993 994 996
f 995 997 943
f 997 998 946
f 997 946 945
f 943 997 945
f 994 995 943
f 994 943 942
f 996 994 942
f 996 942 941
f 999 1000 1001
f 999 1001 1002
f 973 999 1002
f 1003 953 958
f 1003 958 1004
f 1000 1003 1004
f 1000 1004 1001
f 1004 958 967
f 1004 967 1005
f 1001 1004 1005
f 1001 1005 1006
f 1002 1001 1006
f 1007 1008 1009
f 1007 1009 1010
f 985 1007 1010
f 985 1010 986
f 1011 968 971
f 1011 971 1012
f 1008 1011 1012
f 1008 1012 1009
f 1012 971 977
f 1012 977 1013
f 1009 1012 1013
f 1009 1013 1014
f 1010 1009 1014
f 1010 1014 1015
f 986 1010 1015
f 986 1015 988
f 1016 1017 1018
f 1019 978 983
f 1019 983 1020
f 1017 1019 1020
f 1017 1020 1018
f 1020 983 992
f 1020 992 1021
f 1018 1020 1021
f 1018 1021 1022
f 1016 1018 1022
f 1016 1022 1023
f 998 1016 1023
f 998 1023 946
f 1024 1025 1026
f 1024 1026 1027
f 960 1024 1027
f 960 1027 961
f 1028 993 996
f 1028 996 1029
f 1025 1028 1029
f 1025 1029 1026
f 1029 996 941
f 1029 941 1030
f 1026 1029 1030
f 1026 1030 1031
f 1027 1026 1031
f 1027 1031 1032
f 961 1027 1032
f 961 1032 963
f 1035 1036 1028
f 1035 1028 1025
f 1036 1037 1028
f 1028 1037 993
f 1034 1035 1025
f 1034 1025 1024
f 1033 1034 1024
f 1033 1024 960
f 1038 1040 1039
f 1041 1043 1019
f 1041 1019 1017
f 1043 1044 978
f 1043 978 1019
f 1039 1016 998
f 1039 1041 1017
f 1039 1017 1016
f 1206 1045 1046
f 1051 1052 1011
f 1051 1011 1008
f 1052 1050 968
f 1052 968 1011
f 1053 1054 1007
f 1053 1007 985
f 1054 1051 1008
f 1054 1008 1007
f 1057 1058 1000
f 1058 1059 953
f 1058 953 1003
f 1000 1058 1003
f 1055 1056 999
f 1056 1057 1000
f 1056 1000 999
f 1055 999 973
f 1062 1038 1039
f 1061 1062 997
f 1061 997 995
f 1062 1039 998
f 1062 998 997
f 1060 1061 995
f 1060 995 994
f 1037 1060 994
f 1037 994 993
f 1063 1064 1065
f 1064 1066 1067
f 1064 1067 1068
f 1065 1064 1068
f 1066 1064 1069
f 1064 1063 1070
f 1064 1070 1071
f 1069 1064 1071
f 1066 1072 984
f 1066 984 980
f 1072 1053 985
f 1072 985 984
f 1044 1073 979
f 1044 979 978
f 1073 1066 980
f 1073 980 979
f 1052 1051 1074
f 1048 1055 972
f 1048 972 970
f 972 1055 973
f 1050 1049 969
f 1050 969 968
f 1049 1048 970
f 1049 970 969
f 1078 1033 960
f 1078 960 959
f 1077 1078 959
f 1077 959 955
f 1076 1077 955
f 1076 955 954
f 1059 1076 954
f 1059 954 953
f 1080 1081 1082
f 1080 1082 1083
f 1079 1080 1083
f 1084 1085 1086
f 1084 1086 1087
f 1081 1084 1087
f 1081 1087 1082
f 1079 1083 1088
f 1083 1082 1089
f 1088 1083 1089
f 1091 1092 1093
f 1091 1093 1094
f 1090 1091 1094
f 1090 1094 1095
f 1092 1096 1097
f 1092 1097 1098
f 1092 1098 1093
f 1093 1098 1099
f 1093 1099 1100
f 1098 1097 1101
f 1098 1101 1099
f 1099 1101 1102
f 1099 1102 1103
f 1100 1099 1103
f 1100 1103 1104
f 1095 1094 1105
f 1095 1105 1106
f 1094 1093 1100
f 1094 1100 1105
f 1105 1100 1104
f 1105 1104 1107
f 1106 1105 1107
f 1106 1107 914
f 1108 1109 1110
f 948 1108 1110
f 948 1110 1111
f 1112 1113 1114
f 1112 1114 1110
f 1109 1112 1110
f 1110 1114 1115
f 1111 1110 1116
f 1110 1115 1116
f 844 1116 1115
f 1118 1119 1120
f 1118 1120 1121
f 1117 1118 1121
f 1117 1121 1122
f 1123 952 1124
f 1123 1124 1125
f 1119 1123 1125
f 1119 1125 1120
f 1120 1125 1126
f 1120 1126 1127
f 1125 1124 1126
f 1127 1126 1128
f 1127 1128 1129
f 1122 1121 1130
f 1122 1130 1131
f 1121 1120 1127
f 1121 1127 1130
f 1130 1127 1129
f 1131 1130 1129
f 1131 1129 1132
f 1133 1134 1135
f 1133 1135 1136
f 1085 1133 1136
f 1085 1136 1086
f 1137 1117 1122
f 1137 1122 1138
f 1134 1137 1138
f 1134 1138 1135
f 1135 1138 1139
f 1135 1139 1140
f 1138 1122 1131
f 1138 1131 1139
f 1139 1131 1132
f 1086 1136 1141
f 1136 1135 1140
f 1136 1140 1141
f 1142 1143 1144
f 1142 1144 1145
f 1096 1142 1145
f 1096 1145 1097
f 1143 1146 1144
f 1146 1079 1088
f 1146 1088 1147
f 1144 1146 1147
f 1144 1147 1148
f 1097 1145 1149
f 1097 1149 1101
f 1145 1144 1149
f 1149 1144 1148
f 1149 1148 1150
f 1101 1149 1150
f 1101 1150 1102
f 1151 1152 1153
f 1151 1153 1154
f 1113 1151 1154
f 1113 1154 1114
f 1155 1090 1095
f 1155 1095 1156
f 1152 1155 1156
f 1152 1156 1153
f 1153 1156 1157
f 1153 1157 1158
f 1156 1095 1106
f 1156 1106 1157
f 1157 1106 914
f 1157 914 921
f 1158 1157 921
f 1158 921 919
f 1114 1154 1159
f 1114 1159 1115
f 1154 1153 1158
f 1154 1158 1159
f 1159 1158 919
f 1159 919 918
f 1115 1159 918
f 1115 918 844
f 1006 1005 1084
f 1006 1084 1081
f 1005 967 1085
f 1005 1085 1084
f 973 1002 1080
f 1002 1006 1081
f 1002 1081 1080
f 973 1080 1079
f 1014 1013 1092
f 1013 977 1096
f 1013 1096 1092
f 988 1015 1091
f 988 1091 1090
f 1015 1014 1092
f 1015 1092 1091
f 1023 1022 1160
f 946 1023 1160
f 946 1160 947
f 1021 992 1113
f 1021 1113 1112
f 1022 1021 1112
f 1022 1112 1109
f 1160 1022 1109
f 1160 1109 1108
f 947 1160 1108
f 947 1108 948
f 1030 941 944
f 1030 944 1161
f 1031 1030 1161
f 1161 944 952
f 1161 952 1123
f 1031 1161 1123
f 1031 1123 1119
f 963 1032 1118
f 963 1118 1117
f 1032 1031 1118
f 1118 1031 1119
f 965 964 1137
f 965 1137 1134
f 964 963 1117
f 964 1117 1137
f 967 966 1133
f 967 1133 1085
f 966 965 1134
f 966 1134 1133
f 975 974 1146
f 975 1146 1143
f 974 973 1146
f 1146 973 1079
f 977 976 1142
f 977 1142 1096
f 976 975 1143
f 976 1143 1142
f 990 989 1162
f 989 988 1162
f 990 1162 1155
f 990 1155 1152
f 1162 988 1090
f 1162 1090 1155
f 991 990 1152
f 991 1152 1151
f 992 991 1151
f 992 1151 1113
f 1165 834 836
f 1165 836 1163
f 1163 836 1164
f 1164 836 835
f 1164 835 1166
f 1164 1166 746
f 1182 1167 1168
f 1163 1164 1168
f 1167 1163 1168
f 1168 1164 746
f 1168 746 729
f 1168 729 733
f 1170 1171 1172
f 1169 1170 1172
f 1169 1172 1173
f 1171 1174 1172
f 1172 1174 1175
f 1175 748 747
f 1172 1175 747
f 1172 747 1176
f 1173 1172 1176
f 1171 1177 1174
f 1171 1182 1168
f 1171 1168 1177
f 1177 1168 733
f 1174 1177 1175
f 1175 1177 733
f 1175 733 748
f 1088 1089 1178
f 1089 1082 1179
f 1082 1087 1179
f 1089 1179 1180
f 1178 1089 1180
f 1178 1180 1181
f 1087 1086 1182
f 1179 1087 1182
f 1179 1182 1180
f 1180 1182 1171
f 1181 1180 1171
f 1128 1184 1183
f 1184 1185 1186
f 1184 1186 1183
f 1185 828 830
f 1185 830 1186
f 1183 1186 1187
f 1102 1150 1188
f 1102 1188 1189
f 1150 1148 1190
f 1150 1190 1188
f 1188 1190 1191
f 1189 1188 1191
f 1189 1191 1192
f 1148 1147 1190
f 1147 1088 1178
f 1147 1178 1181
f 1190 1147 1171
f 1147 1181 1171
f 1192 1191 1169
f 1191 1190 1171
f 1191 1171 1170
f 1169 1191 1170
f 1086 1141 1182
f 1139 1132 1163
f 1140 1139 1163
f 1140 1163 1167
f 1182 1141 1167
f 1141 1140 1167
f 1129 1128 1183
f 1129 1183 1193
f 1193 1194 1165
f 1165 1194 834
f 1132 1129 1163
f 1129 1193 1165
f 1129 1165 1163
f 952 951 1195
f 951 950 1195
f 1195 950 1196
f 952 1195 1124
f 949 948 1111
f 949 1111 1197
f 950 949 1197
f 950 1197 1196
f 1196 1197 1198
f 1196 1198 1199
f 1197 1111 1200
f 1197 1200 1198
f 1198 1200 828
f 1198 828 1185
f 1199 1198 1185
f 1199 1185 1184
f 1124 1195 1126
f 1195 1196 1199
f 1195 1199 1126
f 1126 1199 1184
f 1126 1184 1128
f 1187 1193 1183
f 1194 1193 1187
f 1187 1186 1201
f 830 1201 1186
f 940 1202 1037
f 940 1037 1036
f 940 1036 1035
f 1212 940 1203
f 1203 940 1035
f 1203 1035 1034
f 1203 1034 1033
f 1204 1205 1038
f 1204 1038 1062
f 1204 1062 1061
f 940 1204 1202
f 1202 1204 1061
f 1202 1061 1060
f 1202 1060 1037
f 940 1042 1204
f 1204 1042 1040
f 1205 1204 1040
f 1205 1040 1038
f 940 1206 1042
f 1206 1063 1042
f 940 1207 1045
f 940 1045 1206
f 1208 1209 1055
f 1208 1055 1075
f 1210 1211 1059
f 1210 1059 1058
f 1210 1058 1057
f 1208 940 1209
f 940 1210 1209
f 1209 1210 1057
f 1209 1057 1056
f 1209 1056 1055
f 940 1212 1210
f 1212 1203 1033
f 1212 1033 1078
f 1212 1078 1077
f 1210 1212 1211
f 1211 1212 1077
f 1211 1077 1076
f 1211 1076 1059
f 1192 1213 1214
f 1169 935 1192
f 1192 935 1213
f 935 736 1215
f 1213 935 1215
f 1213 1215 735
f 1214 1213 735
f 1214 735 734
f 1102 1189 1103
f 1189 1192 1103
f 1192 1214 1103
f 1103 1214 734
f 1103 734 1216
f 1103 1216 1217
f 1104 1103 1218
f 1104 1218 1107
f 1218 1103 1217
f 1218 1217 1219
f 1107 1218 1219
f 1107 1219 914
f 1169 1173 935
f 935 1173 936
f 1173 1176 1220
f 1173 1220 936
f 738 936 1220
f 735 1215 736
f 835 730 1166
f 802 823 1223
f 802 1223 1224
f 769 1223 823
f 769 1222 1223
f 1226 1227 1228
f 1226 1228 1229
f 1225 1226 1229
f 1225 1229 1230
f 1231 1232 1233
f 1231 1233 1234
f 1227 1231 1234
f 1227 1234 1228
f 1228 1234 1235
f 1228 1235 1236
f 1234 1233 1237
f 1234 1237 1235
f 1235 1237 1238
f 1235 1238 1239
f 1236 1235 1239
f 1236 1239 1240
f 1230 1229 1241
f 1230 1241 1242
f 1229 1228 1236
f 1229 1236 1241
f 1241 1236 1240
f 1241 1240 1243
f 1242 1241 1243
f 1242 1243 1244
f 1248 1249 1250
f 1248 1250 1251
f 1247 1248 1251
f 1247 1251 1252
f 1251 1250 1253
f 1245 1246 1254
f 1246 1247 1252
f 1246 1252 1254
f 1245 1254 1255
f 1257 1258 1259
f 1256 1257 1259
f 1256 1259 1260
f 1261 1262 1263
f 1261 1263 1264
f 1258 1261 1264
f 1258 1264 1265
f 1259 1258 1265
f 1259 1265 1266
f 1260 1259 1266
f 1260 1266 1267
f 1268 1269 1271
f 1272 1273 1274
f 1272 1274 1275
f 1272 1275 1276
f 1270 1272 1276
f 1269 1270 1277
f 1271 1269 1277
f 1271 1277 1278
f 1279 1280 1281
f 1279 1281 1282
f 1249 1279 1282
f 1249 1282 1250
f 1283 1225 1230
f 1283 1230 1284
f 1280 1283 1284
f 1280 1284 1281
f 1281 1284 1285
f 1281 1285 1286
f 1284 1230 1242
f 1284 1242 1285
f 1285 1242 1244
f 1285 1244 1287
f 1286 1285 1287
f 1286 1287 1288
f 1250 1282 1289
f 1282 1281 1286
f 1282 1286 1289
f 1289 1286 1288
f 1289 1288 1290
f 1250 1289 1290
f 1250 1290 1253
f 1291 1292 1293
f 1292 1294 1293
f 1294 1245 1255
f 1294 1255 1295
f 1293 1294 1295
f 1293 1295 1296
f 1291 1293 1296
f 1291 1296 1297
f 1262 1291 1297
f 1262 1297 1263
f 1298 1299 1300
f 1298 1300 1301
f 1273 1298 1301
f 1273 1301 1274
f 1302 1256 1260
f 1302 1260 1303
f 1299 1302 1303
f 1299 1303 1300
f 1303 1260 1267
f 1303 1267 1304
f 1300 1303 1304
f 1300 1304 1305
f 1301 1300 1305
f 1301 1305 1306
f 1274 1301 1306
f 1274 1306 1275
f 1307 1308 1309
f 1307 1309 1310
f 1232 1307 1310
f 1232 1310 1233
f 1311 1268 1271
f 1311 1271 1312
f 1308 1311 1312
f 1308 1312 1309
f 1309 1312 1313
f 1312 1271 1278
f 1312 1278 1314
f 1313 1312 1314
f 1313 1314 1315
f 1233 1310 1316
f 1233 1316 1237
f 1310 1309 1313
f 1310 1313 1316
f 1316 1313 1315
f 1316 1315 1317
f 1237 1316 1317
f 1237 1317 1238
f 1319 1320 1321
f 1319 1321 1322
f 1318 1319 1322
f 1318 1322 1323
f 1324 1325 1326
f 1324 1326 1327
f 1320 1324 1327
f 1320 1327 1321
f 1321 1327 1311
f 1321 1311 1308
f 1327 1326 1268
f 1327 1268 1311
f 1323 1322 1307
f 1323 1307 1232
f 1322 1321 1308
f 1322 1308 1307
f 1328 1330 1329
f 1332 1333 1334
f 1333 1331 1335
f 1333 1335 1334
f 1332 1334 1336
f 1331 1333 1302
f 1331 1302 1299
f 1333 1332 1256
f 1333 1256 1302
f 1328 1329 1298
f 1328 1298 1273
f 1329 1331 1299
f 1329 1299 1298
f 1338 1339 1340
f 1452 1341 1342
f 1344 1345 1294
f 1344 1294 1292
f 1345 1346 1245
f 1345 1245 1294
f 1337 1347 1291
f 1337 1291 1262
f 1347 1344 1292
f 1347 1292 1291
f 1349 1350 1351
f 1349 1351 1352
f 1348 1349 1352
f 1348 1352 1353
f 1354 1355 1356
f 1354 1356 1357
f 1350 1354 1357
f 1350 1357 1351
f 1351 1357 1283
f 1357 1356 1283
f 1283 1356 1225
f 1351 1283 1280
f 1352 1351 1280
f 1352 1280 1279
f 1353 1352 1279
f 1353 1279 1249
f 1358 1359 1360
f 1358 1360 1361
f 1325 1358 1361
f 1325 1361 1326
f 1362 1328 1363
f 1359 1362 1363
f 1359 1363 1360
f 1360 1363 1272
f 1360 1272 1270
f 1363 1328 1273
f 1363 1273 1272
f 1326 1361 1269
f 1326 1269 1268
f 1361 1360 1270
f 1361 1270 1269
f 1330 1364 1365
f 1366 1367 1368
f 1367 1452 1369
f 1339 1338 1261
f 1339 1261 1258
f 1338 1337 1262
f 1338 1262 1261
f 1332 1370 1257
f 1332 1257 1256
f 1370 1339 1258
f 1370 1258 1257
f 1371 1372 1373
f 1371 1373 1374
f 1372 1346 1375
f 1372 1375 1373
f 1348 1353 1371
f 1371 1353 1248
f 1371 1248 1247
f 1248 1353 1249
f 1346 1372 1246
f 1346 1246 1245
f 1372 1371 1247
f 1372 1247 1246
f 1376 1377 1378
f 1376 1378 1379
f 1355 1376 1379
f 1355 1379 1356
f 1380 1318 1323
f 1380 1323 1381
f 1377 1380 1381
f 1377 1381 1378
f 1378 1381 1231
f 1378 1231 1227
f 1381 1323 1232
f 1381 1232 1231
f 1379 1378 1227
f 1379 1227 1226
f 1356 1379 1226
f 1356 1226 1225
f 1382 1383 1390
f 1382 1390 756
f 1383 1384 1391
f 1383 1391 1390
f 1390 1391 758
f 1390 758 757
f 756 1390 757
f 784 1392 783
f 783 1392 786
f 783 786 785
f 1393 786 1392
f 1393 776 786
f 1395 1394 1385
f 1396 1397 1394
f 1395 1385 1398
f 1398 1385 1386
f 1398 1386 1399
f 1398 1399 1387
f 1393 1400 1401
f 1393 1401 776
f 1400 1402 778
f 1400 778 777
f 1402 1382 756
f 1402 756 778
f 1401 1400 777
f 1401 777 776
f 1277 1270 1403
f 1278 1277 1404
f 1276 1275 1405
f 1270 1276 1403
f 1403 1276 791
f 1276 1405 791
f 791 1405 784
f 1403 791 790
f 1404 1277 1406
f 1404 1406 1407
f 1277 1403 1406
f 1406 1403 790
f 1406 790 789
f 1407 1406 789
f 1407 789 787
f 1266 1265 1408
f 1266 1408 1409
f 1267 1266 1409
f 1265 1264 1410
f 1264 1263 1411
f 1264 1411 1410
f 1265 1410 1408
f 1408 1410 1400
f 1410 1411 1382
f 1410 1382 1402
f 1400 1410 1402
f 1409 1408 1400
f 1409 1400 1393
f 1412 1394 1395
f 1412 1395 1413
f 1412 1413 1389
f 1415 1416 1417
f 1415 1418 1416
f 1416 1418 1419
f 1417 1416 1419
f 1417 1419 1420
f 1389 1413 1421
f 1413 1395 1398
f 1413 1398 1421
f 1421 1398 1387
f 1421 1387 1388
f 1389 1421 1388
f 1244 1243 1422
f 1244 1422 1423
f 1243 1240 1422
f 1422 1240 1424
f 1422 1424 1425
f 1423 1422 1425
f 1423 1425 1426
f 1239 1238 1427
f 1239 1427 1428
f 1240 1239 1428
f 1240 1428 1424
f 1424 1428 1429
f 1424 1429 1430
f 1428 1427 1431
f 1428 1431 1429
f 1429 1431 795
f 1429 795 799
f 1430 1429 799
f 1430 799 800
f 1426 1425 1432
f 1426 1432 1433
f 1425 1424 1430
f 1425 1430 1432
f 1432 1430 800
f 1432 800 803
f 1433 1432 803
f 1433 803 802
f 1238 1317 1427
f 1314 1278 1404
f 1315 1314 1434
f 1315 1434 1435
f 1314 1404 1407
f 1314 1407 1434
f 1434 1407 787
f 1434 787 794
f 1435 1434 794
f 1435 794 797
f 1427 1317 1436
f 1427 1436 1431
f 1317 1315 1435
f 1317 1435 1436
f 1436 1435 797
f 1436 797 796
f 1431 1436 796
f 1431 796 795
f 1306 1305 1437
f 1306 1437 1438
f 1275 1306 1438
f 1275 1438 1405
f 1304 1267 1409
f 1305 1304 1409
f 1305 1409 1437
f 1437 1409 1392
f 1409 1393 1392
f 1405 1438 1439
f 1438 1437 1392
f 1438 1392 1439
f 1405 1439 1392
f 1405 1392 784
f 1263 1297 1440
f 1263 1440 1411
f 1297 1296 1441
f 1297 1441 1440
f 1440 1441 1443
f 1440 1443 1384
f 1440 1384 1383
f 1411 1440 1383
f 1411 1383 1382
f 1290 1288 1444
f 1288 1287 1445
f 1288 1445 1444
f 1287 1244 1423
f 1287 1423 1445
f 1445 1423 1426
f 1445 1426 1433
f 1444 1445 1433
f 1444 1433 1224
f 1224 1433 802
f 1253 1290 1223
f 1290 1444 1224
f 1290 1224 1223
f 1221 1446 1457
f 1446 1221 1447
f 1446 1447 1325
f 1446 1325 1324
f 1446 1324 1320
f 1457 1446 1448
f 1448 1446 1320
f 1448 1320 1319
f 1448 1319 1318
f 1221 1364 1449
f 1449 1450 1328
f 1449 1328 1362
f 1449 1362 1359
f 1221 1449 1447
f 1447 1449 1359
f 1447 1359 1358
f 1447 1358 1325
f 1449 1364 1450
f 1450 1364 1330
f 1450 1330 1328
f 1452 1367 1366
f 1364 1452 1451
f 1451 1452 1366
f 1451 1366 1364
f 1364 1221 1454
f 1455 1348 1341
f 1364 1454 1455
f 1364 1455 1341
f 1364 1341 1452
f 1456 1355 1354
f 1456 1354 1350
f 1454 1456 1350
f 1454 1350 1349
f 1455 1454 1349
f 1455 1349 1348
f 1221 1457 1454
f 1457 1448 1318
f 1457 1318 1380
f 1457 1380 1377
f 1454 1457 1458
f 1454 1458 1456
f 1458 1457 1377
f 1458 1377 1376
f 1456 1458 1376
f 1456 1376 1355
f 258 1459 257
f 1459 368 367
f 1459 367 257
f 257 367 1460
f 365 366 1460
f 255 1460 254
f 1470 1471 1472
f 1482 1483 1484
f 1489 1490 1491
f 1489 1491 1492
f 1490 1493 1494
f 1490 1494 1491
f 1491 1494 1495
f 1492 1491 1495
f 1496 1497 1498
f 1497 1499 1498
f 1498 1500 1501
f 1503 1493 1490
f 1503 1490 1489
f 1504 1505 1506
f 1505 1507 1506
f 1506 1508 1509
f 1510 1511 1512
f 1510 1512 1513
f 1511 1514 1512
f 1512 1514 1515
f 1513 1512 1515
f 1516 1518 1517
f 1517 1507 1505
f 1516 1517 1505
f 1516 1505 1504
f 1474 1519 1520
f 1474 1473 1521
f 1474 1521 1519
f 1519 1521 1522
f 1519 1522 1523
f 1520 1519 1523
f 1520 1523 1524
f 156 1525 312
f 1526 1527 1528
f 1527 1529 1530
f 1527 1530 1528
f 1528 1530 1531
f 1533 1534 1535
f 145 1540 1539
f 1537 145 1539
f 313 310 312
f 148 312 310
f 145 1548 1540
f 158 1544 1543
f 1543 1545 1531
f 156 312 149
f 148 149 312
f 150 145 1546
f 150 1546 160
f 148 147 149
f 148 1547 147
f 1547 1548 147
f 1541 1548 1547
f 1542 1541 1547
f 148 1542 1547
f 150 152 145
f 152 146 147
f 152 147 1548
f 145 152 1548
f 1537 1536 145
f 148 310 1542
f 152 150 1549
f 154 153 1551
f 1550 154 1551
f 157 155 1552
f 151 160 1553
f 151 1553 1554
f 150 1555 1549
f 150 151 1554
f 150 1554 1555
f 152 1549 1551
f 153 152 1551
f 155 1556 1552
f 155 154 1550
f 155 1550 1556
f 160 157 1552
f 160 1552 1553
f 1559 1549 1555
f 1559 1555 1554
f 1559 1554 1560
f 1557 1559 1560
f 1557 1549 1559
f 1561 1551 1557
f 1551 1549 1557
f 1562 1550 1551
f 1562 1551 1561
f 1562 1552 1556
f 1562 1556 1550
f 1563 1552 1562
f 1564 1563 1562
f 1564 1553 1563
f 1563 1553 1552
f 1557 1560 1564
f 1560 1554 1553
f 1560 1553 1564
f 1564 1558 1557
f 1561 1557 1558
f 1562 1565 1564
f 1564 1565 1558
f 1562 1561 1558
f 1562 1558 1565
f 319 246 1566
f 319 1566 245
f 244 1567 319
f 319 1567 247
f 319 247 246
f 246 248 1566
f 248 245 1566
f 316 246 1567
f 1567 246 247
f 315 316 1567
f 244 315 1568
f 315 1567 1568
f 1568 1567 244
f 727 732 731
f 736 935 737
f 936 737 935
f 738 737 936
f 747 1569 1220
f 1570 1569 747
f 738 1220 1569
f 747 1220 1176
f 733 732 747
f 733 747 748
f 1570 747 732
f 727 1571 732
f 1570 732 1571
f 729 727 731
f 729 731 733
f 730 729 1166
f 729 746 1166
f 1572 1573 1574
f 1572 1574 1575
f 1573 1576 1577
f 1573 1577 1574
f 1575 1574 1578
f 1576 1579 1580
f 1576 1580 1577
f 1579 612 1581
f 1579 1581 1580
f 1580 1581 1582
f 601 603 1583
f 601 1583 1584
f 603 606 1585
f 603 1585 1583
f 1583 1585 1584
f 606 1587 1588
f 606 1588 1585
f 1587 1572 1575
f 1587 1575 1588
f 1588 1575 1578
f 607 609 1589
f 609 601 1584
f 609 1584 1589
f 1589 1584 1586
f 1589 1586 1590
f 600 1591 1589
f 600 1589 1592
f 1591 607 1589
f 1589 1590 1593
f 1592 1589 1593
f 1592 1593 764
f 612 615 1594
f 612 1594 1581
f 615 594 1595
f 615 1595 1594
f 1594 1595 1596
f 1594 1596 1597
f 1581 1594 1597
f 1581 1597 1582
f 594 596 1598
f 594 1598 1595
f 596 600 1592
f 596 1592 1598
f 1598 1592 764
f 1598 764 1599
f 1595 1598 1599
f 1595 1599 1596
f 626 1600 1601
f 626 1601 1602
f 1600 1603 1604
f 1600 1604 1601
f 1602 1601 1605
f 1603 1606 1607
f 1603 1607 1604
f 1606 617 1608
f 1606 1608 1607
f 1607 1608 1578
f 627 628 1609
f 628 632 1610
f 628 1610 1609
f 1609 1610 1611
f 1612 1613 1614
f 1612 1614 1615
f 1613 627 1609
f 1613 1609 1614
f 1614 1609 1611
f 1614 1611 1616
f 1615 1614 1616
f 1615 1616 1586
f 621 1617 1584
f 621 1584 1618
f 1617 1612 1615
f 1617 1615 1584
f 1584 1615 1586
f 1618 1584 1585
f 617 619 1619
f 617 1619 1608
f 619 621 1618
f 619 1618 1619
f 1619 1618 1585
f 1619 1585 1588
f 1608 1619 1588
f 1608 1588 1578
f 632 1620 1621
f 632 1621 1610
f 1620 622 1622
f 1620 1622 1621
f 1621 1622 1610
f 622 623 1623
f 622 1623 1622
f 623 626 1602
f 623 1602 1623
f 1623 1602 1605
f 1624 1625 1626
f 1624 1626 1627
f 1625 637 1628
f 1625 1628 1626
f 1627 1626 1629
f 637 638 1628
f 638 641 1630
f 638 1630 1628
f 1628 1630 1605
f 647 1631 1632
f 1631 633 1633
f 1631 1633 1632
f 1632 1633 1634
f 1632 1634 1635
f 642 644 1632
f 642 1632 1636
f 644 647 1632
f 1636 1632 1635
f 1636 1635 1611
f 649 1637 1610
f 649 1610 1638
f 1637 642 1636
f 1637 1636 1610
f 1610 1636 1611
f 1638 1610 1622
f 641 648 1639
f 641 1639 1630
f 648 649 1638
f 648 1638 1639
f 1639 1638 1622
f 1639 1622 1623
f 1630 1639 1623
f 1630 1623 1605
f 636 1640 1641
f 636 1641 1642
f 1640 1624 1627
f 1640 1627 1641
f 1641 1627 1629
f 633 635 1643
f 633 1643 1633
f 635 636 1642
f 635 1642 1643
f 1633 1643 1634
f 575 573 1644
f 573 572 1644
f 572 1646 1644
f 1646 1647 1648
f 1646 1648 1644
f 1644 1648 1649
f 582 580 1626
f 582 1626 1650
f 580 579 1651
f 580 1651 1626
f 1626 1651 1629
f 1650 1626 1628
f 585 1652 1628
f 585 1628 1653
f 1652 582 1650
f 1652 1650 1628
f 1653 1628 1605
f 588 586 1654
f 588 1654 1655
f 586 585 1653
f 586 1653 1654
f 1654 1653 1605
f 1647 1656 1657
f 1647 1657 1648
f 1656 588 1655
f 1656 1655 1657
f 1648 1657 1649
f 591 1658 1659
f 591 1659 1660
f 1658 575 1644
f 1658 1644 1659
f 1659 1644 1645
f 1659 1645 1661
f 1660 1659 1661
f 579 592 1662
f 579 1662 1651
f 592 591 1660
f 592 1660 1662
f 1662 1660 1663
f 1651 1662 1663
f 1651 1663 1629
f 567 1664 1665
f 1664 556 1666
f 1664 1666 1665
f 556 555 1666
f 555 554 1666
f 559 1668 1669
f 559 1669 1604
f 1668 1670 1669
f 1669 1605 1601
f 1604 1669 1601
f 561 560 1607
f 561 1607 1671
f 560 559 1604
f 560 1604 1607
f 1671 1607 1578
f 565 1672 1671
f 565 1671 1673
f 1672 561 1671
f 554 566 1674
f 554 1674 1666
f 566 565 1673
f 566 1673 1674
f 1666 1674 1667
f 1670 1675 1676
f 1670 1676 1669
f 1675 570 1655
f 1675 1655 1676
f 1676 1655 1654
f 1669 1676 1654
f 1669 1654 1605
f 570 568 1677
f 570 1677 1655
f 568 567 1665
f 568 1665 1677
f 1677 1665 1649
f 1677 1649 1657
f 1655 1677 1657
f 533 541 1678
f 533 1678 1679
f 541 540 1680
f 541 1680 1678
f 1679 1678 1667
f 540 1681 1682
f 540 1682 1680
f 1681 1683 1684
f 1681 1684 1682
f 1682 1684 1685
f 550 547 1574
f 550 1574 1577
f 547 546 1686
f 547 1686 1574
f 1574 1686 1578
f 525 1687 1688
f 525 1688 1689
f 1687 550 1577
f 1687 1577 1688
f 1688 1577 1580
f 1689 1688 1580
f 1689 1580 1582
f 1683 1690 1691
f 1683 1691 1684
f 1690 529 1692
f 1690 1692 1691
f 1691 1692 1693
f 1684 1691 1693
f 1684 1693 1685
f 529 526 1694
f 529 1694 1692
f 526 525 1689
f 526 1689 1694
f 1694 1689 1582
f 1694 1582 1693
f 1692 1694 1693
f 546 1695 1696
f 546 1696 1686
f 1695 536 1697
f 1695 1697 1696
f 1696 1697 1673
f 1696 1673 1671
f 1686 1696 1671
f 1686 1671 1578
f 536 534 1698
f 536 1698 1697
f 534 533 1679
f 534 1679 1698
f 1698 1679 1667
f 1698 1667 1674
f 1697 1698 1674
f 1697 1674 1673
f 503 510 1699
f 503 1699 1700
f 510 509 1699
f 1700 1699 1701
f 509 1702 1699
f 1702 1703 1704
f 1702 1704 1699
f 1699 1704 1705
f 516 514 1644
f 514 513 1706
f 514 1706 1644
f 1644 1706 1645
f 519 1707 1708
f 519 1708 1709
f 1707 516 1644
f 1707 1644 1708
f 1709 1708 1644
f 1709 1644 1649
f 522 520 1710
f 522 1710 1711
f 520 519 1709
f 520 1709 1710
f 1710 1709 1649
f 1703 1712 1713
f 1703 1713 1704
f 1712 522 1711
f 1712 1711 1713
f 1704 1713 1705
f 506 504 1714
f 506 1714 1715
f 504 503 1700
f 504 1700 1714
f 1714 1700 1701
f 1714 1701 1716
f 1715 1714 1716
f 513 1717 1718
f 513 1718 1706
f 1717 506 1715
f 1717 1715 1718
f 1718 1715 1719
f 1706 1718 1719
f 1706 1719 1645
f 1720 1721 1722
f 1720 1722 1723
f 1721 497 1724
f 1721 1724 1722
f 1723 1722 1705
f 497 496 1725
f 497 1725 1724
f 496 495 1725
f 1725 495 1726
f 500 1727 1665
f 500 1665 1666
f 1727 494 1728
f 1727 1728 1665
f 1665 1728 1649
f 488 501 1729
f 488 1729 1730
f 501 500 1666
f 501 1666 1729
f 1730 1729 1666
f 1730 1666 1667
f 490 489 1730
f 489 488 1730
f 495 1731 1732
f 1731 490 1732
f 495 1732 1726
f 494 493 1733
f 494 1733 1728
f 493 492 1711
f 493 1711 1733
f 1733 1711 1710
f 1728 1733 1710
f 1728 1710 1649
f 492 1734 1713
f 492 1713 1711
f 1734 1720 1723
f 1734 1723 1713
f 1713 1723 1705
f 1735 1736 1737
f 1735 1737 1738
f 1736 1739 1740
f 1736 1740 1737
f 1738 1737 1726
f 1739 1741 1742
f 1739 1742 1740
f 1741 480 1743
f 1741 1743 1742
f 1742 1743 739
f 475 476 1678
f 475 1678 1680
f 476 479 1744
f 476 1744 1678
f 1678 1744 1667
f 1745 1746 1747
f 1745 1747 1748
f 1746 475 1680
f 1746 1680 1747
f 1747 1680 1682
f 1748 1747 1682
f 1748 1682 1685
f 480 482 1749
f 480 1749 1743
f 482 484 1750
f 482 1750 1749
f 1749 1750 1751
f 1743 1749 739
f 484 1752 1753
f 484 1753 1750
f 1752 1745 1748
f 1752 1748 1753
f 1753 1748 1685
f 1753 1685 1751
f 1750 1753 1751
f 479 485 1754
f 479 1754 1744
f 485 487 490
f 485 490 1754
f 1754 490 1730
f 1744 1754 1730
f 1744 1730 1667
f 487 1755 1756
f 487 1756 490
f 1755 1735 1738
f 1755 1738 1756
f 1756 1738 1726
f 1756 1726 1732
f 490 1756 1732
f 422 420 1757
f 422 1757 1758
f 420 419 1757
f 1758 1757 1759
f 419 1760 1757
f 1760 1761 1762
f 1760 1762 1757
f 1757 1762 1763
f 431 430 1699
f 430 428 1764
f 430 1764 1699
f 1699 1764 1701
f 415 1765 1699
f 415 1699 1766
f 1765 431 1699
f 1766 1699 1705
f 1761 1767 1768
f 1761 1768 1762
f 1767 417 1769
f 1767 1769 1768
f 1762 1768 1763
f 417 416 1770
f 417 1770 1769
f 416 415 1766
f 416 1766 1770
f 1770 1766 1705
f 428 427 1771
f 428 1771 1764
f 427 426 1772
f 427 1772 1771
f 1764 1771 1701
f 426 1773 1774
f 426 1774 1772
f 1773 422 1758
f 1773 1758 1774
f 1774 1758 1759
f 462 461 1775
f 461 460 1776
f 461 1776 1775
f 460 1777 1776
f 1777 1778 1776
f 466 465 1780
f 466 1780 1724
f 465 464 1780
f 1780 1705 1722
f 1724 1780 1722
f 471 1781 1725
f 1781 466 1724
f 1781 1724 1725
f 471 1725 1726
f 470 469 1768
f 470 1768 1769
f 469 462 1775
f 469 1775 1768
f 1768 1775 1763
f 464 1782 1783
f 464 1783 1780
f 1782 470 1769
f 1782 1769 1783
f 1783 1769 1770
f 1780 1783 1770
f 1780 1770 1705
f 473 472 471
f 1778 1784 1776
f 1776 1784 1779
f 922 1785 1737
f 922 1737 1740
f 1785 1786 1787
f 1785 1787 1737
f 1737 1787 1726
f 924 923 1788
f 924 1788 1789
f 923 922 1740
f 923 1740 1788
f 1788 1740 1742
f 1789 1788 1742
f 1789 1742 739
f 1786 1790 1791
f 1786 1791 1787
f 1790 931 1792
f 1790 1792 1791
f 1791 1792 473
f 1791 473 471
f 1787 1791 471
f 1787 471 1726
f 931 929 1784
f 931 1784 1792
f 929 928 1793
f 929 1793 1784
f 1784 1793 1779
f 1792 1784 473
f 1794 1795 739
f 1794 739 1796
f 1795 924 1789
f 1795 1789 739
f 1796 739 738
f 928 937 1797
f 928 1797 1793
f 937 863 1797
f 1793 1797 1779
f 863 860 1798
f 863 1798 1797
f 860 859 1799
f 860 1799 1798
f 1798 1799 1570
f 859 1800 1801
f 859 1801 1799
f 1800 1794 1796
f 1800 1796 1801
f 1801 1796 738
f 1801 738 1569
f 1799 1801 1569
f 1799 1569 1570
f 856 855 1802
f 855 1803 1802
f 855 1804 1803
f 1804 1806 1807
f 1804 1807 1803
f 1806 743 1807
f 1803 1807 1808
f 1803 1808 1805
f 743 740 1807
f 1807 840 1808
f 845 1797 1809
f 845 856 1802
f 845 1802 1797
f 1797 1802 1779
f 847 845 1809
f 847 1809 1810
f 1809 1797 1798
f 1810 1809 1798
f 1810 1798 1570
f 740 1811 1812
f 740 1812 1807
f 1811 852 1812
f 1812 727 854
f 1807 1812 854
f 1807 854 840
f 852 851 1813
f 852 1813 1812
f 851 847 1810
f 851 1810 1813
f 1813 1810 1570
f 1813 1570 1571
f 1812 1813 1571
f 1812 1571 727
f 451 450 1775
f 451 1775 1776
f 1775 450 1763
f 1814 451 1776
f 458 1814 1776
f 458 1776 1779
f 453 1817 1815
f 456 453 1818
f 453 1815 1818
f 1818 1815 1816
f 450 456 1818
f 1802 458 1779
f 453 458 1817
f 458 1802 1803
f 1817 458 1803
f 1817 1803 1805
f 436 434 1757
f 434 433 1757
f 1757 433 1759
f 1819 1820 1821
f 1820 436 1757
f 1820 1757 1821
f 1821 1757 1763
f 441 438 1822
f 438 447 1824
f 438 1824 1822
f 1822 1824 1816
f 1825 441 433
f 441 1826 433
f 441 1822 1826
f 1826 1822 1823
f 1826 1823 433
f 447 446 1827
f 447 1827 1824
f 446 445 450
f 446 450 1827
f 1827 450 1818
f 1824 1827 1818
f 1824 1818 1816
f 445 1828 450
f 1828 1819 1821
f 1828 1821 450
f 450 1821 1763
f 1831 1832 1833
f 1831 1833 1834
f 1832 1835 1836
f 1832 1836 1833
f 1833 1836 1635
f 1834 1833 1635
f 1834 1635 1634
f 1835 1837 1836
f 1837 1838 1839
f 1837 1839 1836
f 1836 1839 1611
f 1836 1611 1635
f 1840 1841 1842
f 1841 1843 1844
f 1841 1844 1842
f 1842 1844 1845
f 1842 1845 1846
f 1847 1848 1842
f 1847 1842 1849
f 1848 1840 1842
f 1849 1842 1846
f 1849 1846 1850
f 1851 1852 1853
f 1852 1847 1849
f 1852 1849 1853
f 1853 1849 1850
f 1853 1850 1854
f 1838 1855 1856
f 1838 1856 1839
f 1855 1851 1853
f 1855 1853 1856
f 1856 1853 1854
f 1839 1856 1611
f 1857 1858 1859
f 1858 1831 1834
f 1858 1834 1859
f 1859 1834 1634
f 1843 1860 1859
f 1843 1859 1844
f 1860 1857 1859
f 1844 1859 1861
f 1844 1861 1845
f 1862 1863 1864
f 1862 1864 1865
f 1863 1866 1867
f 1863 1867 1864
f 1864 1867 1611
f 1865 1864 1611
f 1866 1868 1616
f 1866 1616 1867
f 1868 1869 1870
f 1868 1870 1616
f 1616 1870 1586
f 1867 1616 1611
f 1871 1873 1874
f 1871 1874 1872
f 1872 1874 1850
f 1872 1850 1875
f 1876 1871 1872
f 1876 1872 1877
f 1872 1875 1878
f 1877 1872 1878
f 1877 1878 1879
f 1880 1881 1882
f 1881 1876 1877
f 1881 1877 1882
f 1882 1877 1879
f 1869 1883 1884
f 1869 1884 1870
f 1883 1880 1882
f 1883 1882 1884
f 1870 1884 1882
f 1870 1882 1586
f 1873 1885 1886
f 1873 1886 1874
f 1885 1887 1886
f 1874 1886 1854
f 1874 1854 1850
f 1887 1888 1886
f 1888 1862 1865
f 1888 1865 1886
f 1886 1865 1611
f 1886 1611 1856
f 1886 1856 1854
f 1889 1890 1891
f 1889 1891 1892
f 1890 1893 1891
f 1892 1891 1894
f 1892 1894 764
f 1893 1895 1891
f 1895 1896 1897
f 1895 1897 1891
f 1891 1897 1898
f 656 1899 1900
f 656 1900 1901
f 1899 670 1882
f 1899 1882 1900
f 1901 1900 1882
f 1901 1882 1879
f 670 671 1902
f 670 1902 1882
f 671 657 1902
f 1902 1586 1882
f 650 1903 1904
f 650 656 1901
f 650 1901 1903
f 1903 1901 1879
f 1903 1879 1905
f 1904 1903 1905
f 1896 650 1906
f 1896 1906 1897
f 650 1904 1906
f 1906 1904 1905
f 1906 1905 1907
f 1897 1906 1907
f 1897 1907 1898
f 657 660 1908
f 657 1908 1902
f 660 662 1593
f 660 1593 1908
f 1908 1593 1590
f 1902 1908 1590
f 1902 1590 1586
f 662 1909 1593
f 1909 1889 1892
f 1909 1892 1593
f 1593 1892 764
f 1515 1910 1911
f 1910 1912 1913
f 1910 1913 1911
f 1911 1913 1914
f 1510 1513 1911
f 1510 1911 1915
f 1513 1515 1911
f 1915 1911 1916
f 1917 1516 1918
f 1917 1918 1919
f 1919 1918 1846
f 1919 1846 1845
f 1516 1920 1918
f 1516 1504 1921
f 1516 1921 1920
f 1920 1921 1850
f 1920 1850 1846
f 1918 1920 1846
f 1504 1506 1922
f 1504 1922 1921
f 1506 1509 1922
f 1921 1922 1850
f 1509 1923 1915
f 1509 1915 1922
f 1923 1510 1915
f 1924 1925 1919
f 1925 1917 1919
f 1912 1926 1927
f 1912 1927 1913
f 1926 1924 1919
f 1926 1919 1927
f 1927 1919 1914
f 1913 1927 1914
f 1928 1929 1930
f 1928 1930 1931
f 1929 1932 1933
f 1929 1933 1930
f 1930 1933 1916
f 1930 1916 1934
f 1931 1930 1934
f 1935 1936 1937
f 1935 1937 1938
f 1936 1928 1931
f 1936 1931 1937
f 1937 1931 1934
f 1938 1937 1934
f 1938 1934 1939
f 1489 1492 1940
f 1489 1940 1941
f 1492 1495 1940
f 1941 1940 1875
f 1941 1875 1850
f 1495 1942 1943
f 1495 1943 1940
f 1942 1496 1944
f 1942 1944 1943
f 1943 1944 1879
f 1943 1879 1878
f 1940 1943 1878
f 1940 1878 1875
f 1496 1498 1945
f 1496 1945 1944
f 1498 1501 1945
f 1944 1945 1879
f 1501 1946 1945
f 1946 1935 1938
f 1946 1938 1945
f 1945 1938 1939
f 1945 1939 1947
f 1502 1503 1941
f 1503 1489 1941
f 1941 1850 1922
f 1932 1948 1922
f 1932 1922 1933
f 1948 1502 1941
f 1948 1941 1922
f 1933 1922 1915
f 1933 1915 1916
f 268 267 1949
f 267 266 1949
f 1949 1911 1914
f 266 1950 1949
f 1950 1951 1952
f 1950 1952 1949
f 1949 1952 1916
f 1949 1916 1911
f 273 271 1953
f 271 270 1953
f 1953 1954 1955
f 1951 1956 1952
f 1956 273 1953
f 1956 1953 1952
f 1952 1953 1955
f 1952 1955 1916
f 259 268 1949
f 259 1949 1914
f 261 260 259
f 261 259 1957
f 259 1914 1958
f 1957 259 1958
f 270 1959 1960
f 270 1960 1953
f 1959 264 1960
f 1953 1960 1954
f 264 263 1960
f 263 261 1957
f 263 1957 1960
f 1960 1957 1958
f 1829 673 675
f 410 414 413
f 1975 1976 1977
f 325 403 404
f 404 403 1980
f 404 1980 1981
f 326 404 1981
f 405 326 1981
f 405 1981 1982
f 1983 1984 1985
f 406 405 1982
f 1986 676 1987
f 1987 676 1988
f 407 406 1982
f 408 407 1989
f 1990 1991 1992
f 1982 1981 1965
f 1982 1965 1964
f 1996 1997 1998
f 407 1982 1964
f 2001 2000 1966
f 2000 1967 1966
f 2000 1989 2002
f 2000 2002 2003
f 1967 2000 2003
f 1981 1980 2005
f 1981 2005 1972
f 1965 1981 1972
f 1989 407 2008
f 407 1964 2008
f 2008 1964 1965
f 1989 2008 2002
f 2009 2010 2011
f 1822 678 1823
f 1983 678 2012
f 678 1822 2012
f 2012 1822 1816
f 1984 1983 2012
f 678 677 2013
f 678 2013 1823
f 676 1986 2014
f 1986 2016 2017
f 1986 2017 2014
f 2014 2017 2018
f 2016 1984 2012
f 2016 2012 2017
f 677 676 2019
f 676 2014 2019
f 2019 2014 2015
f 677 2019 2013
f 1978 673 2020
f 1978 2020 1815
f 1815 2020 1816
f 1978 1815 2021
f 2021 1815 1817
f 2021 1817 1805
f 2020 673 2012
f 2020 2012 1816
f 2022 1978 2021
f 673 1829 2017
f 1829 2023 2017
f 2017 2023 2018
f 673 2017 2012
f 1829 2022 2023
f 2023 2022 2025
f 2023 2025 2024
f 2026 685 2027
f 681 680 2029
f 2029 2022 2021
f 2029 2021 1805
f 683 2030 2031
f 2030 681 2029
f 2030 2029 2031
f 2031 2029 1805
f 2031 1805 1808
f 685 684 2031
f 685 2031 2027
f 684 683 2031
f 2027 2031 1808
f 2027 1808 840
f 1975 2033 2032
f 1976 1975 2032
f 2032 2034 2024
f 2033 2026 2027
f 2033 2027 2032
f 2032 2027 2028
f 2032 2028 2001
f 680 1976 2025
f 680 2025 2029
f 1976 2032 2025
f 2025 2032 2024
f 2029 2025 2022
f 2036 1995 2035
f 1969 2015 2014
f 1970 1969 2014
f 1970 2014 2018
f 1962 1961 1969
f 1969 2037 2015
f 1995 1970 2035
f 2035 1970 2038
f 1961 2036 1969
f 2036 2490 2037
f 1969 2036 2037
f 1997 1996 2023
f 2023 1996 2018
f 1999 1997 2023
f 1999 2023 2024
f 1996 2006 1970
f 1996 1970 2018
f 2006 2038 1970
f 2006 1973 2038
f 2038 1973 2035
f 2039 1993 2040
f 1993 1968 2040
f 1990 2010 2041
f 2041 2032 2001
f 2010 2009 2034
f 2010 2034 2041
f 2041 2034 2032
f 1991 1990 2041
f 2041 2001 1966
f 2009 1999 2034
f 2009 2042 1999
f 2034 1999 2024
f 1993 2041 1968
f 1993 1991 2041
f 1968 2041 1966
f 2042 2039 2040
f 2040 2477 1973
f 2042 2040 1973
f 2042 1973 1999
f 1194 1187 1201
f 1201 830 832
f 1194 1201 832
f 1194 832 834
f 844 843 1116
f 828 1200 843
f 1111 1116 843
f 1111 843 1200
f 145 1536 1546
f 2048 301 2047
f 156 1531 1525
f 1531 2055 1525
f 1525 2055 2056
f 1525 2056 312
f 1939 2057 1545
f 312 2056 313
f 314 313 2056
f 1544 158 160
f 1544 160 1546
f 1939 2058 1536
f 1544 1546 1536
f 1544 1536 2058
f 1531 2062 1543
f 2062 1531 156
f 2062 156 159
f 1543 2062 159
f 1543 159 158
f 2056 2055 2063
f 2055 1531 1530
f 2055 1530 2063
f 2063 1530 1529
f 2063 1529 2064
f 2063 2064 2065
f 1531 1545 1528
f 1545 2057 1528
f 1528 2057 2066
f 1528 2066 1526
f 1939 1545 2058
f 1545 1543 2058
f 1544 2058 1543
f 314 2056 2063
f 268 262 2067
f 268 2067 2068
f 268 2068 269
f 262 260 2069
f 262 2069 2067
f 260 261 265
f 260 265 2069
f 2069 265 2068
f 2067 2069 2068
f 2068 265 274
f 2068 274 2070
f 269 2068 2071
f 2068 2070 2071
f 2071 2070 274
f 269 2071 274
f 273 1956 274
f 1956 1951 2072
f 1956 2072 274
f 1951 1950 2072
f 1950 266 269
f 2072 1950 269
f 2072 269 274
f 264 1959 274
f 1959 270 272
f 1959 272 274
f 264 274 265
f 268 259 262
f 1917 2073 1516
f 2073 2074 1516
f 1516 2074 1518
f 1515 2075 1910
f 1515 2076 2075
f 2075 2076 2077
f 1910 2075 2077
f 1910 2077 1912
f 1509 1508 1923
f 1923 1511 1510
f 1932 2078 1948
f 2078 2079 1948
f 1948 2079 1502
f 1501 1500 1946
f 1946 2080 2081
f 1946 2081 1935
f 1495 2082 1942
f 2082 1499 1497
f 1942 2082 1497
f 1942 1497 1496
f 1935 2081 2083
f 1935 2083 1936
f 2081 2080 2083
f 2083 2080 2084
f 2083 2084 1928
f 1936 2083 1928
f 2085 2086 2087
f 2085 2087 1536
f 2086 2088 2089
f 2086 2089 2087
f 2087 2089 1939
f 2087 1939 1536
f 2090 2091 1536
f 2090 1536 2092
f 2091 2085 1536
f 2092 1536 1537
f 1481 1482 2093
f 1481 2093 2094
f 1482 1484 2095
f 1482 2095 2093
f 2093 2095 1905
f 2094 2093 1905
f 2094 1905 1879
f 1484 2096 2097
f 1484 2097 2095
f 2096 1485 2098
f 2096 2098 2097
f 2097 2098 1898
f 2097 1898 1907
f 2095 2097 1907
f 2095 1907 1905
f 1485 1486 2099
f 1485 2099 2098
f 1486 1487 2099
f 2098 2099 1898
f 1487 2100 2099
f 2100 2090 2092
f 2100 2092 2099
f 2099 2092 1537
f 1488 2094 1945
f 1488 1481 2094
f 2094 1879 1945
f 2088 1488 1947
f 2088 1947 2089
f 1488 1945 1947
f 2089 1947 1939
f 2101 2102 1539
f 2101 1539 2103
f 2102 1476 2104
f 2102 2104 1539
f 1539 2104 1537
f 2103 1539 1538
f 1475 2105 2106
f 1475 2106 2107
f 2105 2101 2103
f 2105 2103 2106
f 2106 2103 1538
f 2107 2106 1538
f 2107 1538 2108
f 1479 1480 2109
f 1479 2109 2110
f 1480 1470 2109
f 2110 2109 2111
f 2110 2111 1898
f 1470 1472 2112
f 1470 2112 2109
f 2109 2112 378
f 2109 378 2111
f 1472 2113 2114
f 1472 2114 2112
f 2113 1473 2114
f 1473 1474 2114
f 1474 1475 2107
f 1474 2107 2114
f 2114 2107 2108
f 1478 2115 2110
f 2115 1479 2110
f 2110 1898 2099
f 1476 1477 2099
f 1476 2099 2104
f 1477 1478 2110
f 1477 2110 2099
f 2104 2099 1537
f 1893 2116 1895
f 1895 2117 2118
f 1895 2118 1896
f 2088 2119 1488
f 2119 2120 2121
f 2119 2121 1488
f 1487 1486 2100
f 2100 2122 2090
f 1484 1483 2096
f 2123 2124 2125
f 2124 1483 1482
f 2124 1482 2125
f 2125 1482 1481
f 2125 1481 1488
f 2086 2120 2119
f 2086 2119 2088
f 1475 1474 2105
f 1474 1520 2105
f 2105 1520 1524
f 2105 1524 2101
f 2122 2100 2126
f 2122 2126 2127
f 2100 1486 2128
f 2100 2128 2126
f 2126 2128 2123
f 2126 2123 2129
f 2127 2126 2129
f 2127 2129 2085
f 1478 1477 2115
f 1472 1471 2113
f 2113 1471 1473
f 1603 2130 1606
f 1606 620 618
f 1606 618 617
f 1637 645 643
f 1637 643 642
f 1631 634 633
f 1624 2131 1625
f 2131 2132 2133
f 2131 2133 1625
f 1625 2133 639
f 1625 639 637
f 577 2134 2135
f 577 2135 574
f 2134 593 2136
f 2134 2136 2135
f 2135 2136 2137
f 2135 2137 2138
f 574 2135 2138
f 574 2138 578
f 593 592 2139
f 593 2139 2136
f 592 581 584
f 592 584 2139
f 2139 584 583
f 2139 583 2140
f 2136 2139 2140
f 2136 2140 2137
f 2137 2140 2141
f 2137 2141 2142
f 2140 583 590
f 2140 590 2141
f 2141 590 589
f 2142 2141 589
f 2142 589 588
f 578 2138 2143
f 578 2143 2144
f 2138 2137 2142
f 2138 2142 2143
f 2143 2142 588
f 2143 588 2145
f 2144 2143 2145
f 575 1658 576
f 1658 591 593
f 1658 593 2134
f 576 1658 2134
f 576 2134 577
f 588 1656 2145
f 1656 1647 2145
f 582 1652 590
f 1652 585 587
f 1652 587 590
f 582 590 583
f 1647 1646 2145
f 1646 572 578
f 1646 578 2144
f 2145 1646 2144
f 508 507 2146
f 508 2146 511
f 507 506 2147
f 507 2147 2146
f 2146 2147 2148
f 2146 2148 2149
f 511 2146 2149
f 511 2149 512
f 506 2150 2151
f 506 2151 2147
f 2150 515 518
f 2150 518 2151
f 2151 518 517
f 2151 517 2152
f 2147 2151 2152
f 2147 2152 2148
f 2148 2152 2153
f 2148 2153 2154
f 2152 517 2155
f 2152 2155 2153
f 2153 2155 524
f 2153 524 523
f 2154 2153 523
f 2154 523 522
f 512 2149 2156
f 512 2156 2157
f 2149 2148 2154
f 2149 2154 2156
f 2156 2154 522
f 2156 522 2158
f 2157 2156 2158
f 2157 2158 2159
f 522 1712 2158
f 1712 1703 2159
f 1712 2159 2158
f 516 1707 2155
f 1707 519 521
f 1707 521 2155
f 2155 521 524
f 516 2155 517
f 1703 1702 2159
f 1702 509 512
f 1702 512 2157
f 2159 1702 2157
f 506 1717 2150
f 1717 513 515
f 1717 515 2150
f 424 2160 2161
f 424 2161 421
f 2160 426 2162
f 2160 2162 2161
f 2161 2162 2163
f 2161 2163 2164
f 421 2161 2164
f 421 2164 425
f 426 427 2165
f 426 2165 2162
f 427 429 432
f 427 432 2165
f 2165 432 431
f 2165 431 2166
f 2162 2165 2166
f 2162 2166 2163
f 2163 2166 2167
f 2163 2167 2168
f 2166 431 2169
f 2166 2169 2167
f 2167 2169 415
f 2167 415 418
f 2168 2167 418
f 2168 418 417
f 425 2164 2170
f 425 2170 2171
f 2164 2163 2168
f 2164 2168 2170
f 2170 2168 417
f 2170 417 2172
f 2171 2170 2172
f 2171 2172 2173
f 431 1765 2169
f 1765 415 2169
f 422 1773 423
f 1773 426 2160
f 423 1773 2160
f 423 2160 424
f 1761 1760 2173
f 1760 419 425
f 1760 425 2171
f 2173 1760 2171
f 417 1767 2172
f 1767 1761 2173
f 1767 2173 2172
f 2174 445 2175
f 2174 2175 437
f 445 449 2176
f 445 2176 2175
f 2176 449 444
f 2176 444 2175
f 2175 444 443
f 2175 443 441
f 437 2175 2177
f 2177 2175 441
f 2177 441 2178
f 437 2177 2178
f 437 2178 435
f 1819 1828 2174
f 1828 445 2174
f 441 1825 2178
f 1825 433 435
f 1825 435 2178
f 447 438 2179
f 447 2179 448
f 438 440 2179
f 2179 440 444
f 2179 444 449
f 448 2179 449
f 1820 1819 2174
f 436 1820 2174
f 436 2174 437
f 2180 679 1985
f 2180 676 678
f 2180 678 679
f 676 2180 1988
f 2180 1985 2181
f 2180 2181 1988
f 2016 1986 2182
f 1986 1987 2182
f 2182 1987 1988
f 2182 1988 2181
f 2182 2181 1985
f 1983 1985 679
f 678 1983 679
f 677 678 676
f 1984 2016 2182
f 1984 2182 1985
f 2183 1994 1995
f 1963 2183 1995
f 1962 1971 2183
f 1962 2183 1961
f 1961 2183 1963
f 1971 1969 2183
f 1969 1970 1994
f 1969 1994 2183
f 1970 1995 1994
f 2036 1961 1963
f 2036 1963 1995
f 1962 1969 1971
f 2184 2185 2186
f 2185 2187 2188
f 2185 2188 2186
f 2186 2188 2189
f 2186 2189 2190
f 2184 2186 2191
f 2184 2191 2192
f 2186 2190 2193
f 2186 2193 2191
f 2191 2193 2194
f 2191 2194 2195
f 2192 2191 2195
f 2192 2195 2196
f 1612 2197 1613
f 2197 2198 2199
f 2197 2199 1613
f 1613 2199 629
f 1613 629 627
f 632 631 1620
f 631 630 2200
f 631 2200 1620
f 1620 2200 622
f 1617 2198 2197
f 1617 2197 1612
f 569 571 2201
f 569 2201 2202
f 571 570 2203
f 571 2203 2201
f 2201 2203 2204
f 2201 2204 2205
f 2202 2201 2205
f 2202 2205 557
f 570 2206 2207
f 570 2207 2203
f 2206 2208 2207
f 2207 2208 564
f 2207 564 2209
f 2203 2207 2209
f 2203 2209 2204
f 2204 2209 2210
f 2204 2210 2211
f 2209 564 560
f 2209 560 2210
f 2210 560 563
f 2211 2210 563
f 2211 563 565
f 557 2205 2212
f 557 2212 558
f 2205 2204 2211
f 2205 2211 2212
f 2212 2211 565
f 2212 565 566
f 558 2212 566
f 558 566 554
f 570 1675 2206
f 1675 1670 2206
f 561 1672 562
f 1672 565 563
f 562 1672 563
f 1670 1668 2206
f 1668 559 564
f 1668 564 2208
f 2206 1668 2208
f 556 1664 2202
f 1664 567 569
f 1664 569 2202
f 556 2202 557
f 2213 492 2214
f 2213 2214 2215
f 2213 2215 498
f 492 493 2216
f 492 2216 2214
f 493 494 2217
f 493 2217 2216
f 2216 2217 502
f 2216 502 2215
f 2214 2216 2215
f 2215 502 501
f 2215 501 2218
f 2218 501 488
f 2218 488 491
f 2218 491 490
f 498 2215 2219
f 498 2219 499
f 2215 2218 2219
f 2219 2218 490
f 2219 490 2220
f 499 2219 2220
f 499 2220 495
f 1727 500 502
f 1727 502 2217
f 494 1727 2217
f 497 1721 2213
f 1721 1720 2213
f 497 2213 498
f 1720 1734 2213
f 1734 492 2213
f 490 1731 2220
f 1731 495 2220
f 462 470 2221
f 462 2221 2222
f 462 2222 463
f 470 2223 2224
f 470 2224 2221
f 2223 464 468
f 2223 468 2224
f 2224 468 467
f 2224 467 2222
f 2221 2224 2222
f 2222 467 2226
f 2222 2226 2225
f 2225 2226 471
f 2225 471 474
f 2225 474 473
f 463 2222 2227
f 2222 2225 2227
f 2227 2225 473
f 2227 473 2228
f 463 2227 2228
f 473 1784 2228
f 1784 1778 2228
f 470 1782 2223
f 1782 464 2223
f 466 1781 2226
f 1781 471 2226
f 466 2226 467
f 1777 460 463
f 1778 1777 463
f 1778 463 2228
f 458 2229 459
f 2229 455 459
f 459 455 454
f 459 454 457
f 452 459 457
f 452 457 450
f 458 453 2229
f 453 2230 2229
f 456 450 457
f 453 454 2230
f 2230 454 455
f 2230 455 2229
f 451 1814 459
f 1814 458 459
f 451 459 452
f 674 1979 2231
f 674 2231 675
f 1979 1978 2232
f 2232 1978 2233
f 675 2231 1829
f 2231 1979 1830
f 2231 1830 1829
f 2232 2233 1830
f 1979 2232 1830
f 673 1978 674
f 1978 1979 674
f 2022 1829 2234
f 2022 2234 2233
f 2234 1829 1830
f 2234 1830 2233
f 1978 2022 2233
f 2235 1999 1974
f 1996 1998 2006
f 1998 1999 2235
f 2006 1998 1974
f 1998 2235 1974
f 2006 1974 2007
f 1999 1973 1974
f 1997 1999 1998
f 1973 2006 2007
f 1973 2007 1974
f 656 655 1899
f 655 654 2236
f 655 2236 1899
f 1899 2236 672
f 1899 672 670
f 662 2237 1909
f 662 2238 2237
f 2237 2238 2239
f 2237 2239 2240
f 1909 2237 2240
f 1909 2240 1889
f 1896 2118 651
f 1896 651 650
f 2118 2117 651
f 651 2117 653
f 600 599 2241
f 600 2241 1591
f 599 598 2242
f 599 2242 2241
f 2241 2242 610
f 2241 610 607
f 1591 2241 607
f 606 2243 1587
f 2243 2244 2245
f 1587 2243 2245
f 1587 2245 1572
f 1576 2246 2247
f 1576 2247 1579
f 2246 2248 616
f 2246 616 2247
f 2247 616 613
f 1579 2247 613
f 1579 613 612
f 539 538 2249
f 539 2249 544
f 538 537 2250
f 538 2250 2249
f 2249 2250 2251
f 2249 2251 2252
f 544 2249 2252
f 544 2252 545
f 537 2253 2254
f 537 2254 2250
f 2253 553 552
f 2253 552 2254
f 2254 552 551
f 2254 551 2255
f 2250 2254 2255
f 2250 2255 2251
f 2251 2255 2256
f 2251 2256 2257
f 2255 551 532
f 2255 532 2256
f 2256 532 531
f 2257 2256 531
f 2257 531 530
f 545 2252 2258
f 545 2258 2259
f 2252 2251 2257
f 2252 2257 2258
f 2258 2257 530
f 2258 530 2260
f 2259 2258 2260
f 2259 2260 2261
f 550 1687 2262
f 1687 525 528
f 1687 528 2262
f 2262 528 532
f 550 2262 532
f 550 532 551
f 1683 1681 2263
f 1683 2263 2264
f 1681 540 543
f 1681 543 2263
f 2263 543 545
f 2263 545 2259
f 2264 2263 2259
f 2264 2259 2261
f 536 1695 2253
f 1695 546 549
f 1695 549 2253
f 2253 549 553
f 536 2253 537
f 529 1690 2260
f 1690 1683 2264
f 1690 2264 2260
f 2260 2264 2261
f 529 2260 530
f 487 486 1755
f 1755 2265 1735
f 1752 2266 2267
f 1752 2267 1745
f 1745 2267 1746
f 2267 2266 2268
f 2267 2268 1746
f 1746 2268 477
f 1746 477 475
f 1739 2269 1741
f 1739 2270 2269
f 2269 483 481
f 1741 2269 481
f 1741 481 480
f 2271 2272 2273
f 2271 2273 2274
f 2272 2275 2276
f 2272 2276 2273
f 2273 2276 927
f 2273 927 923
f 2274 2273 923
f 2274 923 926
f 2277 2278 2279
f 2277 2279 2280
f 2278 927 2276
f 2278 2276 2279
f 2279 2276 2275
f 2279 2275 2281
f 2280 2279 2281
f 2280 2281 932
f 2271 2282 2283
f 2271 2283 2272
f 2282 866 865
f 2282 865 2283
f 2283 865 864
f 2283 864 2284
f 2272 2283 2284
f 2272 2284 2275
f 934 933 2285
f 934 2285 939
f 933 932 2281
f 933 2281 2285
f 2285 2281 2275
f 2285 2275 2284
f 939 2285 2284
f 939 2284 864
f 924 1795 925
f 1795 1794 2271
f 1795 2271 2274
f 925 1795 2274
f 925 2274 926
f 931 1790 2280
f 1790 1786 2286
f 1790 2286 2280
f 2280 2286 2277
f 931 2280 932
f 1786 1785 2286
f 1785 922 927
f 1785 927 2278
f 2286 1785 2278
f 2286 2278 2277
f 1794 1800 2282
f 1800 859 862
f 1800 862 2282
f 2282 862 866
f 1794 2282 2271
f 2287 850 849
f 853 2287 849
f 857 2287 855
f 857 850 2287
f 855 2287 858
f 2287 853 745
f 2288 858 2287
f 2288 2287 745
f 1804 855 2289
f 1804 2289 2290
f 2289 855 858
f 2290 2289 858
f 2290 858 2288
f 1811 740 742
f 1811 742 745
f 852 1811 745
f 852 745 853
f 856 845 2291
f 856 2291 857
f 2291 845 850
f 2291 850 857
f 743 1806 2292
f 743 2292 744
f 1806 1804 2290
f 1806 2290 2292
f 2292 2290 2288
f 744 2292 2288
f 744 2288 745
f 685 2293 684
f 684 2293 686
f 686 2293 2294
f 686 2294 682
f 2294 680 682
f 2293 685 2295
f 2293 2295 1977
f 680 2294 1976
f 2294 2293 1977
f 2294 1977 1976
f 2026 2033 2296
f 2026 2296 2295
f 2026 2295 685
f 2033 1975 2296
f 2296 1975 1977
f 2296 1977 2295
f 681 2030 2297
f 681 2297 682
f 2030 683 2297
f 2297 683 686
f 2297 686 682
f 2011 1990 1992
f 2011 1992 1991
f 2298 2011 2299
f 2299 2011 2004
f 2298 2299 2004
f 2011 1991 1993
f 2011 1993 2004
f 2010 1990 2011
f 1993 2039 2004
f 2004 2039 2298
f 2039 2042 2298
f 2042 2009 2298
f 2298 2009 2011
f 701 699 2300
f 701 2300 2301
f 699 698 2302
f 699 2302 2300
f 2301 2300 2303
f 698 2304 2302
f 2304 2305 2306
f 2304 2306 2302
f 2302 2306 772
f 709 706 2307
f 706 705 2308
f 706 2308 2307
f 2307 2308 1685
f 2307 1685 1693
f 713 2309 1693
f 713 1693 2310
f 2309 709 2307
f 2309 2307 1693
f 2310 1693 1582
f 717 714 2311
f 714 713 2310
f 714 2310 2311
f 2311 2310 1582
f 2305 2312 2313
f 2305 2313 2306
f 2312 717 2311
f 2312 2311 2313
f 2306 2313 772
f 705 723 2314
f 705 2314 2308
f 723 722 2315
f 723 2315 2314
f 2314 2315 2316
f 2308 2314 2316
f 2308 2316 1685
f 722 2317 2318
f 722 2318 2315
f 2317 701 2301
f 2317 2301 2318
f 2318 2301 2303
f 2318 2303 2316
f 2315 2318 2316
f 873 2319 1749
f 873 1749 2320
f 2319 887 2321
f 2319 2321 1749
f 1749 2321 739
f 2320 1749 1751
f 875 874 2322
f 875 2322 2323
f 874 873 2320
f 874 2320 2322
f 2322 2320 1751
f 2323 2322 1751
f 2323 1751 1685
f 878 2324 2325
f 878 2325 2326
f 2324 875 2323
f 2324 2323 2325
f 2325 2323 1685
f 2325 1685 2316
f 2326 2325 2316
f 867 879 2327
f 867 2327 2328
f 879 878 2326
f 879 2326 2327
f 2327 2326 2316
f 2328 2327 2316
f 2328 2316 2303
f 884 2329 2330
f 2329 2331 2332
f 2329 2332 2330
f 2330 2332 734
f 2330 734 735
f 887 885 2333
f 887 2333 2321
f 885 884 2330
f 885 2330 2333
f 2333 2330 735
f 2333 735 736
f 2321 2333 736
f 2321 736 739
f 870 868 2334
f 868 867 2328
f 868 2328 2334
f 2334 2328 2303
f 2331 2335 2336
f 2331 2336 2332
f 2335 870 2334
f 2335 2334 2336
f 2332 2336 734
f 2337 2338 2339
f 2338 704 2340
f 2338 2340 2339
f 2339 2340 2341
f 2339 2341 2342
f 2337 2339 2342
f 2337 2342 719
f 704 703 2343
f 704 2343 2340
f 703 2344 2343
f 2343 2344 726
f 2343 726 2345
f 2340 2343 2345
f 2340 2345 2341
f 2341 2345 2346
f 2341 2346 2347
f 2345 726 712
f 2345 712 2346
f 2346 712 711
f 2347 2346 711
f 2347 711 710
f 719 2342 2348
f 719 2348 720
f 2342 2341 2347
f 2342 2347 2348
f 2348 2347 710
f 2348 710 721
f 720 2348 721
f 701 2317 2349
f 701 2349 702
f 2317 722 725
f 2317 725 2349
f 2349 725 726
f 2349 726 2344
f 702 2349 2344
f 702 2344 703
f 717 2312 2350
f 717 2350 718
f 2312 2305 2351
f 2312 2351 2350
f 2350 2351 2337
f 718 2350 2337
f 718 2337 719
f 709 2309 721
f 2309 713 716
f 2309 716 721
f 709 721 710
f 2305 2304 2352
f 2305 2352 2351
f 2304 698 2352
f 2352 698 704
f 2352 704 2338
f 2351 2352 2338
f 2351 2338 2337
f 889 2353 2354
f 889 2354 890
f 2353 873 2355
f 2353 2355 2354
f 2354 2355 2356
f 2354 2356 2357
f 890 2354 2357
f 890 2357 891
f 873 874 2358
f 873 2358 2355
f 874 877 2359
f 874 2359 2358
f 2358 2359 883
f 2358 883 2360
f 2355 2358 2360
f 2355 2360 2356
f 2356 2360 2361
f 2356 2361 2362
f 2360 883 882
f 2360 882 2361
f 2361 882 872
f 2361 872 871
f 2362 2361 871
f 2362 871 870
f 891 2357 2363
f 891 2363 2364
f 2357 2356 2362
f 2357 2362 2363
f 2363 2362 870
f 2363 870 2365
f 2364 2363 2365
f 2364 2365 2366
f 2331 2329 2367
f 2331 2367 2368
f 2329 884 2367
f 2367 884 891
f 2367 891 2364
f 2368 2367 2364
f 2368 2364 2366
f 875 2324 2369
f 875 2369 876
f 2324 878 881
f 2324 881 2369
f 2369 881 883
f 2369 883 2359
f 876 2369 2359
f 876 2359 877
f 887 2319 888
f 2319 873 2353
f 888 2319 2353
f 888 2353 889
f 870 2335 2365
f 2335 2331 2368
f 2335 2368 2365
f 2365 2368 2366
f 294 290 2370
f 294 2370 2371
f 290 293 2372
f 290 2372 2370
f 2370 2372 1934
f 2371 2370 1934
f 2371 1934 1916
f 293 2373 2374
f 293 2374 2372
f 2373 2375 2376
f 2373 2376 2374
f 2374 2376 1939
f 2374 1939 1934
f 2372 2374 1934
f 2377 2378 2379
f 2377 2379 2380
f 2378 2381 2379
f 2379 2381 1955
f 2380 2379 1955
f 2380 1955 1954
f 2381 2382 2383
f 2382 294 2371
f 2382 2371 2383
f 2383 2371 1916
f 2383 1916 1955
f 2381 2383 1955
f 1535 2384 2385
f 1535 2385 2386
f 2384 2377 2380
f 2384 2380 2385
f 2385 2380 1954
f 2386 2385 1954
f 2387 2388 2389
f 2387 2389 2057
f 2388 1532 2390
f 2388 2390 2389
f 2389 2390 1526
f 2389 1526 2066
f 2057 2389 2066
f 1532 1533 2391
f 1532 2391 2390
f 1533 1535 2386
f 1533 2386 2391
f 2391 2386 1954
f 2390 2391 1526
f 2375 2392 2393
f 2375 2393 2376
f 2392 2387 2057
f 2392 2057 2393
f 2376 2393 2057
f 2376 2057 1939
f 2059 2396 1960
f 2059 2061 2396
f 2396 1954 1960
f 2395 2059 2397
f 2395 2397 2394
f 2059 1960 2397
f 2394 2397 1960
f 2394 1960 1958
f 2043 2045 2398
f 2045 2394 1958
f 2045 1958 2399
f 2061 2043 2396
f 2053 2400 2401
f 2053 2401 1529
f 2053 1529 1527
f 2053 1527 1526
f 301 2048 2043
f 301 2043 2398
f 301 2398 2402
f 2048 2047 2396
f 2048 2396 2043
f 2396 2047 1954
f 2401 2065 2064
f 2401 2064 1529
f 2053 2391 2047
f 2391 2053 1526
f 2047 2391 1954
f 2400 301 2402
f 2401 2400 2402
f 2401 2402 2065
f 2050 2405 2403
f 2051 2052 2404
f 2051 2404 2398
f 2049 2051 2045
f 2051 2398 2045
f 2405 2049 2045
f 2405 2045 2399
f 2405 2399 2403
f 2052 2050 243
f 2052 243 2404
f 2407 314 2063
f 2407 2063 2406
f 2406 2063 2065
f 2406 2065 2402
f 2050 2408 244
f 243 2050 244
f 2406 2404 243
f 315 244 2408
f 2406 2402 2404
f 2402 2398 2404
f 2408 2409 315
f 315 2409 317
f 2408 2050 2409
f 2050 2403 2409
f 1485 2096 2410
f 1485 2410 1486
f 2096 1483 2124
f 2096 2124 2410
f 2410 2124 2123
f 2410 2123 2128
f 1486 2410 2128
f 1524 1523 2411
f 1524 2411 2412
f 1523 1522 2413
f 1523 2413 2411
f 2411 2413 1477
f 2412 2411 1477
f 2412 1477 1476
f 1473 1471 2414
f 1473 2414 1521
f 1471 1470 2414
f 2414 1470 1522
f 1521 2414 1522
f 2381 2415 2382
f 2415 2416 2417
f 2415 2417 2382
f 2382 2417 289
f 2382 289 294
f 1535 1534 2384
f 1534 2418 2384
f 2384 2418 2419
f 2384 2419 2377
f 2375 2420 2392
f 2392 2420 2421
f 2392 2421 2387
f 2422 2423 2054
f 2422 2054 2053
f 2047 301 2422
f 301 2424 2422
f 2422 2424 2423
f 2422 2053 2047
f 2400 2053 2054
f 2400 2054 2423
f 301 2400 2424
f 2400 2423 2424
f 2059 2060 2044
f 2059 2044 2061
f 2061 2044 2043
f 2043 2044 2046
f 2043 2046 2045
f 2059 2395 2060
f 2045 2046 2425
f 2045 2425 2394
f 2406 243 250
f 2406 250 2407
f 2407 250 240
f 2407 240 314
f 2049 2426 2051
f 2426 2050 2051
f 2052 2051 2050
f 2405 2050 2426
f 2049 2405 2426
f 2427 2428 2429
f 2427 2429 2430
f 2428 805 2431
f 2428 2431 2429
f 2430 2429 2303
f 805 808 2432
f 805 2432 2431
f 812 2300 2302
f 812 2427 2430
f 812 2430 2300
f 2300 2430 2303
f 812 2302 2433
f 2433 2302 772
f 808 2434 804
f 808 804 801
f 2434 817 822
f 2434 822 804
f 804 822 802
f 808 801 2432
f 2432 801 792
f 821 2435 2433
f 821 2433 822
f 2435 812 2433
f 2433 772 824
f 822 2433 824
f 817 819 822
f 819 821 822
f 2436 2437 2429
f 2436 2429 2431
f 2437 892 2438
f 2437 2438 2429
f 2429 2438 2303
f 2439 2440 2441
f 2439 2441 2442
f 2440 2436 2431
f 2440 2431 2441
f 2441 2431 2432
f 2442 2441 2432
f 2442 2432 792
f 908 2443 2444
f 908 2444 2445
f 2443 898 2446
f 2443 2446 2444
f 2444 2446 914
f 2444 914 1219
f 2445 2444 1219
f 2445 1219 1217
f 902 905 2447
f 902 2447 2448
f 905 908 2445
f 905 2445 2447
f 2447 2445 1217
f 2447 1217 1216
f 2448 2447 1216
f 2448 1216 734
f 892 894 2449
f 892 2449 2438
f 894 897 2449
f 2438 2449 2334
f 2438 2334 2303
f 897 2450 2336
f 897 2336 2449
f 2450 902 2448
f 2450 2448 2336
f 2336 2448 734
f 2449 2336 2334
f 898 900 2451
f 898 2451 2446
f 2451 910 915
f 2446 2451 915
f 2446 915 914
f 900 2452 2451
f 2452 2439 2442
f 2452 2442 2451
f 2451 2442 792
f 2451 792 910
f 2439 2453 2440
f 2453 2454 2455
f 2453 2455 2440
f 2440 2455 2456
f 2440 2456 2436
f 821 813 2435
f 821 814 813
f 2435 813 812
f 808 811 2457
f 808 2457 2434
f 811 816 2457
f 2457 816 820
f 2457 820 818
f 2434 2457 818
f 2434 818 817
f 812 813 2458
f 813 815 2458
f 2458 815 2459
f 812 2458 2459
f 812 2459 2427
f 2443 901 899
f 2443 899 898
f 398 397 2460
f 398 2460 2461
f 397 396 2460
f 2452 900 2454
f 2452 2454 2453
f 2452 2453 2439
f 2450 906 903
f 2450 903 902
f 2476 2462 2464
f 2469 2467 2470
f 2471 2469 2472
f 2472 2469 2470
f 2475 2476 2464
f 1966 1967 2476
f 1966 2476 2475
f 1968 1966 2475
f 1972 2005 2474
f 1972 2474 2473
f 1965 1972 2468
f 1972 2473 2468
f 2478 2481 2482
f 1965 2468 2466
f 2002 2008 2466
f 2002 2466 2463
f 2008 1965 2466
f 2487 2485 2488
f 1967 2003 2476
f 2476 2003 2462
f 2003 2002 2463
f 2003 2463 2462
f 22 21 2473
f 22 2473 2474
f 2468 2473 21
f 5 2468 21
f 5 2466 2468
f 2463 2466 4
f 2463 4 2462
f 15 2475 2464
f 86 2477 2475
f 86 2465 2477
f 81 2467 2465
f 81 2470 2467
f 79 2472 2470
f 4 2466 5
f 2464 2462 7
f 4 7 2462
f 15 2464 7
f 15 84 2475
f 86 2475 84
f 86 91 2465
f 81 2465 91
f 81 80 2470
f 79 2470 80
f 2489 2481 2035
f 2481 2036 2035
f 2036 2481 2490
f 2483 2489 2035
f 2478 2469 2481
f 2481 2469 2471
f 2481 2471 2490
f 2467 2483 2035
f 2478 2483 2467
f 2478 2467 2469
f 2485 2487 1973
f 2485 1973 2477
f 2487 2035 1973
f 2487 2486 2035
f 2486 2485 2477
f 2486 2465 2467
f 2486 2467 2035
f 2465 2486 2477
f 2475 2477 2040
f 2475 2040 1968
f 2481 2480 2482
f 2482 2480 2479
f 2482 2479 2478
f 2480 2484 2483
f 2480 2483 2479
f 2489 2483 2484
f 2489 2484 2480
f 2481 2489 2480
f 2478 2479 2483
f 2486 2491 2492
f 2491 2488 2492
f 2492 2488 2486
f 2488 2485 2486
f 2487 2488 2491
f 2486 2487 2491
f 398 2461 2493
f 398 2493 2494
f 2461 2495 2493
f 2493 2495 754
f 2493 754 762
f 2494 2493 762
f 2494 762 764
f 2461 2496 2497
f 2461 2497 2495
f 2495 2497 371
f 2495 371 751
f 2495 751 754
f 390 2498 2499
f 390 392 2500
f 390 2500 2498
f 2498 2500 1898
f 2498 1898 2111
f 2499 2498 2111
f 402 390 2501
f 402 2501 2502
f 390 2499 2501
f 2501 2499 2111
f 2502 2501 2111
f 2502 2111 378
f 393 394 2503
f 393 2503 1891
f 394 398 2494
f 394 2494 2503
f 2503 2494 764
f 2503 764 1894
f 1891 2503 1894
f 392 2504 2500
f 2504 393 1891
f 2504 1891 2500
f 2500 1891 1898
f 399 400 2502
f 400 402 2502
f 2502 378 377
f 2502 377 372
f 2496 2505 2502
f 2496 2502 2497
f 2505 399 2502
f 2497 2502 372
f 2497 372 371
f 694 692 2506
f 694 2506 2507
f 692 693 2508
f 692 2508 2506
f 2506 2508 387
f 2507 2506 387
f 2507 387 386
f 2496 2509 2505
f 2505 2509 401
f 2505 401 399
f 392 391 2504
f 391 395 2504
f 2504 395 393
f 402 400 390
f 2511 840 839
f 411 2510 839
f 2510 2511 839
f 839 838 409
f 410 411 839
f 839 409 408
f 410 839 408
f 2510 2028 2511
f 2511 2028 2027
f 2511 2027 840
f 412 413 2000
f 413 414 2000
f 2000 414 1989
f 2512 412 2000
f 414 410 408
f 414 408 1989
f 2510 2512 2000
f 2510 2000 2028
f 2028 2000 2001
f 2510 2514 2512
f 2512 2514 412
f 2515 2513 2510
f 695 2516 2517
f 695 2517 2518
f 2516 687 2519
f 2516 2519 2517
f 2517 2519 765
f 2517 765 770
f 2518 2517 770
f 2518 770 772
f 687 688 2520
f 687 2520 2519
f 688 690 2521
f 688 2521 2520
f 2520 2521 764
f 2520 764 765
f 2519 2520 765
f 2522 2523 2524
f 2522 2524 2525
f 2523 691 2311
f 2523 2311 2524
f 2525 2524 2311
f 2525 2311 1582
f 691 692 2313
f 691 2313 2311
f 692 695 2518
f 692 2518 2313
f 2313 2518 772
f 697 2526 1597
f 697 1597 2527
f 2526 2522 2525
f 2526 2525 1597
f 1597 2525 1582
f 2527 1597 1596
f 690 696 2528
f 690 2528 2521
f 696 697 2527
f 696 2527 2528
f 2528 2527 1596
f 2528 1596 1599
f 2521 2528 1599
f 2521 1599 764
f 697 389 2526
f 389 2529 2526
f 2526 2529 2530
f 2526 2530 2522
f 2522 2530 2523
f 2530 2531 2523
f 2523 2531 693
f 2523 693 691
f 1466 2532 2533
f 2533 2532 288
f 1464 1465 2533
f 1464 2533 254
f 1465 1466 2533
f 2533 288 287
f 254 2533 287
f 1463 1467 379
f 379 377 378
f 1467 1468 380
f 1467 380 379
f 1468 1469 366
f 1468 366 380
f 1469 2535 1460
f 1469 1460 366
f 2535 1464 254
f 2535 254 1460
f 1461 1463 379
f 1461 379 2112
f 2112 379 378
f 2534 1461 2532
f 1461 2112 2532
f 2532 2112 2114
f 2532 2114 2108
f 1469 1468 2535
f 1461 2536 1463
f 1463 2536 1467
f 2534 1462 1461
f 663 2537 664
f 2537 2538 2539
f 2537 2539 664
f 664 2539 2540
f 664 2540 666
f 2090 2122 2091
f 2122 2127 2091
f 2091 2127 2085
f 2132 2541 2542
f 2132 2542 2133
f 2541 636 2543
f 2541 2543 2542
f 2542 2543 2544
f 2542 2544 2545
f 2133 2542 2545
f 2133 2545 639
f 636 635 2546
f 636 2546 2543
f 635 634 1631
f 635 1631 2546
f 2546 1631 647
f 2546 647 2547
f 2543 2546 2547
f 2543 2547 2544
f 2544 2547 2548
f 2544 2548 2549
f 2547 647 646
f 2547 646 2548
f 2548 646 645
f 2548 645 1637
f 2549 2548 1637
f 2549 1637 649
f 639 2545 2550
f 639 2550 638
f 2545 2544 2549
f 2545 2549 2550
f 2550 2549 649
f 2550 649 648
f 638 2550 648
f 638 648 640
f 636 2541 1640
f 2541 2132 2131
f 1640 2541 2131
f 1640 2131 1624
f 2265 1755 2551
f 2265 2551 2552
f 1755 486 2553
f 1755 2553 2551
f 2551 2553 2554
f 2551 2554 2555
f 2552 2551 2555
f 2552 2555 2270
f 486 485 2556
f 486 2556 2553
f 485 478 476
f 485 476 2556
f 2556 476 477
f 2556 477 2557
f 2553 2556 2557
f 2553 2557 2554
f 2554 2557 2558
f 2554 2558 2559
f 2557 477 2268
f 2557 2268 2558
f 2558 2268 2266
f 2558 2266 1752
f 2559 2558 1752
f 2559 1752 484
f 2270 2555 2560
f 2270 2560 2269
f 2555 2554 2559
f 2555 2559 2560
f 2560 2559 484
f 2560 484 482
f 2269 2560 482
f 2269 482 483
f 1735 2265 1736
f 2265 2552 1736
f 1736 2552 2270
f 1736 2270 1739
f 55 48 87
f 66 65 2561
f 66 2561 2562
f 65 55 89
f 65 89 2561
f 2561 89 88
f 2561 88 2563
f 2562 2561 2563
f 2562 2563 2564
f 97 62 2565
f 97 2565 117
f 62 66 2562
f 62 2562 2565
f 2565 2562 2564
f 2565 2564 116
f 117 2565 116
f 134 38 138
f 134 138 122
f 38 131 2566
f 38 2566 37
f 131 130 47
f 131 47 2566
f 37 2566 47
f 39 40 143
f 40 20 30
f 40 30 143
f 143 30 31
f 143 31 144
f 134 122 139
f 39 134 139
f 2568 2569 2570
f 2567 2568 2570
f 2567 2570 2571
f 1340 2572 2573
f 2572 1368 2574
f 2572 2574 2575
f 2573 2572 2575
f 1452 1453 2567
f 1453 2576 2568
f 1453 2568 2567
f 2576 1344 2569
f 2576 2569 2568
f 1344 1347 2569
f 1339 2577 2572
f 1339 2572 1340
f 2577 1366 1368
f 2577 1368 2572
f 1375 2578 2579
f 2578 2580 2581
f 2579 2578 2581
f 2579 2581 2582
f 1374 1373 2583
f 1373 1375 2579
f 1373 2579 2582
f 2583 1373 2582
f 1344 2576 2580
f 2576 1453 2584
f 1341 1348 2585
f 1341 2585 1342
f 1348 1371 1374
f 1348 1374 2585
f 1453 1452 2586
f 1453 2586 2584
f 2586 1452 1343
f 1346 1345 2578
f 1346 2578 1375
f 1345 1344 2580
f 1345 2580 2578
f 1335 2587 2588
f 2587 1365 2589
f 2587 2589 2590
f 2588 2587 2590
f 2592 2593 2594
f 2592 2594 2595
f 2591 2592 2595
f 2591 2595 2596
f 1339 1370 2593
f 1370 1332 1336
f 1370 1336 2597
f 2593 1370 2597
f 1364 1366 2591
f 1331 1329 2587
f 1331 2587 1335
f 1329 1330 1365
f 1329 1365 2587
f 1366 2577 2592
f 1366 2592 2591
f 2577 1339 2593
f 2577 2593 2592
f 2598 1047 2599
f 1070 2598 2599
f 2601 2602 2603
f 2600 2601 2603
f 1053 1072 2602
f 1072 1066 1069
f 1045 2604 1046
f 2604 1051 2600
f 2604 2600 2605
f 1046 2604 2605
f 1063 1206 2598
f 1063 2598 1070
f 2598 1206 1047
f 1051 1054 2601
f 1051 2601 2600
f 1054 1053 2602
f 1054 2602 2601
f 1042 2606 2607
f 2606 1065 2608
f 2606 2608 2609
f 2607 2606 2609
f 2611 1040 2612
f 2610 2611 2612
f 1044 1043 2613
f 1044 2613 2614
f 1043 1041 2610
f 1043 2610 2613
f 1066 1073 1067
f 1073 1044 2614
f 1042 1063 1065
f 1042 1065 2606
f 1041 1039 2611
f 1041 2611 2610
f 1039 1040 2611
f 2616 1048 2617
f 2616 2617 2618
f 2615 2616 2618
f 2620 2621 2622
f 2619 2620 2622
f 940 1208 2620
f 1208 1075 2615
f 1051 2604 1074
f 2604 1045 2619
f 2604 2619 2623
f 1074 2604 2623
f 1075 1055 2616
f 1075 2616 2615
f 1055 1048 2616
f 1045 1207 2620
f 1045 2620 2619
f 1207 940 2620
f 2624 2625 2626
f 2625 2571 2570
f 2625 2570 2626
f 2626 2570 2627
f 2574 2628 2626
f 2574 2626 2575
f 2628 2624 2626
f 2575 2626 2627
f 2575 2627 2573
f 1369 1452 2629
f 1452 2567 2629
f 2629 2567 2571
f 2629 2571 2625
f 1369 2629 2625
f 1369 2625 2624
f 1337 1338 2630
f 1337 2630 2631
f 1338 1340 2573
f 1338 2573 2630
f 2630 2573 2627
f 2631 2630 2627
f 2569 1347 2632
f 1347 1337 2631
f 1347 2631 2632
f 2632 2631 2627
f 2632 2627 2570
f 2569 2632 2570
f 1367 1369 2624
f 1367 2624 2628
f 1368 1367 2628
f 1368 2628 2574
f 2589 2633 2634
f 2589 2634 2590
f 2633 2635 2636
f 2633 2636 2634
f 2634 2636 2637
f 2590 2634 2637
f 2590 2637 2588
f 2635 2638 2639
f 2635 2639 2636
f 2638 2596 2595
f 2638 2595 2639
f 2639 2595 2594
f 2639 2594 2637
f 2636 2639 2637
f 1364 2640 2641
f 1364 2591 2640
f 2640 2591 2596
f 2640 2596 2638
f 2641 2640 2638
f 2641 2638 2635
f 2593 2597 2642
f 2597 1336 2643
f 2597 2643 2642
f 2642 2643 2637
f 2593 2642 2637
f 2593 2637 2594
f 1336 1334 2644
f 1336 2644 2643
f 1334 1335 2588
f 1334 2588 2644
f 2644 2588 2637
f 2643 2644 2637
f 1365 1364 2645
f 1364 2641 2645
f 2645 2641 2635
f 2645 2635 2633
f 1365 2645 2633
f 1365 2633 2589
f 2646 2647 2581
f 2646 2648 2647
f 2647 2582 2581
f 2648 2649 2650
f 2648 2650 2647
f 2650 2649 2583
f 2650 2583 2582
f 2647 2650 2582
f 2586 1343 2648
f 2586 2648 2646
f 2584 2586 2646
f 2585 1374 2583
f 2585 2583 2649
f 1342 2585 2649
f 2576 2584 2646
f 2576 2646 2581
f 2580 2576 2581
f 1343 1452 2651
f 1452 1342 2651
f 2651 1342 2649
f 1343 2651 2649
f 1343 2649 2648
f 2622 2621 2652
f 2622 2652 2653
f 2621 2618 2652
f 2618 2617 2653
f 2652 2618 2653
f 1074 2623 2622
f 2623 2619 2622
f 2620 1208 2654
f 1208 2615 2654
f 2654 2615 2618
f 2654 2618 2621
f 2620 2654 2621
f 1048 1049 2617
f 1049 1050 2653
f 2617 1049 2653
f 1050 1052 2653
f 1052 1074 2622
f 1052 2622 2653
f 2599 2600 2603
f 1069 1071 2599
f 1071 1070 2599
f 1046 2605 2599
f 2605 2600 2599
f 1047 1206 2655
f 1206 1046 2599
f 1206 2599 2655
f 1047 2655 2599
f 2602 1072 2603
f 1072 1069 2599
f 1072 2599 2603
f 2612 2609 2656
f 2656 2657 2612
f 2609 2608 2656
f 2656 2608 2657
f 1067 1073 2608
f 1073 2614 2657
f 1073 2657 2608
f 2614 2613 2658
f 2614 2658 2657
f 2613 2610 2658
f 2658 2610 2612
f 2657 2658 2612
f 1040 1042 2659
f 1042 2607 2659
f 2659 2607 2609
f 2659 2609 2612
f 1040 2659 2612
f 1065 1068 2608
f 1068 1067 2608
f 1866 668 1868
f 1866 669 668
f 1868 668 667
f 1868 667 1869
f 1876 2660 2661
f 1876 2661 1871
f 2660 2540 2539
f 2660 2539 2661
f 2661 2539 2538
f 2661 2538 1871
f 1869 667 1883
f 667 666 1883
f 1883 666 1880
f 1851 1855 2190
f 1855 1838 2194
f 1855 2194 2193
f 2190 1855 2193
f 1858 1857 2662
f 1831 1858 2662
f 1835 1832 2196
f 1843 1841 2663
f 1843 2663 2664
f 1841 1840 2663
f 2663 1840 2187
f 2663 2187 2665
f 2664 2663 2665
f 2664 2665 2666
f 1887 2667 1888
f 1888 2667 2668
f 1888 2668 1862
f 2184 2669 2185
f 2669 1857 2670
f 2669 2670 2666
f 2669 2666 2665
f 2185 2669 2665
f 2185 2665 2187
f 2184 2192 2669
f 2192 2196 1832
f 2192 1832 2669
f 2669 1832 1831
f 2669 1831 2662
f 2669 2662 1857
f 1840 1848 2671
f 1848 1847 2672
f 1848 2672 2671
f 2671 2672 2189
f 2671 2189 2188
f 1840 2671 2188
f 1840 2188 2187
f 1838 1837 2194
f 1837 1835 2196
f 1837 2196 2195
f 2194 1837 2195
f 1857 1860 2670
f 1860 1843 2664
f 1860 2664 2670
f 2670 2664 2666
f 1847 1852 2672
f 1852 1851 2190
f 2672 1852 2190
f 2672 2190 2189
f 1873 2673 1885
f 2673 2674 2675
f 2673 2675 1885
f 1885 2675 1887
f 1880 666 1881
f 666 2540 2660
f 1881 666 2660
f 1881 2660 1876
f 1871 2538 2677
f 1871 2677 2676
f 2676 2677 2674
f 2676 2674 2673
f 1871 2676 2673
f 1871 2673 1873
f 658 671 2678
f 658 2678 661
f 671 672 2679
f 671 2679 2678
f 2678 2679 2680
f 2678 2680 2681
f 661 2678 2681
f 661 2681 662
f 672 2236 2682
f 672 2682 2679
f 2236 654 2682
f 2682 654 653
f 2682 653 2683
f 2679 2682 2683
f 2679 2683 2680
f 2680 2683 2684
f 2680 2684 2685
f 2683 653 2117
f 2683 2117 2684
f 2684 2117 1895
f 2685 2684 1895
f 2685 1895 2116
f 662 2681 2686
f 662 2686 2238
f 2681 2680 2685
f 2681 2685 2686
f 2686 2685 2116
f 2686 2116 2687
f 2238 2686 2687
f 2238 2687 2239
f 1862 2668 1863
f 2668 2688 1863
f 1863 2688 669
f 1863 669 1866
f 663 2689 2537
f 2689 1887 2675
f 2689 2675 2674
f 2689 2674 2677
f 2537 2689 2677
f 2537 2677 2538
f 663 665 2690
f 663 2690 2689
f 665 669 2688
f 665 2688 2690
f 2690 2688 2668
f 2690 2668 2667
f 2689 2690 2667
f 2689 2667 1887
f 1889 2240 1890
f 2240 2239 2687
f 2240 2687 1890
f 1890 2687 2116
f 1890 2116 1893
f 2244 2243 2691
f 2244 2691 2692
f 2243 606 2693
f 2243 2693 2691
f 2691 2693 2694
f 2691 2694 2695
f 2692 2691 2695
f 2692 2695 2248
f 606 605 2696
f 606 2696 2693
f 605 604 611
f 605 611 2696
f 2696 611 610
f 2696 610 2697
f 2693 2696 2697
f 2693 2697 2694
f 2694 2697 2698
f 2694 2698 2699
f 2697 610 2242
f 2697 2242 2698
f 2698 2242 598
f 2698 598 597
f 2699 2698 597
f 2248 2695 2700
f 2248 2700 616
f 2695 2694 2699
f 2695 2699 2700
f 2700 2699 597
f 616 2700 597
f 1572 2245 2701
f 1572 2701 1573
f 2245 2244 2692
f 2245 2692 2701
f 2701 2692 2248
f 2701 2248 2246
f 1573 2701 2246
f 1573 2246 1576
f 1522 1470 1480
f 1522 1480 2413
f 2413 1480 1479
f 2413 1479 2115
f 2413 2115 1477
f 2123 2125 2702
f 2123 2702 2129
f 2125 1488 2121
f 2125 2121 2702
f 2702 2121 2120
f 2702 2120 2086
f 2129 2702 2086
f 2129 2086 2085
f 2101 1524 2412
f 2101 2412 2102
f 2102 2412 1476
f 2387 2421 2388
f 2421 2703 2388
f 2388 2703 1532
f 2080 1946 2704
f 1946 1500 2705
f 1946 2705 2704
f 2704 2705 2706
f 2704 2706 2707
f 2080 2704 2707
f 2080 2707 2084
f 1500 1498 2708
f 1500 2708 2705
f 1498 1499 2082
f 1498 2082 2708
f 2708 2082 1495
f 2708 1495 2709
f 2705 2708 2709
f 2705 2709 2706
f 2706 2709 2710
f 2706 2710 2711
f 2709 1495 1494
f 2709 1494 2710
f 2710 1494 1493
f 2710 1493 1503
f 2711 2710 1503
f 2711 1503 1502
f 2084 2707 2712
f 2084 2712 2079
f 2707 2706 2711
f 2707 2711 2712
f 2712 2711 1502
f 2712 1502 2079
f 1928 2713 1929
f 1928 2084 2079
f 1928 2079 2713
f 2713 2079 2078
f 1929 2713 2078
f 1929 2078 1932
f 624 623 2714
f 624 2714 2715
f 623 622 2716
f 623 2716 2714
f 2714 2716 2717
f 2714 2717 2718
f 2715 2714 2718
f 2715 2718 2130
f 622 2200 2719
f 622 2719 2716
f 2200 630 628
f 2200 628 2719
f 2719 628 629
f 2719 629 2720
f 2716 2719 2720
f 2716 2720 2717
f 2717 2720 2721
f 2717 2721 2722
f 2720 629 2199
f 2720 2199 2721
f 2721 2199 2198
f 2721 2198 1617
f 2722 2721 1617
f 2722 1617 621
f 2130 2718 2723
f 2130 2723 1606
f 2718 2717 2722
f 2718 2722 2723
f 2723 2722 621
f 2723 621 619
f 1606 2723 619
f 1606 619 620
f 626 625 2724
f 626 2724 1600
f 625 624 2715
f 625 2715 2724
f 2724 2715 2130
f 2724 2130 1603
f 1600 2724 1603
f 2530 2529 2725
f 2530 2725 2531
f 2529 389 388
f 2529 388 2725
f 2725 388 387
f 2725 387 2508
f 2531 2725 2508
f 2531 2508 693
f 695 694 2507
f 695 2507 2516
f 2516 2507 386
f 2516 386 687
f 2460 396 2461
f 810 809 2727
f 810 2727 2726
f 810 2726 816
f 809 2728 2729
f 809 2729 2727
f 2728 815 2729
f 2727 2729 2730
f 2729 815 814
f 2730 2729 814
f 2730 814 821
f 816 2726 2730
f 2726 2727 2730
f 2730 821 820
f 816 2730 820
f 396 394 2731
f 394 395 2731
f 396 2731 2732
f 395 2733 2731
f 395 391 390
f 395 390 2733
f 2733 390 2732
f 2731 2733 2732
f 2732 390 400
f 2732 400 2734
f 2734 400 401
f 396 2732 2735
f 396 2735 2461
f 2732 2734 2735
f 2735 2734 401
f 2735 401 2509
f 2461 2735 2509
f 2461 2509 2496
f 2427 2459 2736
f 2427 2736 2428
f 2459 815 2728
f 2459 2728 2736
f 2736 2728 809
f 2736 809 806
f 2428 2736 806
f 2428 806 805
f 895 2737 2738
f 895 2738 896
f 2737 2456 2739
f 2737 2739 2738
f 2738 2739 2740
f 896 2738 2740
f 896 2740 897
f 2456 2455 2741
f 2456 2741 2739
f 2455 2454 900
f 2455 900 2741
f 2741 900 901
f 2741 901 2443
f 2739 2741 2443
f 2739 2443 908
f 897 2740 2742
f 897 2742 2450
f 2740 2739 2742
f 2742 2739 908
f 2742 908 907
f 2450 2742 907
f 2450 907 906
f 2436 2456 2737
f 2436 2737 2437
f 2737 895 893
f 2437 2737 893
f 2437 893 892
f 1464 2535 2743
f 1464 2743 1465
f 2535 1468 2743
f 1468 2744 2743
f 2744 1468 1467
f 2744 1467 2743
f 2743 1467 2536
f 2536 1461 1462
f 1465 2743 2745
f 2743 2536 2745
f 2745 2536 1462
f 2745 1462 2534
f 1466 1465 2532
f 1465 2745 2532
f 2532 2745 2534
f 1912 2077 1926
f 2077 2076 2746
f 2077 2746 1926
f 1926 2746 1924
f 1511 1923 2747
f 1511 2747 1514
f 1923 1508 2748
f 1923 2748 2747
f 2747 2748 2749
f 1514 2747 2749
f 1514 2749 1515
f 1508 1506 2750
f 1508 2750 2748
f 1506 1507 1517
f 1506 1517 2750
f 2750 1517 1518
f 2750 1518 2749
f 2748 2750 2749
f 2749 1518 2074
f 2749 2074 2751
f 2751 2074 2073
f 2751 2073 2752
f 2751 2752 2746
f 1515 2749 2753
f 1515 2753 2076
f 2749 2751 2753
f 2753 2751 2746
f 2076 2753 2746
f 1924 2746 2752
f 1924 2752 1925
f 1925 2752 2073
f 1925 2073 1917
f 2395 2425 2754
f 2395 2754 2060
f 2425 2046 2754
f 2754 2046 2755
f 2755 2046 2044
f 2755 2044 2754
f 2754 2044 2060
f 2394 2425 2395
f 2756 2757 2758
f 2756 2758 2759
f 2757 114 2760
f 2757 2760 2758
f 2758 2760 2761
f 2758 2761 2762
f 2759 2758 2762
f 2759 2762 2763
f 121 120 2764
f 121 2764 2765
f 120 112 115
f 120 115 2764
f 2764 115 114
f 2764 114 2757
f 2765 2764 2757
f 2765 2757 2756
f 129 2766 2767
f 129 2767 142
f 2766 2756 2759
f 2766 2759 2767
f 2767 2759 2763
f 2767 2763 2768
f 142 2767 2768
f 142 2768 141
f 127 2769 2770
f 127 2770 128
f 2769 121 2765
f 2769 2765 2770
f 2770 2765 2756
f 2770 2756 2766
f 128 2770 2766
f 128 2766 129
f 64 110 2771
f 64 2771 2761
f 110 54 2772
f 110 2772 2771
f 2771 2772 2763
f 2771 2763 2762
f 2761 2771 2762
f 54 53 2773
f 54 2773 2772
f 53 52 141
f 53 141 2773
f 2773 141 2768
f 2772 2773 2768
f 2772 2768 2763
f 61 63 2774
f 61 2774 113
f 63 64 2761
f 63 2761 2774
f 2774 2761 2760
f 113 2774 2760
f 113 2760 114
f 34 33 126
f 33 32 121
f 33 121 2769
f 126 33 2769
f 126 2769 127
f 286 2775 2776
f 286 2776 2777
f 2775 2778 2779
f 2775 2779 2776
f 2776 2779 288
f 2776 288 2532
f 2777 2776 2532
f 2777 2532 2108
f 283 284 2780
f 283 2780 2781
f 284 286 2777
f 284 2777 2780
f 2780 2777 2108
f 2780 2108 1538
f 2781 2780 1538
f 299 296 2782
f 299 2782 278
f 296 298 275
f 296 275 2782
f 2782 275 276
f 278 2782 276
f 298 2783 2784
f 298 2784 275
f 2783 280 1541
f 2783 1541 2784
f 275 2784 1541
f 2785 2786 251
f 2785 251 287
f 2786 299 278
f 2786 278 251
f 2778 2787 287
f 2778 287 2779
f 2787 2785 287
f 2779 287 288
f 280 281 2788
f 280 2788 1541
f 281 282 1540
f 281 1540 2788
f 2788 1540 1548
f 1541 2788 1548
f 282 2789 1539
f 282 1539 1540
f 2789 283 2781
f 2789 2781 1539
f 1539 2781 1538
f 285 304 2775
f 304 309 2775
f 2775 309 2778
f 285 2775 286
f 293 292 2373
f 292 291 2790
f 292 2790 2373
f 2373 2790 2375
f 282 281 2789
f 2778 309 2787
f 309 308 2787
f 2787 308 307
f 2787 307 2785
f 298 297 2783
f 297 2791 2783
f 2783 2791 280
f 281 2792 2793
f 281 280 2791
f 281 2791 2792
f 2792 2791 297
f 2792 297 2794
f 2793 2792 2794
f 2793 2794 305
f 2377 2419 2795
f 2377 2795 2378
f 2795 2416 2415
f 2378 2795 2415
f 2378 2415 2381
f 291 290 2796
f 291 2796 2797
f 290 289 2417
f 290 2417 2796
f 2796 2417 2416
f 2796 2416 2798
f 2797 2796 2798
f 2797 2798 2799
f 2416 2795 2800
f 2416 2800 2798
f 2795 2419 2418
f 2795 2418 2800
f 2800 2418 1534
f 2800 1534 2801
f 2798 2800 2801
f 2798 2801 2799
f 1534 1533 2802
f 1534 2802 2801
f 1533 1532 2703
f 1533 2703 2802
f 2802 2703 2421
f 2802 2421 2803
f 2801 2802 2803
f 2801 2803 2799
f 2799 2803 2804
f 2799 2804 2797
f 2803 2421 2420
f 2803 2420 2804
f 2804 2420 2375
f 2804 2375 2790
f 2797 2804 2790
f 2797 2790 291
f 305 2794 2805
f 305 2805 306
f 2794 297 296
f 2794 296 2805
f 2805 296 295
f 2805 295 2806
f 306 2805 2806
f 306 2806 307
f 283 2789 2807
f 283 2807 284
f 2789 281 2793
f 2789 2793 2807
f 2807 2793 305
f 2807 305 302
f 284 2807 302
f 284 302 285
f 2785 307 2806
f 2785 2806 2786
f 2786 2806 295
f 2786 295 299
f 1387 2808 767
f 2808 1386 769
f 2808 769 768
f 767 2808 768
f 767 765 1387
f 760 1388 1387
f 760 1387 765
f 1397 1396 2809
f 1385 1222 769
f 1386 1385 769
f 1397 2809 1385
f 1385 2809 1222
f 1389 1388 2811
f 1388 760 759
f 2811 1388 759
f 2811 759 758
f 2810 1389 1384
f 1389 2811 758
f 1389 758 1391
f 1389 1391 1384
f 1420 1414 1295
f 1420 1295 1255
f 1415 1417 2812
f 1417 1420 2812
f 2812 1252 1251
f 2812 1251 1253
f 1420 1255 1254
f 1420 1254 2812
f 1252 2812 1254
f 1442 1253 1223
f 1442 1223 1222
f 1415 2812 1442
f 1442 2812 1253
f 2813 1442 2809
f 2809 1442 1222
f 2813 2809 1396
f 2813 1396 2810
f 2814 2813 2810
f 2814 2810 1384
f 1414 1441 1295
f 1295 1441 1296
f 1414 2814 1441
f 1441 2814 1384
f 1441 1384 1443
f 2808 1387 1399
f 1386 2808 1399
f 1389 2810 1412
f 1397 1385 1394
f 2810 1396 1394
f 2810 1394 1412
f 2814 2815 2813
f 2813 2815 2816
f 2813 2816 1442
f 1418 1415 1442
f 2817 1418 2818
f 2818 1418 1442
f 2818 1442 2816
f 1414 1418 2817
f 1414 2817 2818
f 1414 2818 2814
f 2818 2816 2815
f 2814 2818 2815
f 1420 1419 1414
f 1419 1418 1414
f 411 2513 2515
f 411 410 2819
f 2819 410 413
f 411 2819 413
f 411 413 412
f 2513 411 412
f 2513 412 2514
f 2510 2513 2514
f 2510 411 2515
f 2820 2822 2821
f 2825 2826 2827
f 2825 2827 2823
f 2828 2829 2830
f 2828 2830 2820
f 2829 14 13
f 2829 13 2830
f 2823 2831 2825
f 2825 2831 2832
f 2825 2832 2824
f 2833 2834 2835
f 2834 2836 2837
f 2835 2834 2837
f 2835 2837 2838
f 13 22 2839
f 13 2839 2830
f 2830 2839 2822
f 2830 2822 2820
f 2840 2841 2842
f 2840 2842 2843
f 2841 2833 2835
f 2841 2835 2842
f 2842 2835 2838
f 2842 2838 2844
f 2843 2842 2844
f 2843 2844 2845
f 2836 2828 2837
f 2828 2846 2837
f 2837 2846 2826
f 2837 2826 2838
f 2838 2826 2825
f 2838 2825 2844
f 2844 2825 2824
f 2844 2824 2845
f 2848 2850 2849
f 2849 2850 2851
f 2849 2851 2852
f 2849 2852 2853
f 31 14 2829
f 31 2829 2847
f 2847 2829 2828
f 2847 2828 2836
f 2856 2854 2855
f 46 45 2859
f 46 2859 2858
f 44 2859 45
f 44 2860 2859
f 2850 2859 2860
f 2858 2859 2850
f 2861 2858 2862
f 2840 2863 2864
f 2840 2864 2841
f 2863 2865 2866
f 2863 2866 2864
f 2864 2866 2867
f 2864 2867 2868
f 2841 2864 2868
f 2841 2868 2833
f 2833 2868 2834
f 2868 2867 2857
f 2868 2857 2834
f 2834 2857 2836
f 2861 2862 2870
f 2869 2861 2870
f 2869 2870 2871
f 2871 2872 2873
f 2871 2873 2869
f 2872 2874 2875
f 2872 2875 2873
f 2874 2876 2877
f 2874 2877 2875
f 2876 2878 2877
f 2873 2875 2879
f 2869 2873 2879
f 2880 2881 2882
f 2880 2882 2883
f 67 2880 2883
f 67 2883 69
f 2885 2824 2886
f 2884 2885 2886
f 2884 2886 2887
f 2882 2888 2889
f 2882 2889 2883
f 2888 2890 2891
f 2888 2891 2889
f 2889 2891 79
f 2889 79 78
f 2883 2889 78
f 2883 78 69
f 2892 2884 2887
f 2892 2887 2893
f 2881 2892 2893
f 2881 2893 2882
f 2824 2832 2886
f 2832 5173 2886
f 2886 5173 2894
f 2886 2894 2887
f 87 2869 2895
f 87 2895 88
f 2887 2896 2893
f 2887 2894 2896
f 2896 2890 2888
f 2893 2896 2888
f 2893 2888 2882
f 92 2897 2898
f 92 2898 93
f 2897 2899 2900
f 2897 2900 2898
f 2901 2902 2903
f 2901 2903 2904
f 2902 2840 2843
f 2902 2843 2903
f 2903 2843 2845
f 2903 2845 2905
f 2904 2903 2905
f 2904 2905 2906
f 2900 2881 2880
f 2900 2880 2898
f 2880 67 93
f 2898 2880 93
f 2899 2907 2908
f 2899 2908 2900
f 2907 2901 2904
f 2907 2904 2908
f 2908 2904 2906
f 2908 2906 2909
f 2900 2908 2909
f 2845 2824 2885
f 2845 2885 2905
f 2905 2885 2884
f 2905 2884 2906
f 46 2858 87
f 2858 2861 87
f 2906 2884 2892
f 2906 2892 2909
f 2909 2892 2881
f 2909 2881 2900
f 2862 2850 2910
f 2862 2910 2870
f 2850 2848 2910
f 2910 2848 2911
f 2870 2910 2911
f 2870 2911 2871
f 2878 2912 2913
f 2878 2913 2914
f 2912 2865 2863
f 2912 2863 2913
f 2913 2863 2840
f 2913 2840 2902
f 2914 2913 2902
f 2914 2902 2901
f 2858 2850 2862
f 2871 2915 2916
f 2871 2916 2872
f 2915 2917 2916
f 2916 2917 2918
f 2916 2918 2919
f 2872 2916 2919
f 2872 2919 2874
f 116 2920 2897
f 116 2897 92
f 2920 2921 2897
f 2897 2921 2899
f 2899 2922 2907
f 2899 2877 2922
f 2922 2877 2878
f 2922 2878 2914
f 2907 2922 2914
f 2907 2914 2901
f 2848 2923 2911
f 2848 2924 2925
f 2848 2925 2923
f 2923 2925 2915
f 2911 2923 2915
f 2911 2915 2871
f 2926 2927 2928
f 2926 2928 2929
f 2927 2930 2931
f 2927 2931 2928
f 2928 2931 2932
f 2928 2932 2933
f 2929 2928 2933
f 2929 2933 2853
f 130 133 2934
f 130 2934 2855
f 133 136 2935
f 133 2935 2934
f 2934 2935 2936
f 2934 2936 2937
f 2855 2934 2937
f 2856 2938 2939
f 2938 2940 2926
f 2938 2926 2929
f 2939 2938 2929
f 2939 2929 2853
f 2941 2857 2867
f 2941 2867 2942
f 2940 2941 2942
f 2940 2942 2926
f 2867 2943 2944
f 2867 2944 2942
f 2943 2945 2944
f 2944 2945 2930
f 2944 2930 2927
f 2942 2944 2927
f 2942 2927 2926
f 136 144 2946
f 136 2946 2935
f 2935 2946 2857
f 2935 2857 2936
f 2853 2852 2939
f 2852 2851 2854
f 2939 2852 2854
f 2939 2854 2856
f 2851 2850 47
f 2851 47 2854
f 2850 2860 47
f 47 2860 44
f 2826 2846 2947
f 2826 2947 2827
f 2846 2828 2820
f 2846 2820 2947
f 2947 2820 2821
f 2827 2947 2821
f 2827 2821 2823
f 2952 2951 2953
f 2952 2953 2954
f 2972 2959 2950
f 2961 2972 2950
f 2960 2961 2950
f 2973 2960 2955
f 2962 2973 2955
f 2962 2955 2963
f 2964 2962 2965
f 2965 2962 2963
f 2965 2963 2966
f 2965 2966 2967
f 2968 2964 2965
f 2968 2965 2967
f 2957 2968 2969
f 2957 2969 2958
f 2962 2964 2970
f 2974 2975 2976
f 2975 164 2976
f 2978 164 2975
f 2974 2978 2975
f 2979 2980 2981
f 2981 2980 2982
f 2980 2976 2977
f 2980 2977 2982
f 2979 2974 2976
f 2979 2976 2980
f 2983 2984 2985
f 2985 2984 2986
f 2986 2984 2979
f 2986 2979 2981
f 2984 2987 2979
f 2987 2974 2979
f 2984 2988 2987
f 2987 2988 2974
f 2988 2989 2978
f 2988 2978 2974
f 2989 176 164
f 2989 164 2978
f 2988 2990 2989
f 2990 177 176
f 2990 176 2989
f 2992 2994 2993
f 2995 2996 2994
f 2995 2994 2992
f 2991 2995 2992
f 2997 2998 188
f 2997 188 2999
f 2999 188 187
f 2998 3000 188
f 3000 3001 190
f 3000 190 189
f 188 3000 189
f 2998 3002 3000
f 3002 3001 3000
f 3003 3004 197
f 3004 3005 197
f 3005 2997 2999
f 3005 2999 187
f 197 3005 187
f 3004 2997 3005
f 2984 3006 2988
f 2988 3006 3008
f 2988 3008 3007
f 2983 3009 2984
f 2984 3009 3006
f 202 3011 3012
f 3011 3010 3012
f 2977 3010 2982
f 3013 3011 202
f 2981 3010 3013
f 2981 2982 3010
f 3010 3011 3013
f 3015 3016 209
f 3015 209 208
f 3016 3017 209
f 209 3017 211
f 3017 210 211
f 3018 3019 212
f 3019 3015 208
f 3019 208 212
f 3001 3020 213
f 3020 3021 213
f 213 3021 214
f 3001 213 190
f 3021 3018 214
f 2977 2976 3010
f 202 3012 215
f 3012 3010 2976
f 3012 2976 215
f 215 2976 216
f 164 204 2976
f 204 216 2976
f 2991 2992 3022
f 3023 3022 2993
f 2993 3022 2992
f 2983 3024 3025
f 2983 3025 3026
f 3026 3025 2991
f 2996 2995 3025
f 2996 3025 3024
f 2995 2991 3025
f 3027 3020 3001
f 3027 3028 3021
f 3027 3021 3020
f 3028 3018 3021
f 2994 2996 3027
f 2996 3024 3027
f 3027 3029 3028
f 3028 3029 3019
f 3028 3019 3018
f 3029 3030 3015
f 3029 3015 3019
f 3024 3031 3027
f 3024 2983 3030
f 3024 3030 3031
f 3031 3030 3029
f 3027 3031 3029
f 2983 2985 3032
f 2983 3032 3030
f 2985 2986 3033
f 2985 3033 3032
f 3030 3032 3016
f 3030 3016 3015
f 3032 3033 3017
f 3032 3017 3016
f 3033 3034 3017
f 3034 3013 3014
f 3034 3014 3017
f 2986 2981 3034
f 2986 3034 3033
f 2981 3013 3034
f 3035 3004 3003
f 3035 2997 3004
f 2993 3036 3023
f 3023 3036 3035
f 3035 3036 2998
f 3035 2998 2997
f 3036 3037 3002
f 3036 3002 2998
f 3037 3027 3001
f 3037 3001 3002
f 2993 3037 3036
f 2993 2994 3027
f 2993 3027 3037
f 202 233 3013
f 3014 3013 3017
f 210 3017 233
f 233 3017 3013
f 3003 3038 3035
f 3035 3038 3023
f 3038 3039 3023
f 3038 3040 3039
f 196 3041 197
f 197 3041 3003
f 3041 3042 3003
f 196 236 3042
f 196 3042 3041
f 3026 3043 2983
f 3043 3009 2983
f 3023 3039 3044
f 3023 3044 3022
f 3022 3044 2991
f 3044 3045 2991
f 2988 3007 3046
f 2988 3046 2990
f 2990 3046 239
f 2990 239 177
f 3040 3047 3048
f 3040 3048 3039
f 3039 3048 3044
f 2991 3045 3049
f 2991 3049 3048
f 3045 3044 3048
f 3045 3048 3049
f 3050 3051 3052
f 3050 3052 3053
f 3051 3056 3054
f 3056 3047 3040
f 3050 3057 3056
f 3057 3047 3056
f 3050 3056 3051
f 3008 3058 3007
f 3059 253 239
f 3059 239 3046
f 3058 3059 3046
f 3058 3046 3007
f 3058 3063 3059
f 3063 253 3059
f 4214 3061 3062
f 3060 4214 3062
f 3062 3061 3058
f 3061 3063 3058
f 3063 258 253
f 3064 3066 3065
f 3067 3065 3068
f 3069 3071 3070
f 3070 3072 3073
f 3074 3075 3076
f 3077 3078 3080
f 3080 3078 3009
f 3078 3079 3006
f 3078 3006 3009
f 3079 3081 3006
f 3081 3058 3008
f 3081 3008 3006
f 3079 3058 3081
f 3083 3084 3085
f 3082 3083 3085
f 3087 3088 3089
f 3090 3062 3058
f 3091 3092 3090
f 3092 3060 3062
f 3092 3062 3090
f 3093 3095 3094
f 3094 3096 3097
f 3094 3097 3098
f 3099 3101 3100
f 3103 3080 3009
f 3103 3009 3104
f 3077 3080 3103
f 4295 3077 3103
f 3089 3106 3107
f 3089 3107 3108
f 3106 3109 3110
f 3106 3110 3107
f 3107 3110 3111
f 3107 3111 3112
f 3108 3107 3112
f 3108 3112 3113
f 2991 3114 3026
f 3114 3103 3026
f 3026 3103 3043
f 3009 3043 3104
f 3043 3103 3104
f 3116 3115 3117
f 3116 3117 3118
f 3118 3117 3048
f 3118 3048 3047
f 3117 3115 3048
f 3115 3114 3048
f 3048 3114 2991
f 3119 3042 3121
f 3121 3042 236
f 3121 236 317
f 3120 3003 3042
f 3119 3120 3042
f 3003 3120 3038
f 3040 3038 3122
f 3040 3122 3056
f 3038 3120 3122
f 3122 3120 3054
f 3056 3122 3054
f 3051 3123 3052
f 3052 3123 3053
f 3124 3125 3126
f 3124 3126 3127
f 320 3124 3127
f 320 3127 322
f 322 3127 3128
f 322 3128 324
f 3127 3126 3129
f 3127 3129 3128
f 3125 3131 3126
f 3131 3125 3133
f 3134 332 3135
f 3125 3134 3135
f 3125 3124 3134
f 3124 320 3134
f 3134 320 332
f 3133 3125 3136
f 3136 3137 3138
f 3136 3139 3137
f 3138 3137 3140
f 3136 3141 3139
f 3141 340 3142
f 3139 3141 3142
f 3125 3135 3136
f 3135 332 340
f 3135 340 3141
f 3136 3135 3141
f 3140 3137 3143
f 3137 3139 3144
f 3137 3144 3143
f 3143 3144 3145
f 3145 3144 3146
f 3144 3148 3146
f 3148 352 351
f 3148 351 350
f 3148 350 3149
f 3146 3148 3149
f 3146 3149 3147
f 3139 3142 3148
f 3139 3148 3144
f 3142 340 352
f 3142 352 3148
f 3146 3147 3150
f 3146 3150 3151
f 3150 3152 3153
f 3151 3150 3153
f 3151 3153 3154
f 3155 359 3156
f 3150 3155 3156
f 3150 3156 3152
f 3147 3149 3155
f 3147 3155 3150
f 3149 350 361
f 3149 361 3155
f 3155 361 359
f 3154 3153 3157
f 3154 3157 3158
f 3153 3152 3159
f 3153 3159 3157
f 3157 3159 3160
f 3158 3157 3161
f 3159 3162 3160
f 3162 369 368
f 3152 3156 3162
f 3152 3162 3159
f 3156 359 369
f 3156 369 3162
f 3163 3164 3165
f 3164 3166 3167
f 3165 3164 3167
f 3165 3167 3168
f 3169 3158 3161
f 3166 3169 3167
f 3166 3170 3169
f 3170 3154 3158
f 3170 3158 3169
f 3171 3172 3173
f 3172 3174 3175
f 3172 3175 3173
f 3171 3173 3175
f 3171 3175 3176
f 3180 3181 3182
f 3185 3186 3187
f 3184 3185 3187
f 3128 3129 3188
f 324 3128 3188
f 324 3188 403
f 3129 3130 3189
f 3129 3189 3188
f 3130 3190 3189
f 3196 3197 3198
f 3198 3199 3200
f 3201 3203 3202
f 3202 3204 3205
f 3202 3205 3206
f 3208 3209 3210
f 3210 3209 3211
f 3213 3214 3215
f 3214 3216 3215
f 3215 3216 3217
f 3218 3219 3220
f 3219 3221 3220
f 3220 3221 3222
f 3218 3220 3222
f 3218 3222 3223
f 3224 3226 3227
f 3230 3231 3232
f 3235 3236 3237
f 3245 3246 3248
f 3250 3251 3252
f 3250 3252 3253
f 3249 3250 3253
f 3254 3255 3256
f 3247 3254 3256
f 3258 3259 3260
f 3262 3263 3264
f 3268 3270 3269
f 3271 3272 3273
f 3272 3274 3273
f 3273 3275 3276
f 3277 3278 3279
f 3277 3280 3278
f 3278 3274 3272
f 3279 3278 3272
f 3279 3272 3271
f 3281 3282 3283
f 3285 3286 3287
f 3286 3288 3287
f 3287 3289 3290
f 3291 3292 3293
f 3291 3293 3294
f 3292 3295 3296
f 3292 3296 3293
f 3293 3296 3297
f 3294 3293 3297
f 3298 3299 3300
f 3298 3300 3301
f 3299 3302 3303
f 3299 3303 3300
f 3300 3303 3304
f 3301 3300 3304
f 3305 3306 3307
f 3305 3308 3309
f 3305 3309 3306
f 3306 3309 3302
f 3306 3302 3299
f 3307 3306 3299
f 3307 3299 3298
f 3310 3311 3312
f 3310 3312 3313
f 3311 3314 3312
f 3312 3314 3315
f 3313 3312 3315
f 3319 3321 3320
f 3320 3322 3323
f 3327 3328 3329
f 3330 3331 3332
f 3330 3333 3331
f 3331 3334 3335
f 3332 3331 3335
f 3332 3335 3336
f 3337 3338 3339
f 3341 3342 3343
f 3343 3344 3345
f 3346 3348 3347
f 3347 3338 3337
f 3349 3351 3352
f 3349 3352 3350
f 3350 3352 3353
f 3350 3353 3349
f 3355 3356 3357
f 3356 3358 3359
f 3356 3359 3360
f 3357 3356 3360
f 3362 3355 3357
f 3361 3362 3363
f 3364 3349 3365
f 3364 3365 3366
f 3365 3349 3354
f 3366 3365 3354
f 3366 3354 3367
f 3368 3369 3370
f 3369 3371 3372
f 3369 3372 3373
f 3370 3369 3373
f 3375 3376 3377
f 3375 3377 3378
f 3374 3375 3379
f 3381 3382 3383
f 3380 3381 3384
f 3385 3386 3387
f 3386 3388 3389
f 3386 3389 3390
f 3387 3386 3390
f 3392 3393 3394
f 3391 3392 3395
f 3396 3397 3398
f 3397 3399 3400
f 3397 3400 3401
f 3398 3397 3401
f 3398 3401 3402
f 3393 3403 3394
f 3403 3404 3405
f 3403 3405 3406
f 3394 3403 3406
f 3407 3408 3409
f 3408 3410 3411
f 3408 3411 3409
f 3409 3411 3412
f 3407 3409 3412
f 3407 3412 3413
f 3414 3415 3416
f 3415 3417 3418
f 3416 3415 3418
f 3419 3421 3422
f 3419 3422 3420
f 3420 3422 3423
f 3420 3423 3424
f 3425 3414 3416
f 3425 3416 3426
f 3425 3426 3427
f 3431 3432 3433
f 3439 3441 3440
f 3440 3441 3442
f 3439 3440 3442
f 3443 3444 3171
f 3443 3171 3176
f 3444 3445 3446
f 3444 3446 3171
f 3447 3448 3450
f 3445 3451 3446
f 3451 3452 3174
f 3451 3174 3172
f 3446 3451 3172
f 3446 3172 3171
f 3453 3455 3454
f 3454 3456 3457
f 3458 3459 3460
f 3458 3460 3461
f 3459 3462 3463
f 3459 3463 3460
f 3460 3463 3464
f 3461 3460 3464
f 3465 3466 3467
f 3465 3467 3468
f 3466 3469 3470
f 3466 3470 3467
f 3467 3470 3471
f 3467 3471 3472
f 3468 3467 3472
f 3468 3472 3473
f 3474 3475 3476
f 3474 3476 3477
f 3475 3478 3462
f 3475 3462 3476
f 3476 3462 3459
f 3477 3476 3459
f 3477 3459 3458
f 3486 3487 3488
f 3490 3491 3489
f 3492 3489 3491
f 3493 3494 3495
f 3493 3495 3496
f 3494 3497 3495
f 3495 3497 3498
f 3495 3498 3499
f 3496 3495 3499
f 3496 3499 3500
f 3479 3480 3483
f 3163 3505 3506
f 3163 3506 3507
f 3505 3508 3506
f 3506 3508 3509
f 3507 3506 3509
f 3507 3509 3510
f 3509 3508 3511
f 3508 3512 3511
f 3508 3514 3512
f 3514 3515 3513
f 3514 3513 3512
f 3515 3516 3513
f 3516 3518 3517
f 3516 3520 3518
f 3520 3521 3518
f 3154 3170 3522
f 3170 3166 3523
f 3522 3170 3523
f 3523 3525 3524
f 3166 3164 3526
f 3164 3163 3507
f 3164 3507 3526
f 3526 3507 3510
f 3526 3510 3525
f 3166 3526 3525
f 3166 3525 3523
f 3146 3527 3528
f 3146 3151 3529
f 3146 3529 3527
f 3528 3527 3530
f 3151 3531 3529
f 3531 3523 3529
f 3151 3154 3522
f 3151 3522 3531
f 3531 3522 3523
f 3140 3143 3532
f 3140 3532 3533
f 3143 3145 3534
f 3143 3534 3532
f 3532 3534 3535
f 3533 3532 3535
f 3535 3534 3536
f 3534 3146 3528
f 3528 3530 3538
f 3534 3528 3538
f 3534 3538 3536
f 3145 3146 3539
f 3145 3539 3534
f 3534 3539 3146
f 3540 3541 3542
f 3541 3543 3544
f 3542 3541 3544
f 3535 3537 3545
f 3544 3535 3545
f 3546 3140 3533
f 3546 3533 3535
f 3543 3546 3535
f 3543 3535 3544
f 3547 3548 3549
f 3544 3547 3549
f 3540 3542 3549
f 3540 3549 3550
f 3542 3544 3549
f 3551 3552 3553
f 3552 3550 3549
f 3553 3552 3549
f 3553 3549 3548
f 3554 3555 3556
f 3555 3557 3556
f 3554 3556 3557
f 3557 3555 3561
f 3562 3563 3564
f 3563 3565 3566
f 3564 3563 3566
f 3551 3567 3568
f 3521 3569 3518
f 3569 3568 3567
f 3519 3518 3569
f 3519 3569 3567
f 3130 3129 3570
f 3570 3129 3126
f 3570 3126 3571
f 3571 3126 3572
f 3132 3572 3126
f 3132 3126 3131
f 3573 3574 3575
f 3575 3576 3577
f 3577 3576 3572
f 3576 3571 3572
f 3130 3570 3190
f 3570 3571 3190
f 3191 3190 3571
f 3574 3578 3575
f 3576 3575 3571
f 3575 3579 3192
f 3575 3192 3191
f 3571 3575 3191
f 3578 3580 3579
f 3578 3579 3575
f 3582 3581 3583
f 3580 3582 3583
f 3580 3583 3579
f 3192 3579 3583
f 3192 3583 3584
f 3584 3583 3581
f 3192 3584 3585
f 3585 3584 3586
f 3587 3586 3584
f 3587 3584 3588
f 3588 3584 3581
f 3132 3131 3572
f 3572 3131 3577
f 3577 3589 3575
f 3577 3131 3589
f 3589 3131 3590
f 3589 3590 3591
f 3575 3589 3591
f 3575 3591 3573
f 3131 3592 3590
f 3593 3595 3594
f 3594 3595 3596
f 3593 3594 3596
f 3593 3596 3597
f 3597 3596 3598
f 3596 3595 3598
f 3479 3599 3588
f 3479 3588 3480
f 3599 3587 3588
f 3480 3588 3481
f 3600 3602 3601
f 3601 3603 3604
f 3481 3588 3581
f 3605 3606 3607
f 3606 3608 3607
f 3607 3608 3609
f 3610 3611 3612
f 3611 3613 3612
f 3612 3614 3615
f 3617 3618 3619
f 3617 3619 3620
f 3621 3622 3623
f 3621 3624 3625
f 3621 3625 3622
f 3622 3625 3613
f 3622 3613 3611
f 3623 3622 3611
f 3623 3611 3610
f 3626 3627 3628
f 3626 3629 3630
f 3626 3630 3627
f 3627 3630 3631
f 3627 3631 3632
f 3628 3627 3632
f 3628 3632 3633
f 3635 3636 3637
f 3635 3637 3638
f 3634 3635 3638
f 3640 3641 3642
f 3639 3640 3642
f 3643 3644 3645
f 3644 3646 3647
f 3644 3647 3648
f 3645 3644 3648
f 3540 3649 3541
f 3541 3649 3543
f 3140 3546 3650
f 3546 3543 3649
f 3546 3649 3651
f 3650 3546 3651
f 3652 3650 3649
f 3652 3649 3653
f 3650 3651 3649
f 3653 3649 3540
f 3133 3136 3131
f 3136 3654 3655
f 3131 3136 3655
f 3131 3655 3592
f 3655 3654 3656
f 3655 3656 3657
f 3592 3655 3657
f 3658 3650 3652
f 3658 3652 3659
f 3654 3658 3659
f 3654 3659 3656
f 3136 3138 3658
f 3138 3140 3650
f 3138 3650 3658
f 3136 3658 3654
f 3660 3662 3661
f 3661 3663 3664
f 3661 3664 3665
f 3666 3667 3668
f 3667 3669 3668
f 3609 3673 3674
f 3673 3669 3667
f 3674 3673 3667
f 3674 3667 3666
f 3675 3677 3676
f 3676 3678 3679
f 3678 3681 3679
f 3678 3682 3681
f 3681 3683 3680
f 3679 3681 3680
f 3677 3684 3676
f 3677 3685 3684
f 3684 3682 3678
f 3676 3684 3678
f 3796 3687 3686
f 3688 3690 3689
f 3689 3690 3691
f 3689 3691 3692
f 3688 3693 3694
f 3688 3694 3690
f 3693 3695 3696
f 3693 3696 3694
f 3694 3696 3697
f 3694 3697 3698
f 3690 3694 3698
f 3690 3698 3691
f 3687 3699 3686
f 3687 3700 3701
f 3687 3701 3699
f 3699 3701 3695
f 3699 3695 3693
f 3686 3699 3693
f 3686 3693 3688
f 3702 3704 3703
f 3706 3709 3707
f 3705 3708 3706
f 3704 3710 3703
f 3704 3711 3710
f 3710 3708 3705
f 3703 3710 3705
f 3712 3714 3713
f 3715 3718 3719
f 3715 3719 3716
f 3718 3720 3721
f 3718 3721 3719
f 3719 3721 3722
f 3719 3722 3723
f 3716 3719 3723
f 3716 3723 3717
f 3714 3724 3713
f 3714 3725 3726
f 3714 3726 3724
f 3724 3726 3720
f 3724 3720 3718
f 3713 3724 3718
f 3713 3718 3715
f 3727 3729 3728
f 3730 3679 3731
f 3679 3680 3731
f 3729 3732 3728
f 3729 3675 3676
f 3729 3676 3732
f 3732 3676 3679
f 3728 3732 3679
f 3728 3679 3730
f 3707 3709 3733
f 3735 3687 3796
f 3734 3736 3735
f 3734 3737 3736
f 3736 3700 3687
f 3735 3736 3687
f 3709 3738 3733
f 3738 3737 3734
f 3733 3738 3734
f 3741 3704 3702
f 3740 3742 3741
f 3740 3743 3744
f 3740 3744 3742
f 3742 3744 3711
f 3742 3711 3704
f 3741 3742 3704
f 3717 3723 3745
f 3717 3745 3739
f 3723 3722 3746
f 3723 3746 3745
f 3745 3746 3743
f 3745 3743 3740
f 3739 3745 3740
f 3749 3714 3712
f 3748 3750 3749
f 3748 3751 3750
f 3750 3725 3714
f 3749 3750 3714
f 3731 3752 3747
f 3731 3680 3752
f 3752 3751 3748
f 3747 3752 3748
f 3692 3691 3754
f 3692 3754 3753
f 3753 3754 3755
f 3756 3729 3727
f 3755 3757 3758
f 3755 3758 3756
f 3757 3759 3760
f 3757 3760 3758
f 3758 3760 3675
f 3758 3675 3729
f 3756 3758 3729
f 3691 3698 3761
f 3691 3761 3754
f 3698 3697 3762
f 3698 3762 3761
f 3761 3762 3759
f 3761 3759 3757
f 3754 3761 3757
f 3754 3757 3755
f 3763 3764 3765
f 3763 3765 3766
f 3766 3765 3767
f 3766 3767 3768
f 3768 3767 3769
f 3769 3727 3770
f 3767 3755 3756
f 3767 3756 3769
f 3769 3756 3727
f 3764 3692 3753
f 3764 3753 3765
f 3765 3753 3755
f 3765 3755 3767
f 3772 3775 3776
f 3775 3748 3749
f 3775 3749 3776
f 3776 3749 3712
f 3776 3712 3777
f 3771 3731 3747
f 3747 3748 3775
f 3771 3747 3775
f 3771 3775 3772
f 3969 3779 3780
f 3781 3782 3783
f 3783 3784 3785
f 3786 3787 3741
f 3786 3741 3788
f 3787 3740 3741
f 3788 3741 3702
f 3788 3702 3785
f 3789 3717 3739
f 3789 3739 3790
f 3739 3740 3787
f 3790 3739 3787
f 3790 3787 3786
f 3792 3793 3794
f 3794 3793 3795
f 3795 3796 3797
f 3793 3734 3735
f 3793 3735 3795
f 3795 3735 3796
f 3791 3733 3792
f 3791 3707 3733
f 3733 3734 3793
f 3792 3733 3793
f 3770 3727 3798
f 3798 3799 3800
f 3800 3799 3801
f 3799 3730 3801
f 3730 3731 3801
f 3801 3731 3771
f 3727 3728 3798
f 3798 3728 3730
f 3798 3730 3799
f 3802 3803 3804
f 3804 3805 3806
f 3806 3807 3808
f 3806 3808 3804
f 3804 3808 3809
f 3804 3809 3802
f 3806 3810 3716
f 3806 3716 3811
f 3810 3715 3716
f 3811 3716 3717
f 3811 3717 3789
f 3777 3712 3713
f 3777 3713 3812
f 3713 3715 3810
f 3812 3713 3810
f 3812 3810 3806
f 3785 3784 3788
f 3788 3813 3786
f 3814 3815 3791
f 3781 3706 3815
f 3781 3705 3706
f 3706 3707 3791
f 3815 3706 3791
f 3785 3702 3703
f 3785 3703 3783
f 3703 3705 3781
f 3783 3703 3781
f 3797 3796 3816
f 3797 3816 3817
f 3817 3816 3818
f 3817 3818 3819
f 3819 3818 3820
f 3819 3820 3821
f 3821 3820 3764
f 3821 3764 3763
f 3818 3688 3689
f 3818 3689 3820
f 3820 3689 3692
f 3820 3692 3764
f 3796 3686 3816
f 3816 3686 3688
f 3816 3688 3818
f 3825 3827 3826
f 3822 3828 3823
f 3828 3829 3823
f 3823 3829 3824
f 3830 3832 3833
f 3830 3833 3831
f 3831 3833 3834
f 3831 3834 3835
f 3835 3834 3837
f 3835 3837 3836
f 3836 3837 3838
f 3836 3838 3839
f 3834 3840 3841
f 3834 3841 3837
f 3840 3842 3843
f 3840 3843 3841
f 3841 3843 3844
f 3841 3844 3845
f 3837 3841 3845
f 3837 3845 3838
f 3832 3846 3847
f 3832 3847 3833
f 3846 3652 3848
f 3846 3848 3847
f 3847 3848 3842
f 3847 3842 3840
f 3833 3847 3840
f 3833 3840 3834
f 3683 3850 3851
f 3683 3851 3849
f 3849 3851 3852
f 3849 3852 3853
f 3851 3590 3852
f 3852 3590 3592
f 3850 3854 3851
f 3851 3854 3590
f 3855 3857 3858
f 3855 3858 3856
f 3856 3858 3859
f 3856 3859 3860
f 3860 3859 3862
f 3860 3862 3861
f 3861 3862 3863
f 3861 3863 3685
f 3859 3864 3865
f 3859 3865 3862
f 3864 3866 3865
f 3865 3866 3867
f 3862 3865 3867
f 3862 3867 3863
f 3857 3868 3869
f 3857 3869 3858
f 3868 3870 3866
f 3868 3866 3869
f 3869 3866 3864
f 3858 3869 3864
f 3858 3864 3859
f 3826 3872 3871
f 3871 3872 3873
f 3871 3873 3874
f 3874 3873 3876
f 3874 3876 3875
f 3875 3876 3857
f 3875 3857 3855
f 3873 3877 3878
f 3873 3878 3876
f 3878 3870 3868
f 3876 3878 3868
f 3876 3868 3857
f 3826 3827 3879
f 3826 3879 3872
f 3872 3879 3877
f 3872 3877 3873
f 3839 3838 3880
f 3881 3883 3882
f 3881 3884 3883
f 3882 3883 3828
f 3882 3828 3822
f 3838 3845 3885
f 3838 3885 3880
f 3845 3844 3886
f 3845 3886 3885
f 3885 3886 3884
f 3885 3884 3881
f 3880 3885 3881
f 3853 3852 3888
f 3853 3888 3887
f 3887 3888 3889
f 3890 3832 3830
f 3889 3891 3892
f 3889 3892 3890
f 3891 3656 3659
f 3891 3659 3892
f 3892 3659 3652
f 3892 3652 3846
f 3890 3892 3846
f 3890 3846 3832
f 3852 3592 3657
f 3852 3657 3888
f 3657 3656 3891
f 3888 3657 3891
f 3888 3891 3889
f 3738 3893 3737
f 3737 3893 3736
f 3736 3894 3700
f 3893 3824 3825
f 3893 3825 3736
f 3736 3825 3826
f 3736 3826 3894
f 3709 3823 3738
f 3709 3822 3823
f 3823 3824 3893
f 3738 3823 3893
f 3722 3895 3896
f 3722 3896 3746
f 3746 3896 3897
f 3746 3897 3743
f 3743 3897 3898
f 3743 3898 3744
f 3744 3898 3899
f 3744 3899 3711
f 3897 3835 3836
f 3897 3836 3898
f 3898 3836 3839
f 3898 3839 3899
f 3895 3830 3900
f 3895 3900 3896
f 3830 3831 3900
f 3900 3831 3835
f 3900 3835 3897
f 3896 3900 3897
f 3752 3901 3751
f 3751 3901 3750
f 3750 3902 3725
f 3901 3849 3750
f 3750 3849 3853
f 3750 3853 3902
f 3680 3683 3849
f 3680 3849 3752
f 3752 3849 3901
f 3697 3903 3904
f 3697 3904 3762
f 3762 3904 3905
f 3762 3905 3759
f 3759 3905 3760
f 3760 3677 3675
f 3905 3860 3861
f 3905 3861 3760
f 3760 3861 3685
f 3760 3685 3677
f 3903 3855 3856
f 3903 3856 3904
f 3856 3860 3905
f 3904 3856 3905
f 3700 3894 3906
f 3700 3906 3701
f 3701 3906 3907
f 3701 3907 3695
f 3695 3907 3908
f 3695 3908 3696
f 3696 3908 3903
f 3696 3903 3697
f 3907 3874 3875
f 3907 3875 3908
f 3908 3875 3855
f 3908 3855 3903
f 3894 3826 3871
f 3894 3871 3906
f 3906 3871 3874
f 3906 3874 3907
f 3711 3899 3710
f 3710 3909 3708
f 3708 3909 3706
f 3909 3881 3882
f 3909 3882 3706
f 3882 3822 3709
f 3706 3882 3709
f 3899 3880 3710
f 3899 3839 3880
f 3710 3880 3881
f 3710 3881 3909
f 3725 3902 3910
f 3725 3910 3726
f 3726 3910 3911
f 3726 3911 3720
f 3720 3911 3912
f 3720 3912 3721
f 3721 3912 3895
f 3721 3895 3722
f 3911 3889 3913
f 3911 3913 3912
f 3889 3890 3913
f 3913 3890 3830
f 3912 3913 3830
f 3912 3830 3895
f 3902 3853 3887
f 3902 3887 3910
f 3910 3887 3889
f 3910 3889 3911
f 3954 3914 3915
f 3954 3915 3955
f 3955 3582 3580
f 3915 3581 3582
f 3955 3915 3582
f 3914 3501 3916
f 3914 3916 3915
f 3919 3501 3914
f 3919 3502 3501
f 3918 3483 3502
f 3918 3502 3919
f 3917 3918 3919
f 3920 3922 3921
f 3924 3923 3925
f 3922 3923 3921
f 3922 3926 3923
f 3923 3926 3503
f 3928 3918 3929
f 3929 3918 3917
f 3928 3930 3918
f 3930 3484 3483
f 3930 3483 3918
f 3925 3923 3930
f 3925 3930 3927
f 3923 3503 3484
f 3923 3484 3930
f 3927 3930 3928
f 3828 3931 3829
f 3829 3932 3824
f 3824 3932 3825
f 3825 3933 3827
f 3931 3934 3829
f 3829 3934 3932
f 3932 3934 3933
f 3932 3933 3825
f 3934 3928 3929
f 3934 3929 3933
f 3933 3929 3917
f 3934 3925 3927
f 3934 3927 3928
f 3866 3935 3936
f 3866 3936 3937
f 3937 3936 3938
f 3937 3938 3939
f 3939 3938 3574
f 3939 3574 3573
f 3936 3940 3938
f 3935 3940 3936
f 3844 3942 3943
f 3844 3943 3886
f 3942 3944 3945
f 3942 3945 3943
f 3943 3945 3946
f 3943 3946 3947
f 3886 3943 3947
f 3886 3947 3884
f 3884 3947 3948
f 3884 3948 3883
f 3947 3946 3948
f 3883 3948 3931
f 3883 3931 3828
f 3945 3949 3946
f 3946 3949 3948
f 3949 3934 3948
f 3948 3934 3931
f 3949 3923 3924
f 3949 3924 3934
f 3934 3924 3925
f 3944 3920 3921
f 3944 3921 3945
f 3921 3923 3949
f 3945 3921 3949
f 3827 3933 3879
f 3879 3950 3877
f 3877 3950 3878
f 3878 3951 3870
f 3878 3954 3951
f 3933 3952 3879
f 3879 3952 3953
f 3879 3953 3950
f 3950 3953 3878
f 3953 3919 3914
f 3953 3914 3878
f 3878 3914 3954
f 3933 3917 3952
f 3952 3917 3919
f 3952 3919 3953
f 3870 3951 3866
f 3866 3941 3935
f 3951 3954 3866
f 3866 3955 3941
f 3941 3955 3956
f 3955 3580 3956
f 3866 3954 3955
f 3685 3957 3684
f 3685 3863 3957
f 3957 3958 3682
f 3684 3957 3682
f 3682 3959 3681
f 3682 3958 3960
f 3682 3960 3959
f 3959 3960 3850
f 3959 3850 3683
f 3681 3959 3683
f 3958 3961 3962
f 3958 3962 3960
f 3961 3937 3939
f 3961 3939 3962
f 3962 3939 3573
f 3962 3573 3963
f 3960 3962 3963
f 3960 3963 3850
f 3863 3867 3957
f 3867 3866 3937
f 3867 3937 3961
f 3957 3867 3961
f 3957 3961 3958
f 3940 3935 3941
f 3940 3941 3956
f 3574 3938 3578
f 3940 3578 3938
f 3968 3964 3965
f 3966 3768 3769
f 3966 3769 3770
f 3966 3770 3965
f 3964 3966 3965
f 3964 3763 3766
f 3964 3766 3768
f 3964 3768 3966
f 3967 3800 3801
f 3967 3801 3965
f 3965 3801 3771
f 3965 3770 3798
f 3965 3798 3800
f 3965 3800 3967
f 3965 3774 3969
f 3965 3969 3968
f 3965 3771 3773
f 3965 3773 3774
f 3968 3969 3780
f 3968 3780 3970
f 3968 3972 3971
f 3972 3814 3791
f 3972 3791 3971
f 3968 3973 3814
f 3968 3814 3972
f 3974 3794 3795
f 3974 3795 3797
f 3974 3797 3975
f 3971 3976 3968
f 3971 3791 3792
f 3971 3792 3976
f 3976 3792 3794
f 3976 3794 3974
f 3968 3976 3974
f 3968 3974 3964
f 3977 3819 3821
f 3977 3821 3763
f 3977 3763 3964
f 3974 3977 3964
f 3975 3797 3817
f 3975 3817 3974
f 3974 3817 3819
f 3974 3819 3977
f 3944 3978 3671
f 3978 3979 3671
f 3979 3488 3980
f 3979 3980 3671
f 3671 3980 3489
f 3978 3981 3979
f 3981 3486 3488
f 3981 3488 3979
f 3844 3843 3982
f 3844 3982 3942
f 3843 3842 3983
f 3843 3983 3982
f 3982 3983 3984
f 3982 3984 3942
f 3942 3984 3978
f 3942 3978 3944
f 3984 3985 3986
f 3984 3986 3978
f 3985 3987 3988
f 3985 3988 3986
f 3986 3988 3486
f 3986 3486 3981
f 3978 3986 3981
f 3842 3848 3989
f 3842 3989 3983
f 3848 3652 3990
f 3848 3990 3989
f 3989 3990 3987
f 3989 3987 3985
f 3983 3989 3985
f 3983 3985 3984
f 3944 3671 3920
f 3920 3671 3672
f 3920 3672 3922
f 3922 3672 3991
f 3922 3991 3926
f 3492 3991 3672
f 3487 3489 3980
f 3487 3980 3488
f 3492 3504 3991
f 3481 3581 3915
f 3481 3915 3916
f 3551 3993 3567
f 3519 3567 3993
f 3519 3993 3992
f 3994 3996 3997
f 3994 3997 3995
f 3995 3997 3998
f 3998 4001 4002
f 3998 4002 3999
f 4001 4003 4004
f 4001 4004 4002
f 4002 4004 4005
f 4002 4005 4006
f 3999 4002 4006
f 3999 4006 4000
f 3996 4007 4008
f 3996 4008 3997
f 4007 4009 4010
f 4007 4010 4008
f 4008 4010 4003
f 4008 4003 4001
f 3997 4008 4001
f 3997 4001 3998
f 4012 4015 4013
f 4012 4016 4015
f 4015 4017 4014
f 4013 4015 4014
f 4011 4018 4012
f 4019 4021 4020
f 4022 4025 4023
f 4022 4026 4027
f 4022 4027 4025
f 4025 4027 4028
f 4025 4028 4024
f 4023 4025 4024
f 4021 4029 4020
f 4021 4030 4031
f 4021 4031 4029
f 4029 4031 4026
f 4029 4026 4022
f 4020 4029 4022
f 4033 4036 4034
f 4033 4037 4036
f 4036 4038 4035
f 4034 4036 4035
f 4032 4037 4033
f 4032 4039 4037
f 4042 3996 3994
f 4041 4043 4044
f 4041 4044 4042
f 4043 4045 4046
f 4043 4046 4044
f 4044 4046 4009
f 4044 4009 4007
f 4042 4044 4007
f 4042 4007 3996
f 4014 4047 4040
f 4014 4017 4048
f 4014 4048 4047
f 4047 4048 4045
f 4047 4045 4043
f 4040 4047 4043
f 4040 4043 4041
f 4050 4052 4051
f 4050 4053 4052
f 4052 4018 4011
f 4051 4052 4011
f 4024 4054 4049
f 4024 4028 4055
f 4024 4055 4054
f 4054 4055 4053
f 4054 4053 4050
f 4049 4054 4050
f 4058 4021 4019
f 4057 4059 4058
f 4057 4060 4061
f 4057 4061 4059
f 4059 4061 4030
f 4059 4030 4021
f 4058 4059 4021
f 4035 4062 4056
f 4035 4038 4063
f 4035 4063 4062
f 4062 4063 4060
f 4062 4060 4057
f 4056 4062 4057
f 4065 4067 4066
f 4065 4068 4069
f 4065 4069 4067
f 4067 4069 4039
f 4067 4039 4032
f 4066 4067 4032
f 4000 4006 4070
f 4000 4070 4064
f 4006 4005 4071
f 4006 4071 4070
f 4070 4071 4068
f 4070 4068 4065
f 4064 4070 4065
f 4072 4074 4073
f 4075 4065 4066
f 4075 4066 4076
f 4076 4066 4032
f 4076 4032 4077
f 4074 4000 4064
f 4074 4064 4073
f 4064 4065 4075
f 4073 4064 4075
f 4078 4079 4081
f 4082 4083 4084
f 4082 4084 4085
f 4083 4086 4084
f 4085 4084 4087
f 4085 4087 4080
f 4080 4088 4058
f 4080 4058 4085
f 4088 4057 4058
f 4085 4058 4019
f 4085 4019 4082
f 4078 4035 4056
f 4078 4056 4079
f 4056 4057 4088
f 4079 4056 4088
f 4079 4088 4080
f 4089 4090 4091
f 4089 4091 4092
f 4092 4091 4093
f 4092 4093 4094
f 4208 4096 4097
f 4098 4050 4099
f 4050 4051 4099
f 4099 4051 4011
f 4099 4011 4100
f 4089 4024 4049
f 4089 4049 4101
f 4101 4049 4050
f 4101 4050 4098
f 4102 4104 4103
f 4105 4042 4106
f 4105 4041 4042
f 4042 3994 4107
f 4106 4042 4107
f 4104 4014 4040
f 4104 4040 4103
f 4103 4040 4041
f 4103 4041 4105
f 4109 4033 4110
f 4033 4034 4110
f 4110 4034 4035
f 4110 4035 4078
f 4077 4032 4108
f 4032 4033 4108
f 4108 4033 4109
f 4081 4111 4112
f 4112 4113 4203
f 4114 4115 4116
f 4116 4117 4203
f 4094 4022 4092
f 4022 4023 4092
f 4092 4023 4024
f 4092 4024 4089
f 4082 4019 4118
f 4019 4020 4118
f 4118 4020 4022
f 4118 4022 4094
f 4119 4120 4121
f 4119 4121 4122
f 4122 4121 4123
f 4122 4123 4100
f 4097 4124 4102
f 4124 4119 4104
f 4124 4104 4102
f 4119 4012 4013
f 4119 4013 4104
f 4104 4013 4014
f 4100 4011 4122
f 4011 4012 4122
f 4122 4012 4119
f 4127 4074 4072
f 4126 3998 3999
f 4126 3999 4127
f 4127 3999 4000
f 4127 4000 4074
f 4107 3995 4125
f 4107 3994 3995
f 4125 3995 3998
f 4125 3998 4126
f 4129 4130 4131
f 4128 4137 4138
f 4128 4138 4129
f 4137 3510 3509
f 4137 3509 4138
f 4138 3509 3511
f 4138 3511 4130
f 4129 4138 4130
f 3523 4139 3529
f 3530 3527 4140
f 3530 4140 4141
f 3527 3529 4139
f 3527 4139 4140
f 4140 4139 4141
f 4142 4141 4139
f 4144 4132 4145
f 4143 4144 4145
f 4136 4135 4146
f 4146 4135 4147
f 4148 4143 4149
f 4149 4143 4145
f 4150 4134 4151
f 4150 4151 4132
f 4144 4150 4132
f 4142 4152 4153
f 4153 4152 4154
f 4152 4155 4154
f 4152 3524 3525
f 4152 3525 4155
f 4155 3525 3510
f 4155 3510 4137
f 4154 4155 4137
f 4154 4137 4128
f 4139 3523 3524
f 4139 3524 4142
f 4142 3524 4152
f 4039 4156 4037
f 4156 4157 4037
f 4037 4157 4036
f 4036 4158 4038
f 4157 3538 4036
f 4157 3536 3538
f 3538 3530 4159
f 4036 3538 4159
f 4036 4159 4158
f 4039 4160 4161
f 4039 4161 4156
f 4160 3537 3535
f 4160 3535 4161
f 4161 3535 3536
f 4161 3536 4157
f 4156 4161 4157
f 4030 4162 4163
f 4030 4163 4031
f 4031 4163 4164
f 4031 4164 4026
f 4026 4164 4027
f 4027 4165 4028
f 4164 4153 4027
f 4153 4154 4027
f 4027 4154 4128
f 4027 4128 4165
f 4162 4142 4163
f 4163 4142 4153
f 4163 4153 4164
f 4166 4135 4144
f 4166 4144 4143
f 4169 4170 4171
f 4170 4172 4173
f 4170 4173 4171
f 4171 4173 4174
f 4169 4171 4174
f 4135 4150 4144
f 4150 4135 4134
f 4009 4175 4176
f 4009 4176 4010
f 4010 4176 4177
f 4010 4177 4003
f 4003 4177 4004
f 4004 4178 4005
f 4177 4179 4180
f 4177 4180 4004
f 4179 3548 3547
f 4179 3547 4180
f 4180 3547 3544
f 4180 3544 4181
f 4004 4180 4181
f 4004 4181 4178
f 4175 4182 4183
f 4175 4183 4176
f 4182 3551 3553
f 4182 3553 4183
f 4183 3553 3548
f 4183 3548 4179
f 4176 4183 4179
f 4176 4179 4177
f 4005 4178 4071
f 4071 4184 4068
f 4068 4184 4069
f 4184 4185 4186
f 4184 4186 4069
f 4185 3544 3545
f 4185 3545 4186
f 4186 3545 3537
f 4186 3537 4160
f 4069 4186 4160
f 4069 4160 4039
f 4178 4181 4187
f 4178 4187 4071
f 4181 3544 4187
f 4187 3544 4185
f 4071 4187 4185
f 4071 4185 4184
f 4038 4158 4188
f 4038 4188 4063
f 4063 4188 4189
f 4063 4189 4060
f 4060 4189 4190
f 4060 4190 4061
f 4061 4190 4162
f 4061 4162 4030
f 4189 4191 4141
f 4189 4141 4190
f 4190 4141 4142
f 4190 4142 4162
f 4158 4159 4192
f 4158 4192 4188
f 4159 3530 4141
f 4159 4141 4192
f 4192 4141 4191
f 4188 4192 4191
f 4188 4191 4189
f 4028 4165 4055
f 4055 4193 4053
f 4195 4194 4196
f 4165 4197 4055
f 4165 4128 4129
f 4165 4129 4197
f 4197 4129 4131
f 4197 4131 4193
f 4055 4197 4193
f 4045 4048 4198
f 4045 4198 4046
f 4048 4182 4198
f 4198 4182 4175
f 4198 4175 4009
f 4046 4198 4009
f 4048 3993 4182
f 4182 3993 3551
f 4017 3992 3993
f 4017 3993 4048
f 4200 4075 4076
f 4200 4076 4199
f 4199 4076 4077
f 4199 4072 4073
f 4199 4073 4075
f 4199 4075 4200
f 4201 4202 4208
f 4201 4109 4110
f 4201 4110 4202
f 4202 4110 4078
f 4202 4078 4208
f 4208 4199 4201
f 4199 4077 4108
f 4199 4108 4201
f 4201 4108 4109
f 4208 4078 4081
f 4208 4081 4112
f 4208 4112 4203
f 4203 4114 4116
f 4203 4204 4114
f 4203 4205 4208
f 4203 4207 4206
f 4203 4206 4205
f 4208 4097 4102
f 4208 4102 4209
f 4210 4105 4106
f 4210 4106 4107
f 4210 4107 4211
f 4208 4209 4212
f 4209 4102 4103
f 4209 4103 4212
f 4212 4103 4105
f 4212 4105 4210
f 4208 4212 4210
f 4208 4210 4199
f 4210 4213 4199
f 4213 4126 4127
f 4213 4127 4072
f 4213 4072 4199
f 4210 4211 4213
f 4211 4107 4125
f 4211 4125 4213
f 4213 4125 4126
f 258 3063 1459
f 1459 3063 3162
f 1459 3162 368
f 3063 3061 3160
f 3063 3160 3162
f 3061 4214 3160
f 4214 3161 3157
f 3160 4214 3157
f 4222 4223 4224
f 4221 4222 4224
f 4225 4226 4228
f 4230 4231 4232
f 4229 4230 4232
f 4234 4235 4236
f 4233 4234 4236
f 4238 4225 4228
f 4240 4241 4242
f 4244 4245 4246
f 4243 4244 4246
f 4248 4249 4250
f 4249 4251 4252
f 4249 4252 4253
f 4250 4249 4253
f 4255 4256 4257
f 4254 4255 4257
f 4259 4248 4250
f 4261 4262 4263
f 4260 4261 4263
f 4264 4265 4266
f 4264 4266 4267
f 4265 4268 4266
f 4266 4268 4269
f 4266 4269 4270
f 4267 4266 4270
f 4271 4272 4273
f 4231 4274 4275
f 4231 4275 4232
f 4274 4276 4277
f 4274 4277 4275
f 4275 4277 4278
f 4275 4278 4279
f 4232 4275 4279
f 4232 4279 4229
f 2963 3115 4280
f 4281 4282 4283
f 4282 4284 4285
f 4282 4285 4286
f 4283 4282 4286
f 4283 4286 4287
f 4292 4294 4293
f 4292 4293 2948
f 2951 2952 3114
f 2951 3114 3115
f 2952 2954 3114
f 2948 4293 4296
f 4297 4284 4298
f 2967 4297 4299
f 4299 4291 2969
f 2951 3115 2955
f 2963 2955 3115
f 2969 4291 2958
f 2951 2955 2950
f 2951 2950 2953
f 2953 2950 4300
f 4300 2950 4301
f 2960 2950 2955
f 4295 4301 4296
f 4296 4301 2948
f 2958 4301 2957
f 2957 4301 2956
f 2954 2953 4295
f 2953 4300 4295
f 4295 4300 4301
f 2956 4301 2959
f 2959 4301 2950
f 2949 2948 2958
f 2958 2948 4301
f 4292 2948 4291
f 2949 4291 2948
f 3114 2954 3103
f 2954 4295 3103
f 2972 4302 2959
f 2959 4302 2956
f 2973 4303 2960
f 2964 4304 2970
f 2957 4305 4306
f 2957 4306 2968
f 2968 4306 2971
f 2956 4302 4307
f 2956 4307 2957
f 2957 4307 4305
f 2960 4303 2972
f 2960 2972 2961
f 2970 4308 2962
f 2962 4308 2973
f 2971 4304 2968
f 2971 4306 4304
f 2968 4304 2964
f 4311 4305 4307
f 4311 4307 4302
f 4309 4311 2972
f 2972 4311 4302
f 4312 4309 2972
f 4312 2972 4303
f 4313 4303 2973
f 4313 4312 4303
f 4313 2973 4308
f 4313 4308 2970
f 4313 2970 4304
f 4313 4304 4306
f 4309 4313 4306
f 4309 4306 4311
f 4311 4306 4305
f 4313 4310 4314
f 4312 4314 4310
f 4312 4310 4309
f 4309 4315 4313
f 4309 4310 4315
f 4315 4310 4313
f 4313 4314 4312
f 3123 3051 4316
f 3123 4316 3054
f 3123 3054 3055
f 3054 4316 3051
f 3120 3055 3054
f 3119 3123 3055
f 3119 3055 3120
f 3053 3123 3119
f 3489 4317 3671
f 3492 3672 4317
f 3492 4317 3489
f 3672 3671 4317
f 3492 4318 3504
f 4319 3504 4318
f 3926 3991 3504
f 3503 3926 3504
f 3483 3484 3485
f 4319 3503 3504
f 4319 3485 3484
f 4319 3484 3503
f 4319 4320 3485
f 3479 3483 3485
f 3479 3485 4320
f 3502 3483 3480
f 3501 3502 3480
f 3501 3480 3482
f 3482 3480 3916
f 3481 3916 3480
f 3482 3916 3501
f 4321 4322 4323
f 4321 4323 4324
f 4322 4325 4323
f 4324 4323 4326
f 4324 4326 4327
f 4327 4326 4328
f 4327 4328 4329
f 4328 4330 4331
f 4329 4328 4331
f 4329 4331 3364
f 3355 4332 4333
f 3355 4333 3356
f 4332 4334 4333
f 3356 4333 4335
f 3356 4335 3358
f 3358 4335 4336
f 3358 4336 4337
f 4336 4325 4322
f 4337 4336 4322
f 4337 4322 4321
f 3361 4338 4339
f 3361 4339 3362
f 4338 4340 4339
f 4339 4340 4334
f 4339 4334 4332
f 3362 4339 4332
f 3362 4332 3355
f 3351 4341 4342
f 3351 4342 4343
f 4341 3515 4340
f 4341 4340 4342
f 4342 4340 4338
f 4343 4342 4338
f 4343 4338 3361
f 3364 4331 4344
f 3364 4344 3349
f 4331 4330 4345
f 4331 4345 4344
f 4344 4345 3515
f 4344 3515 4341
f 3349 4344 4341
f 3349 4341 3351
f 3376 4346 4347
f 3376 4347 4348
f 4346 4349 4347
f 4348 4347 4350
f 4348 4350 4351
f 4351 4350 4352
f 4351 4352 4353
f 4352 4325 4354
f 4353 4352 4354
f 4353 4354 3368
f 3380 4355 4356
f 3380 4356 3381
f 4355 4357 4356
f 4356 4357 4358
f 4356 4358 4359
f 3381 4356 4359
f 3381 4359 3382
f 4360 4361 4362
f 4360 4362 4363
f 4361 4334 4357
f 4361 4357 4362
f 4362 4357 4355
f 4363 4362 4355
f 4363 4355 3380
f 3371 4335 4333
f 3371 4333 4364
f 4333 4334 4361
f 4364 4333 4361
f 4364 4361 4360
f 3368 4354 4365
f 3368 4365 3369
f 4354 4325 4336
f 4354 4336 4365
f 4365 4336 4335
f 3369 4365 4335
f 3369 4335 3371
f 3382 4359 4366
f 3382 4366 4367
f 4359 4358 4366
f 4367 4366 4368
f 4367 4368 3374
f 3374 4368 4369
f 3374 4369 3375
f 4369 4349 4346
f 3375 4369 4346
f 3375 4346 3376
f 4370 4371 4372
f 4370 4372 4373
f 4371 1629 4372
f 4373 4372 3391
f 3391 4372 4374
f 3391 4374 3392
f 4374 4349 4375
f 3392 4374 4375
f 3392 4375 3393
f 3399 4376 4377
f 4376 4378 1634
f 4376 1634 4379
f 4377 4376 4379
f 4377 4379 3385
f 3396 4380 4376
f 3396 4376 3397
f 4380 4358 4378
f 4380 4378 4376
f 3397 4376 3399
f 3404 4368 4366
f 3404 4366 4381
f 4366 4358 4380
f 4381 4366 4380
f 4381 4380 3396
f 3393 4375 4382
f 3393 4382 3403
f 4375 4349 4369
f 4375 4369 4382
f 4382 4369 4368
f 3403 4382 4368
f 3403 4368 3404
f 3388 1642 1641
f 3388 1641 4383
f 1641 1629 4371
f 4383 1641 4371
f 4383 4371 4370
f 3385 4379 1643
f 3385 1643 3386
f 4379 1634 1643
f 3386 1643 1642
f 3386 1642 3388
f 3336 4384 4385
f 3336 4385 3332
f 4384 1645 4385
f 3332 4385 3330
f 3330 4385 4386
f 3330 4386 4387
f 4387 4386 4389
f 3340 4372 3339
f 4372 1629 4390
f 3339 4372 4390
f 3339 4390 3337
f 3341 4391 4374
f 3341 4374 4392
f 4391 4349 4374
f 4392 4374 4372
f 4392 4372 3340
f 3345 4393 4394
f 3345 4394 3343
f 4394 4349 4391
f 3343 4394 4391
f 3343 4391 3341
f 4389 4386 4395
f 4389 4395 4396
f 4386 4388 4395
f 4396 4395 4393
f 4396 4393 3345
f 3346 1660 4397
f 3346 4397 4398
f 1660 1661 4397
f 4397 1661 1645
f 4397 1645 4384
f 4398 4397 4384
f 4398 4384 3336
f 3337 4390 4399
f 3337 4399 3347
f 4390 1629 1663
f 4390 1663 4399
f 4399 1663 1660
f 3347 4399 1660
f 3347 1660 3346
f 3326 4400 4401
f 4401 4400 4402
f 4401 4402 3318
f 3318 4402 4403
f 3318 4403 3317
f 4403 4404 3316
f 3317 4403 3316
f 3319 4350 4405
f 3319 4405 4406
f 4350 4347 4405
f 4405 4347 4349
f 4406 4405 4407
f 3323 4408 4352
f 3323 4352 3320
f 4408 4325 4352
f 3320 4352 4350
f 3320 4350 3319
f 3324 4409 4408
f 3324 4408 4410
f 4410 4408 3323
f 3316 4409 3325
f 3316 4404 4409
f 3325 4409 3324
f 4407 4405 4411
f 4407 4411 4412
f 4405 4349 4394
f 4405 4394 4411
f 4411 4394 4393
f 4412 4411 4393
f 4412 4393 3329
f 3329 4393 4395
f 3329 4395 3327
f 4395 4388 4400
f 3327 4395 4400
f 3327 4400 3326
f 3298 4413 4414
f 3298 4414 3307
f 4413 4404 4414
f 3307 4414 4415
f 3307 4415 3305
f 3305 4415 4416
f 3305 4416 4417
f 4416 4418 4419
f 4417 4416 4419
f 4417 4419 4420
f 3315 4326 4323
f 3315 4323 3313
f 4323 4325 4421
f 3313 4323 4421
f 3313 4421 3310
f 3291 4422 4423
f 3291 4423 4424
f 4422 4330 4328
f 4422 4328 4423
f 4423 4328 4326
f 4424 4423 4326
f 4424 4326 3315
f 4420 4419 4425
f 4420 4425 4426
f 4419 4418 4425
f 4426 4425 4427
f 4426 4427 3297
f 3297 4427 4428
f 3297 4428 3294
f 4427 4425 4428
f 4428 4425 4330
f 4428 4330 4422
f 3294 4428 4422
f 3294 4422 3291
f 3310 4421 4429
f 3310 4429 4430
f 4421 4325 4408
f 4421 4408 4429
f 4429 4408 4409
f 4429 4409 4431
f 4430 4429 4431
f 4430 4431 3304
f 3304 4431 4432
f 3304 4432 3301
f 4431 4409 4432
f 4432 4409 4404
f 4432 4404 4413
f 3301 4432 4413
f 3301 4413 3298
f 3271 4433 4434
f 3271 4434 3279
f 4433 1701 4434
f 3279 4434 3277
f 3277 4434 4435
f 3277 4435 4436
f 4436 4435 4438
f 3284 4385 3283
f 4385 1645 4439
f 3283 4385 4439
f 3283 4439 3281
f 3285 4440 4441
f 3285 4441 4442
f 4440 4388 4386
f 4440 4386 4441
f 4441 4386 4385
f 4442 4441 4385
f 4442 4385 3284
f 3290 4443 4444
f 3290 4444 3287
f 4444 4388 4440
f 3287 4444 4440
f 3287 4440 3285
f 4438 4435 4445
f 4438 4445 4446
f 4435 4437 4445
f 4446 4445 4443
f 4446 4443 3290
f 3276 4447 4448
f 3276 4448 3273
f 4447 1715 1716
f 4447 1716 4448
f 4448 1716 1701
f 4448 1701 4433
f 3273 4448 4433
f 3273 4433 3271
f 3281 4439 4449
f 3281 4449 4450
f 4439 1645 1719
f 4439 1719 4449
f 4449 1719 1715
f 4449 1715 4447
f 4450 4449 4447
f 4450 4447 3276
f 4451 4452 4453
f 4451 4453 4454
f 4452 4437 4453
f 4454 4453 4455
f 4454 4455 3267
f 3267 4455 4456
f 3267 4456 3266
f 4456 4457 3265
f 3266 4456 3265
f 3268 4402 4400
f 3268 4400 4458
f 4400 4388 4459
f 4458 4400 4459
f 4458 4459 3264
f 3257 4460 4461
f 3257 4461 3269
f 4460 4404 4403
f 4460 4403 4461
f 4461 4403 4402
f 3269 4461 4402
f 3269 4402 3268
f 3260 4462 4460
f 3260 4460 3258
f 3258 4460 3257
f 3265 4463 4464
f 3265 4457 4463
f 4464 4463 4462
f 4464 4462 3260
f 3264 4459 4465
f 3264 4465 3262
f 4459 4388 4444
f 4459 4444 4465
f 4465 4444 4443
f 3262 4465 4443
f 3262 4443 3261
f 3261 4443 4445
f 3261 4445 4466
f 4445 4437 4452
f 4466 4445 4452
f 4466 4452 4451
f 4467 4468 4469
f 4467 4469 4470
f 4468 4457 4469
f 4470 4469 4471
f 4470 4471 4472
f 4472 4471 4473
f 4472 4473 4474
f 4473 3490 4475
f 4474 4473 4475
f 4474 4475 3249
f 3245 4415 4414
f 3245 4414 3246
f 4414 4404 4476
f 3246 4414 4476
f 3246 4476 3247
f 4477 4478 4479
f 4477 4479 4480
f 4478 4418 4416
f 4478 4416 4479
f 4479 4416 4415
f 4480 4479 4415
f 4480 4415 3245
f 3249 4475 4481
f 3249 4481 3250
f 4475 3490 4481
f 3250 4481 4482
f 3250 4482 3251
f 3251 4482 4483
f 3251 4483 4484
f 4482 4481 4483
f 4483 4481 4418
f 4483 4418 4478
f 4484 4483 4478
f 4484 4478 4477
f 3247 4476 4485
f 3247 4485 3254
f 4476 4404 4460
f 4476 4460 4485
f 4485 4460 4462
f 3254 4485 4462
f 3254 4462 3255
f 3255 4462 4463
f 3255 4463 4486
f 4463 4457 4468
f 4486 4463 4468
f 4486 4468 4467
f 3206 4487 4488
f 3206 4488 3202
f 4487 1759 4488
f 3202 4488 3201
f 3201 4488 4489
f 3201 4489 4490
f 4490 4489 4492
f 3212 4434 3211
f 4434 1701 4493
f 3211 4434 4493
f 3211 4493 3210
f 3196 4494 4435
f 3196 4435 4495
f 4494 4437 4435
f 4495 4435 4434
f 4495 4434 3212
f 4492 4489 4496
f 4492 4496 4497
f 4489 4491 4496
f 4497 4496 3200
f 3200 4496 4498
f 3200 4498 3198
f 4498 4437 4494
f 3198 4498 4494
f 3198 4494 3196
f 3210 4493 4499
f 3210 4499 3208
f 4493 1701 1771
f 4493 1771 4499
f 4499 1771 1772
f 4499 1772 4500
f 3208 4499 4500
f 3208 4500 3207
f 3207 4500 1774
f 3207 1774 4501
f 4500 1772 1774
f 1774 1759 4487
f 4501 1774 4487
f 4501 4487 3206
f 3237 4502 3235
f 3235 4502 4503
f 3235 4503 3234
f 3234 4503 4504
f 3234 4504 4505
f 4505 4504 4507
f 3240 4455 4508
f 3240 4508 3239
f 4455 4453 4508
f 4508 4453 4437
f 4508 4437 4509
f 3239 4508 4509
f 3239 4509 3238
f 3242 4456 4510
f 3242 4457 4456
f 4510 4456 4455
f 4510 4455 3240
f 3241 4496 3236
f 4496 4491 4502
f 3236 4496 4502
f 3236 4502 3237
f 3238 4509 4496
f 3238 4496 4511
f 4509 4437 4498
f 4509 4498 4496
f 4511 4496 3241
f 3244 3242 3243
f 4507 4504 4512
f 4507 4512 4513
f 4504 4506 4512
f 4513 4512 3244
f 3660 4471 4514
f 3660 4514 4515
f 4471 4469 4514
f 4514 4469 4457
f 4514 4457 4516
f 4515 4514 4516
f 4515 4516 4517
f 3665 4518 4519
f 3665 4519 3661
f 4518 3490 4473
f 4518 4473 4519
f 4519 4473 4471
f 3661 4519 4471
f 3661 4471 3660
f 4517 4516 4520
f 4517 4520 4521
f 4516 4457 3242
f 4516 3242 4520
f 4520 3242 3244
f 4521 4520 3244
f 4521 3244 3670
f 3670 3244 4512
f 3670 4512 3668
f 4512 4506 4522
f 3668 4512 4522
f 3668 4522 3666
f 4523 4524 3491
f 4523 3491 4525
f 4524 3492 3491
f 3491 3490 4518
f 4525 3491 4518
f 4525 4518 3665
f 3666 4522 3674
f 3674 4522 3609
f 3609 4522 4526
f 3609 4526 3607
f 4522 4506 4527
f 4522 4527 4526
f 4526 4527 4319
f 4526 4319 4528
f 3607 4526 4528
f 3607 4528 3605
f 3605 4528 4529
f 3605 4529 4530
f 4528 4319 4318
f 4528 4318 4529
f 4529 4318 3492
f 4529 3492 4524
f 4530 4529 4524
f 4530 4524 4523
f 3604 4531 3601
f 3601 4531 3600
f 3600 4531 4532
f 4532 4533 4534
f 3600 4532 4534
f 3600 4534 4535
f 4535 4534 4536
f 4534 4533 4537
f 4536 4534 3500
f 3500 4534 3496
f 4534 4537 4538
f 4534 4538 3587
f 3496 4534 3493
f 4539 4506 4531
f 3593 4539 4531
f 3593 4531 3604
f 3597 4540 4539
f 3597 4539 3593
f 4540 4319 4527
f 4540 4527 4539
f 4539 4527 4506
f 3493 4534 4541
f 3493 4541 4542
f 4534 3587 3599
f 4534 3599 4541
f 4541 3599 3479
f 4542 4541 3598
f 3598 4541 4543
f 4541 3479 4320
f 4541 4320 4543
f 4543 4320 4319
f 4543 4319 4540
f 3598 4543 4540
f 3598 4540 3597
f 3229 4503 4544
f 4503 4502 4544
f 4544 4502 4491
f 3233 4504 4545
f 3233 4506 4504
f 4545 4504 4503
f 4545 4503 3229
f 3230 4546 4548
f 3232 4549 3230
f 4549 4547 4546
f 3230 4549 4546
f 3229 4544 4549
f 3229 4549 3232
f 4531 4506 3233
f 3230 4548 4531
f 4548 4533 4532
f 4548 4532 4531
f 3230 4531 3233
f 3217 4550 4488
f 3217 4488 3215
f 4488 1759 3213
f 3215 4488 3213
f 4551 4552 4488
f 4551 4488 4553
f 4552 4491 4489
f 4552 4489 4488
f 4553 4488 4550
f 4553 4550 3217
f 3223 4554 3218
f 3218 4554 4555
f 3218 4555 4556
f 3218 4556 3227
f 3213 1759 433
f 4557 3213 3228
f 3228 3213 4554
f 3228 4554 3222
f 3213 433 4554
f 4554 433 1823
f 3222 4554 3223
f 3227 4556 4549
f 3227 4549 3224
f 4556 4547 4549
f 3224 4549 4544
f 4544 4491 4552
f 3224 4544 4552
f 3224 4552 4551
f 4560 4561 4562
f 4560 4562 4563
f 4561 1634 4378
f 4561 4378 4562
f 4563 4562 4564
f 4564 4562 4565
f 4562 4378 4358
f 4562 4358 4566
f 4565 4562 4566
f 4565 4566 4567
f 4568 4569 4570
f 4569 4571 1845
f 4569 1845 4572
f 4570 4569 4572
f 4570 4572 4573
f 4574 4575 4569
f 4574 4569 4576
f 4575 4577 4571
f 4575 4571 4569
f 4576 4569 4568
f 4578 4579 4580
f 4579 4577 4575
f 4580 4579 4575
f 4580 4575 4574
f 4567 4566 4581
f 4567 4581 4582
f 4566 4358 4579
f 4566 4579 4581
f 4582 4581 4579
f 4582 4579 4578
f 4583 4584 4585
f 4584 1859 1634
f 4584 1634 4561
f 4585 4584 4561
f 4585 4561 4560
f 4573 4572 4584
f 4573 4584 4586
f 4572 1845 1861
f 4572 1861 4584
f 4584 1861 1859
f 4586 4584 4583
f 4587 4588 4589
f 4587 4589 4590
f 4588 4358 4357
f 4588 4357 4589
f 4589 4357 4591
f 4590 4589 4591
f 4590 4591 4592
f 4592 4591 4593
f 4592 4593 4594
f 4591 4357 4593
f 4593 4357 4334
f 4593 4334 4595
f 4594 4593 4595
f 4594 4595 4596
f 4597 4598 4599
f 4597 4599 4600
f 4598 4601 4599
f 4599 4601 4577
f 4599 4577 4602
f 4600 4599 4602
f 4600 4602 4603
f 4604 4605 4606
f 4604 4606 4607
f 4605 4608 4601
f 4605 4601 4606
f 4606 4601 4598
f 4607 4606 4598
f 4607 4598 4597
f 4609 4610 4611
f 4610 4608 4605
f 4611 4610 4605
f 4611 4605 4604
f 4596 4595 4610
f 4596 4610 4612
f 4612 4610 4609
f 4603 4602 4613
f 4603 4613 4614
f 4602 4577 4579
f 4602 4579 4613
f 4613 4579 4615
f 4614 4613 4615
f 4615 4579 4358
f 4615 4358 4588
f 4614 4615 4588
f 4614 4588 4587
f 4616 4617 4618
f 4616 4618 4619
f 4617 3515 4618
f 4619 4618 4620
f 4619 4620 4621
f 4621 4620 4622
f 4621 4622 4623
f 4623 4622 4625
f 3410 4626 4627
f 3410 4627 3425
f 4626 4608 4610
f 4626 4610 4627
f 4627 4610 4595
f 3425 4627 4595
f 4595 4334 4628
f 3425 4595 4628
f 3425 4628 3414
f 3407 4629 4630
f 3407 4630 3408
f 4629 4631 4630
f 4630 4631 4608
f 4630 4608 4626
f 3408 4630 4626
f 3408 4626 3410
f 4625 4622 4632
f 4625 4632 4633
f 4622 4624 4634
f 4622 4634 4632
f 4632 4634 4631
f 4632 4631 4629
f 4633 4632 4629
f 4633 4629 3407
f 3414 4628 4635
f 3414 4635 3415
f 4628 4334 4340
f 4628 4340 4635
f 4635 4340 4636
f 3415 4635 4636
f 3415 4636 3417
f 3417 4636 4637
f 4636 4340 3515
f 4636 3515 4617
f 4637 4636 4617
f 4637 4617 4616
f 4268 4638 4639
f 4638 1914 4640
f 4639 4638 4640
f 4639 4640 4641
f 4264 4642 4638
f 4264 4638 4265
f 4642 4643 4638
f 4265 4638 4268
f 4644 4645 4571
f 4644 4571 4646
f 4645 1845 4571
f 4646 4571 4271
f 4271 4571 4272
f 4571 4577 4647
f 4272 4571 4647
f 4272 4647 4260
f 4260 4647 4648
f 4260 4648 4261
f 4647 4577 4648
f 4261 4648 4262
f 4262 4648 4649
f 4648 4643 4642
f 4649 4648 4642
f 4649 4642 4264
f 4650 4651 1919
f 4650 1919 4652
f 1919 1845 4645
f 4652 1919 4645
f 4652 4645 4644
f 4641 4640 4651
f 4641 4651 4653
f 4640 1914 4651
f 4651 1914 1919
f 4653 4651 4650
f 4654 4655 4656
f 4654 4656 4657
f 4655 4658 4659
f 4655 4659 4656
f 4656 4659 4643
f 4656 4643 4660
f 4657 4656 4660
f 4657 4660 4661
f 4662 4663 4664
f 4662 4664 4665
f 4663 4666 4658
f 4663 4658 4664
f 4664 4658 4655
f 4665 4664 4655
f 4665 4655 4654
f 4248 4667 4668
f 4248 4668 4249
f 4667 4577 4601
f 4667 4601 4668
f 4249 4668 4251
f 4251 4668 4669
f 4668 4601 4608
f 4668 4608 4670
f 4669 4668 4670
f 4669 4670 4254
f 4254 4670 4671
f 4254 4671 4255
f 4670 4608 4671
f 4255 4671 4256
f 4256 4671 4672
f 4256 4672 4673
f 4672 4666 4663
f 4673 4672 4663
f 4673 4663 4662
f 4258 4674 4648
f 4258 4648 4259
f 4648 4577 4667
f 4259 4648 4667
f 4259 4667 4248
f 4661 4660 4674
f 4661 4674 4675
f 4660 4643 4648
f 4660 4648 4674
f 4675 4674 4258
f 3073 4676 4638
f 3073 4638 3070
f 4676 1914 4638
f 3070 4638 3069
f 3069 4638 4677
f 3069 4677 4678
f 4677 4638 4643
f 4678 4677 4679
f 4680 4681 4682
f 4680 4682 4683
f 3076 4680 4683
f 3076 4683 3074
f 4679 4677 4680
f 4679 4680 4684
f 4677 4643 4681
f 4677 4681 4680
f 4684 4680 3076
f 3064 4676 3073
f 3064 1914 4676
f 3067 4685 3064
f 3067 3064 3065
f 4685 1958 3064
f 3064 1958 1914
f 3074 4683 4686
f 4686 4683 4687
f 4686 4687 3068
f 4687 1958 4685
f 3068 4687 4685
f 3068 4685 3067
f 4688 4690 4691
f 4558 4559 3429
f 4558 3429 3428
f 4700 4702 4701
f 3188 4706 1980
f 3188 1980 403
f 3189 4707 4706
f 3189 4706 3188
f 3190 4710 4709
f 4709 4710 4707
f 4709 4707 3189
f 3190 4709 3189
f 4712 4713 3432
f 4711 4712 3432
f 4711 3432 3431
f 4714 4710 3191
f 3191 4710 3190
f 4706 4698 4718
f 4706 4718 1980
f 4707 4720 4706
f 4707 4693 4698
f 4707 4698 4720
f 4706 4720 4698
f 4692 4693 4707
f 4710 4692 4707
f 4726 5174 4725
f 5174 4727 4725
f 4725 4727 4728
f 4725 4728 4714
f 4698 4729 4718
f 4718 4729 2005
f 4718 2005 1980
f 4714 4728 4692
f 4714 4692 4710
f 3435 4555 4554
f 4554 1823 2013
f 3435 4554 2013
f 3435 2013 3434
f 4708 4732 4556
f 4732 4547 4556
f 4708 4556 4555
f 4708 4555 3435
f 4733 4547 4732
f 4708 4733 4732
f 3431 4734 4711
f 4711 4734 4735
f 4711 4735 4737
f 4737 4735 4733
f 4735 4736 4733
f 3433 3434 4734
f 3433 4734 3431
f 3434 2013 2019
f 3434 2019 4734
f 4734 2019 2015
f 4704 4548 4546
f 4546 4547 4738
f 4704 4546 4738
f 4704 4738 3430
f 4704 4739 4548
f 4739 4533 4548
f 3430 4738 3428
f 4738 4547 4733
f 4740 4741 4704
f 4741 4533 4739
f 4704 4741 4739
f 4742 4743 4558
f 3428 4738 4742
f 3428 4742 4558
f 4738 4733 4742
f 4742 4733 4736
f 4558 4743 4744
f 4558 4744 4740
f 4746 3587 4747
f 4745 4746 4747
f 4745 4747 3442
f 3438 4748 4741
f 3438 4741 3437
f 4748 4533 4741
f 3437 4741 3436
f 4749 4537 4533
f 4749 4533 4748
f 3439 4749 4748
f 3439 4748 3438
f 3442 4747 4749
f 3442 4749 3439
f 4747 3587 4538
f 4747 4538 4749
f 4749 4538 4537
f 4750 4726 4751
f 4700 4750 4751
f 4700 4751 4752
f 4703 4753 4701
f 4701 4753 4750
f 4701 4750 4700
f 4752 4751 4745
f 4751 4726 4745
f 3436 4741 4753
f 3436 4753 4703
f 4741 4740 4744
f 4741 4744 4753
f 4753 4744 4743
f 4754 5190 4721
f 4695 4734 4691
f 4697 4736 4735
f 4697 4735 4734
f 4695 4697 4734
f 4691 4734 4688
f 4734 2015 2037
f 4688 4734 4754
f 4734 2037 4754
f 4754 2037 2490
f 4755 4756 4699
f 4730 4755 4699
f 4742 4736 4723
f 4724 4743 4742
f 4724 4742 4723
f 4723 4736 4697
f 4723 4697 4730
f 4697 4719 4721
f 4697 4721 4730
f 4730 4721 5190
f 4699 4756 4757
f 4758 4759 4717
f 4717 4759 4694
f 4715 4760 4750
f 4715 4750 4761
f 4760 4726 4750
f 4761 4750 4731
f 4731 4750 4753
f 4715 4726 4760
f 4753 4743 4724
f 4753 4724 4757
f 4717 4694 4726
f 4717 4726 4716
f 4716 4726 4715
f 4753 4757 4756
f 4753 4756 4758
f 4731 4753 4758
f 3956 3580 3578
f 3956 3578 3940
f 3590 3854 3591
f 3850 3963 3854
f 3573 3591 3854
f 3573 3854 3963
f 2949 2958 4291
f 4767 4768 4769
f 4769 4768 3105
f 2963 4280 4285
f 4666 4298 4777
f 4666 4777 4778
f 3115 3116 4280
f 3118 4779 3116
f 4280 3116 4779
f 4299 2969 2968
f 4299 2968 2967
f 4299 4780 4291
f 4666 4291 4780
f 4297 2967 2966
f 4297 2966 2963
f 4297 2963 4285
f 4284 4297 4285
f 4280 4784 4285
f 4784 4785 4786
f 4784 4786 4287
f 4784 4287 4286
f 4285 4784 4286
f 4282 4281 4777
f 4284 4282 4777
f 4284 4777 4298
f 4666 4780 4298
f 4299 4297 4780
f 4298 4780 4297
f 3118 4787 4779
f 4785 4784 4787
f 4280 4779 4787
f 4280 4787 4784
f 3070 4788 3066
f 3070 3071 4788
f 3066 4788 4789
f 3066 4789 3065
f 3065 4789 3068
f 4788 4790 4789
f 4790 3076 3075
f 4789 4790 3075
f 4789 3075 3068
f 3071 4790 4788
f 4790 3071 3076
f 3076 3071 4684
f 4684 3071 4679
f 4679 3071 4678
f 4678 3071 3069
f 3068 3075 4686
f 4686 3075 3074
f 3072 3070 3066
f 3072 3066 3073
f 3073 3066 3064
f 4644 4646 4791
f 4646 4271 4273
f 4646 4273 4792
f 4791 4646 4792
f 4268 4639 4793
f 4639 4641 4794
f 4639 4794 4793
f 4268 4793 4794
f 4268 4794 4269
f 4649 4264 4267
f 4649 4267 4270
f 4661 4675 4795
f 4675 4258 4796
f 4795 4675 4796
f 4673 4662 4797
f 4673 4797 4798
f 4256 4673 4798
f 4256 4798 4257
f 4251 4669 4252
f 4662 4665 4799
f 4662 4799 4797
f 4665 4654 4799
f 4799 4654 4800
f 4799 4800 4798
f 4797 4799 4798
f 4801 4291 4802
f 4801 4802 4803
f 4802 4291 4666
f 4802 4666 4804
f 4803 4802 4804
f 4803 4804 4805
f 4806 4807 4291
f 4806 4291 4808
f 4807 4292 4291
f 4808 4291 4801
f 4239 4809 4810
f 4239 4810 4240
f 4809 4608 4631
f 4809 4631 4810
f 4810 4631 4811
f 4240 4810 4811
f 4240 4811 4241
f 4241 4811 4812
f 4241 4812 4813
f 4811 4631 4634
f 4811 4634 4812
f 4812 4634 4624
f 4812 4624 4814
f 4813 4812 4814
f 4813 4814 4243
f 4243 4814 4815
f 4243 4815 4244
f 4814 4624 4815
f 4244 4815 4245
f 4245 4815 4816
f 4815 4292 4807
f 4816 4815 4807
f 4816 4807 4806
f 4671 4608 4809
f 4247 4671 4809
f 4247 4809 4239
f 4805 4804 4817
f 4805 4817 4818
f 4804 4666 4672
f 4804 4672 4817
f 4817 4672 4671
f 4818 4817 4671
f 4818 4671 4247
f 4819 4820 4294
f 4819 4294 4821
f 4820 4293 4294
f 4294 4292 4822
f 4821 4294 4822
f 4821 4822 4233
f 4231 4823 4824
f 4231 4824 4825
f 4823 4826 4293
f 4823 4293 4824
f 4824 4293 4820
f 4825 4824 4820
f 4825 4820 4819
f 4237 4827 4828
f 4237 4828 4238
f 4827 4624 4829
f 4827 4829 4828
f 4828 4829 4830
f 4238 4828 4830
f 4238 4830 4225
f 4225 4830 4831
f 4225 4831 4226
f 4830 4829 4832
f 4830 4832 4831
f 4831 4832 3168
f 4831 3168 4833
f 4226 4831 4833
f 4226 4833 4227
f 4227 4833 4834
f 4227 4834 4835
f 4833 3168 4834
f 4835 4834 4229
f 4229 4834 4836
f 4229 4836 4230
f 4836 4826 4823
f 4230 4836 4823
f 4230 4823 4231
f 4235 4837 4838
f 4837 4815 4624
f 4837 4624 4827
f 4838 4837 4827
f 4838 4827 4237
f 4233 4822 4837
f 4233 4837 4234
f 4822 4292 4815
f 4822 4815 4837
f 4234 4837 4235
f 4623 4625 4839
f 4621 4623 4840
f 4818 4247 4841
f 4805 4818 4841
f 4241 4813 4242
f 4842 4843 4844
f 4843 4247 4239
f 4843 4239 4240
f 4844 4843 4240
f 4844 4240 4242
f 4803 4805 4845
f 4801 4803 4845
f 4231 4825 4274
f 4825 4819 4276
f 4825 4276 4274
f 4806 4846 4847
f 4806 4847 4816
f 4846 4801 4848
f 4846 4848 4847
f 4847 4848 4842
f 4847 4842 4849
f 4816 4847 4849
f 4816 4849 4245
f 4838 4237 4850
f 4235 4838 4850
f 4835 4229 4851
f 4227 4835 4851
f 4353 3368 3370
f 4351 4353 4852
f 4381 3396 3398
f 4381 3398 3402
f 3404 4381 3405
f 4377 3385 3387
f 3399 4377 3400
f 4370 4373 4853
f 4373 3391 3395
f 4373 3395 4854
f 4853 4373 4854
f 3334 3331 4855
f 3334 4855 4856
f 3331 3333 4857
f 3331 4857 4855
f 4855 4857 4858
f 4855 4858 4859
f 4856 4855 4859
f 4856 4859 3348
f 3348 4859 4860
f 3348 4860 3347
f 4859 4858 4861
f 4859 4861 4860
f 4860 4861 3340
f 4860 3340 3339
f 3347 4860 3339
f 3347 3339 3338
f 4858 4862 4863
f 4858 4863 4861
f 4862 3344 3343
f 4862 3343 4863
f 4863 3343 3342
f 4863 3342 4864
f 4861 4863 4864
f 4861 4864 3340
f 3333 4865 4866
f 3333 4866 4857
f 4865 4867 4866
f 4866 4867 3344
f 4866 3344 4862
f 4857 4866 4862
f 4857 4862 4858
f 3336 3335 4398
f 3335 3334 4856
f 3335 4856 4398
f 4398 4856 3348
f 4398 3348 3346
f 3345 3344 4867
f 3345 4867 4396
f 4396 4867 4389
f 3340 4864 4392
f 4392 4864 3342
f 4392 3342 3341
f 4389 4867 4387
f 4867 4865 4387
f 4387 4865 3333
f 4387 3333 3330
f 3274 3278 4868
f 3274 4868 3273
f 3278 3280 4869
f 3278 4869 4868
f 4868 4869 4870
f 4868 4870 4871
f 3273 4868 4871
f 3273 4871 3275
f 3275 4871 4872
f 3275 4872 4873
f 4871 4870 4874
f 4871 4874 4872
f 4872 4874 3284
f 4872 3284 3283
f 4873 4872 3283
f 4873 3283 3282
f 4870 4875 4876
f 4870 4876 4874
f 4875 3289 3287
f 4875 3287 4876
f 4876 3287 3288
f 4876 3288 4877
f 4874 4876 4877
f 4874 4877 3284
f 3280 4878 4879
f 3280 4879 4869
f 4878 4880 4881
f 4878 4881 4879
f 4879 4881 3289
f 4879 3289 4875
f 4869 4879 4875
f 4869 4875 4870
f 3290 3289 4881
f 3290 4881 4446
f 4446 4881 4880
f 4446 4880 4438
f 3284 4877 4442
f 4877 3288 3286
f 4442 4877 3286
f 4442 3286 3285
f 4438 4880 4436
f 4880 4878 4436
f 4436 4878 3280
f 4436 3280 3277
f 3276 3275 4873
f 3276 4873 4450
f 4450 4873 3282
f 4450 3282 3281
f 3204 3202 4882
f 3204 4882 4883
f 3202 3203 4884
f 3202 4884 4882
f 4882 4884 4885
f 4882 4885 4886
f 4883 4882 4886
f 4883 4886 3207
f 3207 4886 4887
f 3207 4887 3208
f 4886 4885 4888
f 4886 4888 4887
f 4887 4888 3212
f 4887 3212 3211
f 3208 4887 3211
f 3208 3211 3209
f 4885 4889 4890
f 4885 4890 4888
f 4889 3199 3198
f 4889 3198 4890
f 4890 3198 3197
f 4890 3197 4891
f 4888 4890 4891
f 4888 4891 3212
f 3203 4892 4893
f 3203 4893 4884
f 4892 4894 4895
f 4892 4895 4893
f 4893 4895 3199
f 4893 3199 4889
f 4884 4893 4889
f 4884 4889 4885
f 3212 4891 4495
f 4495 4891 3197
f 4495 3197 3196
f 3206 3205 4501
f 3205 3204 4883
f 3205 4883 4501
f 4501 4883 3207
f 4492 4894 4490
f 4894 4892 4490
f 4490 4892 3203
f 4490 3203 3201
f 3200 3199 4895
f 3200 4895 4497
f 4497 4895 4894
f 4497 4894 4492
f 4896 4897 3225
f 4896 3217 4897
f 3225 4897 3224
f 4897 3221 3224
f 4898 3222 3221
f 4897 4898 3221
f 3217 3216 4898
f 3217 4898 4897
f 3216 3214 4898
f 4898 3214 3222
f 4551 4896 3224
f 4896 3225 3224
f 3228 3222 3214
f 3228 3214 4557
f 4557 3214 3213
f 3227 3226 4899
f 3227 4899 3218
f 3226 3224 4899
f 4899 3224 3221
f 4899 3221 3219
f 3218 4899 3219
f 3217 4900 4553
f 3217 4896 4900
f 4553 4900 4896
f 4553 4896 4551
f 4901 4708 3435
f 4901 3435 3434
f 4901 3434 3433
f 3433 3432 4901
f 4901 3432 4713
f 4901 4713 4708
f 4737 4902 4712
f 4737 4712 4711
f 4902 4713 4712
f 4708 4902 4733
f 4708 4713 4902
f 4733 4902 4737
f 4903 4722 4697
f 4689 4904 4722
f 4689 4722 4903
f 4690 4688 4689
f 4690 4689 4903
f 4690 4903 4696
f 4696 4903 4695
f 4695 4903 4697
f 4721 4722 4904
f 4721 4904 4754
f 4719 4697 4722
f 4719 4722 4721
f 4754 4904 4688
f 4904 4689 4688
f 4691 4690 4695
f 4695 4690 4696
f 4906 4907 4908
f 4906 4908 4909
f 4905 4906 4909
f 4905 4909 4910
f 4905 4911 4912
f 4905 4912 4906
f 4911 4913 4914
f 4911 4914 4912
f 4912 4914 4915
f 4912 4915 4916
f 4906 4912 4916
f 4906 4916 4907
f 4360 4363 4917
f 4363 3380 3384
f 4363 3384 4918
f 4917 4363 4918
f 3382 4367 3383
f 4367 3374 3379
f 4367 3379 4919
f 3383 4367 4919
f 4364 4360 4917
f 3371 4364 3372
f 3326 4920 4921
f 3326 4921 3327
f 4920 3318 4922
f 4920 4922 4921
f 4921 4922 4923
f 4921 4923 4924
f 3327 4921 4924
f 3327 4924 3328
f 3328 4924 4925
f 3328 4925 4926
f 4924 4923 4927
f 4924 4927 4925
f 4925 4927 3321
f 4925 3321 4928
f 4926 4925 4928
f 4923 4929 4930
f 4923 4930 4927
f 4929 3324 3322
f 4929 3322 4930
f 4930 3322 3320
f 4927 4930 3320
f 4927 3320 3321
f 3318 3317 4931
f 3318 4931 4922
f 3317 3316 3325
f 3317 3325 4931
f 4931 3325 3324
f 4931 3324 4929
f 4922 4931 4929
f 4922 4929 4923
f 3329 3328 4926
f 3329 4926 4412
f 4412 4926 4407
f 3323 3322 4410
f 4410 3322 3324
f 4407 4926 4406
f 4926 4928 4406
f 4406 4928 3321
f 4406 3321 3319
f 3318 4920 4401
f 4401 4920 3326
f 4932 3267 4934
f 4932 4934 4933
f 4932 4933 3261
f 3261 4933 4935
f 3261 4935 3262
f 4933 4934 4936
f 4933 4936 4935
f 4935 4936 3270
f 4935 3270 3263
f 3262 4935 3263
f 4934 4937 4936
f 4937 3259 3258
f 4937 3258 3257
f 4937 3257 3269
f 4936 4937 3269
f 4936 3269 3270
f 3267 3266 4937
f 3267 4937 4934
f 3266 3265 4938
f 3266 4938 4937
f 4937 4938 3259
f 3264 3263 4458
f 4458 3263 3270
f 4458 3270 3268
f 3267 4932 4454
f 4454 4932 4451
f 4451 4932 4466
f 4466 4932 3261
f 3260 3259 4938
f 3260 4938 4464
f 4464 4938 3265
f 3235 4939 3236
f 3235 3234 4939
f 3236 4939 4940
f 3236 4940 4941
f 4940 4939 3240
f 4940 3240 3239
f 4941 4940 3239
f 4941 3239 3238
f 4942 3243 3242
f 4942 3242 4943
f 4939 4942 4943
f 4939 4943 3240
f 3234 4944 4942
f 3234 4942 4939
f 4942 4944 3243
f 3244 3243 4944
f 3244 4944 4513
f 4513 4944 4507
f 3241 3236 4941
f 3241 4941 4511
f 4511 4941 3238
f 3240 4943 4510
f 4510 4943 3242
f 4507 4944 4505
f 4505 4944 3234
f 3233 3229 4945
f 3233 4945 3231
f 4945 3232 3231
f 3229 3232 4945
f 3233 4946 3230
f 3230 4946 3231
f 4946 3233 3231
f 3229 3233 4545
f 3428 3429 4947
f 4947 4948 4705
f 3429 4559 4947
f 4947 4559 4948
f 3430 3428 4947
f 3430 4947 4704
f 4704 4947 4705
f 4740 4948 4559
f 4740 4559 4949
f 4740 4949 4558
f 4949 4559 4558
f 4704 4705 4948
f 4704 4948 4740
f 4723 4950 4951
f 4950 4699 4951
f 4951 4699 4724
f 4723 4730 4699
f 4723 4699 4950
f 4724 4699 4757
f 4723 4951 4724
f 3410 3425 3411
f 3425 3427 3412
f 3411 3425 3412
f 4637 4616 4952
f 4637 4952 4953
f 4625 4633 4954
f 4625 4954 4839
f 4633 3407 4954
f 4954 3407 3413
f 4954 3413 4955
f 4839 4954 4955
f 3351 4343 3352
f 4343 3361 3363
f 4343 3363 4956
f 3352 4343 4956
f 3352 4956 3353
f 3358 4337 4957
f 4337 4321 4958
f 4337 4958 4957
f 4957 4958 4959
f 4957 4959 4960
f 3358 4957 4960
f 3358 4960 3359
f 4327 4329 4961
f 4329 3364 3366
f 4329 3366 4961
f 4961 3366 3367
f 4327 4961 3367
f 4327 3367 4962
f 3302 3309 4963
f 3302 4963 3303
f 3309 3308 4964
f 3309 4964 4963
f 4963 4964 4965
f 4963 4965 4966
f 3303 4963 4966
f 3303 4966 3304
f 3304 4966 4967
f 3304 4967 4968
f 4966 4965 4969
f 4966 4969 4967
f 4967 4969 3315
f 4967 3315 3314
f 4968 4967 3314
f 4968 3314 3311
f 4965 4970 4971
f 4965 4971 4969
f 4970 3297 3296
f 4970 3296 4971
f 4971 3296 3295
f 4969 4971 3295
f 4969 3295 3315
f 3308 4972 4973
f 3308 4973 4964
f 4972 4974 4973
f 4973 4974 3297
f 4973 3297 4970
f 4964 4973 4970
f 4964 4970 4965
f 3315 4975 4424
f 3315 3295 4975
f 4975 3295 3292
f 4424 4975 3292
f 4424 3292 3291
f 4420 4974 4976
f 4420 4976 4417
f 4974 4972 4976
f 4976 4972 3308
f 4976 3308 3305
f 4417 4976 3305
f 3304 4968 4430
f 4430 4968 3311
f 4430 3311 3310
f 3297 4974 4426
f 4426 4974 4420
f 4486 4467 4977
f 4484 4477 4978
f 4484 4978 4979
f 3251 4484 3252
f 4477 4480 4978
f 4480 3245 3248
f 4480 3248 4980
f 4978 4480 4980
f 4978 4980 4979
f 4472 4474 4981
f 4982 4983 4984
f 4982 4984 4985
f 4983 3663 3661
f 4983 3661 4984
f 4984 3661 3662
f 4984 3662 4986
f 4985 4984 4986
f 4985 4986 4987
f 4988 4989 4990
f 4988 4990 4991
f 4989 3670 4992
f 4989 4992 4990
f 4990 4992 4987
f 4990 4987 4986
f 4991 4990 4986
f 4991 4986 3662
f 4982 4985 4993
f 4982 4993 4994
f 4985 4987 4995
f 4985 4995 4993
f 4993 4995 3609
f 4993 3609 3608
f 4994 4993 3608
f 4994 3608 3606
f 3669 3673 4996
f 3669 4996 3668
f 3673 3609 4995
f 3673 4995 4996
f 4996 4995 4987
f 4996 4987 4992
f 3668 4996 4992
f 3668 4992 3670
f 3665 3664 4525
f 3664 3663 4983
f 3664 4983 4525
f 4525 4983 4982
f 4525 4982 4523
f 3670 4989 4521
f 4521 4989 4988
f 4521 4988 4517
f 4517 4988 4515
f 4988 4991 4515
f 4515 4991 3662
f 4515 3662 3660
f 4523 4994 4530
f 4523 4982 4994
f 4530 4994 3606
f 4530 3606 3605
f 3598 3595 4997
f 3601 3602 4997
f 3601 4997 3595
f 4997 3498 3497
f 4997 3497 3598
f 4998 3498 4997
f 4998 4997 3602
f 4535 4999 3600
f 4999 4998 3602
f 4999 3602 3600
f 3598 3497 4542
f 4542 3497 3494
f 4542 3494 3493
f 3604 3603 5000
f 3604 5000 3593
f 3603 3601 5000
f 5000 3601 3595
f 5000 3595 3593
f 3500 3499 5001
f 3500 5001 4536
f 3499 3498 4998
f 3499 4998 5001
f 5001 4998 4999
f 4536 5001 4999
f 4536 4999 4535
f 3441 5003 5002
f 3441 3437 5003
f 5003 3437 3436
f 5002 5004 4702
f 5002 4702 3441
f 3436 4703 5004
f 3436 5004 5003
f 4703 4701 5004
f 5004 4701 4702
f 5003 5004 5002
f 4745 3441 4702
f 4745 4702 4752
f 4752 4702 4700
f 3438 3437 5005
f 3438 5005 3439
f 3437 3441 5005
f 5005 3441 3439
f 3442 3441 4745
f 4731 5006 4715
f 4731 5007 5006
f 4731 5008 5007
f 5007 5008 4717
f 5007 4717 5006
f 5006 4717 4716
f 5006 4716 4715
f 4761 4731 4715
f 4717 5008 4758
f 4758 5008 4731
f 3457 5009 5010
f 3457 5010 3454
f 5009 5011 5010
f 3454 5010 3453
f 3453 5010 5012
f 3453 5012 5013
f 5012 5010 3521
f 5012 3521 5014
f 5013 5012 5014
f 5013 5014 5015
f 3464 5016 4425
f 3464 4425 3461
f 4425 4418 5017
f 3461 4425 5017
f 3461 5017 3458
f 3465 5018 5019
f 3465 5019 5020
f 5018 4330 4425
f 5018 4425 5019
f 5019 4425 5016
f 5020 5019 5016
f 5020 5016 3464
f 3473 5021 3468
f 5021 4330 5018
f 3468 5021 5018
f 3468 5018 3465
f 5015 5014 5021
f 5015 5021 5022
f 5014 3521 5021
f 5022 5021 3473
f 3458 5017 5023
f 3458 5023 3477
f 5017 4418 5023
f 5023 4418 5024
f 3477 5023 5024
f 3477 5024 3474
f 3474 5024 5025
f 5024 5011 5009
f 5025 5024 5009
f 5025 5009 3457
f 3616 5026 4481
f 3616 4481 5027
f 4481 3490 5028
f 5027 4481 5028
f 5027 5028 3633
f 3620 5029 5030
f 3620 5030 3617
f 5029 4418 4481
f 5029 4481 5030
f 5030 4481 5026
f 3617 5030 5026
f 3617 5026 3616
f 3621 4418 5031
f 5031 4418 5029
f 5031 5029 3620
f 3610 5032 5033
f 3610 5033 3623
f 5032 5011 5024
f 5032 5024 5033
f 5033 5024 4418
f 3623 5033 4418
f 3623 4418 3621
f 3626 3487 5034
f 3487 3486 5035
f 5034 3487 5035
f 5034 5035 5036
f 3633 5028 5037
f 3633 5037 3628
f 5028 3490 3489
f 5028 3489 5037
f 5037 3489 3487
f 3628 5037 3487
f 3628 3487 3626
f 3615 5038 5039
f 3615 5039 3612
f 5039 5011 5032
f 3612 5039 5032
f 3612 5032 3610
f 5036 5035 5040
f 5036 5040 5041
f 5035 3486 5040
f 5041 5040 5038
f 5041 5038 3615
f 5042 5043 5044
f 5042 3471 5045
f 5042 5045 5043
f 5043 5045 5046
f 5043 5046 5047
f 5044 5043 5047
f 5044 5047 3455
f 3455 5047 5048
f 3455 5048 3454
f 5047 5046 5049
f 5047 5049 5048
f 5048 5049 3478
f 5048 3478 5050
f 3454 5048 5050
f 3454 5050 3456
f 5046 5051 5052
f 5046 5052 5049
f 5051 3464 3463
f 5051 3463 5052
f 5052 3463 3462
f 5049 5052 3462
f 5049 3462 3478
f 3471 3470 5053
f 3471 5053 5045
f 3470 3469 5053
f 5053 3469 3464
f 5053 3464 5051
f 5045 5053 5051
f 5045 5051 5046
f 3457 3456 5054
f 3457 5054 5025
f 3456 5050 5054
f 5054 5050 3478
f 5054 3478 3475
f 5025 5054 3475
f 5025 3475 3474
f 3473 3472 5055
f 3473 5055 5022
f 3472 3471 5042
f 3472 5042 5055
f 5055 5042 5056
f 5022 5055 5056
f 5022 5056 5015
f 3464 3469 5020
f 5020 3469 3466
f 5020 3466 3465
f 5015 5056 5013
f 5056 5042 5044
f 5056 5044 5013
f 5013 5044 3455
f 5013 3455 3453
f 3631 3630 5057
f 3631 5057 5058
f 3630 3629 5059
f 3630 5059 5057
f 5057 5059 5060
f 5057 5060 5061
f 5058 5057 5061
f 5058 5061 3616
f 3616 5061 5062
f 3616 5062 3617
f 5061 5060 5063
f 5061 5063 5062
f 5062 5063 3624
f 5062 3624 5064
f 3617 5062 5064
f 3617 5064 3618
f 5060 5065 5066
f 5060 5066 5063
f 5065 3614 3612
f 5065 3612 5066
f 5066 3612 3613
f 5066 3613 3625
f 5063 5066 3625
f 5063 3625 3624
f 3629 5067 5068
f 3629 5068 5059
f 5067 5069 5070
f 5067 5070 5068
f 5068 5070 3614
f 5068 3614 5065
f 5059 5068 5065
f 5059 5065 5060
f 5036 5069 5071
f 5036 5071 5034
f 5069 5067 5071
f 5071 5067 3629
f 5071 3629 3626
f 5034 5071 3626
f 3620 3619 5072
f 3620 5072 5031
f 3619 3618 5064
f 3619 5064 5072
f 5072 5064 3624
f 5072 3624 3621
f 5031 5072 3621
f 3633 3632 5027
f 3632 3631 5058
f 3632 5058 5027
f 5027 5058 3616
f 3615 3614 5041
f 3614 5070 5041
f 5041 5070 5069
f 5041 5069 5036
f 3095 5073 5074
f 3095 5074 3094
f 5073 4643 4659
f 5073 4659 5074
f 5074 4659 4658
f 5074 4658 5075
f 3094 5074 5075
f 3094 5075 3096
f 3096 5075 5076
f 3096 5076 5077
f 5075 4658 5076
f 5076 4658 4666
f 5076 4666 5078
f 5077 5076 5078
f 5077 5078 5079
f 5080 5081 5082
f 5080 5082 5083
f 5081 4682 4681
f 5081 4681 5082
f 5082 4681 5084
f 5083 5082 5084
f 5084 5085 5086
f 5084 4681 5085
f 5085 4681 4643
f 5085 4643 5073
f 5086 5085 5073
f 5086 5073 3095
f 4290 5087 5088
f 4290 5088 5089
f 5087 5090 5088
f 5088 5090 4682
f 5088 4682 5081
f 5089 5088 5081
f 5089 5081 5080
f 5091 4777 5092
f 5091 5092 5093
f 5092 4777 4281
f 5092 4281 5094
f 5093 5092 5094
f 5093 5094 4288
f 4288 5094 5090
f 4288 5090 4289
f 5094 4281 5090
f 4289 5090 5087
f 4289 5087 4290
f 5079 5078 5095
f 5079 5095 5096
f 5078 4666 4778
f 5078 4778 5095
f 5095 4778 4777
f 5096 5095 4777
f 5096 4777 5091
f 4683 4682 5099
f 4781 4683 5099
f 4781 5099 4782
f 5098 5097 5100
f 5098 5100 4781
f 5097 1958 4687
f 5097 4687 5100
f 5100 4687 4683
f 4781 5100 4683
f 4762 5101 5102
f 2399 1958 5097
f 4782 5099 4762
f 4776 4281 4283
f 4776 4283 4287
f 4776 4287 5103
f 4776 5103 5104
f 3105 5101 4762
f 3105 4762 5099
f 3105 5099 4769
f 5105 5101 3105
f 4767 4682 5090
f 4776 4767 5090
f 4769 5099 4767
f 5099 4682 4767
f 5103 4287 4786
f 5103 4786 4785
f 5090 4281 4776
f 5104 5103 5105
f 5104 5105 3105
f 5103 4785 5105
f 4774 5106 4772
f 4773 5107 4775
f 4770 5102 4773
f 4773 5102 5101
f 4770 4765 5102
f 4772 4765 4770
f 4772 2399 4765
f 2403 2399 4772
f 4775 5107 3050
f 4775 3050 4774
f 5108 4785 4787
f 3050 3053 4774
f 4774 3053 5106
f 5108 3050 5107
f 3119 3121 3053
f 5108 5107 5109
f 5108 5109 4785
f 5107 4773 5109
f 5109 4773 5101
f 5109 5101 5105
f 4785 5109 5105
f 3053 3121 5110
f 5110 3121 317
f 5110 317 2409
f 3053 5110 4772
f 3053 4772 5106
f 5110 2409 4772
f 4772 2409 2403
f 4243 4246 5111
f 4243 5111 4813
f 4246 4245 4849
f 4246 4849 5111
f 5111 4849 4842
f 5111 4842 4844
f 4813 5111 4844
f 4813 4844 4242
f 4276 5112 5113
f 4276 5113 4277
f 5112 4233 4236
f 5112 4236 5113
f 5113 4236 4235
f 5113 4235 5114
f 4277 5113 5114
f 4277 5114 4278
f 4229 4279 5115
f 4229 5115 4851
f 4279 4278 5115
f 5115 4278 4228
f 5115 4228 4226
f 4851 5115 4226
f 4851 4226 4227
f 5084 5086 5116
f 5086 3095 3093
f 5086 3093 5117
f 5116 5086 5117
f 5116 5117 5118
f 5089 5080 5119
f 4290 5089 5119
f 5096 5091 5120
f 5079 5096 5120
f 5121 4776 5122
f 4768 5121 3105
f 3105 5121 5122
f 5121 4768 4767
f 5121 4767 4776
f 5104 5122 4776
f 3105 5123 5104
f 5123 3105 5122
f 5123 5122 5104
f 4782 4762 4764
f 4782 4764 4781
f 4762 5102 4763
f 5102 4765 4763
f 4763 4765 4766
f 4763 4766 4762
f 5098 4781 4783
f 2399 5097 4765
f 4765 5097 5124
f 5108 4787 3057
f 5108 3057 3050
f 4787 3118 3047
f 4787 3047 3057
f 5125 4771 4772
f 5125 4775 4774
f 5125 4774 4771
f 4770 4773 5125
f 5125 4773 4775
f 4772 4771 4774
f 4770 5125 4772
f 5126 5127 5128
f 5128 5127 5129
f 5128 5129 3554
f 3554 5129 5130
f 3554 5130 3555
f 3558 5010 5131
f 5010 5011 5127
f 5131 5010 5127
f 5131 5127 5126
f 5132 3521 5010
f 3558 5132 5010
f 3555 3552 5133
f 3552 3551 3568
f 5133 3552 3568
f 5133 3568 3562
f 5130 3540 3550
f 5130 3550 3552
f 3555 5130 3552
f 3565 3569 5134
f 3569 3521 5132
f 5134 3569 5132
f 5134 5132 3558
f 3562 3568 3569
f 3562 3569 3563
f 3563 3569 3565
f 5135 5129 5127
f 5135 5127 5136
f 5127 5011 5137
f 5136 5127 5137
f 5136 5137 3634
f 5138 5139 5140
f 5138 5140 5141
f 5139 3540 5130
f 5139 5130 5140
f 5140 5130 5129
f 5141 5140 5129
f 5141 5129 5135
f 3646 5142 5143
f 3646 5143 5144
f 5142 3987 3990
f 5142 3990 5143
f 5143 3990 3652
f 5143 3652 5145
f 5144 5143 5145
f 5144 5145 3639
f 3643 5146 5147
f 3643 5147 3644
f 5146 3486 3988
f 5146 3988 5147
f 5147 3988 3987
f 5147 3987 5142
f 3644 5147 5142
f 3644 5142 3646
f 3634 5137 5148
f 3634 5148 3635
f 5137 5011 5039
f 5137 5039 5148
f 5148 5039 5038
f 3635 5148 5038
f 3635 5038 3636
f 3636 5038 5146
f 3636 5146 5149
f 5038 5040 5146
f 5146 5040 3486
f 5149 5146 3643
f 3639 5145 5150
f 3639 5150 3640
f 5145 3652 3653
f 5145 3653 5150
f 5150 3653 3540
f 3640 5150 3641
f 3641 5150 5151
f 5150 3540 5151
f 5151 3540 5139
f 3641 5151 5139
f 3641 5139 5138
f 5138 5141 5152
f 5141 5135 5153
f 5152 5141 5153
f 5152 5153 5154
f 3565 5134 5155
f 5134 3558 3559
f 5134 3559 5155
f 5155 3559 3560
f 3565 5155 3560
f 3565 3560 3566
f 3555 5133 5156
f 5133 3562 3564
f 5133 3564 5156
f 5156 3564 3566
f 5156 3566 3561
f 3555 5156 3561
f 3558 5131 5157
f 3558 5157 3559
f 5131 5126 5158
f 5131 5158 5157
f 5157 5158 5159
f 3559 5157 5159
f 3559 5159 3560
f 3646 5144 3647
f 3181 5160 3182
f 3182 5160 5161
f 3641 5138 5152
f 3641 5152 5162
f 5162 5152 5154
f 5162 5154 3642
f 3641 5162 3642
f 5149 3643 3645
f 3636 5149 3637
f 5167 5165 5164
f 2471 2472 5171
f 4694 5175 5174
f 4694 5174 4726
f 4756 5173 5175
f 4698 5172 5176
f 4698 5176 4729
f 5176 5172 2474
f 4729 5176 2474
f 4729 2474 2005
f 5177 5178 5179
f 4693 5169 5172
f 4693 5172 4698
f 5179 5178 5191
f 5177 5179 5191
f 4692 5181 4693
f 5181 5166 5168
f 5181 5168 5169
f 5181 5169 4693
f 4728 5181 4692
f 4728 5163 5166
f 4728 5166 5181
f 5185 5192 5186
f 5187 5188 5182
f 5174 5189 4727
f 5189 5174 5163
f 5189 5163 4728
f 4727 5189 4728
f 22 2474 5172
f 22 5172 5169
f 2822 5169 5168
f 2822 5168 5166
f 2823 5166 5163
f 2894 5173 4756
f 2894 4756 5164
f 2890 5165 5167
f 2890 5167 5170
f 79 5171 2472
f 2822 2839 5169
f 22 5169 2839
f 2823 2821 5166
f 2822 5166 2821
f 5174 5175 2831
f 5174 2831 5163
f 2832 2831 5175
f 2823 5163 2831
f 2832 5175 5173
f 2894 5164 2896
f 5165 2896 5164
f 2890 2896 5165
f 2890 5170 5171
f 2890 5171 2891
f 79 2891 5171
f 5190 4754 5180
f 4754 2490 5180
f 5180 2490 5191
f 5191 2490 5177
f 2490 2471 5171
f 5177 2490 5171
f 5177 5171 5170
f 5170 5167 5190
f 5177 5170 5190
f 5182 4756 4755
f 5182 4755 5187
f 5187 4755 4730
f 4730 5190 5187
f 5183 4756 5182
f 5185 4756 5183
f 5184 5187 5190
f 5190 5167 5164
f 5190 5164 5186
f 5186 5164 5185
f 5164 4756 5185
f 4694 4759 5175
f 5180 5191 5190
f 5191 5178 5190
f 5190 5178 5177
f 5184 5192 5188
f 5184 5190 5192
f 5188 5192 5183
f 5188 5183 5182
f 5192 5185 5183
f 5187 5184 5188
f 5186 5192 5190
f 4759 4758 4756
f 4759 4756 5175
f 3181 5193 5194
f 3181 5194 5160
f 5193 3515 3514
f 5193 3514 5194
f 5194 3514 3508
f 5194 3508 5195
f 5160 5194 5195
f 5160 5195 5196
f 5195 3508 3505
f 5195 3505 5196
f 5196 3505 3163
f 5196 3163 5197
f 5160 5196 5197
f 5160 5197 5198
f 3177 5199 5200
f 3177 5200 3178
f 5199 4829 5200
f 5200 4829 4624
f 5200 4624 5201
f 3178 5200 5201
f 3178 5201 3179
f 3186 5202 5203
f 3186 5203 5204
f 5202 3168 4832
f 5202 4832 5203
f 5203 4832 4829
f 5203 4829 5199
f 5204 5203 5199
f 5204 5199 3177
f 3180 4620 5193
f 4620 4618 5193
f 5193 4618 3515
f 3180 5193 3181
f 3179 5201 5205
f 3179 5205 5206
f 5201 4624 4622
f 5201 4622 5205
f 5205 4622 4620
f 5206 5205 4620
f 5206 4620 3180
f 3184 5207 3185
f 5207 3165 3168
f 5207 3168 5202
f 3185 5207 5202
f 3185 5202 3186
f 5198 5197 5207
f 5198 5207 5208
f 5197 3163 3165
f 5197 3165 5207
f 5208 5207 3184
f 3449 5209 5210
f 3449 5210 3448
f 5209 3176 3175
f 5209 3175 5210
f 3448 5210 3175
f 3448 3175 3450
f 5208 3184 3187
f 5198 5208 3187
f 5206 3180 3183
f 3179 5206 3183
f 5212 3586 3587
f 5212 3587 4746
f 5211 5212 4746
f 3194 5213 5212
f 5213 3192 3585
f 5213 3585 5212
f 5212 3585 3586
f 3194 5212 5211
f 3193 3191 3192
f 3193 3192 5213
f 3193 5213 3194
f 5211 4746 5214
f 3195 4725 4714
f 5215 4726 4725
f 3195 5215 4725
f 3195 4714 3193
f 3193 4714 3191
f 4746 4745 5214
f 5214 4745 4726
f 5214 4726 5215
f 5214 5215 5216
f 5211 5214 5216
f 3194 5211 5217
f 3194 5217 3193
f 3449 5218 5219
f 3449 5219 5220
f 5218 3521 3520
f 5218 3520 5219
f 5219 3520 3516
f 5219 3516 5221
f 5220 5219 5221
f 5220 5221 3443
f 3443 5221 5222
f 3443 5222 3444
f 5221 3516 5222
f 5222 3516 3515
f 5222 3515 5223
f 3444 5222 5223
f 3444 5223 3445
f 5224 5225 5226
f 5224 5226 5227
f 5225 4330 5021
f 5225 5021 5226
f 5227 5226 5021
f 5227 5021 3447
f 3447 5021 3448
f 5021 3521 5218
f 3448 5021 5218
f 3448 5218 3449
f 3452 5228 4345
f 3452 4345 5229
f 4345 4330 5225
f 5229 4345 5225
f 5229 5225 5224
f 3445 5223 5230
f 3445 5230 3451
f 5223 3515 4345
f 5223 4345 5230
f 5230 4345 5228
f 3451 5230 5228
f 3451 5228 3452
f 3452 5229 3174
f 5229 5224 5231
f 3174 5229 5231
f 5227 3447 3450
f 5227 3450 5232
f 5224 5227 5232
f 4220 5233 5234
f 4220 5234 5235
f 5233 3091 5234
f 5235 5234 5236
f 4218 3060 3092
f 4218 3092 4219
f 3092 3091 5233
f 4219 3092 5233
f 4219 5233 4220
f 4216 3167 5237
f 5237 3167 4221
f 4221 3167 3169
f 4221 3169 4222
f 4222 3169 3161
f 4222 3161 4223
f 4223 3161 4214
f 4223 4214 5238
f 5238 4214 3060
f 5238 3060 4218
f 4834 3168 3167
f 4215 4834 3167
f 4215 3167 4216
f 5236 5234 4834
f 5236 4834 4215
f 5234 4826 4836
f 5234 4836 4834
f 4223 5238 5239
f 5237 4221 5240
f 4216 5237 5240
f 5236 4215 4217
f 3420 3424 5241
f 3420 5241 5242
f 3419 3420 5242
f 3419 5242 5243
f 4808 4801 4846
f 4806 4808 4846
f 4853 4854 5244
f 4853 5244 5245
f 4854 3395 5246
f 4854 5246 5244
f 5244 5246 5247
f 5244 5247 5248
f 5245 5244 5248
f 5245 5248 3389
f 3389 5248 5249
f 3389 5249 3390
f 5248 5247 5250
f 5248 5250 5249
f 5249 5250 3400
f 5249 3400 4377
f 3390 5249 4377
f 3390 4377 3387
f 5247 5251 5252
f 5247 5252 5250
f 5251 3405 4381
f 5251 4381 5252
f 5252 4381 3402
f 5252 3402 3401
f 5250 5252 3401
f 5250 3401 3400
f 3395 3392 5253
f 3395 5253 5246
f 3392 3394 3406
f 3392 3406 5253
f 5253 3406 3405
f 5253 3405 5251
f 5246 5253 5251
f 5246 5251 5247
f 3388 4383 5245
f 4383 4370 4853
f 4383 4853 5245
f 3388 5245 3389
f 4977 5254 5255
f 4977 5255 4486
f 5254 4981 5256
f 5254 5256 5255
f 5255 5256 5257
f 5255 5257 5258
f 4486 5255 5258
f 4486 5258 3255
f 3255 5258 5259
f 3255 5259 3256
f 5258 5257 5260
f 5258 5260 5259
f 5259 5260 3248
f 5259 3248 3246
f 3256 5259 3246
f 3256 3246 3247
f 5257 5261 5262
f 5257 5262 5260
f 5261 3252 4484
f 5261 4484 5262
f 5262 4484 4979
f 5262 4979 4980
f 5260 5262 4980
f 5260 4980 3248
f 4981 4474 5263
f 4981 5263 5256
f 4474 3249 3253
f 4474 3253 5263
f 5263 3253 3252
f 5263 3252 5261
f 5256 5263 5261
f 5256 5261 5257
f 4467 4470 4977
f 4470 4472 4981
f 4470 4981 5254
f 4977 4470 5254
f 2869 87 2861
f 2875 5264 5265
f 2875 5265 2879
f 5264 2564 2563
f 5264 2563 5265
f 5265 2563 88
f 5265 88 2895
f 2879 5265 2895
f 2879 2895 2869
f 2877 2899 2921
f 2921 2920 5266
f 2921 5266 2877
f 2920 116 5266
f 5266 116 2564
f 5266 2564 5264
f 2877 5266 5264
f 2877 5264 2875
f 2936 2940 2938
f 2936 2938 2937
f 2937 2938 2856
f 2937 2856 2855
f 2855 2854 47
f 2855 47 130
f 2946 144 31
f 2946 31 2847
f 2857 2946 2847
f 2857 2847 2836
f 2857 2941 2936
f 2936 2941 2940
f 5267 5269 5270
f 5267 5270 5268
f 4093 5272 5271
f 5271 5272 5273
f 5271 5273 4115
f 4203 4117 4207
f 4207 5267 4206
f 4206 5267 5268
f 4206 5268 5274
f 5274 5268 5270
f 5274 5270 4098
f 4098 5270 5275
f 4098 5275 4101
f 4101 5275 4090
f 4101 4090 4089
f 4094 4093 5276
f 4093 5271 5276
f 5276 5271 4115
f 5276 4115 4114
f 4120 5278 4121
f 5278 5277 4121
f 4121 5277 4123
f 4098 5279 5274
f 5279 5277 5274
f 5274 5280 4206
f 4097 4096 4124
f 4124 4120 4119
f 4206 5280 5281
f 4206 5281 4205
f 5281 4095 4208
f 4205 5281 4208
f 4100 4123 4099
f 4123 5277 5279
f 4099 4123 5279
f 4099 5279 4098
f 4087 5283 5284
f 4087 5284 5282
f 5282 5284 5285
f 5282 5285 4111
f 5286 5288 5289
f 5286 5289 5287
f 5287 5289 5290
f 4094 5290 5291
f 4094 5291 4118
f 5291 4086 4083
f 4118 5291 4083
f 4118 4083 4082
f 4203 4113 4204
f 4204 5286 4114
f 4080 4087 5292
f 4080 5292 4079
f 4087 5282 5292
f 5292 5282 4111
f 4079 5292 4111
f 4079 4111 4081
f 4114 5286 5287
f 4114 5287 5276
f 5276 5287 5290
f 5276 5290 4094
f 3809 5294 5293
f 5293 5294 5295
f 5293 5295 3778
f 3789 5298 3811
f 3811 3807 3806
f 3780 3779 5299
f 5299 5296 3786
f 3802 3809 5293
f 3802 5293 3969
f 5293 3778 3969
f 3786 5296 3790
f 5296 5297 3790
f 3790 5297 5298
f 3790 5298 3789
f 3774 5301 5300
f 5300 5301 3803
f 5302 5304 5303
f 5303 5304 5305
f 5303 5305 3773
f 3777 5306 3776
f 3776 5306 5302
f 3776 5302 3772
f 3806 3805 3812
f 3969 3774 5300
f 3969 5300 3803
f 3969 3803 3802
f 3772 5302 5307
f 3772 5307 3771
f 5302 5303 5307
f 5307 5303 3773
f 3771 5307 3773
f 5308 5310 5309
f 5309 5310 3782
f 5311 5313 5312
f 5312 5313 5314
f 5312 5314 5315
f 3968 5315 3973
f 3973 5308 3814
f 3786 3813 5316
f 3786 5316 5299
f 5299 5316 5311
f 5299 5311 3780
f 3814 5308 3815
f 5308 5309 3815
f 3815 5309 3782
f 3815 3782 3781
f 3780 5311 5312
f 3780 5312 3970
f 3970 5312 5315
f 3970 5315 3968
f 5317 5318 5319
f 5318 5320 5270
f 5319 5318 5270
f 5319 5270 5269
f 5273 5272 5318
f 5273 5318 5321
f 5318 5272 5320
f 5321 5318 5317
f 4117 5322 4207
f 4117 5317 5319
f 4117 5319 5322
f 5322 5319 5269
f 5322 5269 5267
f 4207 5322 5267
f 4090 5323 5324
f 4090 5324 4091
f 5323 5320 5272
f 5323 5272 5324
f 5324 5272 4093
f 4091 5324 4093
f 5270 5325 5275
f 5325 5270 5320
f 5325 5320 5323
f 5275 5325 5323
f 5275 5323 4090
f 4115 5273 5321
f 4115 5321 4116
f 4116 5321 5317
f 4116 5317 4117
f 5285 5284 5326
f 5285 5326 5327
f 5284 5283 5326
f 5326 5283 5328
f 5327 5326 5328
f 5327 5328 5329
f 5329 5328 5330
f 5329 5330 5331
f 5328 5283 5290
f 5328 5290 5330
f 5330 5290 5289
f 5331 5330 5289
f 5331 5289 5288
f 4113 5332 4204
f 4113 5329 5331
f 4113 5331 5332
f 5332 5331 5288
f 5332 5288 5286
f 4204 5332 5286
f 5290 5333 5291
f 5333 5290 5283
f 5333 5283 5334
f 5291 5333 5334
f 5291 5334 4086
f 4086 5334 5335
f 4086 5335 4084
f 5334 5283 5335
f 5335 5283 4087
f 4084 5335 4087
f 4111 5336 4112
f 4111 5285 5327
f 4111 5327 5336
f 5336 5327 5329
f 5336 5329 4113
f 4112 5336 4113
f 5337 5277 5338
f 5337 5338 5339
f 5339 5338 5340
f 5339 5340 5341
f 5338 5277 5340
f 5340 5277 5278
f 5340 5278 5342
f 5341 5340 5342
f 5280 5337 5281
f 5281 5337 5339
f 5281 5339 4095
f 4096 5343 4124
f 4096 5342 5343
f 5343 5342 5278
f 4124 5343 5278
f 4124 5278 4120
f 5277 5337 5274
f 5274 5337 5280
f 4095 5344 4208
f 4095 5339 5341
f 4095 5341 5344
f 5344 5341 5342
f 5344 5342 4096
f 4208 5344 4096
f 5313 5345 5314
f 5314 5345 5346
f 5314 5346 5310
f 5345 5310 5346
f 3813 5313 5316
f 5316 5313 5311
f 5315 5347 3973
f 5315 5314 5310
f 5315 5310 5347
f 5347 5310 5308
f 3973 5347 5308
f 3782 5310 3783
f 3783 5310 5345
f 3783 5345 3784
f 3784 5345 3788
f 5345 5313 3813
f 3788 5345 3813
f 5298 5297 5296
f 5298 5296 5348
f 5295 5298 5348
f 5294 5298 5295
f 3807 5294 3808
f 3808 5294 3809
f 3779 5348 5299
f 5299 5348 5296
f 3778 5349 3969
f 3778 5295 5349
f 5349 5295 5348
f 5349 5348 3779
f 3969 5349 3779
f 3811 5298 5294
f 3811 5294 3807
f 5305 5304 5350
f 5350 5304 5351
f 5305 5350 5301
f 5350 5351 5301
f 3805 5351 3812
f 3812 5351 3777
f 3777 5351 5304
f 3777 5304 5306
f 5306 5304 5302
f 3773 5352 3774
f 3773 5305 5352
f 5352 5305 5301
f 5352 5301 3774
f 3803 5301 5353
f 3803 5353 3804
f 5353 5301 5351
f 3804 5353 5351
f 3804 5351 3805
f 4592 4594 3422
f 4592 3422 3421
f 4594 4596 3423
f 4594 3423 3422
f 4604 4607 5354
f 4607 4597 5243
f 4607 5243 5242
f 5354 4607 5242
f 5354 5242 5241
f 4596 4612 3423
f 4612 4609 3424
f 3423 4612 3424
f 4578 4907 4582
f 4907 4916 4582
f 4582 4916 4915
f 4582 4915 4567
f 4560 5355 4585
f 4585 5355 4583
f 4564 4913 4563
f 4573 5356 4570
f 5356 5357 4570
f 4570 5357 4910
f 4570 4910 4568
f 4614 4587 5358
f 4614 5358 5359
f 4905 4910 5357
f 4905 5357 5360
f 5360 5357 5356
f 5360 5356 5361
f 5360 5361 5355
f 4905 5360 5362
f 4905 5362 4911
f 5360 5355 5362
f 5362 5355 4560
f 5362 4560 4563
f 4911 5362 4563
f 4911 4563 4913
f 4568 4909 4576
f 4568 4910 4909
f 4909 4908 5363
f 4576 4909 5363
f 4576 5363 4574
f 4567 4915 4565
f 4915 4914 4565
f 4565 4914 4913
f 4565 4913 4564
f 4583 5355 5361
f 4583 5361 4586
f 4586 5361 5356
f 4586 5356 4573
f 4574 5363 4580
f 5363 4908 4907
f 5363 4907 4580
f 4580 4907 4578
f 4603 4614 5364
f 5364 4614 5365
f 4609 4611 5241
f 4609 5241 3424
f 4611 4604 5354
f 4611 5354 5241
f 4600 4603 5364
f 4597 4600 5243
f 3416 3418 5366
f 3416 5366 3426
f 3418 3417 5367
f 3418 5367 5366
f 5366 5367 5368
f 5366 5368 5369
f 3426 5366 5369
f 3426 5369 3427
f 3427 5369 5370
f 3427 5370 3412
f 5369 5368 5371
f 5369 5371 5370
f 5370 5371 3413
f 5370 3413 3412
f 5368 5372 5373
f 5368 5373 5371
f 5372 4840 4623
f 5372 4623 5373
f 5373 4623 4839
f 5373 4839 4955
f 5371 5373 4955
f 5371 4955 3413
f 3417 4637 5374
f 3417 5374 5367
f 4637 4953 5375
f 4637 5375 5374
f 5374 5375 4840
f 5374 4840 5372
f 5367 5374 5372
f 5367 5372 5368
f 4587 4590 5358
f 4590 4592 3421
f 4590 3421 5376
f 5358 4590 5376
f 3419 5243 4600
f 3419 4600 5377
f 5377 4600 5364
f 5377 5364 5365
f 5377 5365 4614
f 3419 5377 5378
f 5377 4614 5359
f 5377 5359 5378
f 5378 5359 5358
f 5378 5358 5376
f 3419 5378 5376
f 3419 5376 3421
f 4616 4619 4952
f 4619 4621 4840
f 4619 4840 5375
f 4952 4619 5375
f 4952 5375 4953
f 4959 5379 5380
f 4959 5380 4960
f 5379 4962 5381
f 5379 5381 5380
f 5380 5381 5382
f 5380 5382 5383
f 4960 5380 5383
f 4960 5383 3359
f 3359 5383 5384
f 3359 5384 3360
f 5383 5382 5385
f 5383 5385 5384
f 5384 5385 3363
f 5384 3363 3362
f 3360 5384 3362
f 3360 3362 3357
f 5382 5386 5387
f 5382 5387 5385
f 5386 3354 3349
f 5386 3349 5387
f 5387 3349 3353
f 5387 3353 4956
f 5385 5387 4956
f 5385 4956 3363
f 4962 3367 5388
f 4962 5388 5381
f 3367 3354 5388
f 5388 3354 5386
f 5381 5388 5386
f 5381 5386 5382
f 4321 4324 5389
f 4321 5389 4958
f 4324 4327 5389
f 5389 4327 4962
f 5389 4962 5379
f 4958 5389 5379
f 4958 5379 4959
f 4278 5114 5390
f 5114 4235 4850
f 5114 4850 5390
f 5390 4850 4237
f 5390 4237 4238
f 4278 5390 4238
f 4278 4238 4228
f 4842 4848 4843
f 4848 4801 4845
f 4848 4845 4843
f 4843 4845 4805
f 4843 4805 4841
f 4843 4841 4247
f 4819 4821 4276
f 4821 4233 5112
f 4276 4821 5112
f 5093 4288 5391
f 5091 5093 5391
f 4798 4800 5393
f 4798 5393 5392
f 5392 5393 5394
f 5392 5394 5395
f 4798 5392 5395
f 4798 5395 4257
f 4257 5395 5396
f 5395 5394 5397
f 5395 5397 5396
f 5396 5397 4252
f 5396 4252 4669
f 4257 5396 4669
f 4257 4669 4254
f 5394 5398 5399
f 5394 5399 5397
f 5398 4258 4259
f 5398 4259 5399
f 5399 4259 4250
f 5399 4250 4253
f 5397 5399 4253
f 5397 4253 4252
f 4800 4796 5400
f 4800 5400 5393
f 5400 4796 4258
f 5400 4258 5398
f 5393 5400 5398
f 5393 5398 5394
f 4657 4661 4795
f 4657 4795 4796
f 4654 4657 4796
f 4654 4796 4800
f 3378 5401 5402
f 3378 5402 3375
f 5401 4852 5403
f 5401 5403 5402
f 5402 5403 5404
f 5402 5404 5405
f 3375 5402 5405
f 3375 5405 3379
f 3379 5405 5406
f 3379 5406 4919
f 5405 5404 5407
f 5405 5407 5406
f 5406 5407 3384
f 5406 3384 3381
f 4919 5406 3381
f 4919 3381 3383
f 5404 5408 5409
f 5404 5409 5407
f 5408 3372 4364
f 5408 4364 5409
f 5409 4364 4917
f 5409 4917 4918
f 5407 5409 4918
f 5407 4918 3384
f 4852 4353 5410
f 4852 5410 5403
f 4353 3370 3373
f 4353 3373 5410
f 5410 3373 3372
f 5410 3372 5408
f 5403 5410 5408
f 5403 5408 5404
f 3376 4348 5411
f 3376 5411 3377
f 4348 4351 5411
f 5411 4351 4852
f 5411 4852 5401
f 3377 5411 5401
f 3377 5401 3378
f 5224 5232 5412
f 5224 5412 5231
f 5232 3450 3175
f 5232 3175 5412
f 5231 5412 3175
f 5231 3175 3174
f 3449 5220 5209
f 5220 3443 3176
f 5220 3176 5209
f 3557 3561 5413
f 3557 5413 5414
f 3557 5414 3554
f 3554 5414 5415
f 3554 5415 5159
f 5415 3560 5159
f 5414 3566 3560
f 5414 3560 5415
f 3561 5416 5413
f 3561 3566 5416
f 5416 3566 5414
f 5413 5416 5414
f 3182 5161 5417
f 3182 5417 3180
f 5161 5418 5417
f 3180 5417 3183
f 3183 5417 5419
f 5417 5418 5420
f 5417 5420 5419
f 5419 5420 3177
f 5419 3177 3178
f 3183 5419 3178
f 3183 3178 3179
f 5418 5421 5420
f 5421 3187 3186
f 5421 3186 5204
f 5420 5421 5204
f 5420 5204 3177
f 5161 5160 5421
f 5161 5421 5418
f 5160 5198 3187
f 5160 3187 5421
f 5126 5128 5422
f 5126 5422 5158
f 5128 3554 5422
f 5422 3554 5159
f 5158 5422 5159
f 3634 3638 5423
f 3634 5423 5424
f 3638 3637 5425
f 3638 5425 5423
f 5423 5425 5426
f 5424 5423 5426
f 5424 5426 5135
f 5135 5426 5427
f 5135 5427 5153
f 5153 5427 3642
f 5153 3642 5154
f 5426 3647 5144
f 5426 5144 5427
f 5427 5144 3639
f 5427 3639 3642
f 3637 5149 5428
f 3637 5428 5425
f 5149 3645 3648
f 5149 3648 5428
f 5428 3648 3647
f 5428 3647 5426
f 5425 5428 5426
f 5135 5136 5424
f 5136 3634 5424
f 4218 4219 5429
f 4218 5429 5238
f 4219 4220 5429
f 5238 5429 5239
f 5239 5429 5430
f 5430 5429 4221
f 5430 4221 4224
f 5239 5430 4224
f 5239 4224 4223
f 5431 4217 4215
f 5431 4215 4216
f 5431 4216 5240
f 5429 5431 5240
f 5429 5240 4221
f 4220 5432 5431
f 4220 5431 5429
f 5432 5236 4217
f 5432 4217 5431
f 5235 5236 5432
f 4220 5235 5432
f 4641 4653 4794
f 4653 4650 5433
f 4794 4653 5433
f 4270 5434 4649
f 4270 4269 5435
f 4270 5435 5434
f 4649 5434 4262
f 4262 5434 5436
f 4262 5436 4263
f 5434 5435 5436
f 5436 5435 4273
f 5436 4273 4272
f 4263 5436 4272
f 4263 4272 4260
f 5437 4650 4792
f 5435 5437 4792
f 5435 4792 4273
f 4269 4794 5437
f 4269 5437 5435
f 4794 5433 5437
f 5437 5433 4650
f 4650 4652 4792
f 4652 4644 4791
f 4652 4791 4792
f 4783 5438 5124
f 5124 5438 4765
f 5438 4766 4765
f 5438 4764 4762
f 5438 4762 4766
f 5438 4783 4781
f 5438 4781 4764
f 5097 5098 4783
f 5097 4783 5124
f 5439 5440 5441
f 5439 5441 5442
f 5440 5443 5444
f 5440 5444 5441
f 5441 5444 5445
f 5441 5445 5446
f 5442 5441 5446
f 5442 5446 2918
f 2924 5447 5448
f 2924 5448 2925
f 5447 5439 5442
f 5447 5442 5448
f 5448 5442 2918
f 5448 2918 2917
f 2925 5448 2917
f 2925 2917 2915
f 2930 2945 5449
f 2930 5449 5450
f 2945 2943 5451
f 2945 5451 5449
f 5449 5451 5443
f 5449 5443 5440
f 5450 5449 5440
f 5450 5440 5439
f 2932 2931 5452
f 2932 5452 5453
f 2931 2930 5450
f 2931 5450 5452
f 5452 5450 5439
f 5452 5439 5447
f 5453 5452 5447
f 5453 5447 2924
f 2878 5445 5454
f 2878 5454 2912
f 5445 5444 5454
f 5454 5444 5443
f 5454 5443 5455
f 2912 5454 5455
f 2912 5455 2865
f 2865 5455 5456
f 2865 5456 2866
f 5455 5443 5451
f 5455 5451 5456
f 5456 5451 2943
f 2866 5456 2943
f 2866 2943 2867
f 2874 2919 5457
f 2874 5457 2876
f 2919 2918 5446
f 2919 5446 5457
f 5457 5446 5445
f 2876 5457 5445
f 2876 5445 2878
f 2853 2933 2849
f 2933 2932 5453
f 2933 5453 2849
f 2849 5453 2924
f 2849 2924 2848
f 3088 5458 5459
f 3088 5459 5460
f 5458 4826 5234
f 5458 5234 5459
f 5459 5234 3091
f 5459 3091 5461
f 5460 5459 5461
f 5460 5461 5462
f 3086 5463 5464
f 3086 5464 3087
f 5463 4293 5464
f 5464 4293 4826
f 5464 4826 5458
f 3087 5464 5458
f 3087 5458 3088
f 3101 3079 3078
f 3101 3078 3100
f 3100 3078 3077
f 3100 3077 3102
f 3102 3077 5465
f 5465 3077 4295
f 5465 4295 3082
f 5466 3090 3058
f 5466 3058 5467
f 5467 3058 3079
f 5467 3079 3101
f 5462 5461 3090
f 5462 3090 5468
f 5461 3091 3090
f 5468 3090 5466
f 3082 4295 4296
f 3082 4296 3083
f 3083 4296 4293
f 3083 4293 3084
f 3084 4293 5469
f 5469 4293 5463
f 5469 5463 3086
f 3089 3088 3106
f 3088 5460 3106
f 3106 5460 5462
f 3106 5462 3109
f 3096 5077 3097
f 5077 5079 5470
f 3097 5077 5470
f 3097 5470 3098
f 5469 3086 5471
f 3084 5469 5471
f 5462 5468 3110
f 5462 3110 3109
f 5468 5466 3110
f 3110 5466 3111
f 5465 3082 5472
f 3102 5465 5472
f 3084 5473 5474
f 3084 5474 3085
f 5473 3113 5475
f 5473 5475 5474
f 5474 5475 3102
f 5474 3102 5472
f 3085 5474 5472
f 3085 5472 3082
f 5080 5083 5476
f 5083 5084 5116
f 5083 5116 5476
f 5476 5116 5118
f 3098 5477 5478
f 3098 5478 3094
f 5477 5479 5480
f 5477 5480 5478
f 5478 5480 5118
f 5478 5118 5117
f 3094 5478 5117
f 3094 5117 3093
f 5118 5480 5481
f 5118 5481 5476
f 5480 5479 5482
f 5480 5482 5481
f 5481 5482 4290
f 5481 4290 5119
f 5476 5481 5119
f 5476 5119 5080
f 4290 5482 5483
f 4290 5483 4289
f 5482 5479 5484
f 5482 5484 5483
f 5483 5484 5091
f 5483 5091 5391
f 4289 5483 5391
f 4289 5391 4288
f 5479 5477 5485
f 5479 5485 5484
f 5477 3098 5470
f 5477 5470 5485
f 5485 5470 5079
f 5485 5079 5120
f 5484 5485 5120
f 5484 5120 5091
f 3113 3112 5486
f 3113 5486 5475
f 3112 3111 5487
f 3112 5487 5486
f 5486 5487 3099
f 5486 3099 3100
f 5475 5486 3100
f 5475 3100 3102
f 3086 3087 5488
f 3086 5488 5471
f 3087 3089 3108
f 3087 3108 5488
f 5488 3108 3113
f 5488 3113 5473
f 5471 5488 5473
f 5471 5473 3084
f 5466 5467 5487
f 5467 3101 3099
f 5467 3099 5487
f 5466 5487 3111
f 4134 3517 3518
f 4134 3518 5489
f 3518 3519 4133
f 5489 3518 4133
f 3513 3516 4134
f 3513 4134 4135
f 3517 4134 3516
f 4149 5490 5491
f 4149 5491 4148
f 4133 3519 4132
f 3519 3992 4132
f 4132 5490 4149
f 4132 3992 5490
f 4136 5493 4135
f 5493 3511 3512
f 5493 3512 4135
f 4135 3512 3513
f 4147 4130 3511
f 4147 3511 5493
f 4146 4147 5493
f 4146 5493 4136
f 4172 4018 4052
f 4172 4052 4167
f 4052 4053 4167
f 4169 4016 4170
f 4169 4017 4015
f 4169 4015 4016
f 4170 4016 4172
f 4172 4016 4012
f 4172 4012 4018
f 4194 3992 4017
f 4194 4017 4169
f 5494 5491 5490
f 5494 5490 4194
f 5490 3992 4194
f 5494 4148 5491
f 5495 4131 5492
f 5495 5492 5494
f 5494 5492 4148
f 4167 4053 4193
f 4167 4193 4131
f 4167 4131 5495
f 4133 4132 5489
f 4132 4151 5489
f 5489 4151 4134
f 4147 4135 4166
f 4147 4166 4130
f 4130 4166 4131
f 4149 4145 4132
f 4131 4166 5492
f 5492 4166 4143
f 5492 4143 4148
f 5495 5494 5496
f 5494 4194 4195
f 5497 4196 4194
f 4174 5497 4194
f 4174 4194 4169
f 5498 5494 4195
f 5498 4195 5497
f 5497 4195 4196
f 4167 4168 5497
f 4167 5497 4174
f 4168 4167 5496
f 4168 5496 5497
f 4167 5495 5496
f 5496 5494 5498
f 5497 5496 5498
f 4172 4167 4173
f 4173 4167 4174
f 3193 5217 5499
f 5500 3195 3193
f 5499 5500 3193
f 5216 5215 5500
f 5216 5500 5217
f 5215 3195 5500
f 5217 5500 5499
f 5211 5216 5217
