v 5.35711098 45.93042755 10.13239574
v 6.27981281 45.32940674 10.37808609
v 6.97338629 44.62084961 10.70324230
v 7.10435486 41.81467056 5.96403027
v 5.63188362 43.33572388 5.77288389
v 7.60537243 44.43385315 14.45605850
v 7.44815588 44.59609985 12.76461220
v 7.35317850 42.21968842 10.27581787
v 7.18750668 46.25984955 14.33320045
v 5.67328835 47.51171112 14.02871323
v 4.30910206 46.39519119 10.02130699
v 4.86162233 48.31300354 15.04575729
v 3.20519328 46.62400055 10.05156040
v 3.86680126 48.49715805 15.14412880
v 7.44122791 40.37612915 7.84998322
v 8.67076015 48.89943695 21.14891815
v 8.10970783 48.43738937 19.77804375
v 7.31473589 48.68033981 18.75776100
v 7.58994293 47.42961121 17.23688126
v 6.22895575 48.84394455 17.66757202
v 4.00437832 43.76484299 4.69064474
v 2.65264630 44.53825378 5.47170162
v 9.22938919 47.35351562 21.45656586
v 8.60093117 46.92538071 20.17258263
v 8.49129105 47.72993851 19.93613243
v 9.10015869 48.18071747 21.26466751
v 8.19881058 46.24773788 18.64382935
v 7.94735336 46.70599747 17.45948029
v 6.53408718 46.93759918 14.13972282
v 5.59155846 50.03836441 20.06220436
v 4.49278402 49.88928223 19.36325836
v 11.80091095 49.27583313 31.02756691
v 11.67562962 50.07088470 30.84578133
v 11.61262131 50.85548019 30.07950783
v 10.36033916 50.72414398 31.29261017
v 9.14620781 49.97295380 32.80977249
v 8.65264416 51.35630035 31.81869507
v 8.74753952 52.01494980 30.20252419
v 7.98268938 50.50477219 22.90019035
v 6.71987581 50.78691864 22.38013649
v 8.14000130 48.70575714 33.96795273
v 7.77794313 49.60667419 34.24858475
v 8.09048653 50.52575684 33.49385071
v 6.36657190 50.46628952 34.05165863
v 6.92154169 49.64743423 34.48687744
v 6.96538162 48.57651901 34.42331314
v 6.63827085 51.31812286 32.87959290
v 8.56556892 47.57912445 33.07979965
v 10.05300903 48.44370651 22.19361115
v 10.19424629 47.57764053 22.36844444
v 9.56526184 49.20444870 22.13884354
v 10.78815842 49.56433487 23.15773010
v 11.15489006 48.61180115 22.78552055
v 11.28390980 47.69739532 22.91074944
v 9.48890305 50.14044952 23.32508659
v 9.15376759 46.02153015 31.41259956
v 10.47977448 46.85081482 31.05890083
v 11.60925102 47.45146561 30.80444145
v 10.39909840 47.86727905 31.89431572
v 10.05682659 45.99538422 29.77304649
v 11.78545475 46.73674774 29.30970764
v 10.11478043 45.66962433 27.95589638
v 11.66854668 46.26795959 27.57199669
v 9.37895966 45.10453796 25.67470932
v 11.30508041 45.96494675 25.73812485
v 9.64941406 45.30331421 24.39979553
v 10.77625656 45.94757080 23.98282433
v 8.24683762 44.96217346 30.28478241
v 8.41814423 44.70387268 28.43511200
v 3.75210524 40.47876358 16.36491966
v 4.82552338 40.83583069 16.57008553
v 3.19073772 38.97091675 13.68536282
v 4.26133823 39.08898544 13.43659210
v 5.25147295 39.48563004 13.07270336
v 5.73045206 41.21178055 16.23518944
v 7.20633268 43.03127670 16.33603477
v 7.30950928 42.65592194 13.28887749
v 6.74136162 40.89599991 12.16914368
v 3.96854258 38.09821701 12.17282963
v 5.02913761 38.45663071 11.75975609
v 2.82537484 37.98826218 12.40812016
v 2.49266171 36.61001587 11.32877731
v 3.74841905 37.00455093 11.34615517
v 4.84429693 37.03646469 10.63523006
v 6.42270899 41.56663895 15.38979244
v 6.09194422 40.10071182 12.65373135
v 7.13647795 40.20034790 9.51191616
v 6.65099478 39.83940506 10.69421101
v 6.62940407 38.38701248 9.39400768
v 7.13791943 46.58438873 33.09398270
v 6.72756433 45.15154266 32.02101898
v 7.56771994 45.28467178 31.85418892
v 5.93943787 39.06897354 11.28622723
v 5.84728098 37.92022324 10.35644245
v 5.34947491 43.48297882 23.63505173
v 4.73081255 42.80772781 20.91971016
v 5.75759888 43.14099503 21.11084366
v 6.30638027 43.64838409 23.45621300
v 6.63177347 43.52105331 20.82384300
v 7.39352989 44.08699799 23.64409447
v 8.72331524 45.55777359 21.99802780
v 8.13119411 45.15818024 20.81757545
v 8.47801971 46.03140640 20.47791100
v 9.10068512 46.44300461 21.71112823
v 7.72127962 44.48664474 19.41057587
v 8.06821156 45.35439682 19.00876999
v 7.28727293 43.89431381 20.06462669
v 8.11465836 44.80124283 22.30693626
v 10.78510380 48.57441330 31.72011375
v 12.01463604 48.39336395 30.96421623
v 9.59538364 45.78537369 22.96172523
v 10.03889561 46.65459824 22.63069725
v 11.12508392 46.76771545 23.21291924
v 12.85584450 46.88862610 28.98794937
v 12.84678745 47.49096298 30.09140968
v 12.77327251 46.44016266 27.34418488
v 13.71485329 46.74917603 27.11342430
v 13.72359467 47.15298462 28.68346214
v 13.51969051 47.53719711 29.60303116
v 5.67781734 43.48197556 25.44280243
v 6.58464193 43.62953186 25.26986313
v 8.86981869 45.07033920 23.28548622
v 13.05058575 48.28003693 30.36429977
v 13.80132294 48.13258362 29.63136292
v 13.96583557 49.03319550 29.45421028
v 10.75490284 50.95005798 26.72470474
v 11.77934647 50.96122360 28.41078377
v 12.91408825 50.76258850 28.15369225
v 12.83025169 50.53719711 26.46221542
v 12.90092278 50.63072205 29.41450310
v 13.57424831 50.42197418 28.98036575
v 13.78089046 50.43355942 27.97611809
v 13.77141094 50.20374680 26.36911201
v 6.08825827 52.63700867 30.53092003
v 6.98012686 52.59045410 30.39410591
v 6.77580166 52.61299515 28.89621353
v 5.83042908 52.66112518 29.03871346
v 8.10180950 52.23078156 28.75939941
v 7.87436533 51.96131134 26.97824287
v 6.50080538 52.35790253 27.11510849
v 5.39739704 52.21556091 26.31702995
v 10.31968498 51.34670639 30.12795639
v 9.99734592 51.46724701 28.61884880
v 10.39983559 50.53077316 24.87651062
v 12.46162319 50.09568787 24.70828438
v 12.12501335 49.46206665 23.43725586
v 13.35022736 49.79330826 24.69427681
v 12.88101673 49.38107681 23.68865967
v 6.20453405 51.97221375 25.23384285
v 7.54976225 51.57746887 25.11072159
v 5.89135838 51.22363663 22.97999954
v 4.93798113 51.28756714 23.10643768
v 9.60159779 51.23021698 31.28081512
v 10.84183407 -33.05147934 -16.98240852
v 11.48902512 -36.43353271 -17.69737625
v 11.59996223 -37.53974915 -17.29903793
v 11.56575298 -39.59911346 -16.06388092
v 11.65268326 -39.30707932 -17.14006424
v 11.68200207 -38.85688019 -18.25082016
v 11.44860840 -38.86386871 -15.38881207
v 11.16115379 -34.59652710 -16.35809898
v 11.12416267 -34.58606339 -15.74825668
v 11.46952057 -35.76673126 -17.43230820
v 11.63354015 -37.39308548 -16.80394173
v 11.61876965 -36.82643890 -17.22159576
v 11.43538952 -38.03336716 -15.55809784
v 11.17287731 -37.62985992 -14.61815071
v 11.46348476 -38.88518524 -14.14814854
v 10.89241409 -36.69866943 -14.05861187
v 10.77941704 -36.44444656 -13.65492439
v 10.83976650 -35.69929504 -13.13847733
v 11.23293400 -37.56465530 -13.57519531
v 10.89130497 -35.09306335 -14.61580753
v 11.63094711 -37.71186829 -16.16736031
v 5.93271017 -44.22217178 -26.17453194
v 6.70740509 -44.93043137 -25.80304718
v 6.19813585 -46.36027527 -25.84306526
v 3.91546178 -45.85147476 -26.58503914
v 7.55427790 -44.70153046 -25.15076637
v 7.72222757 -44.72335815 -24.73765564
v 6.78221655 -46.51741791 -25.25817490
v 6.95232201 -46.24805450 -25.44754219
v 10.07578468 -42.22703552 -22.44906998
v 9.05086803 -42.30131531 -23.33951569
v 8.74408340 -41.83468246 -23.98416138
v 8.58355331 -42.71323013 -23.81125450
v 8.09032917 -42.09767151 -24.59864426
v 6.76519871 -41.49670410 -25.47262764
v 4.21844578 -41.29485321 -26.59995270
v 3.83578372 -42.35260773 -26.72567940
v 2.86860943 -42.55693054 -26.83953285
v 2.64711666 -41.60629272 -26.87686920
v 10.86326313 -45.66884232 -20.61120605
v 10.40208340 -47.10592651 -21.70097923
v 10.01340771 -48.65743256 -20.59437180
v 9.83209610 -48.68616104 -21.95079041
v 9.55191135 -48.63220596 -22.56458282
v 9.99918938 -46.70175552 -22.50057220
v 7.26864433 -51.54729080 -20.81520462
v 6.28786993 -51.97055435 -21.97414589
v 8.04793644 -50.87807465 -21.91024017
v 5.54208326 -52.39147186 -20.72683334
v 4.78952932 -52.48329163 -21.99797440
v 5.66412544 -51.94727707 -22.54659843
v 5.57493067 -51.48811340 -22.94338608
v 8.02371216 -50.62572098 -22.45107079
v 7.98874569 -50.16683197 -22.84181595
v 8.31633472 -50.45172882 -17.81902695
v 6.34251928 -51.83479691 -18.66476250
v 8.00454426 -50.83457184 -18.78332901
v 5.53728437 -52.09157181 -17.58087540
v 4.73690796 -52.40511322 -18.74090958
v 6.73893881 -40.03226471 -25.70663452
v 7.73702574 -39.63634491 -25.04052353
v 9.17722797 -40.06218719 -23.78276443
v 10.45112705 -40.93607330 -22.30235481
v 5.91896582 -47.07688904 -25.11740875
v 4.07333803 -47.77627945 -25.12346458
v 5.03943300 -47.53785706 -25.49156570
v 5.12440825 -47.24105453 -25.82424164
v 7.25418520 -44.49056244 -24.20175934
v 6.89810753 -45.95994568 -24.78411674
v 5.50151587 -46.68442917 -24.74091530
v 6.71468210 -43.85986710 -22.83051682
v 4.77449465 -44.17777252 -23.11084938
v 4.47037983 -44.88413620 -23.64827919
v 3.37452507 -44.83694839 -23.39807510
v 5.04184532 -45.10992813 -22.81371880
v 6.08181000 -47.24737167 -23.00401878
v 6.04194260 -50.46401215 -23.13294029
v 6.66629267 -49.19173431 -23.16652489
v 3.76358557 -47.87817764 -25.60447121
v 4.17571115 -47.58638382 -25.87322807
v 10.76991177 -46.98500824 -19.26566505
v 10.35037327 -48.07668686 -19.09459496
v 9.62177372 -49.16181564 -18.40555000
v 10.48016930 -43.81268692 -21.96542931
v 10.03407764 -43.63946152 -22.36004639
v 10.78340530 -43.88134384 -21.39946747
v 9.01815224 -48.28749466 -22.88871956
v 8.88709164 -49.42415237 -22.74181175
v 8.88473511 -47.06537628 -22.95578194
v 8.78340244 -42.81460190 -22.82338524
v 9.35714531 -43.13367462 -22.60952759
v 8.27964592 -42.86639404 -23.13629723
v 7.62377787 -43.52818680 -23.64406967
v 8.77700996 -50.26959991 -19.66762161
v 8.65888500 -50.41381454 -21.38900185
v 9.15197659 -49.53784943 -22.32436752
v 3.88352108 -46.97996521 -24.59480095
v 10.27936268 -48.54649353 -17.75579453
v 9.54956913 -49.47797012 -17.25015259
v 10.26444340 -48.31426620 -16.93244934
v 5.39375019 -52.10069275 -16.57443047
v 11.14109325 -43.58464050 -20.69187737
v 11.10627079 -46.63700867 -18.69731903
v 4.34950638 -40.38425064 -26.73067665
v 2.44587231 -40.73632812 -27.13772583
v 10.91646671 -45.64953613 -15.71929359
v 11.10237408 -46.31119537 -17.09711838
v 11.30249310 -45.50295258 -17.52817726
v 8.51500797 -47.03808594 -13.99246407
v 7.84587574 -48.43349075 -14.46759129
v 9.29900742 -47.94879913 -15.40253639
v 8.40258312 -49.99927521 -16.56948280
v 8.33267498 -49.62421036 -16.58672714
v 9.33155155 -48.54397583 -15.98296738
v 9.72751045 -48.66030121 -16.43743324
v 10.41758156 -45.61333084 -14.86981678
v 6.26459408 -35.74368668 -25.52842903
v 4.64002466 -36.76097488 -26.35680771
v 2.84479022 -37.11363220 -26.92062759
v 1.63344944 -37.35151672 -27.07080078
v 5.71270514 -29.83136940 -24.46088219
v 4.37748241 -31.57924461 -25.59009552
v 5.77408171 -32.41871643 -25.18497276
v 1.28337801 -29.34306908 -26.15567589
v -0.02964821 -29.87002182 -26.38533211
v 2.43099570 -36.33080673 -7.70937824
v 2.81608009 -36.88477325 -7.79403114
v 3.17675614 -37.28359985 -7.99129963
v 3.40117145 -36.33839035 -7.23353243
v 3.67479873 -37.51541901 -8.26616383
v 4.31105042 -37.46028137 -8.44905663
v 4.48430538 -36.98559570 -7.67167282
v 4.04447985 -37.03109360 -7.56003141
v 3.54435730 -34.48477173 -7.82891893
v 2.96055603 -34.74017334 -7.67462158
v 2.20260429 -34.98594666 -7.74803162
v 3.12824202 -35.53721619 -7.34941292
v 4.26602554 -35.23092651 -7.37687588
v 5.33899546 -36.82434464 -9.03201485
v 5.41003513 -36.17382431 -8.72626400
v 5.15731478 -36.66572952 -8.43999863
v 5.36774874 -35.55184555 -8.62547112
v 4.97999144 -35.74044800 -7.83972454
v 10.01654148 -35.41529465 -22.24777222
v 9.34950924 -36.42728043 -23.20796967
v 10.19840622 -38.64220810 -22.30899239
v 8.48865795 -37.07401276 -24.16708565
v 8.64390278 -34.55744171 -23.73247337
v 7.49699593 -37.03535843 -24.95858192
v 7.49216413 -34.29740143 -24.55584335
v 11.49721432 -33.26232147 -21.89828682
v 12.00850105 -32.40684128 -22.06972504
v 12.20268917 -31.62974739 -22.13252258
v 10.84461117 -32.29928207 -20.65896034
v 11.09385586 -30.82097816 -21.34705544
v 11.44141960 -30.42670250 -22.20672417
v 11.45711231 -30.27677727 -22.90685081
v 9.75073433 -30.45698357 -21.69448853
v 7.31905365 -31.63232613 -23.95958710
v 7.56224298 -30.18335724 -23.13708687
v 9.29658508 -32.99682999 -7.26091623
v 9.39469242 -32.59276199 -7.65582180
v 10.69989872 -32.42292786 -7.20214605
v 9.57000160 -32.28474426 -8.28001404
v 8.46780396 -32.25441360 -9.40317059
v 7.48367262 -33.13069534 -8.66075420
v 11.09538269 -32.63799667 -24.03601074
v 11.25942230 -33.02529526 -23.70637894
v 11.88761711 -32.94322205 -23.43799400
v 10.41731834 -34.15305710 -22.48798561
v 9.51934147 -33.58947754 -23.43556976
v 10.86272621 -39.71149063 -21.25281906
v 10.73061943 -35.09984589 -20.68840408
v 9.77752876 -41.15786743 -11.35982132
v 12.56199551 -30.55588150 -23.71793938
v 12.18167686 -30.59379768 -24.11237144
v 11.67665672 -30.30384445 -23.71298981
v 12.71797752 -31.12683296 -23.87845039
v 12.32175541 -31.12957191 -24.28320312
v 10.89579678 -31.50035858 -24.16619110
v 11.43957615 -30.78379822 -24.18441200
v 10.73665619 -30.59411430 -23.64795303
v 11.65294170 -41.36974716 -17.93691063
v 11.31719208 -41.70619202 -20.51840782
v 11.62419319 -40.70805740 -14.96293449
v 11.67160988 -42.64314270 -15.57137203
v 11.43662739 -43.67587280 -14.86539364
v 7.50721216 -49.84394073 -15.49748516
v 6.43735218 -50.09854126 -14.93392181
v 7.44424915 -50.77647018 -16.39176369
v 4.76469994 -51.06731033 -15.02990627
v 9.21043110 -49.57529068 -16.78710365
v 8.77845192 -48.26492310 -15.58242702
v 7.95455503 -48.69614410 -15.19803429
v 8.24756145 -48.68669891 -15.69360828
v 0.16872624 15.63053322 -21.23170090
v 3.94917631 14.94993114 -20.59663200
v 0.51481515 20.11181068 -19.18802834
v 3.59097528 19.48335266 -18.76914978
v 0.66837502 24.92938232 -16.32979393
v 2.06656742 24.90951538 -16.08624840
v 4.40549469 23.89707565 -15.90174103
v 7.23082018 22.55874634 -15.34674835
v 8.68202877 10.65450478 -20.46137619
v 8.13530159 7.17185974 -21.62695694
v 4.57277632 9.10005283 -22.46112823
v 5.82021284 4.30962849 -23.10367393
v 2.09940171 7.58289909 -23.50094795
v -0.49980676 7.20238304 -24.03627586
v 10.77846909 1.72584987 -21.57094574
v 4.54149532 1.49236357 -24.18578148
v 9.82424927 -1.97584546 -22.60426140
v 7.27808380 -3.23987055 -23.94290733
v 10.60279083 -4.81859827 -22.65418434
v 4.30452061 -4.74526787 -25.26496506
v 1.57851732 -2.08453798 -25.69228363
v -1.27950740 -1.47886920 -26.03891182
v 8.69477367 -8.67049694 -23.91547012
v 6.52692509 -8.03282261 -24.77005768
v 3.82888508 -8.84517384 -25.81817055
v 8.23268509 -12.28605843 -24.12584305
v 6.61568594 -14.26094913 -24.66894722
v 3.20632529 -13.31146908 -25.92601967
v 3.49290729 -11.11834335 -25.98531723
v 0.92209631 -10.91728306 -26.58744431
v 1.12515759 -8.59703445 -26.50129128
v 0.75652975 -13.16612434 -26.45768738
v -1.80259037 -13.09397793 -26.70045471
v -1.76119876 -10.81206608 -26.88255692
v -1.61911905 -7.22489643 -26.78071022
v 1.29851806 -6.21074772 -26.31465912
v 5.93311834 -15.71407986 -24.71207619
v 5.61135912 -18.41292381 -24.15798950
v 2.75343966 -16.71935463 -25.37673759
v 6.16682863 -21.03675079 -23.17510796
v 4.15759611 -20.61040688 -24.04601860
v 2.31003308 -20.28717232 -24.71060181
v 0.45151651 -19.11546135 -25.34558868
v -1.56914353 -19.10282326 -25.53053474
v 0.61687243 -15.24950409 -26.14582825
v -1.78984630 -15.19168186 -26.36184311
v 5.21471548 -23.06991768 -23.50155449
v 3.73957205 -22.45449257 -24.17903900
v 2.10036278 -23.16541862 -24.87385178
v 3.55346751 -25.01732635 -24.55930710
v 5.34884357 -25.83786392 -23.75590897
v 0.53827572 -23.94831848 -25.34847260
v -0.90872037 -25.12027931 -25.64028168
v -1.28277230 -22.35406876 -25.30193329
v 0.40454277 -21.64688301 -25.11156273
v 10.07291508 -23.77449799 -18.92103767
v 9.28610516 -24.50422096 -19.65165901
v 8.57881355 -24.22243309 -20.61398697
v 9.26056480 -23.44462776 -20.15667725
v 7.63386250 -23.81188774 -21.66563034
v 8.37596321 -22.91843796 -21.22475052
v 8.53918648 -25.50346756 -20.58668327
v 8.96566200 -26.34888840 -20.06399536
v 7.21262598 -25.44174957 -22.15466690
v 6.31164646 -24.84933662 -22.92257309
v 7.39056778 -22.18507957 -22.15769577
v 16.29493141 -19.03815651 -10.62848949
v 16.29840851 -18.96269226 -11.06236458
v 16.84134483 -18.81466103 -10.45660400
v 16.38319206 -18.91903687 -10.25259495
v 16.62201118 -18.60607147 -11.36205864
v 17.17510986 -18.39984894 -10.53901863
v 16.96077919 -18.45972633 -10.10251045
v 16.13373566 -18.48658371 -9.82287979
v 10.88509464 -26.08558464 -17.68972778
v 11.23343468 -26.06249237 -16.73475838
v 11.81404972 -25.85050392 -16.44470024
v 10.83039284 -25.82111931 -15.88417530
v 11.53225994 -24.90286827 -15.39421654
v 11.86918545 -24.46965027 -15.47805309
v 12.48226643 -25.23226357 -16.33474350
v 12.50522709 -24.57937050 -16.31747055
v 12.06529617 -24.37272835 -15.80929184
v 11.60893440 -23.91562843 -15.09899807
v 10.57398510 -25.08265305 -18.60954666
v 10.69818687 -25.55130959 -18.56747055
v 11.89730740 -25.35138130 -18.29563332
v 11.29181004 -25.87867737 -18.27367401
v 10.08070850 -25.83091354 -18.54092979
v 0.82651639 30.82076645 -12.06413746
v 2.57616901 30.24510193 -12.08908558
v 5.53218317 28.20540428 -12.26311684
v 7.09363794 26.00218201 -12.81362343
v 7.58001614 27.61430931 -10.96099186
v 8.51414585 27.18919373 -10.17649937
v 9.11698341 27.01623726 -9.47563267
v 10.56034660 23.18005943 -11.21176434
v 9.64819336 27.09099960 -8.14791012
v 10.15536880 26.30487061 -7.84620333
v 9.45796490 28.35714722 -6.06640387
v 9.39189434 28.38677025 -6.64093685
v 8.98498917 28.92375374 -6.99671507
v 5.60704088 5.94080687 7.12378645
v 5.80789042 7.19240379 7.25644016
v 5.34410381 6.81592989 8.14672852
v 5.73105764 8.37617397 7.27602959
v 5.42525434 7.66219378 8.45147896
v 3.61776662 10.92386627 7.10940981
v 2.63874364 11.04430199 6.96759367
v 3.24671626 10.31273365 8.14377975
v 1.95362246 10.51010799 7.26955271
v 2.53510666 10.09650707 7.97163057
v 2.94607401 9.89091778 8.54110813
v 4.01667452 10.18223953 8.37617302
v 1.93566501 8.40116119 8.40845394
v 2.02160788 7.29996443 8.57536411
v 1.95183194 6.00041914 8.24273014
v 2.74348688 6.85079098 8.93348598
v 2.97487950 5.80004358 8.37317181
v 3.95248079 5.82724333 8.28838730
v 3.47531843 6.90545368 9.19305325
v 1.80090523 15.26972580 5.72710800
v 2.58818889 15.17124939 5.78203344
v 2.43310213 16.01861954 5.98272562
v 3.30506492 15.08604431 5.61309719
v 3.50638843 16.05574608 5.97366762
v 2.98493791 16.09787369 6.09426165
v 3.00800347 19.33621788 4.38151121
v 2.40313792 19.19750786 4.61153460
v 2.74690962 18.73409081 5.05599451
v 3.21875334 18.86068726 4.87262869
v 1.91090441 18.17742920 5.13290977
v 2.35016084 18.34913826 5.25189400
v 2.81099820 18.24792290 5.58658218
v 3.41654849 18.52944946 5.37090826
v 4.69239569 17.34754944 4.56303406
v 4.53175306 18.13106918 4.26191759
v 4.19245768 18.92640877 3.96791053
v 4.12147045 18.50764656 4.57519865
v 4.00822258 18.32567596 5.14670372
v 7.68989849 15.81676769 3.21831393
v 8.82084370 15.43055248 2.68271589
v 8.56546402 16.69613075 2.81776524
v 7.42203283 19.48023987 1.69558954
v 7.68424892 19.09890747 2.08164167
v 8.36379814 18.86705971 1.97294903
v 6.88212442 17.02844810 3.15679741
v 7.70074177 17.72583961 2.92553616
v 9.91433239 16.34982491 1.17745018
v 9.07114506 17.15407181 2.18572307
v 9.88291359 10.86293697 3.97686291
v 9.19895077 10.71880341 4.44217634
v 8.30813503 10.51695347 4.75192928
v 9.37506294 9.71679401 5.08493233
v 10.47819519 9.88417721 4.66261625
v 9.33397388 6.43353081 5.44073725
v 9.99934769 5.79641008 5.09828138
v 10.87999916 5.62278652 4.59989691
v 11.03914165 6.90555859 5.02313423
v 10.43901539 6.99697876 5.34963322
v 8.47464943 9.42112827 5.23082972
v 8.70701694 8.38351917 5.49682093
v 12.10866261 6.39756346 3.58203602
v 12.33860779 7.16186047 3.14723945
v 12.15979576 8.27427387 3.16309047
v 11.91489601 7.65998220 4.16096640
v 17.12345123 -3.91045737 -1.58225620
v 16.85111237 -3.68533087 -0.62837887
v 18.50385666 -3.02780414 -0.57295305
v 17.60682678 -2.80947113 0.32607770
v 16.73475838 -3.12670159 0.06761689
v 15.61476135 -3.64067435 -0.19094925
v 17.56711960 0.77706760 -2.74195957
v 18.24444771 0.20306130 -1.92665994
v 18.09620476 -0.32760489 -2.76170754
v 18.83067131 -0.14186907 -1.33843517
v 19.08038902 -0.67785400 -1.39551985
v 18.64209175 -1.40373504 -2.23367429
v 16.86253929 -2.37743926 0.55907685
v 17.15794373 -1.43485773 0.81345642
v 15.37957668 -1.42395687 0.70492184
v 12.69509602 -3.58366871 3.00887251
v 13.14200592 -2.76381373 2.73927379
v 13.23226643 -1.67351794 3.03825736
v 12.81687546 -2.52899790 3.94168520
v 9.25693130 -1.74076617 5.71552277
v 9.32099342 -2.83332658 5.47636223
v 9.63440514 -3.71447873 5.07008171
v 12.94007587 0.89447558 3.09439421
v 12.08014679 0.76958966 3.99613690
v 11.23630524 0.90545541 4.64181519
v 11.65327549 -0.23528992 5.12129450
v 12.25434971 -0.30248550 4.64260483
v 11.18195820 -4.42348194 3.91625023
v 12.07885647 -4.06314802 3.46333814
v 11.62399578 -3.38737440 4.71053791
v 2.08854032 0.50038600 8.37806892
v 1.94588137 -0.63498783 8.68934917
v 2.67950344 -0.14049989 8.80630970
v 1.95409644 -1.69471407 8.77613449
v 2.96029258 -1.05290651 9.33070946
v 3.08488870 -0.51966000 9.18494320
v 3.99292469 0.76569277 8.19075394
v 2.89983749 1.01256812 8.19112206
v 3.31417537 0.25403726 8.67665768
v 3.59991455 -0.39042959 9.18768120
v 4.27355576 -0.33039591 9.02221966
v 1.88516295 -3.87280464 7.97668600
v 2.89883685 -4.14669514 7.96962929
v 2.52920866 -3.39927578 8.50498295
v 3.78991604 -4.32142448 7.67025089
v 4.14527321 -3.43097758 8.71878624
v 3.47036815 -3.32418084 8.90952492
v 2.96619058 -3.12891340 8.94449234
v 5.55922461 -3.99118686 6.72377253
v 5.94091225 -2.87461305 7.14163828
v 5.35974407 -3.49037933 7.54497004
v 6.03857231 -1.81559765 7.45018005
v 5.49223948 -2.65728045 8.33488750
v 5.26906157 -3.19905806 8.17479706
v 16.14811325 -12.50838661 -5.53837061
v 16.52716827 -11.60746002 -5.59556055
v 17.20238876 -11.58302498 -4.53496552
v 16.89537430 -12.22970390 -4.49652290
v 17.12350273 -10.62580395 -4.89901161
v 18.06402969 -11.07621479 -3.44761872
v 17.86339188 -11.71910191 -3.59380579
v 17.52867699 -12.14839554 -3.75958323
v 15.14986897 -8.66391373 -1.51569259
v 14.79777622 -9.57610989 -1.38330245
v 15.91503525 -10.10746098 -1.44470537
v 16.15517044 -9.45298767 -1.57383037
v 15.17414570 -10.82902336 -1.58151901
v 16.92612839 -11.12561035 -1.52748859
v 17.00132942 -10.45744610 -1.43143475
v 16.93803024 -9.93041420 -1.51348078
v 16.23036957 -7.89927435 -2.80315185
v 15.67152977 -8.09801769 -2.03861761
v 16.56192398 -9.03528023 -1.94551265
v 16.97836876 -8.87413692 -2.49034476
v 17.38069916 -9.83088398 -1.73076057
v 17.74195480 -9.74652100 -2.16416168
v 14.48855019 -12.77116585 -2.76944852
v 14.84411812 -13.23605824 -3.57906079
v 15.97180367 -12.77822208 -3.06319237
v 15.68753910 -12.40727711 -2.47075462
v 15.82709122 -13.08249855 -4.03315783
v 17.31539917 -12.47226143 -2.93543649
v 16.99048042 -12.41285896 -2.47686338
v 16.59152031 -12.24339581 -2.18680596
v 12.25487614 -8.95049572 1.21973705
v 11.55727386 -8.95154858 2.15299749
v 11.98056412 -9.95869255 1.94756651
v 10.73976326 -8.90683937 2.84875631
v 10.99185181 -10.13284302 3.13870835
v 11.57670593 -10.14600849 2.62968612
v 9.98439121 -13.73591805 1.29520035
v 10.86749172 -13.42339993 0.90466553
v 11.51182747 -13.15896225 -0.03896923
v 11.47507000 -12.81266308 0.81013876
v 11.63937283 -12.41480732 1.51079512
v 10.55581760 -13.01582909 2.21440029
v 12.29194927 -11.18601322 0.81598413
v 12.34095097 -10.21025467 1.15614879
v 8.70614815 -9.22475529 3.72977686
v 8.50587845 -10.41526508 3.72882915
v 9.54324913 -10.15685654 3.67516756
v 8.47443962 -11.50308514 3.49970055
v 9.63361549 -10.92591953 3.70576334
v 3.34040070 -9.14676380 6.58706474
v 2.24926209 -8.78956318 6.67574549
v 2.61515164 -9.75336742 6.94273758
v 1.39994335 -9.30027103 6.75378942
v 1.97616148 -10.13442326 6.98391867
v 2.36922407 -10.67030239 7.23521757
v 2.86455464 -10.58899403 7.26481295
v 3.49806786 -10.53791237 7.12483978
v 1.00677538 -13.67988586 5.17069054
v 2.00070143 -13.97183990 5.11450148
v 1.92497492 -13.22621059 6.08388710
v 2.83985639 -14.11607838 4.80643368
v 3.22423005 -13.41879177 6.08889008
v 2.62431455 -13.32600307 6.27394104
v 4.53865194 -13.65313435 4.03089333
v 4.95678139 -12.68216896 4.71464539
v 4.33401060 -13.30778217 4.96805048
v 5.12555981 -11.72531605 5.26155758
v 4.46945524 -12.68585491 5.95597315
v 4.23953676 -13.14979935 5.66054440
v 1.00824988 -11.59129333 6.46425867
v 1.21262777 -12.65702248 6.11579990
v 2.12814140 -11.94080544 7.05975056
v 14.58471012 -19.31789207 -7.79284620
v 14.54110622 -20.26147270 -7.71738291
v 13.78889465 -19.88168144 -8.80999565
v 15.43584538 -20.38046265 -6.57184553
v 14.87044907 -21.00662804 -7.08418512
v 14.16289425 -20.75227547 -7.89232302
v 13.28819275 -20.58270645 -9.05687141
v 11.79251099 -20.80251312 -6.48426962
v 13.10114002 -20.90825844 -6.05982113
v 13.19951153 -20.45737267 -5.46769953
v 11.90573311 -20.17890167 -5.67918634
v 14.08000565 -21.12153435 -5.68234634
v 14.37901497 -20.86749840 -5.28401756
v 13.72064495 -19.98876762 -4.96020412
v 12.96980286 -21.18530846 -7.66809177
v 13.27544880 -21.18314934 -6.63740826
v 12.00410366 -21.13343620 -7.29482985
v 14.68497658 -21.37346649 -6.34419107
v 14.42483044 -21.32185745 -5.93417168
v 14.77723885 -17.29644203 -7.09187365
v 15.20084476 -18.42707634 -6.50428104
v 15.12311649 -18.97096062 -6.94442272
v 14.62852383 -18.04201698 -7.70937824
v 15.63677311 -19.21920395 -6.06656170
v 10.44480801 -17.76080704 -1.87947559
v 10.33516693 -18.71629143 -1.34264803
v 10.42337418 -19.40896988 -1.69429278
v 10.33948517 -19.38782501 -0.89797753
v 10.24482727 -20.12855721 -2.15805292
v 7.03689575 -20.13577080 -0.51505214
v 7.28098011 -19.31436348 -0.01337593
v 8.41956615 -19.53043175 0.33555669
v 7.90927982 -18.92588234 0.19663665
v 7.24248457 -18.04201698 0.16451336
v 8.03929996 -21.66141701 -3.06603599
v 7.55313253 -21.64920044 -2.37551713
v 8.88624954 -21.69701576 -1.60142481
v 7.95678043 -21.47689247 -1.12663209
v 7.33674812 -21.36556625 -1.69537234
v 6.47479057 -21.34555626 -2.40261126
v 0.39379990 -21.89902496 -0.48953784
v 1.12420964 -21.95916176 0.67395711
v 0.81761664 -21.48326492 1.08334470
v 0.78293931 -20.78711128 1.75645924
v 2.28580880 -18.37915421 2.49861240
v 3.10229325 -18.67295074 2.21116161
v 2.45822144 -19.83976364 2.74469781
v 3.43013501 -19.86925316 2.13719916
v 3.55989218 -19.22246933 1.83892655
v 3.83204484 -18.31522369 1.50926793
v 3.20853710 -21.64151192 -1.17455375
v 3.10563731 -21.73261452 -0.19505681
v 2.57792020 -22.07380676 -0.81203455
v 3.09078693 -21.90081406 0.51249808
v 2.75238633 -22.13989639 0.63772625
v 2.06676483 -22.23966217 0.01450817
v 3.72013998 -19.93581772 1.48064649
v 3.66779470 -20.67986488 0.93757874
v 10.64634228 -25.80769157 -11.82521439
v 11.64737701 -25.89347649 -10.93065929
v 11.43115044 -25.89916229 -10.42711353
v 10.27070999 -25.91548729 -10.86609650
v 12.73335457 -26.03071022 -10.35117626
v 12.31996536 -25.95203400 -9.81750774
v 11.21545029 -25.74381256 -9.98002052
v 10.02467728 -25.74676132 -10.27102566
v 10.46334457 -23.71130371 -8.91247463
v 11.52899551 -24.23791504 -9.04212570
v 11.87961292 -23.94143295 -9.30522060
v 10.89527130 -23.34541512 -9.24971581
v 12.38442230 -24.54872131 -9.06266403
v 12.81287289 -24.45698547 -9.25435066
v 12.44872189 -23.92439842 -9.76229286
v 8.63210678 -26.32729721 -4.85251236
v 8.99478340 -26.42430115 -5.36063957
v 9.04054642 -25.76666832 -5.01049566
v 8.63568783 -25.83818245 -4.62764931
v 9.01863861 -25.78910255 -6.40601540
v 9.16377354 -25.55823517 -5.64758968
v 8.88356304 -24.94526100 -5.76681471
v 8.61694050 -24.87421989 -5.29960489
v 8.41693306 -25.23647499 -4.68262720
v 10.56413746 -24.97759438 -9.28894806
v 11.01065159 -24.51114845 -9.01871777
v 12.39663982 -25.37339401 -9.17325211
v 5.40758657 23.96438980 2.61046147
v 6.03042316 23.75170898 2.40000463
v 5.87782431 24.47878647 2.61462498
v 1.54607809 24.56778526 4.57514620
v 1.99321043 24.18460846 4.86557198
v 1.26399875 23.77562904 4.69500303
v 1.65074205 22.97107315 4.62193537
v 2.51335764 22.49951744 4.21941996
v 2.50656438 22.86667252 4.53170061
v 2.06457949 23.17647743 4.83168459
v 2.84715009 23.19372368 4.69961071
v 8.76241684 25.09498787 -0.95032269
v 8.88940907 24.13048744 -1.39530921
v 9.46003151 24.81483078 -1.44507396
v 9.71718979 24.25839996 -2.56385946
v 9.95666599 24.57707977 -3.05168581
v 9.98334503 24.97244644 -3.47999191
v 10.03689480 24.98917961 -2.06800246
v 15.80202389 -18.46520233 -11.98419762
v 15.31396103 -19.07206917 -11.61104107
v 15.76800537 -19.04500198 -10.80816936
v 14.98756695 -19.25533104 -11.08316612
v 16.83328819 -16.31957817 -10.56540203
v 17.01494217 -16.70242500 -11.22772026
v 17.35784531 -17.26316071 -10.36718559
v 17.12213326 -17.48617935 -11.45226765
v 16.65545082 -16.85198212 -12.00463009
v 15.69564915 -18.87406349 -10.28018951
v 14.92995548 -18.96780014 -10.43069458
v 15.11648178 -18.28499603 -9.80855560
v 19.14690018 -10.56687641 -11.00649166
v 18.79075432 -9.46973419 -11.10475731
v 19.68651962 -9.97643948 -10.50041771
v 18.82203484 -8.69182396 -10.63501930
v 19.67388153 -9.44256115 -10.15643501
v 20.40692329 -9.83804607 -9.83246422
v 20.59197426 -10.27081585 -9.91998672
v 20.57406998 -10.81943893 -10.01877880
v 18.18346596 -8.55985546 -7.87894726
v 17.98556519 -9.32828617 -7.68136263
v 19.08028412 -9.89776421 -7.93476772
v 19.19645500 -9.36620235 -8.11613274
v 18.39848137 -10.43374920 -7.88521385
v 20.12276459 -10.80701065 -8.15942001
v 20.16320801 -10.25954628 -8.13161469
v 20.18869591 -9.79112530 -8.35674191
v 17.58765793 -12.10531807 -8.70140839
v 17.69066238 -12.57537174 -9.34840298
v 18.89755058 -12.13607216 -9.13470459
v 18.79359818 -11.78850937 -8.65580368
v 17.88434982 -12.72924709 -10.07186127
v 19.04605484 -12.25951004 -9.66752911
v 20.17553139 -11.94301701 -9.27762699
v 20.01270294 -11.87055492 -8.85223007
v 19.71463966 -11.71625805 -8.56491089
v 18.65467644 -8.08885479 -9.14386749
v 18.42612839 -8.16795158 -8.40892887
v 19.40467644 -9.07772541 -8.51330280
v 19.58614731 -8.99757481 -9.05444908
v 20.54099846 -9.70955276 -8.94480801
v 14.47295666 17.70925903 -5.90158749
v 13.73834038 18.62813568 -6.43698025
v 15.03533077 18.08841324 -7.11741447
v 13.84597969 19.01314163 -7.73992205
v 16.56395149 16.55697441 -6.39158630
v 17.27387810 15.01351738 -5.76670599
v 18.52669144 14.10428905 -6.09857321
v 19.49514961 2.00143886 -10.31315517
v 19.16425323 3.27565384 -8.25318336
v 18.50101280 4.77396822 -5.94239998
v 18.15876770 6.55265045 -5.02905846
v 17.51624870 8.19923210 -4.04005623
v 17.59555626 4.62188292 -3.99966526
v 12.06677055 19.68494034 -4.09629822
v 11.57280922 20.15709877 -3.63740921
v 12.22749233 19.65797806 -3.02158999
v 12.58874798 19.30188179 -3.35156465
v 11.20270634 20.27980042 -2.97061419
v 11.94565010 19.77214622 -2.55153680
v 12.61644745 19.43206024 -2.14257050
v 12.98823452 19.16999245 -2.67465854
v 16.10260773 17.87873650 -8.05614567
v 17.17629433 17.02447319 -7.51229429
v 18.23245049 12.20452499 -5.04009104
v 19.34369469 12.26235390 -5.76634073
v 10.66609001 -23.28348541 -18.92051125
v 11.36890507 -23.34425545 -17.69919395
v 10.87799835 -23.61988449 -17.58513069
v 11.37764740 -22.95667076 -18.93567657
v 12.40943623 -22.88410187 -18.11784935
v 12.37209988 -22.95235062 -16.62448692
v 11.49381733 -23.39354706 -16.24458885
v 12.13912678 -22.63006592 -19.26733780
v 13.26991940 -21.99992180 -20.09680176
v 13.52959156 -22.46323586 -18.95779419
v 13.87388992 -22.42068481 -17.86202240
v 14.27898502 -22.11577797 -16.72311974
v 15.08356857 -21.44592857 -16.30636024
v 14.21829319 -21.74893951 -14.84696198
v 12.73746300 -22.61331940 -15.03011703
v 12.09320641 -22.93602753 -14.60240364
v 13.58225250 -21.74082947 -13.86167240
v 12.74810028 -21.90218353 -12.20916653
v 14.97693634 -19.99139977 -13.59751701
v 15.77179718 -19.26786423 -14.12613678
v 16.34569740 -19.79718590 -16.14282036
v 16.79629326 -18.65108299 -15.78240776
v 17.47942543 -17.79913139 -16.89717674
v 16.41489410 -17.22408485 -13.14421749
v 17.16152382 -16.39067078 -14.38038445
v 17.37954140 -14.86718369 -13.17781448
v 8.46885681 -20.52088356 -22.43348122
v 8.94391346 -21.55504036 -21.70881271
v 10.06017113 -22.14073944 -20.82642174
v 9.15766430 -22.46144485 -21.00736618
v 10.89126873 -20.42045784 -21.87674904
v 11.55924892 -21.47204781 -21.05465508
v 12.10971546 -21.99518204 -20.38793945
v 10.70958805 -22.68725586 -19.90790749
v 9.92936039 -23.01480865 -19.99669266
v 9.65352154 -17.78223991 -23.08152962
v 10.37339973 -14.75206661 -23.00353813
v 10.48630524 -16.41768646 -22.98563385
v 10.73907852 -14.99757290 -23.04061127
v 10.87620735 -17.76185989 -22.77551651
v 10.26344585 -18.86282158 -22.71854782
v 12.29037476 -7.36492682 -21.81234932
v 10.45905304 -11.91826630 -23.01612282
v 11.81505013 -10.66124535 -22.23689842
v 11.26874352 -11.84706783 -22.58898926
v 11.00280476 -13.08618450 -22.96214676
v 17.43925858 -6.47700262 -17.07768822
v 16.28948212 -8.30610752 -18.84807587
v 15.17893600 -7.42064857 -19.68916893
v 15.56768227 -9.18736553 -19.92939186
v 14.84074783 -8.95428753 -20.38564873
v 14.04703903 -8.96018505 -20.87760925
v 16.60847092 -9.51661587 -18.76450920
v 16.18760872 -9.61908150 -19.48882866
v 16.71790695 -10.26428509 -19.03225708
v 17.46148109 -9.28094387 -17.30039215
v 17.58312798 -12.83330536 -17.66496468
v 17.17310905 -11.21597767 -18.52650070
v 17.41279602 -10.93347645 -17.55350685
v 18.61475945 -8.18532944 -14.65348530
v 19.06511879 -8.85612679 -14.78092480
v 18.92166901 -8.93596077 -15.23359966
v 18.41580582 -8.29075718 -15.29163265
v 19.52263832 -9.37146854 -14.91089249
v 19.31844521 -9.55264950 -15.44182205
v 18.73975182 -9.60636425 -15.75486565
v 18.17411804 -9.21043110 -15.99178886
v 18.18188667 -12.12838364 -14.23461819
v 18.83188248 -11.21940041 -14.28943825
v 18.44274330 -10.68080902 -13.71495819
v 19.28579521 -11.27187729 -14.56427670
v 19.46844864 -10.16944218 -14.29612637
v 19.25648880 -10.62785816 -15.77927494
v 18.08962440 -11.71794319 -16.16275215
v 18.66162872 -11.42662144 -15.86121559
v 18.69354057 -11.77134132 -15.58958912
v 18.11627007 -12.18641663 -15.81750679
v 19.17470551 -11.32861900 -15.64514637
v 18.85376358 -11.85841656 -15.19297218
v 17.74381065 -13.00111580 -16.25425339
v 17.63231277 -15.72458553 -17.17384720
v 17.54319763 -15.29631901 -15.13492680
v 8.51722622 17.27692986 -17.82065773
v 10.48124981 18.12986946 -15.71797657
v 10.20957088 15.88759899 -17.36932373
v 13.67072296 10.10198402 -18.27583313
v 12.10764694 11.54123688 -18.21977615
v 12.93746281 13.16141796 -16.73165131
v 13.75526428 12.77950573 -16.47572708
v 11.14936161 21.01047325 -12.77311420
v 13.37624168 17.90991783 -12.89965916
v 12.63104725 20.12111855 -11.54766369
v 14.79672337 17.42756844 -11.91500092
v 13.68504715 19.41931725 -8.94859982
v 13.80273438 19.18349075 -10.36636257
v 11.67518234 21.85068130 -10.56729794
v 11.33499527 22.58882523 -9.50552750
v 11.02539730 23.11653709 -8.03320503
v 10.95414639 22.65502739 -5.95860624
v 12.45003796 20.67000580 -7.42494249
v 12.10117149 6.12812281 -20.13523102
v 13.48735714 8.46464443 -18.93862534
v 13.69694805 6.76358461 -19.37592506
v 14.04530239 4.33506393 -19.69673538
v 13.49678326 15.62819004 -1.86936462
v 13.91317463 15.31101227 -2.55501246
v 13.87557507 16.22805214 -2.26000500
v 14.10106945 15.80244541 -3.12238359
v 13.99732780 16.59141350 -2.68466425
v 13.98969173 17.04883003 -2.18743777
v 13.69410419 16.94424438 -1.63597059
v 13.88642311 16.94060898 -3.32107401
v 13.46676636 17.84453964 -3.64936328
v 13.69178772 18.20895386 -2.65443683
v 13.95214367 17.59418678 -2.47307181
v 12.53071499 19.92433739 -5.76734114
v 11.27390480 18.32088470 -1.18247926
v 12.11864185 17.02178764 -0.91648787
v 12.22696590 15.76305485 -0.89787221
v 12.64172459 16.56676865 -1.06291223
v 13.16122723 17.03513718 -1.19072068
v 12.49827576 18.50701523 -1.23121715
v 16.10693169 10.53717518 -2.17100763
v 15.52070808 11.08980083 -1.71338236
v 16.30230522 10.56297970 -0.93294454
v 16.72991371 10.12557602 -1.29451585
v 15.37804985 10.95909595 -0.77659363
v 16.78036308 10.21531105 0.15524501
v 17.12213326 10.12536526 -0.26951966
v 17.25747299 9.92483139 -0.66100246
v 19.40267563 -3.48901033 -9.45319843
v 20.05683327 -2.56391215 -9.38257980
v 20.46937943 -2.98936152 -8.79946327
v 20.41071510 -1.69782114 -9.20827198
v 21.63403320 -2.29202294 -8.37059116
v 21.35061073 -2.72689843 -8.34057426
v 19.64844513 -1.34177923 -5.76631403
v 18.69659615 -2.37364769 -5.90278578
v 20.53267860 -2.13482928 -6.06003189
v 18.76031494 -3.25119257 -6.45425272
v 19.96193695 -2.80262518 -6.44003439
v 20.91594696 -2.59956384 -6.37062693
v 19.14632225 -3.95074296 -8.09117126
v 19.30030251 -3.88523269 -8.86802864
v 20.41756058 -3.30543351 -8.31771946
v 20.30813217 -3.37726331 -7.69768763
v 21.52355003 -2.85328507 -7.89116430
v 21.46562386 -2.90152264 -7.31273460
v 19.89990234 0.61545056 -7.39346409
v 19.09976959 0.90945762 -6.65457582
v 20.24620247 0.26520142 -6.64109468
v 18.88269997 0.54535860 -5.97156096
v 20.04998589 -0.01885268 -6.11585236
v 20.98061371 -0.33155444 -6.18410158
v 21.33902550 -0.25709161 -6.53556156
v 21.55198669 -0.25414258 -7.09313774
v 19.22046852 -4.08924198 -12.91113853
v 19.90221977 -3.75189471 -13.32537174
v 19.68472862 -3.01974702 -12.62202930
v 20.46622086 -3.55904961 -13.55792332
v 20.68076134 -2.98894024 -13.37329292
v 20.28772545 -2.09601808 -12.79449463
v 18.71281433 -1.25186026 -15.53376865
v 19.52221680 -1.57393575 -15.31111717
v 18.96674538 -2.09217405 -15.72066307
v 20.16257668 -1.74129283 -15.22127724
v 20.07189369 -2.65024352 -15.40527534
v 19.53485489 -0.28489670 -12.32912827
v 20.13898468 -0.85763907 -12.89576149
v 20.15804672 -0.68754369 -13.38298225
v 19.53759384 -0.09521132 -12.96169376
v 20.65316772 -1.18445408 -13.25585842
v 20.78861237 -1.17413247 -13.66598320
v 20.24190903 -0.89205313 -14.08629894
v 16.37618828 -3.90929866 -18.25655937
v 17.31792641 -3.82325053 -17.15541649
v 15.31554031 -3.88918209 -19.25980568
v 13.71576118 -2.21804714 -20.34253311
v 13.81259251 -3.91061521 -20.47643661
v 17.72004700 -0.17883718 -17.36869240
v 17.32782745 -1.84524584 -17.28306580
v 16.18750381 -2.22156239 -18.41475296
v 12.61865902 0.14550273 -20.84403801
v 14.70035362 2.34889698 -19.65060425
v 15.36335659 1.30020320 -19.34611702
v 14.98261738 -0.12333236 -19.41489410
v 16.27723885 0.43940443 -18.78538322
v 16.62137985 5.68113518 -0.51528913
v 16.77067375 5.33383465 -1.62133074
v 17.53062630 6.63888264 -0.53350985
v 17.03113556 5.84707022 -2.23399019
v 17.43346596 6.62161016 -1.33495951
v 17.82663345 7.13695192 -0.67037612
v 17.53699684 7.01488352 0.32744688
v 14.05156803 10.55097294 0.24139860
v 14.64806080 9.50780773 0.79581493
v 15.18272972 10.14621925 0.52850705
v 14.85949516 8.42030334 1.02399564
v 16.45354843 8.68529415 1.24385583
v 16.26470566 9.44666862 1.07860518
v 16.02572823 9.94715977 0.80213428
v 19.44095993 6.20617962 -6.86385775
v 18.58518982 7.83363199 -5.16940069
v 14.36953640 11.07747841 -0.39559039
v 15.43992615 10.55771351 0.05982304
v 16.40425682 10.13157940 0.57305837
v 21.15381050 9.89440250 -34.20507812
v 17.97429466 12.54804039 -24.38647079
v 17.30800056 11.76265240 -24.19955254
v 16.93697739 11.07421398 -24.85844803
v 16.41205025 10.38656425 -22.37528992
v 17.50466347 11.90836525 -22.21851921
v 16.58593750 10.13900375 -24.68174362
v 16.44033051 9.19800282 -24.79549217
v 15.93394089 8.50624657 -22.56697845
v 16.08876419 9.47500038 -22.46755409
v 15.43550301 8.13898754 -21.00515366
v 15.61318111 9.13702106 -20.91331291
v 15.81113434 10.05911732 -20.37248421
v 16.60568619 10.96115017 -21.26335335
v 16.96594048 11.49618721 -20.24367523
v 24.86626816 12.34155655 -29.04582214
v 24.21305847 12.97659683 -28.98647499
v 23.45342255 13.46529198 -28.94008064
v 23.28917313 13.61585045 -26.56495857
v 24.04733467 13.12573338 -26.62451744
v 24.69922638 12.48863792 -26.70208740
v 22.61711121 13.78931522 -28.90943146
v 21.73630142 13.93534470 -28.89484406
v 21.57515907 14.08727264 -26.51045418
v 22.45433617 13.94087410 -26.52677917
v 21.20313263 13.67659473 -23.94256592
v 22.07980919 13.52456188 -23.95699310
v 22.91209221 13.19263935 -23.99388504
v 23.66785812 12.69464874 -24.05294228
v 24.31745911 12.04862881 -24.13043404
v 24.46488380 5.54239941 -29.88200378
v 24.98376846 6.31499052 -28.63439560
v 25.45885086 7.07258654 -28.82674026
v 24.29026222 5.70641232 -27.51106644
v 25.84278297 7.82752371 -30.04491615
v 25.93363380 8.86269188 -28.80873680
v 25.29082108 7.58354425 -24.67208099
v 24.97848892 6.68712044 -24.77648163
v 24.50988388 5.86884546 -24.87158775
v 23.90264893 5.16384506 -24.95297432
v 18.05744743 5.83035040 -30.34244537
v 18.71086693 5.19862747 -30.38691711
v 19.47121429 4.71024799 -30.42725754
v 19.33874512 4.98448086 -28.13188934
v 18.52307892 5.44563437 -27.53586960
v 17.87034416 6.08051729 -27.46393585
v 20.29014778 4.47940826 -29.93585014
v 21.17235184 4.34067249 -29.93790245
v 21.05644608 4.52106285 -28.17875862
v 20.17542458 4.66335344 -28.16506577
v 20.06009674 4.60911226 -27.08646011
v 19.22552490 4.93139839 -27.04928207
v 20.93901253 4.46597958 -27.10236549
v 20.77786827 4.26039028 -25.98489571
v 19.90074539 4.40615654 -25.96825409
v 19.06817245 4.73202372 -25.92949677
v 18.09790421 4.85422373 -24.86237144
v 17.44996262 5.50951242 -24.79126549
v 18.43560600 12.72445488 -29.00190353
v 17.74977493 12.10371208 -27.90771103
v 17.32367897 11.23542309 -28.69570541
v 18.27957153 12.86985207 -26.66785622
v 16.98334503 10.34280300 -28.49693680
v 16.83872414 9.41504574 -28.58743477
v 25.96119690 9.76816463 -29.55495071
v 25.75629234 10.67804432 -29.47345734
v 25.58667183 10.87231064 -26.90035629
v 25.71012306 9.84272003 -26.51272392
v 25.38634872 11.58286762 -29.11707497
v 25.21815109 11.72752762 -26.79571915
v 24.83427620 11.27659035 -24.22456551
v 25.20103455 10.40928745 -24.33020401
v 22.06345940 4.38151121 -29.94135284
v 22.94998169 4.51653433 -30.43884087
v 22.75608253 4.75956535 -27.61301994
v 21.88817596 4.53512335 -27.63713837
v 23.75951576 4.91070271 -30.41788292
v 23.56706619 5.15373373 -27.57162857
v 23.17747688 4.60100269 -25.01924706
v 22.36428642 4.20001459 -25.06735420
v 21.66626167 4.30188751 -25.97941780
v 16.87059784 8.47717762 -28.67781448
v 17.16726494 7.43261766 -30.24749756
v 16.98137093 7.69510698 -27.27825356
v 17.53702354 6.58545828 -30.29415512
v 17.35057831 6.84073257 -27.37688637
v 16.93455505 6.29114819 -24.70307159
v 16.56915092 7.16753483 -24.60181618
v 16.47118759 8.24657440 -24.91060829
v 20.84416962 13.89495468 -28.89789963
v 19.98134422 13.61577129 -29.20285988
v 19.81606483 13.82333469 -26.54952812
v 20.68439484 14.04672337 -26.51914406
v 19.16883469 13.22131348 -29.23653603
v 19.00397873 13.42600727 -26.59960938
v 18.69696426 13.10835457 -24.31311607
v 19.41669655 13.37962532 -23.86038780
v 20.31484604 13.64136505 -23.95499229
v 21.76174927 13.14644146 -32.86687469
v 20.88707542 13.10649872 -32.86537552
v 20.03547859 12.85961056 -33.01462936
v 19.23834801 12.47284031 -33.03274536
v 18.52589417 11.95972347 -32.91955185
v 17.06720734 8.09364605 -33.91729355
v 17.00198746 8.14175224 -32.73075867
v 17.18142891 6.66784668 -34.07712173
v 17.15193939 7.02983904 -32.15203857
v 17.88331032 5.16862392 -34.35966110
v 16.92702293 6.05010509 -34.03920364
v 17.53552246 6.23992205 -31.89147186
v 18.05339241 5.50213957 -31.88957787
v 22.96983528 3.68596292 -34.26554108
v 22.62969589 3.30222130 -34.15010834
v 21.15792465 2.91047525 -34.39935303
v 25.61710930 6.54219723 -32.22429276
v 25.14263344 5.80441475 -31.95550919
v 25.33202934 5.38504791 -32.66267014
v 25.69294357 5.91889954 -32.86175537
v 24.54313850 5.13235331 -31.94308090
v 24.74298859 4.84761429 -32.58291245
v 23.01070023 4.05543327 -32.30517960
v 23.83242416 4.57414532 -31.98794746
v 21.22117043 3.91904092 -31.94750404
v 22.10229683 3.94558215 -31.98752594
v 25.82408714 7.48306704 -33.66867447
v 25.90435028 9.08196449 -33.25450134
v 25.70297432 9.97791386 -33.20376205
v 25.34214020 10.84127998 -33.01679993
v 24.83206367 11.58555317 -32.97081757
v 17.92999458 11.28075027 -32.95542526
v 17.47198868 10.46529293 -33.13469696
v 17.16434097 9.59777927 -33.17927551
v 19.44659615 3.88944554 -34.23826218
v 19.39999008 3.86232495 -33.42794037
v 18.86289978 3.85442591 -34.11993408
v 19.46018219 4.25849485 -32.27968979
v 18.88549232 4.16939163 -32.86954498
v 18.69664764 3.83294010 -33.60591125
v 19.78936768 3.77480221 -32.87002182
v 19.78565407 3.40654302 -34.12048721
v 19.72459412 3.41217756 -33.59500885
v 20.37424850 3.86814404 -32.28811646
v 18.51211166 4.73884296 -32.29614639
v 24.09030724 4.31810713 -32.63025284
v 23.55553246 3.90713978 -32.90498734
v 25.53811836 6.18231106 -34.15010834
v 24.19098091 12.20732307 -32.93247986
v 23.41576958 12.49016571 -33.73366547
v 23.47559357 12.88162231 -32.06849289
v 22.62529945 13.00325584 -32.87931824
v 24.57489395 6.62184668 -19.97296906
v 24.63574409 7.87723541 -20.50600624
v 24.43573761 8.88461685 -20.46980095
v 24.09831047 8.31274319 -17.85264778
v 24.31595993 7.24343252 -18.05381393
v 24.07066345 9.81295300 -20.43488693
v 23.55224037 10.63396645 -20.40207863
v 23.18594933 10.19235992 -17.73282051
v 23.68327141 9.34575653 -17.67553329
v 24.23259735 6.23428726 -16.87588882
v 23.84900284 7.75489378 -15.43453789
v 19.47284698 1.86457253 -20.98782921
v 20.42954063 1.85872710 -20.89998817
v 21.96960258 2.63310909 -21.40202141
v 20.90288544 1.06501865 -18.68321991
v 19.82112122 0.79813200 -18.88312149
v 18.73451233 0.78707319 -19.14137077
v 23.17439842 3.43621755 -21.31548691
v 22.74054909 2.16711068 -18.50164413
v 21.89186287 1.52243316 -18.56209946
v 21.83941078 1.47082531 -17.31676865
v 20.78187180 0.96222413 -17.49634361
v 22.70958328 2.13182783 -17.24957275
v 22.68283272 2.36964536 -15.98633766
v 21.11942863 1.62849271 -15.13117504
v 20.76217651 1.14200914 -16.23921776
v 19.55023193 0.62266517 -17.81641769
v 18.26214218 0.51281404 -18.29552841
v 19.46723938 0.67932850 -16.60974121
v 15.24213123 7.07733917 -20.65838051
v 15.05855465 8.14214706 -20.09295845
v 15.40969944 6.00421095 -20.75917435
v 14.86391830 5.65485716 -19.72427750
v 14.56975365 8.28306866 -19.31420517
v 15.74251747 4.94824982 -20.84274864
v 16.45997238 4.12389278 -21.33976364
v 16.00118828 3.80202794 -20.44989586
v 15.48258209 3.61034155 -19.84513474
v 14.64598083 4.53367519 -19.58696365
v 14.20491791 7.26202154 -19.30172539
v 20.39620781 12.49925041 -20.34465218
v 19.49443817 12.54040432 -20.36108208
v 18.54888153 12.32523155 -20.14298630
v 18.26329994 12.21243095 -18.80655289
v 19.15285110 12.28478718 -18.76484489
v 20.06778526 12.16535187 -18.73145676
v 17.71688843 11.99652004 -20.18843269
v 16.65639877 11.51424980 -18.94083786
v 17.42282867 11.94796658 -18.86942863
v 16.78670883 11.80654621 -18.12614441
v 18.16461372 12.36072445 -17.98893547
v 16.75316238 12.22135735 -17.35373688
v 18.10405350 12.69933605 -17.20059776
v 19.04152679 12.40411758 -17.93522072
v 19.95814514 12.25624561 -17.88803673
v 18.53295517 13.26106548 -16.30164719
v 19.69330215 12.98948765 -16.25405502
v 22.89634705 11.32411766 -20.37464333
v 22.13062859 11.87305641 -20.35360336
v 21.85057640 11.40218735 -18.69259262
v 22.63364601 10.81490993 -18.67953300
v 21.28612709 12.27099037 -20.34344101
v 20.98093033 11.86170769 -18.70965576
v 20.89614487 11.92132092 -17.84780312
v 21.64917564 11.73727226 -16.94429970
v 20.61505508 12.60579586 -16.17061043
v 22.43326759 11.06542110 -16.87692451
v 23.70161438 3.87501621 -20.65085030
v 24.19246864 4.78523779 -20.61322403
v 23.88619232 3.97970653 -17.89978027
v 23.41756058 3.00252676 -18.49205971
v 24.35700798 5.41648674 -19.25949097
v 24.04591370 5.26147842 -16.18950462
v 23.76723099 4.21025705 -16.08428764
v 23.37774849 2.98346353 -17.25189018
v 23.32255936 3.22370362 -16.00971985
v 17.09432793 3.33028960 -21.36177444
v 16.62617111 2.88530302 -20.44483948
v 17.71109581 2.57102156 -21.14107132
v 16.83934212 1.70400870 -19.67661858
v 16.08776283 2.55817223 -19.81122017
v 18.76889801 2.42657208 -21.61768150
v 17.72847366 1.09640467 -19.42932320
v 17.12329102 0.82130295 -18.87322044
v 16.18803024 1.50421238 -19.30788612
v 15.45572472 2.43052173 -19.56129074
v 21.32406807 3.64794159 -24.21390343
v 20.43151665 3.61181617 -24.22527695
v 15.95658398 7.51637554 -22.66966629
v 18.23365021 12.46083355 -22.15690613
v 18.72166252 4.10877895 -24.18762398
v 19.55318260 3.76837730 -24.21679688
v 17.67973709 16.71563911 -10.45966530
v 15.58958244 18.15852737 -9.44983482
v 16.09489822 16.75113487 -11.95181084
v 14.80069256 18.58436203 -8.48394394
v 19.69257545 15.14923668 -9.97833538
v 19.04005051 15.87401199 -10.06096077
v 18.46100998 16.26103210 -8.54640102
v 20.55842972 7.60726786 -7.20859718
v 20.83600616 8.50445557 -7.24158955
v 21.12946129 9.19236851 -7.71311712
v 20.46937943 10.17202282 -6.48532295
v 20.13066292 9.57853222 -5.98988724
v 19.63259315 8.67829037 -5.70296288
v 21.10536194 11.01437759 -8.21735382
v 20.48175430 11.54068565 -6.92872953
v 20.00127602 11.27564240 -6.11487818
v 19.23429108 9.78333187 -5.18588352
v 20.18148041 13.34527779 -7.61374569
v 19.62722397 13.75008297 -6.96943712
v 23.59988785 7.11962652 -14.20984745
v 23.37803841 9.10485172 -14.62140083
v 21.67305374 11.41287708 -10.24640656
v 21.88422585 10.00603580 -9.75247192
v 20.89913368 13.29283333 -10.44717121
v 15.63605404 12.90495110 -16.15154457
v 15.17293453 11.17532253 -17.66349030
v 14.46980286 10.70969296 -17.88972092
v 14.45754623 12.64198780 -16.31478500
v 15.37030888 15.05360413 -13.89511204
v 23.15530777 3.58348441 -14.76565361
v 22.55770874 2.74606705 -14.70130157
v 23.26094818 5.08572531 -13.78376675
v 22.59907150 4.72325516 -12.46424389
v 21.95343399 3.88526869 -12.15696144
v 23.49425697 6.10239124 -13.97299194
v 16.77730751 15.50942516 -13.28035927
v 16.13842392 15.92935944 -12.94679070
v 15.44350719 16.51326561 -12.51870823
v 16.08744812 10.88642406 -19.42563629
v 15.41907215 10.24617004 -19.09787369
v 15.27730846 9.16103458 -19.99342918
v 14.95354843 9.41149139 -19.20182610
v 14.68192196 9.93462658 -18.54356194
v 15.26709270 10.59868336 -18.37451935
v 14.19375324 9.15871811 -18.75673485
v 14.90588951 15.70812893 -13.44306850
v 18.42444229 11.16473770 -34.10887527
v 21.31832886 12.57368660 -34.05347824
v 17.69415855 9.48886490 -34.19469070
v 17.30950165 8.00717640 -34.24742508
v 20.47993851 3.83596158 -34.41861343
v 23.29233170 4.06991529 -34.43089676
v 25.13278580 6.18952560 -34.38259506
v 25.61579514 8.37891197 -34.28413391
v 25.10719872 10.00194740 -34.21665955
v 24.29731560 11.42293549 -34.12836075
v 22.89845276 12.14224052 -34.09642792
v 19.94070244 4.46571589 -8.86962128
v 20.51164055 3.17696667 -11.04330158
v 18.90734482 4.64428997 -6.94168425
v 21.14324570 2.40178180 -13.23174000
v 19.62953949 1.59194589 -12.18546867
v 19.44870186 1.02583873 -13.72212029
v 19.75466347 1.03184211 -15.13501835
v 18.92567062 0.46742016 -15.31375027
v 18.18575668 9.38296223 -4.58057022
v 18.73409081 8.45463848 -5.07547951
v 17.26565933 -12.06245708 -34.24978256
v 18.23970795 -17.06015015 -19.23595047
v 18.66240883 -15.27989483 -20.04351234
v 17.91805267 -14.09548759 -18.53713799
v 19.67619705 -8.62499714 -28.32563019
v 19.04405403 -8.06973839 -28.33953094
v 18.31951523 -7.71709299 -28.70110321
v 18.21253395 -7.45860577 -26.10738564
v 18.92346001 -7.88968992 -26.07726288
v 19.54833603 -8.45706081 -26.06830978
v 17.53749847 -7.45605183 -28.71187401
v 16.72467232 -7.35986614 -28.72193146
v 16.63891411 -7.07628632 -26.18901062
v 17.44104958 -7.18508387 -26.14161491
v 17.25631332 -7.30588865 -24.44961357
v 18.01094818 -7.59805250 -24.38294411
v 16.47240067 -7.17686892 -24.54672050
v 16.03884125 -7.84750843 -22.52232170
v 16.77693939 -8.04166985 -22.32484245
v 17.69245338 -8.02808380 -22.77899170
v 18.70807648 -8.04693604 -24.33323288
v 19.32473755 -8.62705135 -24.33165169
v 18.36609459 -8.52236080 -22.70031548
v 18.96769524 -9.14155006 -22.70021057
v 19.59026909 -14.84410477 -27.79112053
v 20.19226265 -14.35881996 -29.17547417
v 20.57391167 -13.60569954 -29.16169167
v 20.82028770 -12.78664780 -29.30820656
v 20.89841080 -11.75912476 -28.31135941
v 20.66712189 -11.68787384 -25.51299858
v 20.51527405 -12.66881943 -25.45067596
v 20.13766670 -13.58751774 -24.88054085
v 19.84905815 -13.17331219 -22.60278702
v 19.76077271 -14.30589485 -25.04702759
v 19.21572876 -15.04259777 -24.72287178
v 13.77104282 -15.03114414 -29.35112572
v 14.40808392 -15.58498096 -29.38870049
v 15.12026691 -15.97324562 -29.27886200
v 14.27885342 -14.98451233 -26.75585365
v 13.64686775 -14.42946434 -26.69192314
v 15.90718842 -16.22327423 -29.27464867
v 16.72153282 -16.31044197 -29.26944923
v 16.29219437 -16.05848312 -25.99511147
v 15.50648975 -15.90671444 -26.09106064
v 14.74532604 -15.60707283 -26.11370468
v 13.88510609 -15.53513718 -25.74607658
v 13.25280476 -14.98603916 -25.62553596
v 13.77283287 -8.74345875 -29.38211823
v 13.19148064 -9.18091488 -27.59416771
v 12.85968876 -10.14579773 -29.18350601
v 13.65013218 -8.30602932 -25.73570442
v 12.56103516 -10.74921513 -27.69625092
v 12.54035187 -11.71633720 -28.70821190
v 12.41233253 -11.34189034 -26.21781731
v 12.47518444 -10.06130314 -24.64314270
v 11.93311691 -12.05376339 -24.58279228
v 11.92413807 -11.39821148 -24.13198662
v 12.60886383 -9.74128151 -23.52849007
v 13.22889614 -8.90325832 -23.43414879
v 20.81689072 -10.89753532 -28.30103683
v 20.57923126 -10.06538486 -28.30145836
v 20.44631386 -9.91472054 -26.10085487
v 20.68560600 -10.74771500 -26.16025734
v 20.18980217 -9.36014652 -28.64928436
v 20.06178284 -9.14218235 -26.07062721
v 19.83502388 -9.32607460 -24.34123611
v 20.22282028 -10.10135174 -24.42022896
v 19.46702766 -9.90482044 -22.72675133
v 19.85377121 -10.72801971 -22.86956787
v 20.47095871 -10.92339230 -24.57989693
v 19.76108742 -12.28744698 -22.30024910
v 17.53468704 -16.22756004 -29.25839043
v 18.33813286 -16.00018883 -29.42493248
v 18.15460777 -15.53234673 -26.53857422
v 18.96436501 -15.37228298 -27.88955688
v 18.55994034 -15.63250732 -24.97656631
v 17.89835739 -15.90081596 -25.46607780
v 17.07968903 -16.04837227 -25.83712769
v 12.61900139 -12.59248638 -28.71979904
v 12.85881996 -13.58899307 -29.31694984
v 12.73630333 -13.00340176 -26.48154259
v 12.49427319 -12.18799686 -26.35341644
v 13.24872303 -14.35676575 -29.32482147
v 13.12604904 -13.76051044 -26.59750175
v 12.71876812 -14.34304810 -25.43053246
v 12.30664158 -13.62048435 -25.18060303
v 12.03569984 -12.85758305 -24.89112473
v 15.91142750 -7.43493462 -28.72674942
v 15.12843609 -7.67575407 -28.72972488
v 15.06034470 -7.36813402 -26.30012512
v 15.83551693 -7.13874245 -26.24061775
v 14.40663624 -8.20362949 -29.40049553
v 14.34310055 -7.75392962 -26.36005402
v 14.21629238 -7.80975056 -24.90449905
v 14.92458439 -7.43343401 -24.77906036
v 13.78760433 -8.50901127 -23.02060127
v 14.48768139 -8.14762402 -22.77649117
v 15.68564320 -7.22142029 -24.65341187
v 15.22132969 -7.98429585 -22.52334785
v 16.63006783 -8.02892590 -33.49985123
v 15.79086018 -8.12008190 -33.47230530
v 14.98403931 -8.38117599 -33.43849564
v 15.07456303 -8.26316261 -31.78383255
v 15.86342716 -8.01228523 -31.82122231
v 16.68357086 -7.92750072 -31.84839630
v 14.24067497 -8.79914761 -33.39642334
v 13.59046745 -9.36056805 -33.35234451
v 13.71000862 -9.21822453 -31.67872238
v 14.34720802 -8.67033863 -31.73433113
v 12.40498638 -12.70976257 -32.89561462
v 12.51059914 -13.68370438 -32.46337128
v 12.58558750 -14.32266808 -33.91176605
v 12.75631523 -14.14288235 -31.53105927
v 13.72054005 -15.53102970 -31.20603561
v 13.19234943 -14.87740040 -31.20424461
v 13.04911137 -15.08362103 -31.76571846
v 13.57024574 -15.69996643 -31.75834465
v 12.55119991 -14.77076149 -32.22234344
v 12.82308960 -15.37999821 -32.05072021
v 13.31199551 -15.95052814 -32.04619217
v 16.76114082 -17.03703308 -31.69696808
v 15.97646427 -16.98355484 -31.74905205
v 15.09594345 -16.59299469 -31.76877213
v 15.42012596 -17.15251923 -32.46911240
v 20.80936050 -14.22503376 -34.02266693
v 21.11195183 -14.90515232 -33.96429443
v 20.49823952 -16.26333618 -34.36317444
v 18.41138268 -16.54875946 -31.75908279
v 19.13410378 -16.01224709 -31.33305359
v 19.75255585 -15.43624020 -31.25543213
v 17.54484367 -16.95996475 -31.74109840
v 20.94349480 -13.03487968 -33.63174438
v 20.88187408 -11.59297752 -33.40600586
v 20.62694168 -10.77283382 -33.44724274
v 20.57675552 -10.52990818 -31.05126381
v 20.81609917 -11.35616112 -30.99776077
v 20.86802483 -12.70347023 -31.28039360
v 20.22350502 -10.00313854 -33.47573090
v 19.68488693 -9.33049774 -33.50427246
v 19.66877174 -9.09952641 -31.13194084
v 20.18258667 -9.89365673 -31.77319527
v 13.06053925 -10.04400349 -33.30284500
v 12.66852951 -10.82428360 -33.25908279
v 12.80107689 -10.65545273 -31.55180931
v 13.18834686 -9.88933849 -31.61426544
v 12.42986965 -11.66075325 -33.21911240
v 12.56157398 -11.49065781 -31.48956299
v 13.02839279 -15.47263718 -34.27468491
v 12.27254391 -15.02229786 -33.86181641
v 15.01916409 -16.81922722 -34.25353622
v 15.93479633 -17.32995987 -34.47914886
v 15.37352085 -17.48291397 -34.12828064
v 16.77910042 -17.96571159 -34.51794815
v 14.26442432 -16.15985680 -31.59204292
v 20.66654396 -14.07263279 -31.64091110
v 20.25926208 -14.79503822 -31.28018188
v 20.56635475 -15.22180367 -32.06388474
v 20.88013649 -14.68050003 -32.33840561
v 20.03787422 -15.73582840 -31.96756744
v 19.02793884 -8.77697659 -33.51670074
v 18.27988815 -8.36701012 -33.52275848
v 18.29342270 -8.26800728 -31.86124611
v 19.03273201 -8.55158710 -31.15542793
v 17.47017097 -8.11302567 -33.51522827
v 17.50382042 -8.01481247 -31.86050797
v 14.77544785 -20.04803848 -22.44048500
v 15.39050388 -20.15994263 -22.05995750
v 16.03333855 -20.11246872 -21.57926559
v 17.79329872 -18.67911911 -18.26055527
v 17.39217949 -19.11484337 -17.59505653
v 16.75297928 -20.51227188 -17.66520119
v 16.41572380 -20.95807457 -18.03976631
v 15.96327209 -21.14912987 -18.50290871
v 16.71516800 -21.03396034 -18.59122086
v 14.21544933 -21.80138969 -19.90706444
v 14.82358074 -21.71323586 -19.40657234
v 11.23967457 -15.95189762 -23.20417786
v 11.31529617 -16.87504768 -22.95382690
v 11.89002705 -16.25906944 -23.66206551
v 12.94101143 -18.09071541 -23.56031036
v 17.94845200 -19.55656624 -19.53259087
v 17.96779251 -20.12013054 -19.00416183
v 16.27292061 -20.95246696 -19.39625168
v 17.00311852 -21.02116394 -18.91324425
v 17.62282753 -18.92480278 -20.94807625
v 17.91535568 -18.68073082 -19.43955231
v 17.73452950 -20.36400414 -18.44503212
v 17.59660912 -20.20575905 -18.07898521
v 13.63125420 -19.19176865 -23.14459229
v 12.41754627 -19.92523193 -22.19856071
v 14.16863346 -19.79041862 -22.74349785
v 11.61620235 -11.53226089 -22.92196465
v 12.78254032 -9.70386600 -22.44006538
v 11.37880516 -13.25132942 -23.75996208
v 11.05030537 -14.09970093 -23.34983826
v 11.97334957 -10.69378948 -22.41215324
v 12.59106445 -9.85742569 -22.05721855
v 14.43873310 -16.32852936 -25.47229195
v 14.16026115 -17.17974472 -24.88806915
v 13.47724628 -16.74707985 -24.86321259
v 12.85784626 -16.20877838 -24.75810242
v 14.97737789 -17.29754639 -24.94044113
v 15.72292709 -17.47414589 -24.79493904
v 17.40005302 -20.39416695 -19.81376266
v 17.57001495 -20.62151718 -19.28513527
v 18.81459427 -16.15240097 -23.99110222
v 19.64195442 -14.95600986 -22.71438980
v 19.78504944 -15.50670052 -22.88931656
v 19.66850853 -15.49669456 -23.20428276
v 19.57719421 -14.88751125 -23.30992126
v 19.75755882 -16.06912041 -23.24593735
v 19.48261642 -15.81940269 -23.50403023
v 19.31631088 -15.29500294 -23.77734184
v 17.34320450 -20.86623383 -18.71639633
v 17.91731644 -9.34261036 -21.42370415
v 18.49469376 -10.02573013 -21.38642120
v 17.27853775 -8.78050518 -21.57378960
v 16.90179825 -9.59380436 -20.48433495
v 17.49002457 -10.28819370 -20.23398399
v 18.02390289 -11.10423088 -20.15320206
v 15.58042622 -8.78661442 -21.09889030
v 16.26122856 -9.09173298 -20.76733589
v 16.14210892 -9.47163010 -20.08042526
v 16.73317909 -10.07028198 -19.70147514
v 15.48974323 -9.10268593 -20.47422409
v 17.25947380 -10.94856453 -19.34611702
v 18.11516380 -11.96840000 -19.73886490
v 13.28355885 -9.32512665 -21.66868401
v 14.02681732 -9.02011395 -21.27456856
v 14.77355194 -8.95028496 -20.86296844
v 11.87318802 -14.88203430 -24.34018326
v 11.53605175 -14.10833740 -24.06107903
v 12.31996536 -15.58569241 -24.57631493
v 11.32182598 -15.01947975 -23.57722855
v 16.45560074 -17.51045609 -24.57155037
v 17.37694740 -17.24973106 -24.20623970
v 19.05235291 -16.31076622 -21.57364082
v 16.68367767 -18.54630089 -23.37890625
v 19.13779068 -12.19952869 -21.11784744
v 18.98981285 -10.81090832 -21.45340538
v 18.14533806 -12.98602295 -19.37308121
v 18.48911095 -13.87357330 -19.74455261
v 14.87100220 -8.92505360 -34.26201248
v 13.45892048 -9.93125629 -34.17659378
v 16.20825195 -8.37854290 -34.30635071
v 12.86942482 -11.41086292 -34.13275909
v 12.58832645 -13.01619816 -34.10840225
v 14.44126034 -16.06901550 -34.40361786
v 17.01624298 -16.29913330 -34.44189072
v 18.49300766 -16.78942108 -34.23773575
v 20.25093460 -11.78366089 -34.30607224
v 20.61530304 -13.51400375 -34.28300095
v 19.87815285 -10.06691170 -34.32331085
v 17.78726578 -8.69217300 -34.34325409
v 18.89734077 -9.04307365 -34.34210968
v -0.40812373 -27.94589043 -26.18237495
v 3.49369216 -30.92855453 -25.72845078
v 8.37000561 -27.68176842 -22.05323601
v 8.41277313 -27.98075104 -22.73533440
v 8.17226982 -26.91857719 -21.65931129
v 6.69262362 -28.68030357 -23.89970016
v 7.43992472 -28.84310341 -23.55383492
v 7.46524143 -29.26842117 -23.13687706
v 7.45973825 -26.61029816 -22.84260750
v 7.03671122 -26.95118713 -23.59308052
v 6.20337534 -26.57912445 -23.50792694
v 11.03492832 -27.06247330 -18.16919327
v 10.78929043 -27.10910606 -18.85650253
v 11.14388466 -27.39926720 -19.46328926
v 9.86616707 -27.20968819 -19.38498116
v 10.41610718 -28.07264519 -20.01346588
v 10.45834160 -28.56120872 -20.03453064
v 11.16652870 -28.82485771 -19.82354355
v 9.92693806 -29.09148026 -19.92570686
v 11.18543339 -29.15096092 -17.75554085
v 11.62833977 -28.66331863 -17.63176155
v 11.84775257 -28.13399696 -17.55958748
v 10.69431591 -28.17844200 -16.65502930
v 11.15454769 -27.31466866 -17.13366508
v 11.54624176 -27.18628120 -17.81849861
v 10.45707798 -27.89338684 -11.80788803
v 11.20870972 -27.70180702 -12.12527657
v 11.67976379 -27.62923813 -12.56568241
v 10.30809975 -27.21600723 -12.68237877
v 10.61500835 -27.40253258 -14.07347488
v 11.42767525 -27.68943024 -13.67609406
v 11.69545650 -28.03689003 -13.93323898
v 12.10279083 -27.83888245 -13.40352058
v 11.94122601 -28.54548836 -14.00090885
v 10.69284153 -28.43353271 -14.88319302
v 10.45514297 -28.62175751 -11.83611488
v 6.04676104 -28.92791557 -8.28464794
v 6.92441130 -29.21502304 -7.90780544
v 7.31104946 -28.88252068 -8.04935837
v 6.53134871 -28.51863289 -8.48286533
v 7.59478760 -29.34572792 -7.54044151
v 8.00512314 -29.19174767 -7.55623960
v 7.93566322 -28.77224922 -8.18867397
v 8.13772392 -28.35622597 -9.79981422
v 8.51751614 -28.76993179 -9.09320736
v 8.85015011 -29.06164742 -9.18662834
v 8.87087250 -28.98457909 -8.54542637
v 9.05070972 -29.52551270 -9.13865376
v 8.58745003 -29.23187447 -10.47387695
v 6.56971264 -30.03142929 -8.03700924
v 6.53313923 -29.53070068 -7.94640589
v 3.54683208 -29.43493652 -7.21878719
v 3.58158851 -29.90909767 -6.59169865
v 3.92596602 -30.24007225 -6.59628010
v 3.65584064 -30.18609428 -6.07330227
v 4.08618736 -30.74393463 -6.54835844
v 4.23342800 -30.36377335 -7.69947815
v 4.07565498 -31.50683594 -7.87578726
v 3.96664667 -31.47460747 -7.08102560
v 3.55588984 -31.82985878 -6.97580862
v 3.54082870 -31.96066856 -7.75498295
v 3.92936254 -31.55401993 -6.48132086
v 3.65805244 -31.76350594 -6.25835371
v 3.04631448 -32.03860855 -6.63925171
v 2.58945298 -29.45265770 -6.70644712
v 3.21375060 -29.99224854 -6.08288670
v 2.85307455 -30.26413918 -5.60819912
v 12.16924858 -28.50083351 -19.58751678
v 11.84032726 -28.89294815 -19.55391884
v 12.20621681 -28.06006050 -19.52706146
v 12.45161819 -28.07164574 -19.01509094
v 12.40137959 -28.55191422 -19.11693764
v 11.64948368 -29.14156151 -19.04816246
v 11.86465740 -40.30155945 -14.22872066
v 11.52204418 -36.77484512 -11.31150436
v 11.99810028 -38.17120743 -11.79324818
v 11.98898983 -36.92442703 -12.21072006
v 12.20474243 -39.40084457 -12.13544083
v 12.43192291 -39.25792313 -12.74536133
v 12.06640148 -38.10098267 -13.20596218
v 11.34057331 -35.28411484 -9.41620445
v 11.03735065 -35.67722702 -9.22909927
v 11.08527279 -35.43735504 -8.08917046
v 9.88670540 -36.41527557 -9.85100079
v 10.31767082 -31.24531364 -14.54664898
v 10.48167038 -30.58705711 -16.60015678
v 9.88033295 -30.28888893 -19.56092262
v 10.35232830 -30.44709969 -18.17775154
v 10.62219715 -32.56387711 -19.54494095
v 11.14730740 -35.70329666 -19.66982651
v 11.31733227 -38.58956146 -19.79064941
v 10.98956108 -34.21951675 -19.23129082
v 11.09738445 -34.93131256 -12.79225636
v 10.56466484 -33.98148727 -12.89660454
v 11.20507622 -34.36336136 -12.38376427
v 10.50850105 -33.64169693 -13.60041332
v 11.64800930 -37.13788986 -18.50406647
v 11.43399429 -35.89182281 -18.85299873
v 11.31669140 -34.80984879 -18.18857384
v 11.78613949 -35.74073792 -16.89879608
v 11.84659481 -36.23396301 -16.97278595
v 11.71193981 -35.33445358 -16.63928413
v 11.73790169 -37.59872818 -15.52850151
v 11.97583771 -37.08438492 -16.22572327
v 11.30434227 -36.63389587 -14.37819862
v 11.45084572 -37.25716782 -14.64295197
v 11.43330956 -35.13792801 -15.22006607
v 11.53610420 -35.00811768 -15.73503971
v 11.33720303 -35.44994354 -14.77776527
v 11.63210487 -35.07688904 -16.22742081
v 11.59371567 -37.51710129 -15.04043865
v 11.27974987 -35.89524460 -14.47438526
v 11.99070835 -36.39251709 -16.34493065
v 11.88711643 -36.67623520 -16.05864143
v 11.92964077 -35.76290894 -16.25327682
v 11.80683517 -35.61366653 -15.58116341
v 12.01221371 -36.86189270 -16.09455681
v 11.90530491 -36.98999786 -15.46295929
v 11.68342400 -36.39960861 -14.87837410
v 11.80173302 -36.04181290 -15.28684044
v 11.79275513 -36.59430695 -15.65600109
v 11.86106300 -36.86518478 -15.64866161
v 8.81842136 -48.58778763 -15.95263481
v 7.86961269 -49.97496033 -16.33407211
v 7.74655676 -49.01497650 -15.16419220
v 17.01775932 10.64776421 -3.93994761
v 16.07881165 13.11651707 -3.85216141
v 15.03706837 15.54335308 -4.50273705
v 13.13989925 -17.56617165 -4.51684999
v 13.72275257 -17.09538078 -4.88547802
v 13.65637302 -15.29713631 -4.14095497
v 12.67627048 -16.61795616 -3.85774350
v 14.26547813 -16.92528534 -5.56312132
v 14.39981651 -15.17972755 -5.21376753
v 12.31301403 -15.18936443 -2.30613613
v 14.64369011 -16.95119476 -6.34608698
v 14.94664955 -15.29179001 -6.44551134
v 14.99188519 -16.18339539 -7.51874495
v 15.93199158 -14.51825142 -8.00301647
v 10.98763847 -20.28654099 -5.65538359
v 10.45918465 -20.79872131 -5.87237406
v 11.24962711 -19.15711784 -4.49525928
v 9.58874893 -22.30398750 -6.72672176
v 12.64656925 -18.35651016 -4.58436155
v 11.80646706 -17.65764427 -3.74683905
v 11.54210758 -21.44413757 -8.50735188
v 10.94624710 -22.10250664 -8.71583748
v 12.82403755 -21.00125694 -8.76407528
v 12.87006283 -20.87318611 -10.26670742
v 11.42061806 -22.46097183 -10.14213753
v 14.71678352 -17.27853775 -8.28538609
v 14.19322681 -18.62971687 -8.97872162
v 14.43104458 -18.45372200 -9.46510029
v 15.08109379 -16.84165955 -8.74122047
v 13.53812218 -19.86419868 -9.81045151
v 13.72022438 -19.86103821 -10.54286289
v 8.10581112 -17.54394913 0.04802695
v 7.84171581 -16.13305283 0.70402658
v 6.69912720 -17.17563629 0.65573633
v 9.19647503 -17.87676811 -0.31333369
v 9.26138020 -15.76653099 0.03609920
v 5.84886074 -15.75915813 1.99048519
v 9.91830158 -17.39270592 -1.11536264
v 10.47569370 -15.66002274 -0.86746043
v 10.99753857 -16.77551842 -2.11950493
v 6.41654778 -22.08976173 -3.72577477
v 7.38287926 -22.03162384 -4.33422136
v 5.04683161 -21.45361710 -2.31529903
v 5.53710651 -22.86896324 -4.13023853
v 9.15703297 -21.00978851 -4.10925293
v 8.48433971 -21.47099495 -3.96053791
v 8.33488750 -21.82972145 -4.89990711
v 9.20548058 -21.31037712 -5.17490339
v 8.14367485 -22.80784988 -5.84138298
v 9.83828259 -20.59502983 -3.07672620
v 10.55908203 -19.25943756 -3.82741070
v 10.97478962 -17.90309715 -3.03096390
v 6.73198795 -20.79087639 -1.31047213
v 5.48834276 -20.89351273 -1.86757421
v 5.38702297 -19.68662453 -0.61571389
v 5.71378517 -18.20668793 0.37305143
v 0.56821358 -18.45688248 2.46201301
v 1.30515337 -18.02095413 2.59250736
v 1.02144158 -16.28245163 3.45628142
v -0.04655243 -17.52920341 2.91173911
v 3.00068355 -16.32959557 2.80932617
v -1.15169883 -15.98012447 4.00687981
v 4.44997072 -17.34036064 1.59162986
v 1.28611636 -22.19755936 -0.24740198
v 1.36444974 -22.62527275 -2.00538826
v -0.28626588 -22.36149406 -1.28830183
v -1.39910078 -23.54605293 -2.34299874
v 1.23808944 -23.33543587 -2.75968003
v 3.57316279 -22.00266075 -2.19818068
v 3.54130268 -21.18388557 -0.02619889
v 4.47114038 -19.80132103 -0.26667595
v 4.64976692 -18.46720314 0.68933415
v 0.15155873 -19.27302361 1.95404375
v -1.12070787 -18.67060661 2.18904400
v -1.18358517 -20.14964867 1.02802420
v -1.21873641 -21.46501732 -0.26680759
v 1.96394396 -6.80400181 7.01849031
v 0.79339254 -8.24525833 6.95779848
v 4.11271524 -6.98036385 6.28659296
v -0.29511294 -6.41075468 7.53380585
v 4.30546856 -8.83000660 5.99252033
v 5.08643293 -9.37504959 5.52457333
v 5.74385452 -8.35173893 5.30476570
v 7.11272764 -6.59706974 5.17248106
v 2.52194142 -15.10984612 3.74610186
v 0.20084953 -14.44694805 4.70706224
v 3.69986534 -14.19596481 4.10061646
v 4.93055582 -14.30876541 3.22075438
v 5.92611456 -13.14479733 3.38384581
v 6.41257191 -11.40281868 3.97746873
v 5.43568134 -10.35222912 5.09696531
v 6.43855953 -9.56141663 4.63070345
v 1.21589279 -10.54639053 6.76084614
v 0.18052234 -9.65120506 6.69754744
v -0.58174747 -11.33280563 6.18660307
v -0.54967684 -9.25856304 6.86995983
v -0.13165282 -13.05911636 5.46127462
v -0.94421399 -13.35033321 5.37701702
v 9.60423088 -8.66391373 3.37526226
v 8.73274231 -7.57568455 4.02475834
v 10.73231125 -6.78875637 3.01018882
v 12.39853573 -7.43651485 1.43048680
v 13.87578583 -6.18262672 0.44561845
v 9.14233971 -13.68941784 1.86857474
v 8.26569080 -14.70066929 1.33032537
v 8.10096645 -13.50957966 2.28665137
v 7.26818323 -14.24030590 2.13677788
v 12.21996117 -13.17971039 -0.97936529
v 12.03348923 -12.16609001 0.38484752
v 13.08934402 -10.81685925 -0.58906734
v 13.30878353 -9.05281639 -0.00953166
v 7.80753851 -12.58421898 2.93891215
v 7.02225590 -12.96169376 2.94712734
v 7.48546314 -9.67416477 4.07449675
v 15.29089546 -6.30901337 -1.44623244
v 14.54658318 -7.77457285 -0.93189126
v 15.98486328 -6.90260983 -2.77281904
v 16.13247299 -5.45416594 -2.44658327
v 16.64186287 -7.97826576 -3.68575215
v 16.65866280 -6.39295530 -3.93478680
v 16.88157654 -8.44631767 -4.46555805
v 16.91738701 -7.46503067 -4.97900438
v 17.53826141 -5.75386000 -5.74237967
v 13.55170918 -13.55191994 -2.68740249
v 15.75936890 -13.08776474 -5.09222555
v 15.35798550 -13.79805756 -5.84907150
v 15.89333820 -13.12230968 -6.56220818
v 16.94087410 -9.34229469 -5.03945923
v 16.92391586 -8.74406433 -5.71836615
v 16.71348381 -10.31104851 -6.20822001
v 16.97810555 -9.77395725 -6.71421480
v 16.35844231 -11.86486816 -6.54451418
v 14.43799591 -11.86971283 -2.07537508
v 13.57024574 -12.28078556 -1.87410414
v 13.82449341 -10.69368458 -1.30483735
v 14.10433483 -9.08625603 -0.91040558
v 3.43474960 2.97482705 7.73337841
v 1.35560274 1.52717268 8.31835175
v 0.10995643 3.38537312 8.42588520
v 4.90727949 0.97633725 7.56434965
v 5.71425867 0.43329576 7.24922514
v 6.22823143 1.45765996 6.83235979
v 7.37529612 3.28921390 6.31196260
v 1.10356653 -4.73012781 7.73328638
v 4.70632505 -4.50515938 6.96685648
v 4.88305569 -5.40850830 6.41981268
v 6.02643394 -4.85440779 6.07256508
v 6.94921494 -3.61255336 5.95312977
v 7.24503899 -1.70948541 6.15387392
v 6.17209482 -0.54620123 7.02004433
v 7.23432255 0.13649765 6.33300066
v 0.85848171 0.13776150 8.41050816
v 0.35193431 -1.54813182 8.35447693
v 0.04697372 0.55199391 8.48549747
v 1.48156810 -2.86223745 8.25568485
v 0.71345294 -3.29110980 8.09285641
v -0.11185223 -3.59559631 8.09843826
v 9.25424480 0.56579113 5.50909090
v 10.08576393 1.12578952 5.08485317
v 9.52824116 2.70146322 5.21592665
v 8.57028198 1.53254414 5.73448086
v 10.91041183 3.00881982 4.36479139
v 12.15645218 3.00579166 3.42597485
v 13.93150139 3.34724641 1.83955848
v 10.25559711 -4.29240847 4.51500654
v 8.40640068 -4.93413687 4.92370987
v 12.10289574 -5.34657860 2.39365888
v 13.46621323 -4.00182438 1.50889921
v 14.09180164 -1.50884664 1.53112221
v 13.26818180 -0.37105030 2.68171525
v 13.88500118 0.37152424 1.91949797
v 8.00227928 -3.46404886 5.48560429
v 9.17899227 -0.62682539 5.73047829
v 15.65351963 0.76800984 0.49016976
v 16.13252449 1.29504240 -0.15714081
v 15.42131042 3.05613565 0.05650539
v 14.88951206 1.65313804 0.85068786
v 17.16636848 1.08376598 -0.80313480
v 16.22531509 3.06058574 -1.11638963
v 17.21460533 1.29114544 -1.96794629
v 16.94250679 2.73569274 -2.41303825
v 17.42819977 1.61248374 -3.34198046
v 14.83369160 -4.47809172 -0.11933012
v 17.46442986 -3.48890495 -3.37115455
v 17.53378487 -3.75231600 -2.32993889
v 16.82017517 -4.82207394 -3.47026300
v 17.26737213 -4.20256853 -4.34875584
v 17.81512833 0.36125532 -4.38390684
v 17.65801239 -1.30820775 -4.21331120
v 17.78292465 -2.20318341 -4.99759388
v 18.20500374 -2.39739776 -2.79699039
v 17.53710365 -2.90247059 -4.42922211
v 14.63136768 -3.11838126 0.57948303
v 16.29616928 -0.38832313 0.78817910
v 14.66338539 0.27278462 1.09640467
v 3.00864196 12.63474083 6.02630234
v 1.29609561 11.30644894 6.86406183
v 0.24940309 13.00319099 6.51123238
v 4.39725685 10.78694725 6.88912868
v 5.10202074 10.51274109 6.31849241
v 5.41746092 11.35616112 5.64832687
v 6.23065376 13.05153370 4.76730633
v 1.30968225 5.08264112 8.18785763
v 4.83039427 5.38702250 7.47429895
v 6.14249897 5.01586676 6.71524143
v 5.62852669 9.53050518 6.41728497
v 6.48993111 10.05822277 5.58505487
v 6.76766586 8.27614307 5.94315052
v 6.79686642 6.31575394 6.27194023
v 0.49280280 6.37815762 8.12066174
v 0.45530811 8.30418491 7.79474211
v 1.88853335 9.45793819 7.96362638
v 0.34780040 10.06132984 7.32929659
v 7.81262016 12.08224010 4.28562832
v 9.22870445 12.85892487 3.18778849
v 10.60447693 10.69226265 3.46557593
v 10.91478252 11.92332172 2.21418977
v 11.27474689 10.45576096 2.70815110
v 11.81283855 13.03763103 0.87175226
v 8.95755291 4.70227003 5.40076685
v 11.69150734 5.35879612 3.78222752
v 12.81824493 5.02134371 2.66739130
v 8.38912773 7.03215599 5.56533337
v 7.77267694 6.50628233 5.79198647
v 13.26101971 6.30058765 2.02208185
v 12.92672634 8.21002769 1.84635174
v 11.92153072 9.45425224 2.55259013
v 12.56199551 10.01690960 1.51885223
v 16.07164955 5.84559536 0.23144566
v 15.09478569 5.97282505 0.70597506
v 14.56059074 5.03998566 0.94105434
v 16.74771309 4.36402750 -2.18996549
v 17.13814163 4.92033958 -3.07825351
v 14.64474297 7.02973366 0.98781741
v 14.02081394 6.49164248 1.25175500
v 13.61900997 8.25084019 1.17402720
v 13.11651707 11.35036850 0.33829507
v 17.18327332 8.26974583 -2.02366185
v 17.29949570 7.12215424 -2.00733685
v 16.96878433 8.13530159 -3.24403071
v 13.72664928 12.67741585 -1.09761584
v 15.02758980 12.53587532 -2.45516706
v 15.92619896 11.37733078 -2.91668916
v 16.60921478 9.49796104 -2.41630316
v 16.53791046 9.94926643 -3.16672421
v 11.37072182 15.98949432 -0.36550114
v 9.93802357 19.87051773 -1.08800519
v 10.81269836 19.62775040 -1.72338808
v 8.71194077 21.93693924 -0.56568581
v 10.92834187 20.11223221 -2.31213951
v 10.53893948 21.05482674 -3.03428149
v 9.90152931 22.27460289 -2.89364982
v 12.84131050 15.28173256 -1.32116234
v 13.99169254 14.20507526 -2.26790404
v 14.68982124 14.82621384 -3.46489143
v 12.89397144 18.76205444 -3.81435061
v 13.02836227 18.48621559 -4.79047728
v 14.31339931 16.08776283 -4.08397579
v 9.71782112 14.68397617 2.07326865
v 6.62074804 21.03738976 1.81136501
v 4.90053892 21.23886490 3.04455042
v 7.98160982 21.12635231 0.53098214
v 5.89514971 17.79856491 3.25123215
v 0.99292552 15.64180279 5.64710283
v 4.65587568 15.37525845 4.80954075
v 4.05143118 14.87466145 5.18290806
v 4.70811558 14.31913948 4.94656515
v 1.99606407 20.04076958 4.42963982
v 0.56895083 20.83864021 4.72001696
v 3.64109564 19.31157303 4.12336636
v 4.39414978 19.67261696 3.52639961
v 1.50768805 15.98602200 5.58997869
v 1.08660972 18.28109932 4.96141529
v 4.90527868 18.66078568 3.47721410
v 4.77847052 16.40141296 4.68278551
v 5.78052616 25.49842453 2.34401250
v 6.42781687 25.40888786 2.11018395
v 0.48516694 -25.68978119 -2.96819162
v 1.08874249 -25.39006233 -2.83614397
v 0.40875566 -24.09889030 -3.09141874
v -0.49838489 -24.56367683 -3.19842625
v 1.78689730 -25.04273605 -3.05271292
v 1.53949535 -23.92795181 -3.27162504
v 2.58571386 -25.02988434 -3.34540343
v 2.66444230 -23.87792397 -3.61508107
v 3.24866486 -24.86416054 -4.08050013
v 3.55557394 -24.15576363 -4.10661983
v 1.93429577 -27.94083405 -5.16695213
v 0.94863755 -27.96326828 -5.47444010
v 1.45708072 -28.13012505 -6.30311537
v 0.23118235 -27.76557922 -5.18143368
v -0.25330001 -28.02919960 -5.79904318
v -0.97717988 -29.00037766 -6.27868080
v 1.47643363 -28.63103867 -6.65478659
v 3.27215171 -27.32069778 -5.92753649
v 2.63747978 -27.70902061 -5.89120007
v 3.58127260 -27.43750000 -6.70028591
v 4.42795801 -28.12546539 -7.48304081
v 3.70607948 -26.13677025 -5.30392313
v 3.54330397 -26.96370888 -5.17953777
v 3.93547130 -26.32108498 -6.07414484
v 4.33543253 -26.26499939 -6.32070446
v 3.54361963 -25.75013161 -4.30267715
v 4.12115431 -24.79912567 -4.97052574
v 0.18331337 -26.92047310 -3.72324681
v 0.04929082 -26.13977242 -3.44298434
v -0.87902611 -26.12226868 -4.33660412
v -0.19832180 -27.30711174 -4.78257799
v -1.17676556 -27.54050446 -5.42693949
v 5.86149931 -24.47425842 -5.11718702
v 6.88059759 -24.39958382 -4.99711943
v 6.09131241 -23.43915176 -4.91991854
v 5.23093510 -23.94332886 -4.80817127
v 7.57119560 -24.22401428 -5.28749275
v 7.09429646 -23.22492599 -5.37670088
v 8.00291157 -23.80620003 -6.06266499
v 8.48486614 -24.01926613 -6.67458725
v 8.66960144 -23.39786530 -6.78591251
v 7.42877340 -26.71652985 -7.57377577
v 6.53774738 -27.07777214 -8.21345043
v 5.81410408 -26.75764465 -6.85479355
v 5.17290258 -27.07108307 -7.31336641
v 6.26304007 -27.65604401 -8.44184208
v 8.12761307 -26.22713661 -8.31045246
v 8.15078354 -26.36974335 -9.21875191
v 7.62406731 -27.32238197 -9.34303188
v 8.66401958 -27.05128288 -10.31147003
v 8.57870770 -25.15727234 -7.87462902
v 8.41693306 -25.75982094 -8.22450924
v 8.54927063 -25.34000778 -8.72810745
v 8.91830635 -25.15403557 -9.10223866
v 8.76902485 -24.79201698 -6.93099451
v 8.76628685 -24.06961060 -7.70558643
v 5.97429943 -26.43936157 -6.01684952
v 4.80848742 -25.88046837 -6.19645023
v 6.14868689 -25.98966026 -5.46482944
v 5.98362064 -25.30035210 -5.20239258
v 11.77776623 -23.42977715 -11.51109028
v 12.00089169 -24.18151665 -11.84812069
v 11.12876415 -24.25424004 -13.20275021
v 11.78671837 -22.98026276 -11.68455601
v 11.76207256 -24.75009727 -12.18957615
v 11.57491589 -23.61177444 -13.04352951
v 11.07768917 -25.11882973 -12.68122005
v 10.90959454 -25.46376038 -12.55462360
v 10.46597767 -25.65144539 -13.53433037
v 10.39025116 -26.43030357 -14.89193439
v 9.91229820 -25.39298439 -9.73419857
v 9.17925549 -25.52705956 -9.74251938
v 9.28542042 -26.02976227 -10.46713638
v 9.49574852 -23.93700981 -8.53742218
v 9.90555763 -23.22418785 -8.24273014
v 9.63266754 -26.21639442 -11.20070553
v 10.00066376 -26.13929749 -12.03085518
v 9.65015125 -26.65205956 -11.93227386
v 10.26902485 -25.99395370 -12.87690926
v 10.17170715 -26.46832466 -13.43774986
v 10.49062252 -22.78130913 -8.77671432
v 11.66759872 -23.16331291 -10.73918343
v 2.02650547 -32.31655502 -7.31199741
v 2.78133678 -32.73336792 -7.92809296
v 1.34507048 -32.14403534 -7.07881403
v 0.94674170 -32.62567520 -7.33590555
v 0.28225046 -33.54658508 -7.39846706
v 4.69044733 -31.41233444 -8.42764950
v 5.49950695 -32.45842361 -8.91279030
v 0.75842553 -29.95501709 -6.55515146
v 1.60669088 -29.78923988 -6.32428551
v 1.37629855 -29.09995842 -6.77027273
v -0.06319005 -30.24163818 -6.74281645
v 2.90004826 -28.85429573 -7.14948511
v 3.73851871 -29.02997208 -7.48451519
v 4.59522295 -30.05245972 -8.13108826
v 4.18453217 -31.08396721 -7.26370716
v 0.60865730 -31.10745430 -6.71197653
v 0.53703815 -30.48068047 -6.59506893
v 1.17244732 -31.69636345 -6.59575367
v 0.37947607 -32.00300980 -7.12842083
v 7.86599255 -30.93835831 -9.38136959
v 7.02889109 -31.11851311 -9.32323074
v 6.71934891 -31.55559921 -9.57484627
v 7.49936581 -31.41994476 -10.11430645
v 6.49353838 -30.93946457 -8.94133282
v 6.02243185 -31.38318825 -9.10626698
v 7.41700363 -31.88265228 -10.02433491
v 8.47854710 -30.34386826 -10.49704742
v 8.12582207 -30.78453636 -10.17865849
v 8.23493671 -31.11577415 -10.68167782
v 8.76239014 -30.60433006 -11.13824940
v 9.76316261 -31.48650932 -11.90710163
v 6.01021433 -28.20761681 -8.45769310
v 5.28238487 -29.19493294 -8.27959251
v 6.82224894 -27.94252014 -8.94575596
v 7.69895124 -28.20561600 -9.33207798
v 7.56803560 -27.80549622 -9.51681328
v 8.14204216 -27.98391151 -10.08313084
v 8.69894028 -28.91697502 -11.00660992
v 8.81886959 -29.88798141 -9.90811157
v 9.31659603 -29.88129234 -11.81368065
v 6.52265978 -30.51096153 -8.36695766
v 2.17107344 -34.39538956 -7.91712618
v 4.17481613 -34.41657257 -8.04709435
v 4.73307657 -34.31609726 -8.52667904
v 5.19180775 -34.00881958 -8.91200066
v 5.82287216 -36.46962357 -9.37162685
v 7.93732214 -37.68572235 -10.19519424
v 6.22949553 -35.46387482 -9.38534546
v 5.19175529 -34.78341293 -8.74606514
v 2.36564326 -35.72509766 -7.62501526
v 1.73744857 -36.86837006 -8.08227158
v 2.47391438 -38.06641006 -8.47370148
v 1.80622399 -39.04447174 -8.59471703
v 4.89011240 -37.32978821 -8.91500187
v 4.54843712 -38.13049316 -9.12035465
v 1.75968468 28.44098473 5.79359961
v 1.88416243 27.47159767 5.48428774
v 2.17711639 28.39777565 5.98314667
v 6.20430994 34.40061569 -5.65280342
v 4.93298149 36.50141525 -4.45357752
v 8.13981056 33.36357498 -0.18887571
v 8.27654552 32.60305786 -2.48190570
v 7.82821131 33.15892029 1.66245902
v 2.12678528 27.20792961 5.14341211
v 3.42485905 27.97171021 5.04055834
v 2.51588511 27.54303169 5.60440731
v 3.13135576 38.81000519 -3.10399818
v 5.94207239 30.31530571 4.14632750
v 5.74349880 29.40245819 4.34067249
v 8.62065220 26.97455597 -1.23585129
v 8.62445068 26.31664085 -0.83206552
v 9.49801350 26.71183014 -1.66946304
v 6.75523090 23.46925735 1.56299210
v 6.63104963 24.15739632 2.09210801
v 1.12966013 34.69088745 -8.38995743
v 2.51381826 34.40305328 -8.29823494
v 5.73337460 32.30760193 -8.40010834
v 3.59617567 23.21808052 3.79810476
v 3.24645305 23.10001373 4.18987751
v 3.56889725 24.31825066 3.84694791
v 3.30573630 23.83480835 4.47237778
v 2.57070541 25.13594437 4.25907421
v 2.40213728 24.75209808 4.59431458
v 2.53052521 24.51364899 4.85145903
v 8.08166599 31.96908188 -5.44192171
v 8.39731693 30.22990799 -0.34292924
v 8.34917164 30.86971474 -0.05412247
v 8.59777164 30.56588745 0.38547945
v 8.19819546 31.50163460 0.99345213
v 3.31612372 28.44925117 5.53197241
v 2.98108053 29.21502113 5.80568838
v 4.92892027 27.69692612 3.87382150
v 5.72700262 27.94868279 3.47995257
v 5.72235537 28.37971306 3.96484303
v 6.23128557 29.26260185 3.66466141
v 6.22184467 28.41371727 3.12268138
v 8.74278641 29.84117126 -4.17745590
v 8.58563995 30.66997147 -5.26251173
v 8.67865849 29.09485054 -2.81199884
v 7.55939913 36.46664429 -0.85658586
v 7.83305311 36.00251389 -0.23168263
v 8.10407352 31.06969452 1.97921574
v 1.60982430 39.15510178 -3.24640036
v 5.14106226 29.35381317 4.55820894
v 5.42962551 29.58362579 4.55905819
v 7.11619043 36.10224533 -2.33488894
v 7.79410362 29.44059181 1.04221630
v 8.17951012 29.63173103 -0.10827129
v 8.39755344 30.04916000 0.87129313
v 1.17255259 22.49430466 4.54855251
v 3.75788808 22.57498550 3.50994968
v 0.53556365 23.79419327 4.67715073
v 0.25911906 22.61095047 4.58975983
v 1.99216378 25.76847839 4.50001192
v 0.66468871 26.09969711 4.91654825
v 3.27278376 24.95853043 3.96738386
v 3.99708486 25.22839165 3.47273803
v 4.11083269 26.38490868 3.81814241
v 0.78828442 24.63808823 4.61611605
v 5.35869074 22.61826897 2.55511785
v 7.58486080 23.07992363 0.41586491
v 7.21511412 25.17280769 0.75331080
v 5.08099031 26.20153618 2.95336270
v 7.04974508 27.51743889 1.08524048
v 7.57003689 26.06236076 0.08125611
v 9.63266754 25.89816284 -3.49518466
v 9.99519348 24.61468697 -4.82569456
v 9.39320469 26.83661079 -4.44297981
v 8.44895172 24.02000427 -0.91477644
v 9.26351357 23.93806267 -1.98311269
v 9.56439304 23.26500130 -2.77840114
v 8.69719601 27.35692787 -2.03419399
v 8.34255600 28.15793991 -1.63839626
v 8.93490791 27.21432304 -2.64422059
v 7.55745077 28.33213234 0.36641613
v 3.71121716 30.92795563 6.16984987
v 1.85996461 29.34980965 6.12272501
v 3.78582144 27.56325531 4.43300676
v 0.91980553 28.12367439 5.65617371
v 4.31647444 29.48027802 5.02460861
v 7.49357271 31.16072083 2.35255694
v 7.28158569 32.00390244 2.71235085
v 8.19166183 29.82160759 -0.91538864
v 7.16762686 30.03502274 2.27502656
v 13.92286491 8.37185478 -18.96327209
v 6.60602570 -41.48942184 -10.08831120
v 5.98642492 -41.14914322 -9.38807011
v 5.34675789 -42.68682861 -9.95275879
v 5.55547237 -42.04444504 -9.43284512
v 8.88114071 -38.94248581 -10.63431072
v 8.94875813 -40.58414078 -10.88888550
v 5.72545910 -45.19443893 -10.98258972
v 6.22751474 -46.58676910 -11.99805069
v 6.77936316 -44.96279907 -11.27665234
v 7.23898268 -45.39252090 -11.72868633
v 11.16861057 -38.53247070 -11.31238270
v 10.63143826 -39.35382080 -10.97973919
v 12.34724331 -40.46291351 -13.68567848
v 12.00415611 -42.12453079 -14.27838039
v 10.89748955 -33.98920441 -11.19511032
v 10.43148518 -33.02900314 -12.47784328
v 5.18718672 -40.15807724 -9.29002190
v 5.38728571 -40.61665726 -9.08354378
v 6.08207035 -40.16366577 -9.70457649
v 11.71362495 -37.70136261 -13.36939621
v 12.40001011 -40.57845306 -13.14484882
v 12.01200294 -42.23993683 -13.74307919
v 12.15471458 -40.61162949 -12.56452370
v 11.84622574 -41.85074615 -13.02309608
v 11.38586235 -35.30907440 -11.28527927
v 3.88602257 -36.06839752 -7.13221216
v 4.40181160 -36.27714539 -7.30415106
v 4.04089880 -36.68058014 -7.28661489
v 4.82849884 -36.25566101 -7.48630571
v 4.66356421 -35.63852310 -7.36286783
v 4.71622515 -34.85882187 -8.06810570
v 1.42437816 -30.32111740 -6.06129551
v 1.92255235 -30.52460098 -5.61536121
v 2.33657408 -30.40011024 -5.52710104
v 2.38470650 -32.09822083 -6.63730288
v 2.44558287 -31.95708847 -5.98530579
v 1.84787893 -31.95635033 -6.47015667
v 7.23763990 -30.72534561 -8.39428902
v 8.01586628 -30.71412659 -7.97289419
v 7.79437351 -30.46519852 -7.65587473
v 9.00968647 -30.30921745 -8.93058968
v 8.72752857 -30.26550865 -9.60875988
v 8.19438744 -28.64080620 -8.70783329
v 8.74785519 -28.98373604 -8.14172649
v 8.47707176 -30.61970711 -9.34650707
v 8.91847801 -30.51764870 -8.58481693
v 8.62273312 -30.69638062 -8.26684856
v 11.15644360 -30.04796600 -13.58672810
v 11.02239513 -30.07756042 -13.03576183
v 10.03289223 -30.64087677 -13.24142933
v 10.26302147 -30.45766830 -14.51782990
v 10.19235039 -30.04433060 -12.65826035
v 9.79844475 -30.40232086 -12.49469471
v 10.67135620 -29.67191124 -14.89246082
v 11.02281666 -29.94127274 -14.21055222
v 10.39930820 -29.90551567 -15.53145123
v 9.52544975 -27.12521935 -11.82526684
v 9.09936905 -27.90407753 -11.34094143
v 9.90513611 -26.93816757 -12.59854221
v 11.15288925 -27.40161133 -13.25301552
v 10.16623020 -26.88308334 -13.53527832
v 10.29935741 -27.14091301 -14.36753464
v 10.37233925 -28.49862862 -15.54111481
v 11.30207825 -29.07681465 -14.54434490
v 10.40984058 -29.50260544 -12.18504715
v 10.44680882 -29.56838036 -18.83256721
v 10.59489155 -29.57670021 -18.11353111
v 10.11314774 -29.89487839 -18.83878136
v 10.41026211 -29.68128586 -17.12013245
v 10.61274433 -29.29385757 -19.47034454
v 9.77569580 -29.73352432 -19.66566658
v 9.43982315 -29.36342239 -20.27579689
v 9.04191494 -29.75722313 -21.06940079
v 10.05722141 -26.74571800 -17.44289207
v 10.34985924 -27.46203995 -16.04194832
v 9.80839825 -26.45342255 -18.09868240
v 10.24595928 -26.46579742 -16.39920044
v 9.02112675 -27.28403091 -20.21910858
v 10.19398308 -27.62802696 -19.82723045
v 9.16590595 -27.96081924 -20.27814674
v 11.23690987 -27.66086197 -17.02934456
v 12.51791859 -25.42763710 -11.49192238
v 13.15380192 -25.20603752 -11.05883694
v 12.76337242 -25.82696533 -10.97721195
v 11.89772797 -25.53769684 -11.74395752
v 11.08105946 -29.79461288 -12.56768322
v 11.78271675 -29.68128586 -12.42665672
v 11.86223507 -29.36921501 -12.17103958
v 11.79119492 -29.44752312 -14.06162643
v 12.60696793 -28.73728180 -12.67858791
v 12.53661346 -28.23521042 -12.54956722
v 12.29763699 -28.33589935 -12.13765240
v 12.37462711 -28.82259369 -12.24729252
v 12.62097645 -29.15056610 -13.28429604
v 12.25424385 -29.57196045 -13.50378704
v 12.67047787 -28.65997505 -13.15864658
v 12.57642460 -29.25567818 -12.83815098
v 11.62662888 -27.67826653 -19.72959709
v 10.01572514 -18.91872025 -0.57932508
v 9.57695198 -19.39446068 0.03444038
v 1.07017946 -19.31989288 2.56312227
v 1.63080978 -18.99855423 2.68455887
v 1.40963304 -19.91928101 2.73953700
v 1.85440886 -19.88557816 2.84275293
v 2.24178410 -11.22745705 7.24237919
v 2.88561916 -11.33520222 7.31757927
v 2.81210423 -12.05507946 7.13073778
v 3.46046782 -12.08635998 6.96875238
v 3.51544619 -11.33572865 7.17160273
v 2.76207614 -12.75315571 6.80423880
v 3.37589407 -12.80823898 6.64214802
v 3.97623110 -12.77316666 6.40517282
v 4.09313869 -12.08478069 6.70681572
v 3.76442790 -13.53185558 5.45974779
v 4.12705231 -11.36332321 6.90619087
v 4.11293936 -10.61479759 6.85226583
v 4.82686615 -11.09538364 6.10310888
v 4.62959766 -10.45202255 6.29232025
v 4.14348269 -9.78222561 6.43550539
v 3.63941050 -1.07934248 9.41759968
v 3.58948779 -1.85103858 9.41149139
v 4.32421589 -1.87852764 9.23096848
v 4.33843422 -1.07017946 9.25087452
v 2.54642892 -2.60556722 8.96424007
v 3.57021379 -2.64200878 9.26972771
v 4.27113342 -2.70235825 9.09141731
v 4.95793962 -2.68540144 8.81378746
v 5.04040718 -1.89780164 8.94059563
v 4.76114511 -3.63151121 8.10470581
v 5.01702547 -1.12052345 8.97461414
v 4.93002939 -0.42581788 8.76397038
v 5.69882917 -1.03078890 8.13177299
v 5.36532640 -0.58190542 8.45958900
v 5.47696781 -0.20074421 7.92950153
v 4.85683012 0.22212464 8.19217587
v 2.86539721 9.35935688 8.87761307
v 3.50491381 9.43855858 9.01958752
v 3.50554585 8.60514355 9.26688385
v 4.21520710 8.60904121 9.10984802
v 4.15770102 9.47942448 8.86929226
v 3.53503609 7.71843576 9.37167931
v 4.24280167 7.68367958 9.22349072
v 4.92444706 7.70221615 8.95091724
v 4.90380430 8.59113598 8.84190845
v 4.82676077 6.52134323 8.46137905
v 4.79216242 9.43034363 8.62726212
v 4.61427307 10.08987141 8.16889954
v 5.35247707 9.34829807 7.73181200
v 5.00765181 9.89133930 7.91802168
v 5.01892138 10.10440636 7.22500134
v 4.19656515 16.31362724 5.60862064
v 4.03273630 17.06304741 5.71041441
v 3.52439857 17.50927162 5.80093908
v 3.94189596 17.99788857 5.48507738
v 3.04212785 17.63089371 5.90183783
v 3.04212785 16.69125938 6.11827517
v 2.28749394 16.50989342 5.94465113
v 4.44702148 15.94947529 5.17332363
v 3.70270920 18.81508255 4.68820953
v 3.98665786 15.55399036 5.47001648
v 2.84572172 23.79943275 4.83972216
v 2.95997667 24.55293465 4.67525482
v 3.09110284 24.64930344 4.30894375
v 2.83392549 28.25421524 5.80040598
v 2.38460112 -27.46698952 -2.54311109
v 2.39239502 -27.90934372 -2.88035297
v 2.93364596 -27.79749107 -3.08625793
v 2.95544767 -27.37778282 -2.77229238
v 2.30055404 -28.14568710 -3.49869990
v 2.83685493 -28.00234413 -3.66858459
v 3.16725087 -27.76557922 -3.92999458
v 3.31796694 -27.55619812 -3.61423850
v 3.47379112 -26.88503265 -3.83430934
v 2.90678883 -26.88013458 -2.49150324
v 2.34605312 -26.94901466 -2.26053143
v 3.31048894 -26.64684677 -3.02675080
v 3.15940428 -25.93602562 -3.16667151
v 2.78524709 -26.26031303 -2.53131509
v 2.21208334 -26.29549026 -2.30034328
v 9.38663483 -21.11995506 -3.00937271
v 8.88066673 -21.49743080 -2.87877321
v 9.60707474 -21.31827736 -2.20987153
v 9.33839798 -21.56883812 -1.91718102
v 8.03303337 -21.19220734 -0.62213856
v 10.35370445 -10.95425129 3.50638843
v 10.16623020 -9.86964321 3.45973086
v 10.25659657 -11.68581963 3.33281732
v 10.93855858 -11.65148449 2.92985439
v 11.02070999 -10.89600849 3.12259412
v 9.09241772 -12.67769241 2.94923377
v 10.15085316 -12.39211082 3.03370214
v 9.92904472 -12.98486423 2.61367702
v 10.79658413 -12.38305283 2.64601088
v 11.37248611 -12.29131794 2.18491006
v 11.54352951 -11.58502674 2.43073225
v 11.60493279 -10.85988235 2.62484121
v 10.43095779 -0.57735026 5.64328480
v 11.10612583 -1.03205276 5.60482883
v 11.09569931 -1.80322230 5.56849289
v 11.80852032 -1.79732418 5.16479254
v 11.78513908 -0.99497932 5.22640610
v 11.08200741 -2.59514022 5.40892982
v 10.94277096 -3.31754565 5.11381674
v 11.77028847 -2.61852193 5.01639366
v 12.37905121 -2.56807256 4.54128504
v 12.44256020 -1.78247380 4.66556501
v 12.38979340 -1.01288414 4.74297714
v 12.94126129 -0.87859821 3.77064204
v 10.27513409 8.83953857 5.30123806
v 10.92436600 8.27243042 5.04619980
v 9.44961739 7.59447193 5.57333803
v 10.44701958 7.74813700 5.42367458
v 11.47796631 8.08264065 4.66298485
v 11.56048584 6.59038162 4.41631985
v 11.22861576 9.15492630 4.53549194
v 10.96552086 9.78896618 4.29040718
v 11.49560738 9.38418579 3.80100107
v 11.27169323 9.92030334 3.42887115
v 9.01058197 18.44408607 1.35607672
v 8.51282883 19.07880974 1.32637572
v 6.25353479 24.44526863 2.42325449
v 6.86680031 24.59856415 1.85135460
v 6.97945547 25.01785278 1.47802663
v 6.54656792 25.61573982 1.69721544
v 5.96597910 28.89963531 3.97981191
v 11.14530563 -25.49398804 -9.55894279
v 12.32554722 -25.72896194 -9.40833187
v 12.45130157 -23.79693031 -10.43585587
v 13.27639675 -24.33238983 -10.23669147
v 13.15464401 -24.34787178 -10.72085762
v 12.50828171 -24.01105118 -11.03313828
v 11.79956818 -25.77551460 -11.38912678
v 13.85503674 -21.08899117 -7.67557001
v 14.87160778 -21.25339890 -6.74346781
v 13.71369457 -19.17233658 -4.71706772
v 14.77292061 -19.84092140 -4.72833729
v 14.77629089 -19.33105659 -4.70063734
v 14.04187870 -18.61002159 -4.69579268
v 14.87718964 -18.15597725 -5.39945078
v 15.13006783 -18.18525696 -5.95723724
v 15.53018761 -19.29293060 -5.20576286
v 15.69859791 -19.28218651 -5.64148092
v 17.67844582 -10.54949856 -1.66904175
v 17.63599968 -11.22313881 -1.79195285
v 18.00768280 -11.22661495 -2.25189519
v 18.04401970 -10.52106094 -2.10412788
v 16.23384476 -11.76818275 -1.87299824
v 17.47822762 -11.87813854 -2.05136156
v 17.82758141 -11.90362644 -2.49466276
v 18.02221680 -11.84032726 -2.96692777
v 18.21348190 -11.19786167 -2.76597309
v 17.52657127 -12.35788155 -3.37326121
v 18.24160385 -10.51832294 -2.61515164
v 17.95217705 -9.78801823 -2.68455887
v 18.09467888 -10.39751816 -3.27078247
v 17.92721748 -9.85331821 -3.17188501
v 16.63312149 -12.67595482 -4.16349411
v 17.26768875 -8.95407677 -3.13186240
v 17.42282867 -9.30806446 -3.71513724
v 17.49950218 -9.96685505 -4.13179207
v 17.61956978 -0.13523377 0.67227197
v 16.76045609 0.19611004 0.56336874
v 18.78116989 -2.76018023 -1.65608704
v 18.17008972 -3.02517104 -2.38976192
v 18.77326965 -2.93617368 -1.16138852
v 17.99209595 0.60412842 -1.31958246
v 18.51638985 0.08330990 -0.17156994
v 18.80644608 0.00242241 -0.79592025
v 17.87897873 8.57533741 -0.61708307
v 17.88824654 8.70024967 0.05160790
v 17.98767090 7.87336493 0.03644150
v 17.95017624 7.75392962 -0.62150663
v 17.58007431 8.74901390 0.55778664
v 17.71162224 7.89327097 0.55483764
v 16.64070511 7.23521757 1.07765734
v 17.11339188 7.10777760 0.82551581
v 17.28569794 7.93413591 1.02246845
v 16.12273026 7.70242739 1.17976713
v 17.14867401 8.75733471 1.01720226
v 17.38391113 9.36467552 -1.03958333
v 17.63294601 9.49100971 0.00537144
v 17.31982231 9.55388641 0.46541902
v 16.91475296 9.52365971 0.88828790
v 15.96211433 6.72903872 0.87585986
v 13.44678211 18.17561531 -1.85021245
v 12.30822182 19.26407242 -1.65587652
v 11.72973919 18.70165062 -1.32189953
v 11.64263821 19.28376770 -1.64060473
v 13.10672283 16.20867348 -1.36581898
v 11.74121952 19.64291573 -2.07232070
v 9.99954510 25.82161903 -1.97899199
v 9.73143387 25.65478897 -1.37558758
v 9.63511658 26.60698128 -2.42077923
v 9.30121899 26.87855530 -2.38986731
v 9.12385654 26.99862289 -1.92739725
v 9.54367065 24.49500656 -1.85735798
v 7.90243387 30.38620758 2.02403045
v 8.23756981 30.65109253 1.87694788
v 18.49914360 -8.84909725 -12.00497246
v 18.57695007 -7.71380186 -10.95477772
v 18.28878784 -10.42492867 -12.33152485
v 18.80054855 -5.98577976 -11.65095806
v 18.46962547 -11.49434376 -11.41303539
v 17.97450638 -12.12074852 -12.44845867
v 18.24276161 -12.29658318 -11.22830009
v 17.69445419 -13.19845772 -11.97387600
v 17.32793236 -9.48979855 -7.24553919
v 17.73658371 -7.55139494 -7.16760063
v 17.65516853 -11.31508541 -8.14593887
v 16.93750381 -11.70235538 -7.85830402
v 16.78931427 -12.87838364 -8.53668499
v 16.88463211 -14.06541824 -9.94082737
v 18.05897522 -12.67995644 -10.73665619
v 17.22950935 -14.36592865 -11.45848179
v 18.05191803 -7.06912422 -7.94192982
v 18.33976364 -7.00729990 -8.97830105
v 18.44113541 -5.87392759 -9.01998234
v 18.78632927 -8.23367214 -9.95632362
v 18.52291870 -7.15401411 -10.05037594
v 19.37170982 -0.41159937 -5.74190617
v 18.09373093 -1.26734269 -5.30076361
v 18.26487923 1.41521513 -5.44442320
v 18.03548813 -2.79251409 -5.65180254
v 18.08193588 -4.03858185 -6.34524441
v 18.93778419 -3.78075290 -7.20488453
v 18.31480217 -4.63428450 -7.31010151
v 18.58326912 -4.78184080 -8.43862915
v 18.78232765 -4.74950695 -9.48110962
v 18.91345406 -4.30104494 -10.28745651
v 19.54433441 0.71545404 -8.32793617
v 19.14948082 1.50705612 -8.58576488
v 18.88196373 1.72402000 -7.50631714
v 19.65713501 0.20285065 -9.01000309
v 19.31188774 0.93410307 -9.47868633
v 18.55662155 1.78405368 -6.38505602
v 19.10083580 -2.67428994 -10.53562164
v 19.67061615 -0.65763217 -9.48426914
v 19.29053497 -0.24390002 -10.47998524
v 20.10001373 -11.74543190 -10.07133484
v 20.41587639 -11.36932659 -10.04942799
v 20.77523613 -11.44610691 -9.52734566
v 20.23503685 -11.88635349 -9.71123791
v 20.94438362 -10.90927887 -9.45340919
v 20.91215515 -10.92075920 -8.96745300
v 20.74090004 -11.47507000 -9.07477570
v 20.95228195 -10.35707474 -9.38305378
v 20.57965279 -9.76653290 -9.42823696
v 20.92595100 -10.34412003 -8.90626049
v 20.73163223 -10.35191345 -8.46359062
v 20.71572876 -10.90338135 -8.51140690
v 20.55532265 -11.43557453 -8.64685154
v 19.98816299 -11.34826183 -8.33372879
v 19.67166901 -9.11490345 -9.64899254
v 19.16685867 -12.19526386 -10.16180706
v 19.27702713 -11.89741230 -10.54022980
v 18.85931778 -11.24072838 -8.23830700
v 19.46808052 -11.34120560 -10.69589615
v 21.17072105 -0.78644127 -6.02095699
v 21.80138969 -0.84794945 -6.43497896
v 21.85131264 -1.51527131 -6.43276739
v 22.08776093 -1.57541025 -7.04985046
v 22.03246689 -0.88344306 -7.01635790
v 21.76347351 -2.19891810 -6.54082775
v 21.26677513 -2.78945994 -6.73988676
v 21.98760033 -2.27790976 -7.12989521
v 22.03078270 -2.28844190 -7.74076414
v 22.13884354 -1.63059914 -7.69463301
v 22.08786774 -0.96812212 -7.62533092
v 21.63066292 -0.37642172 -7.66956663
v 21.20089531 -0.96907008 -8.56132984
v 21.46909904 -0.54209363 -8.12919235
v 20.58734131 0.11922479 -7.94013929
v 20.64726830 -0.28373814 -8.48560333
v 20.13329697 -3.22212362 -7.01635790
v 7.11009455 -32.43135452 -9.45793819
v 6.53893185 -33.02473831 -9.12027550
v 7.87547159 -32.12360382 -9.98886776
v 9.60022831 -32.23550797 -9.25029469
v 8.71920776 -31.97520447 -10.54760265
v 10.36162949 -32.55205536 -9.33086681
v 9.54661942 -32.24988556 -10.96604729
v 8.22398281 -36.25592041 -9.15618992
v 7.67019844 -35.66127396 -8.86887074
v 6.92083073 -36.09119797 -9.44098186
v 7.52590704 -36.85794449 -9.72651005
v 7.38530159 -34.82080078 -8.65991116
v 6.60254669 -35.04145050 -9.21169472
v 7.31589413 -33.92671967 -8.56986141
v 6.43445253 -33.97032166 -9.07403851
v 9.52492332 -36.16007996 -8.93464470
v 8.50550938 -37.03593826 -10.10451126
v 9.55641460 -36.86731720 -10.44449139
v 10.94793224 -34.08786392 -10.24058819
v 11.37011623 -34.74855042 -9.66989994
v 11.08874798 -35.17794800 -10.85988235
v 11.00259399 -36.03305817 -10.83323669
v 10.47614098 -36.97414017 -10.83407879
v 10.80327129 -33.18482971 -9.65826130
v 10.27608109 -33.07971954 -10.98342609
v 3.66958523 -41.36057663 -9.25348186
v 4.10901928 -40.71301651 -9.08507156
v 6.15806055 -39.32759094 -9.81085300
v 3.76021504 -39.53523636 -9.06750870
v 8.05873203 -42.98380280 -11.26432037
v 2.87316465 -44.22145844 -10.20759583
v 11.07168579 -40.08147049 -11.55575371
v 11.64384937 -40.17438126 -11.98864746
v 9.58412743 -43.24128723 -12.29370022
v 3.63332796 -47.44360733 -11.80774403
v 8.52427006 -44.64350891 -12.27931023
v 5.21050596 -46.38828278 -11.43896484
v 10.23266220 -43.94591904 -13.29572296
v 10.72622871 -44.20617294 -14.10781002
v 6.16577530 -48.55013657 -13.44027805
v 7.03837013 -48.67320633 -14.04598618
v 5.28254271 -49.17443466 -13.47008419
v 4.40478754 -49.57342148 -13.52748489
v 12.60644150 -28.19350243 -13.02278042
v 12.46699524 -28.56339455 -18.59137917
v 11.74179935 -29.13145065 -18.51386261
v 12.52144623 -28.09344673 -18.46204376
v 12.17325115 -27.65067291 -19.38582420
v 12.41254330 -27.62571144 -18.88101578
v 8.71488953 -34.42773819 -7.55413342
v 8.67349815 -33.69416809 -7.51463747
v 10.09450626 -34.03288651 -6.58874941
v 9.99265957 -33.38051987 -6.59749126
v 10.88547611 -35.13181686 -7.20709658
v 9.80376339 -35.36831665 -7.60437202
v 11.73268795 -33.01241684 -7.89832640
v 11.81152153 -33.76610565 -8.48934269
v 10.17805958 -40.10707474 -10.92615700
v 10.78710556 -39.85436249 -11.10844326
v 10.73504925 -40.44843292 -11.42519951
v 4.71306562 -41.85548401 -9.14602661
v 5.75977755 -45.92504501 -11.18536854
v 18.68880272 -8.72236729 -13.64249706
v 18.69775391 -8.30118370 -14.05493832
v 18.68340492 -6.52034283 -13.47150612
v 18.62476540 -7.76393509 -12.93104458
v 18.51309776 -6.58053446 -14.45982361
v 18.07282448 -7.10686922 -15.72186089
v 17.92905998 -12.54888344 -13.84121323
v 18.10163116 -10.99111462 -16.33453369
v 18.13459587 -12.46562576 -14.68445015
v 18.98159790 -4.88695240 -14.37290668
v 19.11988640 -4.69315958 -13.59057236
v 18.92029953 -4.62048721 -12.49722290
v 18.56768036 -4.48072481 -15.52207756
v 19.17296982 -4.60395193 -14.99967861
v 18.31627655 -5.47222805 -15.30121708
v 18.00852585 -5.08464241 -15.99034023
v 19.61358261 -0.96859610 -14.79232597
v 18.74177933 -0.11975140 -15.05486774
v 19.20614433 0.37020773 -13.74992561
v 18.21495628 -0.84110349 -16.08039093
v 19.38466644 0.70881873 -12.52355289
v 19.37760925 0.58580238 -11.60440540
v 19.12546730 -2.58402872 -11.62083530
v 19.98518753 -1.17818737 -12.49308872
v 17.93395805 -2.69187880 -16.36605072
v 18.48858452 -3.78780937 -15.79075432
v 19.40699387 -4.06628132 -15.31080151
v 20.06452179 -3.82467222 -15.23802376
v 20.33414650 -3.92736149 -14.96576500
v 20.12413216 -4.18434763 -14.47938728
v 18.71702766 -11.90962982 -14.77871323
v 18.68479919 -10.89221668 -16.00950813
v 19.05627060 -9.84036350 -13.95414543
v 19.08849907 -9.30448341 -14.06062603
v 11.97735214 -24.31853867 -16.54617882
v 11.48003960 -24.02284813 -16.32284355
v 12.55773067 -24.62492180 -16.94650841
v 19.36486626 -3.53145504 -15.53566456
v 7.50338125 39.63176346 3.92773008
v 7.36461926 39.15540314 2.18700337
v 7.52108860 39.98933029 6.02237892
v 5.66670275 35.65570068 8.11658669
v 6.62713766 40.88438797 3.23412800
v 4.31299591 34.35569000 8.17825031
v 4.56682396 41.29883957 1.03837204
v 2.89581227 33.84246826 8.41211128
v 3.01413846 35.57476044 10.12623405
v 1.79026771 33.41938400 8.34426117
v 2.09844041 34.86898422 9.61131382
v 3.17863536 41.25955200 -0.05246036
v 2.06414509 41.88106537 0.48456794
v 7.34616137 37.89206696 6.36059523
v 7.73647261 37.86927414 2.88559270
v 6.73879766 34.40280151 5.39263773
v 2.82983780 32.76968765 7.68761253
v 2.93232942 32.46300507 7.63786411
v 3.05296612 31.89497757 7.28751183
v 2.29037404 31.91946220 7.37605953
v 2.57291722 32.12771225 7.56003141
v 3.55439234 32.55624771 7.26811409
v 3.41170382 32.06543732 7.16030693
v 6.03593445 32.42425537 5.23041677
v 6.06445217 33.45322800 5.84830284
v 5.23755217 33.16203308 6.55948973
v 5.33916664 32.09552002 5.83493185
v 5.65988588 32.55714798 6.04095554
v 3.42939138 31.54676056 6.73716831
v 1.33351803 31.49414444 7.26090288
v 5.36862755 32.46388626 6.19357347
v 5.47707319 33.07034683 6.47552824
v 11.58997631 -23.43251610 -15.01305485
v 11.74859238 -23.42187881 -13.93971634
v 10.97168255 -23.81573105 -16.80758667
v 11.19151592 -24.48202515 -17.96007729
v 10.26807690 -24.12195587 -18.26487923
v 10.32747841 -26.20828438 -16.40457344
v 10.09808731 -26.25904846 -17.39807701
v 10.60516071 -25.62016487 -15.19836998
v 9.78717518 -26.18047905 -18.34060669
v 9.54908180 -25.46582794 -19.09984779
v 11.41450977 -23.83990288 -14.01596928
v 11.34325981 -25.43005753 -15.64488316
v 10.77673054 -24.70059776 -18.37809944
v 17.39649773 -18.00662994 -10.81364632
v 16.94092560 -18.03875160 -11.50977325
v 17.36500549 -17.86697197 -10.34296131
v 12.01000214 -24.99886894 -18.16872025
v 12.33091831 -25.63554192 -16.45365334
v 11.89572716 -26.03376579 -17.93237686
v 10.13299751 25.62506485 -7.26074076
v 10.38348389 24.50667191 -7.48161888
v 10.09903431 25.05858612 -9.29840183
v 9.38587093 27.99323273 -5.38660145
v 10.20701599 26.76475334 -6.43655872
v 9.82256413 27.64832878 -5.93627787
v 10.19055367 26.05888367 -6.69638872
v 16.29640770 -17.63705444 -12.17051315
v 16.24627304 -17.32740593 -12.58537769
v 16.74592209 -16.24953842 -12.39379597
v 15.52945042 -18.52776337 -12.35272026
v 14.72089100 -19.50273132 -12.03243542
v 14.13782692 -19.91243553 -11.52562428
v 15.92609406 -16.54117584 -9.40211773
v 16.54249191 -16.41331291 -9.87970161
v 16.31294250 -15.36125088 -9.67195320
v 15.81698036 -15.85131454 -9.05476475
v 15.76063251 -17.56285477 -9.45646381
v 15.24139404 -17.00185585 -9.16008663
v 14.70319748 -18.31564522 -9.72672081
v 14.25399780 -19.38466644 -10.61184883
v 16.67040634 -17.98050880 -9.61392021
v 16.57672119 -17.29665184 -9.55436039
v 17.11181259 -17.33425140 -9.86332321
v 7.97800255 -29.06456947 -22.77304077
v 8.31416512 -29.61718369 -22.05445290
v 7.41468668 -29.59797478 -23.08895493
v 8.28309536 -28.77867317 -22.41454887
v 6.65162706 -29.52066803 -23.69929695
v 7.85330105 -26.69002724 -22.30635834
v 8.12234688 -26.54842377 -21.33728790
v 6.26943207 -27.51890755 -23.88982582
v 8.08137608 -27.01494789 -22.91991234
v 8.57586479 -26.74216270 -5.11918831
v 8.30150032 -26.97797966 -5.63210726
v 8.67918587 -26.82536697 -5.96755886
v 8.82916451 -26.60187340 -6.33692408
v 8.89699173 -26.20896912 -6.62534904
v 1.02868247 -20.19548988 2.37259436
v 1.87915969 -20.63473511 2.64906526
v 1.83155394 -21.30500603 2.18533134
v 2.43747282 -21.33765602 2.04304099
v 2.48170829 -20.63842201 2.52878737
v 1.80237973 -21.87932968 1.61616993
v 2.36564302 -21.92072105 1.47356367
v 2.90815806 -21.84004402 1.29725420
v 3.02696157 -21.28204536 1.82607722
v 3.07288194 -20.61072159 2.28949523
v 18.48595047 -0.67795932 0.54799169
v 18.09215164 0.00947900 0.38263574
v 18.53903389 -1.45629084 0.51692164
v 18.99370956 -1.45702803 -0.06508915
v 18.92661858 -0.65025961 -0.00810981
v 18.48163223 -2.25895166 0.34840602
v 18.92008972 -2.28254390 -0.21580529
v 19.17970848 -2.24420667 -0.83015001
v 19.26839066 -1.45586956 -0.71218908
v 19.19782448 -0.68248820 -0.64035928
v 17.15583611 0.60518163 0.07130317
v 7.41731977 44.66116333 30.48521042
v 7.16760063 44.17288971 28.74960518
v 6.52576685 44.51992798 30.65920258
v 6.25308752 44.02859879 28.92759895
v 6.86427259 43.82216644 26.91478539
v 5.95428801 43.67703247 27.09162140
v 7.10925198 52.21392822 31.47250175
v 18.16487694 -17.44505119 -34.12696457
v 18.25840378 -17.47862244 -33.37622452
v 18.01987267 -17.40176392 -32.61345673
v 17.56327629 -18.03032684 -32.94901276
v 17.86823654 -18.08762169 -33.52143860
v 17.86149597 -18.13691330 -34.02456284
v 15.21961784 -17.33696365 -33.32301331
v 15.71687126 -17.86586761 -32.89635086
v 15.70618057 -18.17609215 -34.00739670
v 15.69996643 -18.12469673 -33.51153946
v 18.75894547 -16.88223648 -33.20035172
v 15.00578785 -16.84966469 -33.14080429
v 19.71687889 -16.39048576 -32.24103546
v 20.41292763 -16.09113312 -32.38216782
v 19.12696838 -16.70079231 -32.46706009
v 19.99155807 -16.91009331 -33.15702438
v 20.79788017 -16.09687424 -32.79356003
v 21.12848663 -15.38621140 -32.78091812
v 19.20474815 -16.95480347 -34.05702972
v 21.12219429 -14.66770363 -33.17811584
v 19.70963860 -16.64444351 -34.36583328
v 12.26725197 -14.78155613 -33.05952454
v 12.17667389 -15.58858871 -32.62035370
v 11.91068268 -15.82803917 -33.73534775
v 11.94080544 -15.79791641 -33.23127747
v 14.10873222 -17.15615273 -34.03946686
v 14.29528427 -17.13598251 -33.29539108
v 14.16792297 -16.88586998 -32.53151703
v 13.47176933 -17.15278244 -32.83926773
v 13.46976852 -17.34330940 -33.35534668
v 13.45965767 -17.38975716 -33.85994720
v 13.87157249 -16.44796562 -32.14119339
v 20.39436340 3.08433580 -34.36156845
v 21.39678192 2.75376892 -34.01711273
v 20.36167336 2.91616249 -33.93074417
v 22.41447067 3.36838984 -33.07679367
v 21.97999001 3.53185010 -32.66838074
v 21.19410133 3.39619493 -32.75393295
v 21.28723335 3.01567888 -33.22861862
v 23.10080338 3.67811632 -33.45803452
v 22.64696884 3.24376726 -33.61923218
v 18.16503525 4.12723684 -34.33645248
v 17.45073891 4.56561422 -34.31483078
v 18.20676804 3.88502860 -33.93029404
v 17.51577568 4.29045963 -34.10434723
v 16.98226547 6.30796003 -32.83953094
v 16.84911156 6.36938953 -33.43613052
v 16.88162231 5.21129227 -33.89013290
v 17.33103943 5.90699816 -32.53936386
v 17.81983948 5.23467398 -32.52803802
v 25.71645546 5.56062031 -34.11985397
v 25.83789253 5.87232113 -33.51409531
v 25.76761436 5.24204683 -33.26845932
v 25.69818115 4.78110361 -33.81692123
v 23.61064339 3.57313633 -34.16050720
v 24.24368286 3.78051591 -34.39824677
v 24.86919212 4.27237082 -34.42296982
v 25.14958382 4.06649208 -34.19276428
v 24.45009995 3.63056993 -33.99262619
v 23.67412567 3.54504180 -33.64724731
v 16.78720856 -18.38094521 -34.19128799
v 17.45695305 -18.29826736 -34.16485214
v 17.39533997 -18.29257965 -33.54376984
v 16.78910446 -18.36872673 -33.54829788
v 16.49725723 -18.12648582 -32.88213348
v 16.11514664 -18.32280731 -34.15390015
v 16.18013191 -18.31353951 -33.53797531
v 17.53583908 -18.06381989 -34.44406128
v 16.13231468 -17.76396751 -32.49939346
v 16.78078461 -17.80219841 -32.45884323
v 17.42704201 -17.74342918 -32.49381256
v 12.08172607 -16.24406242 -33.89754486
v 12.11837864 -16.30220032 -33.27035141
v 12.51702309 -16.78710365 -33.96537399
v 12.49711704 -16.78246880 -33.30773926
v 12.67363739 -16.58520126 -32.63367844
v 12.31606865 -16.14547920 -32.62577820
v 13.05216503 -17.22366333 -33.97264099
v 12.97033024 -17.16384125 -33.33849335
v 13.10619545 -16.94740295 -32.68992233
v 13.34938526 -17.07221031 -34.27786255
v 12.75104904 -16.57077217 -34.27849579
v 13.46049976 -16.69768524 -32.33551025
v 12.97991467 -16.27407837 -32.25504684
v 12.56273270 -15.78475094 -32.25799561
v 12.24834633 -15.96569538 -34.18802261
v 19.92897224 -17.09854126 -33.89902115
v 20.29138565 -16.91127777 -34.01824570
v 20.55674362 -16.64428711 -33.43333817
v 20.76796913 -16.48998833 -34.03046417
v 21.15513229 -15.98117733 -33.98485947
v 21.10426140 -16.01277351 -33.40842819
v 21.30742836 -15.57774067 -33.60864639
v 21.07350731 -15.78011703 -34.26069641
v 24.96911430 3.96517205 -33.76173019
v 25.18058777 4.48975611 -33.21646500
v 25.57950974 4.55434465 -34.16264343
v 25.51410484 4.71053791 -34.35622406
v 21.87027168 2.83443236 -34.34084702
v 17.20339012 4.70666742 -33.68503189
v 17.42225075 4.84498167 -33.07871628
v 17.12118530 5.47686243 -32.92657852
v 17.02428818 5.17174387 -34.26596451
v 8.49918938 -26.36584663 -7.18813848
v 8.14804554 -26.66980553 -6.97001600
v 1.11294019 -26.88740158 -2.46432996
v 1.37656188 -28.01761436 -4.41331816
v 0.80750573 -27.84288597 -4.20593882
v 1.72265077 -28.14947891 -3.38116026
v 1.25017512 -28.01898384 -3.43761301
v 7.42964220 -25.86693382 -4.48830795
v 7.07470608 -25.26291084 -4.64202547
v 1.78947771 -27.72339821 -2.63121319
v 0.82267213 -27.66510010 -3.47284341
v 1.75098240 -27.00662613 -2.19533706
v 2.69940925 -27.82698250 -4.74392509
v 3.19526649 -27.50595856 -4.80090427
v 6.69733667 -26.77270508 -6.01821899
v 7.37645483 -26.90667534 -5.32962179
v 7.41268539 -26.72531128 -4.97458076
v 7.15348721 -26.90056801 -6.31333160
v 7.83660746 -27.00473022 -5.37575293
v 13.13431644 -25.00171280 -9.27162361
v 13.08671093 -25.46492004 -9.42497253
v 13.38140297 -25.43553543 -9.88428307
v 13.44017220 -24.93999290 -9.71471405
v 12.97064590 -25.83576012 -9.63256264
v 13.23637390 -25.83165169 -10.06122398
v 13.32273865 -25.75013161 -10.54444218
v 13.48619843 -25.37676430 -10.42037296
v 13.56287289 -24.89965439 -10.25491142
v 13.26344204 -24.74493599 -10.88189507
v 7.90359259 -25.36338806 -4.45302486
v 8.12150383 -26.40144539 -4.60721684
v 8.09348869 -26.79461288 -4.88179159
v 8.12771797 -25.92991638 -4.39867878
v 15.39558601 -20.09316826 -4.92455244
v 15.20568943 -19.34411621 -4.85777807
v 15.25329494 -20.63283920 -5.13930464
v 15.55672836 -20.65453720 -5.50393009
v 15.70470619 -20.09264183 -5.26674461
v 15.00336552 -21.08772659 -5.46464491
v 15.28636646 -21.12195587 -5.82979727
v 15.44361210 -21.02958870 -6.22475576
v 15.71755600 -20.58028412 -5.90931559
v 15.85974121 -20.03882217 -5.67023420
v 14.48159885 -18.28446960 -4.94024563
v 12.47415733 -27.65720177 -18.35819435
v 12.38400078 -29.31508064 -12.42855263
v 12.15292454 -34.28607941 -7.95909739
v 9.13575745 -30.20020866 -8.21239758
v 9.14650059 -29.79071426 -8.07284546
v 8.81557751 -29.92005157 -7.69747686
v 8.83063889 -30.35050201 -7.86346483
v 9.04633904 -29.39017487 -7.98047781
v 8.72384262 -29.48528099 -7.61395645
v 8.29275799 -29.61261559 -7.37824488
v 8.36806393 -30.03221893 -7.44175434
v 8.40850735 -30.42991638 -7.61585188
v 7.66356325 -30.87511253 -8.68066025
v 8.98914909 -20.21123505 0.18147025
v 8.96081734 -19.47418976 0.30880484
v 8.84538364 -20.83189964 -0.17683606
v 9.43582058 -20.82610703 -0.48132271
v 9.58695793 -20.17953300 -0.10384774
v 8.69161320 -21.36188126 -0.65647358
v 9.22917843 -21.37683678 -0.95116526
v 9.69249058 -21.27888680 -1.31831861
v 9.93820763 -20.75185394 -0.89745092
v 10.08650112 -20.13350677 -0.53377318
v 8.57775974 -18.55451584 0.12996766
v 17.12434578 -17.93501091 -9.91040230
v 19.57856560 -10.15917397 -15.40248394
v 19.68372726 -10.17934322 -15.03759480
v 19.54149055 -9.46552181 -14.53320694
v 19.65971565 -10.37105560 -14.67844677
v 19.57161331 -11.02113152 -15.13017368
v 19.50052071 -10.94772148 -15.49048138
v 12.74783707 -25.17275620 -16.86267090
v 12.57144833 -25.51268387 -17.43325424
v 12.55441284 -25.74423409 -16.98142242
v 12.33565807 -25.60357475 -17.93801117
v 12.48763847 -25.06932831 -17.81641769
v 19.11240768 -8.97651005 -14.35563374
v 20.20238876 -4.02515316 -13.91780949
v 20.92879486 -3.13270497 -13.91801929
v 20.93342972 -2.73556113 -14.41909027
v 21.04233360 -2.38102007 -13.80279732
v 20.71704483 -2.85573387 -14.95404816
v 21.04749298 -1.72012305 -13.75519180
v 7.51068783 -27.88817406 -23.84385109
v 7.89916897 -27.81658173 -23.52951622
v 7.47503614 -27.26087379 -23.73426437
v 8.21202850 -27.53318405 -23.11028290
v 8.22777462 -28.15653419 -23.22197723
v 8.15341663 -28.55496979 -23.19669914
v 2.11897850 -31.70473671 -5.75775671
v 1.64023614 -31.25748634 -5.87861443
v 3.71871805 -31.47123718 -5.87403250
v 3.68196058 -31.05774117 -5.71783972
v 3.17715096 -31.18518257 -5.52130842
v 3.24076581 -31.61679268 -5.69161463
v 3.55546856 -30.64445686 -5.63252878
v 3.06477213 -30.74409294 -5.43810368
v 2.57718277 -31.06874657 -5.39060354
v 1.59615862 -30.80438995 -5.80225563
v 2.70709777 -31.69167709 -5.59050512
v 5.24248075 -41.31071091 -9.04870892
v 5.77039576 -41.50518417 -9.24992657
v 14.51730347 48.48910141 26.60724449
v 14.30834389 47.48854065 26.85464668
v 13.82870674 47.16151428 25.16432953
v 14.02723885 48.13732529 24.90892410
v 13.28850842 46.45912170 25.43153191
v 12.43987465 46.32230759 24.26882744
v 13.04531956 46.94002151 23.92510796
v 13.20267105 47.85295486 23.63673592
v 14.26179123 47.84294891 28.44396019
v 14.45895481 48.80180359 28.21214485
v 14.34088898 49.47491837 26.42672157
v 13.86472702 49.09765244 24.73598480
v 13.08460426 48.76736450 23.51024437
v 13.83586788 49.90789795 29.24798965
v 14.29517841 49.74717712 28.03330803
v 12.14702606 46.83048630 23.44736671
v 12.28699970 47.74194336 23.13666534
v 12.18704891 48.65814209 23.02723694
v 12.39748192 46.15684509 25.58224869
v 9.93610096 -30.45319176 -22.67040253
v 8.64990616 -30.33733749 -22.10166359
v 9.19589615 -30.31806374 -21.26214027
v 8.99588966 -30.82097816 -22.89305496
v 8.21260834 -30.64372063 -22.79858208
v 9.67753506 -30.45413971 -20.47422409
v 10.03141785 -30.86531830 -19.89442635
v 9.44698429 -34.61594772 -22.95698547
v 11.18169498 -33.70590973 -22.24927330
v 10.42869377 -34.74517822 -21.44045067
v 8.99294090 -32.11138535 -23.54394722
v 9.18852425 -32.91678619 -23.59060478
v 9.53819370 -31.25221825 -23.53215027
v 10.65639973 -33.56620026 -20.29022598
v 11.35639858 -31.30501175 -21.29436874
v 11.07884789 -32.42798615 -7.60700512
v 12.55262184 -32.50813293 -23.28590775
v 12.92514706 -31.81227112 -23.45673943
v 12.91471958 -31.18770981 -23.36163330
v 12.74609947 -31.77877808 -23.94912148
v 9.58342934 -34.88710022 -7.25780916
v 10.81764889 -33.11952972 -6.43413639
v 11.32772446 -32.96228409 -6.75084019
v 11.01934052 -33.79769897 -6.40991211
v 11.61135674 -33.67847443 -6.72872257
v 11.13540554 -34.46818161 -6.59959745
v 11.73332024 -34.38360977 -6.90113544
v 12.14365578 -34.27428436 -7.28819466
v 12.04654884 -33.60885620 -7.16170263
v 11.72089195 -32.93163681 -7.18561077
v 12.36514854 -31.74718094 -24.32512283
v 11.01207352 -32.11554718 -24.18909836
v 12.75526237 -30.63845444 -23.22503090
v 17.04332542 -19.61708641 -17.41037369
v 18.17261124 -17.87285805 -20.71713066
v 17.18485260 -19.61166191 -20.86404800
v 16.67720032 -20.02081299 -20.80872726
v 15.27077866 -21.56894493 -18.38884354
v 19.73657417 -14.19441128 -23.59926796
v 18.13421440 -17.94163322 -22.02680588
v 18.66226006 -17.03482056 -21.59548569
v 17.86264038 -18.01055336 -22.91189384
v 18.75971031 -17.70767212 -22.72580338
v 18.97659492 -17.45979500 -22.29819489
v 19.00687408 -17.05525398 -21.96927452
v 19.75661087 -16.45125771 -22.73773193
v 19.62754059 -16.72522736 -23.04314041
v 19.41879082 -17.19722748 -22.64891815
v 19.36196899 -17.01670456 -23.27232170
v 19.17549515 -17.45916367 -22.87841606
v 10.00487709 27.58473969 -7.03415728
v 10.07007122 27.39568710 -6.31406927
v 1.04421747 46.25850677 10.67027664
v -0.53316760 44.48877716 8.37206554
v 0.12491219 44.17236328 6.20158482
v -1.39846897 43.75878906 8.80612469
v -0.00826780 45.07159042 16.47338676
v -0.36437550 45.31750488 14.55561447
v 0.53840733 46.93212128 16.47350693
v -0.21443610 45.85088348 13.19793129
v 1.95383322 48.05001450 15.70270538
v 2.88177466 48.38893890 15.37768078
v 2.09838796 46.56425858 10.29564476
v -2.24926186 42.16033936 8.06031227
v -2.01813245 41.84089661 9.69027996
v 1.01456928 48.65424728 22.47397804
v 1.48849308 49.34479141 22.45712662
v 1.21868384 48.39336395 20.98093033
v 2.59911609 49.64427567 20.80888557
v 1.52222252 48.20999527 18.03638268
v 1.10483038 47.89392471 19.32284164
v 1.34722948 44.41223526 5.62742090
v 0.69017673 47.07441330 22.93413162
v 0.69449496 47.90866852 22.71937943
v 0.92483473 47.68296432 21.25697899
v 0.91419715 46.87893295 21.51449203
v 0.81287712 47.19858932 19.64007187
v 0.79223400 46.40287781 19.94835091
v 0.92283356 47.18289566 15.07277298
v 3.59414816 50.01269150 20.40982056
v 1.23069060 48.73489761 32.84527206
v 1.20875716 49.53524017 32.64571381
v 4.13962221 49.31411362 33.70800781
v 3.79265428 50.26388550 33.18367004
v 2.52615428 50.32318115 32.63978577
v 0.93473500 50.30896378 31.91580200
v 4.30612993 51.14782715 32.57423401
v 4.63694382 52.28014755 30.81910706
v 3.03138518 51.43728256 31.25395775
v 1.69248247 50.20732880 24.45000839
v 5.69956636 48.58084488 34.38763809
v 6.04328537 49.51788712 34.54685593
v 5.48665762 50.18531418 34.19223785
v 4.88175869 47.40098953 33.65369034
v 4.13042259 47.95638275 33.62033844
v 0.06266674 47.19100571 24.11837387
v 0.07098719 48.06180954 23.91763115
v -0.80518860 47.17004395 24.99497223
v -0.80687380 48.08361053 24.84741592
v -0.42329013 49.06321335 25.08986664
v 0.45267504 48.85467529 23.71267319
v 4.16370487 45.76615143 32.27076721
v 2.72036839 46.45364380 32.39333344
v 2.97356319 47.48727417 33.17124176
v 1.51695645 46.93496704 32.54004669
v 0.92451870 46.18096542 31.17749405
v 2.77329302 45.62259674 31.02559280
v 0.50164992 45.69647980 29.49244308
v 2.47792983 45.11412811 29.30425835
v 0.26678127 45.43349075 27.63834953
v 1.39962745 45.14322281 27.51291084
v 0.17936380 45.46877670 25.80879593
v 2.08736205 44.68969345 26.20769119
v 4.74329281 44.78291702 30.88733101
v 3.06158614 41.38816833 17.81957817
v 2.14470339 41.82481003 17.80865097
v 1.08903205 39.68099976 13.76056290
v 2.10728765 39.18893433 13.79416084
v 0.45417589 42.84440613 16.52745819
v 0.01242802 43.81871796 16.15914536
v -1.23474538 41.86185455 12.01858521
v -0.76679868 40.82933044 12.51180935
v 0.60960519 38.75827408 12.36167240
v 1.68462944 38.25357056 12.48479462
v 0.16030046 37.45691299 11.13624859
v 1.36023688 37.21920013 11.60166740
v 1.10072291 42.02033997 16.76998901
v 0.20190276 40.39245224 13.60647678
v -1.58330941 39.12342453 10.26470661
v 5.87108374 45.19788742 32.14603806
v -0.55960345 38.83531570 11.41395664
v 4.37914133 43.57144547 23.78892708
v 3.85758543 43.16090012 21.44434738
v 3.03393912 44.06901550 24.12337685
v 3.07509375 43.81690216 22.13979149
v 2.81779146 43.29966354 20.80146027
v 1.46545386 45.31321335 23.25346756
v 0.95569414 46.17264175 23.12034035
v 1.14664340 45.99096298 21.75799751
v 1.59931839 45.12553024 21.95821571
v 1.00424767 45.51269531 20.25367928
v 1.42774844 44.63673019 20.52014542
v 2.19596887 44.58975601 23.33014297
v 2.25315905 44.39059067 22.08470726
v 2.04398894 43.88841629 20.70540619
v 2.48349881 48.14954376 33.14775467
v 1.09672058 47.83462906 32.84169006
v -0.47700447 46.25258255 25.21267319
v 0.36515224 46.27922821 24.30121422
v 0.95927507 45.44465637 24.45266724
v 0.11511722 46.83943939 32.28084946
v -0.20137614 46.22045898 31.23341942
v -0.68312013 46.81026459 32.04545212
v -1.14253581 46.39213562 31.24005508
v -1.61753917 45.96452713 29.75016594
v -0.62719399 45.75430298 29.64863586
v 4.75508928 43.54169464 25.58477592
v 3.60231066 43.85536957 25.14905739
v 1.80627668 44.78228378 24.50438118
v -0.06329867 47.60892487 32.61946106
v -1.29936063 48.25202179 32.07936859
v -0.99676979 47.37521362 32.17615891
v -0.24318908 50.10643005 28.67261314
v -1.37972152 49.81131744 28.90590286
v -0.91746217 50.05545425 30.53239441
v 0.21306692 50.37036896 30.39989853
v -2.26116347 49.38328552 29.12623787
v -1.75730181 49.63837814 30.64824867
v -1.22774148 49.66449738 31.52579308
v -0.47247562 49.94633865 31.71432114
v 4.90127611 52.51704407 29.21860504
v 4.59089184 52.26016617 27.44350243
v 3.29679704 51.72707367 27.76541901
v 3.65031123 52.00302124 29.52488136
v 1.90211987 51.05317307 30.01099777
v 2.11444950 50.92678452 31.53895950
v 1.46935070 50.75831985 28.26517487
v 1.25907493 50.39743805 26.38206673
v -0.45046327 49.70894241 26.81272888
v -1.58172953 48.83582306 25.79868507
v -1.55065954 49.41814804 27.12026978
v -2.20618534 48.67699432 26.28717041
v -2.36480045 49.02498245 27.39884758
v 4.32600641 51.88258362 25.55728722
v 4.00182438 51.14585495 23.30597115
v 3.05908489 51.36308289 25.88383865
v 3.18336511 50.90171814 32.38448715
v 0.44498652 46.47039032 12.71945286
v -9.17280102 -36.95806885 -17.54085922
v -9.20453262 -36.57778549 -15.42686653
v -7.84706736 -40.98363495 -18.08722305
v -6.44457293 -43.72171021 -16.32413673
v -6.41686344 -43.87092972 -17.36258316
v -7.13689899 -42.61630630 -18.10004997
v -6.52987432 -43.63990784 -18.62508202
v -6.69251823 -43.05258942 -15.61793423
v -8.52058315 -39.26991272 -17.15602112
v -8.58605385 -38.75609970 -16.52307320
v -8.46646118 -38.71778870 -15.63228416
v -8.76574707 -37.61239243 -15.19747448
v -8.33370209 -39.72946167 -17.62926102
v -7.53663683 -41.77964020 -16.99949837
v -7.76841784 -41.20405960 -17.52121162
v -7.28942537 -42.16331482 -16.42428207
v -7.04348469 -41.91098785 -14.83637714
v -6.71608400 -43.08059311 -14.29117680
v -7.34896564 -40.76778412 -14.22062397
v -7.25075245 -40.93159866 -13.89132023
v -7.22384262 -41.73468018 -13.73254681
v -7.83281612 -39.79522324 -13.31431293
v -8.11465836 -39.25237274 -14.87011337
v -7.87897348 -39.28514862 -13.84663773
v -8.25323296 -38.36862946 -13.86692810
v -7.26971054 -41.58106613 -14.64482212
v -8.19449234 -39.50956345 -14.82508087
v -8.11331558 -40.58469391 -17.52886009
v -7.48837280 -42.05016708 -15.72109699
v 0.80139041 -45.25625992 -26.24338913
v 2.34070802 -46.09460068 -26.49973679
v 1.44726932 -46.87364197 -26.02148438
v 1.63836658 -47.65288162 -25.77853012
v 2.45903778 -44.58164597 -26.77583885
v -0.87836128 -45.82284927 -25.13821030
v 0.16014250 -47.05013657 -25.48271942
v -0.55496925 -46.65449524 -24.80032349
v 0.72956723 -47.69944763 -25.35991287
v -3.80284429 -45.46501160 -22.55415535
v -2.69096375 -44.57577133 -24.07416534
v -2.83811879 -45.07508087 -23.42956734
v -2.22998810 -45.23611832 -23.89319611
v -0.99588770 -44.03436661 -25.52361107
v -1.32095993 -43.05781937 -25.50277901
v 1.90928185 -42.80206680 -26.74026680
v 1.60337329 -41.87223053 -26.76580811
v -3.15460229 -49.01842117 -20.14837456
v -1.74853373 -50.27466965 -21.67328644
v -1.07970452 -50.98141479 -21.50007057
v -1.10248697 -50.39514542 -22.60615730
v -2.49387288 -48.97205353 -22.13489342
v -2.10017824 -48.88327026 -22.55491829
v 2.81501365 -52.58633423 -20.84892273
v 2.11793828 -52.35425568 -21.96191597
v 4.46145058 -52.63890457 -20.93016434
v 3.82930636 -52.27612305 -22.55023193
v 2.64227200 -51.74211121 -22.91859627
v 1.75366819 -52.08859634 -22.49862289
v 2.13569498 -52.23258972 -17.79154205
v 2.76652598 -52.47330856 -19.08847427
v 3.90097833 -52.60691071 -19.78362656
v -3.10528183 -42.61105347 -24.72753143
v -0.89550900 -41.95915604 -26.13074684
v -1.89522123 -41.61252975 -25.78241348
v -4.51794291 -43.90710831 -22.92573166
v 1.27281284 -47.91398239 -25.28052330
v 2.09285855 -47.93205261 -25.08381081
v 2.77639985 -48.05401230 -25.36754990
v -0.17878453 -46.80204773 -24.62265778
v 1.68698609 -47.34322357 -24.73983765
v 1.18802190 -46.48440170 -24.28514481
v -0.33244967 -45.27165222 -22.94904709
v -0.21410696 -45.13545609 -23.16190338
v 1.54557121 -45.50026703 -23.69564056
v 1.53152704 -48.84282684 -23.10682678
v 0.02306558 -46.27606201 -22.86907768
v 1.61636746 -51.02406311 -23.11652374
v 1.33359039 -50.19511032 -23.18656158
v -2.04184628 -50.31958771 -19.54477501
v -0.96466625 -51.16894150 -18.92141342
v -3.14165735 -46.71350098 -22.45981216
v -3.53919625 -47.21063614 -21.87665749
v -3.85463977 -47.36484146 -21.10437202
v -0.35386962 -50.39691544 -22.93862152
v 0.12817720 -51.27982330 -22.74950218
v -0.51776421 -49.44208527 -23.04366493
v -1.77678645 -46.44729614 -22.82254219
v -2.37854505 -45.41880035 -22.90790558
v -2.75491405 -45.95947266 -22.70126343
v -2.09828258 -45.25344467 -23.21871185
v -1.64692402 -45.38083267 -23.59218407
v -1.13368869 -45.72086334 -23.94922638
v 1.04728496 -52.09882355 -19.09082985
v 0.30106366 -51.84795761 -21.57157707
v 1.47251046 -52.34431839 -21.29837036
v 0.25882944 -51.61269760 -22.39172173
v -0.00327815 -51.79677200 -17.52731133
v -1.25634956 -51.23787308 -17.84313965
v -1.35760391 -51.02578735 -17.02044487
v 3.78436017 -52.40694427 -17.23311615
v 3.76328254 -52.33423996 -16.70127296
v -4.52253771 -46.25428009 -21.38261604
v -2.51082969 -50.25061417 -18.56091499
v -3.20990634 -49.48961258 -18.84836388
v 1.36479211 -41.01417160 -27.01676369
v -3.13880062 -48.92874146 -15.82573509
v -3.40614629 -49.00064850 -16.98221779
v -3.20853710 -49.47101974 -18.14397049
v -0.78334743 -48.69831085 -13.74248028
v -0.67564225 -50.27589417 -15.47815800
v 0.07593735 -50.08626175 -15.02832699
v 0.82835954 -50.07072449 -14.52077866
v 0.67886442 -51.46665192 -16.51964378
v 1.29936063 -51.49333954 -16.60519791
v -1.20696664 -50.56360626 -16.13739586
v -2.71968389 -48.67836380 -14.96929359
v -3.76971555 -37.35055161 -25.33020973
v 0.59488642 -38.27255249 -26.99514580
v -5.64327145 -31.72351074 -24.51664925
v -2.48363042 -31.68069649 -25.96679306
v -3.17830968 -34.19560623 -25.81869698
v -4.34696531 -34.58214188 -25.28787231
v -0.51954806 -33.96550369 -26.63468170
v -0.17341310 -36.89017105 -7.73570871
v -0.50313759 -37.77370834 -7.78484154
v -1.14011335 -37.09776306 -7.25522900
v 0.04349809 -38.11275101 -8.30497551
v -1.23880029 -38.42113495 -8.03814125
v -2.13203835 -35.65026474 -7.89358711
v -1.46005607 -35.80245590 -7.64779091
v -2.46780562 -36.63697433 -7.56937551
v -1.07291782 -36.18093109 -7.53654432
v -0.66858566 -35.58069992 -7.78004932
v -2.47465158 -38.53730774 -9.10605621
v -2.41867280 -38.23627090 -8.26825047
v -2.92494392 -37.72557449 -8.54372787
v -6.92272615 -39.19051361 -22.39877892
v -5.78337669 -39.99967957 -23.31098747
v -5.81097078 -38.30307007 -23.90767860
v -5.52936554 -42.28967667 -22.43032265
v -3.82188106 -39.61617661 -25.05179405
v -9.28328800 -37.75189209 -22.10166359
v -9.42081261 -37.23968124 -21.56252098
v -9.98094273 -36.47425461 -21.59350967
v -10.91149044 -37.00297165 -22.99911499
v -10.25383186 -35.06901932 -21.51486015
v -10.21617985 -34.67985153 -21.93041039
v -9.74552059 -34.30856705 -22.23947716
v -11.12445259 -35.04008102 -23.52066994
v -6.43970537 -34.70847321 -23.91540527
v -7.32526779 -32.98408508 -23.21007538
v -6.44645929 -32.51585007 -23.96373367
v -7.92939615 -36.60864639 -7.44607258
v -8.20036411 -36.25968933 -7.84613895
v -6.25572062 -35.95259476 -8.81642056
v -7.58920574 -35.46863937 -9.58674717
v -8.51730537 -36.00714874 -8.47865200
v -9.40843678 -36.67383957 -7.41352797
v -9.13502026 -36.98738480 -24.23580742
v -9.12535667 -37.41701889 -23.90643883
v -7.28735209 -37.24626541 -23.59776688
v -8.81247139 -37.87477875 -23.15620232
v -5.93805218 -43.85171509 -20.35177422
v -5.23996639 -45.28930664 -20.73113251
v -7.93508387 -38.92699814 -20.73021126
v -7.36873960 -39.39960861 -21.53610992
v -3.85323215 -44.15629959 -11.30098915
v -10.28766727 -34.72948456 -23.53689194
v -11.06189060 -35.46558380 -24.32385826
v -11.43936539 -35.58354568 -23.93690491
v -9.82182598 -34.82217026 -23.82173538
v -9.68011570 -35.22850418 -24.15681648
v -10.14569283 -35.88592529 -24.56315041
v -10.93276596 -36.04559326 -24.49942970
v -11.31182098 -36.20199585 -24.10204887
v -5.71710920 -45.38999176 -18.22479820
v -5.79921770 -45.15764999 -15.55615616
v -5.29997396 -46.49198151 -14.93143082
v -4.47303629 -47.45441437 -16.14863968
v -4.49083567 -47.39185333 -14.98598766
v 2.25432396 -51.32273865 -15.64003849
v 2.08164167 -51.98411942 -16.48742867
v 3.44772387 -50.95443344 -14.87525463
v 0.14344890 -51.69068527 -16.85577393
v -0.06640568 -50.32844925 -15.64941216
v 0.72778004 -50.41169357 -15.50166130
v -1.97858381 15.28668213 -21.29141998
v -1.57741141 17.87086868 -20.20196724
v -3.97894621 15.84094048 -20.62736702
v -4.10671234 20.64665413 -18.11159706
v -1.17581761 20.36026573 -18.96316719
v -0.73217398 25.03223038 -16.14023972
v -3.32229161 24.52408218 -15.75366211
v -4.76951838 25.40183067 -14.48876095
v -6.35170841 15.54980373 -20.25697136
v -8.09433079 16.53622627 -19.28819084
v -10.24775505 13.24494934 -20.46361160
v -8.98572636 10.06417274 -22.07431984
v -2.60820007 11.09519863 -22.78891754
v -3.51223373 4.93013477 -24.62255287
v -9.75664520 3.66955900 -23.91608429
v -10.09466457 -1.47861910 -24.76342201
v -12.54851437 0.45699325 -23.71646500
v -7.14495611 -1.69084346 -25.57345390
v -13.73539066 -2.91689968 -23.65706253
v -4.05890894 0.41465372 -25.67319489
v -4.31884432 -3.24160838 -26.27052879
v -11.23119640 -6.12664795 -24.75710106
v -7.79389954 -7.17984438 -25.73514938
v -11.69171810 -9.27657318 -24.41601562
v -8.56816483 -11.62883949 -25.34443283
v -7.75471926 -13.42495441 -25.44427490
v -4.42153311 -7.73244381 -26.53296661
v -4.29788494 -13.15727711 -26.40165520
v -7.11837578 -16.98429298 -24.87745857
v -10.09085941 -18.78119469 -23.33933258
v -5.24378443 -20.59724045 -24.59243011
v -7.15917492 -21.03717232 -23.80430412
v -9.22170067 -21.53145027 -22.79184151
v -3.96588302 -16.69131279 -25.77090836
v -3.35714674 -20.39228439 -25.08870888
v -6.19821453 -23.62540054 -24.09237289
v -7.75716829 -23.98961830 -23.27590179
v -4.67899370 -22.73201752 -24.70054436
v -3.97012234 -25.61660957 -25.04099655
v -7.05827618 -27.26145363 -23.67549515
v -2.93375134 -22.82496452 -25.15387726
v -2.27648783 -26.26694870 -25.60394478
v -12.93757439 -24.44318771 -18.45856667
v -11.59066105 -24.88758278 -20.04014015
v -11.77671337 -25.93549919 -19.41897392
v -11.41564178 -23.65502167 -20.75178146
v -9.03527927 -27.61923409 -22.17939186
v -9.95624447 -28.39098167 -21.14459991
v -10.88547611 -28.29208565 -19.95024681
v -8.98933983 -24.76700211 -22.43739319
v -10.89653492 -22.43711662 -21.50138092
v -19.19635010 -17.63842201 -10.00793076
v -19.26902199 -17.49802780 -9.63951397
v -19.72443581 -17.38417435 -9.83720398
v -19.20251083 -17.59629440 -10.44238567
v -18.98596764 -17.06373215 -9.24097443
v -19.96557045 -16.84568977 -9.67362499
v -19.51063156 -17.25246811 -10.75140095
v -13.41910839 -27.73948479 -17.15857506
v -13.61103153 -27.61902428 -16.49499130
v -13.76606560 -27.30855942 -15.92949009
v -14.20481205 -25.95271873 -15.12095737
v -14.62905025 -25.41141510 -15.16053295
v -14.49192047 -24.46656990 -14.71351910
v -15.05076027 -25.48361397 -15.72245312
v -14.97756195 -26.78676605 -16.09882164
v -13.13026237 -26.40318298 -18.31475067
v -12.93599510 -26.96391869 -18.35219193
v -13.05227089 -27.43168068 -18.16182137
v -14.26389790 -27.17882919 -17.99578094
v -14.43704796 -26.77196884 -17.98819733
v -0.97887820 30.37561607 -12.06351852
v -3.84223485 29.28340340 -11.72610569
v -5.29565525 27.56678391 -12.23291588
v -6.61143970 26.61952782 -12.04265881
v -7.74782753 26.01618195 -11.42170429
v -8.75122643 25.39445877 -10.59657669
v -7.44754744 28.16959572 -9.13839054
v -8.03826618 28.53913879 -7.36344576
v -8.31024170 27.60280228 -7.65482140
v -7.57416439 29.89322662 -5.62331963
v -5.46338129 6.43687487 7.19635344
v -5.13977861 7.24148417 8.18548679
v -5.41677618 7.88431835 7.88458204
v -5.30634546 8.90236282 7.92681599
v -5.73774576 8.80925846 6.65836763
v -3.23681617 11.20491886 7.12863159
v -2.85797191 10.55055141 8.16658211
v -2.24378538 11.23714733 6.98086405
v -3.62961555 10.48693657 8.40787506
v -2.56628203 10.09998226 8.56291008
v -2.16647863 10.27945232 7.99016714
v -1.57941246 10.64881706 7.28240204
v -1.63768196 8.51159191 8.40561104
v -1.76664913 7.41961050 8.57262516
v -2.49608469 7.02610016 8.93838406
v -1.73402560 6.12375164 8.24673271
v -3.00531793 6.57750607 8.79980564
v -3.82949066 6.52387094 8.62497139
v -1.04879904 15.30069065 5.74975252
v -1.46894264 16.08915901 6.01042509
v -1.95615017 15.55388451 5.91363382
v -1.73739588 14.90562630 5.71489096
v -2.08927751 16.09376717 6.17125225
v -2.60293412 15.65639019 5.85517979
v -1.86925936 19.41836929 4.55845261
v -2.05725956 18.92419624 5.06126070
v -1.58983946 18.76358032 5.21597910
v -1.26102328 19.24385071 4.74803257
v -1.93957508 18.39825821 5.65723991
v -1.22237003 18.35471916 5.38101912
v -0.78886366 18.73293114 4.95951939
v -3.38299012 18.03492928 4.77886581
v -3.38774300 17.23356438 5.51493645
v -2.96734905 18.67247772 4.77952385
v -3.03454471 19.12367821 4.18634892
v -0.99366277 17.49713326 5.63945389
v -0.47658318 16.93855667 5.42725563
v -6.48490810 17.42231560 3.32372665
v -7.62629223 17.45250320 2.94005752
v -6.06009102 20.42260933 1.94901466
v -6.37090349 20.08732224 2.22789478
v -6.70211554 19.87794304 2.43119311
v -6.56203699 18.77321815 3.03846788
v -8.94303131 17.70874596 1.74335980
v -8.28067207 19.09302902 1.47405732
v -9.88952255 12.26630306 4.10456610
v -9.16339111 11.92416382 4.56578541
v -8.99041271 11.24062252 4.96320581
v -8.19470310 11.67613029 4.74687386
v -9.43192387 7.57467079 5.55469561
v -10.40396881 7.71664524 5.32509327
v -11.19651890 7.72075319 4.91054487
v -9.15181923 10.07305908 5.45644331
v -8.08790684 9.28236580 5.51951790
v -12.45167065 8.10849667 3.64725685
v -12.40885735 9.21756649 3.71663809
v -12.17103958 10.18424034 3.76579714
v -12.65099335 10.23079300 2.65833354
v -18.76968956 -1.66135311 -1.73681664
v -18.40264130 -1.47366893 -0.73894095
v -17.03766441 -1.62765014 -0.21296160
v -18.61218071 -0.69991904 0.10869256
v -20.07621193 -0.53524768 -0.76137459
v -19.49022484 3.12541151 -2.62152362
v -19.65223694 2.38165212 -3.25114012
v -19.81843567 1.29072428 -3.48879957
v -20.63557816 1.25186026 -1.77815557
v -20.48770523 2.03071833 -1.66893637
v -17.30887032 -0.40896633 0.41855064
v -17.46885300 0.74549723 0.70734429
v -19.12799644 0.13734022 0.53767008
v -13.79131699 -2.33141327 2.66423178
v -13.49072742 -1.73318303 3.79202223
v -13.82001686 -1.07842088 3.55862832
v -13.79158020 -0.15966853 3.83947015
v -14.26726818 0.04012778 2.59808922
v -9.61307812 -0.68780696 6.01887703
v -9.79362679 -1.74526870 5.80554676
v -10.68962955 -2.14889002 5.58286905
v -9.72608852 -2.97524834 5.29065275
v -13.62983227 2.53633094 3.21863484
v -12.68227386 1.68299699 4.53528166
v -11.88064003 1.67704618 5.11297417
v -11.99825859 -3.07261872 4.27650452
v -12.97296333 -2.60009050 3.75102568
v -12.32828522 -2.02945447 5.02818966
v -1.94224763 0.71208376 8.45347977
v -2.56691384 0.13344330 8.90278435
v -2.37720203 -0.59596598 9.09726238
v -2.98409534 -0.20127082 9.29626846
v -2.48355126 -1.51126897 9.19647598
v -1.40952766 -1.49167907 8.49013233
v -3.89323711 1.18398011 8.32435513
v -3.19663572 0.59854639 8.79324913
v -2.75702071 1.30947161 8.28896618
v -4.17939758 0.12838782 9.18009853
v -3.49701476 -0.01063755 9.31954479
v -2.12076879 -3.66890073 8.04967403
v -2.69330072 -3.13554883 8.59745502
v -3.16988397 -3.83825874 8.08374596
v -3.08509946 -2.82642794 9.04918289
v -3.61529160 -2.97019291 9.03664970
v -4.20472765 -3.46254802 8.34847355
v -5.90626144 -3.36767912 6.96032619
v -5.61199093 -2.90605164 7.76404047
v -5.89907312 -2.14415026 7.96349430
v -5.45800972 -2.63937569 8.38101864
v -5.87603378 -1.23464012 8.26174068
v -6.44709110 -1.07281244 7.10114241
v -18.53302956 -10.86630726 -5.21861219
v -19.22204781 -10.48556709 -4.18603277
v -19.50704956 -9.77990818 -4.29567337
v -18.89017868 -9.88565159 -5.38839197
v -19.81901550 -10.31663036 -3.45320058
v -20.12518692 -9.83952045 -3.31859875
v -19.84213448 -8.98035431 -3.98702669
v -17.04809189 -6.93999910 -1.30115116
v -18.13586044 -7.66387892 -1.34591305
v -17.91636848 -8.38017559 -1.17855597
v -16.72612190 -7.94214058 -1.11757445
v -18.96337700 -8.10739136 -1.27787495
v -19.05426979 -8.64695740 -1.16602266
v -18.10249901 -9.27538872 -1.24812138
v -18.60449028 -6.50580835 -2.50614309
v -18.54956627 -7.19803858 -1.74940264
v -17.58807945 -6.30322075 -1.87336695
v -19.79152489 -7.84977293 -1.94624996
v -19.41436768 -7.96689129 -1.50315917
v -16.68567848 -11.30581760 -2.34921288
v -17.87929535 -10.79447746 -2.08769774
v -18.23191452 -11.13319397 -2.68318963
v -17.12718964 -11.73016071 -3.15503335
v -18.79465103 -10.50157642 -1.84851086
v -19.23026276 -10.63164902 -2.14151740
v -18.86708641 -11.06615639 -3.11748600
v -13.99341774 -7.19289112 1.60249126
v -13.00977325 -8.18901634 2.83100939
v -12.23373222 -8.24033451 3.44029880
v -12.06292629 -12.71081638 1.61595929
v -12.91730022 -12.29624176 1.25330842
v -12.47773743 -11.88087654 2.57849932
v -13.53330326 -11.20307541 1.74798071
v -13.59067822 -11.99262333 0.31638804
v -14.06562901 -9.83120060 1.23927426
v -13.99000740 -8.79970074 1.57856989
v -9.93862915 -8.22945976 4.13052797
v -10.94182396 -9.06445408 4.08118439
v -10.55644894 -9.65012455 4.10232830
v -10.71896172 -10.58641338 3.90455937
v -9.46710110 -10.54328442 3.81571984
v -4.41890049 -8.74127293 6.76353168
v -3.98307705 -9.83267498 7.25138426
v -3.28426385 -8.50319195 6.80381775
v -4.79669142 -10.12030983 7.30399275
v -3.69238758 -10.36918640 7.36571169
v -3.21454048 -9.87227631 7.09819317
v -2.51836038 -9.10163307 6.84352398
v -2.90520906 -13.51010704 5.23672771
v -3.70060253 -12.96695900 6.18583965
v -3.93246961 -13.72438431 5.21266174
v -4.39246464 -13.00340080 6.40243435
v -4.90999174 -13.42455864 5.58350134
v -6.47215796 -13.19729996 4.21815634
v -6.17061996 -12.85236931 5.15657759
v -6.41941786 -12.15671635 5.54906082
v -6.00294733 -12.67679691 5.85075665
v -6.38705778 -11.32872486 6.07061672
v -6.98128557 -10.93360806 4.93698072
v -2.52299452 -11.41335106 6.53566694
v -2.90518260 -12.46438789 6.19439650
v -3.65636730 -11.65738297 7.17697430
v -17.25536537 -17.57356453 -7.47887373
v -17.43525696 -18.99149704 -7.21383715
v -16.25080299 -19.58382988 -8.59282112
v -17.09222221 -19.58572578 -7.40162659
v -17.77839661 -19.67809296 -6.56463051
v -18.44903564 -18.58021355 -5.85749722
v -14.72721100 -20.06420517 -6.19115782
v -15.41117287 -19.30151367 -5.22709036
v -16.49520302 -19.86898994 -5.44779348
v -15.60696793 -18.42402267 -4.63138819
v -17.43009567 -18.96990776 -4.47019243
v -17.24872971 -19.51452827 -4.81617594
v -15.95237064 -20.33198547 -7.26749849
v -15.87772465 -20.25120544 -6.39995956
v -17.60366631 -20.04134941 -5.82958651
v -17.48096657 -15.90418720 -6.62519121
v -17.91858101 -17.56575012 -6.45667553
v -17.95396805 -17.00806999 -6.03012037
v -18.42086220 -17.77923965 -5.59398079
v -13.02035809 -16.85103416 -1.63291621
v -13.14263725 -18.05855370 -2.03593183
v -12.96011353 -17.84538078 -1.12168205
v -12.99718761 -18.94921112 -2.60430336
v -12.99455452 -19.75929642 -1.34991527
v -13.08228779 -19.10661507 -0.95285040
v -12.99465942 -18.55040741 -0.70102489
v -9.52408123 -19.64544296 -0.59470212
v -9.93420601 -18.83696365 0.04441966
v -9.80350018 -17.51098251 0.26941434
v -10.52369404 -18.34155464 0.30248550
v -11.06262779 -18.90976715 0.44667166
v -10.86725521 -20.12518692 -0.06003368
v -10.94998550 -21.34523964 -3.05076432
v -10.43622398 -21.33217812 -2.38665485
v -9.34661293 -21.15618706 -2.48729038
v -10.49172878 -21.05123329 -1.41316140
v -11.74480057 -21.18041039 -1.52738333
v -3.21601510 -21.94926262 -0.62614077
v -3.17341208 -21.34376526 0.50354570
v -3.76284814 -21.96685219 0.19421424
v -3.05866361 -20.54184151 1.29109287
v -3.98939633 -21.18251610 1.91044033
v -4.04479599 -21.74841309 1.34370124
v -4.11883736 -22.05805969 0.82351470
v -4.88632059 -18.35824776 2.42725658
v -5.71999884 -18.64027405 2.11529207
v -6.42581606 -18.25529480 1.41795349
v -6.21401310 -19.18887138 1.70558858
v -6.12417316 -19.84924316 1.97921574
v -5.15520811 -19.86725235 2.59903717
v -6.04370689 -21.70207214 -1.44807565
v -5.41509104 -22.13642120 -1.06607187
v -5.93059063 -21.77137375 -0.43561283
v -4.73607826 -22.30730438 -0.96980727
v -5.06284046 -22.27649879 0.56779224
v -5.57144165 -22.15179825 0.43287447
v -5.90110064 -21.90397453 0.30238017
v -6.58674812 -19.40214920 0.93552488
v -6.55915403 -20.25162697 0.26804513
v -6.22654629 -21.03432846 1.21699858
v -6.23971176 -20.38965034 1.70021713
v -13.69036579 -27.07334709 -11.22482491
v -12.85426521 -27.04991341 -10.88695049
v -14.06504917 -26.98724747 -10.42237377
v -12.64520073 -26.78924179 -10.31031132
v -13.87567997 -26.77639198 -9.98928928
v -15.02208614 -26.80190659 -9.57763672
v -15.39737606 -27.05012512 -10.30757332
v -13.39204025 -24.05244255 -8.81462955
v -14.32208920 -24.05101967 -9.17446327
v -14.82774067 -25.05674362 -8.98719978
v -14.93319416 -24.09562492 -9.69854736
v -15.66868591 -25.28134346 -9.20032024
v -11.25863266 -27.08077431 -5.14488649
v -11.32066727 -26.56448364 -4.91307259
v -11.71762753 -26.49950027 -5.29360151
v -11.58976555 -27.21574402 -5.65032816
v -10.89685154 -25.48356056 -5.13456535
v -11.37027454 -25.45780945 -5.54426908
v -11.61962509 -25.52173996 -5.99931335
v -11.83569336 -26.27674294 -5.91942644
v -11.64321709 -26.53188705 -6.66073704
v -13.33437634 -25.71279526 -9.29247761
v -13.57340527 -25.02841187 -8.97766876
v -15.27720356 -25.76866913 -8.99947071
v -15.16103268 -26.25736427 -9.13249207
v -4.23525143 24.51899338 2.93974161
v -4.63217783 24.95410728 2.95249867
v -4.52627659 23.86344147 2.73606133
v -0.44772491 24.68564034 4.59505177
v -0.95163918 24.54055977 4.84361267
v -0.72245800 23.94040680 4.87276030
v -0.67204481 23.21138954 4.72986460
v -1.34700572 22.92021561 4.62134314
v -7.26741982 26.39960098 -0.33745250
v -7.46778202 25.85889053 -0.58431470
v -7.75877428 25.75371361 -0.90419155
v -7.42932653 25.19076538 -0.91051090
v -8.21276665 25.58048439 -2.45337653
v -8.40281963 26.07915878 -2.35848117
v -8.48490524 26.45359993 -1.67871821
v -8.40124035 26.43125153 -2.74743629
v -8.28538609 26.05619812 -3.36504602
v -18.69185638 -17.20618057 -11.39207649
v -18.23338890 -17.79219437 -11.00027752
v -17.91405106 -17.94543648 -10.47672081
v -18.67510986 -17.68171120 -10.19772148
v -19.57766914 -14.93653870 -10.06243515
v -19.79615974 -15.34126568 -10.69842339
v -19.70532036 -15.84215260 -11.17548084
v -20.15130615 -15.82129860 -9.81319046
v -17.82610703 -17.63347244 -9.84752560
v -18.58126831 -17.49160385 -9.68511868
v -17.95933914 -16.92044067 -9.26056480
v -21.82329750 -8.77402782 -11.06336594
v -22.11619759 -7.88892651 -10.81430435
v -23.19827843 -8.88993549 -9.99571323
v -22.64633751 -7.66756535 -10.12889385
v -21.48932076 -6.67880011 -11.02039433
v -20.59976959 -6.59254122 -8.06126022
v -21.67679405 -7.37645483 -8.22177124
v -21.57157707 -7.95256710 -7.98205757
v -20.42124748 -7.42964220 -7.77836418
v -22.53053665 -7.83629179 -8.25241947
v -22.69009972 -8.28075123 -8.13256264
v -21.78422356 -8.70909691 -7.99967241
v -20.12655640 -10.44923115 -8.49223900
v -21.36103821 -10.00498199 -8.51109123
v -21.50311852 -10.37687492 -8.97408772
v -20.27706146 -10.96088696 -9.11058521
v -22.32463074 -9.81940460 -8.48286533
v -22.64386368 -9.96453857 -8.76291656
v -22.82617569 -10.04195023 -9.18589115
v -21.67595100 -10.52737999 -9.49680233
v -20.49897575 -11.16099930 -9.81371689
v -21.20726776 -6.02685547 -9.51597118
v -22.13831711 -6.96833086 -9.26203918
v -21.91176796 -7.06701803 -8.67223454
v -20.89698792 -6.15429497 -8.68940163
v -23.06789017 -7.72180605 -8.97556210
v -22.87167549 -7.76614714 -8.52783775
v -12.73809433 20.75701523 -5.27875137
v -12.61886978 21.55001259 -6.40698290
v -12.26951599 21.97632980 -7.08207893
v -13.91517639 21.37852097 -6.94115782
v -15.52930546 20.03203583 -6.09417248
v -17.63593483 18.12682915 -5.75511026
v -15.56889343 18.65862656 -5.04201317
v -21.39905930 6.71555758 -11.95396996
v -20.82219887 5.85617733 -9.22368813
v -20.87813568 8.20355034 -9.81050491
v -19.75871849 8.91227722 -6.81825972
v -19.28271484 6.43613768 -5.14351749
v -18.42928696 9.56779003 -4.25012159
v -18.22211838 12.03549004 -4.48788643
v -10.42732430 22.13347054 -3.86680126
v -10.96130848 21.87616920 -3.16356444
v -10.56266308 22.09787178 -2.81547451
v -9.89818573 22.41657829 -3.38263488
v -11.40792656 21.65906143 -2.89442658
v -10.92465591 21.97632980 -1.97868919
v -10.29061604 22.09924126 -2.33646894
v -9.55799484 22.38508606 -2.70414877
v -15.39455509 21.38857079 -7.96944237
v -15.97791195 20.93171692 -7.29896355
v -17.68344879 17.06747055 -5.17853737
v -18.87646675 15.75440502 -5.42622232
v -17.58974457 15.15633583 -4.57779217
v -13.80679893 -24.09920502 -17.07642365
v -14.33635998 -23.57069969 -17.05957222
v -13.60479164 -23.68339348 -18.33902740
v -15.01205444 -23.19342041 -15.86279488
v -15.57594967 -22.63433075 -17.39852524
v -14.35173702 -23.07368279 -18.23096657
v -15.50232983 -22.27839470 -18.53555679
v -17.25410271 -21.69480324 -17.21123505
v -16.36768341 -21.93537331 -14.87068558
v -17.14801598 -20.82215691 -13.90690804
v -15.16419220 -22.75129128 -14.03124142
v -15.82666969 -21.22011757 -11.64200592
v -18.15224838 -18.66163635 -12.90898323
v -19.45891762 -19.18924141 -15.92261791
v -19.90472794 -16.91012001 -14.85145760
v -20.49012756 -17.48209763 -16.61974716
v -19.26860046 -16.02794075 -12.59675217
v -20.13656235 -13.63112164 -12.70586586
v -10.93803215 -20.98567009 -22.11577797
v -12.91862297 -21.66820335 -20.62259102
v -14.20354843 -21.28976059 -20.38201523
v -13.69979191 -22.83660316 -19.17475891
v -14.93348408 -22.05348015 -19.29508972
v -12.88027954 -23.43630791 -19.39435577
v -13.70690155 -16.30841255 -22.60668564
v -13.67040730 -14.62388897 -22.80553246
v -13.65829468 -17.64869308 -22.32189369
v -14.03829765 -14.88919640 -22.81711769
v -11.81810474 -19.38263702 -22.41110039
v -14.04503822 -18.83920288 -21.83298683
v -13.99269295 -7.75529861 -23.52014351
v -15.03938580 -5.84938717 -23.11381149
v -13.77952099 -10.61537743 -23.21431541
v -15.54368210 -9.11281013 -22.46186066
v -14.72510433 -11.74585342 -22.64207268
v -16.03573418 -9.60180855 -21.99855423
v -14.03355789 -13.01424980 -22.82954597
v -14.41798401 -13.00345325 -22.91654205
v -12.63940716 -12.09562874 -23.71741295
v -20.43372726 -2.00765276 -18.63603592
v -19.33695412 -2.41224837 -19.91148949
v -19.07080650 -5.28464937 -20.27400780
v -19.98721504 -5.84559584 -19.43132401
v -17.89972687 -4.12120724 -21.23359680
v -18.40697289 -7.53270674 -20.84749413
v -16.83133888 -8.89414787 -21.67868996
v -16.50089073 -3.61771393 -22.19347954
v -19.79389572 -8.87640190 -19.69431305
v -20.19733238 -9.82635593 -19.22973633
v -20.36224747 -8.73998260 -18.86309624
v -20.81805038 -7.51210976 -18.03427696
v -20.84790802 -12.37683964 -17.50687599
v -20.89072227 -9.24039459 -17.56027412
v -20.56532860 -10.79363537 -18.58274269
v -21.99805260 -6.48184729 -15.55399036
v -21.49837875 -6.12501574 -16.15064049
v -22.00719070 -6.86806393 -15.98802280
v -21.47316742 -7.38218164 -16.62305069
v -22.14208221 -7.36850262 -16.19084740
v -21.09773254 -10.73570824 -14.24251747
v -21.33091545 -9.27709961 -13.99153519
v -21.79612541 -9.63311577 -14.51053619
v -22.39365768 -9.20118904 -14.79027271
v -22.36860275 -8.80391312 -16.20003700
v -21.24560547 -10.45734119 -16.34201050
v -21.48479271 -10.66071892 -15.83188248
v -21.79349136 -10.02141190 -16.10724831
v -21.43376160 -10.87678719 -15.28473377
v -22.33979797 -9.97022533 -15.41728210
v -22.27397156 -9.78396320 -15.93968105
v -20.64337158 -14.65264225 -16.29037285
v -20.81138802 -12.19381523 -16.20722580
v -20.58738708 -13.17610359 -14.88460827
v -6.60061169 24.14820671 -14.45786190
v -8.62895107 21.08874702 -15.73552322
v -9.57979679 17.57775688 -17.99166107
v -13.58836079 15.20642662 -18.45677757
v -13.15359116 17.27353287 -16.34112930
v -12.43200779 16.36074448 -17.50615692
v -11.26017284 17.75381088 -16.75311661
v -11.69277191 14.64548111 -19.21720314
v -13.35154438 19.84446335 -13.04281807
v -11.46975136 22.48158836 -11.40202904
v -13.30493927 21.13280487 -11.45347881
v -12.03796482 22.42121124 -8.18617153
v -11.31838989 23.07743454 -9.47139931
v -12.63024426 22.11920166 -9.83491230
v -11.62337017 22.65558624 -10.69364452
v -9.81066227 24.45520592 -9.23174858
v -8.91184235 25.63733292 -9.04749775
v -9.00642109 25.48366737 -7.39177895
v -9.15060806 24.64308929 -5.47159624
v -10.62139988 23.37813568 -7.07073021
v -12.97570133 13.77088451 -19.47724342
v -14.30550003 12.36083031 -20.19059181
v -13.74729252 13.77994251 -19.41141701
v -15.26632881 9.42657852 -21.29939842
v -15.03777981 11.14735985 -20.73900414
v -12.53060913 18.66810417 -1.81786203
v -12.76410866 19.32526398 -2.18912292
v -13.00687695 18.47963142 -2.50972390
v -12.43034267 19.93760681 -1.54276037
v -12.69596481 20.11359978 -2.08506465
v -12.79981327 19.71084976 -2.60209155
v -13.07554722 19.00624275 -3.06498289
v -12.61481476 20.02692223 -3.22517800
v -12.31196022 20.80077553 -2.68712616
v -10.90317059 22.46965981 -5.48412991
v -9.83417606 20.60213852 -1.04532337
v -10.88666058 19.60752678 -0.82651639
v -11.09454060 20.86770821 -1.01909816
v -11.89135647 19.89131927 -1.09851110
v -11.49318504 19.30830765 -0.98602694
v -11.27095509 18.42423248 -0.84236735
v -16.26512527 14.01828671 -2.24936724
v -17.19322586 13.52416706 -1.04584992
v -16.40899658 13.95783138 -0.97359890
v -15.55862427 14.42809582 -1.74908662
v -17.27221680 13.57603836 -0.31164855
v -16.16736031 13.89426899 -0.33492479
v -21.98349190 -0.15176937 -10.74634552
v -22.94487381 0.54198831 -10.08070850
v -23.25233650 1.29993987 -10.20530510
v -23.75343323 0.99382079 -9.62339973
v -23.49802589 2.18459415 -10.03800106
v -22.02677917 2.05252004 -11.17037296
v -21.73322105 1.91615415 -6.85018587
v -21.82519341 0.95100731 -7.07923508
v -23.22956085 0.87617582 -7.56656122
v -22.24911499 0.43182123 -7.54075718
v -21.05560303 -0.28405410 -7.47682667
v -22.19740105 -0.45757252 -9.04976177
v -22.89452934 0.14418617 -9.56125927
v -21.86405754 -0.67543161 -10.08555317
v -23.85707092 0.74346977 -8.56796551
v -23.92479134 0.85258365 -9.16124535
v -21.86595345 4.35812950 -8.64932632
v -22.21615028 3.90187359 -7.82691765
v -20.99841309 4.42880058 -7.83587027
v -23.57670212 3.55525804 -8.28011990
v -23.35626221 3.46257448 -7.70790386
v -23.00238037 3.29448009 -7.34749079
v -22.03594208 3.50870562 -7.26860476
v -20.79303551 3.91093111 -7.09113646
v -22.03225708 -0.59317493 -14.47812366
v -22.40377998 0.87485927 -14.33925629
v -22.97368050 0.25224680 -15.15671444
v -22.38082123 2.17885423 -14.14140892
v -23.40344620 2.15668368 -15.04117584
v -23.40260506 1.22963727 -15.18441486
v -21.82032204 3.33371258 -17.44004822
v -21.61576080 2.46554136 -17.72873688
v -21.53047562 0.76890510 -17.67494392
v -22.95419502 1.45299947 -17.24654579
v -21.88796425 4.29925442 -14.20207405
v -22.21456909 4.31700134 -15.07351017
v -22.57034874 3.75231600 -14.76491547
v -22.13573647 4.32189846 -15.90250206
v -23.21481514 3.42128801 -16.10008621
v -23.25420570 3.45614982 -15.50469971
v -23.12392235 3.38326669 -15.08488464
v -18.97404099 0.56011695 -20.29272842
v -16.52387619 1.26626313 -21.96672058
v -17.78218842 0.66690052 -21.22769928
v -19.98679352 5.64948559 -19.71137619
v -19.96962547 3.11079812 -19.53833199
v -15.70160007 5.60898924 -21.89586258
v -14.92389965 7.24000978 -21.78769684
v -17.22914124 7.14895868 -21.33870888
v -16.63712311 8.50213909 -21.43081474
v -15.52484322 2.94538951 -22.32407761
v -18.35703659 6.30869770 -20.96965981
v -17.50203133 8.72347355 -0.70639634
v -18.03290749 9.23094273 -1.32060945
v -18.22738457 10.37445259 0.16514529
v -18.51765251 10.60700417 -0.86764473
v -18.23781204 9.98286438 -1.59047139
v -17.99715042 9.12975407 -2.57133746
v -14.16184044 13.42300510 0.25224680
v -15.34829617 13.20962238 0.52081853
v -15.72168922 12.50880814 0.91219604
v -16.21077919 13.13379002 0.77864742
v -16.06848907 11.55948639 1.08618832
v -20.55288696 10.55571842 -8.09200096
v -19.74550056 11.96460819 -6.29584837
v -16.04447556 13.55729103 0.29821998
v -14.39533997 14.08337593 -0.39306265
v -16.63601875 20.52277756 -23.62999535
v -16.17173195 19.22504997 -23.08887482
v -16.53206444 19.18086624 -21.63029480
v -15.81750679 17.69279671 -22.39467049
v -15.95400429 19.39651489 -25.25906754
v -15.82316780 18.08571243 -24.89721870
v -15.76294899 15.94232655 -23.17343521
v -15.53940392 15.98386383 -21.54208565
v -15.48632050 16.44269943 -20.37148285
v -15.36009216 14.53326035 -21.00810242
v -15.96495724 17.78281975 -20.95791626
v -16.28366280 18.07372093 -19.89774323
v -22.31454659 23.11705017 -27.69164276
v -23.03629303 22.68251610 -26.89087677
v -21.39800644 23.40407944 -26.66264343
v -21.52270889 23.38717461 -28.54907036
v -20.63299751 23.49097061 -28.50272942
v -20.51056099 23.50718880 -26.59523773
v -19.62311554 23.42988205 -26.56406212
v -19.74402428 23.41340065 -28.48429871
v -21.32880974 23.20596695 -25.35685921
v -20.44589233 23.30665588 -25.26533318
v -21.28373146 22.79626465 -24.10794830
v -20.40608025 22.89315987 -23.99514771
v -19.52653503 22.81237793 -23.93237495
v -19.56213379 23.22829628 -25.21751785
v -22.95793343 22.48945999 -25.64449310
v -22.17739105 22.92991829 -25.48271942
v -22.90474701 22.08154678 -24.44729614
v -22.12873268 22.52053070 -24.25687408
v -24.45274544 16.09639931 -29.97774124
v -24.77766609 16.94100571 -29.01634598
v -24.20042038 16.11124992 -27.86194801
v -24.93087006 17.76470566 -27.88477707
v -25.16768646 18.47069550 -29.24804497
v -25.15137482 19.58962250 -29.79598045
v -24.75704956 17.28854179 -26.08421516
v -24.91235924 19.32811546 -26.86190987
v -24.51289749 16.35504532 -26.44716835
v -24.04865074 15.64277649 -26.58228302
v -18.13585854 14.83727264 -30.00225639
v -18.82906342 14.45346451 -29.23722076
v -17.94301414 14.95196819 -28.27375793
v -19.67195892 14.20175838 -29.19317055
v -20.68321037 14.02860832 -30.13514519
v -20.47211838 14.14372540 -28.54475212
v -21.46739960 14.17562485 -29.34087181
v -19.45291519 14.13245583 -27.65109444
v -20.33783150 14.03461170 -27.73198128
v -19.35865211 13.76003647 -26.83115959
v -20.23988342 13.65892696 -26.93679810
v -21.12469482 13.73423195 -26.98187637
v -21.22432899 14.11549854 -27.76315689
v -17.82452774 14.83958912 -27.35208321
v -18.60412216 14.40429211 -27.52312660
v -17.74269104 14.46401024 -26.45905685
v -18.51512527 14.03155708 -26.67149162
v -16.98175240 21.16536331 -30.61104393
v -16.37060738 20.62850761 -28.03656006
v -16.71832848 21.47310066 -26.81093788
v -16.11006546 19.74763298 -28.19091034
v -16.00682259 18.85078812 -28.21957016
v -16.01468277 17.86866951 -27.38869667
v -16.66534996 21.27435684 -25.45712662
v -16.23679352 20.47759438 -25.64702225
v -24.78201103 20.52029037 -28.39262772
v -24.27572632 21.27059174 -27.07053185
v -23.78934860 22.07799339 -27.93904495
v -23.60118294 21.38696098 -24.79967690
v -24.13564682 20.77586746 -24.92177200
v -24.56706047 19.90710449 -25.36186218
v -22.32001114 14.43782425 -29.32798195
v -22.98018265 14.84078789 -28.42743683
v -23.79366684 15.43979454 -29.22537041
v -23.56343079 15.35229778 -27.57810593
v -22.77109146 14.39828873 -26.89277267
v -23.47022057 14.95712948 -26.76312256
v -22.07828331 14.36974716 -27.74830627
v -21.97917366 13.98395157 -26.96723557
v -16.36332703 17.02463150 -28.70639610
v -16.68129349 16.17936707 -27.82139969
v -17.33662224 15.50754356 -28.88923645
v -17.14583015 15.42360115 -27.14291382
v -16.52853775 15.74093723 -25.90643120
v -17.03898048 14.51835632 -25.48411369
v -16.13413239 16.43749237 -25.68768311
v -18.88944054 23.15578079 -28.49414444
v -18.76958466 23.17342377 -26.56616974
v -17.98145676 22.74960709 -26.60661316
v -18.12290573 22.68680763 -28.83225632
v -17.36045074 22.14226532 -27.79582024
v -17.93016624 22.54296494 -25.22036171
v -17.23725128 21.97180176 -25.31578255
v -17.91205025 22.10261154 -23.89888382
v -17.18886757 20.95986557 -23.09265518
v -18.71429062 22.96804428 -25.19497871
v -18.68827438 22.53875160 -23.88750839
v -20.03534698 22.58288193 -33.51585770
v -19.94100380 22.95337868 -31.77890968
v -19.09523964 22.69365311 -31.79249763
v -19.20856667 22.32452583 -33.53028870
v -18.33581352 22.21583366 -32.11933517
v -18.44771957 21.90176201 -33.55819702
v -17.65480042 21.63677216 -32.16810226
v -17.78187180 21.33123207 -33.59969330
v -17.23788261 20.63494682 -33.65151215
v -16.69470215 16.71585846 -33.28786850
v -17.07231522 15.66615868 -32.21344376
v -17.23925209 15.32659912 -34.13409805
v -17.15493965 14.66035748 -34.10897827
v -17.66504288 14.62041378 -34.38618851
v -18.17811966 13.51234531 -34.41912842
v -17.01165009 15.95453072 -31.10734940
v -17.61214447 15.11727142 -31.56107712
v -18.33186531 14.42198658 -31.97046471
v -22.07612419 12.72324371 -34.40761948
v -23.35686874 13.41510677 -34.12275314
v -23.61883163 13.94403458 -34.23299789
v -25.30783081 17.48412704 -31.59951973
v -25.63238144 16.78552437 -32.77475739
v -25.41931534 16.17531204 -32.58989334
v -25.10735130 16.52969551 -31.89916039
v -25.16188240 15.38958263 -32.71504211
v -24.69912148 15.73440742 -31.91348457
v -23.52572632 14.27990723 -32.27821732
v -23.35299683 14.61441040 -31.23468399
v -24.33399582 14.91218281 -32.27502823
v -21.85810661 13.57440662 -32.19416809
v -22.68651962 13.81975460 -32.22192001
v -25.34408188 18.51510429 -33.47068024
v -25.02685738 19.89734840 -33.10552216
v -24.59382439 20.89659309 -32.06288528
v -24.59969711 20.57249069 -33.72039413
v -24.02677155 21.61712837 -31.98315620
v -24.04148865 21.28015137 -33.66046524
v -23.25312614 22.43649673 -30.31352234
v -23.36626816 21.86321449 -33.60569763
v -16.76345825 19.97507668 -33.01070404
v -16.43827629 19.23131752 -32.39012146
v -16.59847069 18.96337700 -33.78179550
v -16.43033600 18.20200157 -33.02622604
v -20.16436577 13.21889019 -34.27091217
v -19.60505295 13.03420830 -34.16985703
v -19.80882645 13.11201477 -33.53502655
v -19.52158356 13.32621479 -32.92089081
v -20.04345703 13.55181408 -32.32003021
v -20.49955559 13.17918396 -32.90377808
v -20.39067650 12.97736073 -33.55458832
v -20.61709404 12.83922958 -34.15061188
v -19.94034576 13.90938282 -31.28744888
v -21.03040504 13.41220951 -32.31052399
v -18.99463081 13.78328609 -32.36145782
v -24.35337448 14.28693771 -33.01913452
v -25.43764114 17.02249908 -34.05300140
v -25.57021523 17.41274261 -33.10648346
v -22.55473328 22.65386772 -31.85297775
v -22.59615135 22.29566765 -33.56377792
v -21.70480919 22.93099785 -31.81003189
v -21.76252556 22.56539726 -33.53323746
v -20.82199860 23.03244972 -31.78557205
v -20.89761925 22.66271591 -33.51764679
v -24.77066231 15.25945663 -20.96139336
v -24.52301025 15.93384838 -20.04726219
v -24.09258461 16.73599625 -19.54863930
v -23.49565887 17.55389786 -19.19631958
v -22.86820030 17.86096954 -18.80065346
v -22.83139038 18.74530792 -20.08263779
v -22.87246513 17.51235199 -17.49065590
v -24.77553368 13.99880219 -18.07472038
v -24.12625694 15.05736256 -16.28741074
v -20.86531258 10.35604763 -23.58583832
v -21.71802711 9.75289345 -22.82880974
v -20.50065994 8.12329483 -21.56178284
v -21.56978607 8.33214855 -21.33312798
v -22.57308578 8.79303932 -21.09625816
v -22.60468292 10.16243935 -22.70421410
v -23.38390923 10.75998497 -22.54291153
v -23.43251610 9.43687344 -20.91383934
v -24.11142349 10.23426819 -20.73310661
v -24.01937294 11.51430225 -22.34169388
v -22.56971550 8.37290859 -19.93939781
v -23.49233818 9.06140041 -19.67524910
v -22.59983826 8.23862267 -18.64172363
v -23.51814270 8.97134972 -18.33386612
v -24.20368576 9.79444313 -18.13154221
v -24.19188881 9.87311840 -19.47503281
v -20.25146866 7.07291603 -20.64832306
v -21.46920395 7.60163355 -20.24609566
v -21.49300766 7.13516140 -18.95811081
v -15.58248043 13.56966591 -21.38157463
v -14.79556465 14.05841446 -19.82754517
v -15.28773594 12.54925156 -20.55221558
v -16.02378082 12.80392170 -21.97651482
v -16.57040215 11.94343853 -22.33405685
v -15.97970295 11.10507298 -21.12353706
v -16.66619301 10.15980530 -21.48447609
v -17.25252151 11.18174839 -22.65178871
v -14.43043900 13.41450024 -19.74418259
v -19.36120415 19.92280960 -19.74610519
v -18.47897339 19.74089241 -19.74357796
v -19.26333427 19.04921532 -18.32470322
v -18.34703064 18.94410324 -18.32954788
v -17.49792290 18.66615677 -18.39179230
v -17.63410568 19.23653030 -19.58119774
v -16.90042877 18.72550583 -19.71285057
v -16.73549461 18.21769524 -18.54977608
v -16.08460426 17.62652206 -18.75389099
v -17.41292763 18.57831955 -17.64748001
v -16.65766144 18.16345406 -17.78755951
v -16.70603180 18.31410408 -17.01897049
v -15.73414421 17.27111244 -18.08440971
v -19.18107796 18.91124153 -17.56090546
v -18.25603294 18.82982826 -17.57775688
v -19.05353355 18.98538971 -16.77688599
v -17.73348045 19.14985085 -15.99660969
v -22.04052353 19.23679352 -19.87604713
v -22.06301117 18.37936592 -18.62813568
v -21.16840363 18.75146866 -18.48605728
v -21.17314339 19.57203484 -19.70989990
v -20.26347542 19.74560547 -19.59167671
v -20.21987152 18.97812271 -18.38284111
v -21.12385368 18.54814529 -17.26810837
v -19.99306297 18.92432022 -16.76417542
v -21.90980530 18.16353035 -16.91410065
v -24.52949905 11.91223621 -21.42058563
v -24.80087662 12.91295528 -21.16149139
v -24.84692764 14.80862522 -21.85120773
v -24.88891220 11.88393116 -19.06090546
v -24.89986420 12.92851734 -18.24539566
v -24.83361816 11.80546570 -17.78966522
v -24.64993668 10.82986641 -19.26775742
v -24.63013458 10.75477123 -17.95323181
v -18.04820633 10.55218410 -22.89460754
v -17.49012947 9.30395699 -21.71955490
v -18.41770172 8.64463997 -21.81508255
v -18.92461777 10.09924507 -23.05698967
v -19.62672234 8.91360664 -22.32800102
v -17.92500496 7.86599255 -21.38452530
v -19.02572823 7.28471899 -21.12806511
v -24.09370232 19.53238106 -23.14564323
v -22.86898994 20.86007309 -22.60012817
v -21.05254936 12.60828495 -25.64997101
v -21.91182137 12.85315895 -25.63527870
v -22.68430710 12.53095245 -24.85618210
v -23.41134644 13.57688046 -25.17233467
v -23.99838638 14.27530003 -24.97438049
v -21.83604050 11.38691521 -24.24518204
v -16.46323776 14.71315002 -24.44598007
v -17.67317772 13.39814949 -25.05342674
v -19.50267792 21.80970955 -22.25538254
v -18.65815353 21.54766846 -22.24016380
v -17.85512352 20.95333672 -22.05995560
v -22.09500313 21.30777168 -22.38308525
v -21.25026512 21.59329987 -22.21288490
v -20.37087631 21.70062256 -22.09065819
v -24.71307755 16.19835091 -24.67421150
v -18.44287491 12.94784355 -25.29124260
v -19.28434563 12.65952396 -25.47355652
v -20.16542053 12.54446030 -25.59441376
v -20.05198860 11.12666416 -24.22274971
v -15.88132572 21.28871536 -9.15198994
v -13.48952961 21.88955879 -9.03545094
v -13.28590202 21.79928398 -7.72067404
v -19.07512283 19.53253746 -9.17878151
v -18.10091972 20.26826668 -8.88227367
v -18.07747269 19.85190201 -7.79758549
v -17.03760529 20.85236359 -8.61619568
v -21.09545517 12.27938938 -7.91902208
v -21.09118843 13.74547482 -7.49121618
v -20.20331001 13.19645691 -6.30830288
v -20.54175568 14.89604187 -6.86479902
v -20.83637428 15.61699963 -7.63020229
v -20.56137848 16.55831718 -7.79827023
v -19.55607796 14.14993954 -5.56646538
v -20.19251442 17.45742607 -7.98906136
v -19.74705315 18.29086685 -8.19888973
v -19.63865089 18.86211014 -8.97256088
v -18.94815826 18.26366806 -6.84278679
v -24.09376144 14.14878750 -15.23325062
v -23.38755035 16.07660484 -15.18958187
v -21.10257149 18.13710785 -12.23895931
v -21.93546677 15.64451408 -10.21425724
v -21.37207031 17.02776337 -10.43032551
v -15.47680855 18.34425926 -15.82150936
v -14.47801781 17.64037132 -16.02064705
v -14.80915165 16.54749489 -17.67096710
v -13.85697174 17.39302254 -16.12908936
v -14.23282814 15.94241905 -17.97408485
v -14.21134186 19.13631630 -13.81501484
v -15.77269840 19.56245613 -14.11368847
v -23.67138672 9.49538040 -16.06006432
v -24.46088219 10.79121304 -16.60668564
v -23.13169289 10.22080421 -13.43076897
v -24.15860748 10.96172905 -15.25034618
v -23.97534752 12.20866585 -14.26647854
v -24.63171577 11.82431889 -16.49831009
v -24.25537300 13.09913921 -15.26489353
v -23.40153885 11.60606480 -12.87151146
v -22.62519455 13.33808899 -10.75632381
v -22.16965103 14.64674377 -10.07897091
v -20.57719040 18.84715271 -15.14177227
v -18.74841499 19.28682137 -15.48305607
v -19.39093208 19.54422951 -10.93592548
v -19.10540390 19.72870064 -11.89988804
v -17.30595398 20.31314659 -12.28663731
v -14.50949001 21.05507088 -11.13288498
v -14.47954559 19.98100090 -12.79412651
v -13.95635700 20.33414650 -12.29653072
v -15.72166348 17.10591316 -19.71126938
v -15.56641865 16.91191101 -18.95642471
v -15.17609406 16.10177040 -19.20340538
v -15.21316719 15.31827927 -20.24830818
v -14.91289330 15.20853329 -19.47977257
v -14.99430752 16.20214272 -18.45119476
v -14.57681084 15.44013691 -18.74451637
v -14.27674770 14.60240364 -19.10145378
v -19.79286957 21.98734093 -33.91414261
v -17.23509216 18.56700897 -34.15650558
v -18.29300117 21.32828331 -33.94188690
v -16.86462021 18.82171822 -34.12830734
v -22.35806084 17.08259010 -34.29340363
v -20.87004471 13.54109097 -34.43088913
v -23.83131790 14.40176487 -34.39003372
v -24.99842072 18.40652466 -34.21140671
v -25.11114120 17.03008080 -34.28429031
v -25.35011864 15.98541641 -34.32125854
v -23.59262657 21.00546074 -34.02437973
v -23.25315285 21.56610107 -33.96453094
v -24.81613541 19.57919693 -34.12799072
v -21.32770348 22.27186394 -33.89191055
v -21.90705490 9.44582653 -11.49329090
v -21.20000076 9.00173473 -10.23632240
v -20.30117989 8.93648815 -8.08063889
v -21.71492004 8.12582207 -12.27204323
v -23.44620705 8.98451519 -16.87747002
v -22.63891220 8.20207596 -17.10465050
v -22.60584259 8.33446598 -15.48089695
v -22.45112419 8.64748383 -13.91844082
v -21.97559357 7.38656569 -15.63108635
v -21.94873619 7.69842482 -13.90295887
v -21.53555679 6.44909239 -15.78875351
v -21.60759735 6.69407177 -14.01828671
v -21.76631737 7.16233444 -17.35710716
v -21.10299873 6.10658407 -17.51614380
v -19.19561386 12.43300247 -5.49321365
v -18.82782745 13.07096577 -5.05378294
v -18.65155792 -12.51611710 -34.29848099
v -21.34813690 -16.91912460 -18.68516922
v -21.31631851 -14.99654293 -18.37806511
v -23.55116081 -9.15971851 -28.21957207
v -22.95764351 -8.61067295 -28.57616615
v -23.36879539 -9.07014179 -25.99869347
v -22.78067589 -8.46095753 -26.00627518
v -22.09839821 -7.98416376 -26.03776741
v -22.26343918 -8.15012550 -28.59617615
v -21.49885368 -7.84134722 -28.61889839
v -21.34681892 -7.66050863 -26.08463478
v -20.62412453 -7.59857941 -27.39730644
v -21.86384583 -8.11244678 -24.41338158
v -21.13164520 -7.77088642 -24.49163628
v -21.24881744 -8.75069904 -22.29445648
v -20.46108627 -8.48244381 -22.21575356
v -20.06188774 -7.87568188 -23.17521286
v -20.35963440 -7.59299707 -24.59990883
v -23.10780716 -9.22833538 -24.36272240
v -22.53022003 -8.60567093 -24.36609268
v -22.42326546 -9.98923683 -22.13447189
v -21.87358856 -9.30690575 -22.17301941
v -23.05396080 -15.43222427 -27.77079201
v -23.46133423 -14.71420288 -25.87783241
v -24.35714149 -13.19566727 -27.29660606
v -24.31306267 -12.42532730 -25.98298645
v -23.82373619 -13.61058426 -24.44624138
v -23.19462013 -14.75459480 -23.62462425
v -23.29138565 -13.69370937 -22.43922234
v -22.52769279 -15.73904133 -24.44292641
v -17.28114510 -15.04691696 -28.95745850
v -17.81757545 -15.48331928 -27.91984940
v -17.09622383 -14.75891304 -26.76980972
v -18.40878296 -15.89464188 -27.27627754
v -19.27534103 -16.25675201 -27.91155624
v -19.95973206 -16.38171196 -27.18999863
v -19.05079460 -16.15474892 -26.43556976
v -18.03769875 -16.08807945 -25.89347649
v -18.44540215 -17.05605698 -25.14479256
v -19.54401779 -16.64649773 -25.70979309
v -17.61967468 -15.33955383 -26.46305847
v -16.59120560 -15.30785179 -25.44580460
v -17.17927170 -15.91629887 -25.51273537
v -17.58716965 -8.71939278 -27.62584305
v -16.83250999 -9.69062805 -27.80020332
v -16.33058357 -10.80577278 -27.65604401
v -16.09525490 -11.61800575 -26.85699654
v -15.82603741 -11.10188675 -24.93992805
v -16.33706093 -9.92040825 -24.41983414
v -15.49553585 -12.17230320 -24.62824059
v -16.89326859 -9.15800667 -23.44976234
v -24.45772362 -11.47701836 -27.16977119
v -24.26964378 -10.62833118 -27.13390923
v -24.03050995 -9.91242981 -28.55523300
v -23.83885002 -9.79170418 -26.01017189
v -23.91078377 -10.76962185 -24.48215675
v -23.57364845 -9.96085167 -24.39842606
v -23.50487328 -11.22198105 -22.98394775
v -23.16552353 -10.39509583 -22.85513878
v -24.10215569 -11.63073635 -24.58411026
v -23.69129372 -12.13343906 -23.13382149
v -20.89568520 -16.40887833 -27.97170830
v -21.55458641 -16.20035362 -26.98312569
v -22.42700386 -15.84915543 -27.66718292
v -22.05840302 -16.02154160 -25.26030540
v -21.15018272 -16.56855965 -25.14168549
v -20.63547325 -16.34085274 -26.22861099
v -20.32708931 -16.68409729 -25.52748108
v -16.22244453 -12.56114006 -27.91883469
v -16.30936050 -13.31045532 -27.00025558
v -16.74618530 -14.20656300 -28.00910950
v -16.55370903 -14.02407932 -26.31307983
v -15.75052166 -13.83381462 -25.12230682
v -16.10761642 -14.60814381 -25.31083298
v -16.02267456 -12.40180016 -26.02481270
v -15.53850842 -13.01767254 -24.88764763
v -19.81389236 -7.61942005 -27.44936180
v -18.91195297 -7.77084684 -26.10410690
v -18.27862358 -8.13390541 -27.40400887
v -18.07498360 -8.09296227 -25.01129723
v -18.55072403 -7.99732924 -23.56353760
v -17.55348015 -8.65754223 -23.19388199
v -19.57403564 -7.59004831 -24.72460938
v -19.00853348 -8.18988514 -22.68707085
v -20.71262169 -8.18195915 -33.47925949
v -19.87978554 -8.18656731 -32.61701202
v -20.71530724 -8.11444759 -31.76161003
v -19.07341194 -8.34755230 -32.27181625
v -18.31477547 -8.71570587 -32.26123047
v -17.63002396 -9.28091812 -32.57719803
v -16.18579292 -12.62668991 -33.06544876
v -16.21675682 -13.60418510 -32.62675476
v -16.41099739 -14.07252789 -31.68735886
v -16.27544785 -14.26337147 -34.05342102
v -17.27095413 -15.51638985 -31.32136345
v -17.11992073 -15.67774391 -31.86640549
v -16.52253342 -15.16945839 -32.03544998
v -16.78889275 -14.83126926 -31.34232330
v -16.84934807 -15.91229630 -32.14645767
v -16.00124168 -14.99080563 -32.50821304
v -16.49641418 -13.82354546 -30.36882973
v -20.20617867 -17.01280785 -31.33916283
v -20.20275688 -17.43915176 -32.02949524
v -19.44896507 -17.34251976 -32.09774399
v -19.39830589 -16.76798630 -30.89938927
v -18.95471382 -17.55953598 -32.61079788
v -18.57589722 -16.66840553 -31.80289650
v -24.03901482 -16.75924492 -34.30082321
v -24.74048615 -15.42810345 -33.91839981
v -24.48805618 -14.72373486 -33.99475861
v -21.88828087 -16.85261345 -31.73433113
v -22.60731506 -16.25222397 -30.81555367
v -23.29949379 -15.82087708 -31.24458313
v -21.02084732 -16.98300171 -31.36717796
v -24.76879120 -12.91403484 -33.35798264
v -24.67231750 -11.93466949 -32.15588379
v -24.58210754 -13.12331104 -30.92058563
v -24.47752380 -11.08772087 -32.18310928
v -24.13435745 -10.34011745 -32.54686737
v -23.64286995 -9.58801079 -32.23031998
v -17.07271194 -9.87696266 -32.22900391
v -16.62614441 -10.67809677 -32.53178024
v -16.34556580 -11.44810772 -32.19092941
v -15.91213894 -14.94304276 -33.99383545
v -16.43985558 -15.03504086 -34.35706711
v -16.52624702 -16.33374405 -34.39827347
v -18.52154922 -16.95161629 -34.25058746
v -18.82566833 -17.63489342 -34.10118484
v -19.40237236 -17.53160095 -34.44507599
v -20.20480919 -18.13657188 -34.45225143
v -17.89351463 -16.00034523 -30.89017296
v -24.31195641 -14.51656628 -31.62132072
v -24.49579620 -15.15376568 -32.30612946
v -24.13936043 -15.67316246 -32.03015518
v -23.82062721 -15.10579109 -30.76073265
v -23.75280190 -16.34564400 -32.13563538
v -24.66818237 -14.58460426 -33.01041794
v -24.66773605 -13.81069660 -33.85699844
v -24.22011566 -14.27116489 -30.26793098
v -23.03292274 -9.04173088 -32.59241867
v -22.32091904 -8.58644962 -32.60824203
v -21.53792572 -8.28420067 -32.61659241
v -17.72057343 -20.06038666 -21.59685516
v -18.32343864 -20.17142296 -21.19820976
v -18.17181969 -20.96004295 -19.06464386
v -19.52195358 -19.80124283 -20.72428513
v -20.75860214 -18.66765785 -17.50368881
v -20.28964806 -18.41628075 -16.79568672
v -19.69581413 -19.96114731 -16.79610825
v -19.30061722 -20.47084427 -17.16292572
v -18.88796616 -20.69582176 -17.56448746
v -16.56329346 -21.40632629 -19.51958466
v -17.12961197 -21.47773552 -18.91092682
v -15.03053856 -18.90537071 -21.83576584
v -14.63442135 -18.08030128 -22.09060478
v -14.49950409 -16.75982475 -22.51336861
v -14.83003807 -16.49553108 -22.84420013
v -15.83735943 -17.67415237 -23.17416000
v -20.91818428 -19.55486679 -18.74241066
v -20.68891144 -20.12928009 -18.25723076
v -21.12996101 -19.18950272 -18.27456856
v -19.19045067 -20.71256828 -18.09789085
v -18.81908607 -20.71796608 -18.67574120
v -20.61948395 -18.97348022 -20.19479179
v -20.97461128 -18.97843742 -18.64403915
v -20.91880226 -18.53828239 -18.72611237
v -20.53594398 -20.20733833 -17.61304092
v -20.77828979 -19.81248474 -17.52193642
v -20.52720261 -19.78520584 -17.22534943
v -15.83406830 -19.19775963 -22.08127022
v -15.95266151 -20.27079391 -21.14488983
v -16.94492912 -18.62697792 -23.18463898
v -17.13801003 -19.79739761 -21.93499184
v -16.03415489 -21.15218353 -20.09706497
v -16.01414299 -10.21794319 -23.18116379
v -15.14533997 -11.50376987 -23.00064278
v -14.82684517 -13.26049328 -23.69382095
v -14.42082787 -14.04809284 -23.21049690
v -16.17886734 -9.79202080 -22.21772957
v -15.52418423 -10.62933254 -22.53759193
v -16.09165955 -16.38656235 -24.39484596
v -16.66514015 -16.98479271 -24.43686867
v -17.48549652 -17.10143852 -24.76837158
v -18.84438896 -17.88964272 -24.27935982
v -20.31755829 -20.23422241 -18.92051125
v -21.87910652 -17.02221107 -23.53166199
v -22.11409187 -17.71904564 -22.89621544
v -22.95519638 -15.22359467 -22.57414055
v -22.88473511 -15.47173405 -22.98173714
v -22.92328262 -16.07965279 -22.81427383
v -23.03634644 -16.06459236 -22.49298859
v -22.59394073 -15.90839958 -23.42166710
v -22.71295357 -16.42058182 -23.08948135
v -22.96298981 -16.66377258 -22.79526520
v -20.24946785 -20.52456856 -17.78776932
v -21.56894493 -11.19501781 -20.19564819
v -21.07666779 -10.35612679 -20.33140755
v -20.52067184 -9.64983559 -20.61841011
v -19.43358803 -8.60187912 -21.71781731
v -20.27484894 -9.87038040 -19.85556221
v -19.72748947 -9.23160076 -20.31603050
v -19.10556221 -8.81947517 -20.77091789
v -21.45132446 -12.17001247 -19.43961716
v -20.73858261 -10.76351261 -19.40530968
v -17.98725128 -8.65538216 -22.32858086
v -17.66433144 -8.77766228 -21.57894897
v -16.90474892 -9.17040825 -21.91134644
v -18.40527344 -8.68771648 -21.16987801
v -14.92700672 -14.14656925 -23.91784096
v -15.20895481 -14.96113110 -24.12016487
v -15.60296535 -15.71260548 -24.28267670
v -15.03064442 -15.78896427 -23.47475052
v -14.63663387 -14.99409676 -23.34604645
v -19.66761398 -17.75527763 -24.26982880
v -20.00925255 -18.28328514 -23.31969070
v -22.32110786 -16.31320190 -21.19861794
v -22.29262733 -17.24755859 -21.45129967
v -22.86361885 -16.73612785 -21.85468292
v -19.05384827 -18.97085571 -22.93160248
v -22.69146919 -13.04094887 -21.08382988
v -22.59889030 -11.13930225 -21.51364899
v -22.15285110 -15.50101280 -20.27463913
v -19.23381805 -8.98679924 -34.33098984
v -19.10903740 -8.72995090 -34.32283783
v -17.12279129 -10.54165173 -34.29682159
v -16.48209000 -11.70941162 -34.26617432
v -19.15811920 -16.14477539 -34.43288422
v -17.57744026 -16.56861305 -34.42226028
v -22.32205009 -16.74134064 -34.38218689
v -21.99349785 -17.15667915 -34.18655014
v -21.07306099 -17.58207512 -34.42215347
v -23.91925621 -15.56900787 -34.31456375
v -24.51380539 -13.39093399 -34.24948120
v -23.98324585 -10.95496559 -34.29549789
v -23.53151894 -9.90366173 -34.30619431
v -24.53366089 -12.15281868 -34.25711441
v -22.04078674 -8.86858177 -34.32623291
v -4.67610884 -30.44999886 -24.98771095
v -9.43172646 -30.59789848 -21.95312119
v -9.65965652 -29.28666878 -21.97743797
v -9.38305378 -30.59395599 -22.73833656
v -7.27916336 -30.97985649 -23.90649223
v -7.61448288 -31.36264992 -23.67673302
v -8.05712605 -31.61105347 -23.32105827
v -9.01179314 -28.67901230 -22.77462006
v -8.43620777 -28.47202682 -23.13956261
v -7.97692347 -28.65270805 -23.53417778
v -8.73658657 -29.11875916 -23.52772713
v -12.50312042 -29.70587730 -18.04549217
v -12.34600544 -29.91805077 -18.85070801
v -11.96402836 -30.10312653 -19.41865921
v -13.43448544 -30.62276077 -18.72724533
v -11.48260021 -31.10519028 -20.05225182
v -11.07163334 -31.64359665 -20.12097359
v -11.20202255 -32.18908691 -19.96204185
v -12.51028252 -31.85808563 -19.97615623
v -11.82513523 -32.58717728 -17.85799408
v -11.93922615 -32.05187607 -17.31803322
v -12.39845657 -31.39869499 -17.19404221
v -13.07944393 -32.12802505 -18.13775635
v -12.70462799 -30.20031357 -17.16331291
v -12.75979137 -29.96289062 -17.58757782
v -12.01869106 -30.58863640 -11.97042656
v -12.38829327 -30.28809929 -12.27193832
v -12.51781273 -29.95733452 -12.77479935
v -13.55244637 -31.09829140 -12.71018410
v -12.75320816 -30.45961571 -13.92870998
v -12.47205067 -30.90807915 -14.44652748
v -12.43539810 -31.68675232 -14.58252430
v -13.54412556 -31.55854988 -13.72117233
v -11.65689564 -31.58412933 -12.00842190
v -7.49030781 -30.68237305 -8.51698971
v -8.39149761 -30.70296478 -8.51393509
v -8.20607758 -31.29081917 -8.15447044
v -8.97087574 -30.60812187 -8.85038662
v -9.61528969 -31.64954758 -8.05746841
v -9.18610191 -31.68167114 -7.81901884
v -8.74827671 -31.71147728 -7.79300404
v -9.78217316 -31.04918480 -9.55175400
v -9.79918194 -31.44522095 -10.04079151
v -9.68564510 -32.06720352 -10.26349545
v -10.08091927 -32.52256393 -8.96987534
v -10.13452816 -32.08695221 -8.85117722
v -7.43851566 -32.16283417 -8.24947071
v -7.66024542 -31.57555962 -8.17087364
v -4.86296511 -30.91537285 -6.92325306
v -5.05531025 -31.32873535 -7.28682566
v -4.93869209 -31.98831749 -7.26849937
v -4.80016708 -31.81722069 -6.20011044
v -4.24985838 -32.96744537 -7.99596024
v -3.59654427 -33.21094894 -7.86156893
v -3.79886842 -33.06918716 -7.08997822
v -4.29883289 -32.86907578 -7.20678043
v -3.01658726 -33.15628815 -7.27355480
v -3.57189894 -33.02895355 -6.20737743
v -4.06059408 -33.01241684 -6.38273907
v -4.37097883 -32.89824677 -6.61392164
v -3.73014545 -30.41796112 -6.56415653
v -4.41026402 -30.66270447 -6.65188980
v -3.95348144 -31.29092598 -5.72110462
v -12.09478569 -32.44947052 -19.61300468
v -13.02688789 -32.03913498 -19.68062210
v -12.26935768 -32.63188553 -19.15311432
v -13.25154018 -32.15351486 -19.21730804
v -13.47766781 -31.65628815 -19.10577202
v -13.22584152 -31.57855988 -19.61079216
v -6.41386223 -44.54394150 -14.36964130
v -7.98184681 -41.10053635 -11.48865700
v -8.27443218 -41.44849396 -12.39076805
v -7.67293692 -42.62612915 -11.95955276
v -8.22745800 -41.31568146 -13.00426960
v -7.01809549 -44.22908020 -13.75845623
v -7.43322325 -43.85049820 -12.90071201
v -7.17518377 -43.88188553 -12.28699970
v -8.62389183 -39.60996246 -9.61176109
v -8.17806244 -39.84841156 -9.41630936
v -6.75368404 -40.06332016 -10.00824738
v -8.38286114 -39.64145279 -8.28185749
v -10.21463203 -34.17748642 -14.67463779
v -10.37561131 -34.17412186 -16.73718071
v -9.63478756 -34.22805023 -19.66965485
v -10.37134552 -33.70138168 -18.07082367
v -7.42046595 -40.96908569 -19.82523346
v -8.49982166 -38.40074158 -19.46611977
v -7.93353033 -40.93174362 -13.30687428
v -9.06656075 -37.65302277 -12.45909595
v -8.42262077 -38.04492569 -13.08902836
v -8.83087635 -37.01224136 -13.59022999
v -7.65482140 -41.52487946 -18.66457748
v -8.29745007 -39.65094757 -18.62468910
v -8.59319019 -40.04254532 -16.95456505
v -8.32619858 -41.06941223 -16.82781029
v -8.00417519 -41.69181442 -16.33045197
v -7.90580416 -40.53172684 -14.59902000
v -7.66819715 -41.52276993 -14.90141392
v -8.69019222 -39.44718552 -15.92509365
v -8.54811192 -39.52975845 -15.40696049
v -8.49940014 -40.04689026 -15.32049084
v -8.72384262 -39.55656433 -16.41699982
v -7.52695990 -41.84763718 -15.20158195
v -8.39698315 -40.96940613 -16.34404755
v -8.27372074 -40.98449707 -16.26067734
v -8.67955399 -40.21926498 -16.19039917
v -8.19333363 -41.41565704 -16.26781082
v -8.12985134 -41.33623505 -15.69510078
v -8.18030167 -41.03584671 -15.88110256
v -8.09836006 -41.30491257 -16.08847427
v -8.33896828 -40.87901688 -15.64219761
v 0.04597317 -50.63451767 -16.01909447
v -19.24722099 11.11918640 -5.89299059
v -17.00691032 14.28369904 -3.89913511
v -15.64046001 16.82986450 -3.84047055
v -14.04840851 18.97306633 -4.42658901
v -15.77569389 -16.34601402 -4.14664221
v -15.22928143 -15.42254829 -3.50459790
v -16.12230873 -13.97742081 -3.74681282
v -16.34085274 -15.80528927 -4.48841333
v -14.71320248 -14.02481651 -1.95920455
v -16.89666557 -13.78220654 -4.78465843
v -16.89453125 -15.57379055 -5.13361740
v -17.50071335 -13.86088276 -6.01584911
v -17.30054855 -15.56863022 -5.90036345
v -18.49585152 -13.04784679 -7.58573008
v -17.64242554 -14.76965523 -7.07249451
v -13.73570728 -20.71056747 -6.54904318
v -13.45568180 -19.74355125 -5.13806677
v -12.55725574 -22.14737320 -6.64414883
v -13.86404228 -18.21461487 -4.11075401
v -14.42778015 -16.58283043 -3.43729687
v -15.33049679 -17.20460129 -4.23827267
v -14.70288086 -20.98556328 -8.49413395
v -14.11971188 -21.02990532 -7.50157738
v -14.47949219 -21.67500305 -9.26654148
v -15.88291168 -20.02102280 -9.77558994
v -15.28615570 -20.66801834 -9.33439541
v -15.81676960 -20.15257072 -8.34520912
v -17.10980988 -16.97341919 -8.34639359
v -17.81336403 -15.43781948 -8.26242542
v -16.99069023 -17.98229980 -9.46768093
v -9.19157791 -16.67188072 0.76695663
v -10.23621750 -15.46351814 0.89023632
v -10.62985897 -16.88979149 0.20653693
v -8.19164848 -15.34913826 2.12024236
v -11.62683964 -14.90483665 0.28905693
v -11.74616909 -17.09696198 -0.11332674
v -12.85950470 -14.67223167 -0.58101022
v -12.54432774 -17.31484604 -0.63285512
v -13.51305580 -15.76632023 -1.83144867
v -10.31410313 -21.90102577 -4.38151121
v -9.31196117 -22.01298332 -3.85395193
v -10.34872723 -22.56158066 -5.20244551
v -7.27955818 -23.14804077 -3.93115306
v -8.52299309 -21.79064751 -3.22012258
v -12.07898808 -20.60492897 -4.01541090
v -12.16219234 -21.02369118 -5.09212017
v -11.27927589 -21.62150002 -4.88453007
v -11.59418964 -21.10057640 -3.36304498
v -12.67479610 -19.96575546 -2.93061805
v -13.59710312 -16.94466591 -2.76755285
v -7.78447294 -20.91183853 -1.91302073
v -9.53419209 -20.47717285 -1.34543920
v -7.60882187 -19.55618286 -0.54396313
v -8.30160522 -17.87213326 0.39153546
v -3.18378639 -18.48984718 2.40071535
v -2.46664715 -17.51403809 2.90183878
v -4.04109621 -15.89501095 3.44871140
v -4.08086872 -18.52960777 2.56270099
v -6.03923035 -15.95463562 2.70952034
v -6.96201134 -17.14256668 1.59510553
v -4.19798708 -22.70089531 -2.21176744
v -4.11586189 -22.25798798 -0.43869349
v -4.03992462 -23.41532135 -2.94180846
v -2.55132627 -22.39783096 -1.37477136
v -6.42634249 -22.08112526 -2.47075462
v -6.32581234 -21.17822456 -0.25264177
v -7.25712442 -18.28878784 0.63045901
v -2.82800770 -19.33390045 1.86715293
v -1.70116508 -8.11529064 7.01530457
v -3.36509871 -6.47489595 6.94089460
v -5.62484026 -6.56705332 6.20553446
v -5.36427307 -8.31561279 6.21264362
v -7.85356426 -5.72889853 5.49782181
v -6.74452114 -7.65492678 5.58229017
v -6.25066519 -8.77186871 5.77818918
v -2.26653481 -14.34036160 4.74245024
v -7.03921270 -13.90601254 3.39063931
v -5.70446396 -13.81564617 4.24964762
v -7.98511171 -10.67757034 4.27381897
v -7.84055758 -12.58479786 3.62145305
v -7.86786175 -8.86684322 4.83558178
v -6.78717661 -9.71703148 5.36121845
v -1.36918926 -9.57358170 6.73219824
v -2.54916716 -10.35875988 6.84189177
v -1.68241763 -12.98960400 5.48865843
v -9.17725468 -7.32905960 4.53938913
v -10.28482342 -5.71647072 4.28119183
v -10.81269836 -7.52674961 3.80255461
v -11.79559135 -5.45190144 3.43621755
v -13.32042122 -5.42983627 2.25737190
v -15.36219883 -4.43754244 0.63846350
v -9.93710232 -13.76451302 1.97495031
v -11.17353249 -12.74409771 2.18164515
v -10.08344746 -12.69259548 2.58566141
v -14.36950970 -11.95323277 -0.62356043
v -14.94354248 -9.39779949 -0.19742657
v -13.95951653 -10.88710880 0.78064853
v -15.03432941 -7.49641657 0.30032638
v -8.91479111 -12.26783085 3.22623134
v -9.61939716 -11.76101971 3.25772262
v -16.29998779 -6.02032518 -0.73062044
v -17.00999260 -4.41763639 -1.36308062
v -17.91594887 -3.40280414 -2.50156164
v -17.89456749 -4.96805048 -2.73469234
v -18.68853760 -4.31247234 -4.08350182
v -18.68027115 -6.08025360 -3.60728717
v -20.28049088 -2.88087964 -7.39050865
v -19.14379311 -5.39513254 -5.19249249
v -19.01603889 -6.54261827 -4.42985392
v -15.82477379 -12.23117828 -2.30055404
v -18.34429359 -11.56543636 -6.21980572
v -17.80546379 -12.28152275 -5.45485020
v -18.13786125 -11.49192142 -4.71190691
v -19.21867752 -6.79749823 -5.81747484
v -19.15906525 -7.48283005 -4.97742414
v -19.62187767 -7.32538652 -7.03095818
v -19.06058884 -8.52099133 -6.15682268
v -18.78253937 -10.19119167 -6.35019445
v -15.69196224 -10.88379097 -1.51179564
v -16.53917503 -10.36234093 -1.70822155
v -15.74946880 -9.20484924 -0.95400894
v -15.93767929 -7.47461510 -0.64172846
v -1.20467591 1.65134764 8.36037540
v -2.91783452 3.52616262 7.91266346
v -5.69015312 2.77376676 7.14876127
v -4.83987331 1.49178433 7.71790934
v -7.38372183 4.02973461 6.46731281
v -5.72268438 1.04658723 7.42521858
v -1.45955575 -4.58994389 7.78278780
v -6.51154804 -4.15148735 6.33976746
v -5.39829206 -4.84166384 6.63561773
v -5.08169317 -3.98476219 7.16433573
v -7.47611570 -0.89824080 6.42278814
v -7.34427881 -2.81047177 6.24050140
v -7.37353182 0.91527671 6.54999065
v -6.24181795 0.12554413 7.23279524
v -0.70313138 -1.50021017 8.35700512
v -0.76021600 0.21843836 8.43883991
v -0.89523917 -3.20801044 8.12213612
v -1.60605907 -2.70825648 8.31034660
v -9.48806000 1.60532176 5.75617695
v -8.72795010 2.44642520 5.93985891
v -9.74199295 3.75199986 5.38654852
v -10.38677502 2.28117466 5.30613518
v -11.21155357 4.81636000 4.50263166
v -12.66576385 4.54004717 3.53292966
v -14.63747597 5.26590204 1.86831141
v -10.97041893 -3.05797911 4.87915850
v -9.02379990 -3.91345882 5.28981018
v -14.64432240 -2.30800557 1.66980541
v -13.21246624 -3.84099722 2.68792915
v -15.07037640 0.29829895 1.60845518
v -14.90446758 2.14612508 1.82565594
v -14.00585842 1.28135049 2.83569622
v -8.45874596 -2.52689147 5.80430937
v -9.47189331 0.41080946 6.00410557
v -16.70094872 2.96492672 0.40738648
v -15.82888126 3.73915052 0.81508893
v -16.54728508 4.51548100 -0.16472401
v -17.76607323 3.33755684 -0.20279801
v -16.18149948 5.62231255 0.08973456
v -17.24535942 6.22962713 -1.33448553
v -18.36846542 3.62766719 -1.03605509
v -18.24844933 5.54405832 -2.92722130
v -19.10906410 3.44245791 -1.83321285
v -18.99792290 4.54939461 -4.07892036
v -16.24701118 -2.59366584 -0.03212329
v -19.29387856 -1.09872174 -3.77137923
v -19.23563576 -1.88526833 -4.75645828
v -18.71049881 -2.61367702 -3.72314167
v -19.26986504 -1.40052259 -2.59608817
v -19.55376053 2.57353616 -5.20056295
v -19.48082542 1.39931142 -4.92528963
v -19.47640228 -0.36820659 -5.02081728
v -19.92870903 0.18023270 -3.22528338
v -15.89765644 -1.22890007 0.62234920
v -17.42988396 1.83123791 0.71226805
v -0.90819377 11.40081787 6.87533140
v -2.46841788 12.74334717 6.09832954
v -4.11088562 12.90524101 5.64258671
v -4.04374266 11.15984058 6.91403723
v -5.85960340 13.88421154 4.78710699
v -5.18185472 11.97303391 5.65327740
v -4.82123137 10.99806595 6.34229517
v -1.06280684 5.16542435 8.19596672
v -6.03349066 5.59534979 6.81961584
v -4.68547106 5.80136013 7.54454899
v -6.77374125 9.47463894 5.75623655
v -5.39565897 10.04879570 6.43992901
v -6.70844793 6.97923183 6.33903027
v -0.60328585 6.58295679 8.08084965
v -0.49354008 8.33151722 7.78647423
v -1.54923773 9.57637310 7.96831322
v -7.57877874 13.09105587 4.34359503
v -8.88853931 14.44686890 3.20419264
v -10.25338459 14.64163589 2.24499631
v -10.54644394 12.44366550 3.48948431
v -12.32104492 15.80729008 -0.11019342
v -11.30265713 12.45256615 2.73353386
v -9.71271324 5.48570967 5.27095747
v -8.41029739 5.92069054 5.81220865
v -13.54201889 7.58578300 2.38436413
v -12.06066132 6.91630173 3.86395741
v -8.42462158 8.01470757 5.64611530
v -13.43137836 10.51742744 1.74268830
v -12.71229076 12.39706135 1.53088522
v -12.06982517 11.48928833 2.58692527
v -16.22647285 6.94726658 -0.05403031
v -16.90006065 8.75859833 0.08541635
v -15.25624466 7.33379889 0.92125374
v -15.84299469 8.64095402 0.61992675
v -18.29552841 8.10296726 -3.62118959
v -17.88740540 7.35391569 -2.59672022
v -14.62820721 8.88403702 1.23227036
v -15.26761913 9.70449734 0.93125933
v -13.09450531 14.08369160 0.34535167
v -17.76417732 11.78324223 -2.26063681
v -17.65653801 11.73100281 -3.60918283
v -18.06424141 10.57187843 -2.28359699
v -13.83112907 15.04180813 -0.97765380
v -15.00873661 15.33291912 -2.29212809
v -14.49402714 16.51136971 -2.61788988
v -15.90155411 14.95449638 -2.95797539
v -16.82786369 13.55234051 -3.31849360
v -16.96962738 13.00635052 -2.56807256
v -10.25220680 18.36519623 -0.15456699
v -8.53068161 20.97761154 -0.54067177
v -7.27460814 22.99742889 -0.17451897
v -8.70104027 22.41938210 -1.89208138
v -9.26709461 21.60549164 -1.50684547
v -9.30353546 22.13315582 -2.06547475
v -8.19238663 23.72241402 -2.18053913
v -8.77418613 24.21305847 -3.91008854
v -13.14516449 17.34886551 -2.02189755
v -11.97450829 18.14481163 -1.27734828
v -13.88263130 18.17440796 -3.41180897
v -11.51977921 21.29410553 -4.61801243
v -11.15467930 21.51049042 -4.01941299
v -13.22047043 19.32231522 -4.00119257
v -6.45388412 15.74386024 3.77349877
v -8.58081532 17.26779366 2.22640705
v -4.96944618 21.26177216 2.48865938
v -3.70544744 21.52270699 3.33966327
v -6.18454885 22.48597908 1.18842340
v -4.50417185 18.65729713 3.48630476
v -2.64874935 14.08674622 5.59082127
v -0.33610964 15.39000320 5.71225739
v -3.91366959 15.72671890 4.87241793
v -4.50168371 15.13744068 4.75129747
v -3.37599945 15.13449192 5.22082424
v -0.28511390 19.17350769 4.82460165
v -1.65255880 20.84798813 4.29156590
v -2.84596515 20.44997406 3.86644578
v -2.47454643 19.45017624 4.33011389
v -0.63909543 15.98939228 5.62378693
v -3.86780167 16.71485329 4.80348444
v -4.44215202 26.05893707 2.68073273
v -5.09680033 25.91860199 2.46086764
v -3.18441820 -25.80800629 -3.11414194
v -2.24726081 -24.59769630 -3.25551081
v -4.02589035 -24.10541916 -3.45849299
v -3.81103325 -25.54138374 -3.02780414
v -4.39109516 -24.76463127 -3.52913809
v -5.30634594 -25.24906158 -3.62282205
v -6.31133080 -24.33691788 -4.40952682
v -5.94839001 -25.10735130 -4.38846207
v -4.23516607 -28.31604576 -5.36795902
v -3.86680126 -28.56897736 -6.52766275
v -2.80589008 -28.50504684 -6.21264362
v -3.48595595 -28.25896072 -5.11534405
v -3.44606519 -29.07794762 -6.76382113
v -1.96204829 -28.15390205 -5.86739731
v -2.56733513 -27.92777443 -5.30160618
v -5.60135317 -27.84994125 -6.17704487
v -5.80936480 -28.13273239 -6.93641806
v -4.92644835 -28.49546242 -6.81024218
v -4.91075516 -28.18265533 -6.10995436
v -6.42181349 -29.08526611 -7.72496605
v -6.22939014 -26.54805374 -5.60872602
v -6.68856859 -26.83595276 -6.52061939
v -5.98562145 -27.42865372 -5.47275496
v -6.57674265 -25.23215675 -5.27422237
v -6.16714430 -26.08858681 -4.62054014
v -2.17964411 -26.71119690 -4.40805244
v -1.70487761 -26.72641563 -4.79595375
v -2.69072008 -26.24077606 -3.56705403
v -2.23915100 -27.40811539 -4.88558340
v -8.61314869 -24.83035278 -5.39007711
v -8.01070499 -24.16250420 -5.10170460
v -8.92848301 -23.61346054 -5.13361740
v -9.66442204 -24.79601669 -5.23841286
v -9.97243786 -23.35299683 -5.51098680
v -10.11293697 -24.14976120 -5.67349911
v -10.91296482 -23.25704956 -6.14871311
v -10.82091331 -24.12406158 -6.23802614
v -11.88802528 -24.02321625 -7.68412733
v -11.28833389 -24.37041092 -6.82962132
v -9.76021290 -27.79201508 -7.44781017
v -8.98714828 -28.24911308 -8.61472797
v -8.12982464 -28.26807213 -8.07389832
v -9.35851383 -27.79607010 -6.83088541
v -8.99807549 -28.86977768 -9.13141251
v -7.43006372 -28.00329208 -7.58478212
v -8.19891644 -27.58895302 -7.14790535
v -10.58457088 -27.21453285 -8.52236080
v -10.51000214 -27.61412621 -9.41191292
v -9.81276894 -28.05637360 -9.10026360
v -10.04753208 -27.61244011 -8.32066822
v -10.79500389 -28.62227058 -10.49441433
v -11.23946381 -25.81911850 -8.05694199
v -11.43066311 -26.00231361 -9.10379219
v -10.97542095 -26.59576416 -8.42346287
v -11.59397888 -24.45445824 -7.79869175
v -11.49550247 -25.35559654 -7.12720966
v -7.23974609 -27.22243118 -6.98539305
v -8.58906269 -26.66862869 -5.97294998
v -7.41816187 -25.66977119 -6.00142002
v -14.71425629 -23.76122665 -11.32024670
v -14.82031536 -22.79447365 -11.29044056
v -14.47664928 -23.84453583 -12.48179340
v -14.85091114 -24.84662628 -11.71183395
v -13.74797726 -25.32025909 -13.49462414
v -14.52130508 -25.60310173 -12.08141041
v -13.08631611 -26.84132385 -13.66119099
v -14.49163151 -26.28195763 -12.01052856
v -12.54377460 -28.31567764 -14.87571526
v -13.52769566 -26.65221786 -12.50849247
v -11.73163509 -27.36061478 -10.58320141
v -11.79272175 -26.51435089 -9.82898903
v -13.23532104 -26.32366371 -9.65841961
v -12.87216949 -23.30539131 -8.15046787
v -12.41960049 -27.61991882 -12.07066727
v -12.04570580 -27.61591530 -11.27832794
v -11.84354019 -28.37523651 -12.04059792
v -12.69091034 -27.50143051 -12.88154316
v -13.33179569 -26.96091652 -12.09699821
v -12.36462212 -28.29250526 -13.47103214
v -13.48640919 -22.80100441 -8.63358116
v -14.10222816 -22.58224869 -9.48911381
v -14.60524750 -22.49072456 -10.45123291
v -15.18723106 -24.11034393 -10.40991974
v -2.18762136 -33.64190292 -7.91007233
v -2.06800246 -33.03453445 -7.37550688
v -0.79381382 -32.94901276 -7.36055088
v -1.49389088 -32.64315796 -7.12273312
v -4.37255859 -33.41401291 -8.51024818
v -4.85188007 -34.48661423 -9.04360008
v -2.11318564 -30.35176659 -6.59454203
v -1.69874263 -29.88403130 -6.67353392
v -3.38068628 -29.61732864 -6.93989372
v -2.99610209 -30.42085838 -6.40101242
v -5.41861916 -30.04190826 -7.66946125
v -5.50387430 -31.60865974 -8.29912376
v -4.69695091 -32.54080963 -7.40112638
v -1.84411371 -31.66084290 -6.34442854
v -0.73299021 -31.72806358 -7.03736973
v -1.61901367 -30.80633736 -6.62634945
v -1.62901926 -32.16378403 -6.64167404
v -8.14272690 -33.56698990 -9.60396767
v -7.38919878 -34.05910873 -10.30694103
v -6.58622169 -33.94736481 -9.74915409
v -7.22489595 -33.52186203 -9.51849842
v -7.67562246 -34.64369965 -10.68051910
v -6.21506596 -34.54306412 -9.71945381
v -5.96871758 -33.56883621 -9.26519871
v -6.79117870 -33.18272400 -9.12522507
v -8.86002350 -33.21716309 -10.72370148
v -8.83980179 -33.71976089 -11.35205364
v -8.17279625 -34.02193069 -10.88768768
v -8.36679935 -33.53945160 -10.39836025
v -9.23770905 -35.06588364 -12.12027454
v -7.02478361 -30.06318283 -8.44610786
v -8.42140961 -29.63275719 -9.08651924
v -9.52150059 -30.83877754 -9.13270283
v -9.93725967 -29.85201263 -10.27397537
v -10.11941147 -30.77390099 -11.12448502
v -9.46968174 -32.96496964 -11.62073135
v -9.43197632 -32.67517471 -10.36518383
v -6.15218878 -31.80868912 -8.63315964
v -5.94080687 -32.76859665 -8.91226387
v -7.13568830 -32.67955017 -8.56712246
v -0.00563474 -35.28142929 -7.78810644
v -3.43171501 -35.18700409 -8.70362091
v -2.69872475 -35.83842087 -8.12387371
v -3.22675776 -35.96628571 -8.61504459
v -3.63904190 -37.03227615 -9.27212334
v -3.94092155 -37.64501953 -9.48824501
v -3.23939657 -40.20266342 -9.97991562
v -2.01801062 -39.36468887 -9.41235065
v -3.37768459 -36.59095001 -8.83695793
v 0.73688716 -37.08538818 -8.09206676
v -0.43387502 -36.31764221 -7.65450525
v 0.72640759 -38.45620728 -8.48939514
v -1.83682013 -38.81030273 -8.97798443
v -0.34487772 -39.25626373 -8.94341278
v 0.11823739 28.33412170 5.79314518
v -0.35265839 28.60587883 6.07592249
v -0.45499212 27.80762863 5.74045753
v -0.05476757 27.51322746 5.41114140
v -3.61227012 37.05570984 -2.85975266
v -1.56150770 38.98162079 -2.19972110
v -5.04721975 34.85583878 2.25805640
v -0.81928867 27.62289429 5.35906935
v -0.92999548 27.86468697 5.69203568
v -1.55099523 28.33390427 5.27288628
v -0.81938076 37.71686554 -4.34208107
v -3.81978130 30.89248085 4.43209171
v -7.12320709 28.22146606 -0.86717075
v -7.03488159 27.87140846 -0.46584693
v -7.87045860 27.91464233 -1.21170616
v -6.97686195 27.30819130 -0.22550811
v -5.49622869 24.06759644 1.89265406
v -5.59067631 24.52938271 2.18317223
v -0.79465640 33.57447052 -9.20013618
v -2.91905880 34.06411362 -7.62875366
v -2.25094724 22.93318176 4.02715445
v -2.20331931 23.48591805 4.33222914
v -4.32474232 31.62416458 -9.20326900
v -4.83630562 33.41676331 -6.46495628
v -1.19811964 25.33137131 4.39143753
v -1.34667659 24.98615074 4.59757948
v -1.72936499 24.78287888 4.73772383
v -6.73609543 30.56862450 -7.39299011
v -5.96761131 33.13193130 -4.93705988
v -6.32041454 31.55725861 0.24447928
v -6.24765015 32.16138840 0.69989270
v -5.92628574 32.75249481 1.38958228
v -5.56944084 33.18051147 1.49694514
v 0.27354822 35.91594315 -6.96061611
v -1.63629973 29.27834892 5.33778429
v -1.82871032 34.82712173 -7.41489744
v -0.98708016 29.94717216 5.83690643
v -0.82989329 29.51501465 6.00128174
v -3.50799942 28.75843811 4.17543316
v -4.58186197 29.42241478 2.95283127
v -6.76595402 31.59430695 -3.94155359
v -5.91208029 33.82416153 -3.15634990
v -6.86111259 30.41717148 -2.15605187
v -6.19596815 32.52956009 -1.29999995
v -4.72781086 37.21232605 0.33940098
v -4.30878592 37.89565659 0.02055095
v -5.60070801 32.81114578 2.17112613
v 0.73554426 39.16500092 -3.13991976
v -2.71227312 30.56161499 5.15131092
v -5.67749691 30.84892273 1.84465134
v -6.14931870 30.91191673 1.07064021
v -2.79535794 22.65144539 3.62413859
v -2.69360995 24.55031395 3.69890761
v -0.18325907 25.96188164 4.79928827
v -2.04807019 26.05798912 4.09421825
v -2.71942067 26.94385529 3.99160814
v -2.10981536 25.29155922 4.02352047
v -3.91166830 23.56424713 2.99096775
v -6.32976198 23.95080757 0.58790880
v -5.86780548 25.90087509 1.15959799
v -6.52026367 24.94728661 0.25133839
v -3.67913842 26.93308640 3.27396202
v -5.43968391 28.49862099 1.54254973
v -5.98746490 26.96491814 0.82109231
v -7.92827749 27.56305695 -3.23588133
v -8.23088169 26.61414337 -4.62285709
v -8.25784397 26.75653839 -3.07635760
v -8.38891697 25.56918907 -4.27187061
v -7.25354338 24.45287895 -0.79097009
v -7.96762848 24.63276863 -2.30737352
v -7.76656818 25.11925125 -1.48862469
v -6.50362301 29.53121376 -0.68920249
v -7.29735756 28.34764290 -1.39815295
v -7.28377104 28.77604103 -2.54437494
v -7.32590008 28.41499519 -2.05504775
v -6.00568533 28.56771469 0.63074368
v -7.61416674 27.96863937 -2.66412640
v 0.10950882 29.88219643 6.22338009
v -1.83934128 27.66574669 4.65095472
v -3.19799161 31.95702362 5.10283661
v -3.71345687 33.87729645 5.06270218
v -4.37972069 30.77142334 3.48363876
v -4.85611963 32.58443832 3.15170264
v -4.84024191 33.69753647 3.04734135
v -6.37378693 31.12946701 -0.90629798
v -6.24318695 31.00192070 0.16388142
v -1.51399910 -43.30097580 -10.30281353
v -0.47795239 -43.54411697 -9.89555264
v -0.66787475 -42.74915695 -9.33863449
v 0.79130912 -43.59693146 -9.79750729
v 0.03833730 -43.37170410 -9.44108677
v -4.37037468 -41.92774963 -10.71229553
v -4.27071190 -43.34863663 -10.87167931
v -3.74346876 -43.17317200 -10.90885735
v 1.29880774 -46.24445343 -11.02320862
v 1.35828841 -47.41481400 -11.66075325
v 2.20880628 -47.46802521 -11.80077076
v -0.04432914 -46.48936844 -11.41155243
v 0.55619037 -47.53331757 -12.04631329
v 0.54406184 -47.12055206 -11.54013252
v -6.80584764 -42.64690781 -11.49337482
v -6.00552750 -45.82618332 -14.31661129
v -8.90357399 -38.09977341 -11.65551376
v -9.06140041 -36.91744995 -11.66580868
v -5.38375759 -46.68135071 -14.50824547
v -8.94122791 -36.96874237 -12.68290615
v -0.57372320 -41.56932449 -9.32991219
v -1.35681391 -41.88918686 -9.76224041
v -0.01036107 -41.95396042 -9.00596046
v -6.06392860 -46.01150131 -13.70537376
v -6.78391171 -45.03390121 -13.29240513
v -4.88026476 -46.15139389 -13.05400848
v -6.55746889 -44.95785522 -12.70849895
v -8.57112503 -39.66162109 -11.47665024
v -4.75435162 -46.75968552 -13.80011177
v -1.86283469 -37.28750229 -7.23906183
v -1.68742049 -37.92738342 -7.39425421
v -2.45751047 -37.49129868 -7.49768066
v -2.60767365 -30.90681458 -6.12333059
v -3.41465282 -31.27301979 -5.62041664
v -2.74854207 -31.35788345 -5.77984858
v -2.61494088 -32.94237900 -6.71745348
v -2.50345731 -32.72599411 -6.30516911
v -7.71001005 -33.13616943 -8.60914612
v -8.55145645 -33.10112762 -8.06054878
v -9.25140095 -33.13048553 -9.85731983
v -9.76595306 -33.04080200 -9.13370419
v -8.90162659 -33.39747620 -9.59043407
v -9.18420601 -33.40821838 -8.53215599
v -9.50027752 -33.32912064 -8.85623264
v -11.61112022 -33.45887756 -13.77270126
v -10.05237675 -34.06237411 -13.42964077
v -11.23588276 -33.51459122 -13.30235863
v -9.89755344 -33.81002426 -12.69185829
v -11.35624027 -33.24036026 -12.76663685
v -11.88851261 -32.89803696 -14.63902950
v -10.73539162 -33.28646469 -15.67121410
v -11.51330185 -33.29931641 -14.38070011
v -11.02945137 -29.55890083 -11.47896671
v -11.51530361 -29.12128639 -11.95649815
v -11.94586086 -28.96541023 -12.69143677
v -12.16493034 -29.01301575 -13.60015678
v -12.80265713 -30.22116661 -13.38666916
v -12.19947624 -29.34393883 -14.39786816
v -11.58051109 -31.14842415 -15.53916645
v -12.17612171 -32.35225677 -14.69529819
v -10.00782585 -32.86896896 -12.17619991
v -11.18048382 -32.66395950 -12.36525345
v -10.83407879 -32.90657043 -18.93578339
v -10.28671932 -33.27877808 -18.94252396
v -11.48228455 -32.84027100 -18.36577797
v -10.74645042 -33.12089920 -17.23682976
v -9.83330631 -32.49370575 -20.35342026
v -10.02246571 -32.98366547 -19.75539970
v -10.64155006 -32.65031815 -19.55655098
v -9.17662239 -32.89740372 -21.14007187
v -12.21137810 -29.25430870 -15.99497414
v -12.17788506 -28.96551514 -16.67230225
v -12.34713840 -28.39635468 -16.32263184
v -12.06782341 -28.44469643 -17.38944054
v -11.96892643 -28.90327072 -17.55637741
v -11.54911137 -28.93412971 -18.58484840
v -11.61409569 -28.39846039 -18.55104065
v -11.06610394 -29.16331100 -19.46249962
v -10.04385948 -30.39891052 -20.70110130
v -11.49513435 -30.46161842 -19.83423424
v -9.80265808 -31.70621109 -20.69640160
v -11.45182037 -31.47552872 -16.39072227
v -12.44224453 -30.66304588 -16.92723465
v -14.96165752 -26.72399330 -11.40503025
v -15.89175892 -26.19343376 -11.00438499
v -12.73240757 -32.76848984 -12.36051464
v -13.64818382 -32.30107117 -12.87532902
v -13.41573811 -32.32392502 -12.44340324
v -13.52485180 -31.76118851 -12.33049774
v -13.76867294 -31.72537994 -12.74230766
v -12.77737999 -33.21768951 -12.87427616
v -12.98454857 -33.07876968 -13.69621086
v -13.49630928 -32.73552704 -13.48061657
v -13.43638134 -32.83221054 -13.03773594
v -13.71643257 -32.23619080 -13.35243893
v -13.42437458 -31.12967682 -17.89688301
v -12.80939770 -30.98622704 -19.79005051
v -12.21443272 -18.64014244 0.20169212
v -3.73967719 -19.36549759 2.46253967
v -4.55297565 -19.94540215 2.69804025
v -4.10999012 -19.99690437 2.59629893
v -4.30409908 -10.97910786 7.46745300
v -3.65563011 -10.93708420 7.36592245
v -4.93445301 -10.91486073 7.34780693
v -5.00206995 -11.66907406 7.13926888
v -4.34738684 -11.70309258 7.27513456
v -4.41837358 -12.41159534 6.94221115
v -5.04346132 -12.40790939 6.80350161
v -5.64148092 -11.60071945 6.90282059
v -5.64495659 -12.31227684 6.59011889
v -5.59908867 -13.11425304 5.62615681
v -5.43199539 -10.12989426 7.05711746
v -5.55848742 -10.87683964 7.10746145
v -5.87424326 -10.18455696 6.74157190
v -6.24982214 -10.53154087 6.33592319
v -6.00242043 -9.63140392 6.30048227
v -5.34057570 -9.28973866 6.64562368
v -3.57684898 -0.70186746 9.54904175
v -4.28882742 -0.61213291 9.40948963
v -4.33401060 -1.42922294 9.38726711
v -3.58337903 -1.48483312 9.53903675
v -3.64099026 -2.27780437 9.39874744
v -2.61836386 -2.34731722 9.05418491
v -4.35992002 -2.26242733 9.24897861
v -5.07484722 -1.36434448 9.12775326
v -5.06758022 -2.16447759 9.00126076
v -4.98800945 -3.12796569 8.29154682
v -4.86662531 0.10627015 8.94270229
v -4.99459171 -0.58453852 9.15861225
v -5.41193104 0.19705793 8.38175583
v -5.72731876 -0.41354781 8.33815193
v -4.79711246 0.73925692 8.35584641
v -3.13976169 9.67827225 9.03780746
v -2.50287795 9.54577732 8.88972473
v -3.79876304 9.77822304 8.89372730
v -3.90197873 8.89583302 9.12269783
v -3.18325973 8.82916451 9.27330875
v -3.25551081 7.94961834 9.37905216
v -3.97128081 7.97721291 9.23834133
v -4.60637426 8.94649315 8.86086655
v -4.66703987 8.06273460 8.97250843
v -4.62296200 6.89318371 8.49650383
v -4.24638271 10.45102215 8.20186520
v -4.45018101 9.79065132 8.65506649
v -4.69695091 10.41800308 7.59826326
v -5.06184006 9.78612232 7.75772095
v -3.27304697 16.34885788 5.73142624
v -2.72533178 17.28209114 5.92398167
v -1.99598837 17.15952301 6.13733816
v -3.60244226 16.20593452 5.26358509
v -2.53110433 18.93030548 4.89105988
v -3.19473982 15.74009514 5.53658009
v -1.54924428 23.99712181 4.94903994
v -2.13456631 24.81060410 4.28377199
v -1.07397759 28.52956581 5.87055016
v -0.14526571 29.09048080 6.12720108
v -4.95699167 -27.77421570 -2.82832384
v -5.51920223 -27.72966385 -3.08151841
v -5.43473339 -28.16854095 -3.39063931
v -4.89895916 -28.23405266 -3.16177392
v -6.01337385 -27.27609444 -4.15406799
v -5.80483580 -27.95874023 -3.93210101
v -5.60535574 -28.17854691 -4.23574495
v -5.27085209 -28.38371468 -3.96243382
v -4.73455143 -28.47702980 -3.76916742
v -4.98553419 -27.23686028 -2.54321647
v -5.53584290 -27.20895004 -2.80083466
v -4.77436304 -26.10880852 -2.81163025
v -5.46127462 -26.55900764 -2.83506441
v -5.82647991 -26.23929977 -3.48616672
v -5.92342901 -27.00378227 -3.35314465
v -12.27288628 -20.62462425 -2.90552497
v -12.19684315 -21.01147270 -1.82133770
v -12.46035957 -20.72984123 -2.09422755
v -10.83197212 -20.70930481 -0.57790321
v -11.55132389 -8.69192982 3.88333678
v -11.90583801 -9.78275204 3.91703987
v -12.58843136 -9.64614868 3.54904389
v -12.63045502 -10.43090534 3.33829403
v -11.92690277 -10.54149342 3.72809172
v -11.93975163 -11.27969742 3.40970254
v -10.92333984 -11.70169735 3.29426932
v -12.60875893 -11.20133781 3.03349161
v -11.82389736 -11.91457939 2.96734905
v -13.25722790 -10.29524994 2.85138941
v -13.19877434 -11.04661942 2.58439732
v -13.20382977 -9.54293346 3.06045413
v -10.79721642 0.61770183 5.91858387
v -11.54342461 0.24655940 5.88572359
v -12.32186127 -0.02870031 5.47322893
v -11.58165646 -0.52829641 5.86602831
v -11.64484978 -1.31178868 5.72289515
v -12.39916706 -1.25080705 5.31887913
v -11.57976055 -2.03998661 5.44179010
v -13.06859589 -0.33018526 4.92960787
v -13.07691574 -1.11683714 4.81754494
v -12.95674324 0.44087896 4.99480247
v -13.60826683 0.67774868 3.98023295
v -10.61186218 10.23058224 5.21006775
v -10.56150436 9.16535282 5.50171852
v -9.52492237 8.80946922 5.64916945
v -11.45579624 10.28427029 4.66316938
v -11.83116436 8.18701458 4.50152540
v -11.26491261 11.37872696 4.02520561
v -7.57676458 19.05786324 2.50021863
v -7.57498693 20.06904984 1.33538091
v -5.22347021 24.94399643 2.56185842
v -5.76470804 25.42510796 1.90317309
v -5.21592665 26.27858734 2.09554410
v -3.88491654 29.75103569 4.46863842
v -4.20478010 29.52540970 4.03837109
v -15.40032482 -24.59253502 -10.89316463
v -16.00076675 -25.20329857 -10.64291859
v -14.42967510 -26.91910362 -11.35668755
v -15.49279785 -26.95828438 -10.74171162
v -16.80785179 -20.00975418 -7.20720196
v -17.78871727 -19.91854477 -6.22243881
v -16.46102524 -17.87897873 -4.32411051
v -16.75813866 -17.27590370 -4.29367208
v -17.54352760 -17.89783096 -4.26597261
v -17.56848907 -18.41001320 -4.28103352
v -17.85359573 -16.76740837 -5.50192928
v -17.58428764 -16.75181961 -4.95973015
v -18.47742081 -17.82610703 -5.17269182
v -18.30111122 -17.83484840 -4.74697924
v -19.75992966 -8.67244530 -1.40594673
v -20.14972687 -8.60756683 -1.85272372
v -20.16815758 -9.32881355 -1.97363365
v -19.76530075 -9.36536026 -1.50073683
v -19.66598129 -10.04321384 -1.73423624
v -18.37415123 -10.06338406 -1.54281306
v -20.04608917 -10.03341866 -2.18691134
v -20.40176201 -9.27499390 -2.50140357
v -20.26210594 -9.94916153 -2.67034030
v -19.81195831 -10.52695942 -3.05139637
v -20.03250313 -7.87062645 -2.47854853
v -20.37553787 -8.58302593 -2.37680721
v -20.04061317 -7.93729544 -2.98451662
v -19.97378540 -8.27411652 -3.52445126
v -18.96148109 -10.96288776 -3.81614113
v -19.56139755 -7.39393806 -3.60433817
v -19.33674431 -7.04648018 -2.99262643
v -18.33897400 2.41140580 0.50370371
v -19.88736916 -0.54262024 -2.72626662
v -20.41450691 -0.18420862 -1.93529642
v -20.38196182 -0.38347831 -1.39362407
v -19.74707985 2.68234706 -0.35567325
v -18.32143784 12.13986397 -0.75052637
v -18.53808594 11.29360008 -0.79086477
v -18.53608513 11.38249207 -0.10658612
v -18.29173660 12.22991467 -0.05708466
v -18.24676514 11.32066727 0.43161058
v -17.96639633 12.19136715 0.46868402
v -16.95688248 10.02241325 0.87433267
v -16.67372513 10.75719357 1.10030162
v -17.80830765 11.25747395 0.91914731
v -17.78113556 10.36423588 0.68796498
v -17.52941513 12.09246922 0.94389802
v -17.89182854 13.00234795 -0.06487851
v -17.70340729 12.89781570 -1.14738059
v -17.56227493 12.98159981 0.41033548
v -17.16120720 12.85057831 0.84310466
v -11.93047714 21.01367950 -1.69677436
v -10.73320675 21.52791977 -1.34425426
v -10.07639027 21.51259613 -1.45829189
v -10.21109772 21.04759979 -1.17455375
v -12.02316666 19.09418678 -1.29820204
v -10.10830307 21.90597534 -1.87020719
v -8.47699356 26.99146080 -1.42996025
v -8.22882748 26.75095749 -0.82936013
v -8.15610313 27.55161667 -1.09645736
v -8.02839947 25.70263100 -1.32969344
v -6.28675127 31.83880424 1.61747992
v -5.97524738 32.00248337 2.28623009
v -5.66020203 32.16588974 2.53968811
v -21.36535645 -5.39597511 -11.71025467
v -21.17975235 -7.87099504 -12.53985786
v -21.59453773 -3.30385375 -12.70007324
v -20.75090599 -10.40078354 -12.02042866
v -21.17324829 -9.83741474 -11.37448692
v -20.40102577 -11.78808784 -11.68508244
v -20.93111229 -10.72296429 -11.06884193
v -19.63280487 -8.42040920 -7.39067316
v -20.11623383 -5.39249945 -7.48925495
v -19.31989288 -11.32456493 -8.23830700
v -19.43469429 -10.02141190 -7.71211672
v -20.16984367 -9.57000160 -8.04166985
v -19.50848579 -12.62616348 -9.56037712
v -19.92760277 -12.99221039 -11.06418133
v -20.72173119 -11.11160278 -10.52085018
v -20.51361465 -4.85303879 -8.40766525
v -21.08835793 -4.40981627 -10.19358826
v -21.38599968 -6.19263268 -10.33600998
v -20.06420517 1.64776659 -6.22401857
v -21.36893654 2.88999009 -6.84089088
v -20.04577446 4.76625299 -6.46573305
v -20.29675674 -1.41879606 -7.07291603
v -20.16510391 -0.02801572 -6.51049519
v -21.36072159 -0.76495552 -8.28812408
v -21.57031250 -1.30999815 -11.46948814
v -21.40516853 -1.86199212 -10.56740284
v -21.54134941 4.57698917 -9.66752911
v -21.38041687 5.20397234 -11.06905270
v -21.76768684 4.19319487 -10.45449734
v -20.34541512 5.32983255 -7.52917194
v -21.68619347 2.06705451 -12.28002167
v -21.67479324 0.01616697 -12.20995617
v -21.56399345 4.02109814 -11.92174149
v -22.41884041 3.11753869 -10.58683491
v -22.76456261 -9.88344002 -9.98992062
v -22.89579391 -9.99940014 -9.62097740
v -23.41166306 -9.50259495 -9.45804405
v -23.06620598 -9.46836472 -9.99318600
v -23.36352921 -9.51691914 -9.00231457
v -23.50392532 -8.93438148 -8.92437553
v -23.55321503 -8.93669891 -9.41486168
v -23.53225708 -8.36764240 -9.37884140
v -23.48580933 -8.34183884 -8.89562321
v -23.13139915 -7.78942299 -9.46625900
v -23.28948784 -8.91594982 -8.46769810
v -23.27653313 -8.34636688 -8.45326900
v -23.15994263 -9.47510624 -8.57512760
v -21.98997116 -9.40648842 -8.21460915
v -22.25890923 -7.10261679 -9.86311340
v -21.82382393 -10.46755695 -10.01351357
v -21.94441795 -10.17244434 -10.42342758
v -22.13852692 -9.56210232 -10.65123940
v -23.89224815 2.89794183 -7.61701059
v -23.24556923 2.81305194 -7.18360949
v -24.14007187 2.95755410 -8.21892738
v -24.29057693 2.23620200 -8.27243137
v -24.03074646 2.19744349 -7.63038635
v -24.03833008 1.46998262 -7.75729990
v -24.29005051 1.48040962 -8.37206554
v -23.62472916 0.77590901 -7.96804953
v -24.36503983 2.25842500 -8.94333363
v -24.35113716 1.53728354 -9.00431538
v -23.68792343 3.51312900 -8.88814449
v -24.22264290 2.94997096 -8.85633755
v -23.17321205 3.53140259 -9.62055588
v -23.86770821 2.91068578 -9.51386452
v -22.62774849 3.99508357 -9.23139000
v -22.51821327 0.06930204 -8.17079544
v -5.50171852 -35.44093704 -9.26456642
v -6.32396936 -35.07683945 -9.61813354
v -7.20541143 -35.03702545 -10.16791534
v -7.99838257 -35.23208237 -10.73928833
v -8.55516911 -35.95269775 -9.44993305
v -8.62041569 -35.81893921 -11.16700268
v -9.07274818 -36.58073425 -9.53961563
v -6.31628084 -39.13224792 -8.53078651
v -4.37898350 -39.49110413 -9.83604527
v -4.25217533 -38.51992798 -9.54956818
v -5.17532492 -38.42787552 -8.99715328
v -4.49041414 -37.41025162 -9.32523251
v -5.32530355 -37.52695084 -8.79103756
v -4.90938616 -36.32016754 -9.20010948
v -6.37884235 -36.82803345 -8.19628334
v -6.20147943 -40.35063934 -10.58941555
v -5.18406677 -40.06300354 -10.23047733
v -6.59749079 -39.66773224 -9.09078503
v -6.17786121 -41.12636566 -10.95639801
v -9.29484749 -38.34677887 -9.57547760
v -8.39481544 -39.40484619 -11.04977894
v -8.89857197 -39.11505127 -9.87180233
v -7.88747835 -40.18549347 -11.00996685
v -7.13337088 -40.43047333 -10.85809231
v -8.78198051 -36.99149323 -11.18564415
v -9.15071392 -37.37639236 -9.86764240
v 1.34324050 -41.90161514 -9.27133369
v 0.73293757 -41.52279663 -9.13278198
v -2.37286425 -41.84915924 -10.21215725
v 0.35525197 -40.31419754 -9.09531403
v -1.81996858 -45.28857040 -11.33920479
v 0.06437823 -44.60264587 -10.51526833
v -6.30487967 -44.33990479 -12.12712002
v -5.86331606 -44.05366516 -11.75399017
v -3.69660687 -45.56403351 -12.17443657
v 2.01015425 -48.66899109 -12.83557034
v -1.55703151 -47.30807114 -12.63940811
v -2.80715394 -47.47126770 -13.52611542
v -3.63003683 -47.55562973 -14.21650314
v 2.17656326 -49.99960709 -14.05720329
v -2.46580458 -46.53737640 -12.41149044
v 3.55136108 -49.93385696 -13.78994751
v -13.83312988 -31.69578362 -13.21214962
v -12.83772945 -32.54910660 -18.72208405
v -13.33190155 -32.18553162 -18.69406700
v -13.56361008 -31.68883324 -18.55588531
v -13.35675716 -31.10608482 -19.45807457
v -13.61374378 -31.14431763 -18.96021652
v -6.73146105 -37.71684647 -7.71338034
v -8.37712097 -37.27459717 -6.78917789
v -8.17974758 -37.92464828 -6.77696037
v -8.38143921 -39.27203369 -7.40046787
v -10.06227779 -37.64638519 -8.12382126
v -4.96903133 -43.62650299 -11.02603531
v -5.59319067 -43.83380508 -11.29870796
v -5.48328686 -44.17789459 -11.63184261
v 0.62993240 -42.63918686 -9.11058521
v 1.54175317 -46.90915680 -11.21734619
v -21.65383339 -6.58190346 -14.39281273
v -21.56251907 -5.33488798 -13.85777569
v -21.60970306 -3.81637812 -14.61306763
v -21.68648338 -6.09384012 -14.87929630
v -21.50827789 -3.82917476 -15.68809128
v -21.13962364 -5.26953554 -16.97920990
v -21.56062317 -7.54813004 -14.06304836
v -20.77539444 -11.06152248 -13.56940365
v -21.28678513 -9.56799984 -16.69547272
v -21.09183502 -11.14530563 -14.67096806
v -22.44491005 -0.87757134 -16.09060669
v -22.01171875 -1.24206531 -15.17746353
v -21.69627953 -1.55645227 -13.80711555
v -21.51228142 -0.87491196 -17.24483299
v -21.04644012 -2.00354528 -17.47517395
v -21.32828331 -2.37922978 -16.76772308
v -22.09987450 -0.94558316 -16.70410919
v -21.44434738 5.47970629 -15.79559994
v -21.06276512 5.09106684 -17.19080353
v -22.07162094 3.84813285 -16.77548981
v -20.66591072 4.42848492 -18.35134888
v -21.60470200 4.58225489 -13.23974514
v -21.55967522 5.58292198 -14.41335011
v -21.76810837 0.16925286 -13.35180759
v -22.46626282 3.19621444 -14.30460548
v -20.65727615 2.04146123 -18.42955208
v -20.86518097 -0.53019220 -18.04875755
v -22.29208755 -0.19716325 -17.08790398
v -23.18069077 0.20337728 -16.79257965
v -22.90769577 0.30343342 -17.07831955
v -21.71386719 -10.46460819 -14.90457344
v -21.83351326 -9.36578178 -16.38340378
v -22.04089355 -7.93624258 -14.47875500
v -22.09366035 -7.24764538 -14.73216057
v -22.53256416 -7.68715525 -14.98572350
v -14.38829708 -24.80055237 -15.97335052
v -14.84685707 -25.18971252 -15.89976311
v -15.25845623 -25.87815094 -16.62395859
v -22.19487381 0.57253176 -17.40239525
v -2.64996052 41.65624237 5.72697639
v -1.84155953 36.19857025 8.21465206
v -0.89497578 36.95905304 9.78538513
v -1.89238739 42.33453369 4.90376139
v -0.70376658 34.86194992 8.42649460
v -0.94957882 42.40050125 3.18121910
v -0.27692840 42.32750702 2.36134124
v 0.48797774 34.51193619 8.83562183
v 1.21463215 35.13245010 9.68076706
v 0.94562268 42.05281067 1.02247500
v -2.32384992 39.34041595 8.87472916
v -3.47458601 39.62623596 4.96962547
v -3.93492985 36.83053207 4.86170006
v 1.11536264 41.18500137 -0.57147855
v 0.22807863 33.15962601 7.83207560
v 0.13994037 32.85981369 7.79434681
v 0.65926462 32.68549728 7.77752161
v 0.35039890 31.79554176 7.28741455
v -0.22742365 32.47587967 7.49873400
v -2.88701463 39.80986404 0.64962763
v -3.05014563 33.37842941 5.78890419
v -2.81749535 33.86625290 6.36108208
v -2.10760355 33.33806610 6.74472380
v -2.59136200 34.55028534 6.66463757
v -2.10844612 34.49988556 7.08481741
v -2.47497749 32.87936401 6.20566463
v -2.64748549 33.21337128 6.36536121
v -3.95916891 39.14448929 2.57828879
v -0.71643943 32.63203049 7.17785358
v 0.41584516 32.34034348 7.63620567
v -2.42590070 33.87825775 6.78281879
v -14.56759453 -23.82926559 -13.54823303
v -14.58723736 -23.63326073 -14.52562332
v -14.12529373 -24.14818001 -15.76273918
v -13.61637688 -24.51080513 -16.90590668
v -13.07691574 -24.88322449 -17.83727074
v -13.91699219 -25.51934433 -17.59508324
v -12.29110718 -28.06184959 -17.22387505
v -12.57000065 -27.94641685 -16.25849152
v -12.83930874 -27.55388069 -15.41896725
v -11.69234943 -27.67215729 -18.92419624
v -11.95291710 -27.97380066 -18.16924667
v -13.21886444 -27.66481209 -17.73405647
v -13.25627995 -26.62988853 -14.68803024
v -13.90374851 -26.69387245 -15.39268875
v -12.25953674 -26.03131676 -18.71228981
v -13.43732834 -25.85945702 -18.04496574
v -19.80016136 -16.68593979 -10.91860008
v -20.24030304 -16.58246231 -10.21962833
v -14.61841297 -26.35889435 -17.85212135
v -8.44425106 27.20067024 -6.51628780
v -8.55208778 26.41532135 -7.75658894
v -8.24620533 26.76091003 -9.08404446
v -7.87075806 28.39582634 -4.52546024
v -7.57561874 29.46963310 -4.32707262
v -8.41015339 27.93264580 -5.71084881
v -8.57184887 28.05246353 -6.40630484
v -19.53432846 -14.98135281 -11.87729549
v -19.09134293 -16.09271431 -12.03812313
v -19.14779663 -16.36528778 -11.60830307
v -18.42633820 -17.30802727 -11.75607014
v -17.68602943 -18.40611649 -11.43410015
v -17.14003754 -18.92872620 -10.96689034
v -19.00605965 -15.49158669 -8.97003269
v -18.49637794 -14.42735767 -8.59661293
v -18.97991180 -13.95740986 -9.22222710
v -19.27650070 -15.00320816 -9.38463402
v -17.54689789 -16.97089005 -9.18757629
v -17.99430656 -15.60907364 -8.67139149
v -18.55251312 -16.15422249 -8.93027401
v -17.20017624 -18.22780609 -10.05490494
v -19.48819733 -16.52337646 -9.04612827
v -19.89790154 -15.87638187 -9.31491089
v -7.51548004 -32.28148270 -23.14214325
v -8.56246185 -32.43404007 -22.04447365
v -8.43984127 -31.75597572 -22.80606079
v -8.89491177 -31.51175880 -22.44698906
v -9.41128063 -28.84534264 -22.24026871
v -7.38284636 -29.51673317 -23.85851097
v -8.14920330 -29.65400696 -23.91336441
v -9.44129753 -29.38069534 -22.88641930
v -11.14951897 -27.53113174 -5.41008806
v -11.46248436 -27.02511215 -6.88349390
v -11.35868931 -27.43718338 -6.61065674
v -11.20228577 -27.65499115 -6.24919033
v -10.82502079 -27.78253555 -5.91458178
v -4.61511564 -20.69434738 2.47918057
v -3.74568057 -20.27142715 2.23019862
v -5.21829653 -20.66622734 2.35553217
v -5.20165539 -21.36314392 1.84598315
v -4.59447241 -21.36188126 1.99332893
v -4.60310888 -21.92851448 1.42385149
v -5.16837358 -21.94663048 1.27408326
v -5.78587818 -21.28352165 1.62312126
v -5.70562220 -21.84731102 1.08903205
v -5.80515194 -20.61282921 2.11034203
v -19.28661156 2.51972961 0.22970784
v -19.74455261 1.85651529 0.40685987
v -20.22734833 1.97173786 -0.18252346
v -20.37869644 1.14580083 -0.23665909
v -19.87862778 1.06038439 0.37958139
v -19.91538429 0.23012912 0.20558904
v -20.40270996 0.28616056 -0.39443183
v -20.70435333 1.21426022 -0.93252325
v -20.70730209 0.38642734 -1.05596089
v -20.55205727 2.00670481 -0.86090410
v 5.32193327 44.07841492 29.06694031
v 5.61767817 44.56911087 30.79464722
v 5.02766323 43.73116684 27.23075294
v -21.61399651 -17.79214096 -34.05205154
v -21.69290733 -17.81104660 -33.30273819
v -21.25792694 -18.46120071 -33.92787933
v -21.25982285 -18.39842796 -33.42654419
v -21.02434349 -18.16158485 -32.77232742
v -18.73830414 -17.73537254 -33.38726044
v -19.24553490 -18.24958038 -33.17779922
v -19.10619354 -18.34608269 -33.95568466
v -22.23754311 -17.23815918 -33.15636826
v -20.96449852 -17.42498779 -32.06414795
v -18.60212135 -17.17490005 -33.23401642
v -18.49058533 -16.94803619 -33.15544510
v -23.21260262 -16.79052544 -32.20019913
v -24.14171982 -16.68018723 -32.73948288
v -24.70133209 -15.88923168 -32.72909927
v -22.34601212 -16.94424438 -32.26315308
v -22.69265366 -17.35966110 -34.00104904
v -23.22466278 -17.08882523 -34.30885315
v -15.73451328 -14.96128941 -33.28014374
v -15.68153572 -15.67026615 -32.84948349
v -15.51438904 -15.68501091 -33.35545349
v -15.49142838 -15.72240067 -33.85625839
v -17.59181786 -17.21131516 -34.07003784
v -17.76717949 -17.18627357 -33.32975388
v -16.92697144 -17.39333725 -33.90786743
v -16.93149948 -17.33667564 -33.40727234
v -17.29105759 -17.02402496 -32.73885727
v -17.52941513 -16.34948921 -32.07783890
v -16.08365631 -14.41535091 -33.12416458
v -21.29305267 12.69085789 -34.38300323
v -21.29821396 12.51385021 -33.95497131
v -22.40430641 12.60380840 -34.14162827
v -23.14566994 13.47427082 -33.05968094
v -22.60605240 13.11193562 -33.06126022
v -21.97345352 12.75278091 -33.40406418
v -23.55595398 13.74558067 -33.48047256
v -18.86126709 13.12191486 -34.40035248
v -18.31884384 13.08415127 -34.14923859
v -17.11623573 14.91465759 -32.91046524
v -16.96778297 14.68197441 -33.59742737
v -17.35741043 14.07895184 -33.26755905
v -17.31334686 13.82591534 -34.09939957
v -18.20005226 14.08727264 -32.59981918
v -17.55305862 14.61072445 -32.61050797
v -16.99995995 15.20800686 -33.41348648
v -25.77151299 16.46802902 -34.02677536
v -25.91917419 16.57640457 -33.50780106
v -25.93667030 15.68564701 -33.88712692
v -24.26216698 14.00183010 -34.12238312
v -24.82105827 14.37135315 -34.34887695
v -25.07052612 14.27697086 -33.95324707
v -25.61626816 14.87982273 -34.12556839
v -25.29595566 15.00963211 -34.35756683
v -24.08756828 13.99348354 -33.53065491
v -20.17300224 -18.63161087 -34.11345673
v -20.16468239 -18.60180473 -33.47109604
v -20.77428818 -18.56926155 -33.45455933
v -20.84590721 -18.59664536 -34.07385635
v -20.16720963 -18.36356735 -32.80229950
v -19.56108093 -18.50364494 -33.47383499
v -19.50620842 -18.52534103 -34.09049606
v -20.94638443 -18.37588882 -34.35896301
v -20.17911148 -18.00652504 -32.40302277
v -19.53548813 -17.92363548 -32.45652771
v -20.82895088 -17.99430656 -32.42777252
v -15.65667915 -16.20172119 -33.37915039
v -15.63540459 -16.15327454 -34.00444794
v -15.85278988 -16.04753113 -32.73647308
v -16.17834091 -16.51094818 -32.72604752
v -16.00087166 -16.70821762 -33.39663315
v -16.03215408 -16.72759628 -34.04973602
v -16.44627953 -17.12244987 -33.40748215
v -16.53496170 -17.20101929 -34.03520203
v -16.58509445 -16.90327454 -32.76354218
v -16.84692574 -17.07747650 -34.33410645
v -16.94961548 -16.67188072 -32.40902710
v -16.49904633 -16.21530914 -32.35204697
v -16.11756897 -15.69891357 -32.37542725
v -15.82656384 -15.89218044 -34.29671860
v -23.39201927 -17.51335335 -33.59969330
v -24.05439186 -17.12397575 -33.36619568
v -23.78134346 -17.38533401 -33.94894409
v -24.28646851 -16.99679947 -33.95968628
v -24.64456367 -16.52811623 -33.34312820
v -24.70775795 -16.51210594 -33.91724014
v -24.88138199 -16.10998535 -33.54692841
v -24.90534210 -15.64414597 -33.26045227
v -24.64572334 -16.31030846 -34.19834518
v -25.46133804 14.72736835 -33.70027924
v -25.29774666 14.89609432 -33.16123962
v -25.89189529 15.47963238 -33.66836548
v -25.80205536 15.59917355 -34.27544022
v -23.17547607 13.10153580 -33.74985886
v -22.78246689 12.83509636 -34.33558273
v -17.76825905 13.42429543 -33.76510239
v -18.27480698 13.38015270 -33.24419022
v -17.48328400 13.83723736 -34.34326935
v -19.24753571 12.91271877 -33.71028137
v -10.61184883 -27.60127640 -7.23100471
v -11.00269985 -27.28404617 -7.43185425
v -3.51597285 -27.23040962 -2.99757671
v -3.21538305 -28.05532074 -4.38098431
v -3.70492077 -28.25480080 -3.65994835
v -4.16718006 -28.42858315 -3.62529731
v -9.80081558 -25.80737495 -4.92165613
v -10.11314774 -26.51129532 -4.76677990
v -4.33406305 -27.99123192 -2.88277531
v -3.31617641 -27.85657692 -3.66173863
v -4.39309645 -27.25150108 -2.44358158
v -5.06041813 -28.25111389 -4.99848890
v -5.59145308 -27.97359085 -5.07737494
v -9.17051411 -27.58895302 -6.30911875
v -9.99086857 -27.44244957 -5.25126219
v -9.91335201 -27.66162491 -5.60556602
v -15.93588829 -25.89958382 -9.22443867
v -16.23911095 -25.87904739 -9.66352749
v -16.12409973 -26.41787529 -9.83794117
v -15.83604336 -26.41134453 -9.38273811
v -15.67405796 -26.82431412 -9.59338284
v -15.93220234 -26.84706306 -10.01667309
v -16.22152328 -26.37806320 -10.37129307
v -16.01466942 -26.78397560 -10.49620533
v -16.35549355 -25.84924126 -10.19782734
v -16.05985260 -25.67524719 -10.81701660
v -10.63607311 -26.00753975 -4.72854805
v -10.71106243 -27.34055138 -5.03240252
v -10.81196117 -26.62241173 -4.68441772
v -17.97461128 -17.89193344 -4.40973759
v -18.20758438 -18.63076973 -4.45239305
v -18.52197075 -18.62423897 -4.78278875
v -18.40906525 -19.20235252 -5.00596666
v -18.09836578 -19.18644905 -4.65376902
v -17.88635063 -19.69526100 -4.96931458
v -18.17672539 -19.71685219 -5.31803656
v -18.57273674 -19.13241959 -5.40461159
v -18.33439255 -19.62574768 -5.70625448
v -18.68121910 -18.57368469 -5.17858982
v -17.18427277 -16.91159439 -4.52190542
v -13.68694305 -31.18265343 -18.44118881
v -13.24469471 -32.84885025 -12.62676907
v -9.87764740 -39.00872803 -8.18185425
v -9.84447098 -33.07308197 -8.49202824
v -9.52776718 -33.12563705 -8.13688087
v -9.67005730 -32.69318390 -7.97247314
v -10.00571918 -32.66474915 -8.35510921
v -10.07165146 -32.20775604 -8.26463699
v -9.75210381 -32.20996857 -7.89095402
v -9.22201633 -32.67053986 -7.70558643
v -9.31417370 -32.20838928 -7.64481592
v -9.10826874 -33.08403778 -7.87768316
v -8.06052303 -33.40358353 -8.90573406
v -11.59924507 -18.79012108 0.44677699
v -11.68950653 -19.56381989 0.29827261
v -12.29100132 -19.46586990 0.04233954
v -12.19568539 -20.16110229 -0.35693711
v -11.59861279 -20.22945595 -0.08215135
v -11.50161171 -20.82178879 -0.58569705
v -12.04707527 -20.78460884 -0.85279429
v -12.70239067 -20.04040146 -0.75200087
v -12.51207256 -20.64368820 -1.19846189
v -12.79602146 -19.37150002 -0.36831191
v -11.16615963 -17.88024330 0.27784011
v -19.94561195 -16.47018814 -9.33249950
v -22.66192627 -8.35600471 -15.90229130
v -22.71679878 -8.51833248 -15.52413082
v -22.69689369 -8.56520081 -15.13038445
v -22.58962250 -9.29742718 -15.85710812
v -15.35714245 -26.53330803 -16.55486870
v -15.25308514 -26.63568306 -17.06710243
v -15.05455208 -27.20989799 -16.68694115
v -14.95407486 -27.29721069 -17.19101334
v -14.96650314 -26.76788712 -17.56730461
v -22.13357735 -6.87912273 -15.08098793
v -23.66580391 1.15549040 -15.74241161
v -23.04335022 -0.10400572 -15.66062927
v -23.67844391 2.07053018 -15.64067078
v -23.59908295 2.34726429 -16.21952248
v -23.63220787 1.03668690 -16.31199455
v -23.42190552 1.58378339 -16.82320213
v -23.58965683 2.84496474 -15.59064198
v -8.67814541 -30.28652000 -23.68215561
v -8.68919086 -29.55163383 -23.71130371
v -9.21880436 -30.40171432 -23.16515541
v -8.84412003 -31.19613457 -23.21808052
v -2.65643787 -32.47474670 -5.83738041
v -4.26123285 -32.74900818 -6.00305223
v -3.77106333 -32.74005508 -5.80494118
v -3.88038778 -32.30538940 -5.63484573
v -4.39172745 -32.33708954 -5.84854460
v -4.46102953 -31.88230896 -5.76460266
v -3.97033286 -31.83291435 -5.55322123
v -3.32007337 -32.23008347 -5.52183485
v -3.42644882 -31.78004265 -5.45169067
v -3.23781657 -32.64726639 -5.68792820
v 0.03579640 -42.60501099 -9.07793522
v -2.71110010 47.60744858 29.56995964
v -2.77081776 47.31591797 27.79980850
v -2.40724540 46.36485672 27.95842361
v -2.33351994 46.63679886 29.71656799
v -2.38681293 47.12528229 26.32171631
v -2.06041932 46.22993851 26.52646255
v -1.32079363 45.67794418 26.63873482
v -1.74487376 45.71891403 28.01845741
v -2.15257621 47.95164108 31.06890678
v -1.79553378 47.02111816 31.20529747
v -2.76734209 48.28435516 27.59843254
v -2.70362234 48.60263824 29.35784149
v -2.40134740 48.04463959 26.17731857
v -2.15247083 48.90544128 30.86173630
v -1.33295846 49.13156509 31.85661125
v -1.36518705 46.21298218 25.77530479
v -1.67978466 47.11138153 25.54327965
v -1.70464063 48.02726364 25.42078972
v -0.82888615 45.51279831 27.85868454
v -8.97756386 -33.61570358 -21.35261154
v -8.33646679 -33.51964951 -22.19445229
v -8.78145313 -34.03857040 -22.46218300
v -7.69347477 -33.71913147 -22.89421463
v -8.26663876 -34.25079727 -23.01575661
v -9.54946327 -34.47471237 -20.01523018
v -9.37694550 -33.93904114 -20.58207512
v -8.79030037 -38.03892517 -22.44253922
v -8.14930916 -35.67206573 -23.92558289
v -7.30304480 -36.45866776 -23.74901009
v -7.83123589 -34.81627274 -23.43746567
v -9.98523426 -35.69381714 -21.22375107
v -9.74041271 -36.82897949 -7.82575941
v -11.31024075 -35.83168411 -22.75687408
v -10.55139351 -37.45417404 -23.51540375
v -11.49055290 -36.33133316 -23.58818245
v -11.20828915 -36.93851471 -23.68844986
v -11.04072094 -36.83572006 -24.17756653
v -6.60528517 -38.44778442 -7.89337635
v -8.01586628 -38.56553268 -6.96443415
v -9.75147152 -37.44037628 -6.96948957
v -9.23644543 -37.37528610 -6.64277983
v -9.69207001 -38.22618484 -6.94663429
v -9.11880016 -38.09169006 -6.61655474
v -8.92216396 -38.76164246 -6.80318546
v -9.48953533 -38.92952728 -7.11609793
v -9.89534187 -38.99693298 -7.51126719
v -10.10029888 -38.34077454 -7.38761854
v -10.10777664 -37.57086945 -7.41163206
v -10.69210434 -36.65235519 -24.54682541
v -9.30011272 -36.44866180 -24.38399696
v -11.60661793 -35.72941589 -23.44673538
v -20.09032440 -19.35865211 -16.89363670
v -21.28714180 -17.61081505 -19.41123390
v -21.06531906 -18.30721855 -20.04221916
v -20.13990593 -19.60513115 -20.04622078
v -18.20210838 -21.06044769 -17.42230225
v -22.10429764 -16.49630928 -23.64273834
v -23.21607971 -14.35278988 -22.78025627
v -21.20312119 -18.19070625 -21.36585617
v -21.79443932 -17.29243851 -21.03264236
v -20.75884438 -18.55810928 -22.03415298
v -22.07485962 -17.83995819 -21.69359207
v -22.04057693 -18.07435226 -22.02014542
v -22.78030777 -17.27442932 -22.52121544
v -22.92997169 -16.97715759 -22.24150658
v -22.53443336 -17.67254829 -22.07554436
v -22.49325180 -17.56748772 -22.72343445
v -22.27228546 -17.93901253 -22.28050041
v -8.46016788 28.54430580 -6.54814768
v -8.28812408 28.99985123 -5.92922163
v -8.50424576 27.50532722 -6.39980125
f 2 3 4
f 2 4 5
f 1 2 5
f 6 8 7
f 7 3 9
f 10 1 11
f 10 11 12
f 12 11 13
f 12 13 14
f 7 8 15
f 3 7 4
f 16 17 18
f 17 19 18
f 11 1 5
f 11 5 21
f 13 11 21
f 13 21 22
f 23 24 25
f 23 25 26
f 24 27 28
f 24 28 25
f 25 28 19
f 25 19 17
f 26 25 17
f 26 17 16
f 18 19 9
f 18 9 29
f 20 18 29
f 20 29 10
f 28 27 6
f 28 6 7
f 19 28 7
f 19 7 9
f 33 34 35
f 33 35 36
f 32 33 36
f 31 30 12
f 31 12 14
f 30 20 12
f 12 20 10
f 20 40 39
f 41 36 42
f 36 43 42
f 44 45 42
f 44 42 43
f 46 41 42
f 46 42 45
f 43 37 47
f 43 47 44
f 23 26 49
f 23 49 50
f 26 16 51
f 26 51 49
f 49 51 52
f 49 52 53
f 50 49 53
f 50 53 54
f 16 18 39
f 16 39 51
f 18 20 39
f 51 39 55
f 51 55 52
f 56 57 48
f 57 58 59
f 57 59 48
f 58 57 60
f 58 60 61
f 57 56 60
f 61 60 62
f 61 62 63
f 63 62 64
f 63 64 65
f 65 64 66
f 65 66 67
f 56 68 60
f 60 68 69
f 60 69 62
f 70 72 73
f 70 73 71
f 71 73 74
f 71 74 75
f 76 78 77
f 77 8 6
f 74 73 79
f 74 79 80
f 73 72 81
f 73 81 79
f 79 81 82
f 79 82 83
f 80 79 83
f 80 83 84
f 75 74 86
f 75 86 85
f 85 86 78
f 85 78 76
f 8 77 87
f 77 78 88
f 77 88 87
f 87 88 89
f 8 87 15
f 90 91 92
f 90 92 56
f 78 86 93
f 78 93 88
f 86 74 80
f 86 80 93
f 93 80 84
f 93 84 94
f 88 93 94
f 88 94 89
f 95 96 97
f 95 97 98
f 98 97 99
f 98 99 100
f 101 102 103
f 101 103 104
f 102 105 106
f 102 106 103
f 103 106 27
f 103 27 24
f 104 103 24
f 104 24 23
f 99 97 71
f 99 71 75
f 97 96 71
f 71 96 70
f 100 99 107
f 100 107 108
f 107 105 102
f 108 107 102
f 108 102 101
f 27 106 77
f 27 77 6
f 106 105 76
f 106 76 77
f 46 90 48
f 46 48 41
f 105 107 76
f 107 99 75
f 107 75 85
f 76 107 85
f 48 59 109
f 48 109 36
f 59 58 110
f 59 110 109
f 109 110 32
f 36 109 32
f 67 111 112
f 67 112 113
f 111 101 104
f 111 104 112
f 112 104 23
f 112 23 50
f 113 112 50
f 113 50 54
f 41 48 36
f 58 61 114
f 58 114 115
f 61 63 116
f 61 116 114
f 114 116 117
f 114 117 118
f 115 114 118
f 115 118 119
f 120 95 98
f 120 98 121
f 121 98 100
f 100 108 122
f 100 122 64
f 108 101 111
f 108 111 122
f 122 111 67
f 122 67 66
f 64 122 66
f 32 110 123
f 110 58 115
f 110 115 123
f 123 115 119
f 123 119 124
f 32 123 124
f 32 124 125
f 126 127 128
f 126 128 129
f 127 34 130
f 127 130 128
f 128 130 131
f 128 131 132
f 129 128 132
f 129 132 133
f 134 135 136
f 134 136 137
f 135 38 138
f 135 138 136
f 136 138 139
f 136 139 140
f 137 136 140
f 137 140 141
f 38 142 143
f 142 34 127
f 142 127 143
f 143 127 126
f 144 52 55
f 144 55 39
f 62 69 64
f 52 144 145
f 52 145 146
f 144 126 129
f 144 129 145
f 145 129 133
f 145 133 147
f 146 145 147
f 146 147 148
f 141 140 149
f 140 139 150
f 140 150 149
f 149 150 39
f 149 39 151
f 141 149 151
f 141 151 152
f 34 142 153
f 34 153 35
f 142 38 37
f 142 37 153
f 35 153 37
f 35 37 36
f 36 37 43
f 9 3 2
f 9 2 29
f 29 2 1
f 29 1 10
f 164 156 155
f 164 155 165
f 165 155 163
f 166 160 156
f 167 168 160
f 167 160 166
f 169 170 167
f 170 171 172
f 170 172 167
f 167 172 168
f 173 171 170
f 173 170 169
f 162 161 173
f 166 156 174
f 156 164 174
f 175 176 178
f 176 177 178
f 180 181 182
f 180 182 179
f 179 182 177
f 179 177 176
f 183 184 185
f 184 186 185
f 186 180 185
f 180 179 185
f 185 179 187
f 187 179 176
f 185 187 188
f 187 176 188
f 188 176 175
f 188 175 178
f 188 178 190
f 190 178 191
f 189 188 190
f 189 190 191
f 189 191 192
f 195 196 194
f 193 195 194
f 194 196 197
f 194 197 198
f 199 200 201
f 202 203 200
f 199 202 200
f 200 203 204
f 201 200 204
f 201 204 206
f 206 204 205
f 206 205 207
f 208 209 210
f 208 211 209
f 211 212 209
f 209 212 202
f 210 209 202
f 210 202 199
f 185 188 214
f 185 214 215
f 188 213 214
f 183 185 215
f 183 215 216
f 218 219 217
f 219 220 217
f 177 182 181
f 181 217 220
f 180 221 222
f 221 223 222
f 223 218 217
f 222 223 217
f 222 217 181
f 180 222 181
f 225 227 226
f 207 205 230
f 177 181 220
f 218 232 219
f 232 233 219
f 219 233 220
f 178 177 220
f 234 235 193
f 195 193 235
f 195 235 236
f 183 237 238
f 183 239 237
f 193 194 239
f 198 238 237
f 198 237 194
f 194 237 239
f 197 241 240
f 197 240 198
f 241 207 240
f 207 230 240
f 240 230 231
f 240 231 242
f 242 231 229
f 198 240 238
f 242 229 228
f 242 228 224
f 238 240 244
f 240 242 224
f 240 224 244
f 244 224 243
f 238 244 243
f 238 243 183
f 183 243 245
f 183 245 184
f 184 245 246
f 184 246 186
f 243 224 245
f 224 225 245
f 245 225 226
f 245 226 246
f 246 226 221
f 186 246 221
f 186 221 180
f 236 208 210
f 236 210 247
f 247 210 199
f 236 247 195
f 247 248 195
f 247 199 248
f 248 199 201
f 248 201 206
f 248 206 249
f 249 206 207
f 249 207 241
f 196 195 249
f 195 248 249
f 249 241 197
f 196 249 197
f 218 223 250
f 221 226 223
f 250 223 226
f 236 251 208
f 208 251 252
f 252 251 253
f 211 208 254
f 193 239 255
f 239 183 255
f 255 183 216
f 235 234 256
f 235 256 251
f 236 235 251
f 234 193 255
f 234 255 256
f 188 189 257
f 188 257 213
f 189 192 258
f 189 258 257
f 251 256 260
f 253 251 260
f 253 260 259
f 255 261 256
f 256 261 260
f 264 267 268
f 264 268 262
f 267 265 268
f 262 268 253
f 262 253 259
f 269 262 259
f 270 213 271
f 213 257 271
f 271 257 272
f 272 257 258
f 272 258 273
f 1582 271 272
f 274 276 275
f 276 270 271
f 276 271 275
f 275 271 1582
f 1582 272 277
f 277 272 273
f 277 273 278
f 279 280 282
f 283 284 285
f 283 285 286
f 281 283 286
f 288 289 290
f 287 288 290
f 287 290 291
f 292 293 294
f 293 295 296
f 294 293 296
f 297 299 298
f 298 300 301
f 299 216 215
f 299 215 298
f 298 215 300
f 300 215 214
f 300 214 302
f 302 214 213
f 302 213 270
f 301 300 302
f 301 302 303
f 303 302 270
f 305 306 307
f 309 310 311
f 312 303 270
f 312 270 276
f 312 276 274
f 315 316 317
f 315 317 318
f 314 315 319
f 321 322 323
f 320 321 324
f 325 216 299
f 326 1671 325
f 326 325 299
f 326 299 297
f 310 328 329
f 310 329 330
f 328 331 332
f 328 332 329
f 329 332 333
f 329 333 334
f 330 329 334
f 330 334 335
f 336 337 1671
f 216 325 337
f 216 337 255
f 325 1671 337
f 255 337 336
f 340 259 261
f 340 261 339
f 259 260 261
f 261 255 336
f 339 261 336
f 341 342 343
f 342 254 208
f 342 344 254
f 343 342 208
f 253 268 345
f 253 345 252
f 268 265 345
f 345 265 343
f 252 345 343
f 252 343 208
f 264 262 346
f 262 263 347
f 262 347 348
f 346 262 348
f 349 351 352
f 349 352 350
f 351 353 354
f 351 354 352
f 352 354 355
f 357 358 350
f 350 358 359
f 358 360 359
f 359 360 361
f 350 359 361
f 350 361 362
f 350 362 349
f 358 363 360
f 363 365 366
f 363 366 360
f 365 367 366
f 360 366 368
f 360 368 364
f 364 368 369
f 360 364 361
f 364 369 361
f 361 369 370
f 361 370 362
f 367 371 372
f 367 372 366
f 372 373 368
f 366 372 368
f 371 374 372
f 374 375 376
f 374 376 377
f 372 374 377
f 372 377 373
f 373 377 378
f 373 378 379
f 377 376 380
f 377 380 378
f 378 380 381
f 378 381 382
f 379 378 382
f 379 382 383
f 368 384 369
f 368 373 379
f 368 379 384
f 384 379 383
f 369 384 383
f 369 383 370
f 385 386 387
f 375 385 387
f 375 387 376
f 386 388 389
f 386 389 390
f 386 390 387
f 387 390 391
f 376 387 393
f 376 393 380
f 387 391 393
f 393 391 392
f 393 392 394
f 380 393 394
f 380 394 381
f 388 395 396
f 388 396 389
f 389 396 397
f 389 397 390
f 395 398 396
f 395 399 398
f 398 1582 397
f 396 398 397
f 397 1582 400
f 400 401 402
f 390 397 403
f 390 403 391
f 397 400 403
f 403 400 402
f 391 403 402
f 391 402 392
f 404 405 406
f 404 406 407
f 407 406 408
f 407 408 409
f 405 410 406
f 406 410 412
f 406 412 408
f 408 412 413
f 413 399 395
f 409 408 413
f 409 413 414
f 414 413 395
f 414 395 388
f 415 416 417
f 415 417 418
f 416 419 420
f 416 420 417
f 417 420 421
f 418 417 421
f 418 421 422
f 424 425 426
f 427 429 428
f 428 430 431
f 428 431 432
f 433 435 434
f 434 436 437
f 353 438 354
f 354 439 355
f 355 440 356
f 356 440 441
f 443 444 445
f 451 452 453
f 452 454 455
f 453 452 455
f 456 457 458
f 457 459 460
f 457 460 458
f 458 460 461
f 456 458 462
f 464 465 466
f 465 467 466
f 467 468 469
f 466 467 469
f 470 471 472
f 471 473 474
f 471 474 475
f 472 471 475
f 476 477 478
f 476 478 479
f 477 480 481
f 477 481 478
f 478 481 482
f 479 478 482
f 479 482 483
f 485 486 487
f 485 487 488
f 484 485 488
f 481 480 482
f 489 490 491
f 492 495 493
f 493 495 496
f 500 501 502
f 499 500 502
f 499 502 503
f 505 506 507
f 505 507 508
f 504 505 508
f 501 509 502
f 509 510 502
f 512 513 514
f 511 512 514
f 515 517 516
f 516 518 519
f 516 519 520
f 521 522 523
f 522 524 525
f 522 525 523
f 523 525 526
f 520 519 527
f 519 518 527
f 527 528 529
f 531 532 533
f 530 531 533
f 538 539 540
f 538 540 541
f 537 538 541
f 542 543 544
f 545 546 547
f 546 548 549
f 547 546 549
f 547 549 550
f 551 552 553
f 552 545 547
f 552 547 553
f 553 547 550
f 553 550 554
f 551 553 554
f 551 554 555
f 556 557 558
f 557 559 560
f 557 560 561
f 558 557 561
f 558 561 562
f 563 564 565
f 564 566 567
f 565 564 567
f 565 567 568
f 569 570 571
f 569 571 572
f 570 573 571
f 571 573 574
f 571 574 575
f 572 571 575
f 572 575 576
f 577 578 579
f 577 579 580
f 578 581 579
f 579 581 582
f 579 582 583
f 580 579 583
f 580 583 584
f 585 586 587
f 585 587 588
f 586 577 580
f 586 580 587
f 587 580 584
f 587 584 589
f 588 587 589
f 588 589 590
f 591 592 593
f 591 593 594
f 592 595 593
f 593 595 596
f 593 596 597
f 594 593 597
f 594 597 598
f 599 600 601
f 600 602 603
f 600 603 604
f 601 600 604
f 606 607 608
f 606 608 609
f 605 606 610
f 612 599 601
f 613 614 615
f 614 616 617
f 615 614 617
f 618 619 620
f 619 621 622
f 619 622 620
f 620 622 623
f 620 623 624
f 618 620 624
f 618 624 625
f 626 627 628
f 627 629 630
f 627 630 631
f 628 627 631
f 632 633 634
f 633 635 636
f 634 633 636
f 634 636 637
f 639 626 628
f 638 639 640
f 641 642 643
f 641 644 642
f 642 644 645
f 642 645 646
f 643 642 646
f 643 646 647
f 648 649 650
f 648 650 651
f 649 652 653
f 649 653 650
f 650 653 654
f 651 650 654
f 655 656 657
f 655 658 659
f 655 659 656
f 656 659 652
f 656 652 649
f 657 656 649
f 657 649 648
f 660 661 662
f 660 662 663
f 661 664 644
f 661 644 662
f 662 644 641
f 663 662 641
f 665 666 667
f 666 668 667
f 671 672 673
f 671 673 674
f 675 677 676
f 676 678 679
f 676 679 680
f 681 682 683
f 685 687 686
f 686 688 689
f 686 689 690
f 691 692 693
f 692 694 695
f 692 695 693
f 693 695 696
f 690 689 697
f 689 688 697
f 699 700 701
f 699 701 702
f 700 703 704
f 700 704 701
f 701 704 705
f 702 701 705
f 702 705 706
f 707 708 709
f 707 709 710
f 708 711 712
f 708 712 709
f 709 712 713
f 710 709 713
f 714 715 716
f 714 716 717
f 715 718 719
f 715 719 716
f 716 719 720
f 716 720 721
f 717 716 721
f 717 721 722
f 723 725 724
f 724 711 708
f 724 708 707
f 726 727 728
f 729 731 730
f 732 733 734
f 732 734 735
f 735 734 736
f 737 738 739
f 740 741 743
f 744 419 416
f 744 416 745
f 416 415 746
f 745 416 746
f 745 746 747
f 748 750 749
f 749 751 752
f 747 746 753
f 747 753 754
f 746 415 418
f 746 418 753
f 753 418 422
f 754 753 422
f 754 422 755
f 756 757 758
f 757 759 760
f 757 760 758
f 758 760 761
f 758 761 762
f 756 758 762
f 756 762 763
f 764 765 766
f 764 766 767
f 765 768 766
f 766 768 769
f 766 769 770
f 767 766 770
f 767 770 771
f 772 773 774
f 772 774 775
f 773 776 777
f 773 777 774
f 774 777 778
f 774 778 779
f 775 774 779
f 775 779 780
f 781 782 783
f 781 783 784
f 782 764 767
f 782 767 783
f 783 767 771
f 784 783 771
f 784 771 785
f 789 787 786
f 789 786 788
f 790 791 792
f 797 798 796
f 798 795 796
f 799 800 801
f 799 801 802
f 800 803 804
f 800 804 801
f 801 804 805
f 801 805 806
f 802 801 806
f 788 808 807
f 404 811 812
f 404 812 813
f 811 814 815
f 811 815 812
f 812 815 816
f 813 812 816
f 813 816 817
f 814 818 815
f 818 819 820
f 818 820 815
f 815 820 821
f 815 821 816
f 816 821 822
f 822 823 824
f 817 816 825
f 817 825 826
f 816 822 825
f 825 822 824
f 825 824 827
f 826 825 827
f 826 827 828
f 828 827 829
f 827 824 829
f 824 823 829
f 829 831 830
f 830 831 832
f 829 830 832
f 829 832 834
f 832 833 835
f 834 832 835
f 834 835 836
f 388 837 838
f 388 838 414
f 838 839 840
f 414 838 840
f 414 840 409
f 837 841 838
f 838 841 842
f 838 842 839
f 839 842 843
f 839 843 844
f 843 819 818
f 844 843 818
f 844 818 814
f 409 840 845
f 409 845 407
f 840 839 844
f 840 844 845
f 845 844 814
f 845 814 811
f 407 845 811
f 407 811 404
f 375 374 846
f 375 846 386
f 385 375 386
f 374 847 848
f 847 849 848
f 848 850 846
f 374 848 846
f 846 850 851
f 851 841 837
f 386 846 851
f 386 851 837
f 386 837 388
f 367 852 371
f 371 852 853
f 852 854 855
f 852 855 856
f 852 856 853
f 853 856 849
f 853 849 847
f 374 853 847
f 371 853 374
f 857 858 859
f 858 860 861
f 858 861 859
f 859 861 862
f 860 858 863
f 860 863 864
f 864 863 865
f 857 866 858
f 858 866 863
f 867 868 869
f 868 865 863
f 868 863 869
f 869 863 866
f 870 871 872
f 870 872 873
f 871 874 875
f 871 875 872
f 872 875 876
f 873 872 876
f 873 876 877
f 878 879 880
f 879 881 882
f 876 875 883
f 884 885 886
f 884 886 887
f 885 888 886
f 886 888 889
f 887 886 889
f 867 890 891
f 836 835 892
f 835 833 892
f 833 891 892
f 891 890 892
f 355 356 893
f 355 893 352
f 894 895 893
f 894 893 356
f 350 352 893
f 896 897 898
f 896 898 899
f 897 350 893
f 897 893 895
f 897 895 894
f 441 442 356
f 445 900 443
f 900 894 356
f 900 356 443
f 443 356 442
f 898 897 901
f 897 894 901
f 901 894 900
f 900 445 902
f 901 900 902
f 899 898 901
f 901 902 903
f 903 902 905
f 445 906 902
f 906 905 902
f 445 907 906
f 906 907 905
f 909 910 908
f 904 905 907
f 907 908 910
f 350 897 357
f 357 897 911
f 357 911 358
f 897 896 912
f 897 912 913
f 897 913 911
f 911 913 914
f 915 916 917
f 916 918 919
f 916 919 917
f 917 919 920
f 915 917 920
f 915 920 921
f 918 922 919
f 922 923 924
f 922 924 925
f 919 922 925
f 919 925 920
f 786 787 910
f 786 910 926
f 787 789 910
f 926 910 909
f 928 929 930
f 928 930 931
f 927 928 932
f 904 907 789
f 789 907 910
f 933 934 935
f 933 935 936
f 934 937 935
f 935 937 938
f 935 938 939
f 936 935 939
f 936 939 940
f 941 942 943
f 942 944 945
f 943 942 945
f 943 945 946
f 947 948 949
f 948 950 951
f 948 951 949
f 949 951 952
f 953 954 955
f 953 955 956
f 954 941 943
f 954 943 955
f 955 943 946
f 955 946 957
f 956 955 957
f 956 957 958
f 959 960 961
f 960 962 963
f 960 963 961
f 961 963 964
f 961 964 965
f 959 961 965
f 959 965 966
f 967 968 969
f 968 970 971
f 968 971 969
f 969 971 972
f 973 974 975
f 974 976 977
f 974 977 975
f 978 979 980
f 978 980 981
f 979 982 983
f 979 983 980
f 980 983 984
f 981 980 984
f 857 859 985
f 857 985 986
f 859 987 985
f 367 988 989
f 367 989 852
f 989 988 987
f 852 989 987
f 852 987 859
f 990 991 992
f 990 992 988
f 991 986 985
f 991 985 992
f 992 985 987
f 992 987 988
f 358 911 363
f 911 914 994
f 911 994 363
f 363 994 995
f 363 995 993
f 993 996 988
f 993 995 997
f 993 997 996
f 996 997 990
f 996 990 988
f 363 993 365
f 365 993 988
f 365 988 367
f 998 999 1000
f 999 1001 1002
f 999 1002 1000
f 1000 1002 1003
f 998 1000 1004
f 1005 1006 1007
f 1006 1008 1009
f 1006 1009 1010
f 1007 1006 1010
f 1007 1010 1011
f 937 1014 1015
f 1014 1005 1007
f 1014 1007 1015
f 1015 1007 1011
f 1015 1011 1016
f 937 1015 1016
f 937 1016 938
f 1019 1020 1021
f 1018 1019 1022
f 1023 1024 1025
f 1023 1025 1026
f 1020 1023 1026
f 1020 1026 1021
f 1026 1025 1027
f 1026 1027 1028
f 1021 1026 1028
f 1021 1028 1029
f 1022 1019 1030
f 1019 1021 1030
f 1030 1021 1029
f 1022 1030 1031
f 1033 1034 1035
f 1033 1035 1036
f 1032 1033 1036
f 1032 1036 1037
f 1038 1039 1040
f 1038 1040 1041
f 1034 1038 1041
f 1034 1041 1035
f 1041 1040 1042
f 1041 1042 1043
f 1035 1041 1043
f 1035 1043 1044
f 1036 1035 1044
f 1036 1044 1045
f 1037 1036 1045
f 1037 1045 1046
f 1047 1048 1050
f 1051 1052 1053
f 1049 1051 1053
f 1049 1053 1054
f 1048 1049 1054
f 1048 1054 1055
f 1050 1048 1055
f 1050 1055 1056
f 1058 1059 1060
f 1058 1060 1061
f 1057 1058 1061
f 1057 1061 1062
f 1063 1064 1065
f 1063 1065 1066
f 1059 1063 1066
f 1059 1066 1060
f 1060 1066 1067
f 1060 1067 1068
f 1066 1065 1069
f 1066 1069 1067
f 1067 1069 1070
f 1067 1070 1071
f 1068 1067 1071
f 1068 1071 1072
f 1061 1060 1068
f 1061 1068 1072
f 1061 1072 1073
f 1062 1061 1073
f 1062 1073 1074
f 1075 1076 1078
f 1077 1079 1020
f 1079 1080 1024
f 1079 1024 1023
f 1020 1079 1023
f 1076 1077 1020
f 1076 1020 1019
f 1078 1076 1019
f 1078 1019 1018
f 1081 1082 1083
f 1081 1083 1084
f 1052 1081 1084
f 1085 1032 1037
f 1085 1037 1086
f 1082 1085 1086
f 1082 1086 1083
f 1086 1037 1046
f 1086 1046 1087
f 1083 1086 1087
f 1083 1087 1088
f 1084 1083 1088
f 1089 1090 1091
f 1089 1091 1092
f 1064 1089 1092
f 1064 1092 1065
f 1093 1047 1050
f 1093 1050 1094
f 1090 1093 1094
f 1090 1094 1091
f 1094 1050 1056
f 1094 1056 1095
f 1091 1094 1095
f 1091 1095 1096
f 1065 1092 1069
f 1092 1091 1096
f 1092 1096 1097
f 1069 1092 1097
f 1069 1097 1070
f 1098 1099 1100
f 1101 1057 1062
f 1101 1062 1102
f 1099 1101 1102
f 1099 1102 1100
f 1102 1062 1074
f 1102 1074 1103
f 1100 1102 1103
f 1100 1103 1104
f 1098 1100 1104
f 1098 1104 1105
f 1080 1098 1105
f 1080 1105 1024
f 1106 1107 1108
f 1106 1108 1109
f 1039 1106 1109
f 1039 1109 1040
f 1110 1075 1078
f 1110 1078 1111
f 1107 1110 1111
f 1107 1111 1108
f 1111 1078 1018
f 1111 1018 1112
f 1108 1111 1112
f 1108 1112 1113
f 1109 1108 1113
f 1109 1113 1114
f 1040 1109 1114
f 1040 1114 1042
f 1117 1118 1110
f 1117 1110 1107
f 1118 1119 1110
f 1110 1119 1075
f 1116 1117 1107
f 1116 1107 1106
f 1115 1116 1106
f 1115 1106 1039
f 1120 1122 1121
f 1122 1124 1125
f 1123 1126 1101
f 1123 1101 1099
f 1126 1127 1057
f 1126 1057 1101
f 1121 1098 1080
f 1121 1123 1099
f 1121 1099 1098
f 1309 1128 1129
f 1131 1132 1133
f 1131 1133 1134
f 1132 1135 1136
f 1132 1136 1133
f 1137 1138 1093
f 1137 1093 1090
f 1138 1135 1047
f 1138 1047 1093
f 1139 1140 1089
f 1139 1089 1064
f 1140 1137 1090
f 1140 1090 1089
f 1143 1144 1082
f 1144 1145 1032
f 1144 1032 1085
f 1082 1144 1085
f 1141 1142 1081
f 1142 1143 1082
f 1142 1082 1081
f 1141 1081 1052
f 1148 1120 1121
f 1147 1148 1079
f 1147 1079 1077
f 1148 1121 1080
f 1148 1080 1079
f 1146 1147 1077
f 1146 1077 1076
f 1119 1146 1076
f 1119 1076 1075
f 1149 1150 1151
f 1150 1152 1153
f 1150 1153 1154
f 1151 1150 1154
f 1152 1150 1155
f 1150 1149 1156
f 1150 1156 1157
f 1155 1150 1157
f 1152 1158 1063
f 1152 1063 1059
f 1158 1139 1064
f 1158 1064 1063
f 1127 1159 1058
f 1127 1058 1057
f 1159 1152 1059
f 1159 1059 1058
f 1135 1138 1160
f 1135 1160 1136
f 1138 1137 1161
f 1138 1161 1160
f 1131 1141 1051
f 1131 1051 1049
f 1051 1141 1052
f 1135 1132 1048
f 1135 1048 1047
f 1132 1131 1049
f 1132 1049 1048
f 1163 1164 1165
f 1164 1166 1165
f 1166 1115 1039
f 1166 1039 1038
f 1165 1166 1038
f 1165 1038 1034
f 1163 1165 1034
f 1163 1034 1033
f 1145 1163 1033
f 1145 1033 1032
f 1168 1169 1170
f 1168 1170 1171
f 1167 1168 1171
f 1172 1173 1174
f 1172 1174 1175
f 1169 1172 1175
f 1169 1175 1170
f 1167 1171 1176
f 1171 1170 1177
f 1176 1171 1177
f 1179 1180 1181
f 1179 1181 1182
f 1178 1179 1182
f 1178 1182 1183
f 1180 1184 1185
f 1180 1185 1186
f 1180 1186 1181
f 1181 1186 1187
f 1181 1187 1188
f 1186 1185 1189
f 1186 1189 1187
f 1187 1189 1190
f 1187 1190 1191
f 1188 1187 1191
f 1188 1191 1192
f 1183 1182 1193
f 1183 1193 1194
f 1182 1181 1188
f 1182 1188 1193
f 1193 1188 1192
f 1193 1192 1195
f 1194 1193 1195
f 1194 1195 990
f 1027 1196 1197
f 1196 1198 1199
f 1197 1196 1199
f 1197 1199 1200
f 1201 1202 1203
f 1201 1203 1204
f 1201 1204 1199
f 1198 1201 1199
f 1199 1204 1205
f 1205 914 913
f 1200 1199 1206
f 1199 1205 1206
f 913 1206 1205
f 1208 1209 1210
f 1208 1210 1211
f 1207 1208 1211
f 1207 1211 1212
f 1213 1031 1214
f 1213 1214 1215
f 1209 1213 1215
f 1209 1215 1210
f 1210 1215 1216
f 1210 1216 1217
f 1215 1214 1216
f 1217 1216 1218
f 1217 1218 1219
f 1212 1211 1220
f 1212 1220 1221
f 1211 1210 1217
f 1211 1217 1220
f 1220 1217 1219
f 1220 1219 1222
f 1221 1220 1222
f 1221 1222 1223
f 1224 1225 1226
f 1224 1226 1227
f 1173 1224 1227
f 1173 1227 1174
f 1228 1207 1212
f 1228 1212 1229
f 1225 1228 1229
f 1225 1229 1226
f 1226 1229 1230
f 1226 1230 1231
f 1229 1212 1221
f 1229 1221 1230
f 1230 1221 1223
f 1230 1223 1232
f 1231 1230 1232
f 1174 1227 1233
f 1227 1226 1231
f 1227 1231 1233
f 1234 1235 1236
f 1234 1236 1237
f 1184 1234 1237
f 1184 1237 1185
f 1235 1238 1236
f 1238 1167 1176
f 1238 1176 1239
f 1236 1238 1239
f 1236 1239 1240
f 1185 1237 1241
f 1185 1241 1189
f 1237 1236 1241
f 1241 1236 1240
f 1241 1240 1242
f 1189 1241 1242
f 1189 1242 1190
f 1202 1243 1244
f 1202 1244 1203
f 1243 1245 1244
f 1244 1245 1246
f 1244 1246 1247
f 1203 1244 1247
f 1203 1247 1204
f 1248 1178 1183
f 1248 1183 1249
f 1245 1248 1249
f 1245 1249 1246
f 1246 1249 1250
f 1246 1250 1251
f 1249 1183 1194
f 1249 1194 1250
f 1250 1194 990
f 1250 990 997
f 1251 1250 997
f 1251 997 995
f 1204 1247 1252
f 1204 1252 1205
f 1247 1246 1251
f 1247 1251 1252
f 1252 1251 995
f 1252 995 994
f 1205 1252 994
f 1205 994 914
f 1088 1087 1172
f 1088 1172 1169
f 1087 1046 1173
f 1087 1173 1172
f 1052 1084 1168
f 1084 1088 1169
f 1084 1169 1168
f 1052 1168 1167
f 1070 1097 1253
f 1070 1253 1254
f 1097 1096 1253
f 1096 1095 1180
f 1095 1056 1184
f 1095 1184 1180
f 1254 1253 1179
f 1254 1179 1178
f 1253 1096 1180
f 1253 1180 1179
f 1105 1104 1255
f 1024 1105 1255
f 1024 1255 1025
f 1103 1074 1202
f 1103 1202 1201
f 1104 1103 1201
f 1104 1201 1198
f 1255 1104 1198
f 1255 1198 1196
f 1025 1255 1196
f 1025 1196 1027
f 1112 1018 1022
f 1112 1022 1256
f 1113 1112 1256
f 1256 1022 1031
f 1256 1031 1213
f 1113 1256 1213
f 1113 1213 1209
f 1042 1114 1208
f 1042 1208 1207
f 1114 1113 1208
f 1208 1113 1209
f 1044 1043 1228
f 1044 1228 1225
f 1043 1042 1207
f 1043 1207 1228
f 1046 1045 1224
f 1046 1224 1173
f 1045 1044 1225
f 1045 1225 1224
f 1054 1053 1238
f 1054 1238 1235
f 1053 1052 1238
f 1238 1052 1167
f 1056 1055 1234
f 1056 1234 1184
f 1055 1054 1235
f 1055 1235 1234
f 1073 1072 1257
f 1072 1071 1258
f 1072 1258 1257
f 1071 1070 1254
f 1071 1254 1258
f 1257 1258 1248
f 1257 1248 1245
f 1258 1254 1178
f 1258 1178 1248
f 1073 1257 1245
f 1073 1245 1243
f 1074 1073 1243
f 1074 1243 1202
f 1261 903 905
f 1261 905 1259
f 1259 905 1260
f 1260 905 904
f 1260 904 1262
f 1260 1262 807
f 1263 1264 1265
f 1282 1263 1265
f 1259 1260 1265
f 1264 1259 1265
f 1265 1260 807
f 1265 807 808
f 1265 808 792
f 1267 1268 1269
f 1267 1269 1270
f 1266 1267 1270
f 1266 1270 1271
f 1268 1272 1273
f 1268 1273 1269
f 1269 1273 1274
f 1274 810 809
f 1270 1269 1274
f 1270 1274 809
f 1270 809 1275
f 1271 1270 1275
f 1272 1276 1273
f 1272 1282 1265
f 1272 1265 1276
f 1276 1265 1277
f 1277 1265 792
f 1273 1276 1277
f 1273 1277 1274
f 1274 1277 792
f 1274 792 810
f 1176 1177 1278
f 1177 1170 1279
f 1170 1175 1279
f 1177 1279 1280
f 1278 1177 1280
f 1278 1280 1281
f 1175 1174 1282
f 1279 1175 1282
f 1279 1282 1280
f 1280 1282 1272
f 1281 1280 1272
f 1218 1284 1283
f 1284 1285 1286
f 1284 1286 1283
f 1285 896 899
f 1285 899 1286
f 1283 1286 1287
f 1190 1242 1288
f 1190 1288 1289
f 1242 1240 1290
f 1242 1290 1288
f 1288 1290 1291
f 1289 1288 1291
f 1289 1291 1292
f 1240 1239 1293
f 1240 1293 1290
f 1239 1176 1278
f 1239 1278 1293
f 1293 1278 1281
f 1290 1293 1272
f 1290 1272 1268
f 1293 1281 1272
f 1292 1291 1266
f 1291 1290 1268
f 1291 1268 1267
f 1266 1291 1267
f 1174 1233 1282
f 1232 1223 1259
f 1231 1232 1259
f 1231 1259 1264
f 1282 1233 1263
f 1233 1231 1263
f 1263 1231 1264
f 1219 1218 1283
f 1219 1283 1222
f 1222 1283 1294
f 1294 1295 1261
f 1295 1296 1261
f 1261 1296 903
f 1223 1222 1259
f 1222 1294 1261
f 1222 1261 1259
f 1031 1030 1297
f 1030 1029 1297
f 1297 1029 1298
f 1031 1297 1214
f 1029 1028 1299
f 1028 1027 1197
f 1028 1197 1299
f 1299 1197 1200
f 1299 1200 1300
f 1029 1299 1300
f 1029 1300 1298
f 1298 1300 1301
f 1298 1301 1302
f 1300 1200 1303
f 1300 1303 1301
f 1301 1303 896
f 1301 896 1285
f 1302 1301 1285
f 1302 1285 1284
f 1214 1297 1216
f 1297 1298 1302
f 1297 1302 1216
f 1216 1302 1284
f 1216 1284 1218
f 1287 1294 1283
f 1295 1294 1287
f 1287 1286 1304
f 899 1304 1286
f 1017 1305 1119
f 1017 1119 1118
f 1017 1118 1117
f 1315 1017 1306
f 1306 1017 1117
f 1306 1117 1116
f 1306 1116 1115
f 1307 1308 1120
f 1307 1120 1148
f 1307 1148 1147
f 1017 1307 1305
f 1305 1307 1147
f 1305 1147 1146
f 1305 1146 1119
f 1017 1124 1307
f 1307 1124 1122
f 1308 1307 1122
f 1308 1122 1120
f 1017 1309 1124
f 1309 1149 1124
f 1017 1310 1128
f 1017 1128 1309
f 1311 1312 1141
f 1311 1141 1162
f 1313 1314 1145
f 1313 1145 1144
f 1313 1144 1143
f 1311 1017 1312
f 1017 1313 1312
f 1312 1313 1143
f 1312 1143 1142
f 1312 1142 1141
f 1017 1315 1313
f 1315 1306 1115
f 1315 1115 1166
f 1315 1166 1164
f 1313 1315 1314
f 1314 1315 1164
f 1314 1164 1163
f 1314 1163 1145
f 1292 1316 1317
f 1266 1012 1292
f 1292 1012 1316
f 1012 795 1318
f 1316 1012 1318
f 1316 1318 794
f 1317 1316 794
f 1317 794 793
f 1190 1289 1319
f 1190 1319 1191
f 1289 1292 1319
f 1292 1317 1319
f 1319 1317 793
f 1319 793 1320
f 1191 1319 1320
f 1191 1320 1321
f 1192 1191 1322
f 1192 1322 1195
f 1322 1191 1321
f 1322 1321 1323
f 1195 1322 1323
f 1195 1323 990
f 1266 1271 1012
f 1012 1271 1013
f 1271 1275 1324
f 1271 1324 1325
f 1271 1325 1013
f 797 1013 1324
f 1324 1013 1325
f 794 1318 795
f 904 789 1262
f 867 891 1328
f 867 1328 1329
f 833 1328 891
f 833 1327 1328
f 1331 1332 1333
f 1331 1333 1334
f 1330 1331 1334
f 1330 1334 1335
f 1336 1337 1338
f 1336 1338 1339
f 1332 1336 1339
f 1332 1339 1333
f 1333 1339 1340
f 1333 1340 1341
f 1339 1338 1342
f 1339 1342 1340
f 1340 1342 1343
f 1340 1343 1344
f 1341 1340 1344
f 1341 1344 1345
f 1335 1334 1346
f 1335 1346 1347
f 1334 1333 1341
f 1334 1341 1346
f 1346 1341 1345
f 1346 1345 1348
f 1347 1346 1348
f 1347 1348 1349
f 1353 1354 1355
f 1353 1355 1356
f 1352 1353 1356
f 1352 1356 1357
f 1356 1355 1358
f 1350 1351 1359
f 1351 1352 1357
f 1351 1357 1359
f 1350 1359 1360
f 1362 1363 1364
f 1361 1362 1364
f 1361 1364 1365
f 1366 1367 1368
f 1366 1368 1369
f 1363 1366 1369
f 1363 1369 1370
f 1364 1363 1370
f 1364 1370 1371
f 1365 1364 1371
f 1365 1371 1372
f 1373 1374 1376
f 1377 1378 1379
f 1375 1377 1380
f 1377 1379 1381
f 1377 1381 1382
f 1380 1377 1382
f 1374 1375 1380
f 1374 1380 1383
f 1376 1374 1383
f 1376 1383 1384
f 1385 1386 1387
f 1385 1387 1388
f 1354 1385 1388
f 1354 1388 1355
f 1389 1330 1335
f 1389 1335 1390
f 1386 1389 1390
f 1386 1390 1387
f 1387 1390 1391
f 1387 1391 1392
f 1390 1335 1347
f 1390 1347 1391
f 1391 1347 1349
f 1391 1349 1393
f 1392 1391 1393
f 1392 1393 1394
f 1355 1388 1395
f 1388 1387 1392
f 1388 1392 1395
f 1395 1392 1394
f 1395 1394 1396
f 1355 1395 1396
f 1355 1396 1358
f 1397 1398 1399
f 1398 1400 1399
f 1400 1350 1360
f 1400 1360 1401
f 1399 1400 1401
f 1399 1401 1402
f 1397 1399 1402
f 1397 1402 1403
f 1367 1397 1403
f 1367 1403 1368
f 1404 1405 1406
f 1404 1406 1407
f 1378 1404 1407
f 1378 1407 1379
f 1408 1361 1365
f 1408 1365 1409
f 1405 1408 1409
f 1405 1409 1406
f 1409 1365 1372
f 1409 1372 1410
f 1406 1409 1410
f 1406 1410 1411
f 1407 1406 1411
f 1407 1411 1412
f 1379 1407 1412
f 1379 1412 1381
f 1413 1414 1415
f 1413 1415 1416
f 1337 1413 1416
f 1337 1416 1338
f 1417 1373 1376
f 1417 1376 1418
f 1414 1417 1418
f 1414 1418 1415
f 1415 1418 1419
f 1415 1419 1420
f 1418 1376 1419
f 1419 1376 1384
f 1419 1384 1421
f 1420 1419 1421
f 1420 1421 1422
f 1338 1416 1423
f 1338 1423 1342
f 1416 1415 1420
f 1416 1420 1423
f 1423 1420 1422
f 1423 1422 1424
f 1342 1423 1424
f 1342 1424 1343
f 1426 1427 1428
f 1426 1428 1429
f 1425 1426 1429
f 1425 1429 1430
f 1431 1432 1433
f 1431 1433 1434
f 1427 1431 1434
f 1427 1434 1428
f 1428 1434 1417
f 1428 1417 1414
f 1434 1433 1373
f 1434 1373 1417
f 1430 1429 1413
f 1430 1413 1337
f 1429 1428 1414
f 1429 1414 1413
f 1435 1437 1436
f 1439 1440 1441
f 1439 1441 1442
f 1440 1438 1443
f 1440 1443 1441
f 1441 1443 1444
f 1442 1441 1444
f 1442 1444 1445
f 1438 1440 1408
f 1438 1408 1405
f 1440 1439 1361
f 1440 1361 1408
f 1435 1436 1404
f 1435 1404 1378
f 1436 1438 1405
f 1436 1405 1404
f 1447 1448 1449
f 1574 1450 1451
f 1453 1454 1400
f 1453 1400 1398
f 1454 1455 1350
f 1454 1350 1400
f 1446 1456 1397
f 1446 1397 1367
f 1456 1453 1398
f 1456 1398 1397
f 1458 1459 1460
f 1458 1460 1461
f 1457 1458 1461
f 1457 1461 1462
f 1463 1464 1465
f 1463 1465 1466
f 1459 1463 1466
f 1459 1466 1460
f 1460 1466 1389
f 1466 1465 1389
f 1389 1465 1330
f 1460 1389 1386
f 1461 1460 1386
f 1461 1386 1385
f 1462 1461 1385
f 1462 1385 1354
f 1467 1468 1469
f 1467 1469 1470
f 1432 1467 1470
f 1432 1470 1433
f 1471 1435 1472
f 1468 1471 1472
f 1468 1472 1469
f 1469 1472 1377
f 1469 1377 1375
f 1472 1435 1378
f 1472 1378 1377
f 1433 1470 1374
f 1433 1374 1373
f 1470 1469 1375
f 1470 1375 1374
f 1437 1473 1474
f 1475 1476 1477
f 1476 1574 1478
f 1448 1447 1366
f 1448 1366 1363
f 1447 1446 1367
f 1447 1367 1366
f 1439 1479 1362
f 1439 1362 1361
f 1479 1448 1363
f 1479 1363 1362
f 1480 1481 1482
f 1480 1482 1483
f 1481 1455 1484
f 1481 1484 1482
f 1457 1462 1480
f 1480 1462 1353
f 1480 1353 1352
f 1353 1462 1354
f 1455 1481 1351
f 1455 1351 1350
f 1481 1480 1352
f 1481 1352 1351
f 1485 1486 1487
f 1485 1487 1488
f 1464 1485 1488
f 1464 1488 1465
f 1489 1425 1430
f 1489 1430 1490
f 1486 1489 1490
f 1486 1490 1487
f 1487 1490 1336
f 1487 1336 1332
f 1490 1430 1337
f 1490 1337 1336
f 1488 1487 1332
f 1488 1332 1331
f 1465 1488 1331
f 1465 1331 1330
f 1497 1498 1499
f 1491 1492 1500
f 1491 1500 819
f 1492 1493 1501
f 1492 1501 1500
f 1500 1501 821
f 1500 821 820
f 819 1500 820
f 849 1502 1503
f 849 1503 848
f 1502 1504 851
f 1502 851 1503
f 848 1503 851
f 848 851 850
f 1505 851 1504
f 1505 841 851
f 1507 1506 1494
f 1498 1508 1499
f 1499 1508 1509
f 1510 1511 1506
f 1507 1494 1512
f 1512 1494 1495
f 1512 1495 1513
f 1512 1513 1496
f 1505 1514 1515
f 1505 1515 841
f 1514 1516 843
f 1514 843 842
f 1516 1491 819
f 1516 819 843
f 1515 1514 842
f 1515 842 841
f 1383 1380 1517
f 1384 1383 1518
f 1382 1381 1519
f 1380 1382 1517
f 1517 1382 856
f 1382 1519 1520
f 1382 1520 856
f 856 1520 849
f 1517 856 855
f 1518 1383 1521
f 1518 1521 1522
f 1383 1517 1521
f 1521 1517 855
f 1521 855 854
f 1522 1521 854
f 1522 854 852
f 1371 1370 1523
f 1371 1523 1524
f 1371 1524 1525
f 1372 1371 1525
f 1372 1525 1526
f 1370 1369 1527
f 1370 1527 1523
f 1369 1368 1528
f 1369 1528 1527
f 1523 1527 1524
f 1524 1527 1514
f 1527 1528 1491
f 1527 1491 1516
f 1514 1527 1516
f 1526 1525 1505
f 1525 1524 1514
f 1525 1514 1505
f 1529 1506 1507
f 1529 1507 1530
f 1529 1530 1508
f 1532 1533 1534
f 1532 1534 1535
f 1533 1536 1534
f 1534 1536 1537
f 1535 1534 1537
f 1535 1537 1538
f 1508 1530 1539
f 1508 1539 1509
f 1530 1507 1512
f 1530 1512 1539
f 1539 1512 1496
f 1539 1496 1497
f 1509 1539 1497
f 1509 1497 1499
f 1349 1348 1540
f 1349 1540 1541
f 1348 1345 1542
f 1348 1542 1540
f 1540 1542 1543
f 1540 1543 1544
f 1541 1540 1544
f 1541 1544 1545
f 1345 1344 1542
f 1344 1343 1546
f 1344 1546 1547
f 1542 1344 1547
f 1542 1547 1543
f 1543 1547 1548
f 1543 1548 1549
f 1547 1546 1550
f 1547 1550 1548
f 1548 1550 860
f 1548 860 864
f 1549 1548 864
f 1549 864 865
f 1545 1544 1551
f 1545 1551 1552
f 1544 1543 1549
f 1544 1549 1551
f 1551 1549 865
f 1551 865 868
f 1552 1551 868
f 1552 868 867
f 1343 1424 1546
f 1421 1384 1518
f 1422 1421 1553
f 1422 1553 1554
f 1421 1518 1522
f 1421 1522 1553
f 1553 1522 852
f 1553 852 859
f 1554 1553 859
f 1554 859 862
f 1546 1424 1555
f 1546 1555 1550
f 1424 1422 1554
f 1424 1554 1555
f 1555 1554 862
f 1555 862 861
f 1550 1555 861
f 1550 861 860
f 1412 1411 1556
f 1412 1556 1557
f 1381 1412 1557
f 1381 1557 1519
f 1410 1372 1526
f 1410 1526 1558
f 1411 1410 1558
f 1411 1558 1556
f 1556 1558 1504
f 1558 1526 1505
f 1558 1505 1504
f 1519 1557 1559
f 1519 1559 1520
f 1557 1556 1504
f 1557 1504 1559
f 1559 1504 1502
f 1520 1559 1502
f 1520 1502 849
f 1368 1403 1560
f 1368 1560 1528
f 1403 1402 1561
f 1403 1561 1560
f 1560 1561 1563
f 1560 1563 1493
f 1560 1493 1492
f 1528 1560 1492
f 1528 1492 1491
f 1396 1394 1564
f 1394 1393 1565
f 1394 1565 1564
f 1393 1349 1541
f 1393 1541 1565
f 1565 1541 1545
f 1565 1545 1552
f 1564 1565 1552
f 1564 1552 1566
f 1564 1566 1567
f 1566 1552 867
f 1566 867 1329
f 1567 1566 1329
f 1567 1329 1328
f 1358 1396 1328
f 1396 1564 1567
f 1396 1567 1328
f 1326 1568 1579
f 1568 1326 1569
f 1568 1569 1432
f 1568 1432 1431
f 1568 1431 1427
f 1579 1568 1570
f 1570 1568 1427
f 1570 1427 1426
f 1570 1426 1425
f 1326 1473 1571
f 1571 1572 1435
f 1571 1435 1471
f 1571 1471 1468
f 1326 1571 1569
f 1569 1571 1468
f 1569 1468 1467
f 1569 1467 1432
f 1571 1473 1572
f 1572 1473 1437
f 1572 1437 1435
f 1574 1476 1475
f 1473 1574 1573
f 1573 1574 1475
f 1573 1475 1473
f 1473 1326 1576
f 1577 1457 1450
f 1473 1576 1577
f 1473 1577 1450
f 1473 1450 1574
f 1578 1464 1463
f 1578 1463 1459
f 1576 1578 1459
f 1576 1459 1458
f 1577 1576 1458
f 1577 1458 1457
f 1326 1579 1576
f 1579 1570 1425
f 1579 1425 1489
f 1579 1489 1486
f 1576 1579 1580
f 1576 1580 1578
f 1580 1579 1486
f 1580 1486 1485
f 1578 1580 1485
f 1578 1485 1464
f 278 1581 277
f 1581 401 400
f 1581 400 277
f 277 400 1582
f 398 399 1582
f 275 1582 274
f 1593 1594 1595
f 1597 1598 1599
f 1601 1602 1603
f 1607 1608 1609
f 1610 1611 1612
f 1611 1613 1612
f 1612 1614 1615
f 1617 1618 1619
f 1617 1619 1620
f 1618 1621 1622
f 1618 1622 1619
f 1619 1622 1623
f 1620 1619 1623
f 1624 1625 1626
f 1625 1627 1626
f 1626 1628 1629
f 1631 1621 1618
f 1631 1618 1617
f 1632 1633 1634
f 1633 1635 1634
f 1634 1636 1637
f 1638 1639 1640
f 1638 1640 1641
f 1639 1642 1643
f 1639 1643 1640
f 1640 1643 1644
f 1641 1640 1644
f 1645 1647 1646
f 1646 1635 1633
f 1645 1646 1633
f 1645 1633 1632
f 1598 1597 1648
f 1598 1648 1649
f 1597 1596 1650
f 1597 1650 1648
f 1648 1650 1651
f 1648 1651 1652
f 1649 1648 1652
f 1649 1652 1653
f 168 1654 338
f 1655 1656 1657
f 1656 1658 1659
f 1656 1659 1657
f 1657 1659 1660
f 1662 1663 1664
f 154 1669 1668
f 1666 154 1668
f 339 336 338
f 157 338 336
f 157 336 158
f 158 336 159
f 326 1670 1671
f 154 1672 1669
f 1672 1670 326
f 171 1674 1673
f 1673 1675 1660
f 168 338 160
f 157 160 338
f 161 154 1676
f 161 1676 173
f 158 159 156
f 158 156 160
f 157 158 160
f 159 1677 156
f 1677 1678 156
f 1678 1679 156
f 1670 1672 1678
f 1672 154 1679
f 1678 1672 1679
f 1671 1670 1678
f 1671 1678 1677
f 159 1671 1677
f 161 163 154
f 163 155 156
f 163 156 1679
f 154 163 1679
f 1666 1665 154
f 159 336 1671
f 163 1680 1681
f 163 161 1682
f 163 1682 1680
f 166 174 1683
f 174 164 1684
f 1683 174 1684
f 169 167 1686
f 169 1686 1685
f 162 173 1687
f 162 1687 1688
f 173 1689 1687
f 161 1690 1682
f 161 162 1688
f 161 1688 1690
f 165 163 1681
f 165 1681 1684
f 164 165 1684
f 167 1691 1686
f 167 166 1683
f 167 1683 1691
f 173 1692 1689
f 173 169 1685
f 173 1685 1692
f 1695 1682 1690
f 1695 1690 1688
f 1695 1688 1696
f 1693 1695 1696
f 1693 1681 1680
f 1693 1680 1695
f 1695 1680 1682
f 1697 1684 1693
f 1684 1681 1693
f 1698 1683 1684
f 1698 1684 1697
f 1698 1686 1691
f 1698 1691 1683
f 1699 1685 1686
f 1699 1686 1698
f 1700 1699 1698
f 1700 1689 1692
f 1700 1692 1699
f 1699 1692 1685
f 1693 1696 1700
f 1696 1688 1687
f 1696 1687 1689
f 1696 1689 1700
f 1694 1701 1702
f 1694 1693 1701
f 1700 1701 1693
f 1697 1693 1694
f 1698 1702 1700
f 1700 1702 1701
f 1698 1697 1694
f 1698 1694 1702
f 348 265 1703
f 348 1703 346
f 347 1704 348
f 348 1704 266
f 348 266 265
f 265 267 1703
f 267 264 346
f 267 346 1703
f 343 265 1704
f 1704 265 266
f 341 343 1704
f 263 341 1705
f 263 1705 347
f 341 1704 1705
f 1705 1704 347
f 786 791 790
f 795 1012 796
f 1013 796 1012
f 797 796 1013
f 809 1706 1324
f 1707 1706 809
f 797 1324 1706
f 809 1324 1275
f 792 791 809
f 792 809 810
f 1707 809 791
f 786 1708 791
f 1707 791 1708
f 808 788 786
f 808 786 790
f 808 790 792
f 789 788 1262
f 788 807 1262
f 1709 1710 1711
f 1709 1711 1712
f 1710 1713 1714
f 1710 1714 1711
f 1712 1711 1715
f 1713 1716 1717
f 1713 1717 1714
f 1716 660 1718
f 1716 1718 1717
f 1717 1718 1719
f 648 651 1720
f 648 1720 1721
f 651 654 1722
f 651 1722 1720
f 1720 1722 1721
f 654 1724 1725
f 654 1725 1722
f 1724 1709 1712
f 1724 1712 1725
f 1725 1712 1715
f 655 657 1726
f 657 648 1721
f 657 1721 1726
f 1726 1721 1723
f 1726 1723 1727
f 647 1728 1726
f 647 1726 1729
f 1728 655 1726
f 1726 1727 1730
f 1729 1726 1730
f 1729 1730 828
f 660 663 1731
f 660 1731 1718
f 663 641 1732
f 663 1732 1731
f 1731 1732 1733
f 1731 1733 1734
f 1718 1731 1734
f 1718 1734 1719
f 641 643 1735
f 641 1735 1732
f 643 647 1729
f 643 1729 1735
f 1735 1729 828
f 1735 828 1736
f 1732 1735 1736
f 1732 1736 1733
f 674 1737 1738
f 674 1738 1739
f 1737 1740 1741
f 1737 1741 1738
f 1739 1738 1742
f 1740 1743 1744
f 1740 1744 1741
f 1743 665 1745
f 1743 1745 1744
f 1744 1745 1715
f 675 676 1746
f 675 1746 1747
f 676 680 1748
f 676 1748 1746
f 1746 1748 1749
f 1747 1746 1749
f 1750 1751 1752
f 1750 1752 1753
f 1751 675 1747
f 1751 1747 1752
f 1752 1747 1749
f 1752 1749 1754
f 1753 1752 1754
f 1753 1754 1723
f 669 1755 1721
f 669 1721 1756
f 1755 1750 1753
f 1755 1753 1721
f 1721 1753 1723
f 1756 1721 1722
f 665 667 1757
f 665 1757 1745
f 667 669 1756
f 667 1756 1757
f 1757 1756 1722
f 1757 1722 1725
f 1745 1757 1725
f 1745 1725 1715
f 680 1758 1759
f 680 1759 1748
f 1758 670 1760
f 1758 1760 1759
f 1759 1760 1748
f 670 671 1761
f 670 1761 1760
f 671 674 1739
f 671 1739 1761
f 1761 1739 1742
f 1762 1763 1764
f 1762 1764 1765
f 1763 685 1766
f 1763 1766 1764
f 1765 1764 1767
f 685 686 1766
f 686 690 1768
f 686 1768 1766
f 1766 1768 1742
f 696 1769 1770
f 1769 681 1771
f 1769 1771 1770
f 1770 1771 1772
f 1770 1772 1773
f 691 693 1770
f 691 1770 1774
f 693 696 1770
f 1774 1770 1773
f 1774 1773 1749
f 698 1775 1748
f 698 1748 1776
f 1775 691 1774
f 1775 1774 1748
f 1748 1774 1749
f 1776 1748 1760
f 690 697 1777
f 690 1777 1768
f 697 698 1776
f 697 1776 1777
f 1777 1776 1760
f 1777 1760 1761
f 1768 1777 1761
f 1768 1761 1742
f 684 1778 1779
f 684 1779 1780
f 1778 1762 1765
f 1778 1765 1779
f 1779 1765 1767
f 681 683 1781
f 681 1781 1771
f 683 684 1780
f 683 1780 1781
f 1771 1781 1772
f 621 619 1782
f 621 1782 1783
f 619 618 1784
f 619 1784 1782
f 1783 1782 1785
f 618 1786 1784
f 1786 1787 1788
f 1786 1788 1784
f 1784 1788 1789
f 629 627 1764
f 629 1764 1790
f 627 626 1791
f 627 1791 1764
f 1764 1791 1767
f 1790 1764 1766
f 632 1792 1766
f 632 1766 1793
f 1792 629 1790
f 1792 1790 1766
f 1793 1766 1742
f 635 633 1794
f 635 1794 1795
f 633 632 1793
f 633 1793 1794
f 1794 1793 1742
f 1787 1796 1797
f 1787 1797 1788
f 1796 635 1795
f 1796 1795 1797
f 1788 1797 1789
f 638 1798 1799
f 638 1799 1800
f 1798 621 1783
f 1798 1783 1799
f 1799 1783 1785
f 1799 1785 1801
f 1800 1799 1801
f 626 639 1802
f 626 1802 1791
f 639 638 1800
f 639 1800 1802
f 1802 1800 1803
f 1791 1802 1803
f 1791 1803 1767
f 613 1804 1805
f 1804 602 1806
f 1804 1806 1805
f 602 600 1807
f 602 1807 1806
f 600 599 1807
f 605 1809 1810
f 605 1810 1741
f 1809 1811 1812
f 1809 1812 1810
f 1810 1812 1742
f 1810 1742 1738
f 1741 1810 1738
f 607 606 1744
f 607 1744 1813
f 606 605 1741
f 606 1741 1744
f 1813 1744 1715
f 611 1814 1813
f 611 1813 1815
f 1814 607 1813
f 599 612 1816
f 599 1816 1807
f 612 611 1815
f 612 1815 1816
f 1807 1816 1808
f 1811 1817 1818
f 1811 1818 1812
f 1817 616 1795
f 1817 1795 1818
f 1818 1795 1794
f 1812 1818 1794
f 1812 1794 1742
f 616 614 1819
f 616 1819 1795
f 614 613 1805
f 614 1805 1819
f 1819 1805 1789
f 1819 1789 1797
f 1795 1819 1797
f 577 586 1820
f 577 1820 1821
f 586 585 1822
f 586 1822 1820
f 1820 1822 1823
f 1821 1820 1808
f 585 1824 1825
f 585 1825 1822
f 1824 1826 1827
f 1824 1827 1825
f 1825 1827 1828
f 1822 1825 1823
f 595 592 1711
f 595 1711 1714
f 592 591 1829
f 592 1829 1711
f 1711 1829 1715
f 569 1830 1831
f 569 1831 1832
f 1830 595 1714
f 1830 1714 1831
f 1831 1714 1717
f 1832 1831 1717
f 1832 1717 1719
f 1826 1833 1834
f 1826 1834 1827
f 1833 573 1835
f 1833 1835 1834
f 1834 1835 1836
f 1827 1834 1836
f 1827 1836 1828
f 573 570 1837
f 573 1837 1835
f 570 569 1832
f 570 1832 1837
f 1837 1832 1719
f 1837 1719 1836
f 1835 1837 1836
f 591 1838 1839
f 591 1839 1829
f 1838 581 1840
f 1838 1840 1839
f 1839 1840 1815
f 1839 1815 1813
f 1829 1839 1813
f 1829 1813 1715
f 581 578 1841
f 581 1841 1840
f 578 577 1821
f 578 1821 1841
f 1841 1821 1808
f 1841 1808 1816
f 1840 1841 1816
f 1840 1816 1815
f 545 552 1842
f 545 1842 1843
f 552 551 1842
f 1843 1842 1844
f 551 1845 1842
f 1845 1846 1847
f 1845 1847 1842
f 1842 1847 1848
f 559 557 1782
f 559 1782 1784
f 557 556 1849
f 557 1849 1782
f 1782 1849 1785
f 563 1850 1851
f 563 1851 1852
f 1850 559 1784
f 1850 1784 1851
f 1852 1851 1784
f 1852 1784 1789
f 566 564 1853
f 566 1853 1854
f 564 563 1852
f 564 1852 1853
f 1853 1852 1789
f 1846 1855 1856
f 1846 1856 1847
f 1855 566 1854
f 1855 1854 1856
f 1847 1856 1848
f 548 546 1857
f 548 1857 1858
f 546 545 1843
f 546 1843 1857
f 1857 1843 1844
f 1857 1844 1859
f 1858 1857 1859
f 556 1860 1861
f 556 1861 1849
f 1860 548 1858
f 1860 1858 1861
f 1861 1858 1862
f 1849 1861 1862
f 1849 1862 1785
f 1863 1864 1865
f 1863 1865 1866
f 1864 539 1867
f 1864 1867 1865
f 1866 1865 1848
f 539 538 1868
f 539 1868 1867
f 538 537 1868
f 1868 537 1869
f 542 1870 1805
f 542 1805 1806
f 1870 536 1871
f 1870 1871 1805
f 1805 1871 1789
f 530 543 1872
f 530 1872 1873
f 543 542 1806
f 543 1806 1872
f 1872 1806 1807
f 1873 1872 1807
f 1873 1807 1808
f 532 531 1873
f 532 1873 1874
f 531 530 1873
f 537 1875 1876
f 1875 532 1874
f 1875 1874 1876
f 537 1876 1869
f 536 535 1877
f 536 1877 1871
f 535 534 1854
f 535 1854 1877
f 1877 1854 1853
f 1871 1877 1853
f 1871 1853 1789
f 534 1878 1856
f 534 1856 1854
f 1878 1863 1866
f 1878 1866 1856
f 1856 1866 1848
f 1879 1880 1881
f 1879 1881 1882
f 1880 1883 1884
f 1880 1884 1881
f 1882 1881 1869
f 1883 1885 1886
f 1883 1886 1884
f 1885 521 1887
f 1885 1887 1886
f 1886 1887 798
f 515 516 1820
f 515 1820 1823
f 516 520 1888
f 516 1888 1820
f 1820 1888 1808
f 1889 1890 1891
f 1889 1891 1892
f 1890 515 1823
f 1890 1823 1891
f 1891 1823 1825
f 1892 1891 1825
f 1892 1825 1828
f 521 523 1893
f 521 1893 1887
f 523 526 1894
f 523 1894 1893
f 1893 1894 1895
f 1887 1893 798
f 526 1896 1897
f 526 1897 1894
f 1896 1889 1892
f 1896 1892 1897
f 1897 1892 1828
f 1897 1828 1895
f 1894 1897 1895
f 520 527 1898
f 520 1898 1888
f 527 529 1874
f 527 1874 1898
f 1898 1874 1873
f 1888 1898 1873
f 1888 1873 1808
f 529 1899 1900
f 529 1900 1874
f 1899 1879 1882
f 1899 1882 1900
f 1900 1882 1869
f 1900 1869 1876
f 1874 1900 1876
f 459 457 1901
f 459 1901 1902
f 457 456 1901
f 1902 1901 1903
f 456 1904 1901
f 1904 1905 1906
f 1904 1906 1901
f 1901 1906 1907
f 468 467 1842
f 467 465 1908
f 467 1908 1842
f 1842 1908 1844
f 451 1909 1842
f 451 1842 1910
f 1909 468 1842
f 1910 1842 1848
f 1905 1911 1912
f 1905 1912 1906
f 1911 454 1913
f 1911 1913 1912
f 1906 1912 1907
f 454 452 1914
f 454 1914 1913
f 452 451 1910
f 452 1910 1914
f 1914 1910 1848
f 465 464 1915
f 465 1915 1908
f 464 463 1916
f 464 1916 1915
f 1908 1915 1844
f 463 1917 1918
f 463 1918 1916
f 1917 459 1902
f 1917 1902 1918
f 1918 1902 1903
f 501 500 1919
f 500 499 1920
f 500 1920 1919
f 499 1921 1922
f 499 1922 1920
f 1921 1923 1922
f 506 505 1925
f 506 1925 1867
f 505 504 1925
f 1925 1848 1865
f 1867 1925 1865
f 511 1926 1868
f 511 1868 1927
f 1926 506 1867
f 1926 1867 1868
f 1927 1868 1869
f 510 509 1912
f 510 1912 1913
f 509 501 1919
f 509 1919 1912
f 1912 1919 1907
f 504 1928 1929
f 504 1929 1925
f 1928 510 1913
f 1928 1913 1929
f 1929 1913 1914
f 1925 1929 1914
f 1925 1914 1848
f 513 512 1930
f 513 1930 1931
f 512 511 1927
f 512 1927 1930
f 1930 1927 1869
f 1923 1932 1933
f 1923 1933 1922
f 1932 513 1931
f 1932 1931 1933
f 1922 1933 1924
f 998 1934 1881
f 998 1881 1884
f 1934 1935 1936
f 1934 1936 1881
f 1881 1936 1869
f 1001 999 1937
f 1001 1937 1938
f 999 998 1884
f 999 1884 1937
f 1937 1884 1886
f 1938 1937 1886
f 1938 1886 798
f 1935 1939 1940
f 1935 1940 1936
f 1939 1008 1941
f 1939 1941 1940
f 1940 1941 1931
f 1940 1931 1930
f 1936 1940 1930
f 1936 1930 1869
f 1008 1006 1933
f 1008 1933 1941
f 1006 1005 1942
f 1006 1942 1933
f 1933 1942 1924
f 1941 1933 1931
f 1943 1944 798
f 1943 798 1945
f 1944 1001 1938
f 1944 1938 798
f 1945 798 797
f 1005 1014 1946
f 1005 1946 1942
f 1014 937 1946
f 1942 1946 1924
f 937 934 1947
f 937 1947 1946
f 934 933 1948
f 934 1948 1947
f 1947 1948 1707
f 933 1949 1950
f 933 1950 1948
f 1949 1943 1945
f 1949 1945 1950
f 1950 1945 797
f 1950 797 1706
f 1948 1950 1706
f 1948 1706 1707
f 929 928 1951
f 928 927 1951
f 927 1952 1951
f 927 1953 1952
f 1953 1955 1956
f 1953 1956 1952
f 1955 803 1956
f 1952 1956 1957
f 1952 1957 1954
f 803 800 1956
f 800 799 1956
f 1956 909 1957
f 915 1958 1946
f 915 1946 1959
f 1958 929 1951
f 1958 1951 1946
f 1946 1951 1924
f 918 916 1959
f 918 1959 1960
f 916 915 1959
f 1959 1946 1947
f 1960 1959 1947
f 1960 1947 1707
f 799 1961 1962
f 799 1962 1956
f 1961 923 1962
f 1962 786 926
f 1956 1962 926
f 1956 926 909
f 923 922 1963
f 923 1963 1962
f 922 918 1960
f 922 1960 1963
f 1963 1960 1707
f 1963 1707 1708
f 1962 1963 1708
f 1962 1708 786
f 490 489 1919
f 490 1919 1920
f 1919 489 1907
f 1964 490 1920
f 1964 1920 1922
f 497 1964 1922
f 497 1922 1924
f 492 1967 1965
f 495 492 1968
f 492 1965 1968
f 1968 1965 1966
f 489 495 1968
f 1951 497 1924
f 492 497 1967
f 497 1951 1952
f 1967 497 1952
f 1967 1952 1954
f 473 471 1901
f 471 470 1969
f 471 1969 1901
f 1901 1969 1903
f 1970 1971 1972
f 1971 473 1901
f 1971 1901 1972
f 1972 1901 1907
f 480 477 1973
f 477 476 1973
f 476 1975 1973
f 1975 486 1976
f 1975 1976 1973
f 1973 1976 1966
f 470 1977 1969
f 1977 480 1969
f 480 1978 1969
f 480 1973 1978
f 1978 1973 1974
f 1978 1974 1969
f 486 485 1979
f 486 1979 1976
f 485 484 489
f 485 489 1979
f 1979 489 1968
f 1976 1979 1968
f 1976 1968 1966
f 484 1980 489
f 1980 1970 1972
f 1980 1972 489
f 489 1972 1907
f 1983 1984 1985
f 1983 1985 1986
f 1984 1987 1988
f 1984 1988 1985
f 1985 1988 1773
f 1986 1985 1773
f 1986 1773 1772
f 1987 1989 1990
f 1987 1990 1988
f 1989 1991 1992
f 1989 1992 1990
f 1990 1992 1749
f 1990 1749 1773
f 1988 1990 1773
f 1993 1994 1995
f 1994 1996 1997
f 1994 1997 1995
f 1995 1997 1998
f 1995 1998 1999
f 2000 2001 1995
f 2000 1995 2002
f 2001 1993 1995
f 2002 1995 1999
f 2002 1999 2003
f 2004 2005 2006
f 2005 2000 2002
f 2005 2002 2006
f 2006 2002 2003
f 2006 2003 2007
f 1991 2008 2009
f 1991 2009 1992
f 2008 2004 2006
f 2008 2006 2009
f 2009 2006 2007
f 1992 2009 1749
f 2010 2011 2012
f 2011 1983 1986
f 2011 1986 2012
f 2012 1986 1772
f 1996 2013 2012
f 1996 2012 1997
f 2013 2010 2012
f 1997 2012 2014
f 1997 2014 1998
f 2015 2016 2017
f 2015 2017 2018
f 2016 2019 2020
f 2016 2020 2017
f 2017 2020 1749
f 2018 2017 1749
f 2019 2021 1754
f 2019 1754 2020
f 2021 2022 2023
f 2021 2023 1754
f 1754 2023 1723
f 2020 1754 1749
f 2024 2026 2027
f 2024 2027 2025
f 2025 2027 2003
f 2025 2003 2028
f 2029 2024 2025
f 2029 2025 2030
f 2025 2028 2031
f 2030 2025 2031
f 2030 2031 2032
f 2033 2034 2035
f 2034 2029 2030
f 2034 2030 2035
f 2035 2030 2032
f 2035 2032 2036
f 2022 2037 2038
f 2022 2038 2023
f 2037 2033 2035
f 2037 2035 2038
f 2038 2035 2036
f 2023 2038 2036
f 2023 2036 1723
f 2026 2039 2040
f 2026 2040 2027
f 2039 2041 2040
f 2027 2040 2007
f 2027 2007 2003
f 2041 2042 2040
f 2042 2015 2018
f 2042 2018 2040
f 2040 2018 1749
f 2040 1749 2009
f 2040 2009 2007
f 2043 2044 2045
f 2043 2045 2046
f 2044 2047 2045
f 2046 2045 2048
f 2046 2048 828
f 2047 2049 2045
f 2049 2050 2051
f 2049 2051 2045
f 2045 2051 2052
f 706 2053 2054
f 706 2054 2055
f 2053 723 2036
f 2053 2036 2054
f 2055 2054 2036
f 2055 2036 2032
f 723 724 2056
f 723 2056 2036
f 724 707 2057
f 724 2057 2056
f 2056 2057 1723
f 2056 1723 2036
f 699 702 2058
f 699 2058 2059
f 702 706 2055
f 702 2055 2058
f 2058 2055 2032
f 2058 2032 2060
f 2059 2058 2060
f 2050 699 2061
f 2050 2061 2051
f 699 2059 2061
f 2061 2059 2060
f 2061 2060 2062
f 2051 2061 2062
f 2051 2062 2052
f 707 710 2063
f 707 2063 2057
f 710 713 1730
f 710 1730 2063
f 2063 1730 1727
f 2057 2063 1727
f 2057 1727 1723
f 713 2064 1730
f 2064 2043 2046
f 2064 2046 1730
f 1730 2046 828
f 1644 2065 2066
f 2065 2067 2068
f 2065 2068 2066
f 2066 2068 2069
f 1638 1641 2066
f 1638 2066 2070
f 1641 1644 2066
f 2070 2066 2071
f 2072 2073 2074
f 2072 2074 2075
f 2073 1645 2074
f 2075 2074 1999
f 2075 1999 1998
f 1645 2076 2074
f 1645 1632 2077
f 1645 2077 2076
f 2076 2077 2003
f 2076 2003 1999
f 2074 2076 1999
f 1632 1634 2078
f 1632 2078 2077
f 1634 1637 2078
f 2077 2078 2003
f 1637 2079 2070
f 1637 2070 2078
f 2079 1638 2070
f 2080 2081 2075
f 2081 2072 2075
f 2067 2082 2083
f 2067 2083 2068
f 2082 2080 2075
f 2082 2075 2083
f 2083 2075 2069
f 2068 2083 2069
f 2084 2085 2086
f 2084 2086 2087
f 2085 2088 2089
f 2085 2089 2086
f 2086 2089 2071
f 2086 2071 2090
f 2087 2086 2090
f 2091 2092 2093
f 2091 2093 2094
f 2092 2084 2087
f 2092 2087 2093
f 2093 2087 2090
f 2094 2093 2090
f 2094 2090 2095
f 1617 1620 2096
f 1617 2096 2097
f 1620 1623 2098
f 1620 2098 2096
f 2096 2098 2028
f 2097 2096 2028
f 2097 2028 2003
f 1623 2099 2100
f 1623 2100 2098
f 2099 1624 2101
f 2099 2101 2100
f 2100 2101 2032
f 2100 2032 2031
f 2098 2100 2031
f 2098 2031 2028
f 1624 1626 2102
f 1624 2102 2101
f 1626 1629 2102
f 2101 2102 2032
f 1629 2103 2102
f 2103 2091 2094
f 2103 2094 2102
f 2102 2094 2095
f 2102 2095 2104
f 1630 1631 2097
f 1631 1617 2097
f 2097 2003 2078
f 2088 2105 2078
f 2088 2078 2089
f 2105 1630 2097
f 2105 2097 2078
f 2089 2078 2070
f 2089 2070 2071
f 289 288 2106
f 288 287 2106
f 2106 2066 2069
f 287 2107 2106
f 2107 2108 2109
f 2107 2109 2106
f 2106 2109 2071
f 2106 2071 2066
f 295 293 2110
f 293 292 2110
f 2110 2111 2112
f 2108 2113 2109
f 2113 295 2110
f 2113 2110 2109
f 2109 2110 2112
f 2109 2112 2071
f 279 2114 2106
f 279 2106 2115
f 2114 289 2106
f 2115 2106 2069
f 281 280 2115
f 281 2115 2116
f 280 279 2115
f 2115 2069 2117
f 2116 2115 2117
f 292 2118 2119
f 292 2119 2110
f 2118 284 2119
f 2110 2119 2111
f 284 283 2119
f 283 281 2116
f 283 2116 2119
f 2119 2116 2117
f 1981 726 728
f 446 450 449
f 2134 2135 2136
f 354 438 439
f 439 438 2139
f 439 2139 2140
f 355 439 2140
f 440 355 2140
f 440 2140 2141
f 2142 2144 2145
f 2143 2142 2145
f 441 440 2141
f 442 441 2141
f 2146 729 730
f 2146 730 2147
f 2147 730 2148
f 443 442 2141
f 444 443 2149
f 2150 2151 2152
f 2141 2140 2124
f 2141 2124 2123
f 2156 2157 2158
f 443 2141 2123
f 2161 2162 2126
f 2163 2161 2125
f 2161 2126 2125
f 2162 2149 2164
f 2162 2164 2165
f 2126 2162 2165
f 2140 2139 2167
f 2140 2167 2131
f 2124 2140 2131
f 2149 443 2170
f 443 2123 2170
f 2170 2123 2124
f 2149 2170 2164
f 2171 2172 2173
f 733 732 2174
f 733 2174 1973
f 1973 2174 1974
f 2142 733 2175
f 733 1973 2175
f 2175 1973 1966
f 2144 2142 2175
f 732 731 2174
f 2174 731 2176
f 2174 2176 2177
f 2174 2177 1974
f 729 2146 2178
f 2146 2180 2181
f 2146 2181 2178
f 2178 2181 2182
f 2180 2144 2175
f 2180 2175 2181
f 731 729 2183
f 729 2178 2183
f 2183 2178 2179
f 731 2183 2176
f 2137 726 2184
f 2137 2184 1965
f 1965 2184 1966
f 2137 1965 2185
f 2185 1965 1967
f 2185 1967 1954
f 2184 726 2175
f 2184 2175 1966
f 2186 2137 2185
f 726 1981 2181
f 1981 2187 2181
f 2181 2187 2182
f 726 2181 2175
f 1981 2186 2187
f 2187 2186 2189
f 2187 2189 2188
f 2190 742 2191
f 738 737 2193
f 2193 2186 2185
f 2193 2185 1954
f 740 2194 2195
f 2194 738 2193
f 2194 2193 2195
f 2195 2193 1954
f 2195 1954 1957
f 742 741 2195
f 742 2195 2191
f 741 740 2195
f 2191 2195 1957
f 2191 1957 909
f 2134 2196 2197
f 2196 2198 2197
f 2135 2134 2197
f 2197 2199 2188
f 2198 2190 2191
f 2198 2191 2197
f 2197 2191 2192
f 2197 2192 2163
f 737 2135 2189
f 737 2189 2193
f 2135 2197 2189
f 2189 2197 2188
f 2193 2189 2186
f 2201 2155 2200
f 2128 2179 2178
f 2129 2128 2202
f 2202 2128 2178
f 2202 2178 2182
f 2121 2120 2128
f 2128 2203 2179
f 2155 2129 2200
f 2200 2129 2204
f 2120 2201 2128
f 2201 2713 2203
f 2128 2201 2203
f 2157 2156 2187
f 2187 2156 2182
f 2160 2157 2187
f 2160 2187 2188
f 2156 2168 2202
f 2156 2202 2182
f 2168 2204 2202
f 2168 2132 2204
f 2204 2132 2200
f 2202 2204 2129
f 2205 2153 2206
f 2153 2127 2206
f 2150 2172 2207
f 2207 2197 2163
f 2172 2171 2199
f 2172 2199 2207
f 2207 2199 2197
f 2151 2150 2207
f 2207 2163 2125
f 2171 2160 2199
f 2171 2208 2160
f 2199 2160 2188
f 2153 2207 2127
f 2153 2151 2207
f 2127 2207 2125
f 2208 2205 2206
f 2206 2699 2132
f 2208 2206 2132
f 2208 2132 2160
f 1295 1287 1304
f 1295 1304 1296
f 1304 899 901
f 1296 1304 901
f 1296 901 903
f 913 912 2209
f 913 2209 1206
f 896 1303 2209
f 896 2209 912
f 1200 1206 2209
f 1200 2209 1303
f 154 1665 1676
f 2215 327 2214
f 168 1660 1654
f 1660 2222 1654
f 1654 2222 2223
f 1654 2223 338
f 2095 2224 1675
f 338 2223 339
f 340 339 2223
f 1674 171 173
f 1674 173 1676
f 2095 2225 1665
f 1674 1676 1665
f 1674 1665 2225
f 1660 2229 1673
f 2229 1660 168
f 2229 168 172
f 1673 2229 172
f 1673 172 171
f 2223 2222 2230
f 2223 2230 2231
f 2222 1660 1659
f 2222 1659 2230
f 2230 1659 1658
f 2230 1658 2232
f 2231 2230 2232
f 2231 2232 2233
f 1660 1675 1657
f 1675 2224 1657
f 1657 2224 2234
f 1657 2234 1655
f 2095 1675 2225
f 1675 1673 2225
f 1674 2225 1673
f 340 2223 2231
f 290 282 2235
f 290 2235 2236
f 290 2236 291
f 282 280 2237
f 282 2237 2235
f 280 281 286
f 280 286 2237
f 2237 286 285
f 2237 285 2236
f 2235 2237 2236
f 2236 285 296
f 2236 296 2238
f 291 2236 2239
f 2236 2238 2239
f 2239 2238 296
f 291 2239 296
f 295 2113 296
f 2113 2108 2240
f 2113 2240 296
f 2108 2107 2240
f 2107 287 291
f 2240 2107 291
f 2240 291 296
f 284 2118 296
f 2118 292 294
f 2118 294 296
f 284 296 285
f 289 2114 290
f 2114 279 282
f 2114 282 290
f 2072 2241 2073
f 2241 2242 2243
f 2241 2243 2073
f 2073 2243 1647
f 2073 1647 1645
f 1644 2244 2065
f 1644 2245 2244
f 2244 2245 2246
f 2065 2244 2246
f 2065 2246 2067
f 1637 1636 2079
f 2079 1642 1639
f 2079 1639 1638
f 2088 2247 2105
f 2247 2248 2249
f 2247 2249 2105
f 2105 2249 1630
f 1629 1628 2103
f 2103 2250 2251
f 2103 2251 2091
f 1623 2252 2099
f 1623 2253 2252
f 2252 2253 1627
f 2252 1627 1625
f 2099 2252 1625
f 2099 1625 1624
f 2091 2251 2254
f 2091 2254 2092
f 2251 2250 2255
f 2251 2255 2254
f 2254 2255 2256
f 2254 2256 2084
f 2092 2254 2084
f 2257 2258 2259
f 2257 2259 2260
f 2258 2261 2262
f 2258 2262 2259
f 2259 2262 2095
f 2259 2095 1665
f 2260 2259 1665
f 2263 2264 2260
f 2263 2260 2265
f 2264 2257 2260
f 2265 2260 1665
f 2265 1665 1666
f 1606 1607 2266
f 1606 2266 2267
f 1607 1609 2268
f 1607 2268 2266
f 2266 2268 2060
f 2267 2266 2060
f 2267 2060 2032
f 1609 2269 2270
f 1609 2270 2268
f 2269 1610 2271
f 2269 2271 2270
f 2270 2271 2052
f 2270 2052 2062
f 2268 2270 2062
f 2268 2062 2060
f 1610 1612 2272
f 1610 2272 2271
f 1612 1615 2272
f 2271 2272 2052
f 1615 2273 2272
f 2273 2263 2265
f 2273 2265 2272
f 2272 2265 1666
f 1616 2267 2102
f 1616 1606 2267
f 2267 2032 2102
f 2261 2274 2104
f 2261 2104 2262
f 2274 1616 2102
f 2274 2102 2104
f 2262 2104 2095
f 2275 2276 1668
f 2275 1668 2277
f 2276 1600 2278
f 2276 2278 1668
f 1668 2278 1666
f 2277 1668 1667
f 1599 2279 2280
f 1599 2280 2281
f 2279 2275 2277
f 2279 2277 2280
f 2280 2277 1667
f 2281 2280 1667
f 2281 1667 2282
f 1604 1605 2283
f 1604 2283 2284
f 1605 1592 2283
f 2283 2285 2286
f 2284 2283 2286
f 2284 2286 2052
f 1592 1593 2283
f 1593 1595 2287
f 1593 2287 2283
f 2283 2287 411
f 2283 411 2285
f 1595 2288 2289
f 1595 2289 2287
f 2288 1596 2289
f 1596 1597 2289
f 1597 1599 2281
f 1597 2281 2289
f 2289 2281 2282
f 1603 2290 2284
f 2290 1604 2284
f 2284 2052 2272
f 1600 1601 2272
f 1600 2272 2278
f 1601 1603 2284
f 1601 2284 2272
f 2278 2272 1666
f 2047 2291 2049
f 2047 2292 2291
f 2291 2293 2294
f 2049 2291 2294
f 2049 2294 2050
f 2261 2295 2274
f 2295 2296 2297
f 2295 2297 2274
f 2274 2297 1616
f 1615 1614 2273
f 2273 2298 2263
f 1609 1608 2269
f 2269 1613 1611
f 2269 1611 1610
f 2299 2300 2301
f 2299 2301 2302
f 2300 1608 1607
f 2300 1607 2301
f 2301 1607 1606
f 2301 1606 1616
f 2302 2301 1616
f 2258 2296 2295
f 2258 2295 2261
f 1599 1598 2279
f 1598 1649 2279
f 2279 1649 1653
f 2279 1653 2275
f 2298 2273 2303
f 2298 2303 2304
f 2273 1614 2305
f 2273 2305 2303
f 2303 2305 2299
f 2303 2299 2306
f 2304 2303 2306
f 2304 2306 2257
f 1603 1602 2290
f 1595 1594 2288
f 1594 2307 2288
f 2288 2307 1596
f 1740 2308 1743
f 1740 2309 2308
f 2308 668 666
f 1743 2308 666
f 1743 666 665
f 1775 694 692
f 1775 692 691
f 1769 682 681
f 1762 2310 2311
f 1762 2311 1763
f 2310 2312 2313
f 2310 2313 2311
f 2311 2313 687
f 2311 687 685
f 1763 2311 685
f 623 2314 2315
f 623 2315 624
f 2314 640 2316
f 2314 2316 2315
f 2315 2316 2317
f 2315 2317 2318
f 624 2315 2318
f 624 2318 625
f 640 639 2319
f 640 2319 2316
f 639 628 631
f 639 631 2319
f 2319 631 630
f 2319 630 2320
f 2316 2319 2320
f 2316 2320 2317
f 2317 2320 2321
f 2317 2321 2322
f 2320 630 2323
f 2320 2323 2321
f 2321 2323 637
f 2321 637 636
f 2322 2321 636
f 2322 636 635
f 625 2318 2324
f 625 2324 2325
f 2318 2317 2322
f 2318 2322 2324
f 2324 2322 635
f 2324 635 2326
f 2325 2324 2326
f 2325 2326 2327
f 621 1798 622
f 1798 638 640
f 1798 640 2314
f 622 1798 2314
f 622 2314 623
f 635 1796 2326
f 1796 1787 2327
f 1796 2327 2326
f 629 1792 2323
f 1792 632 634
f 1792 634 2323
f 2323 634 637
f 629 2323 630
f 1787 1786 2328
f 1787 2328 2327
f 1786 618 2328
f 2328 618 625
f 2328 625 2325
f 2327 2328 2325
f 550 549 2329
f 550 2329 554
f 549 548 2330
f 549 2330 2329
f 2329 2330 2331
f 2329 2331 2332
f 554 2329 2332
f 554 2332 555
f 548 2333 2334
f 548 2334 2330
f 2333 562 561
f 2333 561 2334
f 2334 561 560
f 2334 560 2335
f 2330 2334 2335
f 2330 2335 2331
f 2331 2335 2336
f 2331 2336 2337
f 2335 560 2338
f 2335 2338 2336
f 2336 2338 568
f 2336 568 567
f 2337 2336 567
f 2337 567 566
f 555 2332 2339
f 555 2339 2340
f 2332 2331 2337
f 2332 2337 2339
f 2339 2337 566
f 2339 566 2341
f 2340 2339 2341
f 2340 2341 2342
f 566 1855 2341
f 1855 1846 2343
f 1855 2343 2341
f 2341 2343 2342
f 559 1850 2338
f 1850 563 565
f 1850 565 2338
f 2338 565 568
f 559 2338 560
f 1846 1845 2344
f 1846 2344 2343
f 1845 551 2344
f 2344 551 555
f 2344 555 2340
f 2343 2344 2340
f 2343 2340 2342
f 548 1860 2333
f 1860 556 558
f 1860 558 2333
f 2333 558 562
f 461 2345 2346
f 461 2346 458
f 2345 463 2347
f 2345 2347 2346
f 2346 2347 2348
f 2346 2348 2349
f 458 2346 2349
f 458 2349 462
f 463 464 2350
f 463 2350 2347
f 464 466 469
f 464 469 2350
f 2350 469 468
f 2350 468 2351
f 2347 2350 2351
f 2347 2351 2348
f 2348 2351 2352
f 2348 2352 2353
f 2351 468 2354
f 2351 2354 2352
f 2352 2354 453
f 2352 453 455
f 2353 2352 455
f 2353 455 454
f 462 2349 2355
f 462 2355 2356
f 2349 2348 2353
f 2349 2353 2355
f 2355 2353 454
f 2355 454 2357
f 2356 2355 2357
f 2356 2357 2358
f 468 1909 2354
f 1909 451 453
f 1909 453 2354
f 459 1917 460
f 1917 463 2345
f 460 1917 2345
f 460 2345 461
f 1905 1904 2359
f 1904 456 462
f 1904 462 2356
f 2359 1904 2356
f 2359 2356 2358
f 454 1911 2357
f 1911 1905 2359
f 1911 2359 2357
f 2357 2359 2358
f 2360 484 2361
f 2360 2361 2362
f 2360 2362 474
f 484 488 2363
f 484 2363 2361
f 2363 488 483
f 2363 483 2362
f 2361 2363 2362
f 2362 483 482
f 2362 482 2364
f 2364 482 480
f 474 2362 2365
f 474 2365 475
f 2362 2364 2365
f 2365 2364 480
f 2365 480 2366
f 475 2365 2366
f 475 2366 472
f 1970 1980 2367
f 1980 484 2360
f 2367 1980 2360
f 480 1977 2366
f 1977 470 472
f 1977 472 2366
f 486 1975 2368
f 486 2368 487
f 1975 476 479
f 1975 479 2368
f 2368 479 483
f 2368 483 488
f 487 2368 488
f 473 1971 2369
f 1971 1970 2367
f 1971 2367 2369
f 2369 2367 2360
f 473 2369 2360
f 473 2360 474
f 2370 736 2145
f 2370 730 735
f 2370 735 736
f 730 2370 2148
f 2370 2145 2371
f 2370 2371 2148
f 2180 2146 2372
f 2146 2147 2372
f 2372 2147 2148
f 2372 2148 2371
f 2372 2371 2145
f 733 2143 734
f 733 2142 2143
f 2143 2145 736
f 734 2143 736
f 731 732 735
f 731 735 730
f 2144 2180 2372
f 2144 2372 2145
f 2373 2154 2155
f 2122 2373 2155
f 2121 2130 2373
f 2121 2373 2120
f 2120 2373 2122
f 2130 2128 2373
f 2128 2129 2154
f 2128 2154 2373
f 2129 2155 2154
f 2201 2120 2122
f 2201 2122 2155
f 2121 2128 2130
f 2374 2375 2376
f 2374 2376 2377
f 2375 2378 2379
f 2375 2379 2376
f 2376 2379 2380
f 2376 2380 2381
f 2377 2376 2381
f 2377 2381 2382
f 2374 2377 2383
f 2374 2383 2384
f 2377 2382 2385
f 2377 2385 2383
f 2383 2385 2386
f 2383 2386 2387
f 2384 2383 2387
f 2384 2387 2388
f 1750 2389 2390
f 1750 2390 1751
f 2389 2391 2392
f 2389 2392 2390
f 2390 2392 677
f 2390 677 675
f 1751 2390 675
f 680 679 1758
f 679 678 2393
f 679 2393 1758
f 1758 2393 670
f 1755 2391 2389
f 1755 2389 1750
f 615 617 2394
f 615 2394 2395
f 617 616 2396
f 617 2396 2394
f 2394 2396 2397
f 2394 2397 2398
f 2395 2394 2398
f 2395 2398 603
f 616 2399 2400
f 616 2400 2396
f 2399 2401 2400
f 2400 2401 610
f 2400 610 2402
f 2396 2400 2402
f 2396 2402 2397
f 2397 2402 2403
f 2397 2403 2404
f 2402 610 606
f 2402 606 2403
f 2403 606 609
f 2404 2403 609
f 2404 609 611
f 603 2398 2405
f 603 2405 604
f 2398 2397 2404
f 2398 2404 2405
f 2405 2404 611
f 2405 611 612
f 604 2405 612
f 604 612 601
f 616 1817 2399
f 1817 1811 2399
f 607 1814 608
f 1814 611 609
f 608 1814 609
f 1811 1809 2399
f 1809 605 610
f 1809 610 2401
f 2399 1809 2401
f 602 1804 2395
f 1804 613 615
f 1804 615 2395
f 602 2395 603
f 2406 534 2408
f 2406 2408 2407
f 2407 2408 2409
f 2407 2409 2410
f 2406 2407 2410
f 2406 2410 540
f 534 535 2411
f 534 2411 2408
f 535 536 2412
f 535 2412 2411
f 2411 2412 544
f 2411 544 2413
f 2408 2411 2413
f 2408 2413 2409
f 2409 2413 2414
f 2409 2414 2415
f 2413 544 543
f 2413 543 2414
f 2414 543 530
f 2414 530 533
f 2415 2414 533
f 2415 533 532
f 540 2410 2416
f 540 2416 541
f 2410 2409 2415
f 2410 2415 2416
f 2416 2415 532
f 2416 532 2417
f 541 2416 2417
f 541 2417 537
f 1870 542 544
f 1870 544 2412
f 536 1870 2412
f 539 1864 2406
f 1864 1863 2406
f 539 2406 540
f 1863 1878 2406
f 1878 534 2406
f 532 1875 2417
f 1875 537 2417
f 502 510 2418
f 502 2418 2419
f 502 2419 503
f 510 2420 2421
f 510 2421 2418
f 2420 504 508
f 2420 508 2421
f 2421 508 507
f 2421 507 2419
f 2418 2421 2419
f 2419 507 2423
f 2419 2423 2422
f 2422 2423 511
f 2422 511 514
f 2422 514 513
f 503 2419 2424
f 503 2424 2425
f 2419 2422 2424
f 2424 2422 513
f 2424 513 2426
f 2425 2424 2426
f 513 1932 2426
f 1932 1923 2427
f 1932 2427 2426
f 510 1928 2420
f 1928 504 2420
f 506 1926 2423
f 1926 511 2423
f 506 2423 507
f 1923 1921 2427
f 1921 499 503
f 1921 503 2425
f 2427 1921 2425
f 2427 2425 2426
f 497 2428 498
f 2428 494 498
f 498 494 493
f 498 493 496
f 491 498 496
f 491 496 489
f 497 492 2428
f 492 2429 2428
f 495 489 496
f 492 493 2429
f 2429 493 494
f 2429 494 2428
f 490 1964 498
f 1964 497 498
f 490 498 491
f 727 2138 2430
f 727 2430 728
f 2138 2137 2431
f 2431 2137 2432
f 728 2430 1981
f 2430 2138 1982
f 2430 1982 1981
f 2431 2432 1982
f 2138 2431 1982
f 726 2137 727
f 2137 2138 727
f 2186 1981 2433
f 2186 2433 2432
f 2433 1981 1982
f 2433 1982 2432
f 2137 2186 2432
f 2434 2159 2133
f 2156 2158 2168
f 2158 2160 2434
f 2160 2159 2434
f 2168 2158 2133
f 2158 2434 2133
f 2168 2133 2169
f 2160 2132 2159
f 2159 2132 2133
f 2157 2160 2158
f 2132 2168 2169
f 2132 2169 2133
f 706 705 2435
f 706 2435 2053
f 705 704 2436
f 705 2436 2435
f 2435 2436 725
f 2435 725 723
f 2053 2435 723
f 713 2437 2064
f 713 2438 2437
f 2437 2438 2439
f 2437 2439 2440
f 2064 2437 2440
f 2064 2440 2043
f 2050 2294 2441
f 2050 2441 699
f 2294 2293 2441
f 2441 2293 703
f 2441 703 700
f 699 2441 700
f 647 646 2442
f 647 2442 1728
f 646 645 2443
f 646 2443 2442
f 2442 2443 658
f 2442 658 655
f 1728 2442 655
f 654 2444 1724
f 654 2445 2444
f 2444 2445 2446
f 2444 2446 2447
f 1724 2444 2447
f 1724 2447 1709
f 1713 2448 2449
f 1713 2449 1716
f 2448 2450 2451
f 2448 2451 2449
f 2449 2451 664
f 2449 664 661
f 1716 2449 661
f 1716 661 660
f 584 583 2452
f 584 2452 589
f 583 582 2453
f 583 2453 2452
f 2452 2453 2454
f 2452 2454 2455
f 589 2452 2455
f 589 2455 590
f 582 2456 2457
f 582 2457 2453
f 2456 598 597
f 2456 597 2457
f 2457 597 596
f 2457 596 2458
f 2453 2457 2458
f 2453 2458 2454
f 2454 2458 2459
f 2454 2459 2460
f 2458 596 2461
f 2458 2461 2459
f 2459 2461 576
f 2459 576 575
f 2460 2459 575
f 2460 575 574
f 590 2455 2462
f 590 2462 2463
f 2455 2454 2460
f 2455 2460 2462
f 2462 2460 574
f 2462 574 2464
f 2463 2462 2464
f 2463 2464 2465
f 595 1830 2466
f 1830 569 572
f 1830 572 2466
f 2466 572 576
f 2466 576 2461
f 595 2466 2461
f 595 2461 596
f 1826 1824 2467
f 1826 2467 2468
f 1824 585 588
f 1824 588 2467
f 2467 588 590
f 2467 590 2463
f 2468 2467 2463
f 2468 2463 2465
f 581 1838 2456
f 1838 591 594
f 1838 594 2456
f 2456 594 598
f 581 2456 582
f 573 1833 2469
f 1833 1826 2468
f 1833 2468 2469
f 2469 2468 2465
f 2469 2465 2464
f 573 2469 2464
f 573 2464 574
f 529 528 1899
f 1899 2470 2471
f 1899 2471 1879
f 1896 2472 2473
f 1896 2473 1889
f 1889 2473 1890
f 2473 2472 2474
f 2473 2474 1890
f 1890 2474 517
f 1890 517 515
f 1883 2475 1885
f 1883 2476 2477
f 1883 2477 2475
f 2475 2477 524
f 2475 524 522
f 1885 2475 522
f 1885 522 521
f 2478 2479 2480
f 2478 2480 2481
f 2479 2482 2483
f 2479 2483 2480
f 2480 2483 1004
f 2480 1004 1000
f 2481 2480 1000
f 2481 1000 1003
f 2484 2485 2486
f 2484 2486 2487
f 2485 1004 2483
f 2485 2483 2486
f 2486 2483 2482
f 2486 2482 2488
f 2487 2486 2488
f 2487 2488 1009
f 2478 2489 2490
f 2478 2490 2479
f 2489 940 939
f 2489 939 2490
f 2490 939 938
f 2490 938 2491
f 2479 2490 2491
f 2479 2491 2482
f 1011 1010 2492
f 1011 2492 1016
f 1010 1009 2488
f 1010 2488 2492
f 2492 2488 2482
f 2492 2482 2491
f 1016 2492 2491
f 1016 2491 938
f 1001 1944 1002
f 1944 1943 2478
f 1944 2478 2481
f 1002 1944 2481
f 1002 2481 1003
f 1008 1939 2487
f 1939 1935 2493
f 1939 2493 2487
f 2487 2493 2484
f 1008 2487 1009
f 1935 1934 2493
f 1934 998 1004
f 1934 1004 2485
f 2493 1934 2485
f 2493 2485 2484
f 1943 1949 2489
f 1949 933 936
f 1949 936 2489
f 2489 936 940
f 1943 2489 2478
f 924 2494 925
f 2494 921 920
f 925 2494 920
f 931 2494 928
f 931 921 2494
f 928 2494 932
f 2494 924 806
f 2494 806 805
f 2495 932 2494
f 2495 2494 805
f 1953 927 2496
f 1953 2496 2497
f 2496 927 932
f 2497 2496 932
f 2497 932 2495
f 1961 799 802
f 1961 802 806
f 923 1961 806
f 923 806 924
f 929 1958 2498
f 929 2498 930
f 1958 915 2498
f 2498 915 921
f 2498 921 931
f 930 2498 931
f 803 1955 2499
f 803 2499 804
f 1955 1953 2497
f 1955 2497 2499
f 2499 2497 2495
f 804 2499 2495
f 804 2495 805
f 742 2500 741
f 741 2500 743
f 743 2500 2501
f 743 2501 739
f 2501 737 739
f 2500 742 2502
f 2500 2502 2136
f 737 2501 2135
f 2501 2500 2136
f 2501 2136 2135
f 2190 2198 2503
f 2190 2503 2502
f 2190 2502 742
f 2198 2196 2504
f 2198 2504 2503
f 2196 2134 2504
f 2504 2134 2136
f 2503 2504 2136
f 2503 2136 2502
f 738 2194 2505
f 738 2505 739
f 2194 740 2505
f 2505 740 743
f 2505 743 739
f 2173 2150 2152
f 2173 2152 2151
f 2506 2173 2507
f 2507 2173 2166
f 2506 2507 2166
f 2173 2151 2153
f 2173 2153 2166
f 2172 2150 2173
f 2153 2205 2166
f 2166 2205 2506
f 2205 2208 2506
f 2208 2171 2506
f 2506 2171 2173
f 759 757 2508
f 759 2508 2509
f 757 756 2510
f 757 2510 2508
f 2509 2508 2511
f 756 2512 2513
f 756 2513 2510
f 2512 2514 2515
f 2512 2515 2513
f 2513 2515 836
f 768 765 2516
f 765 764 2517
f 765 2517 2516
f 2516 2517 1828
f 2516 1828 1836
f 772 2518 2519
f 772 2519 2520
f 2518 768 2516
f 2518 2516 2519
f 2519 2516 1836
f 2520 2519 1836
f 2520 1836 1719
f 776 773 2521
f 773 772 2520
f 773 2520 2521
f 2521 2520 1719
f 2514 2522 2523
f 2514 2523 2515
f 2522 776 2521
f 2522 2521 2523
f 2515 2523 836
f 764 782 2524
f 764 2524 2517
f 782 781 2525
f 782 2525 2524
f 2524 2525 2526
f 2517 2524 2526
f 2517 2526 1828
f 781 2527 2528
f 781 2528 2525
f 2527 759 2509
f 2527 2509 2528
f 2528 2509 2511
f 2528 2511 2526
f 2525 2528 2526
f 947 2529 1893
f 947 1893 2530
f 2529 962 2531
f 2529 2531 1893
f 1893 2531 798
f 2530 1893 1895
f 950 948 2532
f 950 2532 2533
f 948 947 2530
f 948 2530 2532
f 2532 2530 1895
f 2533 2532 1895
f 2533 1895 1828
f 953 2534 2535
f 953 2535 2536
f 2534 950 2533
f 2534 2533 2535
f 2535 2533 1828
f 2535 1828 2526
f 2536 2535 2526
f 941 954 2537
f 941 2537 2538
f 954 953 2536
f 954 2536 2537
f 2537 2536 2526
f 2538 2537 2526
f 2538 2526 2511
f 959 2539 2540
f 959 2540 2541
f 2539 2542 2543
f 2539 2543 2540
f 2540 2543 793
f 2540 793 794
f 2541 2540 794
f 962 960 2544
f 962 2544 2531
f 960 959 2541
f 960 2541 2544
f 2544 2541 794
f 2544 794 795
f 2531 2544 795
f 2531 795 798
f 944 942 2545
f 942 941 2538
f 942 2538 2545
f 2545 2538 2511
f 2542 2546 2547
f 2542 2547 2543
f 2546 944 2545
f 2546 2545 2547
f 2543 2547 793
f 2548 2549 2550
f 2548 2550 2551
f 2549 763 2552
f 2549 2552 2550
f 2550 2552 2553
f 2550 2553 2554
f 2551 2550 2554
f 2551 2554 778
f 763 762 2555
f 763 2555 2552
f 762 761 2556
f 762 2556 2555
f 2555 2556 785
f 2555 785 2557
f 2552 2555 2557
f 2552 2557 2553
f 2553 2557 2558
f 2553 2558 2559
f 2557 785 771
f 2557 771 2558
f 2558 771 770
f 2559 2558 770
f 2559 770 769
f 778 2554 2560
f 778 2560 779
f 2554 2553 2559
f 2554 2559 2560
f 2560 2559 769
f 2560 769 2561
f 779 2560 2561
f 779 2561 780
f 759 2527 2562
f 759 2562 760
f 2527 781 784
f 2527 784 2562
f 2562 784 785
f 2562 785 2556
f 760 2562 2556
f 760 2556 761
f 776 2522 2563
f 776 2563 777
f 2522 2514 2564
f 2522 2564 2563
f 2563 2564 2548
f 2563 2548 2551
f 777 2563 2551
f 777 2551 778
f 768 2518 2565
f 2518 772 775
f 2518 775 2565
f 2565 775 780
f 2565 780 2561
f 768 2565 2561
f 768 2561 769
f 2514 2512 2566
f 2514 2566 2564
f 2512 756 2566
f 2566 756 763
f 2566 763 2549
f 2564 2566 2549
f 2564 2549 2548
f 964 2567 2568
f 964 2568 965
f 2567 947 2569
f 2567 2569 2568
f 2568 2569 2570
f 2568 2570 2571
f 965 2568 2571
f 965 2571 966
f 947 949 2572
f 947 2572 2569
f 949 952 2573
f 949 2573 2572
f 2572 2573 958
f 2572 958 2574
f 2569 2572 2574
f 2569 2574 2570
f 2570 2574 2575
f 2570 2575 2576
f 2574 958 957
f 2574 957 2575
f 2575 957 946
f 2575 946 945
f 2576 2575 945
f 2576 945 944
f 966 2571 2577
f 966 2577 2578
f 2571 2570 2576
f 2571 2576 2577
f 2577 2576 944
f 2577 944 2579
f 2578 2577 2579
f 2578 2579 2580
f 2542 2539 2581
f 2542 2581 2582
f 2539 959 2581
f 2581 959 966
f 2581 966 2578
f 2582 2581 2578
f 2582 2578 2580
f 950 2534 2583
f 950 2583 951
f 2534 953 956
f 2534 956 2583
f 2583 956 958
f 2583 958 2573
f 951 2583 2573
f 951 2573 952
f 962 2529 963
f 2529 947 2567
f 963 2529 2567
f 963 2567 964
f 944 2546 2579
f 2546 2542 2582
f 2546 2582 2579
f 2579 2582 2580
f 319 315 2584
f 319 2584 2585
f 315 318 2586
f 315 2586 2584
f 2584 2586 2090
f 2585 2584 2090
f 2585 2090 2071
f 318 2587 2588
f 318 2588 2586
f 2587 2589 2590
f 2587 2590 2588
f 2588 2590 2095
f 2588 2095 2090
f 2586 2588 2090
f 2591 2592 2593
f 2591 2593 2594
f 2592 2595 2596
f 2592 2596 2593
f 2593 2596 2112
f 2594 2593 2112
f 2594 2112 2111
f 2595 2597 2598
f 2595 2598 2596
f 2597 319 2585
f 2597 2585 2598
f 2598 2585 2071
f 2598 2071 2112
f 2596 2598 2112
f 1664 2599 2600
f 1664 2600 2601
f 2599 2591 2594
f 2599 2594 2600
f 2600 2594 2111
f 2601 2600 2111
f 2602 2603 2604
f 2602 2604 2224
f 2603 1661 2605
f 2603 2605 2604
f 2604 2605 1655
f 2604 1655 2234
f 2224 2604 2234
f 1661 1662 2606
f 1661 2606 2605
f 1662 1664 2601
f 1662 2601 2606
f 2606 2601 2111
f 2605 2606 1655
f 2589 2607 2608
f 2589 2608 2590
f 2607 2602 2224
f 2607 2224 2608
f 2590 2608 2224
f 2590 2224 2095
f 2226 2611 2119
f 2226 2228 2611
f 2611 2111 2119
f 2610 2226 2612
f 2610 2612 2609
f 2226 2119 2612
f 2609 2612 2119
f 2609 2119 2117
f 2210 2212 2613
f 2212 2609 2117
f 2212 2117 2614
f 2228 2210 2611
f 2220 2615 2616
f 2220 2616 1658
f 2220 1658 1656
f 2220 1656 1655
f 327 2215 2210
f 327 2210 2613
f 327 2613 2617
f 2215 2214 2611
f 2215 2611 2210
f 2611 2214 2111
f 2616 2233 2232
f 2616 2232 1658
f 2220 2606 2214
f 2606 2220 1655
f 2214 2606 2111
f 2615 327 2617
f 2616 2615 2617
f 2616 2617 2233
f 2217 2620 2618
f 2218 2219 2619
f 2218 2619 2613
f 2216 2218 2212
f 2218 2613 2212
f 2620 2216 2212
f 2620 2212 2614
f 2620 2614 2618
f 2219 2217 262
f 2219 262 2619
f 2622 340 2231
f 2622 2231 2621
f 2621 2231 2233
f 2621 2233 2617
f 2217 2623 2624
f 262 2217 2624
f 262 2624 263
f 2621 2619 262
f 341 263 2624
f 341 2624 342
f 342 2624 2623
f 2621 2617 2619
f 2617 2613 2619
f 2623 2625 342
f 2625 2626 342
f 342 2626 344
f 2623 2217 2625
f 2217 2618 2626
f 2625 2217 2626
f 1613 2269 2627
f 1613 2627 1612
f 2269 1608 2300
f 2269 2300 2627
f 2627 2300 2299
f 2627 2299 2305
f 1612 2627 2305
f 1612 2305 1614
f 1653 1652 2628
f 1653 2628 2629
f 1652 1651 2630
f 1652 2630 2628
f 2628 2630 1602
f 2628 1602 1601
f 2629 2628 1601
f 2629 1601 1600
f 1596 2307 2631
f 1596 2631 1650
f 2307 1594 1593
f 2307 1593 2631
f 2631 1593 1592
f 2631 1592 2632
f 1650 2631 2632
f 1650 2632 1651
f 2595 2633 2634
f 2595 2634 2597
f 2633 2635 2636
f 2633 2636 2634
f 2634 2636 314
f 2597 2634 314
f 2597 314 319
f 1664 1663 2599
f 1663 2637 2599
f 2599 2637 2638
f 2599 2638 2591
f 2589 2639 2607
f 2607 2639 2640
f 2607 2640 2602
f 2641 2642 2221
f 2641 2221 2220
f 2214 327 2641
f 327 2643 2641
f 2641 2643 2642
f 2641 2220 2214
f 2615 2220 2221
f 2615 2221 2642
f 327 2615 2643
f 2615 2642 2643
f 2226 2227 2211
f 2226 2211 2228
f 2228 2211 2210
f 2210 2211 2213
f 2210 2213 2212
f 2226 2610 2227
f 2212 2213 2644
f 2212 2644 2609
f 2621 262 269
f 2621 269 2622
f 2622 269 259
f 2622 259 340
f 2216 2645 2218
f 2645 2217 2218
f 2219 2218 2217
f 2620 2217 2645
f 2216 2620 2645
f 2646 2647 2648
f 2646 2648 2649
f 2647 870 2650
f 2647 2650 2648
f 2649 2648 2511
f 870 873 2651
f 870 2651 2650
f 873 877 2651
f 880 2508 2510
f 880 2646 2649
f 880 2649 2508
f 2508 2649 2511
f 878 880 2652
f 880 2510 2652
f 2652 2510 2513
f 2652 2513 836
f 877 2653 869
f 877 869 866
f 2653 884 890
f 2653 890 869
f 869 890 867
f 877 866 2651
f 2651 866 857
f 889 2654 2652
f 889 2652 890
f 2654 878 2652
f 2652 836 892
f 890 2652 892
f 884 887 890
f 887 889 890
f 2655 2656 2648
f 2655 2648 2650
f 2656 967 2657
f 2656 2657 2648
f 2648 2657 2511
f 2658 2659 2660
f 2658 2660 2661
f 2659 2655 2650
f 2659 2650 2660
f 2660 2650 2651
f 2661 2660 2651
f 2661 2651 857
f 984 2662 2663
f 984 2663 2664
f 2662 973 2665
f 2662 2665 2663
f 2663 2665 990
f 2663 990 1323
f 2664 2663 1323
f 2664 1323 1321
f 978 981 2666
f 978 2666 2667
f 981 984 2664
f 981 2664 2666
f 2666 2664 1321
f 2666 1321 1320
f 2667 2666 1320
f 2667 1320 793
f 967 969 2668
f 967 2668 2657
f 969 972 2668
f 2657 2668 2545
f 2657 2545 2511
f 972 2669 2547
f 972 2547 2668
f 2669 978 2667
f 2669 2667 2547
f 2547 2667 793
f 2668 2547 2545
f 973 975 2670
f 973 2670 2665
f 975 977 2670
f 2670 986 991
f 2665 2670 991
f 2665 991 990
f 977 2671 2670
f 2671 2658 2661
f 2671 2661 2670
f 2670 2661 857
f 2670 857 986
f 2658 2672 2659
f 2672 2673 2674
f 2672 2674 2659
f 2659 2674 2675
f 2659 2675 2655
f 889 2676 2654
f 889 881 2676
f 2676 881 879
f 2654 2676 879
f 2654 879 878
f 877 876 2677
f 877 2677 2653
f 876 883 2677
f 2677 883 888
f 2677 888 885
f 2653 2677 885
f 2653 885 884
f 880 879 2678
f 879 882 2678
f 2678 882 2679
f 880 2678 2679
f 880 2679 2646
f 2662 976 974
f 2662 974 973
f 432 431 2680
f 432 2680 2681
f 431 430 2682
f 431 2682 2680
f 977 2683 2671
f 2683 977 2673
f 2683 2673 2672
f 2671 2683 2672
f 2671 2672 2658
f 2669 982 979
f 2669 979 978
f 2698 2684 2686
f 2691 2689 2692
f 2693 2691 2694
f 2694 2691 2692
f 2697 2698 2686
f 2125 2126 2698
f 2125 2698 2697
f 2127 2125 2697
f 2131 2167 2696
f 2131 2696 2695
f 2124 2131 2690
f 2131 2695 2690
f 2700 2703 2704
f 2124 2690 2688
f 2164 2170 2688
f 2164 2688 2685
f 2170 2124 2688
f 2710 2707 2711
f 2126 2165 2698
f 2698 2165 2684
f 2165 2164 2685
f 2165 2685 2684
f 22 21 2695
f 22 2695 2696
f 2690 2695 21
f 5 2690 21
f 5 2688 2690
f 2685 2688 4
f 2685 4 2684
f 15 2697 2686
f 89 2699 2697
f 89 2687 2699
f 84 2689 2687
f 84 2692 2689
f 82 2694 2692
f 4 2688 5
f 2686 2684 7
f 4 7 2684
f 15 2686 7
f 15 87 2697
f 89 2697 87
f 89 94 2687
f 84 2687 94
f 84 83 2692
f 82 2692 83
f 2712 2703 2200
f 2703 2201 2200
f 2201 2703 2713
f 2705 2712 2200
f 2700 2691 2703
f 2703 2691 2693
f 2703 2693 2713
f 2689 2705 2200
f 2700 2705 2689
f 2700 2689 2691
f 2707 2710 2132
f 2707 2132 2699
f 2710 2200 2132
f 2710 2709 2200
f 2708 2707 2699
f 2709 2687 2689
f 2709 2689 2200
f 2709 2708 2687
f 2687 2708 2699
f 2697 2699 2206
f 2697 2206 2127
f 2703 2702 2704
f 2704 2702 2701
f 2704 2701 2700
f 2702 2706 2705
f 2702 2705 2701
f 2712 2705 2706
f 2712 2706 2702
f 2703 2712 2702
f 2700 2701 2705
f 2709 2714 2715
f 2714 2711 2715
f 2715 2711 2709
f 2711 2707 2708
f 2711 2708 2709
f 2710 2711 2714
f 2709 2710 2714
f 432 2681 2716
f 432 2716 2717
f 2681 2718 2716
f 2716 2718 817
f 2716 817 826
f 2717 2716 826
f 2717 826 828
f 2681 2719 2720
f 2681 2720 2718
f 2718 2720 404
f 2718 404 813
f 2718 813 817
f 423 424 2721
f 423 2721 2722
f 424 426 2723
f 424 2723 2721
f 2721 2723 2052
f 2721 2052 2286
f 2722 2721 2286
f 2722 2286 2285
f 437 423 2724
f 437 2724 2725
f 423 2722 2724
f 2724 2722 2285
f 2725 2724 2285
f 2725 2285 411
f 427 428 2726
f 427 2726 2045
f 428 432 2717
f 428 2717 2726
f 2726 2717 828
f 2726 828 2048
f 2045 2726 2048
f 426 2727 2723
f 2727 427 2045
f 2727 2045 2723
f 2723 2045 2052
f 433 434 2725
f 434 437 2725
f 2725 411 410
f 2725 410 405
f 2719 2728 2725
f 2719 2725 2720
f 2728 433 2725
f 2720 2725 405
f 2720 405 404
f 751 749 2729
f 751 2729 2730
f 749 750 2731
f 749 2731 2729
f 2729 2731 420
f 2730 2729 420
f 2730 420 419
f 2719 2732 2728
f 2728 2732 435
f 2728 435 433
f 426 425 2727
f 425 2733 2727
f 2727 2733 429
f 2727 429 427
f 437 436 423
f 436 2734 423
f 2736 909 908
f 447 2735 2737
f 2735 2736 2737
f 2737 2736 908
f 2737 908 907
f 2737 907 445
f 446 447 2737
f 2737 445 444
f 446 2737 444
f 2735 2192 2736
f 2736 2192 2191
f 2736 2191 909
f 448 449 2162
f 448 2162 2161
f 449 450 2162
f 2162 450 2149
f 2738 448 2161
f 450 446 444
f 450 444 2149
f 2735 2738 2161
f 2735 2161 2192
f 2192 2161 2163
f 2735 2740 2738
f 2738 2740 448
f 2741 2739 2735
f 752 2742 2743
f 752 2743 2744
f 2742 744 2745
f 2742 2745 2743
f 2743 2745 829
f 2743 829 834
f 2744 2743 834
f 2744 834 836
f 744 745 2746
f 744 2746 2745
f 745 747 2747
f 745 2747 2746
f 2746 2747 828
f 2746 828 829
f 2745 2746 829
f 2748 2749 2750
f 2748 2750 2751
f 2749 748 2521
f 2749 2521 2750
f 2751 2750 2521
f 2751 2521 1719
f 748 749 2523
f 748 2523 2521
f 749 752 2744
f 749 2744 2523
f 2523 2744 836
f 755 2752 2753
f 755 2753 2754
f 2752 2748 2751
f 2752 2751 2753
f 2753 2751 1719
f 2753 1719 1734
f 2754 2753 1734
f 2754 1734 1733
f 747 754 2755
f 747 2755 2747
f 754 755 2754
f 754 2754 2755
f 2755 2754 1733
f 2755 1733 1736
f 2747 2755 1736
f 2747 1736 828
f 755 422 2752
f 422 2756 2752
f 2752 2756 2757
f 2752 2757 2748
f 2748 2757 2749
f 2757 2758 2749
f 2749 2758 750
f 2749 750 748
f 1588 2759 2760
f 1588 2760 2761
f 2759 2762 2760
f 2761 2760 313
f 1586 1587 2763
f 1586 2763 274
f 1587 1588 2761
f 1587 2761 2763
f 2763 2761 313
f 2763 313 312
f 274 2763 312
f 1585 2764 2765
f 2764 1589 412
f 2764 412 2765
f 2765 412 410
f 2765 410 411
f 1589 1590 413
f 1589 413 412
f 1590 1591 399
f 1590 399 413
f 1591 2766 1582
f 1591 1582 399
f 2766 1586 274
f 2766 274 1582
f 1583 1585 2765
f 1583 2765 2287
f 2287 2765 411
f 2762 1583 2760
f 1583 2287 2760
f 2760 2287 2289
f 2760 2289 2282
f 1591 1590 2766
f 1585 1583 2764
f 1583 2767 2764
f 2764 2767 1589
f 2762 1584 1583
f 714 2768 715
f 2768 2769 2770
f 2768 2770 715
f 715 2770 2771
f 715 2771 2772
f 715 2772 718
f 2263 2298 2264
f 2298 2304 2264
f 2264 2304 2257
f 2312 2773 2774
f 2312 2774 2313
f 2773 684 2775
f 2773 2775 2774
f 2774 2775 2776
f 2774 2776 2777
f 2313 2774 2777
f 2313 2777 687
f 684 683 2778
f 684 2778 2775
f 683 682 1769
f 683 1769 2778
f 2778 1769 696
f 2778 696 2779
f 2775 2778 2779
f 2775 2779 2776
f 2776 2779 2780
f 2776 2780 2781
f 2779 696 695
f 2779 695 2780
f 2780 695 694
f 2780 694 1775
f 2781 2780 1775
f 2781 1775 698
f 687 2777 2782
f 687 2782 686
f 2777 2776 2781
f 2777 2781 2782
f 2782 2781 698
f 2782 698 697
f 686 2782 697
f 686 697 688
f 684 2773 1778
f 2773 2312 2310
f 1778 2773 2310
f 1778 2310 1762
f 2470 1899 2783
f 2470 2783 2784
f 1899 528 2785
f 1899 2785 2783
f 2783 2785 2786
f 2783 2786 2787
f 2784 2783 2787
f 2784 2787 2476
f 528 527 2788
f 528 2788 2785
f 527 518 516
f 527 516 2788
f 2788 516 517
f 2788 517 2789
f 2785 2788 2789
f 2785 2789 2786
f 2786 2789 2790
f 2786 2790 2791
f 2789 517 2474
f 2789 2474 2790
f 2790 2474 2472
f 2790 2472 1896
f 2791 2790 1896
f 2791 1896 526
f 2476 2787 2792
f 2476 2792 2477
f 2787 2786 2791
f 2787 2791 2792
f 2792 2791 526
f 2792 526 525
f 2477 2792 525
f 2477 525 524
f 1879 2471 2793
f 1879 2793 1880
f 2471 2470 2784
f 2471 2784 2793
f 2793 2784 2476
f 2793 2476 1883
f 1880 2793 1883
f 56 48 90
f 69 68 2794
f 69 2794 2795
f 68 56 92
f 68 92 2794
f 2794 92 91
f 2794 91 2796
f 2795 2794 2796
f 2795 2796 2797
f 100 64 2798
f 100 2798 121
f 64 69 2795
f 64 2795 2798
f 2798 2795 2797
f 2798 2797 2799
f 121 2798 2799
f 121 2799 120
f 138 38 143
f 139 138 143
f 139 143 126
f 38 135 2800
f 38 2800 37
f 135 134 47
f 135 47 2800
f 37 2800 47
f 39 40 151
f 40 20 30
f 40 30 151
f 151 30 31
f 151 31 152
f 150 139 126
f 150 126 144
f 39 150 144
f 2802 2803 2804
f 2802 2804 2805
f 2801 2802 2805
f 2801 2805 2806
f 1449 2807 2808
f 2807 1477 2809
f 2807 2809 2810
f 2808 2807 2810
f 1574 1575 2801
f 1575 2811 2802
f 1575 2802 2801
f 2811 1453 2803
f 2811 2803 2802
f 1453 1456 2803
f 1448 2812 2807
f 1448 2807 1449
f 2812 1475 1477
f 2812 1477 2807
f 1484 2813 2814
f 2813 2815 2816
f 2814 2813 2816
f 2814 2816 2817
f 1483 1482 2818
f 1482 1484 2814
f 1482 2814 2817
f 2818 1482 2817
f 1453 2811 2815
f 2811 1575 2819
f 1450 1457 2820
f 1450 2820 1451
f 1457 1480 1483
f 1457 1483 2820
f 1575 1574 2821
f 1575 2821 2819
f 2821 1574 1452
f 1455 1454 2813
f 1455 2813 1484
f 1454 1453 2815
f 1454 2815 2813
f 1443 2822 2823
f 2822 1474 2824
f 2822 2824 2825
f 2823 2822 2825
f 2827 2828 2829
f 2827 2829 2830
f 2826 2827 2830
f 2826 2830 2831
f 1448 1479 2828
f 1479 1439 1442
f 1479 1442 1445
f 1479 1445 2832
f 2828 1479 2832
f 1473 1475 2826
f 1438 1436 2822
f 1438 2822 1443
f 1436 1437 1474
f 1436 1474 2822
f 1475 2812 2827
f 1475 2827 2826
f 2812 1448 2828
f 2812 2828 2827
f 2833 1130 2834
f 2833 2834 2835
f 1156 2833 2835
f 2837 2838 2839
f 2836 2837 2839
f 1139 1158 2838
f 1158 1152 1155
f 1128 2840 1129
f 2840 1137 2836
f 2840 2836 2841
f 1129 2840 2841
f 1149 1309 2833
f 1149 2833 1156
f 2833 1309 1130
f 1137 1140 2837
f 1137 2837 2836
f 1140 1139 2838
f 1140 2838 2837
f 1124 2842 2843
f 2842 1151 2844
f 2842 2844 2845
f 2843 2842 2845
f 2847 1125 2848
f 2846 2847 2848
f 1127 1126 2849
f 1127 2849 2850
f 1126 1123 2846
f 1126 2846 2849
f 1152 1159 1153
f 1159 1127 2850
f 1124 1149 1151
f 1124 1151 2842
f 1123 1121 2847
f 1123 2847 2846
f 1121 1122 1125
f 1121 1125 2847
f 2852 1134 2853
f 2852 2853 2854
f 2851 2852 2854
f 2856 2857 2858
f 2856 2858 2859
f 2855 2856 2859
f 1017 1311 2857
f 1311 1162 2851
f 1137 2840 1161
f 2840 1128 2855
f 2840 2855 2860
f 1161 2840 2860
f 1162 1141 2852
f 1162 2852 2851
f 1141 1131 1134
f 1141 1134 2852
f 1128 1310 2856
f 1128 2856 2855
f 1310 1017 2857
f 1310 2857 2856
f 2861 2862 2863
f 2861 2863 2864
f 2862 2806 2805
f 2862 2805 2863
f 2863 2805 2804
f 2864 2863 2804
f 2864 2804 2865
f 2809 2866 2867
f 2809 2867 2810
f 2866 2861 2864
f 2866 2864 2867
f 2867 2864 2865
f 2810 2867 2865
f 2810 2865 2808
f 1478 1574 2868
f 1574 2801 2868
f 2868 2801 2806
f 2868 2806 2862
f 1478 2868 2862
f 1478 2862 2861
f 1446 1447 2869
f 1446 2869 2870
f 1447 1449 2808
f 1447 2808 2869
f 2869 2808 2865
f 2870 2869 2865
f 2803 1456 2871
f 1456 1446 2870
f 1456 2870 2871
f 2871 2870 2865
f 2871 2865 2804
f 2803 2871 2804
f 1476 1478 2861
f 1476 2861 2866
f 1477 1476 2866
f 1477 2866 2809
f 2824 2872 2873
f 2824 2873 2825
f 2872 2874 2875
f 2872 2875 2873
f 2873 2875 2876
f 2873 2876 2877
f 2825 2873 2877
f 2825 2877 2823
f 2874 2878 2879
f 2874 2879 2875
f 2878 2831 2830
f 2878 2830 2879
f 2879 2830 2829
f 2879 2829 2880
f 2875 2879 2880
f 2875 2880 2876
f 1473 2881 2882
f 1473 2826 2881
f 2881 2826 2831
f 2881 2831 2878
f 2882 2881 2878
f 2882 2878 2874
f 2828 2832 2883
f 2832 1445 2884
f 2832 2884 2883
f 2883 2884 2876
f 2883 2876 2880
f 2828 2883 2880
f 2828 2880 2829
f 1445 1444 2885
f 1445 2885 2884
f 1444 1443 2823
f 1444 2823 2885
f 2885 2823 2877
f 2884 2885 2877
f 2884 2877 2876
f 1474 1473 2886
f 1473 2882 2886
f 2886 2882 2874
f 2886 2874 2872
f 1474 2886 2872
f 1474 2872 2824
f 2887 2888 2889
f 2887 2889 2816
f 2888 2890 2889
f 2889 2817 2816
f 2890 2891 2892
f 2890 2892 2889
f 2891 2893 2892
f 2892 2893 2818
f 2892 2818 2817
f 2889 2892 2817
f 2821 1452 2890
f 2821 2890 2888
f 2819 2821 2888
f 2819 2888 2887
f 2820 1483 2818
f 2820 2818 2893
f 1451 2820 2893
f 2811 2819 2887
f 2811 2887 2816
f 2815 2811 2816
f 1452 1574 2894
f 1574 1451 2894
f 2894 1451 2893
f 2894 2893 2891
f 1452 2894 2891
f 1452 2891 2890
f 2859 2858 2895
f 2859 2895 2896
f 2858 2897 2854
f 2858 2854 2895
f 2854 2853 2896
f 2895 2854 2896
f 1161 2860 2859
f 2860 2855 2859
f 2857 1311 2898
f 1311 2851 2898
f 2898 2851 2854
f 2898 2854 2897
f 2857 2898 2897
f 2857 2897 2858
f 1134 1133 2853
f 1133 1136 2896
f 2853 1133 2896
f 1136 1160 2896
f 1160 1161 2859
f 1160 2859 2896
f 2834 2836 2839
f 2835 2834 2839
f 1155 1157 2835
f 1157 1156 2835
f 1129 2841 2834
f 2841 2836 2834
f 1130 1309 2899
f 1309 1129 2834
f 1309 2834 2899
f 1130 2899 2834
f 2838 1158 2839
f 1158 1155 2835
f 1158 2835 2839
f 2848 2845 2900
f 2900 2901 2848
f 2845 2844 2900
f 2900 2844 2901
f 1153 1159 2844
f 1159 2850 2901
f 1159 2901 2844
f 2850 2849 2902
f 2850 2902 2901
f 2849 2846 2902
f 2902 2846 2848
f 2901 2902 2848
f 1125 1124 2903
f 1124 2843 2903
f 2903 2843 2845
f 2903 2845 2848
f 1125 2903 2848
f 1151 1154 2844
f 1154 1153 2844
f 2019 721 2021
f 2019 722 721
f 2021 721 720
f 2021 720 2022
f 2029 2904 2905
f 2029 2905 2024
f 2904 2771 2770
f 2904 2770 2905
f 2905 2770 2769
f 2905 2769 2024
f 2022 720 2037
f 720 719 2037
f 2037 719 718
f 2037 718 2033
f 2004 2008 2382
f 2008 1991 2386
f 2008 2386 2385
f 2382 2008 2385
f 2011 2010 2906
f 1983 2011 2906
f 1987 1984 2388
f 1996 1994 2907
f 1996 2907 2908
f 1994 1993 2907
f 2907 1993 2378
f 2907 2378 2909
f 2908 2907 2909
f 2908 2909 2910
f 2041 2911 2042
f 2042 2911 2912
f 2042 2912 2015
f 2374 2913 2375
f 2913 2010 2914
f 2913 2914 2910
f 2913 2910 2909
f 2375 2913 2909
f 2375 2909 2378
f 2374 2384 2915
f 2374 2915 2913
f 2384 2388 1984
f 2384 1984 2915
f 2915 1984 1983
f 2915 1983 2906
f 2913 2915 2906
f 2913 2906 2010
f 1993 2001 2916
f 2001 2000 2917
f 2001 2917 2916
f 2916 2917 2380
f 2916 2380 2379
f 1993 2916 2379
f 1993 2379 2378
f 1991 1989 2386
f 1989 1987 2388
f 1989 2388 2387
f 2386 1989 2387
f 2010 2013 2914
f 2013 1996 2908
f 2013 2908 2914
f 2914 2908 2910
f 2000 2005 2917
f 2005 2004 2382
f 2005 2382 2381
f 2917 2005 2381
f 2917 2381 2380
f 2026 2918 2039
f 2918 2919 2920
f 2918 2920 2039
f 2039 2920 2041
f 2033 718 2772
f 2033 2772 2034
f 2772 2771 2904
f 2034 2772 2904
f 2034 2904 2029
f 2024 2769 2922
f 2024 2922 2921
f 2921 2922 2919
f 2921 2919 2918
f 2024 2921 2918
f 2024 2918 2026
f 711 724 2923
f 711 2923 712
f 724 725 2924
f 724 2924 2923
f 2923 2924 2925
f 2923 2925 2926
f 712 2923 2926
f 712 2926 713
f 725 2436 2927
f 725 2927 2924
f 2436 704 2927
f 2927 704 703
f 2927 703 2928
f 2924 2927 2928
f 2924 2928 2925
f 2925 2928 2929
f 2925 2929 2930
f 2928 703 2293
f 2928 2293 2929
f 2929 2293 2291
f 2930 2929 2291
f 2930 2291 2292
f 713 2926 2931
f 713 2931 2438
f 2926 2925 2930
f 2926 2930 2931
f 2931 2930 2292
f 2931 2292 2932
f 2438 2931 2932
f 2438 2932 2439
f 2015 2912 2016
f 2912 2933 2016
f 2016 2933 722
f 2016 722 2019
f 714 2934 2935
f 714 2935 2768
f 2934 2041 2920
f 2934 2920 2935
f 2935 2920 2919
f 2935 2919 2922
f 2768 2935 2922
f 2768 2922 2769
f 714 717 2936
f 714 2936 2934
f 717 722 2933
f 717 2933 2936
f 2936 2933 2912
f 2936 2912 2911
f 2934 2936 2911
f 2934 2911 2041
f 2043 2440 2044
f 2440 2439 2932
f 2440 2932 2044
f 2044 2932 2292
f 2044 2292 2047
f 2446 2445 2937
f 2446 2937 2938
f 2445 654 2939
f 2445 2939 2937
f 2937 2939 2940
f 2937 2940 2941
f 2938 2937 2941
f 2938 2941 2450
f 654 653 2942
f 654 2942 2939
f 653 652 659
f 653 659 2942
f 2942 659 658
f 2942 658 2943
f 2939 2942 2943
f 2939 2943 2940
f 2940 2943 2944
f 2940 2944 2945
f 2943 658 2443
f 2943 2443 2944
f 2944 2443 645
f 2944 645 644
f 2945 2944 644
f 2450 2941 2946
f 2450 2946 2451
f 2941 2940 2945
f 2941 2945 2946
f 2946 2945 644
f 2451 2946 644
f 2451 644 664
f 1709 2447 2947
f 1709 2947 1710
f 2447 2446 2938
f 2447 2938 2947
f 2947 2938 2450
f 2947 2450 2448
f 1710 2947 2448
f 1710 2448 1713
f 1651 2632 2948
f 1651 2948 2630
f 2632 1592 1605
f 2632 1605 2948
f 2948 1605 1604
f 2948 1604 2290
f 2630 2948 2290
f 2630 2290 1602
f 2299 2302 2949
f 2299 2949 2306
f 2302 1616 2297
f 2302 2297 2949
f 2949 2297 2296
f 2949 2296 2258
f 2306 2949 2258
f 2306 2258 2257
f 2275 1653 2629
f 2275 2629 2276
f 2276 2629 1600
f 2602 2640 2603
f 2640 2950 2603
f 2603 2950 1661
f 2250 2103 2951
f 2250 2951 2255
f 2103 1628 2952
f 2103 2952 2951
f 2951 2952 2953
f 2951 2953 2954
f 2255 2951 2954
f 2255 2954 2256
f 1628 1626 2955
f 1628 2955 2952
f 1626 1627 2253
f 1626 2253 2955
f 2955 2253 1623
f 2955 1623 2956
f 2952 2955 2956
f 2952 2956 2953
f 2953 2956 2957
f 2953 2957 2958
f 2956 1623 1622
f 2956 1622 2957
f 2957 1622 1621
f 2957 1621 1631
f 2958 2957 1631
f 2958 1631 1630
f 2256 2954 2959
f 2256 2959 2248
f 2954 2953 2958
f 2954 2958 2959
f 2959 2958 1630
f 2959 1630 2249
f 2248 2959 2249
f 2084 2960 2085
f 2084 2256 2248
f 2084 2248 2960
f 2960 2248 2247
f 2085 2960 2247
f 2085 2247 2088
f 672 671 2961
f 672 2961 2962
f 671 670 2963
f 671 2963 2961
f 2961 2963 2964
f 2961 2964 2965
f 2962 2961 2965
f 2962 2965 2309
f 670 2393 2966
f 670 2966 2963
f 2393 678 676
f 2393 676 2966
f 2966 676 677
f 2966 677 2967
f 2963 2966 2967
f 2963 2967 2964
f 2964 2967 2968
f 2964 2968 2969
f 2967 677 2392
f 2967 2392 2968
f 2968 2392 2391
f 2968 2391 1755
f 2969 2968 1755
f 2969 1755 669
f 2309 2965 2970
f 2309 2970 2308
f 2965 2964 2969
f 2965 2969 2970
f 2970 2969 669
f 2970 669 667
f 2308 2970 667
f 2308 667 668
f 674 673 2971
f 674 2971 1737
f 673 672 2962
f 673 2962 2971
f 2971 2962 2309
f 2971 2309 1740
f 1737 2971 1740
f 2757 2756 2972
f 2757 2972 2758
f 2756 422 421
f 2756 421 2972
f 2972 421 420
f 2972 420 2731
f 2758 2972 2731
f 2758 2731 750
f 752 751 2730
f 752 2730 2742
f 2742 2730 419
f 2742 419 744
f 2680 2682 2681
f 875 874 2974
f 875 2974 2973
f 875 2973 883
f 874 2975 2976
f 874 2976 2974
f 2975 882 2976
f 2974 2976 2977
f 2976 882 881
f 2977 2976 881
f 2977 881 889
f 883 2973 2978
f 2973 2974 2977
f 2973 2977 2978
f 2978 2977 889
f 2978 889 888
f 883 2978 888
f 430 428 2979
f 430 2979 2682
f 428 429 2979
f 2682 2979 2980
f 429 2733 2981
f 429 2981 2979
f 2733 425 424
f 2733 424 2981
f 2981 424 423
f 2981 423 2980
f 2979 2981 2980
f 2980 423 2734
f 2980 2734 2982
f 2982 2734 436
f 2982 436 434
f 2982 434 435
f 2682 2980 2983
f 2682 2983 2681
f 2980 2982 2983
f 2983 2982 435
f 2983 435 2732
f 2681 2983 2732
f 2681 2732 2719
f 2646 2679 2984
f 2646 2984 2647
f 2679 882 2975
f 2679 2975 2984
f 2984 2975 874
f 2984 874 871
f 2647 2984 871
f 2647 871 870
f 970 2985 2986
f 970 2986 971
f 2985 2675 2987
f 2985 2987 2986
f 2986 2987 2988
f 971 2986 2988
f 971 2988 972
f 2675 2674 2989
f 2675 2989 2987
f 2674 2673 977
f 2674 977 2989
f 2989 977 976
f 2989 976 2662
f 2987 2989 2662
f 2987 2662 984
f 972 2988 2990
f 972 2990 2669
f 2988 2987 2990
f 2990 2987 984
f 2990 984 983
f 2669 2990 983
f 2669 983 982
f 2655 2675 2985
f 2655 2985 2656
f 2985 970 968
f 2656 2985 968
f 2656 968 967
f 1586 2766 2991
f 1586 2991 1587
f 2766 1590 2991
f 1587 2991 2992
f 1590 2993 2991
f 2993 1590 1589
f 2993 1589 2992
f 2991 2993 2992
f 2992 1589 2767
f 2992 2767 2994
f 2994 2767 1583
f 2994 1583 1584
f 1587 2992 2995
f 1587 2995 2996
f 2992 2994 2995
f 2995 2994 1584
f 2996 2995 1584
f 2996 1584 2762
f 1588 1587 2759
f 1587 2996 2759
f 2759 2996 2762
f 2067 2246 2082
f 2246 2245 2997
f 2246 2997 2082
f 2082 2997 2998
f 2082 2998 2080
f 1642 2079 2999
f 1642 2999 1643
f 2079 1636 3000
f 2079 3000 2999
f 2999 3000 3001
f 2999 3001 3002
f 1643 2999 3002
f 1643 3002 1644
f 1636 1634 3003
f 1636 3003 3000
f 1634 1635 1646
f 1634 1646 3003
f 3003 1646 1647
f 3003 1647 3004
f 3000 3003 3004
f 3000 3004 3001
f 3001 3004 3005
f 3004 1647 2243
f 3004 2243 3005
f 3005 2243 2242
f 3005 2242 3006
f 3005 3006 2998
f 1644 3002 3007
f 1644 3007 2245
f 3002 3001 3005
f 3002 3005 3007
f 3007 3005 2998
f 3007 2998 2997
f 2245 3007 2997
f 2080 2998 3006
f 2080 3006 2081
f 3006 2242 2241
f 2081 3006 2241
f 2081 2241 2072
f 2610 2644 3008
f 2610 3008 2227
f 2644 2213 3008
f 3008 2213 3009
f 3009 2213 2211
f 3009 2211 3008
f 3008 2211 2227
f 2609 2644 2610
f 3010 3011 3012
f 3010 3012 3013
f 3011 117 3014
f 3011 3014 3012
f 3012 3014 3015
f 3012 3015 3016
f 3013 3012 3016
f 3013 3016 3017
f 125 124 3018
f 125 3018 3019
f 124 119 118
f 124 118 3018
f 3018 118 117
f 3018 117 3011
f 3019 3018 3011
f 3019 3011 3010
f 133 3020 3021
f 133 3021 147
f 3020 3010 3013
f 3020 3013 3021
f 3021 3013 3017
f 3021 3017 3022
f 147 3021 3022
f 147 3022 148
f 131 3023 3024
f 131 3024 132
f 3023 125 3019
f 3023 3019 3024
f 3024 3019 3010
f 3024 3010 3020
f 132 3024 3020
f 132 3020 133
f 67 113 3025
f 67 3025 3015
f 113 54 3026
f 113 3026 3025
f 3025 3026 3017
f 3025 3017 3016
f 3015 3025 3016
f 54 53 3027
f 54 3027 3026
f 53 52 146
f 53 146 3027
f 3027 146 148
f 3027 148 3022
f 3026 3027 3022
f 3026 3022 3017
f 63 65 3028
f 63 3028 116
f 65 67 3015
f 65 3015 3028
f 3028 3015 3014
f 116 3028 3014
f 116 3014 117
f 34 33 130
f 33 32 125
f 33 125 3023
f 130 33 3023
f 130 3023 131
f 311 3029 3030
f 311 3030 3031
f 3029 3032 3033
f 3029 3033 3030
f 3030 3033 313
f 3030 313 2760
f 3031 3030 2760
f 3031 2760 2282
f 308 309 3034
f 308 3034 3035
f 309 311 3031
f 309 3031 3034
f 3034 3031 2282
f 3034 2282 1667
f 3035 3034 1667
f 324 321 3036
f 324 3036 301
f 321 323 297
f 321 297 3036
f 3036 297 298
f 301 3036 298
f 323 3037 3038
f 323 3038 297
f 3037 304 326
f 3037 326 3038
f 297 3038 326
f 3039 3040 303
f 3039 303 312
f 3040 324 301
f 3040 301 303
f 3032 3041 312
f 3032 312 3033
f 3041 3039 312
f 3033 312 313
f 304 305 3042
f 304 3042 326
f 305 307 1669
f 305 1669 3042
f 3042 1669 1672
f 326 3042 1672
f 307 3043 1668
f 307 1668 1669
f 3043 308 3035
f 3043 3035 1668
f 1668 3035 1667
f 310 330 3029
f 330 335 3029
f 3029 335 3032
f 310 3029 311
f 318 317 2587
f 317 316 3044
f 317 3044 2587
f 2587 3044 2589
f 307 306 3043
f 3032 335 3041
f 335 334 3041
f 3041 334 333
f 3041 333 3039
f 323 322 3037
f 322 3045 3037
f 3037 3045 304
f 306 305 3046
f 306 3046 3047
f 305 304 3045
f 305 3045 3046
f 3046 3045 322
f 3046 322 3048
f 3047 3046 3048
f 3047 3048 331
f 2591 2638 3049
f 2591 3049 2592
f 3049 2635 2633
f 2592 3049 2633
f 2592 2633 2595
f 316 315 3050
f 316 3050 3051
f 315 314 2636
f 315 2636 3050
f 3050 2636 2635
f 3050 2635 3052
f 3051 3050 3052
f 3051 3052 3053
f 2635 3049 3054
f 2635 3054 3052
f 3049 2638 2637
f 3049 2637 3054
f 3054 2637 1663
f 3054 1663 3055
f 3052 3054 3055
f 3052 3055 3053
f 1663 1662 3056
f 1663 3056 3055
f 1662 1661 2950
f 1662 2950 3056
f 3056 2950 2640
f 3056 2640 3057
f 3055 3056 3057
f 3055 3057 3053
f 3053 3057 3058
f 3053 3058 3051
f 3057 2640 2639
f 3057 2639 3058
f 3058 2639 2589
f 3058 2589 3044
f 3051 3058 3044
f 3051 3044 316
f 331 3048 3059
f 331 3059 332
f 3048 322 321
f 3048 321 3059
f 3059 321 320
f 3059 320 3060
f 332 3059 3060
f 332 3060 333
f 308 3043 3061
f 308 3061 309
f 3043 306 3047
f 3043 3047 3061
f 3061 3047 331
f 3061 331 328
f 309 3061 328
f 309 328 310
f 3039 333 3060
f 3039 3060 3040
f 3040 3060 320
f 3040 320 324
f 1496 3062 831
f 3062 1495 833
f 3062 833 832
f 831 3062 832
f 831 829 1496
f 823 1497 1496
f 823 1496 829
f 1511 1510 3063
f 3064 3065 1493
f 1494 1327 833
f 1495 1494 833
f 1511 3063 1494
f 1494 3063 1327
f 1498 1497 3066
f 1497 823 822
f 3066 1497 822
f 3066 822 821
f 3065 1508 1493
f 1508 1498 3066
f 1508 3066 821
f 1508 821 1501
f 1508 1501 1493
f 1538 1531 1401
f 1538 1401 1360
f 1532 1535 3067
f 1535 1538 3067
f 3067 1357 1356
f 3067 1356 1358
f 1538 1360 1359
f 1538 1359 3067
f 1357 3067 1359
f 1562 1358 1328
f 1562 1328 1327
f 1532 3067 1562
f 1562 3067 1358
f 3068 3069 3063
f 3069 1562 3063
f 3063 1562 1327
f 3068 3063 1510
f 3068 1510 3064
f 3070 3068 3064
f 3070 3064 1493
f 1531 1561 1401
f 1401 1561 1402
f 1531 3070 1561
f 1561 3070 1493
f 1561 1493 1563
f 3062 1496 1513
f 1495 3062 1513
f 1508 3065 1529
f 1511 1494 1506
f 3065 3064 1529
f 3064 1510 1506
f 3064 1506 1529
f 3070 3071 3068
f 3068 3071 3072
f 3068 3072 3073
f 3068 3073 3069
f 3072 1562 3073
f 3069 3073 1562
f 1536 3074 3075
f 1536 1533 1532
f 1536 1532 3074
f 3074 1532 1562
f 3075 3074 3076
f 3076 3074 1562
f 3076 1562 3072
f 1531 1536 3075
f 1531 3075 3077
f 1531 3077 3078
f 1531 3078 3070
f 3077 3075 3076
f 3077 3076 3078
f 3078 3076 3072
f 3078 3072 3071
f 3070 3078 3071
f 1538 1537 1531
f 1537 1536 1531
f 447 2739 2741
f 447 446 3079
f 3079 446 449
f 447 3079 449
f 447 449 448
f 2739 3080 2735
f 2739 447 3080
f 3080 447 448
f 3080 448 2740
f 2735 3080 2740
f 2735 447 2741
f 3081 3083 3082
f 3086 3087 3088
f 3086 3088 3084
f 3089 3090 3091
f 3089 3091 3081
f 3090 14 13
f 3090 13 3091
f 3084 3092 3086
f 3086 3092 3093
f 3086 3093 3085
f 3094 3095 3096
f 3095 3097 3098
f 3096 3095 3098
f 3096 3098 3099
f 13 22 3100
f 13 3100 3091
f 3091 3100 3083
f 3091 3083 3081
f 3101 3102 3103
f 3101 3103 3104
f 3102 3094 3096
f 3102 3096 3103
f 3103 3096 3099
f 3103 3099 3105
f 3104 3103 3105
f 3104 3105 3106
f 3097 3089 3098
f 3089 3107 3098
f 3098 3107 3087
f 3098 3087 3099
f 3099 3087 3086
f 3099 3086 3105
f 3105 3086 3085
f 3105 3085 3106
f 3109 3111 3110
f 3110 3111 3112
f 3110 3112 3113
f 3110 3113 3114
f 31 14 3090
f 31 3090 3108
f 3108 3090 3089
f 3108 3089 3097
f 3117 3115 3116
f 46 45 3120
f 46 3120 3119
f 44 3120 45
f 44 3121 3120
f 3111 3120 3121
f 3119 3120 3111
f 3122 3119 3123
f 3101 3124 3125
f 3101 3125 3102
f 3124 3126 3127
f 3124 3127 3125
f 3125 3127 3128
f 3125 3128 3129
f 3102 3125 3129
f 3102 3129 3094
f 3094 3129 3095
f 3129 3128 3118
f 3129 3118 3095
f 3095 3118 3097
f 3130 3122 3131
f 3122 3123 3132
f 3131 3122 3132
f 3131 3132 3133
f 3133 3134 3135
f 3133 3135 3131
f 3134 3136 3137
f 3134 3137 3135
f 3131 3135 3130
f 3136 3138 3139
f 3136 3139 3137
f 3138 3140 3141
f 3138 3141 3139
f 3137 3139 3141
f 3135 3137 3142
f 3130 3135 3142
f 3143 3144 3145
f 3143 3145 3146
f 70 3143 3146
f 70 3146 72
f 3148 3085 3149
f 3147 3148 3149
f 3147 3149 3150
f 3145 3151 3152
f 3145 3152 3146
f 3151 3153 3154
f 3151 3154 3152
f 3152 3154 82
f 3152 82 81
f 3146 3152 81
f 3146 81 72
f 3155 3147 3150
f 3155 3150 3156
f 3144 3155 3156
f 3144 3156 3145
f 3085 3093 3149
f 3093 5636 3149
f 3149 5636 3157
f 3149 3157 3150
f 90 3130 3158
f 90 3158 91
f 3150 3159 3156
f 3150 3157 3159
f 3159 3153 3151
f 3156 3159 3151
f 3156 3151 3145
f 95 3160 3161
f 95 3161 96
f 3160 3162 3163
f 3160 3163 3161
f 3161 3163 3164
f 3165 3166 3167
f 3165 3167 3168
f 3166 3101 3104
f 3166 3104 3167
f 3167 3104 3106
f 3167 3106 3169
f 3168 3167 3169
f 3168 3169 3170
f 3164 3144 3143
f 3164 3143 3161
f 3143 70 96
f 3161 3143 96
f 3162 3171 3172
f 3162 3172 3163
f 3171 3165 3168
f 3171 3168 3172
f 3172 3168 3170
f 3172 3170 3173
f 3163 3172 3173
f 3163 3173 3164
f 3106 3085 3148
f 3106 3148 3169
f 3169 3148 3147
f 3169 3147 3170
f 46 3119 90
f 3119 3122 90
f 3170 3147 3155
f 3170 3155 3173
f 3173 3155 3144
f 3173 3144 3164
f 3123 3111 3174
f 3123 3174 3132
f 3111 3109 3174
f 3174 3109 3175
f 3132 3174 3175
f 3132 3175 3133
f 3140 3176 3177
f 3140 3177 3178
f 3176 3126 3124
f 3176 3124 3177
f 3177 3124 3101
f 3177 3101 3166
f 3178 3177 3166
f 3178 3166 3165
f 3119 3111 3123
f 3133 3179 3180
f 3133 3180 3134
f 3179 3181 3182
f 3179 3182 3180
f 3180 3182 3183
f 3180 3183 3184
f 3134 3180 3184
f 3134 3184 3136
f 120 3185 3160
f 120 3160 95
f 3185 3186 3160
f 3160 3186 3162
f 3162 3187 3171
f 3162 3141 3187
f 3187 3141 3140
f 3187 3140 3178
f 3171 3187 3178
f 3171 3178 3165
f 3109 3188 3175
f 3109 3189 3190
f 3109 3190 3188
f 3188 3190 3181
f 3188 3181 3179
f 3175 3188 3179
f 3175 3179 3133
f 3191 3192 3193
f 3191 3193 3194
f 3192 3195 3196
f 3192 3196 3193
f 3193 3196 3197
f 3193 3197 3198
f 3194 3193 3198
f 3194 3198 3114
f 134 137 3199
f 134 3199 3116
f 137 141 3200
f 137 3200 3199
f 3199 3200 3201
f 3199 3201 3202
f 3116 3199 3202
f 3117 3203 3204
f 3203 3205 3191
f 3203 3191 3194
f 3204 3203 3194
f 3204 3194 3114
f 3206 3118 3128
f 3206 3128 3207
f 3205 3206 3207
f 3205 3207 3191
f 3128 3208 3209
f 3128 3209 3207
f 3208 3210 3211
f 3208 3211 3209
f 3209 3211 3195
f 3209 3195 3192
f 3207 3209 3192
f 3207 3192 3191
f 141 3212 3200
f 141 152 3213
f 141 3213 3212
f 3212 3213 3118
f 3212 3118 3214
f 3200 3212 3214
f 3200 3214 3201
f 3114 3113 3215
f 3114 3215 3204
f 3113 3112 3115
f 3113 3115 3215
f 3204 3215 3115
f 3204 3115 3117
f 3112 3111 47
f 3112 47 3115
f 3111 3121 47
f 47 3121 44
f 3087 3107 3216
f 3087 3216 3088
f 3107 3089 3081
f 3107 3081 3216
f 3216 3081 3082
f 3088 3216 3082
f 3088 3082 3084
f 3221 3220 3222
f 3221 3222 3223
f 3226 3227 3228
f 3244 3229 3219
f 3231 3244 3219
f 3230 3231 3219
f 3232 3230 3219
f 3245 3232 3224
f 3233 3245 3224
f 3233 3224 3234
f 3235 3233 3236
f 3236 3233 3234
f 3236 3234 3237
f 3236 3237 3238
f 3239 3235 3236
f 3239 3236 3240
f 3240 3236 3238
f 3239 3240 3227
f 3227 3240 3241
f 3227 3241 3228
f 3233 3235 3242
f 3246 3247 3248
f 3247 178 3248
f 3250 178 3247
f 3246 3250 3247
f 3251 3252 3253
f 3253 3252 3254
f 3252 3248 3249
f 3252 3249 3254
f 3251 3246 3248
f 3251 3248 3252
f 3255 3256 3257
f 3257 3256 3258
f 3258 3256 3251
f 3258 3251 3253
f 3256 3259 3251
f 3259 3246 3251
f 3256 3260 3259
f 3259 3260 3246
f 3260 3261 3250
f 3260 3250 3246
f 3261 191 178
f 3261 178 3250
f 3260 3262 3261
f 3262 192 191
f 3262 191 3261
f 3264 3266 3265
f 3267 3268 3266
f 3267 3266 3264
f 3263 3267 3264
f 3269 3270 203
f 3269 203 3271
f 3271 203 202
f 3270 3272 203
f 3272 3273 205
f 3272 205 204
f 203 3272 204
f 3270 3274 3272
f 3274 3273 3272
f 3275 3276 212
f 3276 3277 212
f 3277 3269 3271
f 3277 3271 202
f 212 3277 202
f 3276 3269 3277
f 3256 3278 3260
f 3260 3278 3280
f 3260 3280 3279
f 3255 3281 3256
f 3256 3281 3278
f 218 3283 3284
f 3283 3282 3284
f 3249 3282 3254
f 3286 3283 218
f 3253 3282 3285
f 3253 3254 3282
f 3282 3283 3286
f 3285 3282 3286
f 3288 3289 225
f 3288 225 224
f 3289 3290 225
f 225 3290 227
f 3290 226 227
f 3291 3292 228
f 3291 228 229
f 3292 3288 224
f 3292 224 228
f 3273 3293 230
f 3293 3294 230
f 230 3294 231
f 3273 230 205
f 3294 3291 229
f 3294 229 231
f 3249 3248 3282
f 218 3284 232
f 3284 3282 3248
f 3284 3248 232
f 232 3248 233
f 178 220 3248
f 220 233 3248
f 3263 3264 3295
f 3296 3295 3265
f 3265 3295 3264
f 3255 3297 3298
f 3255 3298 3299
f 3299 3298 3263
f 3268 3267 3298
f 3268 3298 3297
f 3267 3263 3298
f 3266 3300 3301
f 3301 3300 3293
f 3301 3293 3273
f 3300 3302 3294
f 3300 3294 3293
f 3302 3291 3294
f 3266 3268 3300
f 3268 3297 3300
f 3300 3303 3302
f 3302 3303 3292
f 3302 3292 3291
f 3303 3304 3288
f 3303 3288 3292
f 3297 3305 3300
f 3297 3255 3304
f 3297 3304 3305
f 3305 3304 3303
f 3300 3305 3303
f 3255 3257 3306
f 3255 3306 3304
f 3257 3258 3307
f 3257 3307 3306
f 3304 3306 3289
f 3304 3289 3288
f 3306 3307 3290
f 3306 3290 3289
f 3307 3308 3290
f 3308 3286 3287
f 3308 3287 3290
f 3258 3253 3308
f 3258 3308 3307
f 3253 3285 3308
f 3308 3285 3286
f 3309 3276 3275
f 3309 3269 3276
f 3265 3310 3296
f 3296 3310 3309
f 3309 3310 3311
f 3310 3270 3311
f 3311 3270 3269
f 3309 3311 3269
f 3310 3312 3274
f 3310 3274 3270
f 3312 3301 3273
f 3312 3273 3274
f 3265 3312 3310
f 3265 3266 3301
f 3265 3301 3312
f 218 250 3286
f 3287 3286 3290
f 226 3290 250
f 250 3290 3286
f 3275 3313 3309
f 3309 3313 3296
f 3313 3314 3296
f 3313 3315 3314
f 211 3316 212
f 212 3316 3275
f 3316 3317 3275
f 211 254 3317
f 211 3317 3316
f 3299 3318 3255
f 3318 3281 3255
f 3296 3314 3319
f 3296 3319 3295
f 3295 3319 3263
f 3319 3320 3263
f 3260 3279 3321
f 3260 3321 3262
f 3262 3321 258
f 3262 258 192
f 3315 3322 3323
f 3315 3323 3314
f 3314 3323 3319
f 3263 3320 3324
f 3263 3324 3323
f 3320 3319 3323
f 3320 3323 3324
f 3325 3326 3327
f 3325 3327 3328
f 3326 3331 3329
f 3331 3322 3315
f 3325 3332 3331
f 3332 3322 3331
f 3325 3331 3326
f 3280 3333 3279
f 3334 273 258
f 3334 258 3321
f 3333 3334 3321
f 3333 3321 3279
f 3333 3339 3334
f 3339 273 3334
f 4593 3336 3337
f 3335 4593 3337
f 3335 3337 3338
f 3338 3337 3333
f 3337 3336 3333
f 3336 3339 3333
f 3339 278 273
f 3340 3342 3341
f 3343 3341 3344
f 3345 3347 3346
f 3346 3348 3349
f 3350 3351 3352
f 3353 3354 3356
f 3356 3354 3281
f 3354 3355 3278
f 3354 3278 3281
f 3355 3357 3278
f 3357 3333 3280
f 3357 3280 3278
f 3355 3333 3357
f 3359 3360 3361
f 3358 3359 3361
f 3363 3364 3365
f 3366 3338 3333
f 3367 3368 3366
f 3368 3335 3338
f 3368 3338 3366
f 3369 3371 3370
f 3370 3372 3373
f 3370 3373 3374
f 3375 3377 3376
f 3379 3356 3281
f 3379 3281 3380
f 3381 3382 4678
f 3382 3353 3356
f 3382 3356 3379
f 4678 3382 3379
f 3365 3384 3385
f 3365 3385 3386
f 3384 3387 3388
f 3384 3388 3385
f 3385 3388 3389
f 3385 3389 3390
f 3386 3385 3390
f 3386 3390 3391
f 3263 3392 3299
f 3392 3379 3299
f 3299 3379 3318
f 3281 3318 3380
f 3318 3379 3380
f 3394 3393 3395
f 3394 3395 3396
f 3396 3395 3323
f 3396 3323 3322
f 3395 3393 3323
f 3393 3392 3323
f 3323 3392 3263
f 3397 3317 3399
f 3399 3317 254
f 3399 254 344
f 3398 3275 3317
f 3397 3398 3317
f 3275 3398 3313
f 3315 3313 3400
f 3315 3400 3331
f 3313 3398 3400
f 3400 3398 3329
f 3331 3400 3329
f 3326 3401 3327
f 3401 3402 3327
f 3327 3402 3328
f 349 3403 3404
f 3403 3405 3404
f 3404 3405 3406
f 3404 3406 3407
f 349 3404 3407
f 349 3407 351
f 351 3407 3408
f 351 3408 353
f 3407 3406 3409
f 3407 3409 3408
f 3405 3411 3406
f 3412 3411 3413
f 3411 3405 3414
f 3413 3411 3414
f 3415 362 3416
f 3405 3415 3416
f 3405 3403 3415
f 3403 349 3415
f 3415 349 362
f 3414 3405 3417
f 3417 3418 3419
f 3417 3420 3418
f 3419 3418 3421
f 3417 3422 3420
f 3422 370 3423
f 3420 3422 3423
f 3405 3416 3417
f 3416 362 370
f 3416 370 3422
f 3417 3416 3422
f 3421 3418 3424
f 3418 3420 3425
f 3418 3425 3424
f 3424 3425 3426
f 3426 3425 3427
f 3425 3429 3427
f 3429 383 382
f 3429 382 381
f 3429 381 3430
f 3427 3429 3430
f 3427 3430 3428
f 3420 3423 3429
f 3420 3429 3425
f 3423 370 383
f 3423 383 3429
f 3427 3428 3431
f 3427 3431 3432
f 3431 3433 3434
f 3432 3431 3434
f 3432 3434 3435
f 3436 392 3437
f 3431 3436 3437
f 3431 3437 3433
f 3428 3430 3436
f 3428 3436 3431
f 3430 381 394
f 3430 394 3436
f 3436 394 392
f 3435 3434 3438
f 3435 3438 3439
f 3434 3433 3440
f 3434 3440 3438
f 3438 3440 3441
f 3439 3438 3442
f 3440 3443 3441
f 3443 402 401
f 3443 401 3444
f 3441 3443 3444
f 3433 3437 3443
f 3433 3443 3440
f 3437 392 402
f 3437 402 3443
f 3445 3446 3447
f 3446 3448 3449
f 3446 3449 3450
f 3447 3446 3450
f 3447 3450 3451
f 3452 3439 3442
f 3448 3452 3449
f 3448 3453 3452
f 3453 3435 3439
f 3453 3439 3452
f 3454 3455 3456
f 3454 3456 3457
f 3455 3458 3459
f 3455 3459 3456
f 3457 3456 3459
f 3457 3459 3460
f 3465 3466 3467
f 3464 3465 3468
f 3470 3471 3472
f 3469 3470 3472
f 3469 3472 3473
f 3408 3409 3474
f 353 3408 3474
f 353 3474 438
f 3409 3410 3475
f 3409 3475 3474
f 3410 3476 3475
f 3478 3479 3480
f 3484 3485 3486
f 3486 3487 3488
f 3489 3490 3491
f 3489 3492 3490
f 3490 3493 3494
f 3491 3490 3494
f 3491 3494 3495
f 3497 3498 3499
f 3499 3498 3500
f 3502 3503 3504
f 3502 3504 3505
f 3503 3506 3504
f 3504 3506 3507
f 3505 3504 3507
f 3508 3509 3510
f 3508 3510 3511
f 3509 3512 3510
f 3510 3512 3513
f 3511 3510 3513
f 3511 3513 3514
f 3515 3517 3518
f 3514 3513 3519
f 3513 3512 3519
f 3524 3525 3526
f 3523 3524 3526
f 3530 3531 3532
f 3532 3531 3536
f 3531 3530 3536
f 3539 3540 3541
f 3543 3544 3545
f 3542 3543 3546
f 3548 3549 3550
f 3548 3550 3551
f 3547 3548 3551
f 3544 3552 3545
f 3552 3553 3554
f 3545 3552 3554
f 3555 3556 3557
f 3557 3558 3559
f 3561 3562 3563
f 3567 3569 3568
f 3568 3556 3555
f 3570 3571 3572
f 3571 3573 3572
f 3572 3574 3575
f 3576 3577 3578
f 3576 3579 3580
f 3576 3580 3577
f 3577 3580 3573
f 3577 3573 3571
f 3578 3577 3571
f 3578 3571 3570
f 3581 3582 3583
f 3582 3584 3585
f 3582 3585 3583
f 3583 3585 3586
f 3587 3588 3589
f 3588 3590 3589
f 3589 3591 3592
f 3593 3594 3595
f 3593 3595 3596
f 3594 3597 3598
f 3594 3598 3595
f 3595 3598 3599
f 3596 3595 3599
f 3600 3601 3602
f 3600 3602 3603
f 3601 3604 3605
f 3601 3605 3602
f 3602 3605 3606
f 3603 3602 3606
f 3607 3608 3609
f 3607 3610 3611
f 3607 3611 3608
f 3608 3611 3604
f 3608 3604 3601
f 3609 3608 3601
f 3609 3601 3600
f 3612 3613 3614
f 3612 3614 3615
f 3613 3616 3617
f 3613 3617 3614
f 3614 3617 3618
f 3615 3614 3618
f 3622 3624 3623
f 3623 3625 3626
f 3629 3630 3631
f 3631 3632 3633
f 3634 3635 3636
f 3634 3637 3635
f 3635 3638 3639
f 3636 3635 3639
f 3636 3639 3640
f 3641 3642 3643
f 3642 3644 3643
f 3643 3644 3645
f 3646 3647 3648
f 3647 3649 3648
f 3648 3650 3651
f 3652 3654 3653
f 3653 3642 3641
f 3655 3657 3658
f 3655 3658 3656
f 3656 3658 3659
f 3656 3659 3655
f 3661 3662 3663
f 3662 3664 3665
f 3662 3665 3666
f 3663 3662 3666
f 3668 3661 3663
f 3667 3668 3669
f 3670 3655 3671
f 3670 3671 3672
f 3671 3655 3660
f 3672 3671 3660
f 3672 3660 3673
f 3674 3675 3676
f 3675 3677 3678
f 3675 3678 3679
f 3676 3675 3679
f 3676 3679 3680
f 3682 3683 3684
f 3682 3684 3685
f 3681 3682 3686
f 3688 3689 3690
f 3687 3688 3691
f 3692 3693 3694
f 3693 3695 3696
f 3693 3696 3697
f 3694 3693 3697
f 3694 3697 3698
f 3700 3701 3702
f 3700 3702 3703
f 3699 3700 3704
f 3705 3706 3707
f 3706 3708 3709
f 3706 3709 3710
f 3707 3706 3710
f 3707 3710 3711
f 3701 3712 3702
f 3712 3713 3714
f 3712 3714 3715
f 3702 3712 3715
f 3702 3715 3703
f 3716 3717 3718
f 3717 3719 3720
f 3717 3720 3718
f 3718 3720 3721
f 3716 3718 3721
f 3716 3721 3722
f 3723 3724 3725
f 3724 3726 3727
f 3725 3724 3727
f 3728 3729 3730
f 3728 3730 3731
f 3729 3732 3733
f 3729 3733 3730
f 3730 3733 3734
f 3730 3734 3735
f 3731 3730 3735
f 3731 3735 3736
f 3738 3723 3725
f 3738 3725 3739
f 3737 3738 3739
f 3737 3739 3740
f 3744 3745 3746
f 3750 3751 3752
f 3753 3755 3754
f 3754 3755 3756
f 3753 3754 3756
f 3753 3756 3757
f 3758 3759 3457
f 3758 3457 3460
f 3759 3760 3761
f 3759 3761 3457
f 3457 3761 3454
f 3762 3763 3765
f 3760 3766 3767
f 3760 3767 3761
f 3766 3768 3458
f 3766 3458 3767
f 3767 3458 3455
f 3761 3767 3455
f 3761 3455 3454
f 3769 3771 3770
f 3770 3772 3773
f 3774 3775 3776
f 3774 3776 3777
f 3775 3778 3779
f 3775 3779 3776
f 3776 3779 3780
f 3777 3776 3780
f 3781 3782 3783
f 3781 3783 3784
f 3782 3785 3786
f 3782 3786 3783
f 3783 3786 3787
f 3783 3787 3788
f 3784 3783 3788
f 3784 3788 3789
f 3790 3791 3792
f 3790 3792 3793
f 3791 3794 3795
f 3791 3795 3792
f 3792 3795 3778
f 3792 3778 3775
f 3793 3792 3775
f 3793 3775 3774
f 3803 3804 3805
f 3807 3808 3806
f 3809 3806 3808
f 3810 3811 3812
f 3810 3812 3813
f 3811 3814 3812
f 3812 3814 3815
f 3812 3815 3816
f 3813 3812 3816
f 3813 3816 3817
f 3796 3797 3800
f 3445 3823 3824
f 3445 3824 3825
f 3823 3826 3824
f 3824 3826 3827
f 3825 3824 3827
f 3825 3827 3828
f 3828 3827 3829
f 3827 3826 3830
f 3826 3831 3830
f 3826 3833 3831
f 3833 3834 3832
f 3833 3832 3831
f 3834 3835 3832
f 3835 3837 3836
f 3835 3839 3837
f 3839 3840 3837
f 3435 3453 3841
f 3453 3448 3842
f 3841 3453 3842
f 3842 3844 3845
f 3842 3845 3843
f 3844 3828 3829
f 3844 3829 3845
f 3448 3446 3846
f 3446 3445 3825
f 3446 3825 3846
f 3846 3825 3828
f 3846 3828 3844
f 3448 3846 3844
f 3448 3844 3842
f 3427 3847 3848
f 3427 3432 3849
f 3427 3849 3847
f 3848 3847 3850
f 3432 3851 3849
f 3851 3842 3852
f 3849 3851 3852
f 3432 3435 3841
f 3432 3841 3851
f 3851 3841 3842
f 3421 3424 3853
f 3421 3853 3854
f 3424 3426 3855
f 3424 3855 3853
f 3853 3855 3856
f 3854 3853 3856
f 3856 3855 3857
f 3855 3427 3859
f 3427 3848 3859
f 3859 3848 3850
f 3859 3850 3860
f 3855 3859 3860
f 3855 3860 3857
f 3426 3427 3861
f 3426 3861 3855
f 3855 3861 3427
f 3862 3863 3864
f 3862 3864 3865
f 3863 3866 3864
f 3864 3866 3867
f 3865 3864 3867
f 3856 3858 3868
f 3867 3856 3868
f 3869 3421 3854
f 3869 3854 3856
f 3866 3869 3856
f 3866 3856 3867
f 3870 3871 3872
f 3867 3870 3872
f 3862 3865 3872
f 3862 3872 3873
f 3865 3867 3872
f 3874 3875 3876
f 3875 3873 3872
f 3876 3875 3872
f 3876 3872 3871
f 3877 3878 3879
f 3878 3880 3881
f 3878 3881 3879
f 3877 3879 3881
f 3882 3883 3884
f 3881 3880 3886
f 3887 3888 3889
f 3888 3890 3891
f 3888 3891 3892
f 3889 3888 3892
f 3874 3893 3894
f 3840 3895 3837
f 3895 3894 3893
f 3838 3837 3895
f 3838 3895 3893
f 3410 3409 3896
f 3896 3409 3406
f 3896 3406 3897
f 3897 3406 3898
f 3412 3898 3406
f 3412 3406 3411
f 3899 3900 3901
f 3901 3902 3903
f 3903 3902 3898
f 3902 3897 3898
f 3410 3896 3476
f 3896 3897 3477
f 3476 3896 3477
f 3478 3477 3897
f 3900 3904 3901
f 3902 3901 3897
f 3901 3905 3479
f 3901 3479 3478
f 3897 3901 3478
f 3904 3906 3905
f 3904 3905 3901
f 3907 3908 3909
f 3909 3908 3910
f 3906 3909 3910
f 3906 3910 3905
f 3479 3905 3910
f 3479 3910 3911
f 3911 3910 3908
f 3479 3911 3912
f 3912 3911 3913
f 3914 3913 3911
f 3914 3911 3915
f 3907 3915 3908
f 3915 3911 3908
f 3412 3413 3898
f 3898 3413 3903
f 3903 3916 3901
f 3903 3413 3916
f 3916 3413 3917
f 3916 3917 3918
f 3901 3916 3918
f 3901 3918 3899
f 3413 3919 3920
f 3413 3920 3917
f 3921 3922 3923
f 3921 3924 3925
f 3921 3925 3922
f 3922 3925 3926
f 3923 3922 3926
f 3923 3926 3927
f 3927 3926 3928
f 3926 3925 3929
f 3926 3929 3928
f 3796 3930 3915
f 3796 3915 3797
f 3930 3914 3915
f 3797 3915 3798
f 3931 3933 3932
f 3932 3934 3935
f 3932 3935 3936
f 3798 3915 3907
f 3937 3938 3939
f 3937 3939 3940
f 3938 3941 3939
f 3939 3941 3942
f 3940 3939 3942
f 3943 3944 3945
f 3944 3946 3945
f 3945 3947 3948
f 3950 3951 3952
f 3950 3952 3953
f 3954 3955 3956
f 3954 3957 3958
f 3954 3958 3955
f 3955 3958 3946
f 3955 3946 3944
f 3956 3955 3944
f 3956 3944 3943
f 3959 3960 3961
f 3959 3962 3963
f 3959 3963 3960
f 3960 3963 3964
f 3960 3964 3965
f 3961 3960 3965
f 3961 3965 3966
f 3967 3968 3969
f 3968 3970 3971
f 3968 3971 3972
f 3969 3968 3972
f 3974 3975 3976
f 3973 3974 3976
f 3977 3978 3979
f 3978 3980 3981
f 3978 3981 3982
f 3979 3978 3982
f 3979 3982 3983
f 3862 3984 3863
f 3863 3984 3866
f 3421 3869 3985
f 3869 3866 3984
f 3869 3984 3986
f 3985 3869 3986
f 3987 3985 3984
f 3987 3984 3988
f 3985 3986 3984
f 3988 3984 3862
f 3414 3417 3413
f 3417 3989 3990
f 3413 3417 3990
f 3413 3990 3919
f 3990 3989 3991
f 3990 3991 3992
f 3919 3990 3992
f 3993 3985 3987
f 3993 3987 3994
f 3989 3993 3994
f 3989 3994 3991
f 3417 3419 3993
f 3419 3421 3985
f 3419 3985 3993
f 3417 3993 3989
f 3995 3997 3996
f 3996 3998 3999
f 3996 3999 4000
f 4001 4002 4003
f 4002 4004 4003
f 3942 4008 4009
f 4008 4004 4002
f 4009 4008 4002
f 4009 4002 4001
f 4010 4012 4011
f 4011 4013 4014
f 4014 4013 4015
f 4013 4017 4015
f 4013 4018 4017
f 4017 4019 4016
f 4015 4017 4016
f 4012 4020 4011
f 4012 4021 4020
f 4020 4018 4013
f 4011 4020 4013
f 4145 4023 4022
f 4022 4024 4025
f 4025 4024 4027
f 4025 4027 4026
f 4026 4027 4028
f 4026 4028 4029
f 4024 4030 4031
f 4024 4031 4027
f 4030 4032 4033
f 4030 4033 4031
f 4031 4033 4034
f 4031 4034 4035
f 4027 4031 4035
f 4027 4035 4028
f 4023 4036 4037
f 4023 4037 4022
f 4036 4038 4039
f 4036 4039 4037
f 4037 4039 4032
f 4037 4032 4030
f 4022 4037 4030
f 4022 4030 4024
f 4040 4042 4041
f 4044 4047 4045
f 4043 4046 4044
f 4042 4048 4041
f 4042 4049 4048
f 4048 4046 4043
f 4041 4048 4043
f 4050 4052 4051
f 4053 4055 4054
f 4054 4055 4056
f 4053 4057 4058
f 4053 4058 4055
f 4057 4059 4060
f 4057 4060 4058
f 4058 4060 4061
f 4058 4061 4062
f 4055 4058 4062
f 4055 4062 4056
f 4052 4063 4064
f 4052 4064 4051
f 4063 4065 4066
f 4063 4066 4064
f 4064 4066 4059
f 4064 4059 4057
f 4051 4064 4057
f 4051 4057 4053
f 4067 4069 4068
f 4070 4014 4015
f 4070 4015 4071
f 4015 4016 4072
f 4071 4015 4072
f 4069 4073 4074
f 4069 4074 4068
f 4073 4010 4011
f 4073 4011 4074
f 4074 4011 4014
f 4068 4074 4014
f 4068 4014 4070
f 4045 4047 4075
f 4077 4023 4145
f 4076 4078 4077
f 4076 4079 4078
f 4078 4038 4036
f 4077 4078 4036
f 4077 4036 4023
f 4047 4080 4075
f 4080 4079 4076
f 4075 4080 4076
f 4083 4042 4040
f 4082 4084 4083
f 4082 4085 4086
f 4082 4086 4084
f 4084 4086 4049
f 4084 4049 4042
f 4083 4084 4042
f 4056 4062 4087
f 4056 4087 4081
f 4062 4061 4088
f 4062 4088 4087
f 4087 4088 4085
f 4087 4085 4082
f 4081 4087 4082
f 4091 4052 4050
f 4090 4092 4091
f 4090 4093 4094
f 4090 4094 4092
f 4092 4094 4065
f 4092 4065 4063
f 4091 4092 4063
f 4091 4063 4052
f 4072 4095 4089
f 4072 4016 4095
f 4095 4093 4090
f 4089 4095 4090
f 4029 4028 4097
f 4029 4097 4096
f 4096 4097 4098
f 4096 4098 4099
f 4099 4098 4100
f 4100 4069 4067
f 4098 4101 4102
f 4098 4102 4100
f 4101 4103 4104
f 4101 4104 4102
f 4102 4104 4010
f 4102 4010 4073
f 4100 4102 4073
f 4100 4073 4069
f 4028 4035 4105
f 4028 4105 4097
f 4035 4034 4106
f 4035 4106 4105
f 4105 4106 4103
f 4105 4103 4101
f 4097 4105 4101
f 4097 4101 4098
f 4107 4108 4109
f 4107 4109 4110
f 4110 4109 4111
f 4110 4111 4112
f 4112 4111 4113
f 4112 4113 4114
f 4114 4113 4067
f 4114 4067 4115
f 4111 4099 4100
f 4111 4100 4113
f 4113 4100 4067
f 4108 4029 4096
f 4108 4096 4109
f 4109 4096 4099
f 4109 4099 4111
f 4118 4119 4120
f 4120 4121 4331
f 4117 4122 4123
f 4122 4090 4091
f 4122 4091 4123
f 4123 4091 4050
f 4123 4050 4124
f 4116 4072 4089
f 4089 4090 4122
f 4116 4089 4122
f 4116 4122 4117
f 4331 4126 4127
f 4128 4129 4130
f 4128 4130 4131
f 4131 4130 4132
f 4131 4132 4133
f 4134 4135 4083
f 4134 4083 4136
f 4135 4082 4083
f 4136 4083 4040
f 4136 4040 4133
f 4137 4056 4081
f 4137 4081 4138
f 4081 4082 4135
f 4138 4081 4135
f 4138 4135 4134
f 4140 4141 4142
f 4142 4141 4143
f 4142 4143 4144
f 4144 4143 4145
f 4144 4145 4146
f 4141 4076 4077
f 4141 4077 4143
f 4143 4077 4145
f 4139 4075 4140
f 4139 4045 4075
f 4075 4076 4141
f 4140 4075 4141
f 4115 4067 4147
f 4147 4148 4149
f 4149 4148 4150
f 4148 4070 4150
f 4070 4071 4150
f 4150 4071 4072
f 4150 4072 4116
f 4067 4068 4147
f 4147 4068 4070
f 4147 4070 4148
f 4151 4152 4153
f 4153 4154 4155
f 4155 4156 4157
f 4155 4157 4153
f 4153 4157 4158
f 4153 4158 4151
f 4155 4159 4054
f 4155 4054 4160
f 4159 4053 4054
f 4160 4054 4056
f 4160 4056 4137
f 4124 4050 4051
f 4124 4051 4161
f 4051 4053 4159
f 4161 4051 4159
f 4161 4159 4155
f 4133 4132 4136
f 4136 4162 4134
f 4163 4164 4139
f 4128 4044 4164
f 4128 4043 4044
f 4044 4045 4139
f 4164 4044 4139
f 4133 4040 4041
f 4133 4041 4131
f 4041 4043 4128
f 4131 4041 4128
f 4146 4145 4165
f 4146 4165 4166
f 4166 4165 4167
f 4166 4167 4168
f 4168 4167 4169
f 4168 4169 4170
f 4170 4169 4108
f 4170 4108 4107
f 4167 4025 4026
f 4167 4026 4169
f 4169 4026 4029
f 4169 4029 4108
f 4145 4022 4165
f 4165 4022 4025
f 4165 4025 4167
f 4174 4175 4176
f 4174 4177 4175
f 4171 4178 4172
f 4178 4179 4172
f 4172 4179 4173
f 4180 4182 4183
f 4180 4183 4181
f 4181 4183 4184
f 4181 4184 4185
f 4185 4184 4187
f 4185 4187 4186
f 4186 4187 4188
f 4186 4188 4189
f 4184 4190 4191
f 4184 4191 4187
f 4190 4192 4193
f 4190 4193 4191
f 4191 4193 4194
f 4191 4194 4195
f 4187 4191 4195
f 4187 4195 4188
f 4182 4196 4197
f 4182 4197 4183
f 4196 3987 4198
f 4196 4198 4197
f 4197 4198 4192
f 4197 4192 4190
f 4183 4197 4190
f 4183 4190 4184
f 4019 4200 4201
f 4019 4201 4199
f 4199 4201 4202
f 4202 4201 4204
f 4202 4204 4203
f 4203 4204 4205
f 4203 4205 4206
f 4201 3920 4204
f 4204 3920 3919
f 4204 3919 4205
f 4200 4207 4201
f 3917 3920 4207
f 4201 4207 3920
f 4208 4210 4211
f 4208 4211 4209
f 4209 4211 4212
f 4209 4212 4213
f 4213 4212 4215
f 4213 4215 4214
f 4214 4215 4216
f 4214 4216 4021
f 4212 4217 4218
f 4212 4218 4215
f 4217 4219 4218
f 4218 4219 4220
f 4215 4218 4220
f 4215 4220 4216
f 4210 4221 4222
f 4210 4222 4211
f 4221 4223 4224
f 4221 4224 4222
f 4222 4224 4219
f 4222 4219 4217
f 4211 4222 4217
f 4211 4217 4212
f 4176 4175 4226
f 4176 4226 4225
f 4225 4226 4227
f 4225 4227 4228
f 4228 4227 4230
f 4228 4230 4229
f 4229 4230 4210
f 4229 4210 4208
f 4227 4231 4232
f 4227 4232 4230
f 4232 4223 4221
f 4230 4232 4221
f 4230 4221 4210
f 4175 4177 4233
f 4175 4233 4226
f 4226 4233 4231
f 4226 4231 4227
f 4189 4188 4234
f 4235 4237 4238
f 4235 4238 4236
f 4237 4239 4238
f 4236 4238 4178
f 4236 4178 4171
f 4188 4195 4240
f 4188 4240 4234
f 4195 4194 4241
f 4195 4241 4240
f 4240 4241 4239
f 4240 4239 4237
f 4234 4240 4237
f 4234 4237 4235
f 4206 4205 4243
f 4206 4243 4242
f 4242 4243 4244
f 4242 4244 4245
f 4245 4244 4246
f 4246 4182 4180
f 4244 4247 4248
f 4244 4248 4246
f 4247 3991 3994
f 4247 3994 4248
f 4248 3994 3987
f 4248 3987 4196
f 4246 4248 4196
f 4246 4196 4182
f 4205 3919 3992
f 4205 3992 4243
f 3992 3991 4247
f 4243 3992 4247
f 4243 4247 4244
f 4080 4249 4079
f 4079 4249 4078
f 4078 4250 4038
f 4249 4173 4174
f 4249 4174 4078
f 4078 4174 4176
f 4078 4176 4250
f 4047 4172 4080
f 4047 4171 4172
f 4172 4173 4249
f 4080 4172 4249
f 4061 4251 4252
f 4061 4252 4088
f 4088 4252 4253
f 4088 4253 4085
f 4085 4253 4254
f 4085 4254 4086
f 4086 4254 4255
f 4086 4255 4049
f 4253 4185 4186
f 4253 4186 4254
f 4254 4186 4189
f 4254 4189 4255
f 4251 4180 4256
f 4251 4256 4252
f 4180 4181 4256
f 4256 4181 4185
f 4256 4185 4253
f 4252 4256 4253
f 4095 4257 4093
f 4093 4257 4094
f 4094 4258 4065
f 4257 4202 4203
f 4257 4203 4094
f 4094 4203 4206
f 4094 4206 4258
f 4016 4019 4199
f 4016 4199 4095
f 4095 4199 4202
f 4095 4202 4257
f 4034 4259 4260
f 4034 4260 4106
f 4106 4260 4261
f 4106 4261 4103
f 4103 4261 4104
f 4104 4012 4010
f 4261 4213 4214
f 4261 4214 4104
f 4104 4214 4021
f 4104 4021 4012
f 4259 4208 4209
f 4259 4209 4260
f 4209 4213 4261
f 4260 4209 4261
f 4038 4250 4262
f 4038 4262 4039
f 4039 4262 4263
f 4039 4263 4032
f 4032 4263 4264
f 4032 4264 4033
f 4033 4264 4259
f 4033 4259 4034
f 4263 4228 4229
f 4263 4229 4264
f 4264 4229 4208
f 4264 4208 4259
f 4250 4176 4225
f 4250 4225 4262
f 4262 4225 4228
f 4262 4228 4263
f 4049 4255 4048
f 4048 4265 4046
f 4046 4265 4044
f 4265 4235 4236
f 4265 4236 4044
f 4236 4171 4047
f 4044 4236 4047
f 4255 4234 4048
f 4255 4189 4234
f 4048 4234 4235
f 4048 4235 4265
f 4065 4258 4266
f 4065 4266 4066
f 4066 4266 4267
f 4066 4267 4059
f 4059 4267 4268
f 4059 4268 4060
f 4060 4268 4251
f 4060 4251 4061
f 4267 4245 4269
f 4267 4269 4268
f 4245 4246 4269
f 4269 4246 4180
f 4268 4269 4180
f 4268 4180 4251
f 4258 4206 4242
f 4258 4242 4266
f 4266 4242 4245
f 4266 4245 4267
f 4314 4270 4271
f 4314 4271 4315
f 4315 3909 3906
f 4271 3907 3909
f 4315 4271 3909
f 4270 3818 4272
f 4270 4272 4271
f 4273 4275 4274
f 4276 3818 4270
f 4276 3819 3818
f 4275 3800 3819
f 4275 3819 4276
f 4274 4275 4276
f 4277 4279 4278
f 4280 3821 3820
f 4281 4280 4282
f 4279 4280 4278
f 4279 4283 4280
f 4280 4283 3821
f 4285 4275 4286
f 4286 4275 4273
f 4285 4287 4275
f 4287 3801 3800
f 4287 3800 4275
f 4282 4280 4287
f 4282 4287 4284
f 4280 3820 3801
f 4280 3801 4287
f 4284 4287 4285
f 4178 4288 4179
f 4179 4289 4173
f 4173 4289 4174
f 4174 4290 4177
f 4288 4291 4292
f 4288 4292 4179
f 4179 4292 4289
f 4289 4292 4290
f 4289 4290 4174
f 4292 4285 4286
f 4292 4286 4290
f 4290 4286 4273
f 4291 4282 4284
f 4291 4284 4292
f 4292 4284 4285
f 4219 4293 4294
f 4219 4294 4295
f 4295 4294 4296
f 4295 4296 4297
f 4297 4296 3900
f 4297 3900 3899
f 4294 4298 4296
f 4293 4298 4294
f 4194 4300 4301
f 4194 4301 4241
f 4300 4302 4303
f 4300 4303 4301
f 4301 4303 4304
f 4301 4304 4305
f 4241 4301 4305
f 4241 4305 4239
f 4239 4305 4306
f 4239 4306 4238
f 4305 4304 4306
f 4238 4306 4288
f 4238 4288 4178
f 4302 4307 4303
f 4303 4307 4304
f 4307 4308 4304
f 4304 4308 4306
f 4308 4309 4306
f 4306 4309 4291
f 4306 4291 4288
f 4308 4280 4281
f 4308 4281 4309
f 4309 4281 4282
f 4309 4282 4291
f 4302 4277 4278
f 4302 4278 4307
f 4278 4280 4308
f 4307 4278 4308
f 4177 4290 4233
f 4233 4310 4231
f 4231 4310 4232
f 4232 4311 4223
f 4232 4314 4311
f 4290 4312 4233
f 4233 4312 4313
f 4233 4313 4310
f 4310 4313 4232
f 4313 4276 4270
f 4313 4270 4232
f 4232 4270 4314
f 4290 4273 4274
f 4290 4274 4312
f 4312 4274 4276
f 4312 4276 4313
f 4223 4311 4224
f 4219 4224 4293
f 4224 4299 4293
f 4311 4314 4224
f 4224 4315 4299
f 4299 4315 4316
f 4315 3906 4317
f 4315 4317 4316
f 4224 4314 4315
f 4021 4318 4020
f 4021 4216 4319
f 4021 4319 4318
f 4318 4319 4320
f 4318 4320 4018
f 4020 4318 4018
f 4018 4321 4017
f 4018 4320 4322
f 4018 4322 4321
f 4321 4322 4200
f 4321 4200 4019
f 4017 4321 4019
f 4320 4323 4324
f 4320 4324 4322
f 4323 4295 4297
f 4323 4297 4324
f 4324 4297 3899
f 4324 3899 4325
f 4322 4324 4325
f 4322 4325 4200
f 4216 4220 4319
f 4220 4219 4295
f 4220 4295 4323
f 4319 4220 4323
f 4319 4323 4320
f 4298 4293 4299
f 4298 4299 4316
f 3900 4296 3904
f 4298 3904 4296
f 4330 4326 4327
f 4328 4112 4114
f 4328 4114 4115
f 4328 4115 4327
f 4326 4328 4327
f 4326 4107 4110
f 4326 4110 4112
f 4326 4112 4328
f 4329 4149 4150
f 4329 4150 4327
f 4327 4150 4116
f 4327 4115 4147
f 4327 4147 4149
f 4327 4149 4329
f 4327 4120 4331
f 4327 4331 4330
f 4327 4116 4118
f 4327 4118 4120
f 4330 4331 4127
f 4330 4127 4332
f 4330 4334 4333
f 4334 4163 4139
f 4334 4139 4333
f 4330 4335 4163
f 4330 4163 4334
f 4336 4142 4144
f 4336 4144 4146
f 4336 4146 4337
f 4333 4338 4330
f 4333 4139 4140
f 4333 4140 4338
f 4338 4140 4142
f 4338 4142 4336
f 4330 4338 4336
f 4330 4336 4326
f 4339 4168 4170
f 4339 4170 4107
f 4339 4107 4326
f 4336 4339 4326
f 4337 4146 4166
f 4337 4166 4336
f 4336 4166 4168
f 4336 4168 4339
f 4302 4340 4006
f 4340 4341 4006
f 4341 3805 4342
f 4341 4342 4006
f 4006 4342 3806
f 4340 4343 4341
f 4343 3803 3805
f 4343 3805 4341
f 4194 4193 4344
f 4194 4344 4300
f 4193 4192 4345
f 4193 4345 4344
f 4344 4345 4346
f 4344 4346 4300
f 4300 4346 4347
f 4300 4347 4302
f 4302 4347 4340
f 4346 4348 4349
f 4346 4349 4347
f 4348 4350 4351
f 4348 4351 4349
f 4349 4351 3803
f 4349 3803 4343
f 4347 4349 4343
f 4347 4343 4340
f 4192 4198 4352
f 4192 4352 4345
f 4198 3987 4353
f 4198 4353 4352
f 4352 4353 4350
f 4352 4350 4348
f 4345 4352 4348
f 4345 4348 4346
f 4302 4006 4277
f 4277 4006 4007
f 4277 4007 4279
f 4279 4007 4354
f 4279 4354 4355
f 4279 4355 4283
f 3809 4355 4354
f 3804 3806 4342
f 3804 4342 3805
f 3809 3822 4355
f 3798 3907 4271
f 3798 4271 4272
f 3874 4358 3893
f 3838 3893 4358
f 3838 4358 4357
f 4359 4361 4362
f 4359 4362 4360
f 4360 4362 4363
f 4360 4363 4364
f 4364 4363 4366
f 4364 4366 4365
f 4365 4366 4367
f 4363 4368 4369
f 4363 4369 4366
f 4368 4370 4371
f 4368 4371 4369
f 4369 4371 4372
f 4369 4372 4373
f 4366 4369 4373
f 4366 4373 4367
f 4361 4374 4375
f 4361 4375 4362
f 4374 4376 4377
f 4374 4377 4375
f 4375 4377 4370
f 4375 4370 4368
f 4362 4375 4368
f 4362 4368 4363
f 4379 4382 4380
f 4379 4383 4382
f 4382 4384 4381
f 4380 4382 4381
f 4378 4385 4379
f 4386 4388 4387
f 4389 4392 4390
f 4389 4393 4394
f 4389 4394 4392
f 4392 4394 4395
f 4392 4395 4391
f 4390 4392 4391
f 4388 4396 4387
f 4388 4397 4398
f 4388 4398 4396
f 4396 4398 4393
f 4396 4393 4389
f 4387 4396 4389
f 4400 4403 4401
f 4400 4404 4403
f 4403 4405 4402
f 4401 4403 4402
f 4399 4404 4400
f 4399 4406 4404
f 4408 4410 4409
f 4409 4410 4361
f 4409 4361 4359
f 4408 4411 4412
f 4408 4412 4410
f 4411 4413 4414
f 4411 4414 4412
f 4412 4414 4376
f 4412 4376 4374
f 4410 4412 4374
f 4410 4374 4361
f 4381 4415 4407
f 4381 4384 4416
f 4381 4416 4415
f 4415 4416 4413
f 4415 4413 4411
f 4407 4415 4411
f 4407 4411 4408
f 4418 4420 4419
f 4418 4421 4420
f 4420 4385 4378
f 4419 4420 4378
f 4391 4422 4417
f 4391 4395 4423
f 4391 4423 4422
f 4422 4423 4421
f 4422 4421 4418
f 4417 4422 4418
f 4426 4388 4386
f 4425 4427 4426
f 4425 4428 4429
f 4425 4429 4427
f 4427 4429 4397
f 4427 4397 4388
f 4426 4427 4388
f 4402 4430 4424
f 4402 4405 4431
f 4402 4431 4430
f 4430 4431 4428
f 4430 4428 4425
f 4424 4430 4425
f 4433 4435 4434
f 4433 4436 4437
f 4433 4437 4435
f 4435 4437 4406
f 4435 4406 4399
f 4434 4435 4399
f 4367 4373 4438
f 4367 4438 4432
f 4373 4372 4439
f 4373 4439 4438
f 4438 4439 4436
f 4438 4436 4433
f 4432 4438 4433
f 4440 4442 4441
f 4443 4433 4434
f 4443 4434 4444
f 4444 4434 4399
f 4444 4399 4445
f 4442 4367 4432
f 4442 4432 4441
f 4432 4433 4443
f 4441 4432 4443
f 4446 4447 4449
f 4450 4451 4452
f 4450 4452 4453
f 4451 4454 4452
f 4453 4452 4455
f 4453 4455 4448
f 4448 4456 4426
f 4448 4426 4453
f 4456 4425 4426
f 4453 4426 4386
f 4453 4386 4450
f 4446 4402 4424
f 4446 4424 4447
f 4424 4425 4456
f 4447 4424 4456
f 4447 4456 4448
f 4457 4458 4459
f 4457 4459 4460
f 4460 4459 4461
f 4460 4461 4462
f 4587 4464 4465
f 4466 4418 4467
f 4418 4419 4467
f 4467 4419 4378
f 4467 4378 4468
f 4457 4391 4417
f 4457 4417 4469
f 4469 4417 4418
f 4469 4418 4466
f 4470 4472 4471
f 4473 4409 4474
f 4473 4408 4409
f 4409 4359 4475
f 4474 4409 4475
f 4472 4381 4407
f 4472 4407 4471
f 4471 4407 4408
f 4471 4408 4473
f 4477 4400 4478
f 4400 4401 4478
f 4478 4401 4402
f 4478 4402 4446
f 4445 4399 4476
f 4399 4400 4476
f 4476 4400 4477
f 4449 4479 4480
f 4480 4481 4582
f 4482 4483 4484
f 4484 4485 4582
f 4462 4389 4460
f 4389 4390 4460
f 4460 4390 4391
f 4460 4391 4457
f 4450 4386 4486
f 4386 4387 4486
f 4486 4387 4389
f 4486 4389 4462
f 4487 4488 4489
f 4487 4489 4490
f 4490 4489 4491
f 4490 4491 4468
f 4465 4492 4493
f 4492 4487 4472
f 4492 4472 4470
f 4493 4492 4470
f 4487 4494 4472
f 4494 4379 4380
f 4494 4380 4472
f 4472 4380 4381
f 4468 4378 4490
f 4378 4379 4490
f 4490 4379 4494
f 4490 4494 4487
f 4497 4442 4440
f 4496 4364 4365
f 4496 4365 4497
f 4497 4365 4367
f 4497 4367 4442
f 4475 4360 4495
f 4475 4359 4360
f 4495 4360 4364
f 4495 4364 4496
f 4499 4500 4501
f 4498 4507 4508
f 4498 4508 4499
f 4507 3829 3827
f 4507 3827 4508
f 4508 3827 3830
f 4508 3830 4500
f 4499 4508 4500
f 3842 4509 4510
f 3842 4510 3852
f 3852 4510 3849
f 3850 3847 4511
f 3850 4511 4512
f 3847 3849 4510
f 3847 4510 4511
f 4511 4510 4509
f 4511 4509 4512
f 4513 4512 4509
f 4515 4502 4516
f 4514 4515 4516
f 4506 4505 4517
f 4517 4505 4518
f 4519 4514 4520
f 4519 4520 4521
f 4520 4514 4516
f 4515 4522 4523
f 4522 4504 4524
f 4522 4524 4523
f 4523 4524 4502
f 4515 4523 4502
f 4513 4509 4525
f 4525 4526 4527
f 4527 4526 4528
f 4526 4529 4528
f 4526 3843 3845
f 4526 3845 4529
f 4529 3845 3829
f 4529 3829 4507
f 4528 4529 4507
f 4528 4507 4498
f 4509 3842 3843
f 4509 3843 4525
f 4525 3843 4526
f 4406 4530 4404
f 4530 4531 4404
f 4404 4531 4403
f 4403 4532 4405
f 4531 3860 4403
f 4531 3857 3860
f 3860 3850 4533
f 4403 3860 4533
f 4403 4533 4532
f 4406 4534 4535
f 4406 4535 4530
f 4534 3858 3856
f 4534 3856 4535
f 4535 3856 3857
f 4535 3857 4531
f 4530 4535 4531
f 4397 4536 4537
f 4397 4537 4398
f 4398 4537 4538
f 4398 4538 4393
f 4393 4538 4394
f 4394 4539 4395
f 4538 4527 4394
f 4527 4528 4394
f 4394 4528 4498
f 4394 4498 4539
f 4536 4513 4525
f 4536 4525 4537
f 4537 4525 4527
f 4537 4527 4538
f 4540 4505 4515
f 4540 4515 4514
f 4543 4544 4545
f 4543 4545 4546
f 4544 4547 4548
f 4544 4548 4545
f 4545 4548 4549
f 4546 4545 4549
f 4505 4550 4515
f 4550 4505 4504
f 4550 4504 4522
f 4515 4550 4522
f 4376 4551 4552
f 4376 4552 4377
f 4377 4552 4553
f 4377 4553 4370
f 4370 4553 4371
f 4371 4554 4372
f 4553 4555 4556
f 4553 4556 4371
f 4555 3871 3870
f 4555 3870 4556
f 4556 3870 3867
f 4556 3867 4557
f 4371 4556 4557
f 4371 4557 4554
f 4551 4558 4559
f 4551 4559 4552
f 4558 3874 3876
f 4558 3876 4559
f 4559 3876 3871
f 4559 3871 4555
f 4552 4559 4555
f 4552 4555 4553
f 4372 4554 4439
f 4439 4560 4436
f 4436 4560 4437
f 4560 4561 4562
f 4560 4562 4437
f 4561 3867 3868
f 4561 3868 4562
f 4562 3868 3858
f 4562 3858 4534
f 4437 4562 4534
f 4437 4534 4406
f 4554 4557 4563
f 4554 4563 4439
f 4557 3867 4563
f 4563 3867 4561
f 4439 4563 4561
f 4439 4561 4560
f 4405 4532 4564
f 4405 4564 4431
f 4431 4564 4565
f 4431 4565 4428
f 4428 4565 4566
f 4428 4566 4429
f 4429 4566 4536
f 4429 4536 4397
f 4565 4567 4512
f 4565 4512 4566
f 4566 4512 4513
f 4566 4513 4536
f 4532 4533 4568
f 4532 4568 4564
f 4533 3850 4512
f 4533 4512 4568
f 4568 4512 4567
f 4564 4568 4567
f 4564 4567 4565
f 4395 4539 4569
f 4395 4569 4423
f 4423 4569 4570
f 4423 4570 4421
f 4572 4571 4573
f 4539 4574 4569
f 4539 4498 4499
f 4539 4499 4574
f 4574 4499 4501
f 4574 4501 4570
f 4569 4574 4570
f 4384 4575 4416
f 4416 4575 4413
f 4413 4575 4576
f 4413 4576 4414
f 4575 4558 4576
f 4576 4558 4551
f 4576 4551 4376
f 4414 4576 4376
f 4575 4358 4558
f 4558 4358 3874
f 4384 4577 4358
f 4384 4358 4575
f 4577 4357 4358
f 4579 4443 4444
f 4579 4444 4578
f 4578 4444 4445
f 4578 4440 4441
f 4578 4441 4443
f 4578 4443 4579
f 4580 4581 4356
f 4580 4477 4478
f 4580 4478 4581
f 4581 4478 4446
f 4581 4446 4356
f 4356 4578 4580
f 4578 4445 4476
f 4578 4476 4580
f 4580 4476 4477
f 4356 4446 4449
f 4356 4449 4480
f 4356 4480 4582
f 4582 4482 4484
f 4582 4583 4482
f 4582 4584 4587
f 4582 4586 4585
f 4582 4585 4584
f 4582 4587 4356
f 4587 4465 4493
f 4587 4493 4588
f 4588 4493 4470
f 4356 4587 4589
f 4589 4473 4474
f 4589 4474 4475
f 4589 4475 4590
f 4587 4588 4591
f 4588 4470 4471
f 4588 4471 4591
f 4591 4471 4473
f 4591 4473 4589
f 4587 4591 4589
f 4356 4589 4578
f 4589 4592 4578
f 4592 4496 4497
f 4592 4497 4440
f 4592 4440 4578
f 4589 4590 4592
f 4590 4475 4495
f 4590 4495 4592
f 4592 4495 4496
f 278 3339 1581
f 1581 3339 3444
f 1581 3444 401
f 3339 3336 3441
f 3339 3441 3444
f 3336 4593 3441
f 4593 3442 3438
f 3441 4593 3438
f 4601 4602 4603
f 4600 4601 4603
f 4604 4605 4607
f 4609 4610 4611
f 4608 4609 4611
f 4613 4614 4615
f 4612 4613 4615
f 4617 4604 4607
f 4619 4620 4621
f 4623 4624 4625
f 4622 4623 4625
f 4627 4628 4629
f 4628 4630 4631
f 4628 4631 4632
f 4629 4628 4632
f 4629 4632 4633
f 4635 4636 4637
f 4635 4637 4638
f 4634 4635 4638
f 4640 4627 4629
f 4640 4629 4633
f 4642 4643 4644
f 4641 4642 4644
f 4645 4646 4647
f 4645 4647 4648
f 4646 4649 4647
f 4647 4649 4650
f 4647 4650 4651
f 4648 4647 4651
f 4648 4651 4652
f 4653 4654 4655
f 4610 4656 4657
f 4610 4657 4611
f 4656 4658 4659
f 4656 4659 4657
f 4657 4659 4660
f 4657 4660 4661
f 4611 4657 4661
f 4611 4661 4608
f 3234 3393 4662
f 4663 4664 4665
f 4664 4666 4667
f 4664 4667 4668
f 4665 4664 4668
f 4665 4668 4669
f 4671 4672 4673
f 4675 4677 4676
f 4675 4676 3217
f 3220 3221 3392
f 3220 3392 3393
f 3221 3223 3392
f 3217 4676 4679
f 4679 3381 4678
f 4680 4666 4681
f 3238 4680 4682
f 4682 4683 3241
f 3220 3393 3224
f 3234 3224 3393
f 3241 4683 3228
f 3220 3224 3219
f 3220 3219 3222
f 3222 3219 4684
f 4684 3219 4685
f 3232 3219 3224
f 4678 4685 4679
f 4679 4685 3217
f 3228 4685 3226
f 3226 4685 3225
f 3223 3222 4678
f 3222 4684 4678
f 4678 4684 4685
f 3225 4685 3229
f 3229 4685 3219
f 3218 3217 3228
f 3228 3217 4685
f 4675 3217 4674
f 3218 4674 3217
f 3392 3223 3379
f 3223 4678 3379
f 3244 4686 3229
f 3244 4687 4686
f 3229 4686 3225
f 3245 4688 3232
f 3232 4688 3230
f 4689 4690 3242
f 3235 4689 3242
f 3227 4691 4692
f 3227 4692 3239
f 4692 4693 3243
f 3239 4692 3243
f 3225 4686 4694
f 3225 4694 3226
f 3226 4694 4691
f 3226 4691 3227
f 3230 4688 4687
f 3230 4687 3231
f 3231 4687 3244
f 3242 4695 3233
f 3242 4690 4695
f 3233 4695 3245
f 3243 4689 3239
f 3243 4693 4689
f 3239 4689 3235
f 4698 4691 4694
f 4698 4694 4686
f 4696 4698 4687
f 4687 4698 4686
f 4699 4696 4687
f 4699 4687 4688
f 4700 4688 3245
f 4700 4699 4688
f 4700 3245 4695
f 4700 4695 4690
f 4700 4690 4689
f 4700 4689 4693
f 4696 4700 4693
f 4696 4693 4698
f 4698 4693 4692
f 4698 4692 4691
f 4702 4701 4697
f 4700 4701 4702
f 4699 4702 4697
f 4699 4697 4696
f 4696 4697 4701
f 4696 4703 4700
f 4696 4701 4703
f 4703 4701 4700
f 4700 4702 4699
f 3402 3401 4704
f 3402 4704 3329
f 3402 3329 3330
f 3329 4704 3401
f 3329 3401 3326
f 3398 3330 3329
f 3397 3402 3330
f 3397 3330 3398
f 3328 3402 3397
f 3806 4705 4006
f 3809 4354 4705
f 3809 4705 3806
f 4007 4006 4705
f 4007 4705 4354
f 3809 4706 3822
f 4707 3822 4706
f 4283 4355 3822
f 3821 4283 3822
f 3800 3801 3802
f 4707 3820 3821
f 4707 3821 3822
f 4707 3802 3801
f 4707 3801 3820
f 4707 4708 3802
f 3796 3800 3802
f 3796 3802 4708
f 3819 3800 3797
f 3818 3819 3797
f 3818 3797 3799
f 3799 3797 4272
f 3798 4272 3797
f 3799 4272 3818
f 4709 4710 4711
f 4709 4711 4712
f 4710 4713 4711
f 4712 4711 4714
f 4712 4714 4715
f 4715 4714 4716
f 4715 4716 4717
f 4716 4718 4719
f 4717 4716 4719
f 4717 4719 3670
f 3661 4720 4721
f 3661 4721 3662
f 4720 4722 4721
f 3662 4721 4723
f 3662 4723 3664
f 3664 4723 4724
f 3664 4724 4725
f 4724 4713 4710
f 4725 4724 4710
f 4725 4710 4709
f 3667 4726 4727
f 3667 4727 3668
f 4726 4728 4727
f 4727 4728 4722
f 4727 4722 4720
f 3668 4727 4720
f 3668 4720 3661
f 3657 4729 4730
f 3657 4730 4731
f 4729 3834 4728
f 4729 4728 4730
f 4730 4728 4726
f 4731 4730 4726
f 4731 4726 3667
f 3670 4719 4732
f 3670 4732 3655
f 4719 4718 4733
f 4719 4733 4732
f 4732 4733 4734
f 4732 4734 3834
f 4732 3834 4729
f 3655 4732 4729
f 3655 4729 3657
f 3683 4735 4736
f 3683 4736 4737
f 4735 4738 4736
f 4737 4736 4739
f 4737 4739 4740
f 4740 4739 4741
f 4740 4741 4742
f 4741 4713 4743
f 4742 4741 4743
f 4742 4743 3674
f 3687 4744 4745
f 3687 4745 3688
f 4744 4746 4745
f 4745 4746 4747
f 4745 4747 4748
f 3688 4745 4748
f 3688 4748 3689
f 4749 4750 4751
f 4749 4751 4752
f 4750 4722 4746
f 4750 4746 4751
f 4751 4746 4744
f 4752 4751 4744
f 4752 4744 3687
f 3677 4723 4721
f 3677 4721 4753
f 4721 4722 4750
f 4753 4721 4750
f 4753 4750 4749
f 3674 4743 4754
f 3674 4754 3675
f 4743 4713 4724
f 4743 4724 4754
f 4754 4724 4723
f 3675 4754 4723
f 3675 4723 3677
f 3689 4748 4755
f 3689 4755 4756
f 4748 4747 4755
f 4756 4755 4757
f 4756 4757 3681
f 3681 4757 4758
f 3681 4758 3682
f 4758 4738 4735
f 3682 4758 4735
f 3682 4735 3683
f 4759 4760 4761
f 4759 4761 4762
f 4760 1767 4761
f 4762 4761 3699
f 3699 4761 4763
f 3699 4763 3700
f 4763 4738 4764
f 3700 4763 4764
f 3700 4764 3701
f 3708 4765 4766
f 4765 4767 1772
f 4765 1772 4768
f 4766 4765 4768
f 4766 4768 3692
f 3705 4769 4765
f 3705 4765 3706
f 4769 4747 4767
f 4769 4767 4765
f 3706 4765 3708
f 3713 4757 4755
f 3713 4755 4770
f 4755 4747 4769
f 4770 4755 4769
f 4770 4769 3705
f 3701 4764 4771
f 3701 4771 3712
f 4764 4738 4758
f 4764 4758 4771
f 4771 4758 4757
f 3712 4771 4757
f 3712 4757 3713
f 3695 1780 1779
f 3695 1779 4772
f 1779 1767 4760
f 4772 1779 4760
f 4772 4760 4759
f 3692 4768 1781
f 3692 1781 3693
f 4768 1772 1781
f 3693 1781 1780
f 3693 1780 3695
f 3640 4773 4774
f 3640 4774 3636
f 4773 1785 4774
f 3636 4774 3634
f 3634 4774 4775
f 3634 4775 4776
f 4775 4777 4778
f 4776 4775 4778
f 4776 4778 4779
f 3645 4761 3643
f 4761 1767 4780
f 3643 4761 4780
f 3643 4780 3641
f 3646 4781 4763
f 3646 4763 4782
f 4781 4738 4763
f 4782 4763 4761
f 4782 4761 3645
f 3651 4783 4784
f 3651 4784 3648
f 4784 4738 4781
f 3648 4784 4781
f 3648 4781 3646
f 4779 4778 4785
f 4779 4785 4786
f 4778 4777 4785
f 4786 4785 4783
f 4786 4783 3651
f 3652 1800 4787
f 3652 4787 4788
f 1800 1801 4787
f 4787 1801 1785
f 4787 1785 4773
f 4788 4787 4773
f 4788 4773 3640
f 3641 4780 4789
f 3641 4789 3653
f 4780 1767 1803
f 4780 1803 4789
f 4789 1803 1800
f 3653 4789 1800
f 3653 1800 3652
f 3629 4790 4791
f 3629 4791 4792
f 4790 4777 4791
f 4792 4791 4793
f 4792 4793 3621
f 3621 4793 4794
f 3621 4794 3620
f 4794 4795 3619
f 3620 4794 3619
f 3622 4739 4796
f 3622 4796 4797
f 4739 4736 4796
f 4796 4736 4738
f 4797 4796 4798
f 3626 4799 4741
f 3626 4741 3623
f 4799 4713 4741
f 3623 4741 4739
f 3623 4739 3622
f 3627 4800 4799
f 3627 4799 4801
f 4801 4799 3626
f 3619 4802 3628
f 3619 4795 4802
f 3628 4802 4800
f 3628 4800 3627
f 4798 4796 4803
f 4798 4803 4804
f 4796 4738 4784
f 4796 4784 4803
f 4803 4784 4783
f 4804 4803 4783
f 4804 4783 3633
f 3633 4783 4785
f 3633 4785 3631
f 4785 4777 4790
f 3631 4785 4790
f 3631 4790 3629
f 3600 4805 4806
f 3600 4806 3609
f 4805 4795 4806
f 4806 4807 4808
f 3609 4806 4808
f 3609 4808 3607
f 3607 4808 4809
f 3607 4809 4810
f 4808 4807 4809
f 4809 4811 4812
f 4810 4809 4812
f 4810 4812 4813
f 3618 4714 4711
f 3618 4711 3615
f 4711 4713 4814
f 3615 4711 4814
f 3615 4814 3612
f 3593 4815 4816
f 3593 4816 4817
f 4815 4718 4716
f 4815 4716 4816
f 4816 4716 4714
f 4817 4816 4714
f 4817 4714 3618
f 4813 4812 4818
f 4813 4818 4819
f 4812 4811 4820
f 4812 4820 4818
f 4818 4820 4821
f 4819 4818 4821
f 4819 4821 3599
f 3599 4821 4822
f 3599 4822 3596
f 4821 4820 4822
f 4822 4820 4718
f 4822 4718 4815
f 3596 4822 4815
f 3596 4815 3593
f 3612 4814 4823
f 3612 4823 4824
f 4814 4713 4799
f 4814 4799 4823
f 4823 4799 4800
f 4823 4800 4825
f 4824 4823 4825
f 4824 4825 3606
f 3606 4825 4826
f 3606 4826 3603
f 4825 4800 4802
f 4825 4802 4826
f 4826 4802 4795
f 4826 4795 4805
f 3603 4826 4805
f 3603 4805 3600
f 3570 4827 4828
f 3570 4828 3578
f 4827 1844 4828
f 3578 4828 3576
f 3576 4828 4829
f 3576 4829 4830
f 4830 4829 4832
f 3586 4774 3583
f 4774 1785 4833
f 3583 4774 4833
f 3583 4833 3581
f 3587 4834 4835
f 3587 4835 4836
f 4834 4777 4775
f 4834 4775 4835
f 4835 4775 4774
f 4836 4835 4774
f 4836 4774 3586
f 3592 4837 4838
f 3592 4838 3589
f 4838 4777 4834
f 3589 4838 4834
f 3589 4834 3587
f 4832 4829 4839
f 4832 4839 4840
f 4829 4831 4839
f 4840 4839 4837
f 4840 4837 3592
f 3575 4841 4842
f 3575 4842 3572
f 4841 1858 1859
f 4841 1859 4842
f 4842 1859 1844
f 4842 1844 4827
f 3572 4842 4827
f 3572 4827 3570
f 3581 4833 4843
f 3581 4843 4844
f 4833 1785 1862
f 4833 1862 4843
f 4843 1862 1858
f 4843 1858 4841
f 4844 4843 4841
f 4844 4841 3575
f 4845 4846 4847
f 4845 4847 4848
f 4846 4831 4847
f 4848 4847 4849
f 4848 4849 3566
f 3566 4849 4850
f 3566 4850 3565
f 4850 4851 3564
f 3565 4850 3564
f 3567 4793 4791
f 3567 4791 4852
f 4791 4777 4853
f 4852 4791 4853
f 4852 4853 3563
f 3555 4854 4855
f 3555 4855 3568
f 4854 4795 4794
f 4854 4794 4855
f 4855 4794 4793
f 3568 4855 4793
f 3568 4793 3567
f 3559 4856 4854
f 3559 4854 3557
f 3557 4854 3555
f 3564 4857 4858
f 3564 4851 4857
f 4858 4857 4856
f 4858 4856 3559
f 3563 4853 4859
f 3563 4859 3561
f 4853 4777 4838
f 4853 4838 4859
f 4859 4838 4837
f 3561 4859 4837
f 3561 4837 3560
f 3560 4837 4839
f 3560 4839 4860
f 4839 4831 4846
f 4860 4839 4846
f 4860 4846 4845
f 4861 4862 4863
f 4861 4863 4864
f 4862 4851 4865
f 4862 4865 4863
f 4863 4865 4866
f 4864 4863 4866
f 4864 4866 4867
f 4867 4866 4868
f 4867 4868 4869
f 4868 3807 4870
f 4869 4868 4870
f 4869 4870 3547
f 3542 4807 4806
f 3542 4806 3543
f 4806 4795 4871
f 3543 4806 4871
f 3543 4871 3544
f 4872 4873 4874
f 4872 4874 4875
f 4873 4811 4809
f 4873 4809 4874
f 4874 4809 4807
f 4875 4874 4807
f 4875 4807 3542
f 3547 4870 4876
f 3547 4876 3548
f 4870 3807 4876
f 3548 4876 4877
f 3548 4877 3549
f 3549 4877 4878
f 3549 4878 4879
f 4877 4876 4878
f 4878 4876 4811
f 4878 4811 4873
f 4879 4878 4873
f 4879 4873 4872
f 3544 4871 4880
f 3544 4880 3552
f 4871 4795 4854
f 4871 4854 4880
f 4880 4854 4856
f 3552 4880 4856
f 3552 4856 3553
f 3553 4856 4857
f 3553 4857 4881
f 4857 4851 4862
f 4881 4857 4862
f 4881 4862 4861
f 3495 4882 4883
f 3495 4883 3491
f 4882 1903 4883
f 3491 4883 3489
f 3489 4883 4884
f 3489 4884 4885
f 4884 4886 4887
f 4885 4884 4887
f 4885 4887 4888
f 3501 4828 3500
f 4828 1844 4889
f 3500 4828 4889
f 3500 4889 3499
f 3484 4890 4829
f 3484 4829 4891
f 4890 4831 4829
f 4891 4829 4828
f 4891 4828 3501
f 4888 4887 4892
f 4888 4892 4893
f 4887 4886 4892
f 4893 4892 3488
f 3488 4892 4894
f 3488 4894 3486
f 4894 4831 4890
f 3486 4894 4890
f 3486 4890 3484
f 3499 4889 4895
f 3499 4895 3497
f 4889 1844 1915
f 4889 1915 4895
f 4895 1915 1916
f 4895 1916 4896
f 3497 4895 4896
f 3497 4896 3496
f 3496 4896 1918
f 3496 1918 4897
f 4896 1916 1918
f 1918 1903 4882
f 4897 1918 4882
f 4897 4882 3495
f 3532 4898 3530
f 3530 4898 4899
f 3530 4899 3529
f 3529 4899 4900
f 3529 4900 4901
f 4901 4900 4903
f 3535 4849 4904
f 3535 4904 3534
f 4849 4847 4904
f 4904 4847 4831
f 4904 4831 4905
f 3534 4904 4905
f 3534 4905 3533
f 3538 4906 4850
f 3538 4850 4907
f 4906 4851 4850
f 4907 4850 4849
f 4907 4849 3535
f 3537 4892 3536
f 4892 4886 4898
f 3536 4892 4898
f 3536 4898 3532
f 3533 4905 4892
f 3533 4892 4908
f 4905 4831 4894
f 4905 4894 4892
f 4908 4892 3537
f 3541 4909 4906
f 3541 4906 3539
f 3539 4906 3538
f 4903 4900 4910
f 4903 4910 4911
f 4900 4902 4910
f 4911 4910 4909
f 4911 4909 3541
f 3995 4866 4912
f 3995 4912 4913
f 4866 4865 4912
f 4912 4865 4851
f 4912 4851 4914
f 4913 4912 4914
f 4913 4914 4915
f 4000 4916 4917
f 4000 4917 3996
f 4916 3807 4868
f 4916 4868 4917
f 4917 4868 4866
f 3996 4917 4866
f 3996 4866 3995
f 4915 4914 4918
f 4915 4918 4919
f 4914 4851 4906
f 4914 4906 4918
f 4918 4906 4909
f 4919 4918 4909
f 4919 4909 4005
f 4005 4909 4910
f 4005 4910 4003
f 4910 4902 4920
f 4003 4910 4920
f 4003 4920 4001
f 4921 4922 3808
f 4921 3808 4923
f 4922 3809 3808
f 3808 3807 4916
f 4923 3808 4916
f 4923 4916 4000
f 4001 4920 4924
f 4001 4924 4009
f 4920 4902 4924
f 4009 4924 3942
f 3942 4924 4925
f 3942 4925 3940
f 4924 4902 4926
f 4924 4926 4925
f 4925 4926 4707
f 4925 4707 4927
f 3940 4925 4927
f 3940 4927 3937
f 3937 4927 4928
f 3937 4928 4929
f 4927 4707 4706
f 4927 4706 4928
f 4928 4706 3809
f 4928 3809 4922
f 4929 4928 4922
f 4929 4922 4921
f 3936 4930 3932
f 3932 4930 3931
f 3931 4930 4931
f 4931 4932 4933
f 3931 4931 4933
f 3931 4933 4934
f 4934 4933 4935
f 4933 4932 4936
f 4935 4933 3817
f 3817 4933 3813
f 4933 4936 4937
f 4933 4937 3914
f 3813 4933 3810
f 3921 4938 4939
f 4938 4902 4930
f 4939 4938 4930
f 4939 4930 3936
f 3927 4940 4938
f 3927 4938 3923
f 4940 4707 4926
f 4940 4926 4938
f 4938 4926 4902
f 3923 4938 3921
f 3810 4933 4941
f 3810 4941 4942
f 4933 3914 3930
f 4933 3930 4941
f 4941 3930 3796
f 4942 4941 3929
f 3929 4941 4943
f 3929 4943 3928
f 4941 3796 4708
f 4941 4708 4943
f 4943 4708 4707
f 4943 4707 4940
f 3928 4943 4940
f 3928 4940 3927
f 3522 4899 4944
f 4899 4898 4944
f 4944 4898 4886
f 3522 4944 3521
f 3527 4900 4945
f 3527 4902 4900
f 4945 4900 4899
f 4945 4899 3522
f 3523 4946 4948
f 3526 4949 3523
f 4949 4947 4946
f 3523 4949 4946
f 3521 4944 4949
f 3521 4949 3526
f 4930 4902 3527
f 3528 4930 3527
f 3523 4948 4930
f 4948 4932 4931
f 4948 4931 4930
f 3523 4930 3528
f 3507 4950 4883
f 3507 4883 3505
f 4883 1903 4951
f 3505 4883 4951
f 3505 4951 3502
f 4952 4953 4883
f 4952 4883 4954
f 4953 4886 4884
f 4953 4884 4883
f 4954 4883 4950
f 4954 4950 3507
f 3514 4955 3511
f 3511 4955 4956
f 3511 4956 3508
f 3508 4956 4957
f 3508 4957 4958
f 4958 4957 3518
f 3502 4951 4959
f 4951 1903 1969
f 4959 4951 3520
f 3520 4951 4955
f 3520 4955 3519
f 4951 1969 4955
f 4955 1969 1974
f 3519 4955 3514
f 3518 4957 4949
f 3518 4949 3515
f 4957 4947 4949
f 3515 4949 4944
f 3515 4944 4960
f 4944 4886 4953
f 4960 4944 4953
f 4960 4953 4952
f 4963 4964 4965
f 4963 4965 4966
f 4964 1772 4767
f 4964 4767 4965
f 4966 4965 4967
f 4967 4965 4968
f 4965 4767 4747
f 4965 4747 4969
f 4968 4965 4969
f 4968 4969 4970
f 4971 4972 4973
f 4971 4973 4974
f 4972 4975 4973
f 4973 4975 1998
f 4973 1998 4976
f 4974 4973 4976
f 4974 4976 4977
f 4978 4979 4980
f 4978 4980 4981
f 4979 4982 4975
f 4979 4975 4980
f 4980 4975 4972
f 4981 4980 4972
f 4981 4972 4971
f 4983 4984 4985
f 4984 4982 4979
f 4985 4984 4979
f 4985 4979 4978
f 4970 4969 4986
f 4970 4986 4987
f 4969 4747 4984
f 4969 4984 4986
f 4987 4986 4984
f 4987 4984 4983
f 4988 4989 4990
f 4989 2012 1772
f 4989 1772 4964
f 4990 4989 4964
f 4990 4964 4963
f 4977 4976 4989
f 4977 4989 4991
f 4976 1998 2014
f 4976 2014 4989
f 4989 2014 2012
f 4991 4989 4988
f 4992 4993 4994
f 4992 4994 4995
f 4993 4747 4746
f 4993 4746 4994
f 4994 4746 4996
f 4995 4994 4996
f 4995 4996 4997
f 4997 4996 4998
f 4997 4998 4999
f 4996 4746 4998
f 4998 4746 4722
f 4998 4722 5000
f 4999 4998 5000
f 4999 5000 5001
f 5002 5003 5004
f 5002 5004 5005
f 5003 5006 5004
f 5004 5006 4982
f 5004 4982 5007
f 5005 5004 5007
f 5005 5007 5008
f 5009 5010 5011
f 5009 5011 5012
f 5010 5013 5006
f 5010 5006 5011
f 5011 5006 5003
f 5012 5011 5003
f 5012 5003 5002
f 5014 5015 5016
f 5015 5013 5010
f 5016 5015 5010
f 5016 5010 5009
f 5001 5000 5017
f 5001 5017 5018
f 5017 5000 5015
f 5018 5017 5015
f 5018 5015 5014
f 5008 5007 5019
f 5008 5019 5020
f 5007 4982 4984
f 5007 4984 5019
f 5019 4984 5021
f 5020 5019 5021
f 5021 4984 4747
f 5021 4747 4993
f 5020 5021 4993
f 5020 4993 4992
f 5022 5023 5024
f 5022 5024 5025
f 5023 3834 5024
f 5025 5024 5026
f 5025 5026 5027
f 5027 5026 5028
f 5027 5028 5029
f 5029 5028 5031
f 3719 5032 5033
f 3719 5033 5034
f 5032 5013 5015
f 5032 5015 5033
f 5033 5015 5000
f 5034 5033 5000
f 5034 5000 3737
f 3737 5000 3738
f 5000 4722 5035
f 3738 5000 5035
f 3738 5035 3723
f 3716 5036 5037
f 3716 5037 3717
f 5036 5038 5037
f 5037 5038 5013
f 5037 5013 5032
f 3717 5037 5032
f 3717 5032 3719
f 5031 5028 5039
f 5031 5039 5040
f 5028 5030 5041
f 5028 5041 5039
f 5039 5041 5038
f 5039 5038 5036
f 5040 5039 5036
f 5040 5036 3716
f 3723 5035 5042
f 3723 5042 3724
f 5035 4722 4728
f 5035 4728 5042
f 5042 4728 5043
f 3724 5042 5043
f 3724 5043 3726
f 3726 5043 5044
f 3726 5044 5045
f 5043 4728 5044
f 5044 4728 3834
f 5044 3834 5023
f 5045 5044 5023
f 5045 5023 5022
f 4649 5046 5047
f 5046 2069 5048
f 5047 5046 5048
f 5047 5048 5049
f 4645 5050 5046
f 4645 5046 4646
f 5050 5051 5046
f 4646 5046 4649
f 5052 5053 5054
f 5052 5054 5055
f 5053 1998 4975
f 5053 4975 5054
f 5055 5054 4653
f 4653 5054 4654
f 5054 4975 4982
f 5054 4982 5056
f 4654 5054 5056
f 4654 5056 4641
f 4641 5056 5057
f 4641 5057 4642
f 5056 4982 5057
f 4642 5057 4643
f 4643 5057 5058
f 5057 5051 5050
f 5058 5057 5050
f 5058 5050 4645
f 5059 5060 2075
f 5059 2075 5061
f 2075 1998 5053
f 5061 2075 5053
f 5061 5053 5052
f 5049 5048 5060
f 5049 5060 5062
f 5048 2069 5060
f 5060 2069 2075
f 5062 5060 5059
f 5063 5064 5065
f 5063 5065 5066
f 5064 5067 5068
f 5064 5068 5065
f 5065 5068 5051
f 5065 5051 5069
f 5066 5065 5069
f 5066 5069 5070
f 5071 5072 5073
f 5071 5073 5074
f 5072 5075 5067
f 5072 5067 5073
f 5073 5067 5064
f 5074 5073 5064
f 5074 5064 5063
f 4627 5076 5077
f 4627 5077 4628
f 5076 4982 5006
f 5076 5006 5077
f 4628 5077 4630
f 4630 5077 5078
f 5077 5006 5013
f 5077 5013 5079
f 5078 5077 5079
f 5078 5079 4634
f 4634 5079 5080
f 4634 5080 4635
f 5079 5013 5080
f 4635 5080 4636
f 4636 5080 5081
f 4636 5081 5082
f 5081 5075 5072
f 5082 5081 5072
f 5082 5072 5071
f 4639 5083 5057
f 4639 5057 4640
f 5057 4982 5076
f 4640 5057 5076
f 4640 5076 4627
f 5070 5069 5084
f 5070 5084 5085
f 5069 5051 5057
f 5069 5057 5084
f 5084 5057 5083
f 5085 5084 5083
f 5085 5083 4639
f 3349 5086 5046
f 3349 5046 3346
f 5086 2069 5046
f 3346 5046 3345
f 3345 5046 5087
f 3345 5087 5088
f 5087 5046 5051
f 5088 5087 5089
f 5090 5091 5092
f 5090 5092 5093
f 3352 5090 5093
f 3352 5093 3350
f 5089 5087 5090
f 5089 5090 5094
f 5087 5051 5091
f 5087 5091 5090
f 5094 5090 3352
f 3340 5095 5086
f 3340 5086 5096
f 5095 2069 5086
f 5096 5086 3349
f 3343 5097 5095
f 3343 5095 3341
f 5097 2117 5095
f 5095 2117 2069
f 3341 5095 3340
f 3350 5093 5098
f 5098 5093 5099
f 5098 5099 3344
f 5099 2117 5097
f 3344 5099 5097
f 3344 5097 3343
f 5100 5102 5103
f 4961 4962 3742
f 4961 3742 3741
f 5112 5114 5113
f 3474 5118 2139
f 3474 2139 438
f 3475 5119 5118
f 3475 5118 3474
f 3477 5122 3476
f 3477 5123 5122
f 5122 5123 5119
f 5122 5119 3475
f 3476 5122 3475
f 5125 5126 3745
f 5124 5125 3745
f 5124 3745 3744
f 3480 5127 3478
f 5127 5128 5123
f 5127 5123 3478
f 3478 5123 3477
f 5118 5110 5133
f 5118 5133 2139
f 5119 5135 5118
f 5119 5105 5110
f 5119 5110 5135
f 5118 5135 5110
f 5104 5105 5119
f 5123 5104 5119
f 5140 5637 5141
f 5143 5637 5140
f 5637 5144 5141
f 5141 5144 5145
f 5141 5145 5128
f 5132 5131 5146
f 5110 5147 5133
f 5133 5147 2167
f 5133 2167 2139
f 5128 5145 5104
f 5128 5104 5123
f 3748 4956 4955
f 4955 1974 2177
f 3748 4955 2177
f 3748 2177 3747
f 5120 5151 4957
f 5151 4947 4957
f 5120 4957 4956
f 5120 4956 3748
f 5152 4947 5151
f 5121 5152 5151
f 5121 5151 5120
f 2177 2176 3747
f 3744 5153 5124
f 5124 5153 5154
f 5124 5154 5156
f 5156 5154 5152
f 5154 5155 5152
f 3746 3747 5153
f 3746 5153 3744
f 3747 2176 2183
f 3747 2183 5153
f 5153 2183 2179
f 5116 4948 4946
f 4946 4947 5157
f 5116 4946 5157
f 5116 5157 3743
f 5116 5158 4948
f 5158 4932 4948
f 3743 5157 3741
f 5157 4947 5152
f 5159 5160 5116
f 5160 4932 5158
f 5116 5160 5158
f 5161 5162 4961
f 3741 5157 5161
f 3741 5161 4961
f 5157 5152 5161
f 5161 5152 5155
f 4961 5162 5163
f 4961 5163 5159
f 5164 5165 5166
f 5165 3914 5167
f 5166 5165 5167
f 5166 5167 3757
f 3752 5168 5160
f 3752 5160 3750
f 5168 4932 5160
f 3750 5160 3749
f 3753 5169 5170
f 5169 4936 4932
f 5169 4932 5168
f 5170 5169 5168
f 5170 5168 3752
f 3757 5167 5169
f 3757 5169 3753
f 5167 3914 4937
f 5167 4937 5169
f 5169 4937 4936
f 5112 5171 5172
f 5171 5142 5173
f 5172 5171 5173
f 5172 5173 5174
f 5115 5175 5113
f 5113 5175 5171
f 5113 5171 5112
f 5174 5173 5176
f 5173 5142 5164
f 5176 5173 5164
f 3749 5160 5175
f 3749 5175 5115
f 5160 5159 5163
f 5160 5163 5175
f 5175 5163 5162
f 5177 5654 5136
f 5107 5153 5103
f 5109 5178 5107
f 5178 5155 5154
f 5178 5154 5153
f 5107 5178 5153
f 5103 5153 5100
f 5153 2179 2203
f 5134 5178 5109
f 5100 5153 5177
f 5153 2203 5177
f 5177 2203 2713
f 5179 5180 5111
f 5148 5179 5111
f 5161 5155 5138
f 5139 5162 5161
f 5139 5161 5138
f 5138 5155 5178
f 5138 5178 5148
f 5178 5134 5136
f 5178 5136 5148
f 5148 5136 5654
f 5111 5180 5181
f 5182 5183 5146
f 5146 5183 5106
f 5146 5106 5132
f 5129 5184 5171
f 5129 5171 5185
f 5184 5142 5171
f 5185 5171 5150
f 5150 5171 5175
f 5150 5175 5149
f 5143 5142 5184
f 5130 5143 5184
f 5130 5184 5129
f 5175 5162 5139
f 5175 5139 5181
f 5132 5106 5143
f 5132 5143 5131
f 5131 5143 5130
f 5175 5181 5180
f 5175 5180 5182
f 5149 5175 5182
f 4317 3906 3904
f 4316 4317 3904
f 4316 3904 4298
f 3917 4207 3918
f 4200 4325 4207
f 3899 3918 4207
f 3899 4207 4325
f 3218 3228 4674
f 4683 4674 3228
f 5191 5192 5193
f 5193 5192 3383
f 3234 4662 4667
f 4662 3393 5201
f 4662 5201 4667
f 5075 4681 5202
f 5075 5202 5203
f 3393 3394 5201
f 3396 5204 3394
f 5201 3394 5204
f 4682 3241 3240
f 4682 3240 3238
f 4682 5205 4683
f 5075 4674 4683
f 5075 4683 5205
f 4680 3238 3237
f 4680 3237 3234
f 4680 3234 4667
f 4666 4680 4667
f 5201 5209 5210
f 5201 5210 4667
f 5209 5211 5212
f 5209 5212 5210
f 5210 5212 4669
f 5210 4669 4668
f 4667 5210 4668
f 4664 4663 5213
f 4664 5213 5202
f 4666 4664 5202
f 4666 5202 4681
f 5075 5205 4681
f 4682 4680 5205
f 4681 5205 4680
f 3396 5214 5204
f 5211 5209 5214
f 5201 5204 5214
f 5201 5214 5209
f 3346 5215 3342
f 3346 3347 5215
f 3342 5215 5216
f 3342 5216 3341
f 3341 5216 3344
f 5215 5217 5216
f 5217 3352 3351
f 5216 5217 3351
f 5216 3351 3344
f 3347 5217 5215
f 5217 3347 3352
f 3352 3347 5094
f 5094 3347 5089
f 5089 3347 5088
f 5088 3347 3345
f 3344 3351 5098
f 5098 3351 3350
f 3349 3348 5096
f 3348 3346 3342
f 3348 3342 5096
f 5096 3342 3340
f 5052 5055 5218
f 5055 4653 4655
f 5055 4655 5219
f 5218 5055 5219
f 5218 5219 5220
f 4649 5047 5221
f 5047 5049 5222
f 5047 5222 5221
f 4649 5221 5222
f 4649 5222 4650
f 5058 4645 4648
f 5058 4648 4652
f 5070 5085 5223
f 5085 4639 5224
f 5223 5085 5224
f 5082 5071 5225
f 5082 5225 5226
f 4636 5082 5226
f 4636 5226 4637
f 4630 5078 4631
f 5071 5074 5227
f 5071 5227 5225
f 5074 5063 5227
f 5227 5063 5228
f 5227 5228 5229
f 5225 5227 5229
f 5225 5229 5226
f 5230 4674 5231
f 5230 5231 5232
f 5231 4674 5075
f 5231 5075 5233
f 5232 5231 5233
f 5232 5233 5234
f 5235 5236 4674
f 5235 4674 5237
f 5236 4675 4674
f 5237 4674 5230
f 4618 5238 5239
f 4618 5239 4619
f 5238 5013 5038
f 5238 5038 5239
f 5239 5038 5240
f 4619 5239 5240
f 4619 5240 4620
f 4620 5240 5241
f 4620 5241 5242
f 5240 5038 5041
f 5240 5041 5241
f 5241 5041 5030
f 5241 5030 5243
f 5242 5241 5243
f 5242 5243 4622
f 4622 5243 5244
f 4622 5244 4623
f 5243 5030 5244
f 4623 5244 4624
f 4624 5244 5245
f 5244 4675 5236
f 5245 5244 5236
f 5245 5236 5235
f 5080 5013 5238
f 4626 5080 5238
f 4626 5238 4618
f 5234 5233 5246
f 5234 5246 5247
f 5233 5075 5081
f 5233 5081 5246
f 5246 5081 5080
f 5247 5246 5080
f 5247 5080 4626
f 5248 5249 4677
f 5248 4677 5250
f 5249 4676 4677
f 4677 4675 5251
f 5250 4677 5251
f 5250 5251 4612
f 4610 5252 5253
f 4610 5253 5254
f 5252 5255 4676
f 5252 4676 5253
f 5253 4676 5249
f 5254 5253 5249
f 5254 5249 5248
f 4616 5256 5257
f 4616 5257 4617
f 5256 5030 5258
f 5256 5258 5257
f 5257 5258 5259
f 5257 5259 5260
f 4617 5257 5260
f 4617 5260 4604
f 4604 5260 5261
f 4604 5261 4605
f 5260 5259 5262
f 5260 5262 5261
f 5261 5262 3451
f 5261 3451 5263
f 4605 5261 5263
f 4605 5263 4606
f 4606 5263 5264
f 4606 5264 5265
f 5263 3451 5264
f 5265 5264 4608
f 4608 5264 5266
f 4608 5266 4609
f 5266 5255 5252
f 4609 5266 5252
f 4609 5252 4610
f 4614 5267 5268
f 5267 5244 5030
f 5267 5030 5256
f 5268 5267 5256
f 5268 5256 4616
f 4612 5251 5267
f 4612 5267 4613
f 5251 4675 5244
f 5251 5244 5267
f 4613 5267 4614
f 5029 5031 5269
f 5027 5029 5270
f 5247 4626 5271
f 5234 5247 5271
f 4620 5242 4621
f 5272 5273 5274
f 5272 5274 5275
f 5273 4626 5274
f 5274 4626 4618
f 5274 4618 4619
f 5275 5274 4619
f 5275 4619 4621
f 5232 5234 5276
f 5230 5232 5276
f 4610 5254 4656
f 5254 5248 4658
f 5254 4658 4656
f 5235 5277 5278
f 5235 5278 5245
f 5277 5230 5279
f 5277 5279 5278
f 5278 5279 5272
f 5278 5272 5280
f 5245 5278 5280
f 5245 5280 4624
f 5268 4616 5281
f 4614 5268 5281
f 5265 4608 5282
f 4606 5265 5282
f 4742 3674 3676
f 4742 3676 3680
f 4740 4742 5283
f 4770 3705 3707
f 4770 3707 3711
f 3713 4770 3714
f 4766 3692 3694
f 4766 3694 3698
f 3708 4766 3709
f 4759 4762 5284
f 4762 3699 3704
f 4762 3704 5285
f 5284 4762 5285
f 5284 5285 5286
f 3638 3635 5287
f 3638 5287 5288
f 3635 3637 5289
f 3635 5289 5287
f 5287 5289 5290
f 5287 5290 5291
f 5288 5287 5291
f 5288 5291 3654
f 3654 5291 5292
f 3654 5292 3653
f 5291 5290 5293
f 5291 5293 5292
f 5292 5293 3645
f 5292 3645 3644
f 3653 5292 3644
f 3653 3644 3642
f 5290 5294 5295
f 5290 5295 5293
f 5294 3650 3648
f 5294 3648 5295
f 5295 3648 3649
f 5295 3649 5296
f 5293 5295 5296
f 5293 5296 3645
f 3637 5297 5298
f 3637 5298 5289
f 5297 5299 5300
f 5297 5300 5298
f 5298 5300 3650
f 5298 3650 5294
f 5289 5298 5294
f 5289 5294 5290
f 3640 3639 4788
f 3639 3638 5288
f 3639 5288 4788
f 4788 5288 3654
f 4788 3654 3652
f 3651 3650 5300
f 3651 5300 4786
f 5300 5299 5301
f 4786 5300 5301
f 4786 5301 4779
f 3645 5296 4782
f 5296 3649 3647
f 4782 5296 3647
f 4782 3647 3646
f 4779 5301 5302
f 4779 5302 4776
f 5301 5299 5297
f 5301 5297 5302
f 5302 5297 3637
f 5302 3637 3634
f 4776 5302 3634
f 3573 3580 5303
f 3573 5303 3572
f 3580 3579 5304
f 3580 5304 5303
f 5303 5304 5305
f 5303 5305 5306
f 3572 5303 5306
f 3572 5306 3574
f 3574 5306 5307
f 3574 5307 5308
f 5306 5305 5309
f 5306 5309 5307
f 5307 5309 3586
f 5307 3586 3585
f 5308 5307 3585
f 5308 3585 3584
f 5305 5310 5311
f 5305 5311 5309
f 5310 3591 3589
f 5310 3589 5311
f 5311 3589 3590
f 5311 3590 5312
f 5309 5311 5312
f 5309 5312 3586
f 3579 5313 5314
f 3579 5314 5304
f 5313 5315 5316
f 5313 5316 5314
f 5314 5316 3591
f 5314 3591 5310
f 5304 5314 5310
f 5304 5310 5305
f 3592 3591 5316
f 3592 5316 4840
f 4840 5316 5315
f 4840 5315 4832
f 3586 5312 4836
f 5312 3590 3588
f 4836 5312 3588
f 4836 3588 3587
f 4832 5315 5317
f 4832 5317 4830
f 5315 5313 5317
f 5317 5313 3579
f 5317 3579 3576
f 4830 5317 3576
f 3575 3574 5308
f 3575 5308 4844
f 5308 3584 3582
f 4844 5308 3582
f 4844 3582 3581
f 3493 3490 5318
f 3493 5318 5319
f 3490 3492 5320
f 3490 5320 5318
f 5318 5320 5321
f 5318 5321 5322
f 5319 5318 5322
f 5319 5322 3496
f 3496 5322 5323
f 3496 5323 3497
f 5322 5321 5324
f 5322 5324 5323
f 5323 5324 3501
f 5323 3501 3500
f 3497 5323 3500
f 3497 3500 3498
f 5321 5325 5326
f 5321 5326 5324
f 5325 3487 3486
f 5325 3486 5326
f 5326 3486 3485
f 5326 3485 5327
f 5324 5326 5327
f 5324 5327 3501
f 3492 5328 5329
f 3492 5329 5320
f 5328 5330 5331
f 5328 5331 5329
f 5329 5331 3487
f 5329 3487 5325
f 5320 5329 5325
f 5320 5325 5321
f 3501 5327 4891
f 4891 5327 3485
f 4891 3485 3484
f 3495 3494 4897
f 3494 3493 5319
f 3494 5319 4897
f 4897 5319 3496
f 4888 5330 4885
f 5330 5328 4885
f 4885 5328 3492
f 4885 3492 3489
f 3488 3487 5331
f 3488 5331 4893
f 4893 5331 5330
f 4893 5330 4888
f 5332 5333 3516
f 5332 3507 5333
f 3516 5333 3515
f 5333 3512 3515
f 5334 3519 3512
f 5333 5334 3512
f 3507 3506 5334
f 3507 5334 5333
f 3506 3503 5334
f 5334 3503 3519
f 4952 5335 4960
f 5335 5332 3516
f 5335 3516 4960
f 4960 3516 3515
f 3520 3519 3503
f 3520 3503 4959
f 4959 3503 3502
f 3518 3517 5336
f 3518 5336 4958
f 3517 3515 5336
f 5336 3515 3512
f 5336 3512 3509
f 4958 5336 3509
f 4958 3509 3508
f 3507 5337 4954
f 3507 5332 5337
f 5337 5332 5335
f 4954 5337 5335
f 4954 5335 4952
f 5338 5121 3748
f 5338 3748 3747
f 5338 3747 3746
f 3746 3745 5338
f 5338 3745 5126
f 5338 5126 5121
f 5156 5339 5125
f 5156 5125 5124
f 5339 5126 5125
f 3748 5121 5120
f 5121 5339 5152
f 5121 5126 5339
f 5152 5339 5156
f 5340 5137 5109
f 5101 5341 5137
f 5101 5137 5340
f 5102 5100 5101
f 5102 5101 5340
f 5102 5340 5108
f 5108 5340 5107
f 5107 5340 5109
f 5136 5137 5341
f 5136 5341 5177
f 5134 5109 5137
f 5134 5137 5136
f 5177 5341 5100
f 5341 5101 5100
f 5103 5102 5107
f 5107 5102 5108
f 5342 5343 5344
f 5342 5344 5345
f 5343 5346 5347
f 5343 5347 5344
f 5344 5347 5348
f 5344 5348 5349
f 5345 5344 5349
f 5345 5349 5350
f 5342 5351 5352
f 5342 5352 5343
f 5351 5353 5354
f 5351 5354 5352
f 5352 5354 5355
f 5352 5355 5356
f 5343 5352 5356
f 5343 5356 5346
f 4749 4752 5357
f 4752 3687 3691
f 4752 3691 5358
f 5357 4752 5358
f 5357 5358 5359
f 3689 4756 3690
f 4756 3681 3686
f 4756 3686 5360
f 3690 4756 5360
f 4753 4749 5357
f 4753 5357 5359
f 3677 4753 3678
f 3630 5361 5362
f 3630 5362 3631
f 5361 3621 5363
f 5361 5363 5362
f 5362 5363 5364
f 5362 5364 5365
f 3631 5362 5365
f 3631 5365 3632
f 3632 5365 5366
f 3632 5366 5367
f 5365 5364 5368
f 5365 5368 5366
f 5366 5368 3624
f 5366 3624 5369
f 5367 5366 5369
f 5364 5370 5371
f 5364 5371 5368
f 5370 3627 3625
f 5370 3625 5371
f 5371 3625 3623
f 5368 5371 3623
f 5368 3623 3624
f 3621 3620 5372
f 3621 5372 5363
f 3620 3619 3628
f 3620 3628 5372
f 5372 3628 3627
f 5372 3627 5370
f 5363 5372 5370
f 5363 5370 5364
f 3633 3632 5367
f 3633 5367 4804
f 4804 5367 4798
f 3626 3625 4801
f 4801 3625 3627
f 4798 5367 4797
f 5367 5369 4797
f 4797 5369 3624
f 4797 3624 3622
f 3621 5361 4792
f 4792 5361 3630
f 4792 3630 3629
f 5373 3566 5375
f 5373 5375 5374
f 5374 5375 5376
f 5373 5374 5376
f 5373 5376 3560
f 3560 5376 5377
f 3560 5377 3561
f 5376 5375 5378
f 5376 5378 5377
f 5377 5378 3569
f 5377 3569 5379
f 3561 5377 5379
f 3561 5379 3562
f 5375 5380 5381
f 5375 5381 5378
f 5380 3558 3557
f 5380 3557 5381
f 5381 3557 3556
f 5381 3556 3568
f 5378 5381 3568
f 5378 3568 3569
f 3566 3565 5382
f 3566 5382 5375
f 3565 3564 5383
f 3565 5383 5382
f 5382 5383 3558
f 5382 3558 5380
f 5375 5382 5380
f 3563 3562 4852
f 3562 5379 4852
f 4852 5379 3569
f 4852 3569 3567
f 3566 5373 4848
f 4848 5373 4845
f 4845 5373 4860
f 4860 5373 3560
f 3559 3558 5383
f 3559 5383 4858
f 4858 5383 3564
f 3530 5384 3536
f 3530 3529 5384
f 3536 5384 5385
f 3536 5385 5386
f 5385 5384 3535
f 5385 3535 3534
f 5386 5385 3534
f 5386 3534 3533
f 5387 3540 3539
f 5387 3539 3538
f 5387 3538 5388
f 5384 5387 5388
f 5384 5388 3535
f 3529 5389 5387
f 3529 5387 5384
f 5387 5389 3540
f 3541 3540 5389
f 3541 5389 4911
f 4911 5389 4903
f 3537 3536 5386
f 3537 5386 4908
f 4908 5386 3533
f 3535 5388 4907
f 4907 5388 3538
f 4903 5389 4901
f 4901 5389 3529
f 3527 3522 5390
f 3527 5390 3528
f 3528 5390 3525
f 5390 3526 3525
f 3522 3526 5390
f 3522 3521 3526
f 3528 5391 3523
f 3523 5391 3524
f 5391 3528 3525
f 5391 3525 3524
f 3522 3527 4945
f 3741 3742 5392
f 5392 5393 5117
f 3742 4962 5392
f 5392 4962 5393
f 3743 3741 5392
f 3743 5392 5116
f 5116 5392 5117
f 5159 5393 4962
f 5159 4962 5394
f 5159 5394 4961
f 5394 4962 4961
f 5116 5117 5393
f 5116 5393 5159
f 5138 5395 5396
f 5395 5111 5396
f 5396 5111 5139
f 5138 5148 5111
f 5138 5111 5395
f 5139 5111 5181
f 5138 5396 5139
f 3719 5034 3720
f 5034 3737 3740
f 5034 3740 3721
f 3720 5034 3721
f 5045 5022 5397
f 5045 5397 5398
f 5031 5040 5399
f 5031 5399 5269
f 5040 3716 5399
f 5399 3716 3722
f 5399 3722 5400
f 5269 5399 5400
f 3657 4731 5401
f 3657 5401 3658
f 4731 3667 5401
f 5401 3667 3669
f 5401 3669 5402
f 3658 5401 5402
f 3658 5402 3659
f 3664 4725 5403
f 4725 4709 5404
f 4725 5404 5403
f 5403 5404 5405
f 5403 5405 5406
f 3664 5403 5406
f 3664 5406 3665
f 4715 4717 5407
f 4715 5407 5408
f 4717 3670 3672
f 4717 3672 5407
f 5407 3672 3673
f 5407 3673 5409
f 5408 5407 5409
f 5408 5409 5410
f 3604 3611 5411
f 3604 5411 3605
f 3611 3610 5412
f 3611 5412 5411
f 5411 5412 5413
f 5411 5413 5414
f 3605 5411 5414
f 3605 5414 3606
f 3606 5414 5415
f 3606 5415 5416
f 5414 5413 5417
f 5414 5417 5415
f 5415 5417 3618
f 5415 3618 3617
f 5416 5415 3617
f 5416 3617 3616
f 5413 5418 5419
f 5413 5419 5417
f 5418 3599 3598
f 5418 3598 5419
f 5419 3598 3597
f 5419 3597 5420
f 5417 5419 5420
f 5417 5420 3618
f 3610 5421 5422
f 3610 5422 5412
f 5421 5423 5424
f 5421 5424 5422
f 5422 5424 3599
f 5422 3599 5418
f 5412 5422 5418
f 5412 5418 5413
f 3618 5425 4817
f 3618 5420 5425
f 5425 5420 3597
f 5425 3597 3594
f 4817 5425 3594
f 4817 3594 3593
f 4813 5426 5427
f 4813 5427 4810
f 5426 5423 5421
f 5426 5421 5427
f 5427 5421 3610
f 5427 3610 3607
f 4810 5427 3607
f 3606 5416 4824
f 5416 3616 3613
f 4824 5416 3613
f 4824 3613 3612
f 3599 5424 4819
f 5424 5423 5426
f 4819 5424 5426
f 4819 5426 4813
f 4881 4861 5428
f 4879 4872 5429
f 4879 5429 5430
f 3549 4879 3550
f 4872 4875 5429
f 4875 3542 3546
f 4875 3546 5431
f 5429 4875 5431
f 5429 5431 5430
f 4867 4869 5432
f 5433 5434 5435
f 5433 5435 5436
f 5434 3998 3996
f 5434 3996 5435
f 5435 3996 3997
f 5435 3997 5437
f 5436 5435 5437
f 5436 5437 5438
f 5439 5440 5441
f 5439 5441 5442
f 5440 4005 5443
f 5440 5443 5441
f 5441 5443 5438
f 5441 5438 5437
f 5442 5441 5437
f 5442 5437 3997
f 5433 5436 5444
f 5433 5444 5445
f 5436 5438 5446
f 5436 5446 5444
f 5444 5446 3942
f 5444 3942 3941
f 5445 5444 3941
f 5445 3941 3938
f 4004 4008 5447
f 4004 5447 4003
f 4008 3942 5446
f 4008 5446 5447
f 5447 5446 5438
f 5447 5438 5443
f 4003 5447 5443
f 4003 5443 4005
f 4000 3999 4923
f 3999 3998 5434
f 3999 5434 4923
f 4923 5434 5433
f 4923 5433 4921
f 4005 5440 4919
f 4919 5440 5439
f 4919 5439 4915
f 4915 5439 4913
f 5439 5442 4913
f 4913 5442 3997
f 4913 3997 3995
f 4921 5445 4929
f 4921 5433 5445
f 4929 5445 3938
f 4929 3938 3937
f 3929 3925 5448
f 5448 3925 3924
f 3934 3932 5448
f 3932 3933 5448
f 3934 5448 3924
f 5448 3815 3814
f 5448 3814 3929
f 5449 3815 5448
f 5449 5448 3933
f 4934 5450 5451
f 4934 5451 3931
f 5450 5449 5451
f 5451 5449 3933
f 5451 3933 3931
f 3929 3814 4942
f 4942 3814 3811
f 4942 3811 3810
f 3936 3935 5452
f 3936 5452 4939
f 3935 3934 5452
f 5452 3934 3924
f 5452 3924 3921
f 4939 5452 3921
f 3817 3816 5453
f 3817 5453 4935
f 3816 3815 5449
f 3816 5449 5453
f 5453 5449 5450
f 4935 5453 5450
f 4935 5450 4934
f 3755 5455 5454
f 3755 3750 5455
f 5455 3750 3749
f 5454 5456 5114
f 5454 5114 3755
f 3749 5115 5456
f 3749 5456 5455
f 5115 5113 5456
f 5456 5113 5114
f 5455 5456 5454
f 5164 5114 5176
f 5164 3755 5114
f 5176 5114 5174
f 5174 5114 5172
f 5172 5114 5112
f 3752 3751 5457
f 3752 5457 5170
f 3751 3750 3755
f 3751 3755 5457
f 5457 3755 3753
f 5170 5457 3753
f 3757 3756 5166
f 3756 3755 5166
f 5166 3755 5164
f 5150 5458 5130
f 5150 5130 5129
f 5149 5458 5150
f 5149 5459 5458
f 5149 5460 5459
f 5459 5460 5146
f 5459 5146 5458
f 5458 5146 5131
f 5458 5131 5130
f 5185 5150 5129
f 5146 5460 5182
f 5182 5460 5149
f 3773 5461 5462
f 3773 5462 3770
f 5461 5463 5462
f 3770 5462 3769
f 3769 5462 5464
f 3769 5464 5465
f 5464 5462 3840
f 5464 3840 5466
f 5465 5464 5466
f 5465 5466 5467
f 3780 5468 4820
f 3780 4820 3777
f 4820 4811 5469
f 3777 4820 5469
f 3777 5469 3774
f 3781 5470 5471
f 3781 5471 5472
f 5470 4718 4820
f 5470 4820 5471
f 5471 4820 5468
f 5472 5471 5468
f 5472 5468 3780
f 3789 5473 3784
f 5473 4718 5470
f 3784 5473 5470
f 3784 5470 3781
f 5467 5466 5474
f 5467 5474 5475
f 5466 3840 5474
f 5475 5474 5473
f 5475 5473 3789
f 3774 5469 5476
f 3774 5476 3793
f 5469 4811 5476
f 5476 4811 5477
f 3793 5476 5477
f 3793 5477 3790
f 3790 5477 5478
f 5477 5463 5461
f 5478 5477 5461
f 5478 5461 3773
f 3949 5479 4876
f 3949 4876 5480
f 4876 3807 5481
f 5480 4876 5481
f 5480 5481 3966
f 3953 5482 5483
f 3953 5483 3950
f 5482 4811 4876
f 5482 4876 5483
f 5483 4876 5479
f 3950 5483 5479
f 3950 5479 3949
f 3954 4811 5484
f 5484 4811 5482
f 5484 5482 3953
f 3943 5485 5486
f 3943 5486 3956
f 5485 5463 5477
f 5485 5477 5486
f 5486 5477 4811
f 3956 5486 4811
f 3956 4811 3954
f 3959 3804 5487
f 3804 3803 5488
f 5487 3804 5488
f 5487 5488 5489
f 3966 5481 5490
f 3966 5490 3961
f 5481 3807 3806
f 5481 3806 5490
f 5490 3806 3804
f 3961 5490 3804
f 3961 3804 3959
f 3948 5491 5492
f 3948 5492 3945
f 5492 5463 5485
f 3945 5492 5485
f 3945 5485 3943
f 5489 5488 5493
f 5489 5493 5494
f 5488 3803 5493
f 5494 5493 5491
f 5494 5491 3948
f 5495 5496 5497
f 5495 5497 5498
f 5496 3787 5499
f 5496 5499 5497
f 5497 5499 5500
f 5497 5500 5501
f 5498 5497 5501
f 5498 5501 3771
f 3771 5501 5502
f 3771 5502 3770
f 5501 5500 5503
f 5501 5503 5502
f 5502 5503 3794
f 5502 3794 5504
f 3770 5502 5504
f 3770 5504 3772
f 5500 5505 5506
f 5500 5506 5503
f 5505 3780 3779
f 5505 3779 5506
f 5506 3779 3778
f 5506 3778 3795
f 5503 5506 3795
f 5503 3795 3794
f 3787 3786 5507
f 3787 5507 5499
f 3786 3785 5508
f 3786 5508 5507
f 5507 5508 3780
f 5507 3780 5505
f 5499 5507 5505
f 5499 5505 5500
f 3773 3772 5509
f 3773 5509 5478
f 3772 5504 5509
f 5509 5504 3794
f 5509 3794 3791
f 5478 5509 3791
f 5478 3791 3790
f 3789 3788 5510
f 3789 5510 5475
f 3788 3787 5496
f 3788 5496 5510
f 5510 5496 5495
f 5510 5495 5511
f 5475 5510 5511
f 5475 5511 5467
f 3780 5508 5472
f 5508 3785 3782
f 5472 5508 3782
f 5472 3782 3781
f 5467 5511 5512
f 5467 5512 5465
f 5511 5495 5498
f 5511 5498 5512
f 5512 5498 3771
f 5512 3771 3769
f 5465 5512 3769
f 3964 3963 5513
f 3964 5513 5514
f 3963 3962 5515
f 3963 5515 5513
f 5513 5515 5516
f 5513 5516 5517
f 5514 5513 5517
f 5514 5517 3949
f 3949 5517 5518
f 3949 5518 3950
f 5517 5516 5519
f 5517 5519 5518
f 5518 5519 3957
f 5518 3957 5520
f 3950 5518 5520
f 3950 5520 3951
f 5516 5521 5522
f 5516 5522 5519
f 5521 3947 3945
f 5521 3945 5522
f 5522 3945 3946
f 5522 3946 3958
f 5519 5522 3958
f 5519 3958 3957
f 3962 5523 5524
f 3962 5524 5515
f 5523 5525 5526
f 5523 5526 5524
f 5524 5526 3947
f 5524 3947 5521
f 5515 5524 5521
f 5515 5521 5516
f 5489 5525 5527
f 5489 5527 5487
f 5525 5523 5527
f 5527 5523 3962
f 5527 3962 3959
f 5487 5527 3959
f 3953 3952 5528
f 3953 5528 5484
f 3952 3951 5520
f 3952 5520 5528
f 5528 5520 3957
f 5528 3957 3954
f 5484 5528 3954
f 3966 3965 5480
f 3965 3964 5514
f 3965 5514 5480
f 5480 5514 3949
f 3948 3947 5494
f 3947 5526 5494
f 5494 5526 5525
f 5494 5525 5489
f 3371 5529 5530
f 3371 5530 3370
f 5529 5051 5068
f 5529 5068 5530
f 5530 5068 5067
f 5530 5067 5531
f 3370 5530 5531
f 3370 5531 3372
f 3372 5531 5532
f 3372 5532 5533
f 5531 5067 5532
f 5532 5067 5075
f 5532 5075 5534
f 5533 5532 5534
f 5533 5534 5535
f 5536 5537 5538
f 5536 5538 5539
f 5537 5092 5091
f 5537 5091 5538
f 5538 5091 5540
f 5539 5538 5540
f 5539 5540 5541
f 5541 5540 5542
f 5541 5542 5543
f 5540 5091 5542
f 5542 5091 5051
f 5542 5051 5529
f 5543 5542 5529
f 5543 5529 3371
f 4672 5544 5545
f 4672 5545 5546
f 5544 5547 5545
f 5545 5547 5092
f 5545 5092 5537
f 5546 5545 5537
f 5546 5537 5536
f 5548 5202 5549
f 5548 5549 5550
f 5202 5213 5549
f 5549 5213 4663
f 5549 4663 5551
f 5550 5549 5551
f 5550 5551 4670
f 4670 5551 5552
f 4670 5552 4671
f 5551 4663 5547
f 5551 5547 5552
f 5552 5547 5544
f 4671 5552 5544
f 4671 5544 4672
f 5535 5534 5553
f 5535 5553 5554
f 5534 5075 5203
f 5534 5203 5553
f 5553 5203 5202
f 5554 5553 5202
f 5554 5202 5548
f 5093 5092 5557
f 5206 5093 5557
f 5206 5557 5207
f 5556 5555 5558
f 5556 5558 5206
f 5555 2117 5099
f 5555 5099 5558
f 5558 5099 5093
f 5206 5558 5093
f 5186 5559 5560
f 2614 2117 5555
f 5207 5557 5186
f 5200 4663 4665
f 5200 4665 4669
f 5200 4669 5561
f 5200 5561 5562
f 3383 5559 5186
f 3383 5186 5557
f 3383 5557 5193
f 5563 5559 3383
f 5191 5092 5547
f 5200 5191 5547
f 5193 5557 5191
f 5557 5092 5191
f 5561 4669 5212
f 5561 5212 5211
f 5547 4663 5200
f 5562 5561 5563
f 5562 5563 3383
f 5561 5211 5563
f 5198 5564 5196
f 5197 5565 5199
f 5194 5560 5197
f 5197 5560 5559
f 5194 5189 5560
f 5196 5189 5194
f 5196 2614 5189
f 2618 2614 5196
f 5199 5565 3325
f 5199 3325 5198
f 5566 5211 5214
f 5566 5214 5567
f 5567 5214 3396
f 3325 3328 5568
f 3325 5568 5198
f 5198 5568 5564
f 5566 3325 5565
f 3397 3399 5568
f 3397 5568 3328
f 5566 5565 5569
f 5566 5569 5211
f 5565 5197 5569
f 5569 5197 5559
f 5569 5559 5563
f 5211 5569 5563
f 5568 3399 5570
f 5570 3399 344
f 5570 344 2626
f 5568 5570 5196
f 5568 5196 5564
f 5570 2626 5196
f 5196 2626 2618
f 4622 4625 5571
f 4622 5571 5242
f 4625 4624 5280
f 4625 5280 5571
f 5571 5280 5272
f 5571 5272 5275
f 5242 5571 5275
f 5242 5275 4621
f 4658 5572 5573
f 4658 5573 4659
f 5572 4612 4615
f 5572 4615 5573
f 5573 4615 4614
f 5573 4614 5574
f 4659 5573 5574
f 4659 5574 4660
f 4608 4661 5575
f 4608 5575 5282
f 4661 4660 5576
f 4661 5576 5575
f 5575 5576 4607
f 5575 4607 4605
f 5282 5575 4605
f 5282 4605 4606
f 5541 5543 5577
f 5543 3371 3369
f 5543 3369 5578
f 5577 5543 5578
f 5577 5578 5579
f 4672 5546 4673
f 5546 5536 5580
f 4673 5546 5580
f 5554 5548 5581
f 5535 5554 5581
f 5582 5200 5583
f 5192 5582 3383
f 3383 5582 5583
f 5582 5192 5191
f 5582 5191 5200
f 5562 5583 5200
f 3383 5584 5562
f 5584 3383 5583
f 5584 5583 5562
f 5207 5186 5188
f 5207 5188 5206
f 5186 5560 5187
f 5560 5189 5187
f 5187 5189 5190
f 5187 5190 5186
f 5556 5206 5208
f 2614 5555 5189
f 5189 5555 5585
f 5566 5567 3332
f 5566 3332 3325
f 5567 3396 3322
f 5567 3322 3332
f 5586 5195 5196
f 5586 5199 5198
f 5586 5198 5195
f 5194 5197 5586
f 5586 5197 5199
f 5196 5195 5198
f 5194 5586 5196
f 5587 5588 5589
f 5587 5589 5590
f 5588 5463 5589
f 5590 5589 5591
f 5590 5591 3877
f 3877 5591 5592
f 3877 5592 3878
f 3878 5592 3880
f 3883 5462 5593
f 5462 5463 5588
f 5593 5462 5588
f 5593 5588 5587
f 3882 5594 3883
f 5594 3840 5462
f 3883 5594 5462
f 3880 3875 5595
f 3875 3874 3894
f 5595 3875 3894
f 5595 3894 3887
f 5592 3862 3873
f 5592 3873 3875
f 3880 5592 3875
f 3890 3895 5596
f 3895 3840 5594
f 5596 3895 5594
f 5596 5594 3882
f 3887 3894 3895
f 3887 3895 3888
f 3888 3895 3890
f 5597 5591 5589
f 5597 5589 5598
f 5589 5463 5599
f 5598 5589 5599
f 5598 5599 3967
f 5600 5601 5602
f 5600 5602 5603
f 5601 3862 5592
f 5601 5592 5602
f 5602 5592 5591
f 5603 5602 5591
f 5603 5591 5597
f 3980 5604 5605
f 3980 5605 5606
f 5604 4350 4353
f 5604 4353 5605
f 5605 4353 3987
f 5605 3987 5607
f 5606 5605 5607
f 5606 5607 3973
f 3977 5608 5609
f 3977 5609 3978
f 5608 3803 4351
f 5608 4351 5609
f 5609 4351 4350
f 5609 4350 5604
f 3978 5609 5604
f 3978 5604 3980
f 3967 5599 5610
f 3967 5610 3968
f 5599 5463 5492
f 5599 5492 5610
f 5610 5492 5491
f 3968 5610 5491
f 3968 5491 3970
f 3970 5491 5608
f 3970 5608 5611
f 5491 5493 5608
f 5608 5493 3803
f 5611 5608 3977
f 3973 5607 5612
f 3973 5612 3974
f 5607 3987 3988
f 5607 3988 5612
f 5612 3988 3862
f 3974 5612 3975
f 3975 5612 5613
f 5612 3862 5613
f 5613 3862 5601
f 3975 5613 5601
f 3975 5601 5600
f 5600 5603 5614
f 5603 5597 5615
f 5614 5603 5615
f 5614 5615 5616
f 3890 5596 5617
f 5596 3882 3884
f 5596 3884 5617
f 5617 3884 3885
f 3890 5617 3885
f 3890 3885 3891
f 3880 5595 5618
f 5595 3887 3889
f 5595 3889 5618
f 5618 3889 3892
f 5618 3892 3886
f 3880 5618 3886
f 3883 5593 5619
f 3883 5619 3884
f 5593 5587 5620
f 5593 5620 5619
f 5619 5620 5621
f 3884 5619 5621
f 3884 5621 3885
f 3980 5606 3981
f 3466 5622 5623
f 3466 5623 3467
f 5623 5622 5624
f 3467 5623 5624
f 3975 5600 5614
f 3975 5614 5625
f 5625 5614 5616
f 5625 5616 3976
f 3975 5625 3976
f 5611 3977 3979
f 5611 3979 3983
f 3970 5611 3971
f 5630 5628 5627
f 2693 2694 5634
f 5106 5638 5637
f 5106 5637 5143
f 5180 5636 5638
f 5110 5635 5639
f 5110 5639 5147
f 5639 5635 2696
f 5147 5639 2696
f 5147 2696 2167
f 5640 5641 5642
f 5105 5632 5635
f 5105 5635 5110
f 5642 5641 5655
f 5640 5642 5655
f 5104 5645 5105
f 5645 5629 5631
f 5645 5631 5632
f 5645 5632 5105
f 5145 5645 5104
f 5145 5626 5629
f 5145 5629 5645
f 5649 5656 5650
f 5651 5652 5646
f 5637 5653 5144
f 5653 5637 5626
f 5653 5626 5145
f 5144 5653 5145
f 22 2696 5635
f 22 5635 5632
f 3083 5632 5631
f 3083 5631 5629
f 3084 5629 5626
f 3157 5636 5180
f 3157 5180 5627
f 3153 5628 5630
f 3153 5630 5633
f 82 5634 2694
f 3083 3100 5632
f 22 5632 3100
f 3084 3082 5629
f 3083 5629 3082
f 5637 5638 3092
f 5637 3092 5626
f 3093 3092 5638
f 3084 5626 3092
f 3093 5638 5636
f 3157 5627 3159
f 5628 3159 5627
f 3153 3159 5628
f 3153 5633 5634
f 3153 5634 3154
f 82 3154 5634
f 5654 5177 5643
f 5177 2713 5643
f 5643 2713 5655
f 5655 2713 5640
f 2713 2693 5634
f 5640 2713 5634
f 5640 5634 5633
f 5633 5630 5654
f 5640 5633 5654
f 5646 5180 5179
f 5646 5179 5651
f 5651 5179 5148
f 5148 5654 5651
f 5647 5180 5646
f 5649 5180 5647
f 5648 5651 5654
f 5654 5630 5627
f 5654 5627 5650
f 5650 5627 5649
f 5627 5180 5649
f 5106 5183 5638
f 5643 5655 5644
f 5655 5641 5644
f 5643 5644 5654
f 5654 5644 5641
f 5654 5641 5640
f 5648 5656 5652
f 5648 5654 5656
f 5652 5656 5647
f 5652 5647 5646
f 5656 5649 5647
f 5651 5648 5652
f 5650 5656 5654
f 5183 5182 5180
f 5183 5180 5638
f 3466 5657 5658
f 3466 5658 5622
f 5657 3834 3833
f 5657 3833 5658
f 5658 3833 3826
f 5658 3826 5659
f 5622 5658 5659
f 5622 5659 5660
f 5659 3826 3823
f 5659 3823 5660
f 5660 3823 3445
f 5660 3445 5661
f 5622 5660 5661
f 5622 5661 5662
f 3461 5663 5664
f 3461 5664 3462
f 5663 5259 5258
f 5663 5258 5664
f 5664 5258 5030
f 5664 5030 5665
f 3462 5664 5665
f 3462 5665 3463
f 3471 5666 5667
f 3471 5667 5668
f 5666 3451 5262
f 5666 5262 5667
f 5667 5262 5259
f 5667 5259 5663
f 5668 5667 5663
f 5668 5663 3461
f 3464 5026 5657
f 3464 5657 3465
f 5026 5024 5657
f 5657 5024 3834
f 3465 5657 3466
f 3463 5665 5669
f 3463 5669 5670
f 5665 5030 5028
f 5665 5028 5669
f 5669 5028 5026
f 5670 5669 5026
f 5670 5026 3464
f 3469 5671 3470
f 5671 3447 3451
f 5671 3451 5666
f 3470 5671 5666
f 3470 5666 3471
f 5662 5661 5671
f 5662 5671 5672
f 5661 3445 3447
f 5661 3447 5671
f 5672 5671 3469
f 3764 5673 5674
f 3764 5674 3763
f 5673 3460 3459
f 5673 3459 5674
f 3763 5674 3459
f 3763 3459 3765
f 5672 3469 3473
f 5672 3473 5675
f 5662 5672 5675
f 5670 3464 3468
f 3463 5670 3468
f 5677 3913 3914
f 5677 3914 5165
f 5676 5677 5165
f 3482 5678 5677
f 5678 3479 3912
f 5678 3912 5677
f 5677 3912 3913
f 3482 5677 5676
f 3481 3480 3479
f 3481 3479 5678
f 3481 5678 3482
f 5676 5165 5679
f 5140 5141 3483
f 3483 5141 5128
f 5680 5142 5143
f 5680 5143 5140
f 3483 5680 5140
f 3483 5128 5127
f 3483 5127 3481
f 3481 5127 3480
f 5165 5164 5679
f 5679 5164 5142
f 5679 5142 5680
f 5679 5680 5681
f 5676 5679 5681
f 3482 5676 5682
f 3482 5682 3481
f 3764 5683 5684
f 3764 5684 5685
f 5683 3840 3839
f 5683 3839 5684
f 5684 3839 3835
f 5684 3835 5686
f 5685 5684 5686
f 5685 5686 3758
f 3758 5686 5687
f 3758 5687 3759
f 5686 3835 5687
f 5687 3835 3834
f 5687 3834 5688
f 3759 5687 5688
f 3759 5688 3760
f 5689 5690 5691
f 5689 5691 5692
f 5690 4718 5473
f 5690 5473 5691
f 5692 5691 5473
f 5692 5473 3762
f 3762 5473 5474
f 3762 5474 3763
f 5474 3840 5683
f 3763 5474 5683
f 3763 5683 3764
f 3768 5693 5694
f 3768 5694 5695
f 5693 4734 4733
f 5693 4733 5694
f 5694 4733 4718
f 5694 4718 5690
f 5695 5694 5690
f 5695 5690 5689
f 3760 5688 5696
f 3760 5696 3766
f 5688 3834 4734
f 5688 4734 5696
f 5696 4734 5693
f 3766 5696 5693
f 3766 5693 3768
f 3768 5695 3458
f 5695 5689 5697
f 3458 5695 5697
f 5692 3762 3765
f 5692 3765 5698
f 5689 5692 5698
f 4599 5699 5700
f 4599 5700 5701
f 5699 3367 5700
f 5701 5700 5702
f 4597 3335 3368
f 4597 3368 4598
f 3368 3367 5699
f 4598 3368 5699
f 4598 5699 4599
f 4595 3450 5703
f 5703 3450 3449
f 5703 3449 4600
f 4600 3449 3452
f 4600 3452 4601
f 4601 3452 3442
f 4601 3442 4602
f 4602 3442 4593
f 4602 4593 5704
f 5704 4593 3335
f 5704 3335 4597
f 5264 3451 3450
f 4594 5264 3450
f 4594 3450 4595
f 5702 5700 5264
f 5702 5264 4594
f 5700 5255 5266
f 5700 5266 5264
f 4602 5704 5705
f 5703 4600 5706
f 4595 5703 5706
f 5702 4594 4596
f 3728 3731 5707
f 3731 3736 5708
f 3731 5708 5709
f 3731 5709 5710
f 5707 3731 5710
f 5707 5710 5711
f 5237 5230 5277
f 5235 5237 5277
f 5286 5285 5712
f 5286 5712 5713
f 5285 3704 5714
f 5285 5714 5712
f 5712 5714 5715
f 5712 5715 5716
f 5713 5712 5716
f 5713 5716 3696
f 3696 5716 5717
f 3696 5717 3697
f 5716 5715 5718
f 5716 5718 5717
f 5717 5718 3709
f 5717 3709 4766
f 3697 5717 4766
f 3697 4766 3698
f 5715 5719 5720
f 5715 5720 5718
f 5719 3714 4770
f 5719 4770 5720
f 5720 4770 3711
f 5720 3711 3710
f 5718 5720 3710
f 5718 3710 3709
f 3704 3700 5721
f 3704 5721 5714
f 3700 3703 3715
f 3700 3715 5721
f 5721 3715 3714
f 5721 3714 5719
f 5714 5721 5719
f 5714 5719 5715
f 3695 4772 5713
f 4772 4759 5284
f 4772 5284 5713
f 5713 5284 5286
f 3695 5713 3696
f 5428 5722 5723
f 5428 5723 4881
f 5722 5432 5724
f 5722 5724 5723
f 5723 5724 5725
f 5723 5725 5726
f 4881 5723 5726
f 4881 5726 3553
f 3553 5726 5727
f 3553 5727 3554
f 5726 5725 5728
f 5726 5728 5727
f 5727 5728 3546
f 5727 3546 3543
f 3554 5727 3543
f 3554 3543 3545
f 5725 5729 5730
f 5725 5730 5728
f 5729 3550 4879
f 5729 4879 5730
f 5730 4879 5430
f 5730 5430 5431
f 5728 5730 5431
f 5728 5431 3546
f 5432 4869 5731
f 5432 5731 5724
f 4869 3547 3551
f 4869 3551 5731
f 5731 3551 3550
f 5731 3550 5729
f 5724 5731 5729
f 5724 5729 5725
f 4861 4864 5428
f 4864 4867 5432
f 4864 5432 5722
f 5428 4864 5722
f 3130 90 3122
f 3137 5732 5733
f 3137 5733 3142
f 5732 2797 2796
f 5732 2796 5733
f 5733 2796 91
f 5733 91 3158
f 3142 5733 3158
f 3142 3158 3130
f 3141 3162 3186
f 3186 3185 5734
f 3186 5734 3141
f 3185 120 2799
f 3185 2799 5734
f 5734 2799 2797
f 5734 2797 5732
f 3141 5734 5732
f 3141 5732 3137
f 3201 3205 3203
f 3201 3203 3202
f 3202 3203 3117
f 3202 3117 3116
f 3116 3115 47
f 3116 47 134
f 3213 152 31
f 3213 31 3108
f 3118 3213 3108
f 3118 3108 3097
f 3118 3206 3214
f 3214 3206 3205
f 3214 3205 3201
f 5735 5737 5738
f 5735 5738 5736
f 5736 5738 5739
f 4461 5741 5740
f 5740 5741 5742
f 5740 5742 4483
f 4582 4485 4586
f 4586 5735 4585
f 4585 5735 5736
f 4585 5736 5743
f 5743 5736 5739
f 5743 5739 4466
f 4466 5739 5744
f 4466 5744 4469
f 4469 5744 4458
f 4469 4458 4457
f 4462 4461 5745
f 4462 5745 5746
f 4461 5740 5745
f 5745 5740 4483
f 5746 5745 4483
f 5746 4483 4482
f 4491 5748 5747
f 4488 5749 4489
f 5749 5748 4489
f 4489 5748 4491
f 4466 5750 5743
f 5750 5748 5743
f 5743 5751 4585
f 4465 4464 4492
f 4492 4488 4487
f 4585 5751 5752
f 4585 5752 4584
f 5752 4463 4587
f 4584 5752 4587
f 4468 4491 5747
f 4468 5747 4467
f 5747 5748 5750
f 4467 5747 5750
f 4467 5750 4466
f 4455 5754 5755
f 4455 5755 5753
f 5753 5755 5756
f 5753 5756 4479
f 5757 5759 5760
f 5757 5760 5758
f 5758 5760 5761
f 4462 5761 5762
f 4462 5762 4486
f 5762 4454 4451
f 4486 5762 4451
f 4486 4451 4450
f 4582 4481 4583
f 4583 5757 4482
f 4448 4455 5763
f 4448 5763 4447
f 4455 5753 5763
f 5763 5753 4479
f 4447 5763 4479
f 4447 4479 4449
f 4482 5757 5758
f 4482 5758 5746
f 5746 5758 5761
f 5746 5761 4462
f 4158 5765 5764
f 5764 5765 5766
f 5764 5766 4125
f 4137 5769 4160
f 4160 4156 4155
f 4127 4126 5770
f 5770 5767 4134
f 4151 4158 5764
f 4151 5764 4331
f 5764 4125 4331
f 4134 5767 4138
f 5767 5768 4138
f 4138 5768 5769
f 4138 5769 4137
f 4121 5772 5771
f 5771 5772 4152
f 5773 5775 5774
f 5774 5775 5776
f 5774 5776 4119
f 4124 5777 5778
f 4124 5778 4123
f 4123 5778 5773
f 4123 5773 4117
f 4155 4154 4161
f 4161 5777 4124
f 4331 4121 5771
f 4331 5771 4152
f 4331 4152 4151
f 4117 5773 5779
f 4117 5779 4116
f 5773 5774 5779
f 5779 5774 4119
f 4116 5779 4119
f 4116 4119 4118
f 5780 5782 5781
f 5781 5782 4129
f 5783 5785 5784
f 5784 5785 5786
f 5784 5786 5787
f 4330 5787 4335
f 4335 5780 4163
f 4134 4162 5788
f 4134 5788 5770
f 5770 5788 5783
f 5770 5783 4127
f 4163 5780 4164
f 5780 5781 4164
f 4164 5781 4129
f 4164 4129 4128
f 4127 5783 5784
f 4127 5784 4332
f 4332 5784 5787
f 4332 5787 4330
f 5789 5790 5791
f 5789 5791 5792
f 5790 5793 5739
f 5790 5739 5791
f 5791 5739 5738
f 5792 5791 5738
f 5792 5738 5737
f 5742 5741 5794
f 5742 5794 5795
f 5794 5741 5793
f 5794 5793 5790
f 5795 5794 5790
f 5795 5790 5789
f 4485 5796 4586
f 4485 5789 5792
f 4485 5792 5796
f 5796 5792 5737
f 5796 5737 5735
f 4586 5796 5735
f 4458 5797 5798
f 4458 5798 4459
f 5797 5793 5741
f 5797 5741 5798
f 5798 5741 4461
f 4459 5798 4461
f 5739 5799 5744
f 5799 5739 5793
f 5799 5793 5797
f 5744 5799 5797
f 5744 5797 4458
f 4483 5742 5795
f 4483 5795 4484
f 4484 5795 5789
f 4484 5789 4485
f 5756 5755 5800
f 5756 5800 5801
f 5755 5754 5802
f 5755 5802 5800
f 5800 5802 5803
f 5800 5803 5804
f 5801 5800 5804
f 5801 5804 5805
f 5805 5804 5806
f 5805 5806 5807
f 5804 5803 5808
f 5804 5808 5806
f 5806 5808 5761
f 5806 5761 5760
f 5807 5806 5760
f 5807 5760 5759
f 4481 5809 4583
f 4481 5805 5807
f 4481 5807 5809
f 5809 5807 5759
f 5809 5759 5757
f 4583 5809 5757
f 5761 5810 5762
f 5761 5808 5810
f 5810 5808 5803
f 5810 5803 5811
f 5762 5810 5811
f 5762 5811 4454
f 4454 5811 5812
f 4454 5812 4452
f 5811 5803 5802
f 5811 5802 5812
f 5812 5802 5754
f 5812 5754 4455
f 4452 5812 4455
f 4479 5813 4480
f 4479 5756 5801
f 4479 5801 5813
f 5813 5801 5805
f 5813 5805 4481
f 4480 5813 4481
f 5814 5815 5816
f 5814 5748 5815
f 5816 5815 5817
f 5817 5815 5818
f 5817 5818 5819
f 5815 5748 5818
f 5818 5748 5749
f 5818 5749 5820
f 5819 5818 5820
f 5751 5814 5816
f 5751 5816 5752
f 5752 5816 5817
f 5752 5817 4463
f 4464 5821 4492
f 4464 5820 5821
f 5821 5820 5749
f 4492 5821 5749
f 4492 5749 4488
f 5748 5814 5743
f 5743 5814 5751
f 4463 5822 4587
f 4463 5817 5819
f 4463 5819 5822
f 5822 5819 5820
f 5822 5820 4464
f 4587 5822 4464
f 5785 5824 5823
f 5785 5823 5786
f 5786 5823 5825
f 5786 5825 5782
f 5823 5824 5782
f 5823 5782 5825
f 4162 5785 5788
f 5788 5785 5783
f 5787 5826 4335
f 5787 5786 5782
f 5787 5782 5826
f 5826 5782 5780
f 4335 5826 5780
f 4129 5782 4130
f 4130 5782 5824
f 4130 5824 4132
f 4132 5824 4136
f 5824 5785 4162
f 4136 5824 4162
f 5769 5768 5767
f 5769 5767 5827
f 5766 5769 5827
f 5765 5769 5766
f 4156 5765 4157
f 4157 5765 4158
f 4126 5827 5770
f 5770 5827 5767
f 4125 5828 4331
f 4125 5766 5828
f 5828 5766 5827
f 5828 5827 4126
f 4331 5828 4126
f 4160 5769 5765
f 4160 5765 4156
f 5776 5775 5829
f 5829 5775 5830
f 5776 5829 5772
f 5829 5830 5772
f 4154 5830 4161
f 4161 5830 5777
f 5777 5830 5775
f 5777 5775 5778
f 5778 5775 5773
f 4119 5831 4120
f 4119 5776 5831
f 5831 5776 5772
f 5831 5772 4121
f 4120 5831 4121
f 4152 5772 5832
f 4152 5832 4153
f 5832 5772 5830
f 4153 5832 5830
f 4153 5830 4154
f 4997 4999 3733
f 4997 3733 3732
f 4999 5001 3734
f 4999 3734 3733
f 5009 5012 5833
f 5009 5833 5834
f 5012 5002 5833
f 5833 5002 5711
f 5833 5711 5710
f 5834 5833 5710
f 5834 5710 5709
f 5001 5018 3734
f 5018 5014 3736
f 5018 3736 3735
f 3734 5018 3735
f 4983 5346 4987
f 5346 5356 4987
f 4987 5356 5355
f 4987 5355 4970
f 4963 5835 4990
f 4990 5835 4988
f 4967 5353 4966
f 4977 5836 4974
f 5836 5837 5838
f 5836 5838 4974
f 4974 5838 5350
f 4974 5350 4971
f 5020 4992 5839
f 5020 5839 5840
f 5342 5345 5841
f 5345 5350 5838
f 5345 5838 5841
f 5841 5838 5837
f 5841 5837 5842
f 5841 5842 5835
f 5342 5841 5843
f 5342 5843 5351
f 5841 5835 5843
f 5843 5835 4963
f 5843 4963 4966
f 5351 5843 4966
f 5351 4966 5353
f 4971 5844 4981
f 4971 5350 5349
f 4971 5349 5844
f 5844 5349 5348
f 5844 5348 5845
f 4981 5844 5845
f 4981 5845 4978
f 4970 5355 4968
f 5355 5354 4968
f 4968 5354 5353
f 4968 5353 4967
f 4988 5835 5842
f 4988 5842 4991
f 5842 5837 5836
f 4991 5842 5836
f 4991 5836 4977
f 4978 5845 4985
f 5845 5348 5347
f 5845 5347 4985
f 4985 5347 5346
f 4985 5346 4983
f 5008 5020 5846
f 5846 5020 5847
f 5846 5847 5848
f 5014 5016 5708
f 5014 5708 3736
f 5016 5009 5834
f 5016 5834 5708
f 5708 5834 5709
f 5005 5008 5846
f 5005 5846 5848
f 5002 5005 5711
f 3725 3727 5849
f 3725 5849 3739
f 3727 3726 5850
f 3727 5850 5849
f 5849 5850 5851
f 5849 5851 5852
f 3739 5849 5852
f 3739 5852 3740
f 3740 5852 5853
f 3740 5853 3721
f 5852 5851 5854
f 5852 5854 5853
f 5853 5854 3722
f 5853 3722 3721
f 5851 5855 5856
f 5851 5856 5854
f 5855 5270 5029
f 5855 5029 5856
f 5856 5029 5269
f 5856 5269 5400
f 5854 5856 5400
f 5854 5400 3722
f 3726 5045 5857
f 3726 5857 5850
f 5045 5398 5858
f 5045 5858 5857
f 5857 5858 5270
f 5857 5270 5855
f 5850 5857 5855
f 5850 5855 5851
f 4992 4995 5839
f 4995 4997 3732
f 4995 3732 5859
f 5839 4995 5859
f 3728 5707 5860
f 5707 5711 5005
f 5707 5005 5860
f 5860 5005 5848
f 5860 5848 5847
f 5860 5847 5020
f 3728 5860 5861
f 3728 5861 3729
f 5860 5020 5840
f 5860 5840 5861
f 5861 5840 5839
f 5861 5839 5859
f 3729 5861 5859
f 3729 5859 3732
f 5022 5025 5397
f 5025 5027 5270
f 5025 5270 5858
f 5397 5025 5858
f 5397 5858 5398
f 5405 5862 5863
f 5405 5863 5406
f 5862 5410 5864
f 5862 5864 5863
f 5863 5864 5865
f 5863 5865 5866
f 5406 5863 5866
f 5406 5866 3665
f 3665 5866 5867
f 3665 5867 3666
f 5866 5865 5868
f 5866 5868 5867
f 5867 5868 3669
f 5867 3669 3668
f 3666 5867 3668
f 3666 3668 3663
f 5865 5869 5870
f 5865 5870 5868
f 5869 3660 3655
f 5869 3655 5870
f 5870 3655 3659
f 5870 3659 5402
f 5868 5870 5402
f 5868 5402 3669
f 5410 5409 5871
f 5410 5871 5864
f 5409 3673 3660
f 5409 3660 5871
f 5871 3660 5869
f 5864 5871 5869
f 5864 5869 5865
f 4709 4712 5872
f 4709 5872 5404
f 4712 4715 5408
f 4712 5408 5872
f 5872 5408 5410
f 5872 5410 5862
f 5404 5872 5862
f 5404 5862 5405
f 4660 5574 5873
f 4660 5873 5576
f 5574 4614 5281
f 5574 5281 5873
f 5873 5281 4616
f 5873 4616 4617
f 5576 5873 4617
f 5576 4617 4607
f 5272 5279 5874
f 5272 5874 5273
f 5279 5230 5276
f 5279 5276 5874
f 5874 5276 5234
f 5874 5234 5271
f 5273 5874 5271
f 5273 5271 4626
f 5248 5250 4658
f 5250 4612 5572
f 4658 5250 5572
f 5550 4670 5875
f 5548 5550 5875
f 5226 5229 5876
f 5229 5228 5877
f 5229 5877 5876
f 5876 5877 5878
f 5876 5878 5879
f 5226 5876 5879
f 5226 5879 4637
f 4637 5879 5880
f 4637 5880 4638
f 5879 5878 5881
f 5879 5881 5880
f 5880 5881 4631
f 5880 4631 5078
f 4638 5880 5078
f 4638 5078 4634
f 5878 5882 5883
f 5878 5883 5881
f 5882 4639 4640
f 5882 4640 5883
f 5883 4640 4633
f 5883 4633 4632
f 5881 5883 4632
f 5881 4632 4631
f 5228 5224 5884
f 5228 5884 5877
f 5884 5224 4639
f 5884 4639 5882
f 5877 5884 5882
f 5877 5882 5878
f 5063 5066 5885
f 5066 5070 5223
f 5066 5223 5885
f 5885 5223 5224
f 5063 5885 5224
f 5063 5224 5228
f 3685 5886 5887
f 3685 5887 3682
f 5886 5283 5888
f 5886 5888 5887
f 5887 5888 5889
f 5887 5889 5890
f 3682 5887 5890
f 3682 5890 3686
f 3686 5890 5891
f 3686 5891 5360
f 5890 5889 5892
f 5890 5892 5891
f 5891 5892 3691
f 5891 3691 3688
f 5360 5891 3688
f 5360 3688 3690
f 5889 5893 5894
f 5889 5894 5892
f 5893 3678 4753
f 5893 4753 5894
f 5894 4753 5359
f 5894 5359 5358
f 5892 5894 5358
f 5892 5358 3691
f 5283 4742 5895
f 5283 5895 5888
f 4742 3680 3679
f 4742 3679 5895
f 5895 3679 3678
f 5895 3678 5893
f 5888 5895 5893
f 5888 5893 5889
f 3683 4737 5896
f 3683 5896 3684
f 4737 4740 5896
f 5896 4740 5283
f 5896 5283 5886
f 3684 5896 5886
f 3684 5886 3685
f 5689 5698 5897
f 5689 5897 5697
f 5698 3765 3459
f 5698 3459 5897
f 5697 5897 3459
f 5697 3459 3458
f 3764 5685 5673
f 5685 3758 3460
f 5685 3460 5673
f 3881 3886 5898
f 3881 5898 5899
f 3881 5899 3877
f 3877 5899 5900
f 3877 5900 5621
f 5900 3885 5621
f 5899 3891 3885
f 5899 3885 5900
f 3886 5901 5898
f 3886 3892 5901
f 5901 3892 3891
f 5901 3891 5899
f 5898 5901 5899
f 3467 5624 5902
f 3467 5902 3465
f 5624 5903 5902
f 3465 5902 3468
f 3468 5902 5904
f 5902 5903 5905
f 5902 5905 5904
f 5904 5905 3461
f 5904 3461 3462
f 3468 5904 3462
f 3468 3462 3463
f 5903 5906 5905
f 5906 3473 3472
f 5906 3472 3471
f 5906 3471 5668
f 5905 5906 5668
f 5905 5668 3461
f 5624 5622 5906
f 5624 5906 5903
f 5622 5662 5675
f 5622 5675 5906
f 5906 5675 3473
f 5587 5590 5907
f 5587 5907 5620
f 5590 3877 5907
f 5907 3877 5621
f 5620 5907 5621
f 3969 3972 5908
f 3969 5908 5909
f 3972 3971 5910
f 3972 5910 5908
f 5908 5910 5911
f 5908 5911 5912
f 5909 5908 5912
f 5909 5912 5597
f 5597 5912 5913
f 5597 5913 5615
f 5912 5911 5913
f 5615 5913 3976
f 5615 3976 5616
f 5911 3981 5606
f 5911 5606 5913
f 5913 5606 3973
f 5913 3973 3976
f 3971 5611 5914
f 3971 5914 5910
f 5611 3983 3982
f 5611 3982 5914
f 5914 3982 3981
f 5914 3981 5911
f 5910 5914 5911
f 5597 5598 5909
f 5598 3967 3969
f 5598 3969 5909
f 4597 4598 5915
f 4597 5915 5704
f 4598 4599 5915
f 5704 5915 5705
f 5705 5915 5916
f 5916 5915 4600
f 5916 4600 4603
f 5705 5916 4603
f 5705 4603 4602
f 5917 4596 4594
f 5917 4594 4595
f 5917 4595 5706
f 5915 5917 5706
f 5915 5706 4600
f 4599 5918 5917
f 4599 5917 5915
f 5918 5702 4596
f 5918 4596 5917
f 5701 5702 5918
f 4599 5701 5918
f 5049 5062 5222
f 5062 5059 5919
f 5222 5062 5919
f 4652 4651 5920
f 4652 5920 5058
f 4651 4650 5921
f 4651 5921 5920
f 5920 5921 5922
f 5920 5922 5923
f 5058 5920 5923
f 5058 5923 4643
f 4643 5923 5924
f 4643 5924 4644
f 5923 5922 5925
f 5923 5925 5924
f 5924 5925 4655
f 5924 4655 4654
f 4644 5924 4654
f 4644 4654 4641
f 5922 5926 5927
f 5922 5927 5925
f 5926 5059 5220
f 5926 5220 5927
f 5927 5220 5219
f 5925 5927 5219
f 5925 5219 4655
f 4650 5222 5928
f 4650 5928 5921
f 5222 5919 5928
f 5928 5919 5059
f 5928 5059 5926
f 5921 5928 5926
f 5921 5926 5922
f 5059 5061 5220
f 5061 5052 5218
f 5061 5218 5220
f 5208 5929 5585
f 5585 5929 5189
f 5929 5190 5189
f 5929 5188 5186
f 5929 5186 5190
f 5929 5208 5206
f 5929 5206 5188
f 5555 5556 5208
f 5555 5208 5585
f 5930 5931 5932
f 5930 5932 5933
f 5931 5934 5935
f 5931 5935 5932
f 5932 5935 5936
f 5932 5936 5937
f 5933 5932 5937
f 5933 5937 3183
f 3189 5938 5939
f 3189 5939 3190
f 5938 5930 5933
f 5938 5933 5939
f 5939 5933 3183
f 5939 3183 3182
f 3190 5939 3182
f 3190 3182 3181
f 3195 3211 5940
f 3195 5940 5941
f 3211 3210 5942
f 3211 5942 5940
f 5940 5942 5934
f 5940 5934 5931
f 5941 5940 5931
f 5941 5931 5930
f 3197 3196 5943
f 3197 5943 5944
f 3196 3195 5941
f 3196 5941 5943
f 5943 5941 5930
f 5943 5930 5938
f 5944 5943 5938
f 5944 5938 3189
f 3140 5936 5945
f 3140 5945 3176
f 5936 5935 5945
f 5945 5935 5934
f 5945 5934 5946
f 3176 5945 5946
f 3176 5946 3126
f 3126 5946 5947
f 3126 5947 3127
f 5946 5934 5942
f 5946 5942 5947
f 5947 5942 3210
f 5947 3210 3208
f 3127 5947 3208
f 3127 3208 3128
f 3136 3184 5948
f 3136 5948 3138
f 3184 3183 5937
f 3184 5937 5948
f 5948 5937 5936
f 3138 5948 5936
f 3138 5936 3140
f 3114 3198 3110
f 3198 3197 5944
f 3198 5944 3110
f 3110 5944 3189
f 3110 3189 3109
f 3364 5949 5950
f 3364 5950 5951
f 5949 5255 5700
f 5949 5700 5950
f 5950 5700 3367
f 5950 3367 5952
f 5951 5950 5952
f 5951 5952 5953
f 3362 5954 5955
f 3362 5955 3363
f 5954 4676 5955
f 5955 4676 5255
f 5955 5255 5949
f 3363 5955 5949
f 3363 5949 3364
f 3377 3355 3354
f 3377 3354 3376
f 3376 3354 3353
f 3376 3353 3378
f 3378 3353 3382
f 3378 3382 5956
f 5956 3382 3381
f 5956 3381 3358
f 5957 3366 3333
f 5957 3333 5958
f 5958 3333 3355
f 5958 3355 3377
f 5953 5952 3366
f 5953 3366 5959
f 5952 3367 3366
f 5959 3366 5957
f 3358 3381 4679
f 3358 4679 3359
f 3359 4679 4676
f 3359 4676 3360
f 3360 4676 5960
f 5960 4676 5954
f 5960 5954 3362
f 3365 3364 3384
f 3364 5951 3384
f 3384 5951 5953
f 3384 5953 3387
f 3372 5533 3373
f 5533 5535 5961
f 3373 5533 5961
f 3373 5961 3374
f 5960 3362 5962
f 3360 5960 5962
f 5953 5959 3388
f 5953 3388 3387
f 5959 5957 3388
f 3388 5957 3389
f 5956 3358 5963
f 3378 5956 5963
f 3360 5964 5965
f 3360 5965 3361
f 5964 3391 5966
f 5964 5966 5965
f 5965 5966 3378
f 5965 3378 5963
f 3361 5965 5963
f 3361 5963 3358
f 5536 5539 5967
f 5539 5541 5577
f 5539 5577 5967
f 5967 5577 5579
f 5967 5579 5968
f 5536 5967 5968
f 3374 5969 5970
f 3374 5970 3370
f 5969 5971 5972
f 5969 5972 5970
f 5970 5972 5579
f 5970 5579 5578
f 3370 5970 5578
f 3370 5578 3369
f 5579 5972 5973
f 5579 5973 5968
f 5972 5971 5974
f 5972 5974 5973
f 5973 5974 4673
f 5973 4673 5580
f 5968 5973 5580
f 5968 5580 5536
f 4673 5974 5975
f 4673 5975 4671
f 5974 5971 5976
f 5974 5976 5975
f 5975 5976 5548
f 5975 5548 5875
f 4671 5975 5875
f 4671 5875 4670
f 5971 5969 5977
f 5971 5977 5976
f 5969 3374 5961
f 5969 5961 5977
f 5977 5961 5535
f 5977 5535 5581
f 5976 5977 5581
f 5976 5581 5548
f 3391 3390 5978
f 3391 5978 5966
f 3390 3389 5979
f 3390 5979 5978
f 5978 5979 3375
f 5978 3375 3376
f 5966 5978 3376
f 5966 3376 3378
f 3362 3363 5980
f 3362 5980 5962
f 3363 3365 3386
f 3363 3386 5980
f 5980 3386 3391
f 5980 3391 5964
f 5962 5980 5964
f 5962 5964 3360
f 5957 5958 5979
f 5958 3377 3375
f 5958 3375 5979
f 5957 5979 3389
f 4504 3836 3837
f 4504 3837 5981
f 3837 3838 4503
f 5981 3837 4503
f 3832 3835 4504
f 3832 4504 4505
f 3836 4504 3835
f 4521 5982 5983
f 4521 5983 4519
f 4503 3838 4502
f 3838 4357 4502
f 4502 5982 4521
f 4502 4357 5982
f 4506 5985 4505
f 5985 3830 3831
f 5985 3831 4505
f 4505 3831 3832
f 4518 4500 3830
f 4518 3830 5985
f 4517 4518 5985
f 4517 5985 4506
f 4547 4385 4420
f 4547 4420 5986
f 4420 4421 4541
f 5986 4420 4541
f 4543 5987 4383
f 4543 4383 4544
f 5987 4384 4382
f 5987 4382 4383
f 4544 4383 4547
f 4547 4383 4379
f 4547 4379 4385
f 4571 4357 4577
f 4571 4577 4384
f 4571 4384 5987
f 4571 5987 4543
f 5988 5983 5982
f 5988 5982 5989
f 5982 4357 4571
f 5989 5982 4571
f 5988 4519 5983
f 5990 4501 5984
f 5990 5984 5988
f 5988 5984 4519
f 4541 4421 4570
f 4541 4570 4501
f 4541 4501 5990
f 4503 4502 5981
f 4502 4524 5981
f 5981 4524 4504
f 4518 4505 4540
f 4518 4540 4500
f 4500 4540 4501
f 4520 4516 4521
f 4521 4516 4502
f 4501 4540 5984
f 5984 4540 4514
f 5984 4514 4519
f 4571 4543 4546
f 5988 5991 5992
f 5990 5988 5992
f 5988 5989 4572
f 5988 4572 5991
f 5989 4571 4572
f 4549 5993 5994
f 5994 4573 4571
f 4549 5994 4571
f 4549 4571 4546
f 5993 5995 5994
f 5995 5991 4572
f 5995 4572 5994
f 5994 4572 4573
f 4541 4542 5996
f 4541 5996 5993
f 4541 5993 4549
f 4542 4541 5997
f 4542 5997 5996
f 4541 5990 5992
f 4541 5992 5997
f 5997 5992 5991
f 5997 5991 5995
f 5996 5997 5995
f 5996 5995 5993
f 4547 5986 4541
f 4547 4541 4548
f 4548 4541 4549
f 3481 5682 5998
f 5999 3483 3481
f 5998 5999 3481
f 5681 5680 5999
f 5681 5999 5682
f 5680 3483 5999
f 5682 5999 5998
f 5676 5681 6000
f 6000 5681 5682
f 5676 6000 5682
