v 5.88715506 44.98124313 9.16536331
v 7.18432808 43.41644669 9.30272388
v 7.60537243 44.43385315 14.45605850
v 7.23391104 41.31907654 10.64713192
v 4.93041420 46.84613419 12.11590004
v 4.17979240 49.19321823 17.25369453
v 7.44122791 40.37612915 7.84998322
v 7.84231138 48.78630066 19.59809113
v 4.00437832 43.76484299 4.69064474
v 9.16477394 47.76711655 21.36061668
v 8.27790737 46.67884827 19.13678932
v 6.15571690 50.41264343 21.22117043
v 11.79663181 49.03063965 30.94215012
v 12.42510319 50.69091415 29.63847160
v 9.14620781 49.97295380 32.80977249
v 9.53361225 51.68082809 30.16524124
v 8.14000130 48.70575714 33.96795273
v 7.77794313 49.60667419 34.24858475
v 8.09048653 50.52575684 33.49385071
v 6.64405680 50.05686188 34.26926804
v 6.96538162 48.57651901 34.42331314
v 7.25960922 51.55162048 32.26259613
v 8.56556892 47.57912445 33.07979965
v 10.36026001 47.82193756 22.49456787
v 11.64558697 49.49295425 23.36034393
v 11.74574852 47.48724747 23.09925079
v 9.81677151 46.43617249 31.23575020
v 12.39624500 47.48277283 30.32583046
v 10.39909840 47.86727905 31.89431572
v 10.51796055 46.01784515 28.74863625
v 12.09614372 46.22255707 26.62508965
v 10.77625656 45.94757080 23.98282433
v 7.81247568 44.62502289 29.48867798
v 3.00481963 40.46774673 15.84766102
v 7.20633268 43.03127670 16.33603477
v 6.18505573 39.54764175 11.77402687
v 3.85848093 37.55138397 11.75949287
v 2.49266171 36.61001587 11.32877731
v 4.84429693 37.03646469 10.63523006
v 6.62940407 38.38701248 9.39400768
v 7.13791943 46.58438873 33.09398270
v 6.52668858 44.73650360 30.78378487
v 5.45556784 43.35681534 22.00034714
v 7.39352989 44.08699799 23.64409447
v 8.30148697 44.98896027 21.30852890
v 13.28971958 47.02080536 28.83570480
v 5.22447729 43.67560577 25.77334213
v 13.88357925 48.58288956 29.54278755
v 13.78089046 50.43355942 27.97611809
v 13.77141094 50.20374680 26.36911201
v 6.53419256 52.61373138 30.46251297
v 6.19123697 52.28041458 27.61866379
v 9.92958164 50.51050186 24.64141083
v 12.90592575 49.94449997 24.70128059
v 5.41466951 51.25560379 23.04321861
v 11.16115379 -34.59652710 -16.35809898
v 11.12416267 -34.58606339 -15.74825668
v 11.67106819 -36.26369858 -17.14174652
v 11.63354015 -37.39308548 -16.80394173
v 11.31374550 -37.67070770 -15.23960495
v 11.68884754 -38.64736557 -13.77891541
v 11.09379005 -35.63965607 -12.97242355
v 10.89130497 -35.09306335 -14.61580753
v 6.32005739 -44.57630157 -25.98878860
v 6.57522869 -46.30416489 -25.64530373
v 3.91546178 -45.85147476 -26.58503914
v 7.55427790 -44.70153046 -25.15076637
v 7.25222206 -45.62038803 -24.99791527
v 10.16645432 -42.97655487 -22.30590439
v 8.54519749 -42.60665131 -23.64356613
v 6.76519871 -41.49670410 -25.47262764
v 2.95528316 -41.80703735 -26.75630951
v 11.00217819 -44.62673950 -20.65154266
v 10.40208340 -47.10592651 -21.70097923
v 10.05943489 -48.39014816 -20.91901970
v 9.28503227 -48.45985031 -22.72665215
v 9.99918938 -46.70175552 -22.50057220
v 7.63659430 -51.19093323 -19.79926682
v 7.00591135 -51.35540771 -22.22051430
v 5.54208326 -52.39147186 -20.72683334
v 4.62548971 -52.56109619 -21.46406937
v 8.09548283 -49.73917770 -22.76443100
v 7.32942677 -51.14326096 -18.24189568
v 5.13709593 -52.24834061 -18.16089249
v 6.73893881 -40.03226471 -25.70663452
v 8.45712662 -39.84926605 -24.41164398
v 10.45112705 -40.93607330 -22.30235481
v 3.97842956 -47.37812424 -24.85913277
v 4.52578449 -47.56086731 -25.69837761
v 5.99953604 -46.41774750 -24.77304459
v 6.33348608 -43.79738998 -22.94216728
v 3.92245245 -44.86054230 -23.52317810
v 3.16956210 -46.86904907 -22.94841003
v 10.78340530 -43.88134384 -21.39946747
v 8.88473511 -47.06537628 -22.95578194
v 7.62377787 -43.52818680 -23.64406967
v 8.77700996 -50.26959991 -19.66762161
v 8.65888500 -50.41381454 -21.38900185
v 9.95056820 -48.85415268 -18.08067322
v 9.90700626 -48.89611816 -17.09130096
v 5.39375019 -52.10069275 -16.57443047
v 11.10627079 -46.63700867 -18.69731903
v 4.34950638 -40.38425064 -26.73067665
v 1.90533221 -40.87524796 -27.07724571
v 10.71350098 -45.79684830 -15.63901138
v 11.30249310 -45.50295258 -17.52817726
v 8.51963902 -45.84079742 -13.13588715
v 7.60792494 -48.81699371 -14.80179596
v 9.32705593 -48.72160721 -16.17499733
v 8.40258312 -49.99927521 -16.56948280
v 8.33267498 -49.62421036 -16.58672714
v 6.47223663 -35.27486801 -25.24923134
v 1.97947907 -37.46283340 -26.97680092
v 5.40958786 -31.56201172 -25.10523033
v 2.45015097 -36.74217987 -7.84492779
v 3.09911704 -37.68070221 -8.25787640
v 3.40117145 -36.33839035 -7.23353243
v 4.31105042 -37.46028137 -8.44905663
v 4.15264559 -36.84446335 -7.45123339
v 3.41007137 -34.59542465 -7.80631447
v 2.34330320 -34.94436264 -7.75199747
v 4.46479464 -35.43472290 -7.36987162
v 4.82637739 -37.47367859 -8.96541214
v 4.97999144 -35.74044800 -7.83972454
v 9.40027046 -35.26839828 -22.99820518
v 11.49154949 -33.17311096 -22.12448883
v 11.10050488 -31.80214691 -20.97666359
v 11.27156067 -30.58635902 -21.95192146
v 9.84341812 -30.45508766 -22.18244553
v 7.31905365 -31.63232613 -23.95958710
v 8.46536827 -30.38762856 -22.22637939
v 9.51965714 -32.89071655 -7.29251289
v 10.60689926 -32.39091110 -7.67404270
v 8.81376076 -32.17988586 -9.65106010
v 6.98518229 -33.31411362 -8.87895584
v 11.15657520 -32.70103455 -23.90946770
v 12.22011948 -32.72567749 -23.36194992
v 10.41731834 -34.15305710 -22.48798561
v 9.51934147 -33.58947754 -23.43556976
v 9.77752876 -41.15786743 -11.35982132
v 12.47467041 -30.80079460 -23.85470009
v 11.67665672 -30.30384445 -23.71298981
v 10.99195671 -31.09465790 -24.04118729
v 11.65294170 -41.36974716 -17.93691063
v 10.92387962 -40.44152069 -21.14965630
v 11.64790154 -41.67560196 -15.26715279
v 11.43662739 -43.67587280 -14.86539364
v 7.20826578 -50.37385559 -15.80373383
v 4.15803051 -50.50058365 -14.40992737
v 8.53299141 -48.63724518 -15.82312107
v -0.45453542 16.31672287 -20.57216263
v 1.91381311 23.46194649 -16.87645340
v 7.28382349 24.68349648 -13.61702824
v 8.40866470 8.91318226 -21.04416656
v 3.33608890 8.34147644 -22.98103905
v 5.67967367 1.36082602 -23.63817024
v -0.49980676 7.20238304 -24.03627586
v 4.30452061 -4.74526787 -25.26496506
v -1.27950740 -1.47886920 -26.03891182
v 3.66089630 -9.98175907 -25.90174484
v 7.42418528 -13.27350330 -24.39739418
v 3.20632529 -13.31146908 -25.92601967
v 0.87683409 -11.68420029 -26.39973450
v -1.74318862 -11.58065510 -26.68139076
v 7.71288013 -17.42287064 -23.75828171
v 1.60247803 -17.91740799 -25.36116409
v 4.70127583 -21.84150505 -23.75735855
v -1.56914353 -19.10282326 -25.53053474
v 5.34884357 -25.83786392 -23.75590897
v 0.01907650 -25.55255890 -25.67222595
v 0.40454277 -21.64688301 -25.11156273
v 10.83130074 -23.47722244 -18.57101250
v 7.32012033 -25.16284943 -22.02003860
v 7.88326550 -22.55175781 -21.69122314
v 8.75242424 -25.92617798 -20.32533836
v 16.54602814 -18.76044464 -10.54393864
v 16.62201118 -18.60607147 -11.36205864
v 16.17341614 -18.17116928 -9.83665085
v 10.59715939 -26.14403152 -17.17460060
v 11.81404972 -25.85050392 -16.44470024
v 10.71777630 -25.72064209 -15.54127216
v 11.65347290 -24.81805611 -15.49880123
v 12.48050213 -25.58906937 -16.68781090
v 12.47901535 -24.91507912 -16.68430138
v 11.66881561 -24.04316139 -15.76675415
v 10.85998154 -25.41820908 -18.47239685
v 12.22064686 -25.12222672 -18.02429771
v 9.81489468 -25.64837074 -18.82038879
v 0.82651639 30.82076645 -12.06413746
v 2.57616901 30.24510193 -12.08908558
v 5.53218317 28.20540428 -12.26311684
v 8.81556511 27.10271454 -9.82606602
v 11.29202271 22.54441452 -10.02958584
v 9.31659126 28.00737762 -7.57231283
v 10.15536880 26.30487061 -7.84620333
v 9.42492962 28.37195778 -6.35367012
v 5.68447876 5.62502098 7.08888197
v 5.42525434 7.66219378 8.45147896
v 3.47512078 10.76696205 7.27747822
v 2.01655746 10.75711918 7.21239233
v 4.31547403 10.13605595 8.27253628
v 1.97863650 7.85056257 8.49190903
v 2.54172206 6.06619978 8.33061218
v 3.76732445 7.30557251 9.21124744
v 2.32898760 15.49512672 5.70500612
v 2.95523715 16.33869362 6.03271389
v 2.95604014 18.84990501 4.82864332
v 1.52004695 18.69509888 4.87134504
v 3.67922211 18.26366997 5.42799282
v 4.65286064 17.16977882 4.51087952
v 3.88377786 18.61587143 4.77458048
v 8.82084370 15.43055248 2.68271589
v 8.56546402 16.69613075 2.81776524
v 7.76737547 20.20796394 1.20979881
v 8.36379814 18.86705971 1.97294903
v 7.03926802 16.61513710 3.21116447
v 7.70074177 17.72583961 2.92553616
v 9.81607628 15.51690006 1.62535930
v 9.07114506 17.15407181 2.18572307
v 9.63761330 10.63745689 4.07156992
v 11.04198456 9.55306435 4.32237911
v 8.74355698 6.30532742 5.51189518
v 10.87999916 5.62278652 4.59989691
v 10.86941433 6.87247467 5.03468037
v 8.70701694 8.38351917 5.49682093
v 12.07394218 5.97717953 3.41877031
v 12.39251232 8.98886585 2.27022123
v 11.69643116 7.87131119 4.41197538
v 17.30049324 -3.68544936 -1.61447489
v 18.50385666 -3.02780414 -0.57295305
v 15.61476135 -3.64067435 -0.19094925
v 18.27241707 -0.17635554 -2.00309753
v 17.01024246 -1.90614843 0.68626666
v 15.83787346 -0.90614003 0.74655044
v 12.67512798 -3.77120805 2.79069090
v 13.66203403 -1.59118223 2.28468990
v 12.61384106 -2.35213566 4.27255487
v 8.95928383 -2.44472694 5.59825277
v 9.63799953 -4.30835819 4.75595140
v 13.04335117 0.41613480 2.92293596
v 11.38486862 1.95638061 4.26859903
v 12.30967045 -0.60731447 4.56937981
v 11.18195820 -4.42348194 3.91625023
v 11.18269539 -2.97380018 5.16055346
v 2.07758999 1.08153772 8.30139828
v 1.42264032 -2.42375469 8.47590065
v 3.49773884 -1.12802768 9.29277992
v 3.80796552 0.57732391 8.29807663
v 4.60179281 -0.37810689 8.89309502
v 2.52718759 -4.19167423 7.93096972
v 4.28448296 -3.50454521 8.45943069
v 5.44762087 -4.28841925 6.67334652
v 5.49223948 -2.65728045 8.33488750
v 16.46474838 -12.45071983 -4.75312424
v 17.87096214 -10.77445984 -3.47522616
v 15.45889759 -9.69692802 -1.52126145
v 17.00323868 -10.64732933 -1.52713311
v 16.47282791 -8.54792118 -2.59511399
v 17.84706497 -9.76727009 -2.42436028
v 14.89539051 -12.34336662 -2.61199856
v 17.00848961 -12.34079266 -2.59440970
v 11.83749676 -9.20307159 1.86832464
v 10.73976326 -8.90683937 2.84875631
v 11.34140301 -10.46675396 2.79464698
v 10.32712650 -13.52305889 0.93691140
v 10.24243069 -13.00034618 2.41403866
v 12.54322910 -10.38534069 0.70724553
v 9.21842098 -8.93589878 3.52548623
v 8.47443962 -11.50308514 3.49970055
v 9.96938324 -11.12297726 3.56268311
v 3.13849783 -9.35340595 6.64514971
v 1.50461888 -8.88212967 6.79148149
v 3.80550361 -10.57635498 6.98855257
v 1.62682068 -13.99697876 5.06382132
v 3.07167077 -13.07216358 6.42268276
v 4.19821072 -13.63863945 4.35383749
v 5.60237360 -10.95814800 4.85823917
v 4.23571873 -13.01334095 5.75805950
v 0.62666082 -12.23853779 6.12284327
v 2.12814140 -11.94080544 7.05975056
v 14.55686474 -19.75832176 -7.66050196
v 15.27948093 -19.67571068 -6.75813389
v 13.72554398 -20.66749191 -8.47459698
v 12.83880520 -20.52856827 -5.79397297
v 13.15466976 -21.11521530 -7.94395733
v 14.68497658 -21.37346649 -6.34419107
v 15.10575199 -18.06766319 -6.63551235
v 10.36258411 -19.08759880 -1.71303356
v 7.37979841 -19.70351601 -0.19434589
v 8.10212517 -18.03737640 -0.04057869
v 8.02870846 -21.52538681 -2.46944475
v 8.88624954 -21.69701576 -1.60142481
v 6.60338926 -21.06821632 -1.85654175
v -0.15365860 -21.53213692 0.20217265
v 2.58777428 -18.77692986 2.33409262
v 2.15631509 -19.86267090 2.79372525
v 4.15643740 -18.60765648 1.24983609
v 2.85664892 -21.81487846 -0.15169036
v 11.01791859 -25.86420822 -11.06957912
v 12.52665997 -25.99137306 -10.08434200
v 10.62006378 -25.74528694 -10.12552261
v 11.74223328 -24.01980591 -9.24826813
v 8.69319344 -26.16034889 -4.93736887
v 8.99409866 -25.94131851 -6.32607555
v 8.75025177 -24.90974045 -5.53320980
v 8.16026306 -25.29993057 -4.56782579
v 10.77856064 -24.86084366 -9.24323845
v 12.36109352 -25.55117798 -9.29079247
v 5.71900463 23.85804939 2.50523305
v 1.66249573 24.40827179 4.60020638
v 1.84551573 22.91858673 4.67766762
v 2.84715009 23.19372368 4.69961071
v 8.94564724 24.77539062 -1.15799844
v 9.70065975 23.84136963 -2.79308701
v 9.98334503 24.97244644 -3.47999191
v 9.88416481 25.32198334 -1.72179508
v 15.89312840 -18.21066475 -12.03013134
v 14.98756695 -19.25533104 -11.08316612
v 16.82686806 -16.66793823 -10.76249218
v 17.23482895 -17.29870605 -10.11525440
v 16.65545082 -16.85198212 -12.00463009
v 15.43855667 -17.92392540 -9.63250923
v 19.14825630 -10.35770607 -10.91653347
v 19.35561371 -9.04376793 -10.20584106
v 20.57406998 -10.81943893 -10.01877880
v 18.83525848 -9.24677372 -8.15639877
v 20.14935875 -10.41617298 -8.20179939
v 18.55217171 -11.87563515 -8.83460140
v 18.57331657 -8.16460705 -8.97951221
v 20.54099846 -9.70955276 -8.94480801
v 14.40389633 17.04025269 -5.39418793
v 16.10581398 17.55644226 -7.31485415
v 16.91891479 15.78524590 -6.07914639
v 18.52669144 14.10428905 -6.09857321
v 19.32970047 2.63854623 -9.28316975
v 18.61861801 5.15379953 -6.21370649
v 16.97374725 9.58552647 -3.86350322
v 12.72580528 18.94437408 -4.01509809
v 11.06552410 20.19601631 -2.64137673
v 16.10260773 17.87873650 -8.05614567
v 18.23245049 12.20452499 -5.04009104
v 19.67248535 11.76899815 -5.94060946
v 11.93891907 -23.14260101 -15.20529747
v 13.64723587 -22.05509949 -19.70205498
v 13.87388992 -22.42068481 -17.86202240
v 15.08356857 -21.44592857 -16.30636024
v 13.90027237 -21.74488449 -14.35431767
v 14.18929577 -20.68881035 -13.24253082
v 16.34569740 -19.79718590 -16.14282036
v 17.47942543 -17.79913139 -16.89717674
v 16.97255898 -16.11263275 -13.54315472
v 10.41175652 -22.36210060 -20.54350662
v 11.06830311 -20.55684280 -21.67615128
v 10.61613464 -14.45858288 -23.00985146
v 11.58147144 -11.26229286 -22.45675659
v 11.00280476 -13.08618450 -22.96214676
v 16.59228897 -7.87117577 -18.22883034
v 15.21337700 -9.16742134 -20.07983017
v 16.94550705 -10.74013138 -18.77937889
v 17.91117668 -13.90308762 -18.16184616
v 17.41279602 -10.93347645 -17.55350685
v 18.69907951 -8.95341206 -15.33684540
v 19.47821426 -9.79560280 -14.64182758
v 18.55319214 -11.83009624 -14.31729603
v 19.46844864 -10.16944218 -14.29612637
v 19.25648880 -10.62785816 -15.77927494
v 18.40406990 -11.47405624 -15.94745445
v 9.36339855 16.58226395 -17.59498978
v 13.57377052 11.51144600 -17.36015511
v 11.37202549 18.79503250 -14.27718163
v 15.44581127 17.08935165 -11.93340588
v 14.02280235 19.09266472 -9.54131699
v 11.72226143 21.47609901 -6.27737379
v 12.10117149 6.12812281 -20.13523102
v 13.86428261 15.10789490 -2.20866680
v 14.27635860 15.81048298 -3.32963133
v 13.40041351 16.57645798 -1.50089478
v 13.63437366 18.03859329 -2.20698333
v 10.81492329 19.19933891 -1.39606619
v 11.96747112 16.13574982 -0.68892276
v 12.11400795 18.60433388 -1.27655828
v 16.56611824 10.21117020 -1.62170601
v 15.58671951 10.83073425 -0.86562383
v 16.95124817 10.17033863 -0.05713733
v 20.08489990 -2.68502617 -9.21087837
v 21.53555679 -2.54105735 -8.24322987
v 19.56235695 -1.56546390 -5.86775923
v 19.64348221 -2.99988055 -6.47594929
v 19.66431046 -3.56555319 -7.67713642
v 21.46562386 -2.90152264 -7.31273460
v 19.82792854 0.55186224 -7.20579290
v 19.74380112 0.19438538 -6.10470152
v 21.59132385 -0.31528214 -7.38135195
v 19.81492996 -3.43103528 -13.15102673
v 19.50602341 -1.44078457 -15.13690090
v 20.12276459 -0.74518788 -13.22759914
v 16.66978073 -2.94732475 -17.90285492
v 17.72004700 -0.17883718 -17.36869240
v 12.60134888 -1.98923635 -20.98730469
v 15.24378967 2.12753582 -19.52982521
v 16.27723885 0.43940443 -18.78538322
v 16.47883224 5.83967113 -0.28245452
v 17.33059311 6.36317539 -1.61832905
v 17.53699684 7.01488352 0.32744688
v 14.79083824 9.63144302 0.68163246
v 16.24092865 8.38420391 1.17049885
v 18.65964127 8.14413548 -5.12243986
v 17.96897697 12.31485271 -23.20765114
v 16.19279671 8.60465717 -23.70690727
v 15.57745075 8.51912880 -20.63750458
v 24.47977448 12.59157848 -29.02236366
v 23.14278030 13.57619667 -26.57045555
v 21.79503822 13.79268074 -28.94312668
v 21.57515907 14.08727264 -26.51045418
v 22.00649452 13.37729454 -23.97582054
v 24.79944038 6.15909719 -28.71355057
v 25.51143265 7.74022007 -27.07555389
v 24.20626640 5.51634502 -24.91228104
v 18.38415718 5.51448870 -30.36468124
v 19.86095810 4.79218817 -28.89921951
v 20.99773026 4.49352121 -27.64056206
v 20.64513779 4.10580826 -25.07804108
v 18.29269981 12.61668205 -27.63034630
v 16.85466003 8.94611168 -28.63262558
v 25.85874557 10.22310448 -29.51420403
v 25.43327332 11.04252148 -26.75112915
v 22.52487564 4.74588633 -27.61473083
v 22.77088165 4.40050888 -25.04330063
v 17.25905991 7.13847876 -28.79919815
v 20.25023079 13.93502903 -26.53433609
v 19.86577034 13.51049519 -23.90769005
v 21.11151314 13.06474781 -32.90343857
v 18.88212013 12.21628189 -32.97614670
v 17.18419075 8.25045490 -33.69347382
v 17.46876907 5.76379967 -34.20891190
v 17.49038124 6.29669094 -32.19299316
v 22.79976654 3.49409223 -34.20782471
v 25.21239853 5.69347095 -32.42029572
v 21.45000267 3.91958737 -32.05266953
v 25.74000740 8.33071423 -33.87285995
v 25.52255630 10.40959740 -33.11028290
v 24.22265053 12.05575085 -32.94107819
v 18.06271744 11.01887989 -33.57696915
v 19.23951149 3.75120997 -34.14965439
v 19.44054604 3.92834878 -33.07513046
v 18.69664764 3.83294010 -33.60591125
v 19.72459412 3.41217756 -33.59500885
v 24.11409187 6.59806204 -17.51264954
v 23.94520378 8.56192207 -17.81438255
v 23.49898338 10.48948574 -20.40835953
v 22.80960846 10.62889099 -17.30487251
v 20.33621025 2.05524516 -21.06941795
v 20.60924721 1.04592896 -18.75289154
v 18.49832726 0.64994359 -18.71844864
v 23.52243423 3.78248096 -20.63458061
v 23.03131294 2.66008592 -17.55606270
v 21.12869835 1.39754891 -16.30844688
v 19.58059120 0.73912525 -16.84439850
v 14.39648533 5.74996948 -19.53732491
v 14.56975365 8.28306866 -19.31420517
v 16.54541588 3.53537822 -20.89906883
v 15.78517246 3.08425689 -19.82817841
v 19.94532204 12.51982784 -20.35286713
v 18.21742630 12.29815197 -19.11710358
v 18.95382881 12.73085690 -17.07017326
v 22.02470016 11.22342873 -18.69032860
v 23.09987450 3.68853664 -14.81233406
v 18.23999596 2.49879670 -21.37937737
v 16.96978378 1.28148222 -19.32176208
v 16.63466072 17.43708229 -9.95475006
v 18.46100998 16.26103210 -8.54640102
v 20.20008087 8.56694031 -6.55448389
v 20.30002213 9.87527752 -6.23760509
v 20.48175430 11.54068565 -6.92872953
v 19.23429108 9.78333187 -5.18588352
v 19.90435219 13.54767990 -7.29159117
v 21.67305374 11.41287708 -10.24640656
v 21.88422585 10.00603580 -9.75247192
v 20.13272476 14.40222836 -10.23340988
v 14.81830406 11.42558193 -17.38287163
v 16.01028633 15.59110928 -13.32942963
v 16.05004501 10.80663204 -19.14471436
v 21.31832886 12.57368660 -34.05347824
v 17.69415855 9.48886490 -34.19469070
v 20.90157318 3.37594032 -34.38963318
v 23.14329910 8.04196358 -34.29383469
v 23.80035591 11.42734051 -34.13446808
v 19.69083023 5.33594799 -7.86673975
v 20.51164055 3.17696667 -11.04330158
v 19.53912163 1.30889237 -12.95379448
v 18.92567062 0.46742016 -15.31375027
v 18.18575668 9.38296223 -4.58057022
v 18.45105743 -16.17002296 -19.63973045
v 19.17899132 -8.25920677 -28.42297363
v 17.63863945 -7.46458435 -25.29566765
v 17.34170532 -7.81561518 -30.31064034
v 16.63891411 -7.07628632 -26.18901062
v 15.97701740 -8.03649902 -22.48764992
v 19.73479080 -14.73350716 -28.50790596
v 20.32316017 -13.57144070 -27.09936714
v 20.72442436 -11.75333786 -26.89401817
v 19.80507278 -12.73038006 -22.45151711
v 18.88783455 -15.33755302 -24.84972000
v 13.98588276 -14.98412991 -28.68314171
v 16.03945160 -16.59263420 -25.35281944
v 13.68401909 -8.91830730 -29.33984184
v 12.73943901 -10.76575947 -29.57036591
v 11.95427322 -11.92694187 -24.43447304
v 20.40835762 -10.32522774 -25.31153107
v 19.66039848 -10.31641960 -22.79816055
v 17.63765335 -16.57527351 -24.83615875
v 12.72581768 -12.93785763 -27.73242188
v 15.37652206 -7.29043293 -25.49330330
v 14.13764286 -8.32831764 -22.89854622
v 17.05011940 -8.07097626 -33.50753784
v 15.79785061 -8.31458664 -33.88087845
v 15.28715611 -8.23951817 -31.79015160
v 16.68357086 -7.92750072 -31.84839630
v 13.73408794 -9.34825134 -33.35653687
v 12.52616978 -12.97533894 -33.43438339
v 12.42906570 -14.67248249 -33.88679123
v 12.65375710 -14.45682144 -31.87670135
v 13.50956631 -15.47114086 -31.54667473
v 13.13016987 -16.14554596 -32.19939804
v 16.93537903 -16.57235146 -30.33940125
v 15.13191128 -16.86121178 -32.62987518
v 20.96065521 -14.56509304 -33.99348068
v 20.78587341 -16.02172661 -34.31193542
v 18.84315109 -16.50936890 -32.36350632
v 20.76399422 -12.91396618 -33.90093613
v 20.42522430 -10.38798618 -33.46148682
v 20.41525650 -10.14976215 -29.95477676
v 19.52377701 -9.50907898 -33.91765594
v 19.35075188 -8.82555676 -31.14368439
v 13.02839279 -15.47263718 -34.27468491
v 15.01916409 -16.81922722 -34.25353622
v 15.37352085 -17.48291397 -34.12828064
v 20.45921707 -14.95617771 -31.93891335
v 15.08297539 -20.10399055 -22.25022125
v 16.35850716 -19.32938576 -22.47908592
v 17.50552559 -19.02254105 -17.88163567
v 16.43202591 -20.81932449 -18.01763725
v 11.44007301 -16.49026489 -23.19347382
v 12.67927837 -19.00797462 -22.87943649
v 17.95812225 -19.83834839 -19.26837730
v 17.38221550 -19.20851707 -20.67479897
v 17.66556931 -20.28488159 -18.26200867
v 13.89994431 -19.49109459 -22.94404411
v 11.61620235 -11.53226089 -22.92196465
v 13.22901440 -9.36203957 -22.16830444
v 11.21455574 -13.67551517 -23.55490112
v 13.59666824 -16.75095177 -24.82663918
v 17.48503494 -20.50784302 -19.54944992
v 18.81459427 -16.15240097 -23.99110222
v 19.69620514 -14.85184383 -23.35685349
v 19.31631088 -15.29500294 -23.77734184
v 17.34320450 -20.86623383 -18.71639633
v 17.38920784 -9.77536488 -20.75644875
v 15.15431786 -8.94746780 -20.82476234
v 11.65106392 -14.72297096 -24.07966805
v 18.94346046 -16.67790222 -21.67801094
v 19.13779068 -12.19952869 -21.11784744
v 13.45892048 -9.93125629 -34.17659378
v 12.86942482 -11.41086292 -34.13275909
v 15.59708405 -16.67168617 -34.43682098
v 18.84887886 -16.87211227 -34.14738464
v 18.18576813 -10.42445087 -34.30014801
v 2.40347886 -28.65800476 -25.64977646
v 8.37000561 -27.68176842 -22.05323601
v 8.30168438 -28.16825104 -22.97233582
v 8.01278496 -26.80430222 -21.98283386
v 7.06627417 -28.76170349 -23.72676659
v 7.73189449 -29.23682404 -22.83982468
v 7.45973825 -26.61029816 -22.84260750
v 6.63655758 -27.00010109 -23.64597702
v 10.91210938 -27.08578873 -18.51284790
v 11.38525677 -27.53876686 -19.59644318
v 9.47984219 -27.41605759 -19.81680489
v 10.40412712 -28.00543404 -19.89924049
v 9.92693806 -29.09148026 -19.92570686
v 10.93600082 -29.22804832 -17.39787102
v 10.96561337 -27.91965294 -16.84218788
v 10.77321243 -27.14141273 -17.08500671
v 10.95065784 -27.77945518 -12.07668400
v 10.73049450 -27.30880928 -12.96769714
v 11.29066277 -27.99637413 -14.17377853
v 10.99746037 -28.75517273 -14.71376896
v 10.43249130 -29.06218147 -12.01058102
v 7.06645155 -28.91065598 -8.11687660
v 8.35150909 -28.53266335 -9.84089184
v 8.70315933 -29.55992699 -10.19099426
v 6.55142593 -29.78106499 -7.99170780
v 3.79442501 -30.11663437 -6.67398167
v 4.20898008 -30.72387123 -7.48159266
v 3.73105049 -31.70436859 -7.11778975
v 3.09468532 -29.50217819 -6.88888502
v 2.59482431 -30.33212471 -5.56765032
v 12.18946457 -28.39898682 -19.22200203
v 11.78619862 -38.00922775 -11.72022057
v 12.21045685 -38.09117508 -12.47804070
v 12.20682240 -39.28194809 -13.44581985
v 11.20094299 -35.42070389 -9.03766918
v 9.70581436 -36.28767776 -9.39282322
v 10.33506012 -32.19393921 -13.74362373
v 10.44048882 -30.24628639 -16.06580353
v 10.00990486 -30.45507622 -19.51573753
v 10.74056625 -33.05825806 -18.44999695
v 11.12814808 -36.99556732 -19.98488235
v 10.49807453 -33.50524521 -12.68722439
v 11.54100227 -36.51485443 -18.67853355
v 11.15312672 -34.51468277 -18.70993233
v 11.66580868 -37.55791473 -15.28447056
v 11.94287491 -36.98997498 -15.96971607
v 11.37759399 -36.94553375 -14.51057529
v 11.47749901 -35.22388077 -15.45215034
v 11.90005493 -36.35649109 -16.07821274
v 11.80428410 -35.82773972 -15.43400192
v 11.68342400 -36.39960861 -14.87837410
v 7.86961269 -49.97496033 -16.33407211
v 13.85402966 -17.93552399 -4.97492933
v 13.20308590 -16.20212364 -4.39379406
v 12.31301403 -15.18936443 -2.30613613
v 14.85433483 -16.73096657 -7.90206575
v 15.87448597 -15.18478298 -8.52889061
v 11.12188530 -19.93055153 -5.45894098
v 10.26749802 -22.20324707 -7.72127962
v 12.14534092 -21.66707802 -10.20442295
v 14.25906658 -18.63463402 -9.45230293
v 7.77712679 -16.54940033 0.39995465
v 5.63859797 -14.74296951 2.64639258
v 10.98616409 -17.33930779 -2.57523441
v 5.97327280 -21.75715446 -3.17264867
v 5.53710651 -22.86896324 -4.13023853
v 9.46367168 -21.04208183 -3.06471944
v 8.59120846 -21.86671638 -5.21468878
v 10.55908203 -19.25943756 -3.82741070
v 5.51937342 -19.92008400 -0.99445271
v 0.59206903 -18.05375862 2.59562588
v -1.15169883 -15.98012447 4.00687981
v 0.53909194 -22.49338341 -1.64684510
v -0.08050567 -23.44074440 -2.55133939
v 3.57316279 -22.00266075 -2.19818068
v 4.47114038 -19.80132103 -0.26667595
v -0.29511294 -6.41075468 7.53380585
v 5.84420013 -8.57593632 5.29734039
v 2.52194142 -15.10984612 3.74610186
v 14.30415821 -4.99043179 0.33784744
v 7.75793171 -13.14126778 2.61483550
v 15.63870239 -6.66373253 -2.23065281
v 17.37110710 -7.00067663 -6.10020971
v 13.65951920 -12.31864929 -2.08913255
v 15.62566185 -13.46018314 -6.20563984
v 16.94087410 -9.34229469 -5.03945923
v 0.10995643 3.38537312 8.42588520
v 5.97124481 0.94547784 7.04079247
v 7.37529612 3.28921390 6.31196260
v 6.70588779 -0.66634756 6.63174105
v 9.39206600 0.79543972 5.44990635
v 13.93150139 3.34724641 1.83955848
v 16.27939796 0.89247441 0.03357147
v 15.38952923 1.97004938 0.05972102
v 17.60986710 0.41648042 -3.95077276
v 17.83471680 -2.94315147 -3.08407235
v 17.04377365 -4.51232147 -3.90950942
v 0.24940309 13.00319099 6.51123238
v 5.72872448 10.95049286 5.77994347
v 6.78226614 7.29594898 6.10754538
v 12.61721039 12.52576160 0.24604593
v 15.09478569 5.97282505 0.70597506
v 14.19025135 6.20561361 1.07697272
v 16.94292641 4.64218330 -2.63410950
v 14.64474297 7.02973366 0.98781741
v 16.92529869 8.59695530 -2.21590114
v 15.47689438 11.95660305 -2.68592811
v 16.53791046 9.94926643 -3.16672421
v 8.71194077 21.93693924 -0.56568581
v 10.22023392 21.66471481 -2.96396565
v 4.88966465 20.54763412 3.15082049
v 4.52278757 14.80696583 5.00728321
v 0.56895083 20.83864021 4.72001696
v 5.43075848 25.84998131 2.64868760
v 6.42781687 25.40888786 2.11018395
v 1.06134546 -25.45148468 -2.99289632
v 0.28332838 -24.67194366 -3.51745057
v 3.24866486 -24.86416054 -4.08050013
v 3.83836412 -24.47744560 -4.53857279
v 1.04763389 -27.93258667 -5.59726572
v 0.57657349 -27.80402184 -4.50600863
v 0.04465704 -29.07564735 -6.49217319
v 3.23370910 -27.41332817 -5.36422014
v 3.85836220 -26.86527061 -6.44885540
v 5.34549904 -27.89075470 -7.96244144
v 3.58415580 -26.15018654 -4.77220392
v 0.02089330 -26.62678146 -3.84794855
v 6.59766245 -24.34080124 -5.22664309
v 5.66112375 -23.69124031 -4.86404514
v 8.48486614 -24.01926613 -6.67458725
v 8.71794415 -23.73373795 -7.24574947
v 7.42877340 -26.71652985 -7.57377577
v 5.76422119 -26.77677345 -7.48417950
v 6.13797331 -26.40367889 -6.05586815
v 8.12761307 -26.22713661 -8.31045246
v 8.01916885 -26.68616104 -9.24844265
v 9.15708542 -26.85167122 -11.12187195
v 8.63342285 -25.12528229 -7.49028158
v 11.83409023 -24.01318359 -11.75209427
v 11.56927872 -23.45663452 -12.40384769
v 10.90959454 -25.46376038 -12.55462360
v 10.36750126 -25.82269859 -13.20561981
v 10.21365166 -26.61861992 -13.96723080
v 9.36514950 -25.81543159 -10.39198875
v 9.70065308 -23.58059883 -8.39007568
v 10.49062252 -22.78130913 -8.77671432
v 12.26572418 -23.61398697 -10.53772831
v 1.81741941 -32.28779984 -7.14584970
v 0.28225046 -33.54658508 -7.39846706
v 4.69044733 -31.41233444 -8.42764950
v 5.49950695 -32.45842361 -8.91279030
v 1.21594536 -30.18893814 -6.19673967
v 0.87264752 -31.24521637 -6.62463808
v 7.42610741 -30.87105179 -9.28033161
v 6.99144936 -31.65906715 -9.74987793
v 8.47854710 -30.34386826 -10.49704742
v 8.49866295 -30.86005211 -10.90996361
v 9.76316261 -31.48650932 -11.90710163
v 5.84930801 -28.63500023 -8.49065876
v 9.55752087 -30.14180565 -12.15418816
v 5.07500553 -34.34712601 -8.71686459
v 6.98175287 -36.82623672 -9.78684044
v 6.66025019 35.25143051 -3.99384618
v 8.11260414 33.93143845 -0.63202596
v 2.37511277 27.47965240 5.21219254
v 4.23226690 36.60725784 -4.76542044
v 6.08431864 29.57673264 3.76999927
v 8.76558971 27.07616615 -1.60832345
v 8.62445068 26.31664085 -0.83206552
v 9.49801350 26.71183014 -1.66946304
v 6.63104963 24.15739632 2.09210801
v 1.82173932 34.54697037 -8.34409618
v 3.58960128 22.86701584 3.75197029
v 3.30573630 23.83480835 4.47237778
v 2.53052521 24.51364899 4.85145903
v 8.08166599 31.96908188 -5.44192171
v 8.29448986 30.02575874 -0.62915891
v 8.34917164 30.86971474 -0.05412247
v 8.59777164 30.56588745 0.38547945
v 8.19819546 31.50163460 0.99345213
v 3.31612372 28.44925117 5.53197241
v 5.64638948 28.41509819 3.88896084
v 8.51060677 28.62639618 -2.22519755
v 7.55939913 36.46664429 -0.85658586
v 8.10407352 31.06969452 1.97921574
v 1.17268431 39.16004944 -3.19316006
v 5.36381197 29.42342758 4.50403690
v 7.79410362 29.44059181 1.04221630
v 8.17951012 29.63173103 -0.10827129
v 8.39755344 30.04916000 0.87129313
v 0.66468871 26.09969711 4.91654825
v 3.46595788 24.59481621 3.93072510
v 4.11083269 26.38490868 3.81814241
v 6.92901754 22.76395798 1.33830357
v 6.88084078 25.39427376 1.22526312
v 7.43681765 26.99357224 0.40354219
v 9.66343403 25.81190491 -4.06476068
v 9.11806393 27.04643822 -2.51704407
v 1.80982471 28.89539719 5.95816231
v 7.27760315 30.80866814 2.40374017
v 6.60602570 -41.48942184 -10.08831120
v 5.34675789 -42.68682861 -9.95275879
v 5.55547237 -42.04444504 -9.43284512
v 8.91494942 -39.76331329 -10.76159859
v 6.22751474 -46.58676910 -11.99805069
v 7.59437275 -44.14929962 -11.51082039
v 10.90002441 -38.94314575 -11.14606094
v 12.10508156 -41.76686096 -13.86117172
v 10.67173958 -33.84803772 -11.05863571
v 5.87734699 -39.95325089 -9.62750721
v 5.38728571 -40.61665726 -9.08354378
v 4.14391708 -36.17277145 -7.21818161
v 4.82849884 -36.25566101 -7.48630571
v 7.51099062 -30.72886658 -8.32090569
v 8.99346733 -30.16746521 -8.66292667
v 8.62273312 -30.69638062 -8.26684856
v 11.05601215 -30.03608894 -13.46720123
v 10.82205868 -29.85213089 -12.54576302
v 10.67135620 -29.67191124 -14.89246082
v 9.31240940 -27.51464844 -11.58310413
v 10.56233406 -29.50391006 -18.63249397
v 9.04191494 -29.75722313 -21.06940079
v 13.20862198 -24.97548676 -10.97036648
v 12.86750889 -25.62288857 -10.92149639
v 12.32621861 -29.14919662 -13.48510551
v 12.40759277 -28.83613396 -12.38490295
v 9.26888466 -19.43432617 0.17162260
v 3.16840935 -11.70309258 7.14716816
v 4.11009550 -11.72405148 6.80650330
v 4.72823191 -10.77370262 6.19771433
v 3.31940198 -2.63675570 9.03770256
v 5.02871609 -1.50916255 8.95760441
v 5.55998802 -0.71105683 8.16315937
v 3.35561967 9.19619942 8.97200775
v 4.84798336 9.01074028 8.73458481
v 4.82676077 6.52134323 8.46137905
v 5.18288183 9.67308521 7.65166187
v 3.98989654 16.72405815 5.58593655
v 2.84572172 23.79943275 4.83972216
v 2.95997667 24.55293465 4.67525482
v 2.42601085 28.14819908 5.84277678
v 2.71615887 -27.34930229 -2.69993925
v 2.48964691 -27.99385262 -3.75402737
v 3.39587903 -27.22061539 -3.72427392
v 3.23494649 -26.29143524 -3.09671116
v 2.49866533 -26.27790070 -2.41582918
v 11.17305851 -11.88328648 2.57196927
v 9.62163544 -12.53490162 2.99146795
v 10.76593494 -0.99749392 5.61497259
v 11.78355885 -2.00733685 5.10599661
v 10.59974957 8.55598450 5.17371893
v 9.94831848 7.67130423 5.49850607
v 8.76170540 18.76144791 1.34122622
v 6.06567955 24.46202850 2.51893973
v 6.92312765 24.80820847 1.66469061
v 12.83146286 -24.17946243 -10.87699795
v 15.01550388 -19.60081291 -4.94341850
v 15.53018761 -19.29293060 -5.20576286
v 17.65722275 -10.88631916 -1.73049724
v 18.07524681 -10.87315369 -2.30576754
v 17.72547150 -11.79474926 -2.36595917
v 17.64108276 0.01995857 0.50022805
v 18.62444878 -2.91442466 -1.59215653
v 18.51638985 0.08330990 -0.17156994
v 17.91457748 8.16463375 -0.61929482
v 17.55654716 8.90995312 0.34935391
v 16.70740128 7.04495287 0.90113723
v 17.28569794 7.93413591 1.02246845
v 11.85832500 19.45841789 -1.86028063
v 9.99954510 25.82161903 -1.97899199
v 9.63511658 26.60698128 -2.42077923
v 8.07000160 30.51865005 1.95048916
v 18.44617271 -8.88738441 -11.57612991
v 18.95943069 -4.14084339 -11.13326645
v 18.15086746 -12.48826981 -10.98247814
v 17.46198082 -13.78219318 -11.71617889
v 17.53225899 -8.52059650 -7.20656967
v 16.83697319 -13.47190094 -9.23875618
v 18.34138298 -6.47440910 -8.87405777
v 18.41075134 1.59963441 -5.91473961
v 18.03548813 -2.79251409 -5.65180254
v 19.16380501 1.27482057 -8.76236343
v 19.91140938 -0.34903795 -9.11603642
v 19.29053497 -0.24390002 -10.47998524
v 20.12905121 -11.57157803 -9.73497868
v 20.82136726 -10.63004398 -8.71217728
v 21.17072105 -0.78644127 -6.02095699
v 21.82635117 -1.18161035 -6.43387318
v 22.02385712 -1.75366819 -7.08149958
v 21.76347351 -2.19891810 -6.54082775
v 22.08481407 -1.95952058 -7.71769857
v 22.08786774 -0.96812212 -7.62533092
v 21.33499718 -0.75558186 -8.34526157
v 7.49278307 -32.27747726 -9.72340298
v 10.36162949 -32.55205536 -9.33086681
v 9.54661942 -32.24988556 -10.96604729
v 8.25972366 -35.68449020 -8.84649944
v 10.98114777 -33.80151749 -9.80675220
v 10.73936749 -36.50360107 -10.83365726
v 3.80210114 -40.74235153 -9.16488552
v 2.87316465 -44.22145844 -10.20759583
v 11.04640865 -40.28817749 -11.59870052
v 3.63332796 -47.44360733 -11.80774403
v 5.21050596 -46.38828278 -11.43896484
v 10.47944546 -44.07604599 -13.70176601
v 5.50472021 -48.96203232 -13.46953106
v 12.11209869 -28.67540550 -18.50730515
v 10.34461975 -35.25006485 -7.40573454
v 11.85745525 -33.51925278 -8.06127357
v 10.48258209 -39.98072052 -11.01729965
v 4.71306562 -41.85548401 -9.14602661
v 5.75977755 -45.92504501 -11.18536854
v 18.58340073 -7.75234795 -13.99738789
v 18.98159790 -4.88695240 -14.37290668
v 19.22407532 -4.31230783 -15.19958782
v 18.16240120 -5.27843523 -15.64577866
v 18.85087967 -0.21718106 -14.27299881
v 19.98518753 -1.17818737 -12.49308872
v 20.12413216 -4.18434763 -14.47938728
v 19.07238579 -9.57242298 -14.00738525
v 4.56682396 41.29883957 1.03837204
v 3.61551261 34.00908279 8.32210255
v 2.62139034 41.57030869 0.21605380
v 6.38736582 33.41352844 5.31152725
v 3.26490378 31.35708046 6.81304312
v 5.56796265 33.77600479 6.81788492
v 5.35389709 32.27970505 6.01425266
v 5.65988588 32.55714798 6.04095554
v 0.96020520 32.54519272 7.84388781
v 10.98412323 -24.59131050 -18.16908836
v 17.38075256 -17.93680000 -10.57830429
v 10.22439671 25.56237602 -7.03378439
v 9.87138081 27.45050049 -6.01837683
v 14.42935944 -19.70758247 -11.77902985
v 15.92609406 -16.54117584 -9.40211773
v 14.25399780 -19.38466644 -10.61184883
v 8.14670277 -27.27406693 -23.01509666
v 8.15576077 -26.81150436 -6.27890444
v 8.66417694 -26.48386002 -6.76253128
v 1.59307814 -20.58722115 2.36207533
v 2.21964002 -21.87985611 1.50078940
v 3.04992175 -20.94638252 2.05778623
v 18.51249313 -1.06712508 0.53245664
v 18.94012642 -1.66809380 -0.12620239
v 18.48163223 -2.25895166 0.34840602
v 19.22405052 -1.85003817 -0.77116954
v 19.19782448 -0.68248820 -0.64035928
v 18.16487694 -17.44505119 -34.12696457
v 18.25840378 -17.47862244 -33.37622452
v 17.67387009 -17.79483986 -33.00139618
v 17.59753227 -18.14070511 -34.26938629
v 15.21961784 -17.33696365 -33.32301331
v 16.08670998 -17.82447433 -32.68773651
v 15.90911007 -18.23660088 -33.95668411
v 20.60540390 -16.09400368 -32.58786392
v 19.55926323 -16.80544281 -32.81204224
v 21.12848663 -15.38621140 -32.78091812
v 21.12219429 -14.66770363 -33.17811584
v 12.26725197 -14.78155613 -33.05952454
v 12.17667389 -15.58858871 -32.62035370
v 12.13812637 -16.22966003 -33.40645218
v 14.10873222 -17.15615273 -34.03946686
v 14.29528427 -17.13598251 -33.29539108
v 13.69423676 -17.04590607 -32.87471008
v 13.15306377 -17.06410027 -34.09723663
v 20.87922859 2.83496571 -33.97392654
v 22.75791168 3.57984400 -33.14408112
v 21.28723335 3.01567888 -33.22861862
v 18.18590164 4.00613260 -34.13337326
v 17.37664413 4.57956934 -34.19737244
v 16.91568756 6.33867502 -33.13782883
v 17.04250717 4.95897961 -33.78758240
v 25.70634079 5.65670681 -33.83168793
v 23.78338432 3.80363417 -34.16231537
v 24.90732384 3.97049403 -34.08516312
v 16.78720856 -18.38094521 -34.19128799
v 16.96214867 -17.93495750 -32.68797302
v 12.51702309 -16.78710365 -33.96537399
v 12.80052471 -16.65637207 -32.65982437
v 12.24834633 -15.96569538 -34.18802261
v 20.33346176 -16.82459831 -33.69598770
v 21.05194283 -16.07374763 -33.66101837
v 25.07485199 4.22746420 -33.48909760
v 25.51410484 4.71053791 -34.35622406
v 17.27171707 5.16092205 -33.00264740
v 1.11294019 -26.88740158 -2.46432996
v 7.25217438 -25.56492233 -4.56516695
v 7.27402878 -26.85828018 -5.73271656
v 13.08149719 -25.32602692 -9.40019512
v 13.37453079 -25.28679276 -9.84373379
v 13.56287289 -24.89965439 -10.25491142
v 15.55672836 -20.65453720 -5.50393009
v 15.14486599 -21.10484123 -5.64722109
v 15.61613083 -20.66957092 -6.00726509
v 8.56529236 -29.92450142 -7.58479500
v 9.04633904 -29.39017487 -7.98047781
v 8.40850735 -30.42991638 -7.61585188
v 9.27740288 -20.67475128 -0.37832412
v 8.69161320 -21.36188126 -0.65647358
v 10.08650112 -20.13350677 -0.53377318
v 17.12434578 -17.93501091 -9.91040230
v 19.63114548 -10.16925907 -15.22003937
v 19.53606796 -10.98442650 -15.31032753
v 12.33565807 -25.60357475 -17.93801117
v 20.90604591 -2.69364285 -14.26753807
v 7.70492840 -27.85237694 -23.68668365
v 7.47503614 -27.26087379 -23.73426437
v 3.44060159 -31.27760315 -5.69079828
v 3.55546856 -30.64445686 -5.63252878
v 2.08667064 -30.93656731 -5.59642982
v 2.70709777 -31.69167709 -5.59050512
v 5.24248075 -41.31071091 -9.04870892
v 5.87841034 -41.32716370 -9.31899834
v 14.51730347 48.48910141 26.60724449
v 14.30834389 47.48854065 26.85464668
v 13.82870674 47.16151428 25.16432953
v 14.02723885 48.13732529 24.90892410
v 12.64143467 46.31514359 24.88785934
v 12.59617329 46.88525391 23.68623734
v 12.91924858 48.28285217 23.45273781
v 14.26179123 47.84294891 28.44396019
v 14.45895481 48.80180359 28.21214485
v 14.34088898 49.47491837 26.42672157
v 13.86472702 49.09765244 24.73598480
v 13.83586788 49.90789795 29.24798965
v 14.29517841 49.74717712 28.03330803
v 8.99588966 -30.82097816 -22.89305496
v 10.42869377 -34.74517822 -21.44045067
v 9.31446362 -31.88315201 -23.54971313
v 12.83301640 -31.63938522 -23.67915344
v 11.36226368 -33.45207214 -6.74402380
v 12.36514854 -31.74718094 -24.32512283
v 18.13421440 -17.94163322 -22.02680588
v 17.86264038 -18.01055336 -22.91189384
v 18.75971031 -17.70767212 -22.72580338
v 19.13686943 -17.39399529 -22.53093147
v 19.49475479 -16.87096596 -23.15773010
v 10.00487709 27.58473969 -7.03415728
v 0.02569863 44.85210800 8.40399837
v -0.70794654 43.37159348 13.72726250
v 0.84210408 47.30075073 16.43605042
v 1.45293367 47.29497528 14.08289814
v -2.01813245 41.84089661 9.69027996
v 1.62012613 49.01784515 21.57792282
v 1.34722948 44.41223526 5.62742090
v 0.69233584 47.49154282 22.82675552
v 0.94764358 46.82271957 20.86569977
v 2.68509531 48.90200806 33.23357773
v 3.79265428 50.26388550 33.18367004
v 0.93473500 50.30896378 31.91580200
v 4.30612993 51.14782715 32.57423401
v 4.63694382 52.28014755 30.81910706
v 2.10304189 50.99877930 30.03188324
v 1.69248247 50.20732880 24.45000839
v 5.69956636 48.58084488 34.38763809
v 6.04328537 49.51788712 34.54685593
v 5.48665762 50.18531418 34.19223785
v 4.88175869 47.40098953 33.65369034
v 3.55199289 47.72182846 33.39579010
v -0.47891343 47.40095139 24.62271118
v -1.15862381 48.90981293 25.56639671
v 3.44203663 46.10989761 32.33205032
v 0.61647749 46.87990952 32.35160065
v 0.68747807 45.74936295 29.69099808
v 0.17936380 45.46877670 25.80879593
v 5.18048573 44.67601395 30.84099007
v 1.11559629 39.06900787 12.96257210
v -0.15631139 41.83686829 14.51963425
v 0.16030046 37.45691299 11.13624859
v -1.58330941 39.12342453 10.26470661
v 2.99019098 43.81364822 22.79700089
v 1.60696089 45.02370453 22.33816147
v -0.05592611 46.26590347 24.75694466
v -1.12236655 45.85941696 29.69939995
v -1.14806521 47.81361771 32.12776566
v -0.78367001 49.95977020 29.40646744
v -2.26116347 49.38328552 29.12623787
v -1.42441761 49.55343628 31.19329071
v 3.41412616 51.77404785 28.17475510
v -2.36480045 49.02498245 27.39884758
v 4.00182438 51.14585495 23.30597115
v -8.83631134 -37.67940521 -18.50348854
v -6.45897102 -43.73856354 -17.15898514
v -7.39586020 -42.07059479 -18.38231468
v -8.47669983 -39.11831665 -16.73515892
v -7.71889591 -41.28570175 -17.60188675
v -6.99560928 -42.44889069 -13.92029095
v -7.29985905 -40.84968948 -14.05597210
v -8.50949001 -37.99051285 -14.53220177
v -7.18297911 -42.09078217 -15.10725307
v -8.09565449 -39.38916016 -14.59172821
v -8.40647316 -40.43479919 -17.06645012
v -7.74627399 -41.87099075 -16.02577400
v 1.12432981 -46.06495285 -26.13243675
v 2.26243401 -44.89323044 -26.62889481
v 1.18396699 -47.67616653 -25.56922150
v -0.35910940 -46.43649292 -25.31046486
v -3.29366541 -45.99123001 -22.74119759
v -2.13917398 -45.27887344 -23.57804489
v -1.60450435 -43.43439865 -25.31938362
v -2.59822440 -49.66900635 -19.84657478
v -1.41411912 -50.62804031 -21.58667755
v -2.04760289 -49.30562973 -22.35771561
v 3.34587407 -52.56836700 -19.87616158
v 1.77444625 -52.21894073 -22.06438255
v 3.96895385 -51.94561768 -22.74061203
v -1.87703013 -41.28675461 -25.77392578
v -4.51794291 -43.90710831 -22.92573166
v 1.27281284 -47.91398239 -25.28052330
v 2.09285855 -47.93205261 -25.08381081
v 2.77639985 -48.05401230 -25.36754990
v 0.09956574 -46.86356354 -24.74078560
v 1.18802190 -46.48440170 -24.28514481
v -0.39192876 -45.39912796 -23.15279388
v 1.47497892 -50.60958481 -23.15154266
v -4.18858862 -46.80955887 -21.24349403
v -0.31530520 -50.14022827 -22.94386292
v -1.77678645 -46.44729614 -22.82254219
v 1.04728496 -52.09882355 -19.09082985
v 0.30106366 -51.84795761 -21.57157707
v 0.25882944 -51.61269760 -22.39172173
v -0.00327815 -51.79677200 -17.52731133
v -1.11050797 -51.20340729 -18.38227654
v -1.35760391 -51.02578735 -17.02044487
v 2.96002746 -52.31976700 -17.51232910
v 3.76328254 -52.33423996 -16.70127296
v -2.86036801 -49.87011337 -18.70463943
v -3.16769433 -48.90210342 -16.18986511
v -3.20853710 -49.47101974 -18.14397049
v -0.49893948 -50.37252426 -15.62430954
v 0.41115665 -51.57866669 -16.68770981
v 1.29936063 -51.49333954 -16.60519791
v -3.76971555 -37.35055161 -25.33020973
v -0.51954806 -33.96550369 -26.63468170
v -0.05816751 -36.33108521 -7.81873560
v -1.63830078 -37.40003586 -7.28190136
v -0.59765112 -38.26694489 -8.17155838
v -2.60371900 -35.51302719 -8.26333046
v -2.46780562 -36.63697433 -7.56937551
v -2.11151791 -38.94969940 -9.13967705
v -5.99696016 -40.96852493 -22.53476906
v -5.81097078 -38.30307007 -23.90767860
v -9.14145947 -37.62289810 -22.11808014
v -10.73144245 -37.22857285 -23.25725937
v -9.99683285 -34.74786377 -21.82774162
v -10.57188606 -34.95874786 -23.64187622
v -6.43970537 -34.70847321 -23.91540527
v -7.55692434 -33.17595673 -23.03516197
v -8.17681122 -36.60065460 -7.48188210
v -5.91431856 -35.98005676 -8.89890099
v -8.41560364 -35.92863083 -9.10817623
v -9.17146206 -37.06752014 -24.10817146
v -7.28735209 -37.24626541 -23.59776688
v -8.81247139 -37.87477875 -23.15620232
v -5.58900928 -44.57051086 -20.54145432
v -11.18646049 -35.82418060 -24.21556091
v -10.14569283 -35.88592529 -24.56315041
v -5.71710920 -45.38999176 -18.22479820
v -5.34286118 -46.06542206 -15.54809570
v -4.93729687 -47.03660202 -14.74711609
v 2.16798282 -51.65343094 -16.06373405
v 3.44772387 -50.95443344 -14.87525463
v 0.38687661 -50.52310562 -15.76037788
v -2.64126492 20.50345993 -18.53738213
v -2.02723289 24.77815628 -15.94695091
v -5.70339584 26.41928291 -12.96021748
v -8.19703102 15.46680164 -19.82424164
v -8.98572636 10.06417274 -22.07431984
v -3.06021690 8.01266670 -23.70573616
v -9.75664520 3.66955900 -23.91608429
v -9.23327255 -1.10082817 -24.90669823
v -13.73539066 -2.91689968 -23.65706253
v -4.05890894 0.41465372 -25.67319489
v -4.31884432 -3.24160838 -26.27052879
v -9.51254749 -6.65324640 -25.24612617
v -10.50937843 -10.97243881 -24.64268684
v -6.02630234 -13.29111576 -25.92296600
v -4.42153311 -7.73244381 -26.53296661
v -7.11837578 -16.98429298 -24.87745857
v -4.39869165 -21.08344841 -24.76908302
v -8.52877903 -22.53303528 -23.06897354
v -3.96588302 -16.69131279 -25.77090836
v -3.28762102 -25.08128357 -25.20995331
v -13.50984478 -24.45275688 -17.85842133
v -11.28891277 -27.98212242 -19.43722153
v -8.15041351 -26.82375336 -22.86259460
v -19.39113617 -17.38223267 -9.98342705
v -19.12749481 -17.28087997 -9.44024372
v -19.65539742 -16.96920395 -10.83500099
v -13.46500874 -27.66058540 -16.97065353
v -13.30268764 -27.43121910 -15.67422867
v -14.16033936 -26.18796921 -15.26671696
v -14.69445896 -24.98511314 -15.57727146
v -14.99093723 -27.02016068 -16.51889992
v -12.74738312 -26.15140915 -18.45075417
v -13.05227089 -27.43168068 -18.16182137
v -14.68115807 -26.82000923 -17.76263618
v -0.97887820 30.37561607 -12.06351852
v -8.43931580 26.00885963 -10.09710503
v -8.17425442 28.07097054 -7.50913334
v -7.57416439 29.89322662 -5.62331963
v -5.52190399 7.34856033 7.50211382
v -5.56670237 9.42902660 6.54914808
v -4.15975189 11.97163200 6.38370037
v -4.09625244 10.38173962 8.17390156
v -1.63385916 11.36044979 6.88461637
v -1.86241341 8.13341904 8.47123337
v -2.34361100 6.38411474 8.43408108
v -1.58856893 15.63483524 5.89222717
v -1.82923687 19.09223938 4.84611368
v -1.93957508 18.39825821 5.65723991
v -0.94844002 18.32942963 5.23487806
v -3.62539601 17.37489128 4.79117489
v -3.38774300 17.23356438 5.51493645
v -3.00094700 18.89807892 4.48293638
v -0.55783933 16.46397400 5.52552128
v -6.06009102 20.42260933 1.94901466
v -6.53650951 19.98263359 2.32954383
v -6.56203699 18.77321815 3.03846788
v -8.59633350 17.83434105 1.91755784
v -9.60354996 12.24707127 4.05210018
v -10.11608410 7.64668512 5.33625746
v -8.25626469 8.64853668 5.58281660
v -11.42605591 6.51793194 4.20045900
v -13.04118538 10.37411022 2.20051098
v -18.92801476 -1.48401690 -1.91698349
v -17.60202026 -0.36204198 0.25602195
v -20.22908592 -0.45936298 -1.07749927
v -19.29964447 3.28393459 -2.22736812
v -19.76290512 1.55856526 -3.30409074
v -20.56164169 1.64128935 -1.72354603
v -19.12799644 0.13734022 0.53767008
v -13.79525375 -1.58622217 3.20127320
v -14.66882229 0.16921337 2.10327220
v -10.03861904 -1.30383027 5.83890772
v -10.03141785 -2.90452456 5.21331978
v -13.16197681 1.90252793 3.79939151
v -12.48561096 -2.83635449 4.01376534
v -12.17514706 -1.65537620 5.27453852
v -2.15759134 -0.09113829 8.83948040
v -1.19320893 -1.86042547 8.38837814
v -4.69702387 1.87474930 7.78770494
v -4.84667635 -0.26041916 9.03716278
v -2.89046383 -3.69541550 8.28198910
v -5.90373039 -3.38487935 7.09468794
v -6.88463926 -0.23255810 6.82667923
v -18.56023216 -10.95287991 -4.69597435
v -17.58076096 -6.94101429 -1.59046721
v -18.80649948 -6.53458786 -2.90304995
v -19.84996223 -7.82999849 -2.45011497
v -17.84312439 -10.85927105 -2.37867022
v -13.30758476 -7.70378304 2.36907268
v -12.64411449 -12.23023701 1.55830193
v -11.87480736 -11.68441772 3.01542878
v -13.96980572 -11.43001842 0.31353119
v -14.25864506 -8.96942711 1.11196601
v -10.54343510 -8.83703709 4.01687908
v -9.46710110 -10.54328442 3.81571984
v -5.76199961 -7.60486555 6.25346613
v -5.41917562 -10.51220417 7.06542778
v -2.23476052 -8.76798534 6.84933662
v -3.66047478 -13.59183693 5.46119595
v -6.34265423 -12.60356522 5.01320124
v -7.12053156 -10.03496933 5.05352974
v -2.72063184 -11.67522144 6.44158792
v -3.65636730 -11.65738297 7.17697430
v -17.43109703 -18.45417976 -7.18405390
v -16.67151260 -19.58477783 -7.99722385
v -18.18380928 -18.07298279 -6.15708637
v -15.62676811 -19.48583412 -5.51947832
v -17.33941269 -19.24221802 -4.64318419
v -16.13234138 -20.20657349 -7.52185202
v -17.69619179 -19.97994614 -6.02601290
v -17.84126091 -16.65477943 -6.16595984
v -12.99409294 -18.14124107 -1.83691549
v -12.87002373 -19.64486504 -0.91157722
v -9.73167133 -19.44913673 -0.46282548
v -10.90997982 -17.68189049 0.12827262
v -10.84961319 -20.41724586 -0.31896845
v -11.14364719 -21.21964264 -3.04087734
v -9.91917133 -21.10371017 -1.95022583
v -11.97082233 -21.09594154 -1.67436051
v -2.94927979 -21.92983055 -0.47771540
v -3.88138843 -20.86844635 1.92863476
v -5.59631777 -17.53151703 2.28465033
v -6.40603542 -19.47285652 1.05089557
v -4.85409164 -19.90632820 2.64853883
v -5.97977638 -21.76987267 -0.75734597
v -4.92053080 -22.20953369 -0.88516110
v -5.31714106 -22.21414757 0.50033337
v -6.23312902 -20.71198845 1.45860791
v -13.43706131 -26.93632507 -10.92569447
v -15.44508648 -27.00420380 -10.52464294
v -14.36876583 -24.31395721 -9.16870975
v -15.82911777 -25.76928711 -9.38807678
v -11.06608391 -26.81008339 -4.97616053
v -10.92347622 -25.80226517 -5.10903597
v -13.42912674 -25.52332115 -9.22655869
v -15.21911812 -26.01301575 -9.06598186
v -0.44147056 25.28749084 4.75931025
v -0.72245800 23.94040680 4.87276030
v -0.30609196 23.13418770 4.65452957
v -7.44034910 26.10295105 -0.54085279
v -7.34143496 24.82182121 -0.85074049
v -8.19624329 25.71451378 -2.16474080
v -8.25665283 26.07811546 -1.50420582
v -8.34331322 26.24372482 -3.05624127
v -18.78339386 -16.92746162 -11.29239559
v -19.48170662 -15.07105541 -9.88253212
v -19.70532036 -15.84215260 -11.17548084
v -20.02460480 -15.84883976 -9.56405067
v -18.25592613 -16.53733063 -9.09541893
v -21.34851456 -9.80861855 -11.26239109
v -23.19827843 -8.88993549 -9.99571323
v -21.48932076 -6.67880011 -11.02039433
v -21.21932793 -7.10304117 -8.25872135
v -20.55836487 -9.99548244 -8.40963173
v -21.95681953 -10.44307041 -9.42057514
v -21.74762344 -6.57260895 -9.74428368
v -23.06789017 -7.72180605 -8.97556210
v -13.17483997 19.96057129 -4.91224575
v -13.91517639 21.37852097 -6.94115782
v -15.52930546 20.03203583 -6.09417248
v -17.63593483 18.12682915 -5.75511026
v -15.56889343 18.65862656 -5.04201317
v -20.99438286 7.24470901 -10.19966698
v -20.02994919 8.92438221 -7.44944906
v -19.46759415 5.78619385 -5.54869890
v -18.22211838 12.03549004 -4.48788643
v -11.14297867 21.60342789 -3.99508119
v -10.56205750 21.98946953 -2.04101372
v -9.43076515 22.25912094 -2.38481188
v -15.39455509 21.38857079 -7.96944237
v -15.97791195 20.93171692 -7.29896355
v -18.27995682 16.41093826 -5.30237961
v -17.58974457 15.15633583 -4.57779217
v -15.57594967 -22.63433075 -17.39852524
v -17.25410271 -21.69480324 -17.21123505
v -16.75785065 -21.37876511 -14.38879681
v -15.16419220 -22.75129128 -14.03124142
v -16.96544266 -19.73973656 -11.94701958
v -19.45891762 -19.18924141 -15.92261791
v -20.19742775 -17.19610786 -15.73560238
v -19.88756180 -14.33944035 -13.11162853
v -13.61763096 -22.05662346 -19.92875671
v -14.51801395 -19.89129829 -21.17259979
v -13.92696571 -15.21841049 -22.69845963
v -10.95448208 -19.08191681 -22.87521744
v -15.26916218 -6.58380270 -22.82232285
v -14.57154465 -12.37465382 -22.77930641
v -16.23326683 -9.65162563 -22.06984329
v -20.62588882 -4.75988150 -18.33515549
v -19.98721504 -5.84559584 -19.43132401
v -18.40697289 -7.53270674 -20.84749413
v -20.03684235 -9.07978535 -19.37036514
v -20.75634384 -12.73062992 -16.91197395
v -20.56532860 -10.79363537 -18.58274269
v -21.65765953 -6.34326124 -16.22701836
v -22.14208221 -7.36850262 -16.19084740
v -21.23856544 -10.48646927 -14.06040192
v -22.47911263 -9.05067062 -16.02857208
v -21.56974792 -9.87855625 -16.31826782
v -21.43376160 -10.87678719 -15.28473377
v -22.30688477 -9.87709427 -15.67848110
v -8.62895107 21.08874702 -15.73552322
v -13.46783829 16.27657318 -17.40841103
v -11.05346489 15.89410210 -18.66121292
v -13.35154438 19.84446335 -13.04281807
v -11.54656029 22.56858635 -11.04783726
v -13.30493927 21.13280487 -11.45347881
v -12.15421104 22.43426132 -9.33184910
v -8.54587650 26.27716255 -8.69744301
v -9.86234093 23.67598534 -5.48413610
v -14.55103970 12.58429813 -20.10449028
v -15.95172691 8.96435833 -21.36510658
v -12.92103958 18.11651039 -2.06539559
v -12.11181831 20.28678703 -1.62641585
v -12.85357380 19.53429604 -2.92205238
v -9.61372662 20.93713951 -1.11014760
v -11.09454060 20.86770821 -1.01909816
v -11.38207054 18.86627007 -0.91419715
v -16.56343079 13.83030605 -1.11665940
v -22.66632271 0.30806759 -10.29920006
v -23.37518120 1.74226701 -10.12165260
v -21.92252731 2.55819201 -11.48098469
v -21.91667175 1.60278749 -7.08099270
v -21.05560303 -0.28405410 -7.47682667
v -22.35264587 -0.24561149 -9.18150711
v -23.74090004 0.75968939 -8.26800728
v -22.09049225 4.02531767 -8.30211830
v -23.59044647 3.46117234 -8.75389862
v -20.79303551 3.91093111 -7.09113646
v -21.99476814 -0.69993222 -14.28845119
v -22.41366196 1.78119671 -14.28113174
v -23.40302658 1.69316053 -15.11279488
v -21.30594063 4.00970364 -17.72955894
v -21.11519623 1.82934225 -18.06569481
v -22.95419502 1.45299947 -17.24654579
v -22.29105949 4.12526178 -14.81849861
v -22.13573647 4.32189846 -15.90250206
v -23.23451042 3.43871903 -15.80239296
v -18.94482994 -2.49566174 -20.33365631
v -17.78218842 0.66690052 -21.22769928
v -19.98679352 5.64948559 -19.71137619
v -15.66855526 4.26516294 -21.99358940
v -17.22914124 7.14895868 -21.33870888
v -18.69138336 6.79670811 -21.04886246
v -17.37686920 9.00090218 -0.45259935
v -18.22738457 10.37445259 0.16514529
v -17.99715042 9.12975407 -2.57133746
v -15.43288898 12.66575146 0.72509104
v -20.76469612 9.95067215 -9.17776012
v -15.21990776 13.82033348 -0.04742134
v -16.79637146 20.41688919 -23.22604561
v -16.24795914 18.36109161 -20.62304497
v -15.77087021 17.38828659 -22.14007950
v -15.76294899 15.94232655 -23.17343521
v -21.85456467 23.20892334 -27.08650017
v -22.78531075 22.63095474 -26.29304123
v -20.12767410 23.46036148 -27.53658104
v -20.00401306 23.26747513 -25.24142647
v -20.60789108 22.27266693 -23.07110214
v -19.51460648 22.31104469 -23.09387779
v -22.50830650 21.99784851 -23.88363838
v -24.43087196 15.75044060 -30.46888161
v -24.90316391 17.70312119 -27.32531357
v -24.96669197 20.05495644 -29.09430313
v -24.91235924 19.32811546 -26.86190987
v -24.04865074 15.64277649 -26.58228302
v -18.04730225 14.88132000 -30.59040833
v -18.10715866 14.80297661 -27.93710327
v -20.45594978 14.10836220 -28.51151848
v -19.58838654 13.77736187 -26.84406281
v -21.50272942 13.24665260 -26.20425797
v -16.61104393 20.67671585 -29.36239052
v -17.02614594 21.75799751 -26.96492577
v -16.01075363 18.35972786 -27.80413246
v -23.93845367 21.32877541 -25.93510437
v -22.79590797 14.76718330 -28.66537666
v -22.59210968 14.35119724 -27.08927917
v -16.52231026 16.60199928 -28.26389885
v -16.39728546 15.40118217 -25.12151909
v -18.32372856 22.82619858 -27.01195526
v -18.50346184 22.52047729 -24.33816910
v -19.20095062 22.55271912 -32.30519867
v -17.71833611 21.48400116 -32.88389969
v -16.91937447 20.11907196 -33.17596436
v -16.69470215 16.71585846 -33.28786850
v -17.02097130 15.50917625 -32.53694153
v -17.44976425 14.47264290 -34.24724960
v -18.09167671 14.31484127 -32.46690369
v -22.42929649 12.77917004 -34.37160110
v -23.54097176 13.79400349 -34.21713257
v -25.45578575 16.95783806 -32.71997070
v -21.85810661 13.57440662 -32.19416809
v -25.07721138 19.45603752 -33.02744293
v -24.12166214 21.25753021 -32.64403152
v -22.75319672 22.28304863 -32.93245316
v -16.73154640 18.89254761 -33.95505142
v -16.43033600 18.20200157 -33.02622604
v -19.88471031 13.12654877 -34.22038269
v -19.74050713 13.16053867 -33.25475693
v -20.37844086 13.51314735 -32.20544434
v -21.23288727 12.74328136 -34.20646286
v -24.01676559 14.20396328 -32.89304352
v -21.20186996 22.54755974 -33.27370834
v -23.63265610 17.33225632 -19.43381119
v -24.48197746 14.26051140 -17.22373390
v -22.31910133 9.75186634 -22.35226631
v -20.36419868 8.89309788 -22.26782990
v -22.57365036 8.57660294 -20.15869522
v -24.06539726 10.87428570 -21.53739929
v -23.99725151 9.84969330 -17.95675659
v -21.49300766 7.13516140 -18.95811081
v -15.04164982 13.30383301 -20.18988037
v -16.32294846 10.63243961 -21.30400658
v -17.57024765 10.08546162 -22.24637604
v -18.92008972 19.83185005 -19.74484253
v -18.96124458 18.97248840 -17.74801064
v -17.32264900 18.63243675 -17.96155739
v -21.37899590 19.03494453 -19.14735603
v -21.23413277 18.44988060 -16.96512222
v -24.68719673 12.15533924 -20.76589203
v -24.71341896 15.55007076 -21.88351822
v -24.83361816 11.80546570 -17.78966522
v -24.51262093 10.86301517 -17.95563889
v -18.29808235 8.61896801 -21.91028023
v -24.22252846 19.93693352 -24.14373016
v -22.86898994 20.86007309 -22.60012817
v -23.99838638 14.27530003 -24.97438049
v -21.83604050 11.38691521 -24.24518204
v -17.84297180 13.90920544 -25.80209923
v -17.85512352 20.95333672 -22.05995560
v -21.25026512 21.59329987 -22.21288490
v -13.28590202 21.79928398 -7.72067404
v -18.85806084 19.35700607 -8.38507366
v -17.03760529 20.85236359 -8.61619568
v -20.64831543 13.10444450 -7.00671101
v -20.62031555 15.49184990 -7.28951740
v -19.19195175 13.61045265 -5.31012440
v -19.77005959 17.86734772 -7.75495005
v -24.17456627 13.62396336 -15.24907207
v -23.38755035 16.07660484 -15.18958187
v -20.07381439 19.03845596 -11.78478813
v -21.91170883 15.49144173 -10.20063114
v -14.80915165 16.54749489 -17.67096710
v -15.11460781 19.40090179 -14.02635288
v -24.30353165 12.01649189 -15.38239479
v -22.62519455 13.33808899 -10.75632381
v -19.84129715 19.28792763 -13.52083015
v -16.47720146 20.74140167 -11.11202049
v -14.87751865 15.63342953 -19.01433945
v -18.40349007 20.80272865 -33.98860550
v -23.33441734 16.51507187 -34.30499649
v -25.35011864 15.98541641 -34.32125854
v -24.11951256 20.43248940 -34.06122208
v -21.74071121 7.02900982 -15.05102444
v -21.10299873 6.10658407 -17.51614380
v -21.31631851 -14.99654293 -18.37806511
v -23.21016121 -8.84776688 -27.75539589
v -23.51429176 -9.42282009 -26.23212624
v -21.83933258 -8.00440598 -25.88474083
v -20.85915756 -7.67298937 -26.69077492
v -20.85495186 -8.61657143 -22.25510597
v -19.53521156 -8.03278351 -22.93114281
v -22.33399200 -9.74953651 -22.33391190
v -22.67974281 -15.75593758 -28.24355698
v -24.33510208 -12.81049728 -26.63979530
v -23.37608910 -14.20337105 -23.53367805
v -22.29304695 -15.88029099 -24.85161591
v -17.77113152 -15.75928783 -26.69742393
v -19.17366219 -16.17196465 -27.20335007
v -19.77068520 -16.93309212 -25.30422401
v -16.52506828 -14.56709480 -25.85406494
v -15.93685341 -11.42449188 -26.02030182
v -15.74120045 -10.71208954 -23.71023750
v -17.13396835 -9.03161335 -23.70902634
v -24.27681923 -11.14508915 -26.49641228
v -23.34812737 -11.90458775 -22.54638672
v -21.22513580 -16.30461502 -27.47741699
v -20.89282799 -16.45470619 -25.68514824
v -16.26590347 -12.93579769 -27.45954514
v -15.83359432 -12.91377163 -25.51489449
v -19.36292267 -7.69513321 -26.77673340
v -18.27862358 -8.13390541 -27.40400887
v -18.55072403 -7.99732924 -23.56353760
v -20.09461021 -8.22450924 -32.96183777
v -21.12661743 -8.19932365 -32.18909836
v -17.97239876 -8.99831200 -32.41921616
v -16.34168243 -12.41242504 -33.55613708
v -16.45370483 -13.94803715 -31.02809525
v -16.09379387 -14.60320663 -34.02362823
v -16.77934837 -15.23672009 -31.74233055
v -15.77467346 -15.40296459 -32.98354721
v -20.01110268 -17.13512039 -31.59928131
v -19.04602242 -17.94851685 -33.08841324
v -18.57589722 -16.66840553 -31.80289650
v -24.13878059 -16.61717224 -34.25159073
v -24.74048615 -15.42810345 -33.91839981
v -24.48805618 -14.72373486 -33.99475861
v -22.17734528 -17.06829453 -32.57755661
v -23.56006050 -15.46333408 -31.00265694
v -24.61603546 -13.37664986 -33.92848587
v -24.57851410 -12.31725311 -31.54504204
v -23.88861465 -9.96406460 -32.38859177
v -17.02963448 -9.74127007 -30.04670715
v -16.34556580 -11.44810772 -32.19092941
v -16.48305130 -15.68439293 -34.37767029
v -18.52154922 -16.95161629 -34.25058746
v -18.82566833 -17.63489342 -34.10118484
v -19.08568573 -17.09539032 -34.43811798
v -24.38091660 -14.77381611 -31.62537575
v -23.81103134 -16.12062454 -32.09903717
v -24.66818237 -14.58460426 -33.01041794
v -22.67691994 -8.81408978 -32.60033035
v -17.70459747 -20.54106140 -20.55901527
v -19.83092880 -19.70318604 -20.38525391
v -20.99655533 -17.84400177 -18.30987167
v -19.49821663 -20.21599579 -16.97951698
v -18.62065887 -20.88232231 -17.62674522
v -16.29872513 -21.27925491 -19.80832481
v -14.66477108 -16.62767792 -22.67878342
v -15.99931526 -18.87368393 -22.32632828
v -20.80354691 -19.84207344 -18.49982071
v -21.12996101 -19.18950272 -18.27456856
v -18.81908607 -20.71796608 -18.67574120
v -20.78309441 -18.86592102 -19.43993378
v -20.49024773 -20.02622223 -17.45148849
v -17.26348305 -18.15681267 -23.66409302
v -14.78732300 -14.31349182 -23.58342934
v -18.84438896 -17.88964272 -24.27935982
v -20.31755829 -20.23422241 -18.92051125
v -21.99170303 -16.75926018 -23.58720016
v -22.11409187 -17.71904564 -22.89621544
v -23.00496674 -15.38706779 -22.77745819
v -22.69350433 -16.29219818 -23.13660049
v -21.90388489 -11.13023472 -20.67832184
v -20.26091957 -9.60041332 -20.35210228
v -19.09450340 -8.67773724 -21.34410667
v -17.82579041 -8.71652222 -21.95376396
v -19.53155136 -18.62706947 -23.12564659
v -22.05777359 -16.80282021 -21.11562920
v -22.29262733 -17.24755859 -21.45129967
v -22.86361885 -16.73612785 -21.85468292
v -18.14710999 -9.70001316 -34.31186676
v -22.15777397 -16.94900894 -34.28436661
v -21.07306099 -17.58207512 -34.42215347
v -23.80829239 -11.67701530 -34.28035736
v -22.04078674 -8.86858177 -34.32623291
v -3.80787492 -31.97512817 -25.36106873
v -9.43172646 -30.59789848 -21.95312119
v -9.53546906 -29.06600571 -22.10885239
v -9.30092907 -30.49783516 -22.95174599
v -7.44682312 -31.17125320 -23.79161263
v -8.27913857 -31.85303116 -22.87316322
v -9.01179314 -28.67901230 -22.77462006
v -8.05804634 -28.77837372 -23.41795349
v -8.71288872 -29.33519554 -23.61951637
v -12.54442978 -29.91056252 -18.08883286
v -13.43448544 -30.62276077 -18.72724533
v -11.38612556 -30.91800499 -19.96042252
v -10.36778736 -32.62644577 -20.27091980
v -12.51028252 -31.85808563 -19.97615623
v -12.00246143 -32.06427765 -17.52366447
v -13.05837250 -32.25922012 -18.54455757
v -12.70462799 -30.20031357 -17.16331291
v -12.20349216 -30.43836784 -12.12118244
v -12.51781273 -29.95733452 -12.77479935
v -13.55244637 -31.09829140 -12.71018410
v -12.58341885 -30.90209198 -14.10020447
v -13.54412556 -31.55854988 -13.72117233
v -11.41868973 -32.12404251 -12.18683720
v -8.18762016 -30.89736176 -8.37964916
v -9.24618816 -30.72344971 -8.99154472
v -9.40069580 -31.66560936 -7.93824339
v -9.73058510 -31.47869492 -9.86466026
v -10.10772419 -32.30475616 -8.91052628
v -6.76008558 -32.14350891 -8.53114891
v -5.18050623 -31.09064674 -7.55066442
v -4.63059807 -31.84976578 -5.98235655
v -3.73135686 -33.01224136 -7.45963287
v -3.89384270 -32.99214172 -6.35285378
v -3.53315330 -30.48059464 -6.50451803
v -3.51753950 -31.30318832 -5.71061850
v -12.72228241 -32.16677856 -19.38424492
v -7.84934664 -41.06330872 -11.43343735
v -8.27443218 -41.44849396 -12.39076805
v -7.65418291 -42.21856308 -13.38886738
v -7.43322325 -43.85049820 -12.90071201
v -8.01705933 -39.73593521 -9.52345943
v -9.66930389 -35.01126099 -13.92020035
v -11.05001545 -32.47125626 -16.35991669
v -9.84717846 -34.04822922 -19.46080589
v -8.68192387 -37.50683212 -12.88596725
v -7.98761272 -39.79949570 -19.45120621
v -7.90580416 -40.53172684 -14.59902000
v -8.61538696 -39.64509964 -15.76738644
v -8.35813904 -40.94046783 -16.22048569
v -8.23440933 -41.10762405 -15.66864967
v -16.91738701 13.91802025 -3.60881424
v -15.64046001 16.82986450 -3.84047055
v -16.71514511 -16.79102707 -4.59517384
v -15.66900921 -14.94125175 -3.86834145
v -14.71320248 -14.02481651 -1.95920455
v -17.43841553 -14.86620998 -6.86264658
v -18.23677444 -13.21146965 -7.21647263
v -13.66441727 -19.68608093 -5.41882658
v -12.55725574 -22.14737320 -6.64414883
v -14.52425480 -21.50487518 -8.97516727
v -15.88291168 -20.02102280 -9.77558994
v -9.70512009 -16.02177620 0.80810142
v -8.19164848 -15.34913826 2.12024236
v -13.18628025 -15.21927643 -1.20622945
v -10.44744110 -22.17541695 -4.85178804
v -6.79544449 -23.74247932 -4.17034006
v -8.06585789 -20.85390472 -2.07750440
v -12.22280598 -20.64108086 -3.25764346
v -12.16219234 -21.02369118 -5.09212017
v -3.11604929 -18.61446190 2.34366202
v -4.11544704 -23.23063278 -2.70595908
v -6.42634249 -22.08112526 -2.47075462
v -6.25066519 -8.77186871 5.77818918
v -13.06845093 -5.19279528 2.44206762
v -9.67527103 -12.35351086 2.91381931
v -16.87880707 -5.16092873 -1.36061215
v -19.33914757 -3.43567777 -5.31604099
v -19.08755112 -7.01272392 -4.70363903
v -15.79627132 -10.92146969 -1.72769308
v -19.17092133 -8.20876694 -6.33886242
v -7.38372183 4.02973461 6.46731281
v -5.72268438 1.04658723 7.42521858
v -9.90174007 1.83135653 5.58151674
v -14.63747597 5.26590204 1.86831141
v -17.79361534 3.08538914 -0.08194072
v -16.31687927 4.69420624 0.06454939
v -16.07233429 -1.91128290 0.29511297
v -19.72240829 -0.73106807 -3.05108047
v -18.71049881 -2.61367702 -3.72314167
v -19.51618767 1.54454422 -5.08680820
v -5.79748631 10.23635197 6.04926586
v -7.57877874 13.09105587 4.34359503
v -7.67121172 15.09536457 3.48884559
v -12.89193058 15.18502045 -0.21317224
v -11.84685802 12.19787025 2.39621949
v -15.74135876 7.14053297 0.43361172
v -15.84299469 8.64095402 0.61992675
v -18.09146690 7.72844124 -3.10895491
v -14.62820721 8.88403702 1.23227036
v -15.26761913 9.70449734 0.93125933
v -17.44191933 12.09195614 -2.42009473
v -17.65653801 11.73100281 -3.60918283
v -15.32646847 15.43832016 -2.70649219
v -10.25220680 18.36519623 -0.15456699
v -7.67730761 23.58751106 -1.20923769
v -9.26709461 21.60549164 -1.50684547
v -3.80855799 22.54347801 3.16531539
v -6.13270092 23.86291695 0.98008114
v -5.37466621 19.65456200 2.89887905
v -2.64874935 14.08674622 5.59082127
v -4.05060148 15.35972309 4.93842888
v -1.26718795 19.91124344 4.45180368
v -3.79049444 25.70928764 3.09452581
v -5.09680033 25.91860199 2.46086764
v -3.75714755 -25.54106140 -3.20801711
v -2.24726081 -24.59769630 -3.25551081
v -5.94839001 -25.10735130 -4.38846207
v -4.02945805 -28.25415611 -5.42715025
v -3.50731659 -28.93313599 -6.64632797
v -1.96204829 -28.15390205 -5.86739731
v -3.01374364 -28.04141808 -4.66103649
v -5.60135317 -27.84994125 -6.17704487
v -5.80936480 -28.13273239 -6.93641806
v -6.42181349 -29.08526611 -7.72496605
v -6.38499022 -26.28626251 -5.48903036
v -2.07746816 -26.68831635 -4.45144510
v -9.66554165 -24.90806007 -5.41345215
v -8.46959400 -23.88798332 -5.11766100
v -10.44270134 -23.30502319 -5.82984972
v -11.88802528 -24.02321625 -7.68412733
v -9.94452667 -27.70045090 -7.45759201
v -8.88148308 -28.54009247 -8.79855537
v -7.37950897 -27.22469711 -7.03909445
v -8.87042522 -27.60712051 -6.55262375
v -10.79363537 -27.24928856 -7.97710752
v -10.51000214 -27.61412621 -9.41191292
v -10.79500389 -28.62227058 -10.49441433
v -11.40689659 -25.50495148 -8.06747437
v -8.58906269 -26.66862869 -5.97294998
v -15.19731617 -24.21995735 -10.72703171
v -14.40485191 -23.85214043 -12.28850079
v -14.67868996 -25.39457703 -11.87890244
v -13.08631611 -26.84132385 -13.66119099
v -12.54377460 -28.31567764 -14.87571526
v -14.24467659 -26.68810654 -11.95676136
v -11.76217842 -26.93748283 -10.20609570
v -12.87216949 -23.30539131 -8.15046787
v -12.27291870 -28.13129044 -12.66427040
v -2.18762136 -33.64190292 -7.91007233
v -1.39624393 -32.81679535 -7.03725100
v -4.37255859 -33.41401291 -8.51024818
v -4.85188007 -34.48661423 -9.04360008
v -2.02958608 -30.25666046 -6.51623535
v -1.20664084 -31.71337509 -6.80045080
v -8.26346588 -33.49166107 -9.70121956
v -7.26719618 -34.43106079 -10.28789711
v -5.96871758 -33.56883621 -9.26519871
v -7.25059414 -33.15944672 -8.86718559
v -9.15114117 -33.18744278 -10.07492256
v -9.15474224 -33.34236526 -11.48639202
v -9.23770905 -35.06588364 -12.12027454
v -7.72309637 -29.84797096 -8.76631355
v -10.02833557 -30.31295776 -10.69923019
v -3.30222106 -36.27861786 -8.72600079
v -4.10405588 -37.52381516 -9.27269936
v -3.23939657 -40.20266342 -9.97991562
v -0.34487772 -39.25626373 -8.94341278
v -0.06754448 28.97816849 6.05491209
v -0.25487983 27.66042709 5.57579947
v -4.22428799 35.23623657 -4.66235447
v -3.95457196 37.87456512 4.38651276
v -1.25722849 27.81135941 5.16049480
v -1.19044423 38.34924316 -3.27090096
v -3.81978130 30.89248085 4.43209171
v -6.81310225 28.80459785 -0.74422842
v -8.01328087 27.73312950 -1.15408170
v -6.49127388 27.93795204 0.20261781
v -0.26055408 34.74520493 -8.08037567
v -3.34931350 33.03488922 -8.36254692
v -2.22713327 23.20955086 4.17969179
v -1.82807183 25.82984161 4.26871109
v -1.72936499 24.78287888 4.73772383
v -6.35185337 31.85027885 -6.16502476
v -6.31869841 31.28004456 -0.29413214
v -5.75568008 32.87416077 1.61180902
v -1.07079160 29.56388664 5.79431343
v -3.50799942 28.75843811 4.17543316
v -4.31422520 30.87338638 3.61300087
v -6.91668797 30.03444290 -2.01386857
v -4.69391346 37.13805008 0.44690046
v -2.95513248 31.25931931 5.12707376
v -5.91340780 30.88041878 1.45764577
v -5.51609182 25.97078896 1.81346488
v -5.71357441 27.73176956 1.18182099
v -8.08175659 26.82794189 -3.67874336
v -0.66787475 -42.74915695 -9.33863449
v 0.79130912 -43.59693146 -9.79750729
v 0.03833730 -43.37170410 -9.44108677
v -4.05692196 -42.55046082 -10.81057644
v 1.78354740 -47.44141769 -11.73076248
v -0.14437141 -46.66215134 -11.61800957
v 0.24991243 -48.39973450 -13.09171104
v -6.80584764 -42.64690781 -11.49337482
v -8.84067822 -37.44528198 -11.40079498
v -0.57372320 -41.56932449 -9.32991219
v -1.43040740 -42.64585876 -10.04319096
v -0.01036107 -41.95396042 -9.00596046
v -5.48007488 -46.08861542 -13.51502323
v -2.45751047 -37.49129868 -7.49768066
v -8.55145645 -33.10112762 -8.06054878
v -9.18420601 -33.40821838 -8.53215599
v -11.39904690 -33.44684601 -13.68952942
v -10.68203259 -33.05466461 -12.47141838
v -11.88851261 -32.89803696 -14.63902950
v -11.27237701 -29.34009361 -11.71773243
v -11.58051109 -31.14842415 -15.53916645
v -11.11004925 -32.80935669 -18.80597305
v -12.10685253 -28.90483475 -16.74394989
v -10.04385948 -30.39891052 -20.70110130
v -15.97580624 -25.93433952 -10.91070080
v -12.73240757 -32.76848984 -12.36051464
v -13.68731785 -31.92784119 -12.92662811
v -12.77737999 -33.21768951 -12.87427616
v -13.29545975 -32.78231430 -13.55636978
v -13.42437458 -31.12967682 -17.89688301
v -13.08307743 -31.04615593 -19.62406349
v -11.90683937 -18.71513176 0.32423455
v -4.88869047 -11.29519272 7.23132038
v -4.88129139 -12.38584423 6.81951094
v -5.59908867 -13.11425304 5.62615681
v -4.22480440 -1.03384328 9.38735962
v -3.39786696 -2.29647279 9.15805912
v -4.98800945 -3.12796569 8.29154682
v -3.83304548 9.09524155 9.01659870
v -3.25551081 7.94961834 9.37905216
v -4.62296200 6.89318371 8.49650383
v -4.45018101 9.79065132 8.65506649
v -3.43774462 16.27739525 5.49750566
v -2.72533178 17.28209114 5.92398167
v -1.99598837 17.15952301 6.13733816
v -1.54924428 23.99712181 4.94903994
v -2.13456631 24.81060410 4.28377199
v -1.00198650 28.19712639 5.78129292
v -4.58795929 -27.52349854 -2.66593337
v -5.90910482 -27.61741638 -4.04308414
v -5.48847437 -28.11078644 -4.71773911
v -4.45086575 -28.45280647 -3.69723225
v -5.11781883 -26.33390808 -2.82334733
v -5.87495422 -26.62154198 -3.41965556
v -11.90711498 -9.39612770 3.75822711
v -13.21591568 -10.10693359 2.88917375
v -11.36970901 0.26645872 5.79656792
v -13.01474953 -0.14131612 4.93418932
v -13.60826683 0.67774868 3.98023295
v -10.61186218 10.23058224 5.21006775
v -10.04321384 8.98741150 5.57544422
v -11.45579624 10.28427029 4.66316938
v -11.83116436 8.18701458 4.50152540
v -11.26491261 11.37872696 4.02520561
v -7.57676458 19.05786324 2.50021863
v -7.57498693 20.06904984 1.33538091
v -4.82000685 24.46521759 2.65403843
v -4.04484844 29.63822174 4.25350475
v -18.30111122 -17.83484840 -4.74697924
v -19.95617104 -8.81323433 -1.65303278
v -20.27840424 -9.12891197 -2.20636964
v -19.14209557 -10.04031754 -1.81212211
v -19.51684570 2.60103822 -0.06298271
v -17.94494438 12.43992043 -0.32813805
v -18.39142609 11.35157967 0.16251223
v -17.55326271 10.81724644 0.87839419
v -10.43847561 21.40400887 -1.33033848
v -8.47699356 26.99146080 -1.42996025
v -8.22882748 26.75095749 -0.82936013
v -6.28675127 31.83880424 1.61747992
v -5.33692217 32.33431244 2.78233075
v -21.40684700 -4.53920460 -11.99215794
v -20.82642174 -10.91728306 -10.79484558
v -19.53374863 -9.22091103 -7.55139494
v -20.31492424 -5.12276936 -7.94846010
v -19.31989288 -11.32456493 -8.23830700
v -19.71804428 -12.80918694 -10.31227970
v -21.08835793 -4.40981627 -10.19358826
v -20.11465454 0.80987543 -6.36725712
v -21.38041687 5.20397234 -11.06905270
v -21.76768684 4.19319487 -10.45449734
v -22.13506508 -10.20311260 -10.08744335
v -23.41432762 -8.85518551 -8.97267914
v -23.66699028 2.69266868 -7.55914927
v -24.16419029 1.47519612 -8.06468296
v -24.29036522 2.42391253 -8.91508102
v -8.62041569 -35.81893921 -11.16700268
v -9.07274818 -36.58073425 -9.53961563
v -5.34763241 -39.31167603 -9.18341637
v -9.12371159 -38.05365372 -9.79564095
v 0.94366765 -41.41005707 -9.19269085
v -2.79744411 -45.07436752 -11.53845882
v -2.80715394 -47.47126770 -13.52611542
v -7.38309002 -38.16370392 -7.33703804
v -8.38143921 -39.27203369 -7.40046787
v -10.06227779 -37.64638519 -8.12382126
v -4.77591133 -43.53939438 -11.01702499
v -5.48328686 -44.17789459 -11.63184261
v 1.54175317 -46.90915680 -11.21734619
v -21.68069458 -5.74549341 -14.38703156
v -21.41828156 -3.10420227 -16.22790718
v -22.44491005 -0.87757134 -16.09060669
v -21.47842026 -1.00383961 -17.34860229
v -21.25355530 5.28538656 -16.49320221
v -21.58218765 5.08258867 -13.82654762
v -23.14394569 0.95223165 -16.91983604
v -15.25845623 -25.87815094 -16.62395859
v -1.69296062 35.12273407 7.79399204
v -1.95830107 42.52102280 6.08515596
v -0.61325359 42.36400223 2.77128029
v 1.10577095 36.02069473 10.42993069
v 1.03049266 41.61890793 0.22549823
v -3.98481607 35.89150620 4.95777798
v 0.29180598 32.89118576 7.79957294
v -2.88701463 39.80986404 0.64962763
v -2.79002833 33.49757385 6.17918348
v -2.32214832 33.44194031 6.65940666
v -0.47193152 32.55395508 7.33829355
v -14.39831543 -23.90532112 -14.48910332
v -20.24030304 -16.58246231 -10.21962833
v -8.47424889 27.35299873 -6.45804453
v -7.72318840 28.93272972 -4.42626667
v -8.41015339 27.93264580 -5.71084881
v -17.17010689 -18.57826614 -10.51089764
v -19.00605965 -15.49158669 -8.97003269
v -19.71690369 -16.49678230 -9.18931389
v -8.89491177 -31.51175880 -22.44698906
v -9.44129753 -29.38069534 -22.88641930
v -11.41058636 -27.23114777 -6.74707556
v -11.01365376 -27.71876335 -6.08188629
v -5.12933874 -21.00165176 2.09437251
v -5.02005339 -21.91274261 1.30270457
v -5.80515194 -20.61282921 2.11034203
v -20.05730629 1.50860953 0.09181467
v -20.15904617 0.25814483 -0.09442139
v -20.66775322 0.99845493 -0.97633725
v -21.65345192 -17.80159378 -33.67739487
v -20.98467064 -18.42975616 -34.07635880
v -19.30620003 -18.43571091 -34.02309036
v -18.54635239 -17.06146812 -33.19473267
v -24.14171982 -16.68018723 -32.73948288
v -24.80333710 -15.76668835 -32.99477768
v -22.69265366 -17.35966110 -34.00104904
v -15.69609642 -16.19640350 -33.65912247
v -17.59181786 -17.21131516 -34.07003784
v -17.76717949 -17.18627357 -33.32975388
v -16.88890266 -17.17461395 -33.91382980
v -17.52941513 -16.34948921 -32.07783890
v -16.08365631 -14.41535091 -33.12416458
v -21.29821396 12.51385021 -33.95497131
v -23.13683319 13.47444725 -33.31332016
v -18.86126709 13.12191486 -34.40035248
v -18.31884384 13.08415127 -34.14923859
v -17.19970894 14.43863392 -33.26075363
v -17.54080200 13.62510490 -33.93225098
v -25.66432381 16.56321526 -33.94010544
v -24.72359848 14.41985416 -34.22753525
v -25.22503471 14.54435158 -33.69200134
v -25.75408173 15.17972755 -33.89696884
v -20.22993851 -18.49896049 -33.57649231
v -16.28355789 -16.96430779 -34.04246902
v -16.44627953 -17.12244987 -33.40748215
v -16.62896156 -16.31449509 -32.38638306
v -15.82656384 -15.89218044 -34.29671860
v -23.82053566 -17.28665924 -33.57025909
v -24.63004303 -16.53675270 -33.69174576
v -23.17547607 13.10153580 -33.74985886
v -18.27480698 13.38015270 -33.24419022
v -3.51597285 -27.23040962 -2.99757671
v -10.11314774 -26.51129532 -4.76677990
v -3.31617641 -27.85657692 -3.66173863
v -9.99086857 -27.44244957 -5.25126219
v -16.23679543 -26.21512985 -10.31578827
v -18.33747292 -18.76642418 -4.66793489
v -18.44487572 -19.22087669 -5.25244713
v -18.03153801 -19.70605659 -5.14367580
v -9.87764740 -39.00872803 -8.18185425
v -9.76200390 -32.88916397 -8.23912239
v -9.91187763 -32.20886230 -8.07779503
v -9.18818188 -32.76175308 -7.77644205
v -11.94370174 -19.85506248 -0.02461908
v -11.77434349 -20.80319977 -0.71924567
v -22.68936157 -8.43716812 -15.71321106
v -22.69689369 -8.56520081 -15.13038445
v -15.30511379 -26.58449554 -16.81098557
v -23.33806801 0.82264578 -15.81651306
v -8.41367435 -29.97026253 -23.79776001
v -8.84412003 -31.19613457 -23.21808052
v -2.65643787 -32.47474670 -5.83738041
v -4.08734608 -32.47382736 -5.81264305
v -3.30553889 -32.32616425 -5.58734560
v 0.33286440 -42.62210083 -9.09426022
v -2.71110010 47.60744858 29.56995964
v -2.77081776 47.31591797 27.79980850
v -2.40724540 46.36485672 27.95842361
v -2.33351994 46.63679886 29.71656799
v -2.21990347 47.58061600 26.06038475
v -1.50831997 45.93418121 26.71976852
v -2.15257621 47.95164108 31.06890678
v -1.79553378 47.02111816 31.20529747
v -2.76734209 48.28435516 27.59843254
v -2.70362234 48.60263824 29.35784149
v -2.15247083 48.90544128 30.86173630
v -1.67978466 47.11138153 25.54327965
v -8.26663876 -34.25079727 -23.01575661
v -7.77870655 -35.44081879 -23.63738060
v -9.74041271 -36.82897949 -7.82575941
v -11.31024075 -35.83168411 -22.75687408
v -11.47801971 -36.18217087 -23.54252625
v -10.86641312 -36.74403763 -24.36219597
v -9.54526329 -37.81401825 -6.90425539
v -9.30730152 -38.86243820 -7.05843401
v -21.06531906 -18.30721855 -20.04221916
v -21.63899040 -18.01533127 -21.52972412
v -20.75884438 -18.55810928 -22.03415298
v -22.15643120 -18.00668144 -22.15032387
v -22.53443336 -17.67254829 -22.07554436
v -8.51600838 28.29838371 -6.47722626
v -8.28812408 28.99985123 -5.92922163
f 3 4 2
f 2 4 7
f 5 1 9
f 10 11 8
f 8 2 5
f 11 3 2
f 8 11 2
f 6 12 5
f 12 8 5
f 8 12 53
f 17 15 18
f 15 19 18
f 20 18 19
f 21 17 18
f 21 18 20
f 19 22 20
f 10 8 24
f 24 8 25
f 8 53 25
f 27 28 29
f 27 29 23
f 28 27 30
f 27 33 30
f 35 36 4
f 37 34 38
f 34 37 39
f 4 36 40
f 41 42 27
f 36 34 39
f 45 11 10
f 44 43 45
f 11 4 3
f 11 45 35
f 11 35 4
f 21 41 23
f 21 23 17
f 45 43 34
f 45 34 36
f 35 45 36
f 23 29 13
f 23 13 15
f 29 28 13
f 32 45 24
f 32 24 26
f 24 45 10
f 17 23 15
f 28 30 46
f 30 31 46
f 47 43 44
f 44 45 31
f 45 32 31
f 13 28 48
f 53 14 49
f 53 49 50
f 51 16 52
f 16 14 53
f 30 33 31
f 25 53 54
f 54 53 50
f 52 53 55
f 14 16 13
f 16 22 13
f 13 22 15
f 15 22 19
f 2 1 5
f 60 62 61
f 63 62 60
f 57 56 63
f 58 59 60
f 64 65 66
f 68 65 67
f 67 65 64
f 68 67 70
f 70 67 64
f 70 64 71
f 71 64 66
f 71 66 72
f 73 75 74
f 74 75 76
f 74 76 77
f 80 81 79
f 78 80 79
f 79 1073 82
f 83 84 80
f 78 83 80
f 70 71 86
f 71 85 86
f 69 70 86
f 69 86 87
f 88 89 90
f 68 90 89
f 65 68 89
f 66 65 89
f 73 74 94
f 77 69 74
f 74 69 94
f 76 82 95
f 95 82 93
f 77 76 69
f 95 93 91
f 69 76 91
f 76 95 91
f 69 91 70
f 70 91 92
f 70 92 96
f 96 92 90
f 70 96 90
f 70 90 68
f 99 83 78
f 99 78 97
f 99 97 75
f 97 98 75
f 97 78 98
f 98 78 79
f 98 79 82
f 75 98 82
f 75 82 76
f 88 90 92
f 83 99 100
f 84 83 101
f 94 69 73
f 73 69 87
f 75 102 99
f 75 73 102
f 71 72 103
f 71 103 85
f 72 104 103
f 99 102 105
f 100 99 105
f 73 106 102
f 102 106 105
f 107 109 100
f 107 100 105
f 85 103 112
f 112 103 113
f 113 103 104
f 568 112 113
f 114 112 568
f 568 113 170
f 116 118 119
f 120 121 122
f 145 87 86
f 145 86 125
f 125 86 85
f 125 85 112
f 130 112 114
f 132 133 134
f 136 137 138
f 608 145 125
f 128 141 142
f 142 141 143
f 144 145 608
f 87 145 73
f 73 145 144
f 147 105 106
f 147 106 146
f 106 73 144
f 146 106 144
f 148 101 83
f 148 149 101
f 109 110 148
f 100 109 148
f 100 148 83
f 107 108 150
f 109 107 150
f 151 154 155
f 154 156 155
f 151 155 157
f 156 399 158
f 155 156 159
f 155 159 157
f 399 160 158
f 161 162 160
f 399 161 160
f 160 162 163
f 158 163 156
f 158 160 163
f 156 163 164
f 156 164 159
f 161 165 166
f 161 166 162
f 165 167 166
f 162 166 163
f 163 166 168
f 163 168 164
f 167 169 568
f 167 568 170
f 167 171 166
f 167 170 171
f 166 171 170
f 166 170 168
f 172 173 174
f 172 175 173
f 173 169 167
f 174 173 167
f 179 180 181
f 182 184 185
f 152 191 153
f 216 212 213
f 214 216 217
f 222 223 224
f 226 227 228
f 231 229 233
f 235 236 237
f 240 241 242
f 243 235 244
f 245 246 247
f 248 245 247
f 258 256 257
f 258 257 259
f 262 263 264
f 268 269 270
f 276 277 278
f 285 286 284
f 287 282 281
f 299 300 301
f 303 304 305
f 303 305 306
f 317 177 176
f 317 176 318
f 318 176 178
f 323 324 325
f 326 327 330
f 172 344 345
f 172 346 347
f 343 172 347
f 343 347 348
f 347 346 348
f 348 350 351
f 174 167 352
f 167 353 352
f 352 344 172
f 174 352 172
f 161 354 165
f 165 354 353
f 165 353 167
f 399 355 356
f 399 356 354
f 399 354 161
f 360 359 361
f 359 358 361
f 361 358 357
f 362 363 366
f 350 360 351
f 152 153 368
f 152 368 151
f 370 368 153
f 369 151 368
f 369 368 370
f 193 370 192
f 370 153 192
f 370 193 371
f 371 193 372
f 151 369 154
f 154 369 374
f 369 459 374
f 376 378 375
f 372 193 331
f 331 193 373
f 382 383 384
f 389 385 386
f 389 386 390
f 391 392 393
f 399 397 357
f 398 397 399
f 154 374 156
f 374 459 400
f 374 400 156
f 156 400 399
f 399 400 401
f 399 401 398
f 408 409 410
f 408 410 482
f 413 414 412
f 411 413 412
f 412 414 415
f 416 417 418
f 420 421 422
f 423 424 409
f 423 409 408
f 417 425 426
f 411 412 426
f 425 411 426
f 426 412 415
f 420 427 421
f 420 416 427
f 427 416 418
f 427 418 428
f 427 428 422
f 421 427 422
f 429 419 420
f 429 420 422
f 424 429 422
f 424 422 409
f 413 430 414
f 413 423 430
f 430 423 408
f 430 408 431
f 414 430 431
f 414 431 415
f 432 433 413
f 413 433 423
f 436 419 429
f 434 436 429
f 434 429 424
f 934 438 420
f 438 416 420
f 439 934 420
f 441 442 411
f 425 441 411
f 440 441 425
f 440 425 417
f 443 434 423
f 434 424 423
f 433 443 423
f 444 445 446
f 445 444 447
f 445 439 420
f 436 445 420
f 436 420 419
f 438 440 417
f 438 417 416
f 442 432 413
f 442 413 411
f 450 451 449
f 448 450 449
f 452 453 454
f 452 455 456
f 452 456 453
f 453 456 457
f 454 453 458
f 453 457 458
f 454 458 398
f 410 459 460
f 410 461 462
f 410 462 459
f 450 466 451
f 450 463 464
f 450 464 466
f 466 464 465
f 466 465 451
f 456 455 448
f 456 448 467
f 461 468 469
f 461 469 462
f 468 452 454
f 468 454 469
f 469 454 398
f 469 398 401
f 469 401 400
f 462 400 459
f 462 469 400
f 415 450 448
f 417 426 448
f 426 415 448
f 428 418 455
f 428 455 452
f 422 428 452
f 422 461 410
f 409 422 410
f 431 408 482
f 431 482 464
f 415 431 463
f 463 431 464
f 415 463 450
f 417 448 455
f 418 417 455
f 422 452 468
f 422 468 461
f 371 372 470
f 470 372 340
f 479 470 471
f 471 470 340
f 471 340 332
f 471 332 334
f 472 474 473
f 473 474 342
f 473 342 341
f 473 341 475
f 472 473 475
f 472 476 474
f 472 479 471
f 472 471 476
f 476 471 334
f 474 476 342
f 342 476 334
f 448 477 478
f 449 451 479
f 448 449 479
f 448 479 477
f 477 479 472
f 478 477 472
f 464 480 481
f 448 478 472
f 456 467 472
f 467 448 472
f 465 470 479
f 451 465 479
f 465 464 481
f 465 481 371
f 465 371 470
f 410 460 482
f 482 369 480
f 464 482 480
f 369 481 480
f 486 443 433
f 486 433 432
f 487 486 483
f 483 486 432
f 484 434 443
f 486 484 443
f 486 435 484
f 434 484 435
f 486 485 435
f 485 444 435
f 486 941 437
f 486 437 485
f 486 440 940
f 487 442 441
f 486 487 440
f 440 487 441
f 487 483 432
f 487 432 442
f 456 488 489
f 472 488 456
f 488 336 335
f 489 488 335
f 456 489 457
f 457 489 335
f 457 335 490
f 458 457 490
f 458 490 491
f 458 491 398
f 488 472 407
f 472 475 492
f 472 492 407
f 337 407 492
f 350 493 360
f 496 497 495
f 494 496 495
f 499 500 503
f 504 525 505
f 506 507 508
f 501 532 509
f 532 494 495
f 532 495 509
f 495 498 510
f 509 495 510
f 509 510 502
f 501 509 502
f 525 499 503
f 525 503 511
f 525 511 505
f 512 504 505
f 512 505 508
f 507 512 508
f 496 513 497
f 496 506 513
f 506 550 514
f 513 506 514
f 497 513 495
f 513 514 498
f 495 513 498
f 515 516 517
f 515 517 518
f 519 506 517
f 516 519 517
f 517 506 496
f 518 517 496
f 522 523 504
f 522 504 512
f 520 512 507
f 520 522 512
f 529 499 525
f 530 531 532
f 531 533 534
f 531 534 532
f 532 534 494
f 519 507 506
f 519 520 507
f 536 565 537
f 526 525 504
f 523 526 504
f 530 532 538
f 538 532 500
f 500 532 501
f 529 538 499
f 538 500 499
f 533 496 534
f 515 518 496
f 533 515 496
f 534 496 494
f 539 540 344
f 354 543 353
f 544 353 543
f 545 541 547
f 548 352 353
f 548 539 344
f 548 344 352
f 544 548 353
f 550 506 549
f 506 508 549
f 549 508 356
f 508 551 356
f 356 551 354
f 549 356 355
f 550 549 355
f 550 355 399
f 552 505 548
f 505 539 548
f 552 548 544
f 542 553 557
f 553 545 547
f 553 547 557
f 557 547 542
f 498 559 558
f 558 559 358
f 558 358 359
f 558 359 360
f 550 399 357
f 550 357 358
f 498 514 550
f 498 550 559
f 559 550 358
f 508 505 560
f 508 560 551
f 505 552 560
f 560 552 543
f 552 544 543
f 551 560 543
f 551 543 354
f 505 511 540
f 505 540 539
f 502 510 562
f 510 558 562
f 510 498 558
f 562 558 360
f 502 562 360
f 502 360 493
f 567 563 519
f 567 519 516
f 567 535 564
f 564 520 519
f 567 564 563
f 563 564 519
f 564 535 520
f 520 535 521
f 565 536 535
f 535 567 530
f 535 530 527
f 535 527 565
f 567 533 531
f 567 531 530
f 567 516 515
f 567 515 533
f 576 577 578
f 605 607 606
f 60 146 144
f 61 146 60
f 56 607 604
f 56 604 63
f 60 610 58
f 610 611 58
f 608 611 610
f 60 608 610
f 56 58 607
f 607 58 611
f 605 604 607
f 60 144 608
f 60 59 613
f 612 60 613
f 57 63 615
f 56 615 58
f 56 57 615
f 59 58 613
f 60 612 614
f 63 60 614
f 63 614 615
f 616 58 615
f 616 615 617
f 613 58 616
f 613 614 612
f 618 614 613
f 617 618 613
f 617 615 618
f 618 615 614
f 617 613 616
f 108 619 150
f 150 619 111
f 150 111 110
f 110 109 150
f 148 110 619
f 619 110 111
f 148 619 108
f 407 336 488
f 337 336 407
f 341 337 492
f 341 492 475
f 334 333 341
f 334 341 342
f 337 341 333
f 337 333 331
f 332 331 333
f 332 333 334
f 331 332 372
f 332 340 372
f 620 287 623
f 620 623 621
f 621 623 624
f 284 620 621
f 284 621 625
f 285 284 625
f 283 285 625
f 283 625 627
f 625 626 627
f 287 281 623
f 281 628 623
f 623 628 624
f 281 283 627
f 281 627 628
f 628 627 348
f 290 288 631
f 290 631 629
f 629 631 622
f 291 293 632
f 634 291 635
f 291 632 635
f 635 632 633
f 288 634 625
f 288 625 636
f 634 635 625
f 625 635 626
f 288 636 631
f 631 636 625
f 631 625 621
f 631 621 622
f 293 637 632
f 293 289 637
f 289 290 629
f 289 629 637
f 637 629 630
f 295 297 638
f 638 297 630
f 298 294 640
f 298 640 642
f 642 640 641
f 642 641 633
f 297 298 632
f 297 632 643
f 298 642 632
f 632 642 633
f 643 632 637
f 297 643 637
f 297 637 630
f 640 294 641
f 271 645 272
f 274 638 646
f 638 274 639
f 276 638 630
f 276 274 646
f 276 646 638
f 277 276 630
f 274 279 639
f 263 262 268
f 265 630 629
f 265 629 622
f 262 267 268
f 268 267 647
f 648 269 277
f 648 277 630
f 265 648 630
f 269 268 277
f 277 268 645
f 256 258 649
f 258 650 649
f 260 651 621
f 621 651 622
f 254 260 621
f 254 621 652
f 652 621 624
f 258 653 650
f 653 254 650
f 254 652 650
f 650 652 624
f 260 256 651
f 651 267 265
f 651 265 622
f 256 649 651
f 651 649 647
f 651 647 267
f 248 655 245
f 245 655 656
f 272 250 644
f 252 250 272
f 252 272 645
f 655 657 656
f 250 246 644
f 241 240 659
f 243 239 268
f 268 239 645
f 235 243 268
f 235 268 647
f 238 657 252
f 239 238 252
f 239 252 645
f 238 658 657
f 657 658 656
f 660 232 661
f 232 662 661
f 661 662 337
f 229 231 647
f 229 647 649
f 663 229 664
f 229 649 664
f 664 649 650
f 232 663 662
f 663 664 662
f 662 664 650
f 231 233 647
f 233 234 236
f 233 236 647
f 647 236 235
f 234 661 236
f 234 660 661
f 661 659 240
f 236 661 240
f 199 666 200
f 245 203 654
f 197 203 245
f 197 245 656
f 666 197 667
f 667 197 656
f 202 200 203
f 223 222 241
f 222 656 658
f 241 222 658
f 226 223 241
f 226 241 659
f 225 220 666
f 225 666 667
f 222 225 667
f 222 667 656
f 220 227 668
f 402 669 670
f 402 670 661
f 661 670 659
f 403 402 671
f 402 661 671
f 671 661 337
f 669 672 670
f 672 405 670
f 670 227 226
f 670 226 659
f 405 227 670
f 405 668 227
f 673 403 671
f 673 671 337
f 405 383 668
f 383 674 668
f 383 382 674
f 382 673 675
f 382 675 674
f 673 337 675
f 674 675 337
f 379 339 677
f 379 677 676
f 339 338 677
f 375 380 668
f 375 668 674
f 376 375 674
f 376 674 337
f 338 331 373
f 677 338 373
f 376 331 338
f 331 376 337
f 212 216 220
f 220 216 666
f 218 212 220
f 218 220 668
f 214 761 216
f 216 761 678
f 380 218 668
f 218 380 379
f 214 218 379
f 214 379 676
f 200 205 665
f 679 205 200
f 679 200 666
f 207 210 678
f 207 678 208
f 208 680 205
f 210 216 678
f 210 679 216
f 216 679 666
f 683 685 686
f 683 686 684
f 684 686 633
f 684 633 641
f 690 687 691
f 691 687 689
f 691 689 692
f 693 690 691
f 685 693 686
f 693 691 686
f 694 683 684
f 688 694 684
f 688 684 687
f 695 635 696
f 696 635 633
f 695 697 698
f 695 698 635
f 635 698 626
f 699 701 700
f 702 699 700
f 702 700 703
f 700 692 703
f 705 702 703
f 697 705 698
f 705 703 698
f 698 703 626
f 700 691 692
f 701 695 696
f 701 696 700
f 700 696 633
f 700 633 686
f 700 686 691
f 706 708 709
f 706 709 707
f 707 709 710
f 301 307 711
f 307 703 711
f 711 703 704
f 307 712 703
f 307 302 712
f 712 626 703
f 299 301 711
f 708 299 709
f 299 711 709
f 709 711 704
f 709 704 710
f 302 713 712
f 302 627 713
f 713 627 626
f 712 713 626
f 302 714 627
f 714 706 707
f 714 707 627
f 627 707 348
f 595 715 717
f 717 715 718
f 719 596 689
f 596 692 689
f 593 594 596
f 594 717 596
f 594 595 717
f 720 719 689
f 720 689 715
f 715 689 716
f 723 721 724
f 721 722 724
f 724 722 725
f 589 590 703
f 589 703 726
f 703 590 704
f 726 703 692
f 591 723 724
f 591 724 590
f 590 724 725
f 590 725 727
f 592 589 726
f 726 692 596
f 721 596 722
f 721 592 726
f 721 726 596
f 722 596 717
f 722 717 718
f 121 715 716
f 120 728 121
f 121 728 718
f 121 718 715
f 728 123 729
f 728 729 718
f 115 121 716
f 115 716 116
f 118 116 123
f 681 309 821
f 735 736 737
f 152 189 190
f 190 189 739
f 152 190 739
f 191 152 739
f 191 739 733
f 740 759 741
f 153 191 733
f 192 153 733
f 744 745 746
f 192 733 730
f 731 743 751
f 739 753 733
f 743 192 730
f 743 730 751
f 755 756 757
f 208 311 680
f 311 208 740
f 740 208 678
f 311 310 1269
f 311 1269 680
f 310 759 760
f 761 309 678
f 761 214 676
f 678 309 740
f 309 681 759
f 759 681 760
f 309 759 740
f 681 762 763
f 313 762 761
f 313 761 676
f 314 313 676
f 314 676 677
f 315 314 764
f 764 314 677
f 764 677 373
f 735 765 750
f 736 735 750
f 765 764 750
f 313 736 763
f 736 750 763
f 313 763 762
f 732 758 310
f 732 310 760
f 732 896 758
f 732 766 896
f 681 749 760
f 734 749 681
f 734 681 763
f 749 754 732
f 749 732 760
f 754 892 732
f 754 734 892
f 747 731 767
f 756 755 763
f 756 763 744
f 744 763 750
f 744 750 731
f 755 734 763
f 755 767 734
f 747 744 731
f 747 745 744
f 767 891 734
f 481 369 370
f 481 370 371
f 460 459 369
f 460 369 482
f 61 601 775
f 61 775 146
f 725 776 62
f 147 146 775
f 609 62 63
f 609 63 604
f 725 609 604
f 601 61 62
f 601 600 775
f 775 600 599
f 601 62 600
f 62 776 600
f 600 776 599
f 725 62 609
f 121 117 779
f 121 779 122
f 117 115 119
f 117 119 779
f 115 116 119
f 779 119 124
f 779 124 780
f 779 780 122
f 122 780 124
f 123 728 124
f 728 120 122
f 728 122 124
f 118 123 124
f 118 124 119
f 121 115 117
f 719 597 596
f 721 781 592
f 591 782 723
f 723 782 721
f 721 782 783
f 784 785 727
f 784 727 604
f 604 727 725
f 786 784 604
f 786 604 605
f 584 585 710
f 584 710 787
f 787 710 704
f 585 586 710
f 587 786 605
f 587 605 586
f 588 787 590
f 588 584 787
f 787 704 590
f 785 588 727
f 588 590 727
f 788 581 606
f 606 581 605
f 580 788 606
f 576 578 583
f 583 578 175
f 579 580 606
f 579 606 578
f 578 606 789
f 583 710 586
f 581 582 583
f 581 583 586
f 581 586 605
f 706 791 708
f 587 792 786
f 793 584 588
f 580 579 788
f 579 598 788
f 587 586 792
f 792 793 784
f 578 577 579
f 638 296 295
f 272 795 271
f 272 280 795
f 271 795 273
f 280 279 275
f 280 275 795
f 279 274 275
f 795 275 796
f 796 275 278
f 796 278 277
f 273 795 796
f 796 277 797
f 273 796 797
f 272 279 280
f 277 645 797
f 274 276 278
f 274 278 275
f 645 271 797
f 797 271 273
f 248 247 249
f 246 798 247
f 798 250 251
f 247 798 799
f 798 251 252
f 798 252 253
f 799 798 253
f 799 253 252
f 249 247 799
f 799 252 800
f 249 799 800
f 252 657 800
f 657 655 800
f 250 252 251
f 655 248 800
f 800 248 249
f 246 250 798
f 200 801 199
f 199 801 201
f 202 204 801
f 202 203 204
f 801 204 802
f 204 203 803
f 204 803 197
f 204 197 198
f 802 204 198
f 802 198 197
f 201 801 802
f 802 197 804
f 201 802 804
f 203 197 803
f 200 202 801
f 666 199 804
f 804 199 201
f 197 666 804
f 210 211 209
f 210 209 805
f 805 209 207
f 805 207 208
f 206 805 208
f 679 210 805
f 208 205 206
f 210 207 211
f 211 207 209
f 205 679 805
f 205 805 206
f 806 312 741
f 806 310 311
f 806 311 312
f 310 806 742
f 806 741 807
f 806 807 742
f 759 310 742
f 759 742 807
f 759 807 741
f 740 741 312
f 311 740 312
f 808 748 892
f 732 808 766
f 732 748 808
f 732 892 748
f 766 808 892
f 809 810 811
f 809 811 812
f 809 812 813
f 291 634 292
f 293 291 289
f 268 270 264
f 264 270 814
f 269 815 270
f 815 266 814
f 270 815 814
f 814 266 265
f 814 265 267
f 264 814 267
f 264 267 262
f 269 648 815
f 648 265 815
f 815 265 266
f 263 268 264
f 816 817 242
f 238 244 816
f 238 239 244
f 816 244 817
f 817 244 235
f 817 235 237
f 817 237 242
f 242 237 236
f 239 243 244
f 241 658 816
f 241 816 242
f 658 238 816
f 236 240 242
f 220 225 818
f 220 818 221
f 225 819 818
f 819 222 224
f 819 224 818
f 818 224 228
f 228 224 226
f 818 228 221
f 221 228 227
f 227 220 221
f 225 222 819
f 223 226 224
f 218 820 219
f 820 215 219
f 219 215 214
f 219 214 217
f 213 219 217
f 213 217 216
f 218 214 820
f 820 214 215
f 212 218 219
f 212 219 213
f 309 738 821
f 738 761 822
f 821 738 682
f 821 682 681
f 738 822 682
f 761 738 309
f 762 681 682
f 762 682 822
f 761 762 822
f 749 734 754
f 301 300 308
f 301 308 307
f 714 823 706
f 708 791 299
f 299 791 300
f 283 281 285
f 285 281 286
f 620 825 287
f 257 826 827
f 257 827 259
f 257 261 828
f 257 828 826
f 826 828 827
f 828 261 255
f 827 828 255
f 259 827 255
f 260 254 255
f 260 255 261
f 258 259 255
f 256 260 261
f 256 261 257
f 254 653 255
f 653 258 255
f 234 829 660
f 663 830 229
f 229 830 230
f 660 831 232
f 833 404 402
f 832 833 402
f 832 402 403
f 834 835 406
f 834 404 833
f 834 833 835
f 406 835 833
f 832 382 833
f 382 384 833
f 405 406 833
f 405 833 383
f 383 833 384
f 403 673 832
f 405 672 406
f 672 669 834
f 672 834 406
f 669 402 834
f 402 404 834
f 673 382 832
f 378 377 375
f 380 378 379
f 380 377 378
f 379 378 381
f 836 381 378
f 836 378 338
f 379 381 836
f 376 338 378
f 380 375 377
f 339 836 338
f 339 379 836
f 315 837 314
f 314 837 316
f 837 315 838
f 837 838 737
f 313 316 736
f 316 837 737
f 316 737 736
f 764 765 838
f 764 838 315
f 765 735 737
f 765 737 838
f 313 314 316
f 757 744 746
f 757 746 745
f 839 757 752
f 757 745 747
f 757 747 752
f 756 744 757
f 747 767 752
f 752 767 839
f 767 755 839
f 839 755 757
f 324 323 840
f 323 842 843
f 323 843 840
f 840 843 351
f 328 650 845
f 328 326 844
f 328 844 650
f 845 650 624
f 842 328 845
f 842 845 843
f 326 329 846
f 326 846 844
f 844 846 650
f 329 324 840
f 329 840 846
f 846 840 841
f 387 392 847
f 387 847 662
f 662 847 337
f 388 387 848
f 388 848 650
f 387 662 848
f 650 848 662
f 389 388 650
f 385 389 650
f 385 650 841
f 841 650 846
f 391 850 849
f 392 391 847
f 391 849 847
f 847 849 335
f 847 335 336
f 847 336 337
f 850 851 849
f 850 385 841
f 850 841 851
f 849 851 335
f 325 324 852
f 852 324 330
f 852 330 853
f 853 330 327
f 852 853 327
f 852 327 328
f 329 326 324
f 324 326 330
f 328 842 852
f 326 328 327
f 842 323 852
f 323 325 852
f 392 854 855
f 854 387 855
f 392 855 856
f 392 856 393
f 387 857 855
f 387 388 857
f 857 388 390
f 857 390 856
f 855 857 856
f 856 390 386
f 856 386 858
f 858 386 385
f 393 856 859
f 856 858 859
f 859 858 385
f 859 385 860
f 393 859 860
f 850 391 393
f 850 393 860
f 389 390 388
f 392 387 854
f 385 850 860
f 135 132 861
f 132 134 861
f 135 861 722
f 135 722 718
f 134 862 863
f 134 863 725
f 134 725 722
f 861 134 722
f 135 718 729
f 864 135 729
f 865 602 866
f 865 866 776
f 776 866 599
f 602 603 864
f 602 864 866
f 866 864 729
f 862 865 776
f 862 776 863
f 863 776 725
f 777 729 123
f 777 123 867
f 867 123 116
f 768 769 773
f 769 867 116
f 769 116 868
f 774 869 599
f 140 771 768
f 140 768 773
f 771 777 768
f 777 771 729
f 774 866 771
f 866 774 599
f 771 866 729
f 869 140 773
f 869 773 599
f 772 871 870
f 871 773 769
f 871 769 868
f 871 868 870
f 773 772 107
f 872 147 775
f 872 775 599
f 872 599 773
f 772 873 108
f 107 772 108
f 148 108 873
f 872 773 107
f 148 873 149
f 772 870 873
f 586 585 792
f 585 584 793
f 585 793 792
f 579 577 598
f 577 576 598
f 864 132 135
f 602 875 603
f 603 875 864
f 862 876 865
f 771 140 877
f 140 869 877
f 877 774 771
f 869 774 877
f 777 778 980
f 777 980 768
f 768 980 770
f 768 770 769
f 777 867 778
f 769 770 878
f 769 878 867
f 872 107 105
f 872 105 147
f 879 772 773
f 871 772 879
f 773 871 879
f 364 880 840
f 840 880 841
f 364 840 351
f 362 367 361
f 362 361 357
f 367 360 361
f 362 357 880
f 367 364 360
f 360 364 351
f 881 394 880
f 394 841 880
f 882 881 880
f 882 880 883
f 883 880 357
f 396 395 884
f 884 398 491
f 884 491 490
f 884 490 335
f 394 885 851
f 394 851 841
f 885 396 884
f 885 884 851
f 851 884 335
f 884 397 398
f 395 882 884
f 882 883 884
f 884 883 357
f 884 357 397
f 882 886 881
f 362 366 367
f 364 365 887
f 364 887 880
f 733 753 890
f 733 890 888
f 733 888 731
f 751 730 731
f 730 733 731
f 894 891 895
f 5 9 890
f 888 890 9
f 1 888 9
f 1 731 888
f 40 891 731
f 40 893 891
f 39 889 893
f 38 896 889
f 2 731 1
f 7 731 2
f 7 4 731
f 40 731 4
f 40 36 893
f 39 893 36
f 39 37 889
f 38 889 37
f 896 766 892
f 891 894 734
f 894 892 734
f 894 893 892
f 893 889 892
f 731 891 767
f 896 892 889
f 894 895 893
f 895 891 893
f 185 897 172
f 185 172 343
f 179 181 710
f 179 710 583
f 188 179 583
f 188 583 175
f 182 343 707
f 182 185 343
f 343 348 707
f 182 707 181
f 181 707 710
f 188 175 172
f 897 188 172
f 897 186 188
f 319 320 898
f 319 898 176
f 319 176 177
f 897 187 186
f 181 180 182
f 180 183 182
f 188 186 179
f 899 373 193
f 195 899 193
f 194 195 193
f 194 193 192
f 899 764 373
f 196 194 731
f 731 194 743
f 900 196 731
f 194 192 743
f 899 900 731
f 899 731 764
f 764 731 750
f 321 317 351
f 351 317 348
f 317 318 901
f 317 901 348
f 902 319 624
f 624 319 845
f 319 843 845
f 319 321 351
f 319 351 843
f 322 902 624
f 322 624 628
f 318 178 903
f 318 903 901
f 178 322 628
f 178 628 903
f 901 903 628
f 901 628 348
f 322 178 902
f 902 178 319
f 178 320 319
f 572 573 114
f 573 131 130
f 114 573 130
f 571 574 173
f 574 575 173
f 575 169 173
f 575 568 169
f 575 572 114
f 575 114 568
f 569 571 173
f 569 173 578
f 578 173 175
f 569 578 573
f 573 578 789
f 569 904 571
f 571 904 574
f 573 570 569
f 303 905 906
f 303 906 304
f 786 792 784
f 638 907 296
f 294 908 907
f 908 294 298
f 907 908 909
f 909 908 298
f 909 298 297
f 296 907 909
f 296 909 295
f 295 909 297
f 294 907 638
f 829 234 910
f 234 233 910
f 829 910 911
f 829 911 831
f 233 912 910
f 233 229 912
f 912 229 230
f 912 230 911
f 910 912 911
f 911 230 830
f 911 830 913
f 913 830 663
f 913 663 232
f 831 911 914
f 831 914 232
f 911 913 914
f 914 913 232
f 660 829 831
f 27 23 41
f 33 27 42
f 44 31 47
f 31 33 47
f 47 33 42
f 52 16 53
f 16 51 22
f 53 12 55
f 55 12 6
f 915 916 917
f 915 917 918
f 526 919 920
f 919 537 921
f 920 919 921
f 565 566 915
f 566 529 916
f 566 916 915
f 529 917 916
f 529 525 917
f 526 536 537
f 526 537 919
f 922 538 923
f 924 538 922
f 527 530 925
f 530 538 925
f 529 923 538
f 522 926 927
f 926 521 928
f 927 926 928
f 929 930 931
f 929 931 932
f 526 523 931
f 931 523 524
f 535 536 929
f 522 520 926
f 520 521 926
f 536 526 930
f 536 930 929
f 526 931 930
f 444 485 933
f 435 936 937
f 938 435 939
f 435 444 936
f 436 434 938
f 434 435 938
f 934 437 941
f 440 438 940
f 943 918 917
f 921 943 917
f 921 917 944
f 921 944 920
f 565 915 918
f 565 918 943
f 525 526 920
f 917 525 944
f 525 920 944
f 565 943 921
f 537 565 921
f 928 946 927
f 945 932 931
f 945 931 928
f 928 931 946
f 535 929 932
f 931 524 946
f 523 522 927
f 523 927 524
f 524 927 946
f 521 535 947
f 535 932 947
f 947 932 945
f 947 945 928
f 521 947 928
f 948 922 923
f 949 924 922
f 948 949 922
f 565 528 949
f 565 949 948
f 566 565 948
f 925 538 924
f 925 924 949
f 527 925 949
f 529 566 948
f 529 948 923
f 565 527 528
f 528 527 949
f 942 940 950
f 934 941 942
f 941 486 951
f 486 940 951
f 951 940 942
f 941 951 942
f 940 438 950
f 438 934 942
f 438 942 950
f 933 934 935
f 445 447 933
f 447 444 933
f 437 934 933
f 485 437 933
f 934 439 935
f 439 445 933
f 439 933 935
f 937 936 939
f 939 936 952
f 445 436 936
f 436 952 936
f 436 938 952
f 952 938 939
f 435 937 939
f 444 446 936
f 446 445 936
f 695 306 305
f 695 305 697
f 702 906 905
f 702 905 699
f 697 305 705
f 305 304 705
f 693 685 812
f 811 693 812
f 683 694 953
f 688 687 810
f 701 954 695
f 809 694 688
f 809 688 810
f 809 813 683
f 809 683 953
f 809 953 694
f 687 690 810
f 685 683 812
f 812 683 813
f 690 693 811
f 690 811 810
f 705 304 906
f 705 906 702
f 699 905 955
f 699 955 701
f 302 307 956
f 307 308 956
f 302 956 957
f 308 300 956
f 956 300 957
f 957 300 791
f 791 706 790
f 302 957 958
f 302 958 714
f 957 791 958
f 958 791 790
f 714 958 790
f 714 790 823
f 954 306 695
f 303 701 955
f 303 955 905
f 303 306 954
f 303 954 701
f 823 790 706
f 620 284 824
f 284 960 824
f 960 284 286
f 824 960 959
f 959 960 961
f 960 286 281
f 960 281 961
f 961 281 282
f 825 824 961
f 825 961 287
f 824 959 961
f 287 961 282
f 620 824 825
f 598 576 583
f 598 583 874
f 874 583 582
f 874 582 581
f 793 588 785
f 793 785 784
f 788 598 874
f 788 874 581
f 865 876 602
f 591 590 782
f 782 962 783
f 590 963 782
f 963 590 589
f 963 589 962
f 782 963 962
f 962 589 592
f 783 962 964
f 783 964 781
f 964 962 592
f 964 592 781
f 721 783 781
f 289 965 794
f 289 291 966
f 289 966 965
f 966 291 292
f 966 292 965
f 965 292 634
f 965 634 288
f 794 965 967
f 794 967 290
f 967 965 288
f 290 967 288
f 289 794 290
f 178 968 320
f 178 176 968
f 968 176 898
f 320 968 898
f 321 319 317
f 317 319 177
f 363 969 366
f 969 363 970
f 363 365 364
f 970 363 364
f 970 364 367
f 366 969 970
f 366 970 367
f 182 183 184
f 183 180 179
f 183 179 184
f 184 179 186
f 184 186 971
f 971 186 187
f 184 187 185
f 184 971 187
f 185 187 897
f 880 887 363
f 887 365 363
f 880 363 362
f 394 886 972
f 886 882 972
f 882 395 972
f 972 395 396
f 394 972 885
f 885 972 396
f 881 886 394
f 572 575 973
f 575 974 973
f 974 575 574
f 974 574 973
f 973 574 904
f 904 569 570
f 572 973 570
f 973 904 570
f 572 570 573
f 595 594 975
f 594 593 975
f 593 976 975
f 593 596 976
f 976 596 597
f 976 597 975
f 975 597 977
f 977 597 719
f 595 975 978
f 595 978 715
f 975 977 978
f 978 977 715
f 720 715 977
f 720 977 719
f 867 878 979
f 867 979 778
f 878 770 979
f 979 770 980
f 979 980 778
f 981 982 983
f 981 983 984
f 982 31 985
f 982 985 983
f 983 985 986
f 984 983 986
f 984 986 987
f 48 988 989
f 48 28 46
f 48 46 988
f 988 46 31
f 988 31 982
f 989 988 982
f 989 982 981
f 50 990 991
f 50 991 54
f 990 981 984
f 990 984 991
f 991 984 987
f 54 991 987
f 54 987 25
f 14 992 993
f 14 993 49
f 992 48 989
f 992 989 993
f 993 989 981
f 993 981 990
f 49 993 990
f 49 990 50
f 32 26 986
f 32 986 985
f 986 26 987
f 26 24 987
f 24 25 987
f 31 32 985
f 13 48 992
f 14 13 992
f 129 994 131
f 131 573 789
f 128 131 606
f 128 129 131
f 131 789 606
f 139 136 125
f 136 138 125
f 138 126 995
f 138 995 125
f 126 608 995
f 125 995 608
f 996 112 130
f 996 139 125
f 996 125 112
f 994 996 130
f 994 130 131
f 126 607 608
f 126 127 607
f 608 607 611
f 127 606 607
f 127 128 606
f 128 142 129
f 142 143 129
f 129 143 994
f 134 133 862
f 994 143 996
f 138 137 126
f 126 137 997
f 133 132 998
f 998 132 864
f 864 875 998
f 998 875 602
f 602 876 998
f 998 876 862
f 998 862 133
f 141 997 999
f 997 137 136
f 997 136 999
f 141 999 136
f 141 136 143
f 128 127 141
f 127 126 997
f 127 997 141
f 996 143 136
f 996 136 139
f 542 541 349
f 541 350 348
f 349 541 348
f 349 348 542
f 346 542 348
f 541 493 350
f 541 546 493
f 542 346 172
f 542 172 345
f 546 542 540
f 542 345 344
f 542 344 540
f 556 554 503
f 555 500 501
f 555 501 502
f 556 503 500
f 556 500 555
f 561 502 493
f 561 555 502
f 1000 561 546
f 546 561 493
f 1001 1000 546
f 1001 546 540
f 554 511 503
f 554 1001 511
f 511 1001 540
f 541 542 547
f 542 546 553
f 546 541 545
f 546 545 553
f 1001 1002 1000
f 1000 1002 1003
f 1000 1003 561
f 1004 555 1003
f 1003 555 561
f 554 555 1004
f 554 1004 1003
f 554 1003 1001
f 1001 1003 1002
f 556 555 554
f 195 900 899
f 195 194 1005
f 1005 194 196
f 195 1005 196
f 900 195 196
f 1007 1008 1890
f 1009 6 5
f 1890 1747 1007
f 1007 1747 1010
f 5 1012 1009
f 1009 1012 1006
f 1013 1011 1014
f 1011 1009 1008
f 1011 1008 1007
f 1011 1007 1014
f 6 1009 1011
f 1020 1018 1019
f 21 20 1023
f 21 1023 1022
f 20 1024 1023
f 1015 1023 1024
f 1022 1023 1015
f 1025 1022 1026
f 1027 1028 1011
f 1013 1027 1011
f 1011 1028 1021
f 1029 1025 1026
f 1029 1026 1030
f 1030 1031 1029
f 1029 1031 1033
f 1034 1036 1892
f 1034 1892 38
f 1034 38 34
f 34 1035 1034
f 1010 1894 1007
f 1007 1894 1037
f 1007 1037 1035
f 41 1029 42
f 1035 1037 1034
f 1039 1013 1014
f 1038 34 43
f 1014 1007 1035
f 1014 1035 1039
f 21 1022 41
f 1022 1025 41
f 1039 1035 34
f 1039 34 1038
f 1026 1015 1030
f 1032 1040 1039
f 1040 1027 1013
f 1040 1013 1039
f 1022 1015 1026
f 43 47 1038
f 1038 1031 1039
f 1039 1031 1032
f 1015 1042 1030
f 1043 1044 1045
f 1043 1045 1017
f 51 52 1019
f 1019 52 1046
f 1020 1043 1017
f 1020 1021 1028
f 1020 1028 1043
f 1028 1047 1043
f 1043 1047 1044
f 52 55 1048
f 52 1048 1021
f 52 1021 1046
f 1017 1015 1020
f 1015 1016 1018
f 1020 1015 1018
f 1016 1015 22
f 1016 22 1018
f 1015 1024 22
f 22 1024 20
f 1008 1009 1006
f 1008 1006 1890
f 1059 1052 1053
f 1060 1053 1057
f 1055 1057 1054
f 1058 1055 1054
f 1052 1058 1056
f 1062 66 1061
f 1079 1064 1063
f 1064 1061 1063
f 1066 1065 1064
f 1066 1064 1079
f 1065 1067 1064
f 1067 1061 1064
f 1067 1062 1061
f 1062 72 66
f 1067 72 1062
f 1068 1070 1069
f 1071 1072 81
f 1072 1073 81
f 81 1073 79
f 1092 1071 84
f 1071 81 80
f 84 1071 80
f 1065 1075 1067
f 88 1077 1078
f 1077 1076 1078
f 1079 1077 88
f 1079 1063 1076
f 1076 1077 1079
f 91 1081 92
f 93 1081 91
f 1073 1082 82
f 1082 93 82
f 1063 1061 1076
f 88 1078 89
f 1078 1076 1061
f 1078 1061 89
f 66 89 1061
f 1090 1068 1069
f 1083 1065 1068
f 1070 1068 1065
f 1084 1082 1073
f 1084 93 1082
f 1070 1065 1084
f 1084 1085 93
f 1085 1081 93
f 1065 1081 1084
f 1084 1081 1085
f 1065 1066 1081
f 1066 1079 1080
f 1066 1080 1081
f 1086 1071 1092
f 1069 1087 1090
f 1090 1087 1086
f 1086 1087 1072
f 1086 1072 1071
f 1087 1088 1072
f 1088 1084 1073
f 1088 1073 1072
f 1069 1088 1087
f 1069 1070 1084
f 1069 1084 1088
f 1080 1079 1081
f 92 1081 88
f 88 1081 1079
f 1092 1089 1086
f 1086 1089 1090
f 1089 1091 1090
f 84 101 1093
f 84 1093 1092
f 1083 1075 1065
f 1090 1094 1068
f 1067 1074 104
f 1067 104 72
f 1091 1095 1090
f 1090 1095 1094
f 1068 1094 1096
f 1068 1096 1095
f 1094 1095 1096
f 1097 1095 1091
f 1778 1095 1097
f 1100 113 104
f 1100 104 1074
f 1100 1101 113
f 1577 1101 1100
f 1101 170 113
f 1108 1109 1067
f 1108 1067 1075
f 1109 1074 1067
f 1109 1100 1074
f 1114 1577 1100
f 1115 1577 1114
f 1122 1108 1075
f 1622 1108 1122
f 1123 1113 1124
f 1068 1125 1083
f 1125 1122 1083
f 1075 1083 1122
f 1127 1126 1095
f 1126 1125 1095
f 1095 1125 1068
f 1128 1093 1129
f 1129 1093 101
f 1129 101 149
f 1128 1092 1093
f 1092 1128 1089
f 1091 1089 1098
f 1091 1098 1097
f 1089 1128 1098
f 151 1131 152
f 152 1131 1132
f 151 1134 1131
f 1134 151 1135
f 1136 151 157
f 1135 151 1137
f 1137 1140 1138
f 1140 159 1141
f 1138 1140 1141
f 151 1136 1137
f 1136 157 159
f 1136 159 1140
f 1137 1136 1140
f 1139 1138 1142
f 1142 1145 1143
f 1145 164 1144
f 1143 1145 1144
f 1138 1141 1145
f 1138 1145 1142
f 1141 159 164
f 1141 164 1145
f 1143 1144 1146
f 1143 1146 1315
f 1315 1146 1147
f 1315 1147 1148
f 1149 168 1147
f 1146 1149 1147
f 1144 1149 1146
f 1144 164 1149
f 1149 164 168
f 1148 1147 1150
f 1147 168 170
f 1147 170 1150
f 1151 1153 1152
f 1151 1148 1153
f 1162 1163 1164
f 152 1132 1165
f 152 1165 189
f 1132 1133 1165
f 1177 1178 1179
f 1184 1185 1186
f 1196 1197 1198
f 1216 1217 1215
f 1239 1237 1240
f 1241 1234 1236
f 1255 1256 1257
f 1265 1261 1266
f 1272 1273 1274
f 1275 1154 1156
f 1275 1279 1155
f 1154 1275 1155
f 1286 1287 1283
f 1296 1294 1295
f 1297 1298 1299
f 1304 1151 1305
f 1151 1306 1305
f 1151 1307 1306
f 1307 1308 1306
f 1308 1310 1309
f 1308 1311 1310
f 1148 1151 1312
f 1143 1315 1314
f 1315 1312 1314
f 1315 1148 1312
f 1139 1142 1316
f 1142 1143 1316
f 1316 1143 1317
f 1143 1314 1317
f 1319 1369 1320
f 1320 1369 1321
f 1321 1316 1318
f 1369 1316 1321
f 1319 1320 1322
f 1320 1321 1322
f 1323 1319 1322
f 1324 1323 1322
f 1326 1325 1328
f 1329 1330 1331
f 1310 1311 1323
f 1133 1132 1131
f 1133 1131 1332
f 1332 1131 1334
f 1134 1334 1131
f 1333 1332 1334
f 1166 1133 1332
f 1333 1336 1166
f 1332 1333 1166
f 1335 1337 1336
f 1335 1336 1333
f 1337 1338 1336
f 1166 1336 1338
f 1340 1339 1166
f 1340 1166 1338
f 1334 1134 1341
f 1134 1342 1341
f 1343 1344 1345
f 1288 1340 1338
f 1360 1361 1362
f 1363 1364 1365
f 1366 1367 1368
f 1139 1316 1372
f 1316 1369 1370
f 1372 1316 1370
f 1371 1372 1369
f 1372 1370 1369
f 1135 1137 1134
f 1134 1137 1372
f 1134 1372 1342
f 1372 1373 1342
f 1372 1371 1374
f 1372 1374 1373
f 1137 1138 1372
f 1138 1139 1372
f 1382 1383 1381
f 1424 1386 1385
f 1385 1388 1387
f 1385 1389 1388
f 1388 1389 1390
f 1386 1391 1389
f 1386 1389 1385
f 1393 1395 1394
f 1399 1400 1401
f 1398 1459 1400
f 1398 1400 1399
f 1397 1398 1399
f 1402 1383 1404
f 1383 1384 1404
f 1403 1383 1402
f 1403 1381 1383
f 1405 1391 1386
f 1395 1455 1394
f 1394 1455 1405
f 1406 1407 1396
f 1406 1396 1392
f 1399 1407 1406
f 1399 1401 1407
f 1408 1459 1398
f 1408 1409 1459
f 1404 1409 1408
f 1404 1384 1409
f 1410 1411 1381
f 1410 1381 1403
f 1387 1388 1411
f 1387 1411 1410
f 1388 1390 1411
f 1413 1402 1414
f 1412 1410 1403
f 1412 1403 1413
f 1413 1403 1402
f 1412 1387 1410
f 1416 1408 1398
f 1416 1398 1397
f 1415 1404 1408
f 1415 1408 1416
f 1432 1406 1392
f 1422 1399 1406
f 1422 1406 1432
f 1423 1405 1386
f 1423 1386 1424
f 1394 1405 1423
f 1426 1414 1427
f 1414 1402 1427
f 1402 1404 1427
f 1427 1404 1415
f 1429 1431 1428
f 1430 1399 1422
f 1397 1399 1430
f 1418 1397 1430
f 1937 1421 1423
f 1393 1394 1423
f 1421 1393 1423
f 1392 1393 1421
f 1425 1385 1387
f 1425 1387 1433
f 1433 1387 1412
f 1424 1385 1425
f 1451 1435 1434
f 1436 1438 1439
f 1438 1440 1439
f 1437 1438 1436
f 1437 1371 1441
f 1437 1441 1438
f 1383 1442 1443
f 1383 1443 1444
f 1442 1341 1443
f 1443 1341 1342
f 1445 1446 1447
f 1448 1446 1445
f 1448 1449 1446
f 1434 1471 1449
f 1434 1449 1448
f 1450 1435 1451
f 1450 1452 1435
f 1439 1440 1453
f 1439 1453 1450
f 1453 1452 1450
f 1454 1374 1437
f 1454 1373 1374
f 1374 1371 1437
f 1443 1342 1444
f 1342 1373 1454
f 1444 1342 1454
f 1405 1456 1391
f 1455 1434 1405
f 1405 1434 1456
f 1395 1451 1455
f 1451 1434 1455
f 1407 1457 1396
f 1401 1436 1407
f 1407 1436 1439
f 1407 1439 1457
f 1401 1437 1458
f 1437 1436 1458
f 1458 1436 1401
f 1409 1383 1459
f 1459 1383 1444
f 1384 1383 1409
f 1411 1460 1381
f 1460 1447 1381
f 1381 1447 1382
f 1390 1445 1411
f 1445 1447 1460
f 1411 1445 1460
f 1391 1461 1389
f 1461 1448 1389
f 1389 1448 1445
f 1389 1445 1390
f 1456 1434 1448
f 1456 1448 1391
f 1391 1448 1461
f 1396 1457 1392
f 1392 1451 1393
f 1393 1451 1395
f 1457 1450 1392
f 1457 1439 1450
f 1392 1450 1451
f 1400 1459 1401
f 1459 1454 1437
f 1459 1437 1401
f 1459 1444 1454
f 1474 1338 1337
f 1474 1478 1338
f 1478 1300 1462
f 1464 1300 1478
f 1464 1301 1300
f 1463 1290 1301
f 1463 1301 1464
f 1471 1463 1464
f 1465 1467 1466
f 1466 1467 1302
f 1468 1291 1290
f 1468 1290 1463
f 1466 1302 1291
f 1466 1291 1468
f 1435 1470 1434
f 1469 1472 1435
f 1435 1472 1470
f 1470 1472 1471
f 1470 1471 1434
f 1472 1468 1463
f 1472 1463 1471
f 1472 1466 1468
f 1447 1474 1333
f 1447 1333 1473
f 1453 1475 1452
f 1452 1475 1469
f 1452 1469 1435
f 1453 1476 1475
f 1475 1476 1469
f 1476 1472 1469
f 1476 1466 1472
f 1440 1465 1453
f 1465 1466 1476
f 1453 1465 1476
f 1449 1478 1446
f 1449 1471 1477
f 1477 1464 1478
f 1477 1478 1449
f 1471 1464 1477
f 1446 1478 1447
f 1447 1478 1474
f 1382 1479 1383
f 1383 1479 1442
f 1479 1473 1333
f 1447 1473 1479
f 1382 1447 1479
f 1480 1412 1413
f 1480 1413 1414
f 1426 1427 1480
f 1480 1427 1415
f 1480 1414 1426
f 1480 1417 1481
f 1480 1415 1417
f 1481 1937 1423
f 1481 1482 1937
f 1483 1424 1425
f 1481 1423 1483
f 1483 1423 1424
f 1481 1483 1480
f 1433 1412 1480
f 1483 1433 1480
f 1483 1425 1433
f 1379 1293 1294
f 1440 1438 1379
f 1438 1484 1379
f 1484 1293 1379
f 1438 1441 1484
f 1441 1371 1485
f 1441 1485 1484
f 1440 1379 1465
f 1465 1379 1467
f 1296 1467 1379
f 1296 1303 1467
f 1288 1338 1478
f 1288 1478 1462
f 1310 1323 1486
f 1310 1486 1545
f 1489 1491 1492
f 1489 1492 1490
f 1488 1493 1491
f 1488 1491 1489
f 1487 1488 1489
f 1494 1496 1495
f 1499 1498 1500
f 1533 1503 1502
f 1533 1504 1503
f 1505 1506 1493
f 1505 1493 1488
f 1495 1496 1506
f 1495 1506 1505
f 1507 1497 1494
f 1507 1508 1497
f 1499 1508 1507
f 1499 1500 1508
f 1509 1501 1498
f 1509 1510 1501
f 1502 1510 1509
f 1511 1504 1512
f 1511 1513 1504
f 1512 1504 1533
f 1490 1492 1513
f 1490 1513 1511
f 1514 1511 1512
f 1514 1512 1516
f 1516 1512 1533
f 1515 1490 1511
f 1515 1511 1514
f 1520 1521 1518
f 1518 1498 1520
f 1518 1509 1498
f 1517 1502 1509
f 1517 1509 1518
f 1522 1523 1524
f 1575 1526 1527
f 1528 1507 1494
f 1522 1499 1507
f 1522 1507 1528
f 1531 1488 1532
f 1531 1505 1488
f 1488 1487 1532
f 1531 1495 1505
f 1533 1502 1534
f 1534 1502 1517
f 1536 1537 1538
f 1524 1499 1522
f 1520 1498 1499
f 1520 1499 1524
f 1539 1540 1529
f 1527 1541 1530
f 1541 1539 1531
f 1541 1531 1530
f 1539 1494 1495
f 1539 1495 1531
f 1529 1494 1539
f 1542 1489 1490
f 1542 1490 1515
f 1532 1487 1542
f 1542 1487 1489
f 1548 1151 1304
f 1548 1304 1543
f 1543 1304 1305
f 1312 1313 1314
f 1314 1313 1549
f 1550 1549 1313
f 1551 1545 1552
f 1547 1546 1553
f 1554 1551 1552
f 1551 1555 1545
f 1550 1548 1556
f 1550 1313 1312
f 1550 1312 1548
f 1548 1312 1151
f 1556 1548 1543
f 1503 1317 1502
f 1317 1314 1557
f 1502 1317 1557
f 1318 1316 1317
f 1318 1317 1503
f 1504 1318 1503
f 1501 1550 1556
f 1501 1556 1498
f 1498 1558 1500
f 1498 1556 1543
f 1498 1543 1558
f 1559 1546 1551
f 1546 1555 1551
f 1493 1564 1565
f 1493 1565 1491
f 1491 1566 1492
f 1565 1322 1321
f 1565 1321 1566
f 1491 1565 1566
f 1564 1323 1324
f 1564 1324 1322
f 1564 1322 1565
f 1492 1567 1513
f 1513 1567 1504
f 1567 1318 1504
f 1567 1321 1318
f 1566 1321 1567
f 1492 1566 1567
f 1502 1557 1510
f 1510 1557 1550
f 1510 1550 1501
f 1557 1549 1550
f 1557 1314 1549
f 1500 1568 1508
f 1570 1569 1571
f 1558 1568 1500
f 1558 1543 1568
f 1568 1543 1544
f 1506 1564 1493
f 1506 1486 1564
f 1564 1486 1323
f 1496 1545 1486
f 1496 1486 1506
f 1572 1514 1516
f 1572 1517 1575
f 1572 1533 1534
f 1572 1534 1517
f 1572 1516 1533
f 1575 1517 1519
f 1575 1519 1535
f 1575 1535 1538
f 1538 1573 1575
f 1538 1574 1573
f 1575 1527 1530
f 1575 1531 1532
f 1530 1531 1575
f 1575 1576 1572
f 1576 1542 1515
f 1576 1515 1514
f 1576 1514 1572
f 1575 1532 1542
f 1575 1542 1576
f 170 1101 1150
f 1101 1577 1150
f 1577 1153 1148
f 1150 1577 1148
f 1583 1584 1585
f 1588 1589 1590
f 1594 1595 1596
f 1600 1601 1602
f 1589 1612 1590
f 1590 1612 1588
f 1614 1615 1616
f 1613 1614 1616
f 1619 1620 1049
f 1050 1125 1126
f 1054 1615 1621
f 1621 1618 1056
f 1050 1126 1057
f 1054 1057 1126
f 1050 1057 1053
f 1050 1053 1051
f 1051 1053 1622
f 1056 1622 1052
f 1050 1051 1622
f 1052 1622 1053
f 1618 1049 1056
f 1056 1049 1622
f 1619 1049 1618
f 1125 1050 1122
f 1050 1622 1122
f 1055 1623 1057
f 1052 1624 1058
f 1052 1059 1624
f 1053 1060 1059
f 1058 1624 1623
f 1058 1623 1055
f 1625 1624 1059
f 1625 1059 1060
f 1626 1625 1060
f 1626 1060 1057
f 1626 1057 1623
f 1626 1623 1624
f 1625 1626 1624
f 1130 1098 1099
f 1098 1130 1097
f 1128 1099 1098
f 1128 1130 1099
f 1097 1130 1128
f 1296 1379 1294
f 1296 1627 1303
f 1628 1303 1627
f 1302 1467 1303
f 1290 1291 1292
f 1628 1302 1303
f 1628 1292 1291
f 1628 1291 1302
f 1628 1288 1292
f 1288 1290 1292
f 1301 1290 1288
f 1300 1301 1288
f 1300 1288 1289
f 1289 1288 1462
f 1289 1462 1300
f 1629 1630 1632
f 1629 1632 1241
f 1237 1634 1630
f 1237 1630 1629
f 1239 1636 1237
f 1636 1635 1634
f 1237 1636 1634
f 1235 1637 1636
f 1235 1636 1239
f 1637 1308 1636
f 1241 1632 1234
f 1632 1633 1308
f 1632 1308 1637
f 1234 1632 1637
f 1234 1637 1235
f 1245 1638 1640
f 1245 1640 1242
f 1641 1642 1643
f 1247 1641 1643
f 1247 1643 1248
f 1644 1645 1641
f 1644 1641 1247
f 1645 1635 1641
f 1634 1635 1645
f 1242 1634 1645
f 1242 1645 1644
f 1242 1640 1634
f 1640 1631 1630
f 1640 1630 1634
f 1248 1643 1244
f 1244 1643 1638
f 1244 1638 1245
f 1647 641 1250
f 1256 1647 1250
f 1255 1648 1647
f 1255 1647 1256
f 1648 1642 1647
f 1643 1642 1648
f 1253 1643 1648
f 1253 1648 1255
f 1253 1252 1643
f 1252 1639 1638
f 1252 1638 1643
f 1250 638 1646
f 638 639 1646
f 1250 641 294
f 1250 294 638
f 1646 639 1229
f 1230 1639 1252
f 1230 1252 1646
f 1230 1646 1229
f 1649 1226 1231
f 1232 272 1228
f 1228 272 644
f 1229 279 1232
f 1229 639 279
f 1232 279 272
f 1224 1650 1219
f 1222 1640 1220
f 1222 1631 1640
f 1220 1640 1638
f 1219 1650 1223
f 1638 1639 1230
f 1638 1230 1651
f 1651 1230 1231
f 1651 1231 1225
f 1225 1231 1224
f 1231 1226 1224
f 1215 1652 1216
f 1216 1652 1653
f 1216 1653 1654
f 1630 1631 1655
f 1218 1630 1655
f 1633 1632 1630
f 1214 1633 1630
f 1214 1630 1218
f 1654 1653 1656
f 1654 1656 1214
f 1214 1656 1633
f 1655 1631 1222
f 1655 1222 1223
f 1218 1655 1215
f 1655 1223 1650
f 1655 1650 1652
f 1215 1655 1652
f 1228 644 1211
f 1212 1226 1228
f 1212 1228 1211
f 1658 1209 1213
f 1209 1657 1213
f 1208 245 1207
f 1207 245 654
f 1211 644 246
f 1211 246 1208
f 1208 246 245
f 1659 1191 1204
f 1191 1660 1204
f 1205 1650 1224
f 1205 1224 1203
f 1203 1224 1226
f 1205 1200 1650
f 1226 1212 1203
f 1203 1212 1213
f 1202 1203 1213
f 1202 1213 1659
f 1213 1657 1659
f 1661 1662 1295
f 1661 1295 1196
f 1652 1650 1663
f 1193 1652 1663
f 1193 1663 1194
f 1664 1653 1665
f 1664 1665 1193
f 1665 1653 1652
f 1193 1665 1652
f 1196 1295 1666
f 1196 1666 1197
f 1197 1666 1653
f 1197 1653 1664
f 1663 1650 1200
f 1663 1200 1201
f 1194 1663 1201
f 1194 1201 1204
f 1204 1660 1662
f 1194 1204 1662
f 1194 1662 1661
f 1207 654 1175
f 1169 1657 1209
f 1169 1209 1207
f 1169 1207 1175
f 1170 1667 1169
f 1175 654 203
f 1174 1175 200
f 1175 203 200
f 200 665 1173
f 1174 200 1173
f 1188 1668 1669
f 1191 1659 1657
f 1190 1667 1188
f 1667 1171 1668
f 1188 1667 1668
f 1189 1191 1667
f 1189 1667 1190
f 1191 1657 1169
f 1191 1169 1667
f 1188 1670 1671
f 1375 1662 1672
f 1672 1662 1660
f 1375 1672 1673
f 1377 1674 1375
f 1674 1295 1662
f 1375 1674 1662
f 1673 1672 1675
f 1673 1675 1676
f 1672 1660 1191
f 1672 1191 1675
f 1675 1191 1192
f 1676 1675 1192
f 1676 1192 1378
f 1378 1192 1671
f 1378 1671 1670
f 1677 1678 1295
f 1678 1296 1295
f 1677 1295 1674
f 1677 1674 1377
f 1378 1670 1380
f 1380 1670 1349
f 1349 1670 1679
f 1349 1679 1627
f 1349 1627 1677
f 1679 1628 1627
f 1627 1296 1678
f 1677 1627 1678
f 1348 1680 1346
f 1682 1346 1299
f 1299 1346 1297
f 1346 1681 1340
f 1343 1670 1680
f 1343 1680 1348
f 1345 1288 1343
f 1288 1628 1679
f 1288 1679 1343
f 1343 1679 1670
f 1346 1340 1297
f 1297 1340 1288
f 1345 1297 1288
f 1669 1668 1171
f 1187 1670 1188
f 1187 1188 1669
f 1187 1669 1685
f 1184 1685 1684
f 1186 1685 1184
f 1680 1670 1187
f 1184 1684 1680
f 1684 1681 1346
f 1684 1346 1680
f 1184 1680 1187
f 1176 1686 1173
f 1173 665 1176
f 1687 1171 1173
f 1687 1173 1686
f 1687 1686 1176
f 1179 1688 1177
f 1177 1688 1182
f 1176 665 205
f 1183 1176 1688
f 1183 1688 1179
f 1176 205 1688
f 1688 205 680
f 1182 1688 1685
f 1182 1685 1180
f 1688 1683 1685
f 1180 1685 1669
f 1669 1171 1687
f 1180 1669 1687
f 1691 1692 1647
f 1692 641 1647
f 1691 1647 1642
f 1691 1642 1693
f 1695 689 1696
f 1694 1695 1696
f 1694 1696 1697
f 1698 1699 1695
f 1698 1695 1694
f 1699 1700 1695
f 1701 1700 1699
f 1701 1699 1698
f 1693 1642 1701
f 1702 684 641
f 1702 641 1692
f 1702 1692 1691
f 1697 1696 1702
f 1696 689 687
f 1696 687 1702
f 1702 687 684
f 1704 1642 1641
f 1704 1641 1705
f 1703 1704 1705
f 1705 1641 1635
f 1705 1635 1706
f 1703 1705 1706
f 1708 1700 1709
f 1707 1708 1709
f 1707 1709 1710
f 1711 1712 1708
f 1711 1708 1707
f 1712 1713 1708
f 1714 1713 1712
f 1714 1712 1711
f 1703 1706 1714
f 1710 1709 1715
f 1709 1700 1701
f 1709 1701 1642
f 1709 1642 1704
f 1715 1709 1704
f 1715 1704 1703
f 1716 1717 1718
f 1718 1717 1719
f 1718 1719 1721
f 1259 1722 1265
f 1722 1713 1714
f 1722 1714 1706
f 1265 1722 1706
f 1706 1635 1723
f 1265 1706 1723
f 1265 1723 1261
f 1724 1713 1722
f 1259 1724 1722
f 1721 1719 1724
f 1721 1724 1259
f 1719 1720 1724
f 1261 1723 1636
f 1723 1635 1636
f 1261 1636 1716
f 1636 1308 1717
f 1716 1636 1717
f 1725 716 1726
f 1608 1725 1726
f 1608 1727 1725
f 1727 1728 1725
f 1729 1695 1610
f 1729 689 1695
f 1695 1700 1606
f 1610 1695 1606
f 1606 1728 1727
f 1606 1727 1608
f 1730 689 1729
f 1726 716 1730
f 1730 716 689
f 1732 1728 1733
f 1731 1732 1733
f 1731 1733 1734
f 1735 1736 1732
f 1735 1732 1731
f 1736 1737 1732
f 1738 1700 1708
f 1600 1738 1601
f 1738 1708 1713
f 1738 1713 1739
f 1601 1738 1739
f 1601 1739 1603
f 1603 1739 1736
f 1603 1736 1735
f 1606 1700 1738
f 1605 1606 1738
f 1605 1738 1600
f 1734 1733 1605
f 1733 1728 1606
f 1733 1606 1605
f 1105 1102 1725
f 1102 716 1725
f 1105 1725 1728
f 1741 1742 1107
f 1740 1105 1741
f 1105 1728 1741
f 1740 1741 1107
f 1104 116 1102
f 1102 116 716
f 1107 1743 1104
f 1104 1743 116
f 1689 1690 1838
f 1165 1754 739
f 1165 739 189
f 1133 1755 1754
f 1133 1754 1165
f 1133 1746 1755
f 1757 1758 1267
f 1759 1746 1166
f 1166 1746 1133
f 1754 1755 1749
f 1746 1749 1755
f 1765 1747 1766
f 1749 753 1754
f 1754 753 739
f 1759 1766 1746
f 1688 680 1269
f 1756 1689 1688
f 1689 1683 1688
f 1756 1688 1269
f 1268 1269 1267
f 1269 310 1267
f 1267 310 758
f 1684 1685 1683
f 1684 1683 1838
f 1838 1683 1689
f 1689 1770 1769
f 1271 1684 1270
f 1271 1681 1684
f 1272 1681 1271
f 1274 1771 1681
f 1274 1681 1272
f 1771 1340 1681
f 1270 1684 1753
f 1684 1769 1770
f 1684 1770 1753
f 1744 1899 1762
f 1748 1267 1745
f 1748 1757 1267
f 1745 1267 1744
f 1267 758 896
f 1267 896 1744
f 1767 1764 1750
f 1689 1757 1763
f 1764 1770 1689
f 1764 1689 1763
f 1763 1757 1748
f 1763 1748 1767
f 1748 1762 1767
f 1767 1762 1899
f 1852 1894 1761
f 1761 1894 1747
f 1760 1765 1751
f 1760 1751 1768
f 1768 1751 1753
f 1753 1770 1764
f 1761 1747 1765
f 1761 1765 1760
f 1753 1764 1852
f 1768 1753 1852
f 1474 1337 1335
f 1474 1335 1333
f 1442 1479 1341
f 1333 1334 1341
f 1333 1341 1479
f 1775 1878 1873
f 1737 1615 1780
f 1054 1126 1127
f 1621 1056 1058
f 1621 1058 1054
f 1737 1618 1621
f 1054 1784 1615
f 1784 1613 1616
f 1615 1784 1616
f 1614 1613 1780
f 1615 1614 1780
f 1737 1621 1615
f 1054 1127 1784
f 1105 1106 1103
f 1102 1103 1104
f 1103 1785 1107
f 1103 1107 1104
f 1106 1785 1103
f 1785 1106 1107
f 1107 1106 1740
f 1740 1106 1105
f 1105 1103 1102
f 1729 1610 1611
f 1608 1726 1609
f 1606 1608 1609
f 1734 1605 1786
f 1603 1735 1604
f 1731 1787 1735
f 1788 1618 1789
f 1790 1619 1618
f 1790 1618 1788
f 1791 1713 1724
f 1594 1791 1724
f 1594 1724 1595
f 1595 1724 1597
f 1597 1724 1792
f 1724 1720 1792
f 1597 1792 1619
f 1597 1619 1790
f 1739 1713 1791
f 1599 1739 1791
f 1599 1791 1594
f 1618 1737 1736
f 1618 1736 1789
f 1789 1736 1739
f 1599 1789 1739
f 1793 1620 1619
f 1793 1619 1591
f 1793 1589 1620
f 1593 1794 1586
f 1586 1794 1795
f 1586 1795 1588
f 1794 1152 1795
f 1588 1795 1589
f 1619 1792 1720
f 1619 1720 1794
f 1591 1619 1794
f 1591 1794 1593
f 1789 1599 1797
f 1595 1597 1596
f 1798 1599 1594
f 1798 1594 1596
f 1788 1789 1799
f 1589 1793 1612
f 1790 1800 1597
f 1800 1788 1798
f 1591 1593 1801
f 1586 1588 1802
f 1646 1252 1254
f 1226 1227 1804
f 1226 1804 1233
f 1233 1804 1805
f 1233 1805 1232
f 1232 1805 1229
f 1804 1230 1805
f 1805 1230 1806
f 1805 1806 1229
f 1227 1230 1804
f 1228 1226 1232
f 1232 1226 1233
f 1231 1230 1227
f 1231 1227 1649
f 1229 1806 1230
f 1649 1227 1226
f 1207 1209 1807
f 1209 1210 1807
f 1207 1807 1808
f 1807 1212 1808
f 1808 1212 1809
f 1808 1809 1211
f 1210 1212 1807
f 1213 1212 1210
f 1213 1210 1658
f 1211 1809 1212
f 1658 1210 1209
f 1208 1207 1808
f 1208 1808 1211
f 1171 1172 1810
f 1171 1810 1174
f 1174 1810 1811
f 1811 1810 1175
f 1174 1811 1175
f 1810 1169 1812
f 1810 1812 1175
f 1172 1813 1810
f 1813 1172 1169
f 1813 1169 1810
f 1175 1812 1169
f 1173 1171 1174
f 1667 1172 1171
f 1170 1169 1172
f 1170 1172 1667
f 1814 1815 1181
f 1814 1176 1815
f 1181 1815 1180
f 1815 1178 1180
f 1816 1179 1178
f 1815 1816 1178
f 1176 1816 1815
f 1816 1176 1179
f 1687 1814 1180
f 1814 1181 1180
f 1183 1179 1176
f 1182 1180 1177
f 1177 1180 1178
f 1176 1814 1687
f 1817 1756 1269
f 1817 1269 1268
f 1268 1267 1817
f 1817 1267 1758
f 1817 1758 1756
f 1689 1818 1757
f 1818 1758 1757
f 1756 1818 1689
f 1756 1758 1818
f 1819 1762 1748
f 1744 1762 1819
f 1745 1744 1819
f 1748 1745 1819
f 1820 1821 1822
f 1820 1822 1823
f 1820 1824 1825
f 1820 1825 1821
f 1644 1247 1249
f 1248 1244 1246
f 1224 1826 1221
f 1826 1827 1221
f 1827 1223 1220
f 1221 1827 1220
f 1219 1827 1826
f 1219 1223 1827
f 1225 1224 1221
f 1225 1221 1651
f 1222 1220 1223
f 1651 1221 1638
f 1638 1221 1220
f 1219 1826 1224
f 1202 1828 1206
f 1828 1829 1206
f 1829 1200 1205
f 1206 1829 1205
f 1204 1829 1828
f 1204 1830 1829
f 1829 1830 1200
f 1203 1202 1206
f 1203 1206 1205
f 1204 1828 1659
f 1659 1828 1202
f 1201 1200 1830
f 1201 1830 1204
f 1188 1831 1832
f 1832 1831 1189
f 1833 1191 1834
f 1831 1833 1834
f 1831 1834 1189
f 1188 1835 1833
f 1188 1833 1831
f 1833 1835 1191
f 1192 1191 1835
f 1192 1835 1671
f 1190 1188 1832
f 1190 1832 1189
f 1189 1834 1191
f 1671 1835 1188
f 1187 1685 1836
f 1187 1836 1185
f 1836 1186 1185
f 1685 1186 1836
f 1187 1837 1184
f 1184 1837 1185
f 1837 1187 1185
f 1838 1690 1769
f 1769 1690 1689
f 1684 1838 1769
f 1839 1750 1764
f 1763 1767 1750
f 1763 1750 1839
f 1763 1839 1764
f 1265 1266 1259
f 1721 1259 1260
f 1235 1239 1240
f 1235 1240 1234
f 1237 1629 1238
f 1629 1241 1840
f 1215 1217 1841
f 1215 1841 1843
f 1841 1842 1843
f 1842 1214 1843
f 1843 1214 1218
f 1217 1842 1841
f 1842 1217 1214
f 1654 1217 1216
f 1215 1843 1218
f 1214 1217 1654
f 1664 1193 1195
f 1661 1196 1844
f 1845 1375 1846
f 1846 1375 1376
f 1847 1378 1845
f 1847 1845 1846
f 1847 1846 1376
f 1378 1380 1845
f 1380 1349 1845
f 1377 1375 1677
f 1375 1845 1677
f 1378 1847 1676
f 1676 1847 1673
f 1673 1847 1375
f 1375 1847 1376
f 1677 1845 1349
f 1346 1347 1344
f 1344 1298 1297
f 1344 1297 1345
f 1848 1298 1344
f 1848 1344 1347
f 1682 1848 1346
f 1848 1347 1346
f 1348 1344 1343
f 1348 1346 1344
f 1299 1298 1848
f 1299 1848 1682
f 1273 1850 1849
f 1273 1270 1850
f 1849 1752 1273
f 1270 1753 1752
f 1270 1752 1850
f 1753 1751 1752
f 1850 1752 1849
f 1771 1273 1752
f 1771 1752 1765
f 1765 1752 1751
f 1271 1270 1273
f 1271 1273 1272
f 1274 1273 1771
f 1768 1851 1760
f 1768 1852 1851
f 1852 1761 1851
f 1851 1761 1760
f 1282 1853 1280
f 1280 1853 1311
f 1283 1855 1656
f 1656 1653 1856
f 1283 1656 1856
f 1284 1857 1855
f 1857 1633 1656
f 1857 1656 1855
f 1284 1855 1283
f 1285 1858 1284
f 1858 1633 1857
f 1284 1858 1857
f 1854 1280 1858
f 1280 1311 1858
f 1854 1858 1285
f 1856 1653 1859
f 1283 1856 1859
f 1283 1859 1286
f 1286 1859 1853
f 1286 1853 1282
f 1353 1860 1666
f 1353 1666 1295
f 1353 1295 1359
f 1354 1653 1860
f 1354 1860 1353
f 1653 1666 1860
f 1355 1653 1354
f 1350 1853 1355
f 1853 1859 1653
f 1355 1853 1653
f 1357 1293 1861
f 1357 1861 1862
f 1359 1295 1357
f 1295 1294 1293
f 1357 1295 1293
f 1351 1352 1853
f 1351 1853 1350
f 1862 1861 1352
f 1861 1293 1352
f 1863 1285 1864
f 1863 1864 1281
f 1281 1864 1280
f 1864 1287 1280
f 1864 1283 1287
f 1285 1284 1864
f 1864 1284 1283
f 1282 1280 1286
f 1286 1280 1287
f 1285 1863 1854
f 1854 1863 1280
f 1280 1863 1281
f 1357 1358 1865
f 1353 1865 1866
f 1353 1866 1356
f 1865 1867 1866
f 1867 1351 1350
f 1867 1350 1355
f 1866 1867 1355
f 1866 1355 1356
f 1358 1867 1865
f 1867 1358 1351
f 1862 1358 1357
f 1354 1353 1355
f 1353 1356 1355
f 1359 1357 1353
f 1357 1865 1353
f 1351 1358 1352
f 1352 1358 1862
f 1117 1732 1116
f 1117 1728 1732
f 1116 1732 1118
f 1732 1737 1868
f 1118 1732 1868
f 1118 1868 1869
f 1870 1742 1741
f 1117 1741 1728
f 1617 1742 1870
f 1871 1780 1613
f 1871 1613 1617
f 1869 1868 1780
f 1869 1780 1871
f 1868 1737 1780
f 1107 1742 1782
f 1781 1107 1782
f 1872 116 1743
f 1872 1743 1107
f 1781 1872 1107
f 1782 1873 1777
f 868 116 1872
f 1873 1782 1775
f 1775 1742 1617
f 1779 1775 1617
f 1782 1742 1775
f 1617 1613 1779
f 1613 1784 1873
f 1776 1773 1777
f 1776 868 1773
f 870 868 1776
f 1874 1778 1777
f 1128 1129 1097
f 1874 1777 1784
f 1784 1777 1873
f 1097 1129 149
f 1097 149 1776
f 1097 1776 1778
f 149 873 1776
f 1776 873 870
f 1597 1598 1798
f 1598 1597 1800
f 1598 1800 1798
f 1597 1798 1596
f 1588 1612 1802
f 1802 1612 1587
f 1802 1587 1586
f 1741 1117 1875
f 1875 1117 1116
f 1617 1870 1876
f 1869 1871 1877
f 1878 1775 1779
f 1613 1878 1779
f 1873 1879 1613
f 1879 1873 1878
f 1879 1878 1613
f 1782 1772 1781
f 1777 1773 1782
f 1782 1773 1774
f 1872 1781 1783
f 868 1872 1773
f 1773 1872 1973
f 1874 1784 1095
f 1874 1095 1778
f 1784 1127 1095
f 1880 1777 1778
f 1880 1778 1776
f 1777 1880 1776
f 1881 1882 1325
f 1327 1853 1881
f 1327 1311 1853
f 1325 1323 1329
f 1329 1323 1311
f 1325 1319 1323
f 1330 1311 1327
f 1329 1311 1330
f 1883 1882 1881
f 1883 1881 1360
f 1881 1853 1360
f 1884 1319 1325
f 1884 1325 1882
f 1884 1882 1883
f 1367 1885 1363
f 1885 1484 1485
f 1885 1485 1371
f 1885 1371 1363
f 1886 1293 1484
f 1886 1484 1885
f 1366 1886 1885
f 1366 1885 1367
f 1360 1853 1352
f 1361 1360 1352
f 1361 1352 1886
f 1886 1352 1293
f 1361 1886 1366
f 1363 1371 1369
f 1363 1369 1364
f 1364 1369 1319
f 1364 1319 1884
f 1884 1883 1887
f 1330 1327 1331
f 1329 1331 1328
f 1325 1329 1328
f 1367 1363 1368
f 1364 1884 1887
f 1364 1887 1365
f 1749 1893 753
f 753 1893 890
f 1749 1891 1893
f 1746 1896 1749
f 1896 1890 1891
f 1896 1891 1749
f 1766 1896 1746
f 1766 1890 1896
f 1766 1747 1890
f 5 890 1893
f 5 1893 1891
f 1006 1891 1890
f 1037 1894 1764
f 1037 1764 1889
f 1036 1889 1892
f 38 1892 896
f 1006 1012 1891
f 5 1891 1012
f 1010 1747 1894
f 1037 1889 1034
f 1036 1034 1889
f 1899 1744 896
f 1895 896 1892
f 1892 1889 1899
f 1895 1892 1899
f 1897 1764 1767
f 1767 1899 1897
f 1889 1764 1897
f 1898 1897 1899
f 896 1895 1899
f 1898 1889 1897
f 1889 1898 1899
f 1894 1852 1764
f 1900 1308 1307
f 1900 1307 1151
f 1160 1900 1151
f 1794 1720 1158
f 1157 1794 1158
f 1163 1152 1794
f 1163 1794 1157
f 1159 1717 1900
f 1900 1717 1308
f 1159 1900 1160
f 1158 1717 1159
f 1158 1720 1719
f 1158 1719 1717
f 1162 1151 1152
f 1162 1152 1163
f 1277 1156 1901
f 1277 1901 1276
f 1156 1154 1901
f 1276 1901 1154
f 1276 1154 1278
f 1151 1162 1164
f 1158 1159 1161
f 1339 1340 1771
f 1902 1339 1771
f 1167 1339 1902
f 1167 1166 1339
f 1902 1771 1903
f 1168 1766 1759
f 1903 1765 1766
f 1168 1903 1766
f 1168 1759 1167
f 1167 1759 1166
f 1903 1771 1765
f 1902 1903 1904
f 1167 1902 1999
f 1277 1311 1275
f 1275 1311 1308
f 1275 1308 1905
f 1906 1633 1276
f 1276 1633 1858
f 1276 1858 1311
f 1276 1311 1277
f 1279 1633 1906
f 1905 1308 1633
f 1275 1905 1633
f 1275 1633 1279
f 1279 1906 1907
f 1155 1279 1907
f 1906 1276 1278
f 1581 1577 1115
f 1581 1115 1582
f 1579 1153 1583
f 1583 1153 1584
f 1584 1153 1577
f 1584 1577 1581
f 1795 1152 1153
f 1578 1795 1153
f 1578 1153 1579
f 1908 1582 1795
f 1908 1795 1578
f 1582 1589 1795
f 1579 1583 1909
f 1908 1578 1580
f 1263 1264 1910
f 1263 1910 1911
f 1790 1788 1800
f 1646 1254 1912
f 1646 1912 1251
f 1251 1912 1913
f 1913 1257 1256
f 1251 1913 1256
f 1251 1256 1250
f 1912 1258 1253
f 1912 1253 1913
f 1913 1253 1255
f 1913 1255 1257
f 1254 1252 1914
f 1254 1914 1912
f 1252 1253 1258
f 1252 1258 1914
f 1914 1258 1912
f 1250 1646 1251
f 1661 1844 1915
f 1661 1915 1194
f 1194 1915 1916
f 1194 1916 1199
f 1916 1195 1193
f 1199 1916 1193
f 1199 1193 1194
f 1915 1917 1916
f 1917 1198 1197
f 1917 1197 1664
f 1917 1664 1195
f 1916 1917 1195
f 1844 1196 1917
f 1844 1917 1915
f 1196 1198 1917
f 1029 41 1025
f 1031 42 1033
f 1033 42 1029
f 1031 1038 47
f 47 42 1031
f 1046 1020 1019
f 1019 1018 22
f 1019 22 51
f 1048 55 6
f 1048 6 1011
f 1021 1048 1011
f 1021 1020 1046
f 1523 1920 1537
f 1574 1918 1573
f 1573 1918 1528
f 1528 1918 1919
f 1528 1919 1522
f 1524 1523 1921
f 1921 1523 1537
f 1921 1537 1536
f 1539 1923 1540
f 1923 1922 1540
f 1528 1924 1573
f 1527 1526 1541
f 1573 1924 1525
f 1573 1525 1575
f 1529 1540 1494
f 1540 1922 1528
f 1494 1540 1528
f 1521 1925 1519
f 1926 1928 1927
f 1524 1928 1929
f 1524 1929 1520
f 1538 1926 1536
f 1518 1521 1930
f 1518 1930 1517
f 1930 1521 1519
f 1517 1930 1519
f 1536 1926 1927
f 1536 1927 1921
f 1921 1927 1928
f 1921 1928 1524
f 1422 1932 1430
f 1428 1431 1481
f 1431 1419 1481
f 1432 1932 1422
f 1417 1934 1933
f 1933 1934 1428
f 1935 1936 1417
f 1397 1418 1935
f 1397 1935 1416
f 1430 1429 1418
f 1481 1417 1933
f 1481 1933 1428
f 1416 1935 1417
f 1415 1416 1417
f 1938 1939 1940
f 1481 1938 1482
f 1932 1432 1938
f 1932 1938 1420
f 1420 1938 1481
f 1920 1523 1941
f 1538 1919 1574
f 1538 1941 1919
f 1574 1919 1918
f 1522 1941 1523
f 1919 1941 1522
f 1537 1920 1538
f 1538 1920 1941
f 1942 1925 1943
f 1925 1521 1928
f 1925 1928 1943
f 1942 1943 1928
f 1535 1928 1538
f 1535 1942 1928
f 1538 1928 1926
f 1928 1944 1929
f 1944 1928 1521
f 1929 1944 1520
f 1520 1944 1521
f 1519 1945 1535
f 1519 1925 1945
f 1945 1925 1942
f 1945 1942 1535
f 1946 1922 1947
f 1947 1922 1923
f 1924 1946 1525
f 1525 1946 1947
f 1526 1923 1541
f 1526 1947 1923
f 1541 1923 1539
f 1922 1946 1528
f 1528 1946 1924
f 1525 1947 1526
f 1575 1525 1526
f 1939 1937 1940
f 1432 1939 1938
f 1938 1940 1937
f 1482 1938 1937
f 1421 1937 1939
f 1421 1939 1392
f 1392 1939 1432
f 1431 1932 1948
f 1931 1932 1431
f 1430 1931 1429
f 1429 1931 1431
f 1420 1948 1932
f 1419 1431 1948
f 1419 1948 1420
f 1481 1419 1420
f 1430 1932 1931
f 1936 1935 1949
f 1936 1949 1934
f 1429 1949 1418
f 1418 1949 1935
f 1417 1936 1934
f 1428 1934 1429
f 1429 1934 1949
f 1711 1707 1911
f 1711 1911 1910
f 1703 1714 1264
f 1821 1825 1701
f 1701 1825 1693
f 1691 1950 1702
f 1697 1823 1694
f 1715 1703 1951
f 1820 1823 1697
f 1820 1697 1952
f 1820 1952 1950
f 1820 1950 1691
f 1820 1691 1824
f 1694 1823 1822
f 1694 1822 1698
f 1693 1825 1691
f 1825 1824 1691
f 1702 1950 1952
f 1702 1952 1697
f 1698 1822 1701
f 1822 1821 1701
f 1710 1715 1953
f 1714 1910 1264
f 1714 1711 1910
f 1261 1262 1266
f 1266 1262 1259
f 1262 1260 1259
f 1954 1796 1718
f 1954 1718 1721
f 1954 1721 1260
f 1262 1954 1260
f 1261 1716 1954
f 1261 1954 1262
f 1716 1796 1954
f 1263 1911 1707
f 1263 1707 1710
f 1263 1710 1953
f 1263 1953 1715
f 1263 1715 1951
f 1263 1951 1703
f 1263 1703 1264
f 1716 1718 1796
f 1629 1840 1955
f 1629 1955 1238
f 1238 1955 1957
f 1955 1956 1957
f 1957 1240 1237
f 1238 1957 1237
f 1956 1236 1234
f 1956 1234 1240
f 1957 1956 1240
f 1840 1241 1956
f 1840 1956 1955
f 1241 1236 1956
f 1592 1591 1801
f 1592 1801 1593
f 1592 1593 1586
f 1612 1592 1586
f 1612 1586 1587
f 1798 1788 1799
f 1798 1799 1789
f 1798 1789 1797
f 1798 1797 1599
f 1793 1591 1592
f 1612 1793 1592
f 1871 1617 1958
f 1735 1787 1959
f 1735 1959 1604
f 1604 1959 1960
f 1960 1602 1601
f 1604 1960 1601
f 1604 1601 1603
f 1959 1961 1960
f 1961 1605 1600
f 1961 1600 1602
f 1960 1961 1602
f 1787 1786 1961
f 1787 1961 1959
f 1961 1786 1605
f 1731 1734 1786
f 1731 1786 1787
f 1245 1803 1962
f 1245 1962 1244
f 1244 1962 1246
f 1246 1962 1963
f 1963 1249 1247
f 1246 1963 1247
f 1246 1247 1248
f 1962 1243 1963
f 1243 1242 1644
f 1243 1644 1249
f 1963 1243 1249
f 1803 1245 1243
f 1803 1243 1962
f 1245 1242 1243
f 1906 1278 1907
f 1278 1154 1907
f 1907 1154 1155
f 1277 1275 1156
f 1326 1328 1964
f 1326 1964 1325
f 1325 1964 1965
f 1325 1965 1881
f 1965 1327 1881
f 1964 1331 1327
f 1964 1327 1965
f 1328 1331 1964
f 1160 1888 1966
f 1160 1966 1159
f 1159 1966 1161
f 1161 1157 1158
f 1966 1164 1161
f 1164 1163 1157
f 1161 1164 1157
f 1888 1160 1164
f 1888 1164 1966
f 1160 1151 1164
f 1360 1362 1967
f 1883 1967 1887
f 1967 1368 1363
f 1967 1363 1887
f 1887 1363 1365
f 1362 1361 1967
f 1361 1366 1368
f 1361 1368 1967
f 1883 1360 1967
f 1581 1968 1584
f 1581 1582 1968
f 1585 1968 1583
f 1968 1585 1584
f 1580 1578 1579
f 1580 1579 1909
f 1968 1580 1909
f 1968 1909 1583
f 1582 1969 1580
f 1582 1580 1968
f 1969 1908 1580
f 1582 1908 1969
f 1726 1730 1970
f 1609 1971 1606
f 1606 1971 1607
f 1607 1971 1611
f 1607 1611 1610
f 1607 1610 1606
f 1972 1730 1611
f 1971 1972 1611
f 1609 1726 1972
f 1609 1972 1971
f 1726 1970 1972
f 1972 1970 1730
f 1730 1729 1611
f 1973 1774 1773
f 1973 1772 1782
f 1973 1782 1774
f 1973 1783 1781
f 1973 1781 1772
f 1872 1783 1973
f 1974 1975 1976
f 1974 1976 1977
f 1975 1978 1979
f 1975 1979 1976
f 1977 1976 1979
f 1977 1979 1041
f 1042 1980 1981
f 1980 1974 1977
f 1980 1977 1981
f 1981 1977 1041
f 1981 1041 1031
f 1042 1981 1031
f 1042 1031 1030
f 1044 1047 1982
f 1044 1982 1983
f 1047 1028 1978
f 1047 1978 1982
f 1982 1978 1975
f 1983 1982 1975
f 1983 1975 1974
f 1045 1044 1983
f 1045 1983 1984
f 1984 1983 1974
f 1984 1974 1980
f 1045 1984 1980
f 1045 1980 1042
f 1032 1979 1040
f 1979 1978 1985
f 1040 1979 1985
f 1040 1985 1027
f 1027 1985 1978
f 1027 1978 1028
f 1031 1041 1979
f 1031 1979 1032
f 1017 1045 1015
f 1015 1045 1042
f 1589 1582 1115
f 1112 1589 1115
f 1112 1115 1986
f 1112 1620 1589
f 1120 1109 1108
f 1120 1108 1119
f 1119 1108 1121
f 1121 1108 1110
f 1110 1108 1622
f 1987 1114 1100
f 1987 1100 1109
f 1987 1109 1120
f 1986 1115 1114
f 1986 1114 1987
f 1110 1622 1049
f 1110 1049 1620
f 1110 1620 1112
f 1113 1112 1986
f 1118 1869 1988
f 1110 1112 1989
f 1986 1987 1113
f 1113 1987 1124
f 1121 1110 1111
f 1110 1990 1111
f 1990 1123 1991
f 1990 1991 1121
f 1990 1121 1111
f 1870 1741 1875
f 1118 1992 1116
f 1992 1875 1116
f 1875 1992 1993
f 1993 1617 1876
f 1875 1993 1876
f 1875 1876 1870
f 1993 1992 1871
f 1993 1871 1958
f 1617 1993 1958
f 1992 1118 1988
f 1992 1988 1869
f 1992 1869 1877
f 1992 1877 1871
f 1123 1124 1119
f 1123 1119 1991
f 1991 1119 1121
f 1112 1990 1989
f 1112 1113 1123
f 1112 1123 1990
f 1989 1990 1110
f 1987 1120 1119
f 1987 1119 1124
f 1546 1309 1310
f 1546 1310 1545
f 1306 1308 1546
f 1309 1546 1308
f 1554 1545 1994
f 1547 1305 1306
f 1547 1306 1546
f 1553 1543 1305
f 1553 1305 1547
f 1563 1497 1560
f 1497 1508 1560
f 1562 1496 1563
f 1563 1496 1494
f 1563 1494 1497
f 1569 1545 1496
f 1569 1496 1562
f 1995 1994 1545
f 1995 1545 1569
f 1995 1554 1994
f 1996 1544 1995
f 1995 1544 1554
f 1560 1508 1568
f 1560 1568 1544
f 1560 1544 1996
f 1545 1555 1546
f 1553 1546 1559
f 1553 1559 1543
f 1543 1559 1544
f 1554 1552 1545
f 1544 1559 1551
f 1544 1551 1554
f 1996 1995 1997
f 1995 1569 1570
f 1563 1571 1569
f 1563 1569 1562
f 1998 1995 1570
f 1998 1570 1563
f 1563 1570 1571
f 1560 1561 1563
f 1561 1560 1997
f 1561 1997 1563
f 1560 1996 1997
f 1997 1995 1998
f 1563 1997 1998
f 2000 1168 1167
f 1999 2000 1167
f 1904 1903 2000
f 1904 2000 1999
f 1903 1168 2000
f 1902 1904 1999
