v 5.35711098 45.93042755 10.13239574
v 6.27981281 45.32940674 10.37808609
v 6.97338629 44.62084961 10.70324230
v 7.03668499 42.19988632 6.56210279
v 5.15046883 43.69894028 5.70846605
v 7.63544226 44.64789200 14.98619843
v 7.45175982 43.77498245 12.97401619
v 7.37466431 44.63620377 12.52934551
v 7.54791927 45.49826431 14.61704350
v 7.35812855 42.74503708 11.11318302
v 7.32212162 42.75167084 9.29501820
v 7.18750668 46.25984955 14.33320045
v 5.67328835 47.51171112 14.02871323
v 4.30910206 46.39519119 10.02130699
v 4.70685148 47.93289566 14.01017666
v 3.02311730 45.89880753 8.43109894
v 3.38726902 47.34919739 11.67202282
v 3.69733763 48.12510681 14.10422897
v 7.34822845 41.69433975 9.43845367
v 7.44122791 40.37612915 7.84998322
v 8.67076015 48.89943695 21.14891815
v 8.10970783 48.43738937 19.77804375
v 7.43564558 49.06100082 19.70231819
v 7.92339325 49.52136612 21.13944054
v 7.58994293 47.42961121 17.23688126
v 7.10377550 48.39315414 18.02822113
v 6.26404095 48.92039490 17.97777176
v 6.55304527 49.58413696 19.70495033
v 6.92367411 50.15340424 21.36103821
v 3.92599225 44.16751862 5.37864971
v 2.65264630 44.53825378 5.47170162
v 9.22938919 47.35351562 21.45656586
v 8.60093117 46.92538071 20.17258263
v 8.49129105 47.72993851 19.93613243
v 9.10015869 48.18071747 21.26466751
v 8.19881058 46.24773788 18.64382935
v 8.10349369 47.05039978 18.35619354
v 6.79612923 47.74584198 16.16106796
v 5.95671082 48.29330826 16.07975960
v 6.53408718 46.93759918 14.13972282
v 5.56775570 49.94086456 19.73875999
v 5.73690319 50.45409775 21.25445175
v 5.32467175 49.30440140 18.00115204
v 4.34759712 49.46628189 18.11616516
v 4.56350803 50.07335663 19.85703659
v 4.71243334 50.55120468 21.36367035
v 7.79121351 46.36159134 16.56276703
v 7.88252783 45.53755188 16.89000320
v 11.80091095 49.27583313 31.02756691
v 12.03833389 50.10369110 30.59642982
v 10.78973770 50.07093430 31.40098763
v 11.61262131 50.85548019 30.07950783
v 10.36033916 50.72414398 31.29261017
v 8.97435093 50.41397095 32.78544998
v 9.67195320 50.00774384 32.29117203
v 9.77085114 49.40740585 32.40302277
v 5.01639366 48.69311142 16.08133888
v 4.03626490 48.86920929 16.18402863
v 8.07990170 51.47909546 32.10158920
v 8.84949207 51.65793228 31.23384094
v 8.42609596 52.00075531 31.02898788
v 7.87062645 52.08585739 31.30072021
v 9.31427860 51.75883102 30.17345619
v 8.54805946 52.13493729 30.18598938
v 7.81354189 52.40719604 30.27719879
v 7.82470608 50.86103821 23.48220253
v 8.14067268 50.14850616 22.31818008
v 6.71987581 50.78691864 22.38013649
v 8.70546341 49.90758133 33.45751190
v 8.83011246 49.53926849 33.46324921
v 7.96847105 48.48394012 34.07543564
v 8.20018005 48.81602097 34.04657745
v 7.77794313 49.60667419 34.24858475
v 7.58583546 48.60769272 34.25901031
v 8.80552006 48.91536713 33.49079132
v 8.47422886 49.30524445 33.89396286
v 8.11539555 50.31981277 33.74019241
v 7.81965065 50.59449387 33.65024948
v 7.43712044 50.48875046 33.88269424
v 6.80308008 50.47790146 34.04478455
v 6.92154169 49.64743423 34.48687744
v 6.96538162 48.57651901 34.42331314
v 7.87989473 50.97354889 33.08624649
v 7.25148964 51.36887360 32.77106857
v 6.51420784 51.54073334 32.68154907
v 8.38733768 47.12696838 32.97818756
v 8.98493576 47.71846008 32.87686920
v 8.50877380 48.24875641 33.57041550
v 8.09506798 47.93226242 33.69880295
v 9.41749477 48.22695541 32.71109009
v 10.05300903 48.44370651 22.19361115
v 10.19424629 47.57764053 22.36844444
v 9.56526184 49.20444870 22.13884354
v 10.78815842 49.56433487 23.15773010
v 11.15489006 48.61180115 22.78552055
v 11.28390980 47.69739532 22.91074944
v 9.48890305 50.14044952 23.32508659
v 9.64351654 46.33589172 31.27449417
v 10.47977448 46.85081482 31.05890083
v 9.38202763 46.90510559 32.14801407
v 11.60925102 47.45146561 30.80444145
v 10.39909840 47.86727905 31.89431572
v 10.72159481 46.36527634 29.58881187
v 11.78545475 46.73674774 29.30970764
v 9.78454304 45.87131500 29.84369278
v 9.63477421 45.42475128 28.08575821
v 10.59478664 45.91449738 27.82603455
v 11.66854668 46.26795959 27.57199669
v 10.22710705 45.57114792 25.99353218
v 11.30508041 45.96494675 25.73812485
v 9.27372932 45.06465530 26.26326180
v 8.77292252 44.76880264 24.70186043
v 9.64941406 45.30331421 24.39979553
v 10.77625656 45.94757080 23.98282433
v 8.99409866 45.87352753 31.44669724
v 8.99957561 45.37967300 30.07087135
v 8.33393955 45.54081726 31.65470886
v 8.24683762 44.96217346 30.28478241
v 8.41814423 44.70387268 28.43511200
v 3.94663548 40.96108627 17.29391479
v 3.55757499 39.99644089 15.43592358
v 4.56919527 40.11376953 15.19389343
v 4.91128206 41.07452011 17.05872917
v 3.19073772 38.97091675 13.68536282
v 4.26133823 39.08898544 13.43659210
v 5.25147295 39.48563004 13.07270336
v 5.73045206 41.21178055 16.23518944
v 7.20633268 43.03127670 16.33603477
v 7.28861570 42.82160568 13.47840500
v 7.49104500 43.70799637 15.43297482
v 6.74136162 40.89599991 12.16914368
v 7.16486216 41.81914902 11.65633011
v 3.96854258 38.09821701 12.17282963
v 5.02913761 38.45663071 11.75975609
v 2.82537484 37.98826218 12.40812016
v 2.49266171 36.61001587 11.32877731
v 3.74841905 37.00455093 11.34615517
v 4.84429693 37.03646469 10.63523006
v 6.42270899 41.56663895 15.38979244
v 6.09194422 40.10071182 12.65373135
v 7.13647795 40.20034790 9.51191616
v 6.65099478 39.83940506 10.69421101
v 6.62940407 38.38701248 9.39400768
v 6.89858103 47.04020691 33.57739258
v 7.59636736 46.49213791 32.99308777
v 6.72756433 45.15154266 32.02101898
v 7.56771994 45.28467178 31.85418892
v 8.31140041 46.23373032 32.47517014
v 5.93943787 39.06897354 11.28622723
v 5.84728098 37.92022324 10.35644245
v 5.34947491 43.48297882 23.63505173
v 4.97784567 43.29039383 21.96337509
v 5.93322372 43.43952942 21.75325775
v 6.22496653 43.65217590 22.89347649
v 4.65039873 42.72460556 20.69161034
v 5.58197403 42.84246063 20.46843147
v 6.43961334 43.20392609 20.16236496
v 6.82393408 43.83817673 21.48531914
v 7.30304480 44.14297867 22.80795479
v 8.72331524 45.55777359 21.99802780
v 8.13119411 45.15818024 20.81757545
v 8.47801971 46.03140640 20.47791100
v 9.10068512 46.44300461 21.71112823
v 7.72127962 44.48664474 19.41057587
v 8.06821156 45.35439682 19.00876999
v 5.25242090 42.04127121 18.83382988
v 4.31715918 41.92552185 19.06048393
v 7.56940508 44.41902924 21.15639687
v 8.11465836 44.80124283 22.30693626
v 7.16738987 43.75949860 19.80174255
v 7.74834728 44.61956024 17.29591560
v 7.55687141 47.77648926 33.86531830
v 6.84289217 42.97969437 18.14397049
v 10.78510380 48.57441330 31.72011375
v 9.68332767 48.79758835 32.54689407
v 12.01463604 48.39336395 30.96421623
v 9.59538364 45.78537369 22.96172523
v 10.03889561 46.65459824 22.63069725
v 11.12508392 46.76771545 23.21291924
v 12.85584450 46.88862610 28.98794937
v 12.84678745 47.49096298 30.09140968
v 12.77327251 46.44016266 27.34418488
v 13.71485329 46.74917603 27.11342430
v 13.72359467 47.15298462 28.68346214
v 13.51969051 47.53719711 29.60303116
v 5.67781734 43.48197556 25.44280243
v 6.38779449 43.64459229 24.01894951
v 6.58464193 43.62953186 25.26986313
v 7.22152567 43.94265366 23.92942619
v 7.40183735 43.92675018 25.10524368
v 8.86981869 45.07033920 23.28548622
v 7.98426914 44.36963272 23.84774780
v 13.05058575 48.28003693 30.36429977
v 13.80132294 48.13258362 29.63136292
v 13.96583557 49.03319550 29.45421028
v 11.65885735 50.71329498 26.62567520
v 11.77934647 50.96122360 28.41078377
v 12.91408825 50.76258850 28.15369225
v 12.83025169 50.53719711 26.46221542
v 12.90092278 50.63072205 29.41450310
v 13.57424831 50.42197418 28.98036575
v 13.78089046 50.43355942 27.97611809
v 13.77141094 50.20374680 26.36911201
v 6.08825827 52.63700867 30.53092003
v 6.98012686 52.59045410 30.39410591
v 6.77580166 52.61299515 28.89621353
v 5.83042908 52.66112518 29.03871346
v 7.68030930 52.39887238 28.79341888
v 7.87436533 51.96131134 26.97824287
v 6.50080538 52.35790253 27.11510849
v 5.53752804 52.40635300 27.25992584
v 10.31968498 51.34670639 30.12795639
v 10.55623913 51.27202988 28.57076836
v 9.43845367 51.66246033 28.66692734
v 10.42405891 50.99555969 26.77123070
v 9.27783680 51.37808990 26.87623787
v 10.06522655 50.58890915 24.91376877
v 8.92374420 50.99229431 25.01456070
v 11.30518532 50.27094269 24.78885651
v 8.09232998 44.34861755 26.61066818
v 8.09117126 44.31201935 24.95684433
v 12.46162319 50.09568787 24.70828438
v 12.12501335 49.46206665 23.43725586
v 13.35022736 49.79330826 24.69427681
v 12.88101673 49.38107681 23.68865967
v 6.20453405 51.97221375 25.23384285
v 5.25726557 52.02476883 25.37413216
v 7.54976225 51.57746887 25.11072159
v 5.89135838 51.22363663 22.97999954
v 4.93798113 51.28756714 23.10643768
v 9.60159779 51.23021698 31.28081512
v 8.82347679 51.00303650 32.20385742
v 8.37701607 50.70581818 33.06866074
v 10.87041473 -32.92394638 -18.03843689
v 10.71693420 -32.40230942 -16.60112953
v 11.06015301 -33.74039078 -17.64914513
v 10.69390774 -33.11699677 -15.28569221
v 10.95076275 -33.52613831 -16.53116989
v 11.48902512 -36.43353271 -17.69737625
v 11.54370022 -37.78030396 -16.75025368
v 11.65622425 -37.29919815 -17.84782410
v 11.54036999 -39.96337128 -15.83972931
v 11.65268326 -39.30707932 -17.14006424
v 11.59113503 -39.23485565 -16.28803253
v 11.65369606 -39.40047455 -18.48768997
v 11.71030712 -38.31328583 -18.01395035
v 11.50345421 -38.94271088 -15.86631012
v 11.33718967 -34.91350937 -16.96927071
v 11.14811039 -34.45721436 -16.33344078
v 10.82212543 -34.10187149 -15.16041374
v 11.12416267 -34.58606339 -15.74825668
v 11.54371357 -36.17061234 -17.41543007
v 11.39532757 -35.36285400 -17.44918442
v 11.63354015 -37.39308548 -16.80394173
v 11.61876965 -36.82643890 -17.22159576
v 11.39655209 -38.17047119 -15.58542919
v 11.04198456 -37.66976929 -14.34404850
v 11.22556210 -38.17404938 -14.53957939
v 11.21745205 -37.99552917 -14.89677906
v 11.46348476 -38.88518524 -14.14814854
v 11.39376163 -38.78502655 -14.91131401
v 10.76403999 -36.42254257 -13.90653992
v 10.77941704 -36.44444656 -13.65492439
v 10.96404648 -37.32367706 -13.80648327
v 10.87473297 -37.11303329 -14.00564766
v 10.90727806 -36.25413132 -13.26986694
v 11.23293400 -37.56465530 -13.57519531
v 10.79637337 -35.10906601 -14.45337296
v 10.64966011 -34.74902344 -14.00817585
v 10.66193008 -35.40676117 -13.57095623
v 10.74339676 -35.71561813 -14.06094170
v 10.99266815 -34.75602722 -15.08422661
v 10.96262455 -36.98796463 -14.13345623
v 10.88036728 -36.39620972 -14.06099510
v 11.11207676 -37.47365570 -14.42646313
v 10.95509338 -35.21091461 -14.59266090
v 11.29296780 -37.79694748 -14.92247868
v 11.47422791 -37.89626312 -15.53076744
v 10.88484478 -35.76691055 -14.21602917
v 11.63094711 -37.71186829 -16.16736031
v 6.47612047 -43.78300095 -25.94936180
v 5.76302290 -44.65181732 -26.28113937
v 6.41107082 -45.11025620 -26.00943565
v 5.01557732 -44.67086792 -26.51826096
v 5.87627077 -45.83300400 -26.12655449
v 6.19813585 -46.36027527 -25.84306526
v 4.42553568 -46.08238220 -26.51909065
v 4.23236132 -44.80939102 -26.70765495
v 4.48893976 -46.66744614 -26.33835793
v 3.85932326 -46.81826782 -26.37922287
v 3.72545862 -46.23815536 -26.57838631
v 3.43330789 -44.97900009 -26.78960991
v 7.85914660 -44.30311966 -24.59716988
v 7.78220844 -44.31125641 -24.92482758
v 7.42974758 -45.56867218 -24.95668793
v 7.47182369 -44.48111725 -25.30302620
v 7.36055088 -45.73134232 -25.21046066
v 7.14211273 -46.19191742 -25.10692978
v 7.11683512 -46.21972275 -25.24648094
v 6.95232201 -46.24805450 -25.44754219
v 7.18087101 -45.70248413 -25.45038414
v 6.82003736 -45.71912766 -25.71242714
v 7.03519726 -44.41769791 -25.64163017
v 9.79949856 -42.19894028 -22.66735077
v 9.05086803 -42.30131531 -23.33951569
v 8.79535580 -42.02031326 -23.83432007
v 9.34229469 -41.39685822 -23.46693039
v 8.58355331 -42.71323013 -23.81125450
v 8.42767620 -42.50942993 -24.22359085
v 8.09032917 -42.09767151 -24.59864426
v 8.55456257 -41.10700989 -24.25034332
v 8.23946476 -43.29029083 -24.18630791
v 8.14056778 -43.11966705 -24.54650879
v 7.46029091 -41.72962570 -25.06564331
v 7.67198896 -40.96253586 -24.96621895
v 6.66900492 -41.36981964 -25.58277512
v 5.71259975 -42.23864746 -26.13187218
v 5.74596071 -41.08073425 -26.05403900
v 4.78974009 -42.18999100 -26.45879173
v 4.73786926 -41.20638275 -26.44994736
v 3.87522697 -42.63876724 -26.76101494
v 2.86860943 -42.55693054 -26.83953285
v 3.79634070 -42.06644440 -26.69034386
v 3.69902301 -41.38332367 -26.74995804
v 2.64711666 -41.60629272 -26.87686920
v 10.96141338 -45.65034866 -20.15193939
v 10.68840504 -46.94041824 -20.52065849
v 10.87557602 -45.50922012 -20.87244797
v 10.47777367 -47.20838165 -21.56378365
v 10.69668674 -45.93050766 -21.49421883
v 10.31910515 -48.16615677 -20.28925323
v 9.94852924 -48.84988403 -20.32256126
v 9.88196564 -48.72439194 -21.70796967
v 10.22363091 -47.99534988 -21.63540268
v 10.06301498 -47.98661041 -22.14842796
v 10.35746861 -46.59232712 -22.07259560
v 9.78222561 -48.64792633 -22.19361115
v 9.67142677 -48.57051468 -22.48198318
v 9.80276299 -48.08550644 -22.53453827
v 9.99918938 -46.70175552 -22.50057220
v 7.74861097 -51.24930954 -20.71746635
v 6.78867769 -51.84527206 -20.91294479
v 6.28786993 -51.97055435 -21.97414589
v 7.73792076 -51.13163757 -21.92619705
v 6.05197477 -52.18837357 -20.15238762
v 5.81842232 -52.31851196 -21.30047798
v 5.14262199 -52.52099609 -20.14714622
v 5.15531349 -52.53800583 -21.30732346
v 5.13667154 -52.43563080 -21.99792099
v 6.24634695 -51.71222687 -22.53190422
v 5.08190393 -52.18233109 -22.56129074
v 4.97921467 -51.72944641 -22.95856667
v 6.17064667 -51.24678040 -22.92820740
v 7.71201134 -50.87338638 -22.47166061
v 7.98874569 -50.16683197 -22.84181595
v 7.88418674 -50.74818420 -18.08619308
v 6.41675806 -51.72196960 -18.32028008
v 6.26828003 -51.94762039 -19.00924492
v 7.71601343 -51.14627457 -19.07965279
v 5.75043678 -51.99169540 -17.99230576
v 5.05652142 -52.22230148 -17.97613907
v 5.10518026 -52.39824295 -18.98064995
v 10.20741177 -41.67443466 -22.58783150
v 6.77559137 -40.45417023 -25.69641876
v 7.73702574 -39.63634491 -25.04052353
v 8.71510029 -39.78621674 -24.23844147
v 6.70228672 -39.61035538 -25.71685028
v 9.63935566 -40.33815765 -23.32708740
v 10.39140987 -41.22260284 -22.45670509
v 10.51084518 -40.64954376 -22.14800644
v 6.87185574 -46.46586227 -25.06448364
v 6.78822994 -46.62995148 -25.23173523
v 6.32881403 -46.83290863 -25.04268265
v 6.31617546 -46.99089050 -25.22457504
v 6.35377550 -46.97193527 -25.36128235
v 6.33930683 -46.76804352 -25.55977631
v 4.07333803 -47.77627945 -25.12346458
v 5.04314566 -47.57701111 -25.41404915
v 5.68213558 -47.32413101 -25.28197479
v 5.50603676 -47.24661636 -25.06701279
v 5.49058104 -47.26678467 -25.65044403
v 7.63107109 -44.51797485 -24.39542389
v 7.19256210 -44.76559067 -24.27441025
v 6.64399099 -46.11345291 -24.74741173
v 7.15222359 -45.80643845 -24.82082176
v 6.15544033 -45.16963196 -24.18861198
v 5.23727083 -46.59955978 -24.64768791
v 5.76576138 -46.76929474 -24.83414459
v 6.88420486 -43.58794403 -22.89438438
v 6.01432228 -43.77476883 -23.10707092
v 4.83338308 -44.37129211 -23.39304543
v 3.57047701 -44.70600510 -22.91067123
v 3.53466749 -44.58077621 -23.11462784
v 3.37452507 -44.83694839 -23.39807510
v 4.13879585 -45.02581024 -23.71606445
v 4.07595825 -45.76815414 -24.09096527
v 7.39872694 -46.68881607 -22.98708916
v 4.76881409 -45.58399963 -22.81778336
v 4.76529884 -47.50175095 -22.98649597
v 5.31487703 -44.63586044 -22.80965424
v 7.09274292 -49.97927856 -23.10470009
v 6.66629267 -49.19173431 -23.16652489
v 4.99114275 -50.94874573 -23.16117859
v 7.07117796 -47.96659851 -23.11849785
v 4.75823545 -47.21532059 -25.99804115
v 4.08987379 -47.83283997 -25.56413269
v 4.71622515 -47.62514114 -25.63512039
v 4.17571115 -47.58638382 -25.87322807
v 10.91162205 -46.55501556 -19.44159317
v 10.62820053 -47.41499710 -19.08973694
v 10.38019276 -48.05369949 -19.41663170
v 9.92483139 -48.78771591 -18.66333961
v 10.32055378 -48.09967041 -18.77255821
v 10.49673176 -42.83582306 -21.87374687
v 10.48016930 -43.81268692 -21.96542931
v 10.03407764 -43.63946152 -22.36004639
v 10.82828617 -43.61257553 -21.25213432
v 10.73852539 -44.15011215 -21.54680061
v 10.92765808 -44.57537842 -20.89978027
v 9.36672878 -48.93640518 -22.62090302
v 9.40833187 -48.37545776 -22.79026031
v 8.88709164 -49.42415237 -22.74181175
v 8.88898754 -48.78579330 -22.94740105
v 8.90046787 -47.96207047 -23.01249123
v 9.47489548 -47.61208344 -22.83302116
v 8.27664375 -49.23720551 -23.03639984
v 8.86900234 -46.16867828 -22.89907265
v 9.52239513 -45.89096069 -22.72862053
v 8.05220222 -45.34997177 -22.86209106
v 8.20202351 -43.57276154 -22.75850677
v 8.42177773 -42.99001694 -22.85808754
v 9.35714531 -43.13367462 -22.60952759
v 9.14502621 -42.63918686 -22.78868103
v 8.76449680 -42.62675858 -23.15604591
v 7.79479504 -43.10602951 -23.11654854
v 7.54275846 -43.37876129 -23.43920326
v 8.36859035 -42.96431732 -23.57322693
v 6.98981667 -44.01311493 -23.74953651
v 7.59394503 -43.75654984 -23.81431007
v 8.03766727 -43.50904465 -23.94859505
v 9.41127968 -49.38681412 -18.44935036
v 8.87082005 -49.96182251 -18.32517624
v 8.93630314 -50.14131546 -19.67377472
v 9.47068214 -49.51897049 -19.70023727
v 8.29307461 -50.52287292 -18.48700523
v 8.35052776 -50.70905685 -19.64823532
v 9.46689129 -49.44753265 -21.47641754
v 8.95607758 -50.14308167 -21.21600914
v 8.93596077 -50.04281616 -21.84773254
v 8.37174988 -50.73467636 -21.24613190
v 8.35795307 -50.62451172 -21.89428520
v 8.33541393 -50.37805557 -22.43048096
v 8.90720844 -49.82648468 -22.36844444
v 9.39674568 -49.24921036 -22.28029060
v 3.88352108 -46.97996521 -24.59480095
v 8.47736168 -50.34369278 -17.65264130
v 8.53234005 -50.43651199 -17.40897942
v 9.49638081 -49.39750671 -17.90825844
v 10.12578678 -48.77673721 -17.88477135
v 9.58938026 -49.46290970 -17.65664291
v 9.60581112 -49.47291565 -17.39892006
v 8.94586182 -50.08742142 -17.18406296
v 10.17781544 -48.75240707 -17.58765793
v 10.13768768 -48.64592743 -17.12308121
v 9.49332619 -49.48302841 -17.10138512
v 7.78875494 -50.92267609 -16.98003387
v 6.25877476 -51.77534103 -17.34836578
v 5.06294584 -52.27280426 -17.27959061
v 6.27746964 -51.87955475 -17.08018875
v 5.08516884 -52.37686157 -17.00196075
v 5.74322224 -51.98537827 -16.59249306
v 5.04427767 -52.21600723 -16.55636787
v 11.15204716 -44.36826324 -20.47338295
v 11.16152573 -45.37166595 -19.86862183
v 10.81859589 -42.96410370 -21.47757721
v 11.21458149 -43.10115814 -20.89740944
v 11.38351917 -44.03376007 -20.15524292
v 11.33225346 -45.24317551 -19.69326019
v 10.81448936 -42.30531693 -21.77347946
v 10.97062874 -41.97339249 -21.49026871
v 11.43594265 -45.00577927 -19.26096535
v 10.94024372 -47.15856552 -18.64298630
v 10.57972527 -48.00872803 -18.21916962
v 11.19796753 -46.22983170 -19.13294601
v 11.27185059 -46.11092377 -18.73872375
v 11.01502323 -47.04871368 -18.27462196
v 10.69234180 -47.80010986 -17.70701408
v 4.67599201 -40.64270020 -26.65358734
v 5.73721886 -40.51304626 -26.22955894
v 2.51930833 -41.05124283 -27.10952568
v 3.59949327 -40.82332611 -26.97418785
v 3.47384381 -40.19160461 -27.02637482
v 4.57414532 -40.01044846 -26.69718933
v 2.37243652 -40.42141342 -27.16592789
v 5.66201925 -39.87795258 -26.26394653
v 10.76672554 -46.39397812 -16.01151085
v 11.10237408 -46.31119537 -17.09711838
v 11.35277748 -44.90867233 -17.02191925
v 10.39119911 -47.98260498 -16.74181557
v 11.25220776 -46.09723282 -18.03443527
v 8.10302067 -46.54353333 -13.19105911
v 9.31925488 -46.95248413 -14.62344837
v 7.84587574 -48.43349075 -14.46759129
v 8.60567093 -48.01009750 -14.81030941
v 9.29900742 -47.94879913 -15.40253639
v 8.48128510 -49.96139908 -16.65544891
v 8.77845097 -49.58440018 -16.56692696
v 8.92621899 -49.10284042 -16.32587051
v 8.39660549 -49.48545074 -16.54117584
v 8.26874447 -49.76297379 -16.63228035
v 9.33155155 -48.54397583 -15.98296738
v 9.72751045 -48.66030121 -16.43743324
v 10.41758156 -45.61333084 -14.86981678
v 6.26459408 -35.74368668 -25.52842903
v 5.12108374 -35.97317123 -26.08156776
v 4.15896511 -37.54877853 -26.63204765
v 3.79623532 -35.35488892 -26.49770927
v 3.14660764 -38.60581970 -27.00562668
v 1.98727298 -38.83958435 -27.15133858
v 2.54297280 -35.62144852 -26.83562851
v 1.27962589 -35.86345291 -26.99026299
v 5.45237494 -30.48405266 -24.79528046
v 4.37748241 -31.57924461 -25.59009552
v 5.77408171 -32.41871643 -25.18497276
v 3.22781110 -32.37648392 -26.15670204
v 2.79704309 -30.10815620 -25.88589287
v 1.28337801 -29.34306908 -26.15567589
v -0.02964821 -29.87002182 -26.38533211
v 2.43099570 -36.33080673 -7.70937824
v 2.38207340 -37.00265503 -8.06126022
v 3.25008655 -36.76689148 -7.52680206
v 2.86360669 -37.49335098 -8.27832890
v 3.32323313 -37.15937424 -7.86441278
v 3.65657806 -36.98833084 -7.54412746
v 3.40117145 -36.33839035 -7.23353243
v 3.52460909 -37.70104980 -8.50350761
v 3.82498813 -37.32978821 -8.02882099
v 4.31105042 -37.46028137 -8.44905663
v 4.48430538 -36.98559570 -7.67167282
v 4.04447985 -37.03109360 -7.56003141
v 3.54435730 -34.48477173 -7.82891893
v 2.69793487 -34.49777603 -7.81922913
v 3.22317696 -34.98257446 -7.53001451
v 2.20260429 -34.98594666 -7.74803162
v 2.84949350 -35.35952377 -7.49409962
v 3.30258989 -35.58343887 -7.24101019
v 3.64499259 -35.42535019 -7.20772839
v 4.06006765 -35.26020432 -7.29167032
v 5.33899546 -36.82434464 -9.03201485
v 5.51435709 -36.16481781 -9.02580070
v 5.30571365 -36.18282700 -8.42672825
v 5.15731478 -36.66572952 -8.43999863
v 5.36774874 -35.55184555 -8.62547112
v 5.10697079 -35.88634491 -7.76835871
v 5.13877821 -36.30005264 -7.86441278
v 5.08085060 -36.60622406 -7.99227381
v 10.01756763 -36.06339264 -22.26886368
v 9.34950924 -36.42728043 -23.20796967
v 10.19840622 -38.64220810 -22.30899239
v 8.48865795 -37.07401276 -24.16708565
v 8.40439987 -34.93865585 -23.99156570
v 7.49699593 -37.03535843 -24.95858192
v 7.49216413 -34.29740143 -24.55584335
v 10.89474487 -33.76041794 -21.31048393
v 11.74322033 -33.03948593 -22.15706444
v 12.00850105 -32.40684128 -22.06972504
v 12.45614719 -32.48896408 -22.81511688
v 12.20268917 -31.62974739 -22.13252258
v 10.84461117 -32.29928207 -20.65896034
v 10.41215801 -30.96484756 -20.66190910
v 11.37459278 -30.77779579 -21.64719772
v 11.44141960 -30.42670250 -22.20672417
v 12.17651653 -30.57641983 -22.41720963
v 11.45711231 -30.27677727 -22.90685081
v 9.75073433 -30.45698357 -21.69448853
v 7.43648815 -32.31966019 -24.13893890
v 7.56224298 -30.18335724 -23.13708687
v 7.51253080 -31.18802452 -23.62925720
v 6.63277435 -31.12767601 -24.26435089
v 6.53661489 -30.11594963 -23.96260262
v 9.29658508 -32.99682999 -7.26091623
v 10.27397537 -32.63557434 -6.88091326
v 9.13386154 -32.54531479 -7.90169668
v 10.69989872 -32.42292786 -7.20214605
v 9.57000160 -32.28474426 -8.28001404
v 8.46780396 -32.25441360 -9.40317059
v 7.89695740 -32.55458069 -8.95976448
v 7.48367262 -33.13069534 -8.66075420
v 11.54500389 -32.37490082 -24.22074699
v 11.25942230 -33.02529526 -23.70637894
v 10.64576244 -32.90109253 -23.85127640
v 12.37420654 -32.51845551 -23.74943161
v 11.40102863 -33.36798477 -23.12655449
v 10.41731834 -34.15305710 -22.48798561
v 9.51934147 -33.58947754 -23.43556976
v 11.19314861 -39.23411942 -20.30476189
v 10.86272621 -39.71149063 -21.25281906
v 10.85882950 -35.22334290 -20.36911392
v 10.74410725 -36.39070892 -20.89575005
v 9.31680679 -41.19500732 -11.24641514
v 10.06654263 -41.27500153 -11.67491913
v 10.11643887 -40.93236160 -11.40961170
v 9.63135147 -40.72605896 -11.01718140
v 10.15893650 -40.69033051 -11.17082024
v 12.56199551 -30.55588150 -23.71793938
v 12.18167686 -30.59379768 -24.11237144
v 11.67665672 -30.30384445 -23.71298981
v 12.71797752 -31.12683296 -23.87845039
v 12.32175541 -31.12957191 -24.28320312
v 11.54194927 -31.29703331 -24.36230087
v 11.43957615 -30.78379822 -24.18441200
v 11.23230267 -30.51059341 -23.87550163
v 11.71762753 -40.83427811 -18.68637848
v 11.63729286 -42.78795624 -18.75504875
v 11.51394653 -41.35611725 -19.70393753
v 11.41946030 -41.69297409 -20.20428276
v 11.21492386 -41.71940994 -20.83253098
v 11.72447300 -41.44198990 -14.85570335
v 11.66854668 -42.63150024 -15.02485085
v 11.59661198 -42.67278671 -15.83088207
v 11.67170715 -41.62119675 -16.12594223
v 11.43662739 -43.67587280 -14.86539364
v 11.52602673 -43.40345764 -16.70256996
v 11.06620884 -44.90509033 -15.42707729
v 11.71562672 -40.84391785 -17.46521950
v 7.50721216 -49.84394073 -15.49748516
v 6.43735218 -50.09854126 -14.93392181
v 7.03347254 -51.00308990 -16.27729225
v 7.63365173 -50.55025864 -16.30841446
v 4.76469994 -51.06731033 -15.02990627
v 8.07639980 -50.54944229 -16.70405579
v 8.13835621 -50.34603882 -16.58804321
v 9.21043110 -49.57529068 -16.78710365
v 8.46380138 -48.21547318 -15.11827183
v 8.89309502 -48.21810532 -15.53208351
v 7.98700762 -48.52227783 -14.92932415
v 8.02155304 -48.52901840 -15.20495224
v 8.33646679 -48.34301758 -15.39253139
v 8.66380882 -48.31173706 -15.63277149
v 0.11574916 14.91299915 -21.55483055
v 0.31712529 17.56627655 -20.45400238
v 2.22124624 17.15109634 -20.31782150
v 2.23040938 14.43388844 -21.37662506
v 0.51481515 20.11181068 -19.18802834
v 2.20270967 19.75424194 -19.08565521
v 3.85184550 19.43079758 -18.75610352
v 4.09640360 16.79173660 -19.92612839
v 4.32937670 14.02502728 -20.91563034
v 0.62814194 23.05999184 -17.56985855
v 2.13119578 22.75845337 -17.50276756
v 0.68217224 25.67324638 -15.86079407
v 2.04188251 25.41857719 -15.81708527
v 3.40117145 25.11882973 -15.57558155
v 3.61118412 22.44785881 -17.22629738
v 5.07758570 21.97295952 -16.93423843
v 6.10663700 18.99413109 -18.14918327
v 4.81090975 24.52123260 -15.38020897
v 6.33608150 23.87866020 -15.02622032
v 6.40148640 21.42233467 -16.68009567
v 6.21654081 14.42949104 -20.06912994
v 7.98584890 14.83448124 -19.18076134
v 8.68202877 10.65450478 -20.46137619
v 9.40074825 6.71396446 -21.22160339
v 6.86985445 7.62975454 -22.03231049
v 4.57277632 9.10005283 -22.46112823
v 4.48209381 11.58523750 -21.74872971
v 7.04890203 2.83416915 -22.98500252
v 4.59152365 5.78508806 -23.22234535
v 2.09940171 7.58289909 -23.50094795
v -0.65057558 5.54237270 -24.50174713
v -0.34903795 8.86239338 -23.57080460
v 2.21598029 12.00252438 -22.25259018
v -0.07509477 12.47657967 -22.46397209
v 9.28973866 2.21534824 -22.17928696
v 9.51102066 0.19284505 -22.49535942
v 4.54149532 1.49236357 -24.18578148
v 9.82424927 -1.97584546 -22.60426140
v 7.27808380 -3.23987055 -23.94290733
v 10.60279083 -4.81859827 -22.65418434
v 4.46397877 -2.98614907 -24.98559761
v 1.66166925 -0.35261887 -25.38418961
v 1.49536538 -3.81645703 -26.00037766
v -1.41058087 -3.53545737 -26.42766953
v -1.14843380 0.57771885 -25.65015602
v 9.08499241 -7.57509232 -23.66327667
v 6.79791927 -6.87132931 -24.57694817
v 8.30455399 -9.76590061 -24.16766548
v 6.25593138 -9.19431686 -24.96316528
v 3.82888508 -8.84517384 -25.81817055
v 4.14506245 -6.50438643 -25.54433250
v 7.74497700 -11.89414692 -24.43234062
v 5.78703642 -11.43336201 -25.19360924
v 7.30989075 -13.92044258 -24.47162628
v 5.40608597 -13.56634903 -25.19266129
v 3.20632529 -13.31146908 -25.92601967
v 3.49290729 -11.11834335 -25.98531723
v 0.92209631 -10.91728306 -26.58744431
v 1.12515759 -8.59703445 -26.50129128
v 0.75652975 -13.16612434 -26.45768738
v -1.80259037 -13.09397793 -26.70045471
v -1.76119876 -10.81206608 -26.88255692
v -1.66630340 -8.45548153 -26.84906387
v 1.29851806 -6.21074772 -26.31465912
v -1.57193458 -5.99431086 -26.71235657
v 6.84900093 -15.84836578 -24.40200806
v 5.01723623 -15.57979393 -25.02214432
v 5.93796349 -17.62143898 -24.27396202
v 2.75343966 -16.71935463 -25.37673759
v 5.28475475 -19.20440674 -24.04201508
v 6.16682863 -21.03675079 -23.17510796
v 4.15759611 -20.61040688 -24.04601860
v 2.31003308 -20.28717232 -24.71060181
v 0.47331822 -17.99883652 -25.54633331
v 0.42971480 -20.23208809 -25.14484596
v -1.46008241 -20.24040985 -25.32220840
v -1.67820477 -17.96523666 -25.73886299
v 0.61687243 -15.24950409 -26.14582825
v -1.78984630 -15.19168186 -26.36184311
v 5.21471548 -23.06991768 -23.50155449
v 3.73957205 -22.45449257 -24.17903900
v 2.10036278 -23.16541862 -24.87385178
v 3.55346751 -25.01732635 -24.55930710
v 4.98816729 -25.48882675 -23.91225815
v 0.53827572 -23.94831848 -25.34847260
v -0.90872037 -25.12027931 -25.64028168
v -1.20920479 -23.00448608 -25.33874321
v 0.40454277 -21.64688301 -25.11156273
v -1.35633993 -21.70365143 -25.26512337
v 10.07291508 -23.77449799 -18.92103767
v 9.28610516 -24.50422096 -19.65165901
v 8.57881355 -24.22243309 -20.61398697
v 9.26056480 -23.44462776 -20.15667725
v 7.63386250 -23.81188774 -21.66563034
v 8.37596321 -22.91843796 -21.22475052
v 8.94607258 -25.42742538 -20.03397751
v 8.20376110 -25.26143646 -21.00209999
v 8.96566200 -26.34888840 -20.06399536
v 8.06083870 -25.89758301 -21.27667427
v 7.21262598 -25.44174957 -22.15466690
v 6.31164646 -24.84933662 -22.92257309
v 7.39056778 -22.18507957 -22.15769577
v 16.29493141 -19.03815651 -10.62848949
v 16.58477974 -18.96664238 -10.87083626
v 16.84134483 -18.81466103 -10.45660400
v 16.38319206 -18.91903687 -10.25259495
v 16.89295197 -18.63898468 -11.14067173
v 17.15141296 -18.50174904 -10.70400620
v 17.19880867 -18.29795074 -10.37403107
v 16.96077919 -18.45972633 -10.10251045
v 16.48303795 -18.54566956 -9.85163307
v 11.08445644 -26.10580635 -17.39883995
v 11.23343468 -26.06249237 -16.73475838
v 12.09657669 -25.87767792 -16.58699036
v 11.53152275 -25.82333183 -16.30241013
v 10.83039284 -25.82111931 -15.88417530
v 11.53225994 -24.90286827 -15.39421654
v 11.99072742 -24.60454178 -15.67595387
v 11.45642757 -24.21758842 -14.95986748
v 12.48226643 -25.23226357 -16.33474350
v 12.57316017 -24.83888435 -16.31652260
v 12.50522709 -24.57937050 -16.31747055
v 12.06529617 -24.37272835 -15.80929184
v 11.60893440 -23.91562843 -15.09899807
v 10.57398510 -25.08265305 -18.60954666
v 11.36411285 -25.62895966 -18.40148163
v 10.03226089 -25.47366142 -18.73345757
v 11.89730740 -25.35138130 -18.29563332
v 11.62905121 -25.91306496 -18.21063805
v 10.95456791 -25.84428978 -18.33670998
v 10.08070850 -25.83091354 -18.54092979
v 0.73504400 27.92429924 -14.31866550
v 1.98585105 27.71154785 -14.27169228
v 0.76527148 29.87328720 -12.83320045
v 1.93814003 29.69360733 -12.77306175
v 3.16975212 28.90943146 -12.92017078
v 4.38201141 28.52882195 -12.66434288
v 5.53218317 28.20540428 -12.26311684
v 6.53440332 28.18357658 -11.51427650
v 7.65287304 23.82078552 -14.11297131
v 7.58001614 27.61430931 -10.96099186
v 9.08141136 24.78411674 -11.82250214
v 7.94687986 29.59426880 -8.53049755
v 8.92090034 27.56525612 -9.15260887
v 9.50343704 25.64417839 -10.36002350
v 10.56034660 23.18005943 -11.21176434
v 9.46074295 27.24340439 -8.34672260
v 9.85402870 26.60724449 -8.29672050
v 10.03626251 26.32656097 -8.17174339
v 9.94410610 25.88978958 -8.66886425
v 9.20674515 28.65281296 -5.84348917
v 9.70918465 28.06148148 -6.28931856
v 9.52092075 28.23152542 -6.64267445
v 9.15892887 28.68525314 -6.48142624
v 9.82045746 27.92472076 -6.80276442
v 9.75747490 27.86342239 -7.11293840
v 9.51681328 28.06732750 -7.11441278
v 8.98498917 28.92375374 -6.99671507
v 5.60704088 5.94080687 7.12378645
v 5.80789042 7.19240379 7.25644016
v 5.39924002 6.59770203 7.85409117
v 5.73105764 8.37617397 7.27602959
v 5.42525434 7.66219378 8.45147896
v 5.28896761 7.03415728 8.43936634
v 3.48511338 11.18427563 6.68511915
v 2.63874364 11.04430199 6.96759367
v 3.08183432 10.53190899 7.75087500
v 3.75042009 10.66345692 7.53370094
v 1.95362246 10.51010799 7.26955271
v 2.53510666 10.09650707 7.97163057
v 2.94607401 9.89091778 8.54110813
v 3.41159844 10.09355831 8.53668499
v 4.01667452 10.18223953 8.37617302
v 1.93566501 8.40116119 8.40845394
v 1.52116930 7.03426266 8.18511868
v 2.52204657 7.56566620 8.96560955
v 1.95183194 6.00041914 8.24273014
v 2.53805566 6.63877773 8.72310448
v 2.94891787 7.06280470 9.14386749
v 2.76829004 5.42030430 8.10665417
v 3.18146920 6.17978334 8.63968945
v 3.95248079 5.82724333 8.28838730
v 3.47531843 6.90545368 9.19305325
v 1.80090523 15.26972580 5.72710800
v 2.42472887 14.83158493 5.69519567
v 2.75164914 15.51091385 5.86887169
v 2.26979995 15.84931374 5.89004183
v 3.23886991 14.74164009 5.50287724
v 3.37125993 15.43044758 5.72331667
v 3.50638843 16.05574608 5.97366762
v 2.98493791 16.09787369 6.09426165
v 2.59640408 16.18792534 6.07540894
v 3.00800347 19.33621788 4.38151121
v 2.40313792 19.19750786 4.61153460
v 2.74690962 18.73409081 5.05599451
v 3.21875334 18.86068726 4.87262869
v 1.90338373 18.70997238 4.86230707
v 2.35016084 18.34913826 5.25189400
v 2.66180921 18.25698090 5.55796051
v 2.99536490 18.43571281 5.51193476
v 3.41654849 18.52944946 5.37090826
v 4.69239569 17.34754944 4.56303406
v 4.61522102 18.24634361 3.94589829
v 4.44828510 18.01579285 4.57793713
v 4.19245768 18.92640877 3.96791053
v 4.12147045 18.50764656 4.57519865
v 4.10398674 18.35598373 5.02429295
v 4.27618885 17.97566414 5.15078497
v 1.59900248 17.93501091 5.10570669
v 2.10433865 17.79735374 5.45716715
v 1.86602068 17.04982948 5.59400702
v 2.59145403 17.86328506 5.76449776
v 7.32747984 15.62708378 3.34882641
v 8.03545570 15.15534592 3.13323164
v 8.22988129 15.92567253 3.00273752
v 7.70126820 16.27702713 3.15914106
v 8.82084370 15.43055248 2.68271589
v 8.80946922 16.51768875 2.70593929
v 8.35152817 16.57108688 2.96661186
v 7.78210306 16.83713150 3.09363055
v 7.52527475 19.88705254 1.50874126
v 7.03173494 19.73296738 1.94393277
v 7.51147795 19.17939377 2.14393973
v 7.87915754 19.30809593 1.81617689
v 6.67890549 19.25712013 2.35711193
v 7.23985147 18.82161331 2.45548296
v 7.62401485 18.47068024 2.63632131
v 7.87146902 18.80992317 2.37807107
v 8.19607258 18.89449692 2.12034750
v 6.55357170 18.50459290 2.70625520
v 7.13347626 18.29795074 2.73121667
v 6.90008211 17.57817841 3.01690316
v 7.70074177 17.72583961 2.92553616
v 9.91924953 15.64277649 1.48241067
v 9.78396320 16.70921707 1.22684622
v 9.59538364 16.29703903 1.78120995
v 9.50686073 17.64969254 1.07776260
v 9.39453411 17.14941216 1.88758540
v 9.42623615 16.68199158 2.02071285
v 9.68248558 11.21408176 3.73936129
v 8.89762402 11.05736160 4.27503014
v 9.50027752 10.38024521 4.60932302
v 10.08334160 10.51179314 4.21436453
v 8.30813503 10.51695347 4.75192928
v 9.05234241 9.97327995 4.95678139
v 9.57726860 9.67469120 5.14130592
v 9.98476028 9.81687641 4.97215843
v 10.47819519 9.88417721 4.66261625
v 8.94280720 5.96239805 5.41377449
v 9.81677151 5.37080288 5.03608894
v 10.18192387 6.22201729 5.16047430
v 9.51807690 6.67342854 5.43157387
v 10.87999916 5.62278652 4.59989691
v 11.03914165 6.90555859 5.02313423
v 10.43901539 6.99697876 5.34963322
v 9.93220425 7.13589859 5.50382519
v 8.07705784 9.56020641 5.17753649
v 8.87224102 9.28205013 5.28412294
v 8.70701694 8.38351917 5.49682093
v 9.61455250 9.17483234 5.36943388
v 12.28299713 5.93006420 3.17830968
v 12.33860779 7.16186047 3.14723945
v 12.00684166 6.63656569 3.76400661
v 12.15979576 8.27427387 3.16309047
v 11.91489601 7.65998220 4.16096640
v 11.86181355 7.09355927 4.20751858
v 17.12345123 -3.91045737 -1.58225620
v 17.13424492 -3.52260804 -0.53598493
v 16.09324074 -4.12694693 -0.98834401
v 18.50385666 -3.02780414 -0.57295305
v 18.08372498 -2.96482134 -0.00084258
v 17.60682678 -2.80947113 0.32607770
v 16.73475838 -3.12670159 0.06761689
v 15.61476135 -3.64067435 -0.19094925
v 17.56711960 0.77706760 -2.74195957
v 18.24444771 0.20306130 -1.92665994
v 18.42770767 -0.49996474 -2.29760504
v 17.76470375 -0.15524501 -3.22581005
v 18.83067131 -0.14186907 -1.33843517
v 19.08038902 -0.67785400 -1.39551985
v 18.64209175 -1.40373504 -2.23367429
v 16.57982826 -2.36953998 0.53798604
v 15.40011406 -2.65896559 0.39422119
v 17.73510933 -2.24062562 0.65205008
v 17.15794373 -1.43485773 0.81345642
v 15.37957668 -1.42395687 0.70492184
v 12.76094913 -3.91682935 2.46443534
v 13.14200592 -2.76381373 2.73927379
v 12.64699078 -3.40380454 3.25372028
v 13.23226643 -1.67351794 3.03825736
v 12.81687546 -2.52899790 3.94168520
v 12.61149693 -3.09721160 3.85289860
v 9.25693130 -1.74076617 5.71552277
v 8.71425819 -3.01642942 5.39460564
v 9.92772770 -2.65022373 5.55811834
v 9.14186573 -4.08523941 4.91033411
v 9.86227036 -3.52292395 5.12792969
v 10.39161968 -3.16451240 5.33172846
v 12.80602741 0.62361306 3.11248326
v 12.05507946 1.15759683 3.75168395
v 12.10521317 0.38158253 4.24058962
v 12.67837715 -0.02717314 3.73472714
v 11.23630524 0.90545541 4.64181519
v 11.65327549 -0.23528992 5.12129450
v 12.25434971 -0.30248550 4.64260483
v 12.63140297 -0.43203187 4.20425367
v 11.18195820 -4.42348194 3.91625023
v 12.00494671 -4.54170609 2.97156215
v 12.07214165 -3.88670707 3.65826321
v 12.23338985 -3.28247333 4.25196457
v 11.62399578 -3.38737440 4.71053791
v 2.08854032 0.50038600 8.37806892
v 1.60026634 -0.43466493 8.47644043
v 2.29149628 -0.83531076 8.90225792
v 2.67950344 -0.14049989 8.80630970
v 1.95409644 -1.69471407 8.77613449
v 2.96029258 -1.05290651 9.33070946
v 3.08488870 -0.51966000 9.18494320
v 3.89997768 1.15580642 7.91286087
v 2.89983749 1.01256812 8.19112206
v 3.31417537 0.25403726 8.67665768
v 4.08587170 0.37557915 8.46864605
v 3.59991455 -0.39042959 9.18768120
v 4.27355576 -0.33039591 9.02221966
v 1.88516295 -3.87280464 7.97668600
v 2.66191459 -4.44207144 7.66114044
v 3.13575935 -3.85131884 8.27811813
v 2.52920866 -3.39927578 8.50498295
v 3.78991604 -4.32142448 7.67025089
v 4.14527321 -3.43097758 8.71878624
v 3.47036815 -3.32418084 8.90952492
v 2.96619058 -3.12891340 8.94449234
v 5.55922461 -3.99118686 6.72377253
v 6.09141779 -3.00147367 6.73040771
v 5.79040670 -2.74775219 7.55286932
v 5.35974407 -3.49037933 7.54497004
v 6.03857231 -1.81559765 7.45018005
v 5.49223948 -2.65728045 8.33488750
v 5.26906157 -3.19905806 8.17479706
v 16.14811325 -12.50838661 -5.53837061
v 16.52716827 -11.60746002 -5.59556055
v 17.20238876 -11.58302498 -4.53496552
v 16.89537430 -12.22970390 -4.49652290
v 16.81733131 -10.47335052 -5.39808130
v 17.42967415 -10.77825832 -4.39994240
v 18.06402969 -11.07621479 -3.44761872
v 17.86339188 -11.71910191 -3.59380579
v 17.52867699 -12.14839554 -3.75958323
v 15.14986897 -8.66391373 -1.51569259
v 14.79777622 -9.57610989 -1.38330245
v 15.91503525 -10.10746098 -1.44470537
v 16.15517044 -9.45298767 -1.57383037
v 15.17414570 -10.82902336 -1.58151901
v 16.92612839 -11.12561035 -1.52748859
v 17.00132942 -10.45744610 -1.43143475
v 16.93803024 -9.93041420 -1.51348078
v 16.23036957 -7.89927435 -2.80315185
v 15.67152977 -8.09801769 -2.03861761
v 16.56192398 -9.03528023 -1.94551265
v 16.97836876 -8.87413692 -2.49034476
v 17.38069916 -9.83088398 -1.73076057
v 17.74195480 -9.74652100 -2.16416168
v 14.48855019 -12.77116585 -2.76944852
v 14.84411812 -13.23605824 -3.57906079
v 15.97180367 -12.77822208 -3.06319237
v 15.68753910 -12.40727711 -2.47075462
v 15.32596779 -13.30767727 -4.40204906
v 16.32821465 -12.85731888 -3.66426659
v 17.31539917 -12.47226143 -2.93543649
v 16.99048042 -12.41285896 -2.47686338
v 16.59152031 -12.24339581 -2.18680596
v 12.25487614 -8.95049572 1.21973705
v 11.58871269 -8.51783180 1.97226453
v 11.52583504 -9.38526630 2.33373046
v 12.03369904 -9.71334457 1.74171412
v 10.65987587 -8.47464943 2.75670457
v 10.81964970 -9.33902931 2.94080782
v 10.99185181 -10.13284302 3.13870835
v 11.57670593 -10.14600849 2.62968612
v 11.92742920 -10.20404148 2.15341878
v 9.98439121 -13.73591805 1.29520035
v 10.72770309 -13.76119518 0.35514665
v 10.88379097 -13.28924561 1.12178731
v 11.51182747 -13.15896225 -0.03896923
v 11.47507000 -12.81266308 0.81013876
v 11.49971581 -12.65689087 1.42501009
v 11.13077164 -12.88196468 1.78658140
v 10.55581760 -13.01582909 2.21440029
v 12.29194927 -11.18601322 0.81598413
v 12.53398037 -9.85595131 0.64594138
v 12.14792156 -10.56455898 1.66635609
v 8.70614815 -9.22475529 3.72977686
v 8.13340569 -10.18750572 3.75147343
v 8.87835026 -10.64302444 3.70618463
v 9.31828117 -9.93683815 3.66342402
v 8.47443962 -11.50308514 3.49970055
v 9.63361549 -10.92591953 3.70576334
v 9.76821804 -10.37687492 3.68691087
v 3.29163647 -8.65464592 6.41402006
v 2.24926209 -8.78956318 6.67574549
v 2.61515164 -9.75336742 6.94273758
v 3.38916469 -9.63888168 6.76010895
v 1.39994335 -9.30027103 6.75378942
v 1.97616148 -10.13442326 6.98391867
v 2.36922407 -10.67030239 7.23521757
v 2.86455464 -10.58899403 7.26481295
v 3.49806786 -10.53791237 7.12483978
v 1.00677538 -13.67988586 5.17069054
v 1.74761212 -14.20997334 4.72517776
v 2.25379086 -13.73370552 5.50382519
v 1.69126475 -13.31789398 5.82800674
v 2.70920420 -14.36321640 4.37308502
v 2.97050881 -13.86893940 5.23978186
v 3.22423005 -13.41879177 6.08889008
v 2.62431455 -13.32600307 6.27394104
v 2.15868497 -13.13452721 6.33976746
v 4.53865194 -13.65313435 4.03089333
v 5.12297964 -12.73145962 4.27271318
v 4.79058266 -12.63287735 5.15657759
v 4.33401060 -13.30778217 4.96805048
v 5.12555981 -11.72531605 5.26155758
v 4.46945524 -12.68585491 5.95597315
v 4.23953676 -13.14979935 5.66054440
v 1.00824988 -11.59129333 6.46425867
v 0.65415651 -12.69438553 5.73500729
v 1.41700554 -12.59211826 6.26604223
v 2.12519240 -12.64720154 6.72714281
v 2.12814140 -11.94080544 7.05975056
v 14.27706337 -18.99507904 -8.25084019
v 14.89235592 -19.64070511 -7.33485222
v 14.54110622 -20.26147270 -7.71738291
v 13.78889465 -19.88168144 -8.80999565
v 15.53913975 -20.27885246 -6.48742962
v 15.25487518 -20.75427628 -6.79423332
v 14.87044907 -21.00662804 -7.08418512
v 14.16289425 -20.75227547 -7.89232302
v 13.28819275 -20.58270645 -9.05687141
v 11.79251099 -20.80251312 -6.48426962
v 13.10114002 -20.90825844 -6.05982113
v 13.19951153 -20.45737267 -5.46769953
v 11.90573311 -20.17890167 -5.67918634
v 14.08000565 -21.12153435 -5.68234634
v 14.37901497 -20.86749840 -5.28401756
v 14.60177135 -20.38333130 -4.93034506
v 13.43627548 -19.85356140 -4.98258495
v 12.24276352 -19.33484840 -4.99754095
v 12.38663387 -21.14807701 -8.11676502
v 13.55297279 -21.22253990 -7.21941900
v 13.27544880 -21.18314934 -6.63740826
v 12.00410366 -21.13343620 -7.29482985
v 14.68497658 -21.37346649 -6.34419107
v 14.42483044 -21.32185745 -5.93417168
v 14.77723885 -17.29644203 -7.09187365
v 15.20084476 -18.42707634 -6.50428104
v 15.12311649 -18.97096062 -6.94442272
v 14.62852383 -18.04201698 -7.70937824
v 15.63677311 -19.21920395 -6.06656170
v 15.69449043 -19.73444176 -6.21148539
v 10.44480801 -17.76080704 -1.87947559
v 10.33516693 -18.71629143 -1.34264803
v 10.42089939 -19.29535294 -1.89790702
v 10.52411556 -18.53608513 -2.60956955
v 10.33948517 -19.38782501 -0.89797753
v 10.37424183 -19.90221977 -1.13484728
v 10.24482727 -20.12855721 -2.15805292
v 7.03689575 -20.13577080 -0.51505214
v 7.47977591 -19.52105904 -0.00284370
v 6.67711496 -18.84236145 -0.13670829
v 8.28991413 -20.05167198 0.22275656
v 8.41956615 -19.53043175 0.33555669
v 7.90927982 -18.92588234 0.19663665
v 7.24248457 -18.04201698 0.16451336
v 8.03929996 -21.66141701 -3.06603599
v 7.77014923 -21.63118935 -2.16173935
v 7.02583694 -21.65404510 -3.02590823
v 8.88624954 -21.69701576 -1.60142481
v 8.39070797 -21.65752029 -1.28851247
v 7.95678043 -21.47689247 -1.12663209
v 7.33674812 -21.36556625 -1.69537234
v 6.47479057 -21.34555626 -2.40261126
v 0.39379990 -21.89902496 -0.48953784
v 0.94168627 -21.91387367 0.35188165
v 0.69112462 -21.37683678 0.97349358
v 0.07351493 -21.19231224 0.30975273
v 1.30673313 -22.00445175 0.99603254
v 1.25291348 -21.68195534 1.52506626
v 0.78293931 -20.78711128 1.75645924
v 2.23567557 -17.87476540 2.42335963
v 2.33594227 -18.88354301 2.57386518
v 3.03991628 -18.94389153 2.27201152
v 3.15671849 -17.94533157 2.04462099
v 2.45822144 -19.83976364 2.74469781
v 3.05581975 -19.85724640 2.48339343
v 3.43013501 -19.86925316 2.13719916
v 3.55989218 -19.22246933 1.83892655
v 3.83204484 -18.31522369 1.50926793
v 3.20853710 -21.64151192 -1.17455375
v 3.10563731 -21.73261452 -0.19505681
v 2.60398746 -22.08218002 -0.29711407
v 2.55185294 -22.06543350 -1.32695508
v 3.09078693 -21.90081406 0.51249808
v 2.75238633 -22.13989639 0.63772625
v 2.06676483 -22.23966217 0.01450817
v 3.76969409 -19.82501793 1.32600713
v 4.07260084 -19.09513474 0.83804917
v 3.51913238 -20.41155815 1.87926495
v 3.66779470 -20.67986488 0.93757874
v 10.54233646 -25.86946297 -11.53152275
v 11.64737701 -25.89347649 -10.93065929
v 11.43115044 -25.89916229 -10.42711353
v 10.27070999 -25.91548729 -10.86609650
v 12.73335457 -26.03071022 -10.35117626
v 12.50375271 -26.01354408 -9.93652248
v 12.13617802 -25.89052582 -9.69849396
v 11.21545029 -25.74381256 -9.98002052
v 10.02467728 -25.74676132 -10.27102566
v 10.46334457 -23.71130371 -8.91247463
v 11.52899551 -24.23791504 -9.04212570
v 11.87961292 -23.94143295 -9.30522060
v 10.89527130 -23.34541512 -9.24971581
v 12.38442230 -24.54872131 -9.06266403
v 12.81287289 -24.45698547 -9.25435066
v 13.12062454 -24.34481812 -9.68954182
v 12.21717072 -23.80504036 -9.78833389
v 11.33646584 -23.20291328 -9.88175488
v 8.63210678 -26.32729721 -4.85251236
v 9.03633308 -26.22766304 -5.23999262
v 9.04054642 -25.76666832 -5.01049566
v 8.63568783 -25.83818245 -4.62764931
v 9.01863861 -25.78910255 -6.40601540
v 9.16377354 -25.55823517 -5.64758968
v 9.01537418 -25.17991829 -5.51572657
v 8.84412003 -25.20372009 -5.06663227
v 8.41693306 -25.23647499 -4.68262720
v 10.56413746 -24.97759438 -9.28894806
v 11.30508041 -24.64530182 -9.04907703
v 10.13652992 -24.23254395 -8.99051857
v 12.39663982 -25.37339401 -9.17325211
v 12.46446705 -24.93420029 -9.04475880
v 5.32772589 24.37799454 2.68956184
v 5.30171156 23.70793343 2.60830569
v 5.63779497 23.96407700 2.57060027
v 5.61020041 23.24040794 2.41819882
v 5.87750816 23.63368225 2.40903592
v 6.02069426 23.95780945 2.49540019
v 5.87782431 24.47878647 2.61462498
v 1.65050507 24.78527451 4.54412842
v 1.44165099 24.35029411 4.60616350
v 1.79732418 24.18230438 4.78447390
v 1.95688748 24.49058342 4.71706772
v 1.55892742 23.77560425 4.74813795
v 2.08369541 23.79714203 5.02123833
v 2.13493466 24.26840591 4.93950844
v 1.68073249 22.68894005 4.54044247
v 2.10813022 22.46639442 4.38530254
v 2.30402970 22.86861992 4.61100817
v 1.98437655 23.03766251 4.72201777
v 2.65622711 22.47303009 4.16897058
v 2.70909905 22.86472321 4.45239305
v 2.76765823 23.15457153 4.75150824
v 2.42715120 23.14941025 4.86725712
v 2.17311406 23.19554138 4.89853811
v 8.72236729 25.40333176 -0.85210973
v 8.57691765 24.60327911 -0.99550593
v 9.02801323 24.97001076 -1.10156548
v 8.88940907 24.13048744 -1.39530921
v 9.25255966 24.63434792 -1.42206109
v 9.55525589 24.92093086 -1.38224924
v 9.49638081 25.20940781 -1.19245851
v 9.61908150 23.98429871 -2.72384405
v 9.84225941 24.21990585 -3.39295626
v 9.97665024 24.72797966 -2.91237092
v 9.81529713 24.53250122 -2.40387511
v 9.90176582 24.63982582 -3.91019392
v 10.01393414 25.04942322 -3.31375408
v 10.15812016 25.28250122 -2.85844588
v 10.16549301 25.14052773 -2.50846004
v 10.03689480 24.98917961 -2.06800246
v 15.80202389 -18.46520233 -11.98419762
v 16.35106850 -18.57315826 -11.58344650
v 16.01203728 -18.95874214 -11.25389290
v 15.31396103 -19.07206917 -11.61104107
v 15.76800537 -19.04500198 -10.80816936
v 14.98756695 -19.25533104 -11.08316612
v 16.83328819 -16.31957817 -10.56540203
v 17.08906174 -16.86746407 -11.14520073
v 16.77857208 -16.26059723 -11.42830658
v 17.35784531 -17.26316071 -10.36718559
v 17.41356087 -17.42103767 -10.90906811
v 17.27253342 -17.62936592 -11.29254627
v 16.97173309 -17.34299469 -11.61198902
v 16.65545082 -16.85198212 -12.00463009
v 15.69564915 -18.87406349 -10.28018951
v 14.92995548 -18.96780014 -10.43069458
v 15.78443527 -18.42749786 -9.79412651
v 15.11648178 -18.28499603 -9.80855560
v 19.14690018 -10.56687641 -11.00649166
v 18.79075432 -9.46973419 -11.10475731
v 19.68651962 -9.97643948 -10.50041771
v 18.82203484 -8.69182396 -10.63501930
v 19.67388153 -9.44256115 -10.15643501
v 20.40692329 -9.83804607 -9.83246422
v 20.59197426 -10.27081585 -9.91998672
v 20.57406998 -10.81943893 -10.01877880
v 18.18346596 -8.55985546 -7.87894726
v 17.98556519 -9.32828617 -7.68136263
v 19.08028412 -9.89776421 -7.93476772
v 19.19645500 -9.36620235 -8.11613274
v 18.39848137 -10.43374920 -7.88521385
v 20.12276459 -10.80701065 -8.15942001
v 20.16320801 -10.25954628 -8.13161469
v 20.02112770 -9.82172108 -8.21734715
v 17.58765793 -12.10531807 -8.70140839
v 17.69066238 -12.57537174 -9.34840298
v 18.89755058 -12.13607216 -9.13470459
v 18.79359818 -11.78850937 -8.65580368
v 17.88434982 -12.72924709 -10.07186127
v 19.04605484 -12.25951004 -9.66752911
v 20.17553139 -11.94301701 -9.27762699
v 20.01270294 -11.87055492 -8.85223007
v 19.71463966 -11.71625805 -8.56491089
v 18.65467644 -8.08885479 -9.14386749
v 18.42612839 -8.16795158 -8.40892887
v 19.40467644 -9.07772541 -8.51330280
v 19.58614731 -8.99757481 -9.05444908
v 20.35626411 -9.76052952 -8.49613571
v 20.54099846 -9.70955276 -8.94480801
v 14.17616463 17.55279541 -5.38238859
v 14.76974773 17.86572266 -6.42078686
v 13.73834038 18.62813568 -6.43698025
v 15.47194386 17.85949516 -7.12905264
v 14.59871769 18.31732941 -7.10577631
v 13.84597969 19.01314163 -7.73992205
v 16.56395149 16.55697441 -6.39158630
v 17.27387810 15.01351738 -5.76670599
v 18.57223701 15.06827068 -6.82211733
v 19.49514961 2.00143886 -10.31315517
v 19.29635239 3.68633151 -8.45279503
v 19.05674362 3.23539424 -8.02513409
v 19.00755882 2.49455762 -8.08200836
v 18.59696007 5.58239555 -6.00652790
v 18.06782150 6.51944733 -4.96288967
v 17.95596886 5.61188555 -4.78184080
v 18.26077271 4.57962227 -5.42862463
v 17.51624870 8.19923210 -4.04005623
v 17.59123802 5.83759117 -4.08713531
v 17.80757141 3.16145802 -4.30430984
v 12.06677055 19.68494034 -4.09629822
v 11.57280922 20.15709877 -3.63740921
v 12.22749233 19.65797806 -3.02158999
v 12.58874798 19.30188179 -3.35156465
v 11.20270634 20.27980042 -2.97061419
v 11.94565010 19.77214622 -2.55153680
v 12.61644745 19.43206024 -2.14257050
v 12.83256817 19.35327911 -2.53247356
v 12.96222019 19.17960358 -2.85855126
v 16.50749779 17.73502922 -8.27564335
v 15.69771576 18.02244186 -7.83664703
v 16.59088707 17.42325020 -7.45502520
v 17.39228439 17.12160683 -7.89779997
v 17.35521126 13.10119247 -4.73033810
v 17.89604187 12.17072392 -4.81364822
v 18.66584206 11.98914814 -5.20102358
v 18.47826195 12.94873905 -5.39766026
v 17.62159920 11.55601025 -4.53275394
v 18.80381393 11.01554871 -5.07305717
v 19.48630142 10.88484383 -5.45158529
v 19.41320801 11.79282761 -5.63948011
v 19.27418327 12.73188019 -5.89320135
v 10.66609001 -23.28348541 -18.92051125
v 11.36890507 -23.34425545 -17.69919395
v 10.87799835 -23.61988449 -17.58513069
v 11.37764740 -22.95667076 -18.93567657
v 12.04307270 -23.03029060 -17.86623573
v 12.70828819 -22.80405807 -16.80922127
v 12.03591061 -23.10064507 -16.43975067
v 11.49381733 -23.39354706 -16.24458885
v 12.13912678 -22.63006592 -19.26733780
v 12.77579975 -22.73791504 -18.36946487
v 12.90924358 -22.34085083 -19.69536591
v 13.52959156 -22.46323586 -18.95779419
v 14.31634808 -22.26017380 -18.22685814
v 13.43143082 -22.58119583 -17.49718666
v 14.09590912 -22.20740700 -16.58962440
v 13.41963482 -22.41994858 -15.70681286
v 14.80019855 -21.91787720 -17.29802132
v 15.36367321 -21.31427574 -16.71853828
v 14.80346394 -21.57758141 -15.89418125
v 14.21829319 -21.74893951 -14.84696198
v 12.73746300 -22.61331940 -15.03011703
v 12.09320641 -22.93602753 -14.60240364
v 13.58225250 -21.74082947 -13.86167240
v 12.74810028 -21.90218353 -12.20916653
v 14.61704350 -20.47569847 -13.56856060
v 14.39481354 -20.08411026 -12.65815449
v 15.38613319 -20.65190315 -15.30677223
v 15.77179718 -19.26786423 -14.12613678
v 15.50975513 -18.75389099 -12.85658169
v 16.34569740 -19.79718590 -16.14282036
v 16.79629326 -18.65108299 -15.78240776
v 17.27956390 -17.74951172 -16.22618294
v 16.41489410 -17.22408485 -13.14421749
v 17.16152382 -16.39067078 -14.38038445
v 17.37954140 -14.86718369 -13.17781448
v 7.82986689 -20.59134293 -22.63680649
v 8.39871216 -21.69174957 -21.85394669
v 9.10784721 -20.45042229 -22.23015785
v 9.48911381 -21.41833305 -21.56367874
v 10.06017113 -22.14073944 -20.82642174
v 9.15766430 -22.46144485 -21.00736618
v 10.16896915 -20.17732048 -22.11188126
v 10.48103905 -21.07814217 -21.52049637
v 11.05557156 -19.98331833 -22.09344864
v 11.35679340 -20.81399345 -21.58568954
v 11.78608704 -21.48258018 -20.99019814
v 10.94961739 -21.77864075 -20.84832954
v 11.52288628 -22.32031250 -20.07842445
v 10.70958805 -22.68725586 -19.90790749
v 12.32407284 -22.00476837 -20.35794830
v 9.92936039 -23.01480865 -19.99669266
v 9.58653641 -14.39391804 -23.36850548
v 8.34068012 -15.99065590 -23.81883812
v 9.18220425 -17.80820274 -23.21755409
v 10.37339973 -14.75206661 -23.00353813
v 10.20319843 -16.31631279 -23.05620003
v 10.73907852 -14.99757290 -23.04061127
v 10.76941109 -16.51905823 -22.91506767
v 10.87620735 -17.76185989 -22.77551651
v 10.12483883 -17.75627899 -22.94550514
v 10.08376312 -19.04900360 -22.61437225
v 8.38681126 -19.24816704 -23.02038956
v 10.93266010 -18.93494034 -22.50894547
v 11.07674122 -7.92270851 -22.60368347
v 11.76259995 -9.12880611 -22.24621964
v 10.25664997 -10.70379448 -23.14825058
v 12.19446087 -9.95846939 -21.98990440
v 11.81505013 -10.66124535 -22.23689842
v 11.26874352 -11.84706783 -22.58898926
v 10.66145611 -13.13273716 -22.88399696
v 10.87136269 -13.26460075 -22.86293411
v 9.23897362 -12.28341866 -23.70466805
v 17.43925858 -6.47700262 -17.07768822
v 16.61500740 -7.80153513 -18.37852287
v 15.68480015 -7.16401958 -19.21688843
v 16.07470322 -5.86666012 -18.74040985
v 16.13484192 -8.58839798 -19.09155464
v 15.32912731 -8.15067863 -19.73107147
v 14.31729603 -7.98416376 -20.50508308
v 14.45021343 -6.84994888 -20.23335266
v 14.69192791 -5.51098680 -19.94666481
v 15.79307175 -9.03296280 -19.54370308
v 15.04265118 -8.72110367 -20.07399940
v 15.56768227 -9.18736553 -19.92939186
v 14.84074783 -8.95428753 -20.38564873
v 14.04703903 -8.96018505 -20.87760925
v 14.17237282 -8.65885830 -20.67391586
v 13.26154613 -8.86339378 -21.28236198
v 13.21383476 -8.08558941 -21.29278946
v 13.24048138 -9.21127319 -21.36388206
v 13.03563023 -6.77990913 -21.30268860
v 13.07059669 -5.21345139 -21.22496223
v 16.36907959 -9.50754547 -19.07902145
v 16.18760872 -9.61908150 -19.48882866
v 16.65660858 -9.19747639 -18.65309715
v 17.03911209 -9.85389709 -18.24689484
v 16.71790695 -10.26428509 -19.03225708
v 17.48244095 -8.51677895 -17.20460129
v 17.06136322 -8.77060509 -17.96903038
v 17.52962494 -9.85321236 -17.31824303
v 17.58312798 -12.83330536 -17.66496468
v 17.17310905 -11.21597767 -18.52650070
v 17.19986153 -10.69305229 -18.06550407
v 17.62573051 -11.17390060 -17.04150963
v 18.61475945 -8.18532944 -14.65348530
v 19.06511879 -8.85612679 -14.78092480
v 18.92166901 -8.93596077 -15.23359966
v 18.41580582 -8.29075718 -15.29163265
v 19.52263832 -9.37146854 -14.91089249
v 19.39814758 -9.41170216 -15.28626156
v 19.20161629 -9.50954628 -15.53703308
v 18.76863670 -9.22454453 -15.59948921
v 18.22043419 -8.67823792 -15.79654694
v 18.18188667 -12.12838364 -14.23461819
v 18.74420166 -11.62978840 -14.47064590
v 18.85658073 -11.13593197 -14.19238377
v 18.32322884 -11.40945435 -13.85419464
v 19.17539024 -11.42946529 -14.56501389
v 19.35001564 -11.06757832 -14.44368267
v 19.46376228 -10.53959751 -14.32013988
v 18.98254585 -10.48209190 -14.02407932
v 18.50280190 -10.42353249 -13.63807297
v 18.71660614 -9.69765186 -15.84562778
v 18.13522720 -9.33776569 -16.10777473
v 19.27586746 -9.87764740 -15.65773296
v 19.27828979 -10.37413692 -15.75926304
v 18.70512581 -10.27871418 -15.97485828
v 18.12037849 -10.14748287 -16.26628494
v 18.08962440 -11.71794319 -16.16275215
v 18.66162872 -11.42662144 -15.86121559
v 18.69354057 -11.77134132 -15.58958912
v 18.11627007 -12.18641663 -15.81750679
v 19.10956383 -11.25189209 -15.76431847
v 19.23984718 -11.40534687 -15.52597427
v 19.28250313 -11.52604580 -15.15671444
v 18.71439552 -11.94333267 -15.18704796
v 18.13564873 -12.43824196 -15.27141094
v 17.65632820 -13.70463657 -16.53274918
v 17.61693764 -14.87666321 -16.65418625
v 17.66096115 -14.83400726 -17.33688545
v 17.62978745 -14.80585957 -15.94024658
v 17.63684273 -16.14137268 -17.08790398
v 17.46777534 -16.11567307 -15.54811859
v 17.61862183 -14.47696495 -14.72173405
v 17.57048988 -17.08895683 -16.93371201
v 8.12555885 21.23883057 -15.66727638
v 7.49599552 20.61809540 -16.58267212
v 8.09738541 18.68722153 -17.37174606
v 10.48124981 18.12986946 -15.71797657
v 10.20957088 15.88759899 -17.36932373
v 8.93706703 15.86663914 -18.26956749
v 13.67072296 10.10198402 -18.27583313
v 12.72471905 10.45154858 -18.44361115
v 12.77548409 12.02211380 -17.60819626
v 13.62080002 11.72952843 -17.33414650
v 11.15968227 12.29568863 -18.49890518
v 11.79419613 12.60264969 -17.91868591
v 12.16942024 14.92017460 -16.20191956
v 13.09944248 14.30072117 -15.85510635
v 13.88972759 13.82948303 -15.61730862
v 10.36507893 11.91152573 -19.14579582
v 11.14936161 21.01047325 -12.77311420
v 12.67958736 18.46135712 -13.12710190
v 11.86023331 21.01873970 -11.79240608
v 12.85910988 19.50231171 -11.96850491
v 13.66651058 17.84000969 -12.64077663
v 14.47928238 16.87694359 -12.70365429
v 13.78373337 18.43170929 -11.93775082
v 14.79672337 17.42756844 -11.91500092
v 13.68504715 19.41931725 -8.94859982
v 14.08011055 19.04521179 -9.76347828
v 13.42163563 19.66714096 -10.13189507
v 13.02583504 20.16278648 -9.55809975
v 14.37596130 18.61539268 -10.44027901
v 13.44928360 19.46402550 -10.78189182
v 12.61249733 20.60824776 -10.32905865
v 13.80342865 18.85089302 -11.28096104
v 14.59008121 18.14670753 -11.11223507
v 12.67126751 20.24936104 -11.22255993
v 11.67518234 21.85068130 -10.56729794
v 10.74634552 23.52551651 -9.64867687
v 11.39902782 22.42416000 -9.69870472
v 11.17690277 22.93273544 -8.62960529
v 12.04402065 21.44698143 -9.45888615
v 10.95414639 22.65502739 -5.95860624
v 11.89456844 21.45572281 -7.08460665
v 11.47580719 22.26881027 -7.86915207
v 10.87389088 23.30033684 -7.43680429
v 12.26909447 21.04154396 -8.12487411
v 12.85250092 20.31324005 -8.59321594
v 11.31292629 9.49885559 -19.58269691
v 11.46935654 7.57643509 -20.13748360
v 13.48735714 8.46464443 -18.93862534
v 13.69694805 6.76358461 -19.37592506
v 12.59375095 5.51314592 -20.04951286
v 13.86714935 5.06800127 -19.64333725
v 14.22345448 3.60212636 -19.75013351
v 12.87222195 3.84647393 -20.21644783
v 13.44291115 15.15576649 -1.93434846
v 13.91317463 15.31101227 -2.55501246
v 13.87557507 16.22805214 -2.26000500
v 13.55065536 16.10061264 -1.80438077
v 14.10106945 15.80244541 -3.12238359
v 13.99732780 16.59141350 -2.68466425
v 14.02839756 17.08853531 -2.35837579
v 13.95098591 17.00912285 -2.01649976
v 13.69410419 16.94424438 -1.63597059
v 13.89727116 16.66534996 -3.60823512
v 13.87557507 17.21586990 -3.03391290
v 13.46676636 17.84453964 -3.64936328
v 13.69178772 18.20895386 -2.65443683
v 13.95214367 17.59418678 -2.47307181
v 12.76716328 19.98142242 -6.65373325
v 12.53071499 19.92433739 -5.76734114
v 13.07870674 19.79479027 -7.44428205
v 11.60398388 17.85449219 -1.04695582
v 11.69277096 16.64586639 -0.81698471
v 12.25477028 17.20712852 -0.97823310
v 12.22696590 15.76305485 -0.89787221
v 12.64172459 16.56676865 -1.06291223
v 12.98254776 17.07273674 -1.09335029
v 12.83425331 17.58828926 -1.05374908
v 12.59896374 18.21611595 -1.13979745
v 16.10693169 10.53717518 -2.17100763
v 15.52070808 11.08980083 -1.71338236
v 16.30230522 10.56297970 -0.93294454
v 16.72991371 10.12557602 -1.29451585
v 14.90910244 11.22840500 -1.09208643
v 15.84699631 10.68978691 -0.46110082
v 16.78036308 10.21531105 0.15524501
v 17.12213326 10.12536526 -0.26951966
v 17.25747299 9.92483139 -0.66100246
v 19.40267563 -3.48901033 -9.45319843
v 19.52190018 -2.70962548 -9.72629929
v 20.59176445 -2.41819882 -9.03886127
v 20.46937943 -2.98936152 -8.79946327
v 20.41071510 -1.69782114 -9.20827198
v 21.63403320 -2.29202294 -8.37059116
v 21.35061073 -2.72689843 -8.34057426
v 19.64844513 -1.34177923 -5.76631403
v 18.69659615 -2.37364769 -5.90278578
v 19.93097305 -2.15057516 -5.99873400
v 18.76031494 -3.25119257 -6.45425272
v 19.96193695 -2.80262518 -6.44003439
v 20.91594696 -2.59956384 -6.37062693
v 21.13438416 -2.11908364 -6.12132931
v 19.14632225 -3.95074296 -8.09117126
v 19.30030251 -3.88523269 -8.86802864
v 20.41756058 -3.30543351 -8.31771946
v 20.30813217 -3.37726331 -7.69768763
v 21.52355003 -2.85328507 -7.89116430
v 21.46562386 -2.90152264 -7.31273460
v 19.35075188 0.93136466 -7.49694347
v 19.09976959 0.90945762 -6.65457582
v 20.24620247 0.26520142 -6.64109468
v 20.44905281 0.29953650 -7.28998518
v 18.88269997 0.54535860 -5.97156096
v 20.04998589 -0.01885268 -6.11585236
v 20.98061371 -0.33155444 -6.18410158
v 21.33902550 -0.25709161 -6.53556156
v 21.55198669 -0.25414258 -7.09313774
v 19.22046852 -4.08924198 -12.91113853
v 19.90221977 -3.75189471 -13.32537174
v 20.02397156 -2.95513177 -12.88828373
v 19.34548569 -3.08436227 -12.35577488
v 20.46622086 -3.55904961 -13.55792332
v 20.68076134 -2.98894024 -13.37329292
v 20.28772545 -2.09601808 -12.79449463
v 18.71281433 -1.25186026 -15.53376865
v 19.52221680 -1.57393575 -15.31111717
v 19.40088463 -2.17048097 -15.58421803
v 18.53260803 -2.01386690 -15.85710812
v 20.16257668 -1.74129283 -15.22127724
v 20.24820328 -2.18301439 -15.35451031
v 20.24556923 -2.79030252 -15.39179420
v 18.92798805 -2.87787771 -15.75389194
v 19.53485489 -0.28489670 -12.32912827
v 20.13898468 -0.85763907 -12.89576149
v 20.15804672 -0.68754369 -13.38298225
v 19.53759384 -0.09521132 -12.96169376
v 20.65316772 -1.18445408 -13.25585842
v 20.78861237 -1.17413247 -13.66598320
v 20.73847771 -1.26344573 -14.24083233
v 20.07547379 -0.77833146 -14.03577042
v 19.41520882 -0.26298967 -13.82775879
v 16.33074188 -4.51369047 -18.31080055
v 17.30592155 -4.51189995 -17.15193939
v 15.31554031 -3.88918209 -19.25980568
v 16.42163467 -3.30490685 -18.20231819
v 17.32993317 -3.13460088 -17.15889168
v 12.57347584 -3.02580309 -21.21727371
v 13.81259251 -3.91061521 -20.47643661
v 14.13287735 -2.03229809 -20.03629494
v 14.91710663 -2.93280339 -19.53854179
v 17.72004700 -0.17883718 -17.36869240
v 17.32782745 -1.84524584 -17.28306580
v 16.18750381 -2.22156239 -18.41475296
v 15.71924114 -1.17939854 -18.84910202
v 11.12550545 2.20376277 -21.33207512
v 12.60243988 2.26263785 -20.55479622
v 12.96085072 0.67964453 -20.56195831
v 11.40734768 0.35925421 -21.50985909
v 13.77278042 2.32024932 -19.99932671
v 14.70035362 2.34889698 -19.65060425
v 15.36335659 1.30020320 -19.34611702
v 14.28780651 1.02783990 -19.81785583
v 14.98261738 -0.12333236 -19.41489410
v 13.46871471 -0.79981720 -20.38554382
v 16.27723885 0.43940443 -18.78538322
v 11.81863117 -1.48472774 -21.48647690
v 16.62137985 5.68113518 -0.51528913
v 16.77067375 5.33383465 -1.62133074
v 17.25989532 6.22749424 -0.86006153
v 17.03113556 5.84707022 -2.23399019
v 17.43346596 6.62161016 -1.33495951
v 17.82663345 7.13695192 -0.67037612
v 17.80135727 7.05027151 -0.20695822
v 17.53699684 7.01488352 0.32744688
v 14.05156803 10.55097294 0.24139860
v 14.08179569 9.58242893 0.69849718
v 15.21432590 9.43318748 0.89313269
v 15.18272972 10.14621925 0.52850705
v 14.85949516 8.42030334 1.02399564
v 16.45354843 8.68529415 1.24385583
v 16.26470566 9.44666862 1.07860518
v 16.02572823 9.94715977 0.80213428
v 19.33953476 6.55325556 -6.55712652
v 19.22236443 5.54490042 -7.04426813
v 18.58518982 7.83363199 -5.16940069
v 14.36953640 11.07747841 -0.39559039
v 15.43992615 10.55771351 0.05982304
v 16.40425682 10.13157940 0.57305837
v 22.52283287 7.77074575 -34.32451630
v 17.97429466 12.54804039 -24.38647079
v 17.30800056 11.76265240 -24.19955254
v 16.93697739 11.07421398 -24.85844803
v 16.55570984 10.54054546 -22.90590477
v 17.50466347 11.90836525 -22.21851921
v 16.58593750 10.13900375 -24.68174362
v 16.44033051 9.19800282 -24.79549217
v 16.08702660 8.67592049 -23.10749245
v 16.23732185 9.63445854 -23.00353813
v 15.94020653 9.31554222 -21.93156815
v 16.26839066 10.23258305 -21.84467697
v 15.78085423 8.33657265 -22.02646446
v 15.43550301 8.13898754 -21.00515366
v 15.61318111 9.13702106 -20.91331291
v 15.96032333 10.05669498 -20.83263588
v 16.75129318 11.05578232 -21.76547623
v 16.46007729 10.86651802 -20.76122856
v 17.09274864 11.54068565 -20.70150948
v 24.88775444 12.25782490 -29.62535858
v 24.23486137 12.89207554 -29.57080269
v 24.19125748 13.06111813 -28.40214729
v 24.84478188 12.42528725 -28.46628761
v 23.47569847 13.38024426 -29.52793694
v 23.43114662 13.55033970 -28.35222435
v 23.34973335 13.63122749 -27.15386772
v 24.10868454 13.14168930 -27.21126747
v 24.76126099 12.50533199 -27.28573036
v 22.63986015 13.70389938 -29.49928856
v 22.59436226 13.87473202 -28.31957436
v 21.75957680 13.84987640 -29.48528099
v 21.71302414 14.02081394 -28.30440712
v 21.63392830 14.10212326 -27.10046959
v 22.51399994 13.95593548 -27.11679459
v 22.39467049 13.92581367 -25.93676376
v 23.22861290 13.60047340 -25.97604752
v 21.51638794 14.07242203 -25.92043877
v 21.35914230 13.91538620 -24.76379013
v 22.23584366 13.76698780 -24.77958679
v 23.06820679 13.43922520 -24.81908417
v 23.98598480 13.10977650 -26.03776741
v 24.63719177 12.47194481 -26.11844444
v 23.82410431 12.94568443 -24.88238144
v 24.47394180 12.30458832 -24.96516609
v 24.46488380 5.54239941 -29.88200378
v 25.07088280 6.23086452 -29.83560944
v 25.45885086 7.07258654 -28.82674026
v 24.89665222 6.39911699 -27.43318176
v 24.35198021 5.73111057 -28.05837440
v 25.84278297 7.82752371 -30.04491615
v 25.93363380 8.86269188 -28.80873680
v 25.29082108 7.58354425 -24.67208099
v 24.97848892 6.68712044 -24.77648163
v 24.22854233 5.68171406 -26.96376038
v 24.50988388 5.86884546 -24.87158775
v 24.06466103 5.48412991 -25.83544350
v 18.05744743 5.83035040 -30.34244537
v 18.68311501 5.32967472 -29.63889313
v 19.47008133 4.77057123 -30.18630600
v 19.41836929 4.91728544 -29.16541672
v 19.33874512 4.98448086 -28.13188934
v 18.57884598 5.47191238 -28.07996559
v 17.92532158 6.10637379 -28.01140022
v 20.30886841 4.45407820 -30.19799614
v 20.25736618 4.59952831 -29.18795586
v 21.20400238 4.22063112 -30.68121338
v 21.14070320 4.46071339 -29.19459152
v 21.05644608 4.52106285 -28.17875862
v 20.17542458 4.66335344 -28.16506577
v 20.06009674 4.60911226 -27.08646011
v 19.22552490 4.93139839 -27.04928207
v 20.93901253 4.46597958 -27.10236549
v 20.77786827 4.26039028 -25.98489571
v 19.90074539 4.40615654 -25.96825409
v 19.06817245 4.73202372 -25.92949677
v 18.46730995 5.41935635 -26.99177551
v 17.81536484 6.05466032 -26.91647148
v 18.31185341 5.22324657 -25.87009430
v 17.66159439 5.86265802 -25.79205132
v 18.43560600 12.72445488 -29.00190353
v 17.82731819 12.03259373 -29.06394005
v 17.38999367 11.08161259 -29.97223663
v 17.25736618 11.38923264 -27.41917419
v 17.67223167 12.17483044 -26.75148392
v 18.27957153 12.86985207 -26.66785622
v 16.98334503 10.34280300 -28.49693680
v 16.93273735 9.27788925 -30.11305428
v 16.74471092 9.55220127 -27.06181526
v 25.96119690 9.76816463 -29.55495071
v 25.75629234 10.67804432 -29.47345734
v 25.64975929 10.89126873 -27.47573280
v 25.71012306 9.84272003 -26.51272392
v 25.40751839 11.50003147 -29.69065857
v 25.36517906 11.66570377 -28.54348946
v 25.28081703 11.74532700 -27.37557030
v 25.15548325 11.70972824 -26.21586800
v 25.52358437 10.85335255 -26.32498169
v 24.99107552 11.53826332 -25.06532669
v 25.35822868 10.67725372 -25.17770576
v 22.06345940 4.38151121 -29.94135284
v 22.94998169 4.51653433 -30.43884087
v 22.81659126 4.78647518 -28.15358543
v 21.94778824 4.56245470 -28.17601967
v 23.75951576 4.91070271 -30.41788292
v 23.62820435 5.17964315 -28.11524963
v 23.50592613 5.12782431 -27.02800751
v 22.69557571 4.73265553 -27.07245255
v 23.34235954 4.92602730 -25.90348053
v 22.53243256 4.52748775 -25.95161438
v 21.82856369 4.50779247 -27.09825706
v 21.66626167 4.30188751 -25.97941780
v 16.96457100 8.34325981 -30.18385696
v 17.16726494 7.43261766 -30.24749756
v 17.03545380 7.72012091 -27.83372307
v 16.77662277 8.61109447 -27.17177200
v 17.53702354 6.58545828 -30.29415512
v 17.40502930 6.86627340 -27.92819595
v 17.29612541 6.81519222 -26.82557678
v 16.92728806 7.67009306 -26.72278404
v 17.14372444 6.62708664 -25.69831276
v 16.77583313 7.48630571 -25.59246445
v 16.57203484 8.40766525 -25.47903252
v 20.86802483 13.80964279 -29.48717690
v 20.82031441 13.98026562 -28.30862045
v 19.98134422 13.61577129 -29.20285988
v 19.87314987 13.83839607 -27.13480377
v 20.74237442 14.06157398 -27.10721016
v 19.16883469 13.22131348 -29.23653603
v 19.06027412 13.44238472 -27.18177795
v 18.94768333 13.40962887 -26.01744080
v 19.75898170 13.80827427 -25.96425247
v 18.69696426 13.10835457 -24.31311607
v 19.41669655 13.37962532 -23.86038780
v 20.62641525 14.03187275 -25.93107605
v 20.47074890 13.87726021 -24.77758598
v 21.74957085 12.94642162 -33.70090866
v 20.88424492 12.90661049 -33.69869614
v 20.88990593 13.30638695 -32.03205109
v 21.77392769 13.34646225 -32.03284073
v 20.04071808 12.69038391 -33.70543671
v 20.03023720 13.02883720 -32.32382202
v 19.25153923 12.30743217 -33.72144699
v 19.22515488 12.63824940 -32.34404373
v 18.54798508 11.77144718 -33.74525070
v 18.50380325 12.14799976 -32.09384918
v 17.05830765 8.55300903 -33.89322662
v 17.07610703 7.63428354 -33.94136047
v 17.00301361 7.89474535 -32.60218811
v 16.98679352 8.81842136 -32.55289841
v 17.18142891 6.66784668 -34.07712173
v 17.03134537 7.03542137 -33.21505737
v 17.15193939 7.02983904 -32.15203857
v 17.57175446 5.78440332 -34.34011078
v 17.26679230 5.50171852 -34.32410049
v 17.03039742 6.25940657 -34.02962112
v 17.98366928 4.96504879 -34.38513565
v 16.87294006 5.99936628 -34.05110550
v 17.53552246 6.23992205 -31.89147186
v 18.05339241 5.50213957 -31.88957787
v 20.98556519 3.46231103 -34.44232178
v 22.03025627 3.33416033 -34.42115784
v 22.96983528 3.68596292 -34.26554108
v 22.68546486 3.41675925 -34.14589691
v 22.57392883 3.18768334 -34.15431976
v 21.16376877 3.01421762 -34.43363571
v 25.61710930 6.54219723 -32.22429276
v 25.14263344 5.80441475 -31.95550919
v 25.33202934 5.38504791 -32.66267014
v 25.69294357 5.91889954 -32.86175537
v 24.54313850 5.13235331 -31.94308090
v 24.65857315 4.94329977 -32.43883133
v 24.82740402 4.75192928 -32.72699356
v 23.01070023 4.05543327 -32.30517960
v 23.83242416 4.57414532 -31.98794746
v 21.22117043 3.91904092 -31.94750404
v 22.10229683 3.94558215 -31.98752594
v 25.88325882 8.03240204 -33.97053528
v 25.85092545 8.94617748 -33.92998505
v 25.95777512 9.21775150 -32.57901764
v 25.99408340 8.34352303 -32.35610199
v 25.65134048 9.83562374 -33.88374710
v 25.75460815 10.12020493 -32.52377319
v 25.29261208 10.66387844 -33.83993530
v 25.39166832 11.01868248 -32.19366837
v 24.78801346 11.40123940 -33.79791260
v 24.87611580 11.76986694 -32.14371872
v 17.95870781 11.09885883 -33.77716064
v 17.90128136 11.46264172 -32.13368607
v 17.50361061 10.31852627 -33.81370926
v 17.44036484 10.61205959 -32.45568466
v 17.19880867 9.45772743 -33.85415268
v 17.12987518 9.73783207 -32.50439453
v 19.44659615 3.88944554 -34.23826218
v 19.29103470 3.93062639 -33.41164017
v 19.00518990 3.90092564 -34.11419296
v 19.46018219 4.25849485 -32.27968979
v 18.88549232 4.16939163 -32.86954498
v 18.89607620 3.83330870 -33.56314850
v 18.72060966 3.80792594 -34.12567520
v 19.50894547 3.79402351 -33.44424057
v 19.78936768 3.77480221 -32.87002182
v 19.70115852 3.58896112 -34.12093353
v 19.78573227 3.34735179 -34.12799072
v 19.61110878 3.55251956 -33.55366898
v 20.34868050 4.04605961 -31.97509956
v 20.33699036 4.26449823 -31.16948891
v 19.49820328 4.57656765 -31.17865181
v 18.69701767 4.86599350 -31.94708252
v 18.73861885 5.06758022 -31.13494301
v 24.09030724 4.31810713 -32.63025284
v 23.55553246 3.90713978 -32.90498734
v 25.53811836 6.18231106 -34.15010834
v 25.75771523 7.12526083 -34.01708603
v 25.86551285 7.37813997 -32.67696762
v 25.73696709 6.53219128 -33.29078293
v 24.15344620 12.01653194 -33.76273346
v 24.22851562 12.39811420 -32.10222244
v 23.41576958 12.49016571 -33.73366547
v 23.47559357 12.88162231 -32.06849289
v 22.60394669 12.80444717 -33.71312714
v 22.64665413 13.20206547 -32.04550552
v 24.57489395 6.62184668 -19.97296906
v 24.63574409 7.87723541 -20.50600624
v 24.58089638 9.20347977 -21.27214622
v 24.29057693 8.56575394 -19.66745567
v 24.09831047 8.31274319 -17.85264778
v 24.31595993 7.24343252 -18.05381393
v 24.21537590 10.11604500 -21.21411324
v 23.92595100 9.50986195 -19.65566063
v 23.69798088 10.92771053 -21.16124153
v 23.40650177 10.34022236 -19.64291573
v 23.29612350 10.10261536 -18.66405106
v 23.81062317 9.26530361 -18.64477730
v 23.75185394 9.19326305 -17.66380501
v 23.07577324 10.28210449 -16.80159187
v 23.35998917 9.65915585 -15.74877071
v 24.29615784 6.13976049 -17.43483543
v 24.14196587 7.37487459 -16.44944000
v 24.16903496 6.32881403 -16.31694412
v 19.77756882 2.38070416 -21.83951759
v 20.42954063 1.85872710 -20.89998817
v 19.16812325 1.34844077 -20.13614082
v 21.53534698 2.42630863 -21.43205070
v 20.90288544 1.06501865 -18.68321991
v 19.82112122 0.79813200 -18.88312149
v 18.73451233 0.78707319 -19.14137077
v 22.40386009 2.83990932 -21.37199211
v 23.17439842 3.43621755 -21.31548691
v 22.74054909 2.16711068 -18.50164413
v 21.89186287 1.52243316 -18.56209946
v 21.83941078 1.47082531 -17.31676865
v 20.78187180 0.96222413 -17.49634361
v 22.70958328 2.13182783 -17.24957275
v 22.68283272 2.36964536 -15.98633766
v 21.82445526 1.69926918 -16.04226494
v 20.76217651 1.14200914 -16.23921776
v 19.55023193 0.62266517 -17.81641769
v 18.26214218 0.51281404 -18.29552841
v 19.46723938 0.67932850 -16.60974121
v 15.43908405 7.09914112 -21.10426140
v 15.04517841 7.05553770 -20.21249962
v 15.05855465 8.14214706 -20.09295845
v 15.61834240 6.05550289 -21.20073700
v 15.20105553 5.95291901 -20.31760979
v 14.75438404 5.97219324 -19.70800591
v 14.63579082 7.06164646 -19.58983421
v 14.56975365 8.28306866 -19.31420517
v 15.96295643 5.04777956 -21.28310013
v 15.52207756 4.84872055 -20.40239525
v 16.45997238 4.12389278 -21.33976364
v 16.00118828 3.80202794 -20.44989586
v 15.48258209 3.61034155 -19.84513474
v 15.03275013 4.79279423 -19.79963493
v 14.49476433 4.87568283 -19.58551598
v 14.28738499 6.11522055 -19.46913528
v 14.90088654 3.57189894 -19.64660263
v 14.30613232 6.94410658 -19.38161087
v 14.10370255 7.57993698 -19.22183800
v 20.56243134 12.71739864 -21.05944824
v 19.54191208 12.57568741 -20.57744026
v 19.32231522 12.35514259 -19.65028954
v 20.22998238 12.28110123 -19.62985611
v 18.66310310 12.41191196 -20.60482407
v 18.43465996 12.23855114 -19.68114853
v 18.26329994 12.21243095 -18.80655289
v 19.15285110 12.28478718 -18.76484489
v 20.06778526 12.16535187 -18.73145676
v 17.83653450 12.06224155 -20.64748001
v 17.59724236 11.93079948 -19.72938538
v 16.83913231 11.45168877 -19.78583908
v 16.65639877 11.51424980 -18.94083786
v 17.42282867 11.94796658 -18.86942863
v 17.33793831 12.13544083 -18.05908012
v 18.16461372 12.36072445 -17.98893547
v 16.57719612 11.74237823 -18.14418030
v 16.55328751 12.16766930 -17.37027168
v 17.30244446 12.51586437 -17.27506065
v 18.10405350 12.69933605 -17.20059776
v 19.04152679 12.40411758 -17.93522072
v 19.95814514 12.25624561 -17.88803673
v 18.95579338 12.71271229 -17.13414001
v 19.86135483 12.53966713 -17.07105255
v 22.89634705 11.32411766 -20.37464333
v 22.13062859 11.87305641 -20.35360336
v 21.85057640 11.40218735 -18.69259262
v 22.63364601 10.81490993 -18.67953300
v 21.44619179 12.52028847 -21.06439781
v 21.12606430 12.02169228 -19.62248421
v 20.98093033 11.86170769 -18.70965576
v 20.89614487 11.92132092 -17.84780312
v 21.79580879 11.42314625 -17.80872917
v 20.81125641 12.17914963 -17.00859642
v 21.72756004 11.64400673 -16.94319153
v 22.59394073 10.79015923 -17.76891708
v 22.27259636 11.34068394 -15.98493099
v 23.70161438 3.87501621 -20.65085030
v 24.19246864 4.78523779 -20.61322403
v 23.91678810 3.98318219 -18.50585747
v 23.41756058 3.00252676 -18.49205971
v 24.51496506 5.78435087 -20.57696533
v 24.19905090 5.04862213 -17.94201469
v 23.85559464 3.97623110 -17.29370308
v 24.04591370 5.26147842 -16.18950462
v 23.76723099 4.21025705 -16.08428764
v 23.37774849 2.98346353 -17.25189018
v 23.32255936 3.22370362 -16.00971985
v 17.09432793 3.33028960 -21.36177444
v 16.62617111 2.88530302 -20.44483948
v 17.84358978 2.70141053 -21.35040092
v 17.37690735 2.14731002 -20.38491058
v 16.83934212 1.70400870 -19.67661858
v 16.08776283 2.55817223 -19.81122017
v 18.68332481 2.26506042 -21.31027222
v 18.23149300 1.62533295 -20.27169037
v 17.72847366 1.09640467 -19.42932320
v 17.12329102 0.82130295 -18.87322044
v 16.18803024 1.50421238 -19.30788612
v 15.45572472 2.43052173 -19.56129074
v 25.04384041 10.14132214 -23.48270226
v 24.67747688 11.01491737 -23.38380432
v 24.16097832 11.79266930 -23.29570389
v 21.45551109 3.91451216 -24.81529236
v 20.56595993 3.87480569 -24.82319069
v 22.32357788 4.14042854 -24.78622246
v 22.06869888 3.60465407 -23.57996750
v 21.19262695 3.38137102 -23.61251259
v 20.29707336 3.34882641 -23.62736130
v 23.13571739 4.54223299 -24.73798561
v 23.86001968 5.10581207 -24.67142105
v 23.62125397 4.58130741 -23.46958923
v 22.88947487 4.00972366 -23.53204536
v 16.37034225 8.08548355 -24.34218407
v 16.57266617 7.15348721 -24.45266724
v 16.31252098 6.74704885 -23.31729317
v 16.11356735 7.70084715 -23.21376228
v 16.93866158 6.28268290 -24.55535698
v 17.45463562 5.50698471 -24.64572334
v 17.18806458 5.05188704 -23.49370766
v 16.67535591 5.85191488 -23.41239929
v 16.34885788 5.40355825 -22.30820084
v 15.99202538 6.34103155 -22.22204781
v 16.85598373 4.55961084 -22.37676620
v 15.79960155 7.33190346 -22.12557220
v 20.15894318 13.40546989 -23.13240051
v 21.04712486 13.43780231 -23.12134171
v 18.23365021 12.46083355 -22.15690613
v 19.79121017 12.87564564 -21.56631088
v 23.51161194 12.44361305 -23.22350311
v 22.75597954 12.94605350 -23.16868401
v 21.92377472 13.28213596 -23.13440132
v 18.10289383 4.85756779 -24.71976471
v 18.85742188 4.35749769 -24.77495384
v 18.58590126 3.86006045 -23.60029411
v 17.83337402 4.38003635 -23.55690193
v 19.68894196 4.02520561 -24.80981445
v 19.41742134 3.51154923 -23.62378120
v 19.08038902 2.90794730 -22.44438171
v 18.24697495 3.28805542 -22.44406700
v 17.49665833 3.84563136 -22.42215919
v 16.99811935 17.06014442 -10.61855030
v 16.27992439 17.73413467 -9.79323196
v 16.16828156 16.88357735 -11.73468876
v 15.07719612 18.24571037 -10.18255520
v 14.77923965 18.60528183 -9.50628090
v 15.95026493 18.01945305 -9.15258312
v 14.46710396 18.75976181 -8.43278408
v 15.13428116 18.40896034 -8.53510475
v 20.05383110 14.60988140 -9.50133133
v 19.69257545 15.14923668 -9.97833538
v 19.04005051 15.87401199 -10.06096077
v 18.45140457 16.50589371 -9.05097294
v 18.96990776 15.94347191 -8.77165890
v 19.39235497 15.29668808 -8.46295929
v 18.36135483 16.37113190 -10.30078030
v 17.81178284 16.98110771 -9.29900742
v 17.39681435 17.27980042 -8.68592644
v 17.98872566 16.83197021 -8.44063091
v 18.46520233 16.29545975 -8.15510178
v 18.85636902 15.67037106 -7.83692360
v 17.80093575 16.61679649 -7.59636736
v 20.55842972 7.60726786 -7.20859718
v 20.83600616 8.50445557 -7.24158955
v 21.39721680 8.73721886 -8.28222561
v 20.86170578 9.64751816 -7.14400816
v 20.46937943 10.17202282 -6.48532295
v 20.31750488 9.35345840 -6.24740028
v 20.01386070 8.66633606 -6.03896713
v 21.50864601 9.67511272 -8.59366417
v 20.93795776 10.56424332 -7.44733667
v 21.31311607 10.94361401 -8.52741623
v 20.90541458 11.50656128 -7.77952290
v 20.45263290 12.00652599 -7.08934593
v 20.51087761 11.07484531 -6.76811314
v 20.02028656 11.49055290 -6.16282606
v 20.02902794 10.59647179 -5.91900539
v 19.92675972 12.41907310 -6.45867634
v 19.94382095 9.80360603 -5.73237419
v 19.49130440 8.96086979 -5.46848965
v 19.21362114 10.10714436 -5.17653608
v 19.25496101 9.45951843 -5.19523096
v 21.18967819 11.87729549 -8.87287331
v 20.76891708 12.42644596 -8.12824440
v 20.96481514 12.76684761 -9.21748734
v 20.53889275 13.30167389 -8.48117924
v 20.06336212 13.77593994 -7.79216146
v 20.29960060 12.91461468 -7.43532991
v 20.43952179 13.85677433 -9.18520546
v 19.75719070 14.57196522 -8.13719749
v 19.20256424 14.96207905 -7.49873352
v 19.50410080 14.17700672 -7.14653635
v 19.75034523 13.32315922 -6.79233742
v 19.06711960 13.63965321 -6.20706177
v 23.55603981 8.13491344 -14.41963673
v 23.93111229 6.63098383 -15.20684814
v 23.37803841 9.10485172 -14.62140083
v 23.26866150 7.60826874 -13.21284771
v 21.56567955 11.86713219 -10.40915585
v 21.78042984 10.95862293 -10.08365726
v 21.88422585 10.00603580 -9.75247192
v 20.84790802 13.50204945 -11.00780773
v 21.25097656 12.71797752 -10.71880436
v 15.85447502 11.68603039 -17.49455261
v 15.81381989 12.40748787 -16.68988991
v 16.50617599 13.41131401 -15.87846851
v 15.17293453 11.17532253 -17.66349030
v 15.10489655 12.01769066 -16.86135483
v 15.13185883 13.37434578 -15.58764076
v 15.78875351 13.22542095 -15.86753464
v 14.46980286 10.70969296 -17.88972092
v 14.38575554 11.77271080 -17.07695007
v 14.52933693 13.51126480 -15.55262089
v 15.37030888 15.05360413 -13.89511204
v 23.15530777 3.58348441 -14.76565361
v 22.55770874 2.74606705 -14.70130157
v 23.56627464 4.54707766 -14.88277149
v 23.27548027 5.01197004 -13.70389938
v 22.89832115 4.07481241 -13.54212475
v 22.35011864 3.25940776 -13.42964077
v 23.82189178 5.57986784 -15.03433037
v 23.50866318 6.02675009 -13.90074730
v 22.82458305 7.22307873 -11.92255878
v 22.93950272 5.61841536 -12.57242298
v 22.33203125 6.85513592 -10.75882626
v 22.59741592 4.69968939 -12.37199402
v 21.66083717 3.95337582 -11.57070255
v 22.27944756 5.41556501 -11.26221371
v 21.45266151 5.06888342 -10.19785976
v 21.72500610 6.67184877 -9.53924751
v 21.27752304 12.45878983 -15.21654797
v 20.41885376 13.03244209 -15.33262444
v 19.52524948 13.43930912 -15.43705940
v 18.68946648 13.67579842 -15.54321480
v 17.93436623 13.70823097 -15.69818974
v 17.12716293 14.17784977 -15.09199429
v 17.18479919 15.68474770 -12.97164631
v 16.36981583 15.33410358 -13.58907223
v 15.87785625 15.85299969 -13.08544731
v 16.39899063 16.00571823 -12.80813408
v 16.02151489 16.61869240 -12.16893291
v 15.44350719 16.51326561 -12.51870823
v 16.18792534 10.82786465 -19.84218597
v 15.66194534 10.06153965 -19.91233063
v 15.41907215 10.24617004 -19.09787369
v 15.98696995 10.94498348 -19.00908661
v 15.27730846 9.16103458 -19.99342918
v 14.95354843 9.41149139 -19.20182610
v 14.68192196 9.93462658 -18.54356194
v 15.26709270 10.59868336 -18.37451935
v 14.19375324 9.15871811 -18.75673485
v 15.89375973 11.21292305 -18.24223518
v 14.90588951 15.70812893 -13.44306850
v 19.54582214 11.39133930 -34.15249252
v 19.36655045 11.98683071 -34.07290649
v 20.11338997 12.34703255 -34.05858231
v 18.70165062 11.48296928 -34.09428787
v 20.91015434 12.55367565 -34.05247498
v 21.72650528 12.59369755 -34.05447769
v 17.90960121 8.44648266 -34.27082062
v 17.42904282 9.29426765 -34.19381714
v 17.71899414 10.10735512 -34.15705872
v 17.29444122 8.44094658 -34.22973251
v 18.14723396 10.84650707 -34.12346268
v 17.32456207 7.57340717 -34.26512146
v 19.45196724 4.27368736 -34.40548706
v 18.71102524 4.42332411 -34.38929367
v 23.29233170 4.06991529 -34.43089676
v 25.06232452 6.94026232 -34.37397003
v 25.50051880 7.09271622 -34.33631897
v 25.63206673 7.94740677 -34.30261612
v 24.79085732 5.52488947 -34.41868210
v 25.17744255 5.20023346 -34.40140915
v 24.53937340 10.26815605 -34.23620987
v 25.07164574 10.43617153 -34.18317795
v 25.40888786 9.65173149 -34.22362518
v 24.59737968 11.13350964 -34.14452744
v 25.59952164 8.81041718 -34.26564789
v 22.46439362 11.79506493 -34.14876556
v 22.53211594 12.45751572 -34.06606293
v 23.29865074 12.15818977 -34.08544159
v 23.99725342 11.71236134 -34.11219406
v 20.17418671 4.77725935 -8.89664936
v 20.58365440 3.47047353 -10.76024818
v 19.97957802 7.18166113 -6.80976820
v 19.58709526 4.52675056 -8.30518627
v 18.90734482 4.64428997 -6.94168425
v 19.82733536 3.78159547 -9.38000011
v 20.01091194 2.98230481 -10.64270782
v 21.75346947 2.09370112 -14.72594643
v 21.62023544 2.62852740 -13.40509987
v 20.81230927 2.08422208 -13.44006729
v 20.79872322 1.53443992 -14.86539364
v 21.44108200 3.27278376 -12.12754154
v 20.74037361 2.72816229 -12.04865551
v 20.10549164 2.22925091 -12.05444813
v 20.03008080 1.58099234 -13.57477474
v 19.62953949 1.59194589 -12.18546867
v 19.44870186 1.02583873 -13.72212029
v 19.75466347 1.03184211 -15.13501835
v 18.92567062 0.46742016 -15.31375027
v 19.53390694 8.12508488 -5.83590603
v 18.29005051 8.95971107 -4.62448931
v 18.73409081 8.45463848 -5.07547951
v 18.62202835 3.85089755 -6.47479057
v 18.47668266 2.85202122 -6.18104696
v 18.08146095 9.80621243 -4.53665066
v 16.66882706 -12.52766037 -34.22836304
v 16.99692726 -11.22877026 -34.24593735
v 18.39995575 -13.26462650 -34.27888870
v 18.23970795 -17.06015015 -19.23595047
v 18.19095802 -16.27107620 -18.85871315
v 18.03665161 -15.31089306 -18.52923203
v 17.91805267 -14.09548759 -18.53713799
v 17.67928886 -17.84875107 -17.56817245
v 19.69241714 -8.72700214 -29.07304955
v 19.05911446 -8.17437553 -29.09000587
v 19.02899361 -7.96510077 -27.58905792
v 19.65997887 -8.52299309 -27.57821083
v 18.32938957 -7.88921547 -29.79355812
v 18.30964088 -7.54497004 -27.60864830
v 18.21253395 -7.45860577 -26.10738564
v 18.92346001 -7.88968992 -26.07726288
v 19.54833603 -8.45706081 -26.06830978
v 17.54589653 -7.63233519 -29.79845619
v 17.52909851 -7.27976894 -27.62528992
v 16.73175621 -7.54023075 -29.79740334
v 16.71759033 -7.17950201 -27.64645958
v 16.63891411 -7.07628632 -26.18901062
v 17.44104958 -7.18508387 -26.14161491
v 17.25631332 -7.30588865 -24.44961357
v 18.01094818 -7.59805250 -24.38294411
v 16.47240067 -7.17686892 -24.54672050
v 16.20856857 -7.53043556 -23.04229736
v 16.96478271 -7.69737148 -22.88768387
v 17.69245338 -8.02808380 -22.77899170
v 18.70807648 -8.04693604 -24.33323288
v 19.32473755 -8.62705135 -24.33165169
v 18.36609459 -8.52236080 -22.70031548
v 18.96769524 -9.14155006 -22.70021057
v 19.69102287 -15.02998543 -29.35099411
v 20.19226265 -14.35881996 -29.17547417
v 20.57391167 -13.60569954 -29.16169167
v 19.48951340 -14.65822411 -26.23124504
v 20.82028770 -12.78664780 -29.30820656
v 20.89841080 -11.75912476 -28.31135941
v 20.76965332 -11.60598564 -26.24124908
v 20.51527405 -12.66881943 -25.45067596
v 20.13766670 -13.58751774 -24.88054085
v 20.56459045 -11.76976204 -24.78474808
v 20.17489815 -12.57431793 -23.40713310
v 19.91327858 -14.05946732 -25.54528046
v 19.60826492 -14.55232239 -24.54877281
v 19.25090599 -14.91205120 -25.06848717
v 13.77104282 -15.03114414 -29.35112572
v 14.40007973 -15.36530495 -28.51968575
v 15.13512325 -15.92525101 -29.05008888
v 15.05568409 -15.52089310 -27.40985107
v 14.27885342 -14.98451233 -26.75585365
v 13.64686775 -14.42946434 -26.69192314
v 15.92166996 -16.18118477 -29.06483459
v 15.83530617 -15.79028034 -27.40922165
v 16.73844337 -16.27197266 -29.07652473
v 16.64426041 -15.89839458 -27.38452339
v 16.29219437 -16.05848312 -25.99511147
v 15.50648975 -15.90671444 -26.09106064
v 14.74532604 -15.60707283 -26.11370468
v 14.03555965 -15.17293453 -26.06093788
v 13.40362549 -14.61978149 -25.93781662
v 13.77283287 -8.74345875 -29.38211823
v 13.25338364 -9.40611935 -29.35794640
v 12.85968876 -10.14579773 -29.18350601
v 13.12957764 -8.95570946 -25.83038902
v 13.71127224 -8.28243637 -26.42545891
v 12.62616348 -10.99443245 -29.31334114
v 12.54035187 -11.71633720 -28.70821190
v 12.47342014 -11.34615517 -26.71267319
v 12.49590683 -10.50399876 -26.07915878
v 12.47518444 -10.06130314 -24.64314270
v 12.35124588 -11.33762455 -25.72295952
v 12.11184883 -11.68855858 -24.90418434
v 11.92413807 -11.39821148 -24.13198662
v 13.58899307 -8.32962132 -25.04594803
v 12.60886383 -9.74128151 -23.52849007
v 13.22889614 -8.90325832 -23.43414879
v 20.83358383 -10.99764442 -29.01132965
v 20.80019760 -10.79742622 -27.59074402
v 20.59608269 -10.16559887 -29.03049850
v 20.56237984 -9.96516991 -27.57241821
v 20.44631386 -9.91472054 -26.10085487
v 20.68560600 -10.74771500 -26.16025734
v 20.20270348 -9.52134228 -29.73026085
v 20.17689896 -9.19895077 -27.56830978
v 20.06178284 -9.14218235 -26.07062721
v 19.83502388 -9.32607460 -24.34123611
v 20.22282028 -10.10135174 -24.42022896
v 19.46702766 -9.90482044 -22.72675133
v 19.85377121 -10.72801971 -22.86956787
v 20.47095871 -10.92339230 -24.57989693
v 20.11023140 -11.56385708 -23.13192558
v 17.55426979 -16.18539810 -29.07147026
v 17.45297623 -15.83459568 -27.32891273
v 18.33813286 -16.00018883 -29.42493248
v 18.15460777 -15.53234673 -26.53857422
v 19.05993080 -15.58305931 -29.38409233
v 18.86879730 -15.16150665 -26.39501953
v 18.67637444 -15.37178230 -25.34832764
v 17.89835739 -15.90081596 -25.46607780
v 17.07968903 -16.04837227 -25.83712769
v 12.61900139 -12.59248638 -28.71979904
v 12.85881996 -13.58899307 -29.31694984
v 12.78854370 -13.04668903 -26.86781120
v 12.55135822 -12.21190453 -26.79187393
v 13.24872303 -14.35676575 -29.32482147
v 13.17518139 -13.81259251 -26.93816757
v 13.07691574 -13.70842838 -26.25683784
v 12.68406391 -12.96011353 -26.09527397
v 12.87374973 -13.97110176 -25.74223328
v 12.30664158 -13.62048435 -25.18060303
v 12.43718910 -12.16408825 -25.91496086
v 12.20832348 -12.48279381 -25.20793343
v 15.91142750 -7.43493462 -28.72674942
v 15.12843609 -7.67575407 -28.72972488
v 15.06034470 -7.36813402 -26.30012512
v 15.83551693 -7.13874245 -26.24061775
v 14.40663624 -8.20362949 -29.40049553
v 14.34310055 -7.75392962 -26.36005402
v 14.21629238 -7.80975056 -24.90449905
v 14.92458439 -7.43343401 -24.77906036
v 13.78760433 -8.50901127 -23.02060127
v 14.70235443 -7.73381281 -23.40702820
v 15.68564320 -7.22142029 -24.65341187
v 15.44519234 -7.54633951 -23.21102333
v 16.63006783 -8.02892590 -33.49985123
v 15.79086018 -8.12008190 -33.47230530
v 14.98403931 -8.38117599 -33.43849564
v 15.07456303 -8.26316261 -31.78383255
v 15.86342716 -8.01228523 -31.82122231
v 16.68357086 -7.92750072 -31.84839630
v 14.24067497 -8.79914761 -33.39642334
v 13.59046745 -9.36056805 -33.35234451
v 13.71000862 -9.21822453 -31.67872238
v 14.34720802 -8.67033863 -31.73433113
v 12.38421154 -12.99002552 -33.71070480
v 12.50038242 -13.29782963 -32.09063721
v 12.36936092 -12.50006580 -32.71530151
v 12.58558750 -14.32266808 -33.91176605
v 12.52081490 -14.06957817 -32.83610916
v 12.75631523 -14.14288235 -31.53105927
v 12.48216152 -12.35893440 -31.44574928
v 13.72054005 -15.53102970 -31.20603561
v 13.19234943 -14.87740040 -31.20424461
v 13.04911137 -15.08362103 -31.76571846
v 13.57024574 -15.69996643 -31.75834465
v 12.65404701 -14.59913826 -32.09885406
v 12.44835281 -14.94238377 -32.34583282
v 12.82308960 -15.37999821 -32.05072021
v 13.31199551 -15.95052814 -32.04619217
v 16.75308418 -16.83039093 -31.33600235
v 15.94283962 -16.76814461 -31.38613701
v 15.98307323 -17.02460480 -31.95835304
v 16.76488113 -17.07221031 -31.90200424
v 15.09594345 -16.59299469 -31.76877213
v 15.42012596 -17.15251923 -32.46911240
v 16.03710365 -17.37332726 -32.26557922
v 16.77351570 -17.41514015 -32.21386337
v 19.79929352 -15.89889431 -34.41501999
v 20.59787369 -15.20884895 -34.33642578
v 20.80936050 -14.22503376 -34.02266693
v 20.97661209 -14.67433834 -33.95747375
v 21.17693520 -14.96702957 -33.97948456
v 20.38038254 -16.15811920 -34.40203857
v 18.41138268 -16.54875946 -31.75908279
v 19.13410378 -16.01224709 -31.33305359
v 19.75255585 -15.43624020 -31.25543213
v 17.56290627 -16.74423790 -31.37865829
v 17.56575012 -16.44512177 -30.31658936
v 16.75171471 -16.53569984 -30.30837440
v 20.97935104 -12.46931171 -33.86141968
v 20.88150597 -11.61830807 -33.87921906
v 20.88224220 -11.56764793 -32.93279266
v 20.94040680 -13.02515030 -32.91386414
v 20.62694168 -10.77283382 -33.44724274
v 20.57675552 -10.52990818 -31.05126381
v 20.81609917 -11.35616112 -30.99776077
v 20.90025330 -12.21448517 -30.96021271
v 20.22350502 -10.00313854 -33.47573090
v 19.68488693 -9.33049774 -33.50427246
v 19.66877174 -9.09952641 -31.13194084
v 20.18258667 -9.89365673 -31.77319527
v 13.06053925 -10.04400349 -33.30284500
v 12.65141392 -10.86367416 -33.72745132
v 12.68564415 -10.78489304 -32.79071426
v 12.80107689 -10.65545273 -31.55180931
v 13.18834686 -9.88933849 -31.61426544
v 12.41412354 -11.69561481 -33.69627380
v 12.44561481 -11.62589169 -32.74195099
v 12.56157398 -11.49065781 -31.48956299
v 13.00350666 -15.12111568 -34.25795746
v 12.77748489 -15.34576797 -34.25226974
v 12.44403458 -14.76660156 -33.85299301
v 13.38119221 -15.96140385 -34.35735703
v 12.52681828 -15.62013245 -34.25069046
v 12.21801281 -15.07909203 -33.87953568
v 15.01916409 -16.81922722 -34.25353622
v 15.90976906 -17.02449989 -34.48556137
v 15.92683125 -17.36395264 -34.48324203
v 15.30290222 -17.20828629 -34.11977386
v 16.56432152 -17.15594101 -34.52294922
v 16.77593994 -17.78482056 -34.54685593
v 15.96021843 -17.72468185 -34.48777008
v 15.37968159 -17.57143784 -34.14094543
v 15.93588829 -16.46081543 -30.31227112
v 15.14512920 -16.22341919 -30.32775307
v 14.35521221 -16.08523560 -31.31609726
v 14.41608906 -15.80465698 -30.25771332
v 20.66654396 -14.07263279 -31.64091110
v 20.25926208 -14.79503822 -31.28018188
v 20.56635475 -15.22180367 -32.06388474
v 20.78808403 -14.52372837 -32.21102142
v 19.91959763 -15.61823654 -31.81521988
v 20.15615082 -15.85342121 -32.11991501
v 20.97218895 -14.83727264 -32.46579361
v 20.92711067 -13.32252789 -33.87585068
v 20.83579636 -13.19245434 -31.60057259
v 19.02793884 -8.77697659 -33.51670074
v 18.27988815 -8.36701012 -33.52275848
v 18.29342270 -8.26800728 -31.86124611
v 19.03273201 -8.55158710 -31.15542793
v 17.47017097 -8.11302567 -33.51522827
v 17.50382042 -8.01481247 -31.86050797
v 15.06192493 -19.50715637 -23.10822868
v 15.71144676 -19.59699631 -22.78341484
v 15.31059074 -20.37532616 -21.79970551
v 14.48897076 -20.58892059 -21.77274132
v 16.47692871 -19.49830818 -22.30146027
v 15.58974743 -20.72662926 -20.85707092
v 14.82853031 -21.07045364 -20.87329102
v 17.92684746 -19.01461601 -18.51407242
v 17.66251564 -18.82870865 -17.95279694
v 17.33172417 -19.22510338 -17.70182610
v 17.63062859 -19.73870659 -18.00568199
v 16.33563995 -20.47796440 -17.27711487
v 16.15559006 -20.93543053 -18.03180122
v 16.70453072 -20.85254288 -18.20158195
v 17.17031860 -20.54658127 -18.05328560
v 15.96327209 -21.14912987 -18.50290871
v 16.53359222 -21.03685570 -18.56546974
v 16.89674377 -21.03106308 -18.61697197
v 17.10528183 -20.90288544 -18.39958763
v 14.21544933 -21.80138969 -19.90706444
v 13.63059521 -21.65899467 -20.49823761
v 14.82358074 -21.71323586 -19.40657234
v 11.59155655 -18.64762115 -22.59678459
v 11.79093170 -19.49830818 -22.32589531
v 11.44926643 -17.77091789 -22.79436874
v 11.92147827 -18.04323006 -22.82664871
v 12.33102417 -18.98454666 -22.64291573
v 11.23967457 -15.95189762 -23.20417786
v 11.31529617 -16.87504768 -22.95382690
v 11.77608109 -16.61574364 -23.34541512
v 12.01816463 -17.57786179 -23.04134941
v 12.71107960 -17.63205147 -23.71056557
v 12.25182152 -17.26589775 -23.47317123
v 17.92089653 -19.95983124 -19.61953545
v 18.10436821 -19.62311554 -19.38308525
v 18.12690735 -19.84671402 -19.09071159
v 17.92321396 -20.21313095 -19.28724289
v 18.15176392 -19.36623383 -19.18718719
v 18.17809486 -19.44901848 -18.94262886
v 18.02432442 -20.01407242 -18.73724937
v 17.79672241 -20.40660858 -18.90144730
v 16.01193047 -21.09594154 -19.07312202
v 16.55086517 -21.03422356 -19.00645447
v 16.56413651 -20.86267853 -19.51123619
v 17.00311852 -21.02116394 -18.91324425
v 17.74425888 -18.82445717 -20.71474075
v 17.85538673 -18.74809837 -19.75992966
v 17.94891357 -19.25627899 -19.57551003
v 17.74227142 -19.61627007 -19.87999725
v 17.95365334 -18.48079109 -19.33937645
v 18.04307175 -19.01329994 -19.23816299
v 17.84927750 -20.16720963 -18.37968063
v 17.61978149 -20.56079865 -18.51038551
v 17.59660912 -20.20575905 -18.07898521
v 13.28761387 -18.02995872 -23.87903023
v 13.05427170 -19.06880379 -22.94108200
v 13.89142609 -18.49585152 -23.83995628
v 13.56592751 -19.58467293 -22.76751137
v 13.17623520 -20.19069672 -22.13094330
v 12.71418667 -19.62311554 -22.42647743
v 14.42419815 -19.27239227 -23.34425545
v 13.91306973 -20.30844688 -22.14273834
v 13.06901741 -21.33533859 -21.03696060
v 12.55167389 -20.84832954 -21.53176498
v 12.12090588 -20.22734833 -21.97064400
v 11.75849247 -11.33393860 -23.09063911
v 12.78254032 -9.70386600 -22.44006538
v 11.75438499 -12.41896820 -24.26140213
v 11.37880516 -13.25132942 -23.75996208
v 11.13424683 -12.90776825 -23.06136131
v 11.47391129 -11.73058224 -22.75329208
v 11.05030537 -14.09970093 -23.34983826
v 11.97334957 -10.69378948 -22.41215324
v 12.59106445 -9.85742569 -22.05721855
v 13.73465347 -15.89734077 -25.43121719
v 13.10198307 -15.35229778 -25.31325531
v 14.43873310 -16.32852936 -25.47229195
v 14.16026115 -17.17974472 -24.88806915
v 13.47724628 -16.74707985 -24.86321259
v 12.85784626 -16.20877838 -24.75810242
v 15.18883801 -16.63438606 -25.43068886
v 15.96084976 -16.79616165 -25.30704117
v 15.62792683 -17.67612839 -24.67573929
v 14.76591682 -17.96070862 -24.45019341
v 15.34208202 -18.62813568 -23.88993073
v 17.36911392 -20.45305443 -19.84829521
v 17.64158249 -20.27137375 -19.78436470
v 17.63642120 -20.52109337 -19.46955490
v 17.07631874 -20.65227318 -19.72986031
v 17.50361061 -20.72194290 -19.10071754
v 18.47268105 -16.35275459 -24.13343620
v 18.85047150 -16.57213974 -23.82873917
v 18.60823059 -16.97415543 -23.72299576
v 18.15439606 -16.85777473 -23.96723747
v 19.13705254 -16.72506905 -23.68834305
v 19.05732346 -17.01933861 -23.57406998
v 18.55825424 -17.34352112 -23.44041443
v 19.63248825 -14.68150043 -22.88905334
v 19.72296143 -15.31375027 -22.87409782
v 19.66850853 -15.49669456 -23.20428276
v 19.57719421 -14.88751125 -23.30992126
v 19.84713554 -15.69965076 -22.90453529
v 19.83449745 -15.91998482 -23.11897087
v 19.68062210 -16.21825790 -23.37290382
v 19.48261642 -15.81940269 -23.50403023
v 19.31631088 -15.29500294 -23.77734184
v 17.34320450 -20.86623383 -18.71639633
v 17.91731644 -9.34261036 -21.42370415
v 18.49469376 -10.02573013 -21.38642120
v 17.27853775 -8.78050518 -21.57378960
v 16.90179825 -9.59380436 -20.48433495
v 17.49002457 -10.28819370 -20.23398399
v 18.02390289 -11.10423088 -20.15320206
v 16.58909798 -8.38596821 -21.76199913
v 15.86911488 -8.16458130 -22.00234604
v 15.58042622 -8.78661442 -21.09889030
v 16.26122856 -9.09173298 -20.76733589
v 16.14210892 -9.47163010 -20.08042526
v 16.73317909 -10.07028198 -19.70147514
v 15.48974323 -9.10268593 -20.47422409
v 17.25947380 -10.94856453 -19.34611702
v 17.72900009 -12.00842190 -19.19003105
v 15.13185883 -8.14088345 -22.24648285
v 14.40555668 -8.30065727 -22.51568604
v 14.14046001 -8.82221317 -21.77621841
v 14.86307621 -8.70361996 -21.42486382
v 13.28355885 -9.32512665 -21.66868401
v 14.02681732 -9.02011395 -21.27456856
v 14.77355194 -8.95028496 -20.86296844
v 11.86307716 -13.23237228 -24.57431412
v 11.87318802 -14.88203430 -24.34018326
v 11.53605175 -14.10833740 -24.06107903
v 12.56378651 -14.71499348 -25.11882973
v 12.31996536 -15.58569241 -24.57631493
v 12.24476528 -16.47029305 -23.97766495
v 11.76786613 -15.77622032 -23.78871536
v 11.32182598 -15.01947975 -23.57722855
v 16.71716881 -16.81901550 -25.10840416
v 17.37694740 -17.24973106 -24.20623970
v 16.35559845 -17.71783638 -24.44171333
v 18.90250015 -16.41236687 -21.51143837
v 19.20119476 -16.55676270 -21.89249420
v 19.39382935 -16.07744217 -21.99760628
v 19.18443489 -15.40519619 -21.64331436
v 19.42805862 -16.68314934 -22.09155273
v 19.60310364 -16.42342567 -22.21920395
v 19.60436821 -15.77882767 -22.28674126
v 16.03246880 -18.68595886 -23.62767792
v 16.68367767 -18.54630089 -23.37890625
v 19.41194534 -13.01103687 -21.46857262
v 19.52321815 -13.77230644 -21.79844093
v 19.38382339 -11.64042568 -21.65383339
v 18.89175797 -12.75863266 -20.58186340
v 18.98981285 -10.81090832 -21.45340538
v 18.50132751 -11.92837715 -20.28769875
v 18.14533806 -12.98602295 -19.37308121
v 18.48911095 -13.87357330 -19.74455261
v 18.74304199 -14.68445015 -20.18195534
v 18.89639282 -15.32207108 -20.64905930
v 15.07530117 -9.27096558 -34.28976440
v 14.32909203 -9.07403851 -34.22994232
v 15.03980732 -8.67760563 -34.26417160
v 13.70906067 -9.60602093 -34.19560623
v 15.80897522 -8.42409515 -34.29355621
v 16.60752869 -8.33299160 -34.31914902
v 13.18853188 -11.84954357 -34.17718887
v 12.61075974 -11.79272175 -34.10102844
v 12.83920383 -11.00059319 -34.12641144
v 12.53903580 -12.61370850 -34.09481430
v 13.20877934 -10.25649166 -34.15758514
v 13.75572872 -14.23652458 -34.23681641
v 12.63761711 -13.41868687 -34.12198639
v 15.43473911 -16.26915550 -34.44787979
v 14.44126034 -16.06901550 -34.40361786
v 14.04306316 -16.50810432 -34.37855148
v 18.05497169 -16.24627304 -34.43997955
v 19.25059128 -16.28397942 -34.41478348
v 18.49300766 -16.78942108 -34.23773575
v 17.55374336 -16.66366577 -34.47671127
v 17.60335159 -17.26547623 -34.48029327
v 19.83027077 -11.85369682 -34.33618164
v 20.70351028 -13.32400227 -34.26427841
v 20.49497223 -14.10454559 -34.30250931
v 20.76775742 -12.52292156 -34.26269913
v 20.03819084 -10.20277691 -34.31851959
v 20.42240524 -10.93518829 -34.30061340
v 19.52600861 -9.56484032 -34.33705521
v 20.67159843 -11.71362495 -34.27596664
v 17.38110733 -9.03994083 -34.35469437
v 17.40734673 -8.41398430 -34.33347321
v 18.18030548 -8.65738392 -34.34242630
v 18.89734077 -9.04307365 -34.34210968
v -0.40812373 -27.94589043 -26.18237495
v 2.25338292 -26.26484299 -25.31603241
v 3.75589681 -28.19718933 -25.07996559
v 4.74239779 -27.36201096 -24.42078209
v 8.45511246 -27.86152840 -21.83956909
v 8.37988567 -27.36851311 -21.94107437
v 8.42578030 -27.77337265 -22.68209457
v 8.25157738 -27.14017487 -22.61300278
v 8.19154358 -27.06265831 -22.20804024
v 8.17226982 -26.91857719 -21.65931129
v 6.39242887 -28.85871887 -23.87581825
v 6.99281836 -28.50188637 -23.92358017
v 7.12497139 -28.92796707 -23.66009140
v 7.75487757 -28.75824165 -23.44757652
v 7.46524143 -29.26842117 -23.13687706
v 7.45973825 -26.61029816 -22.84260750
v 7.13039541 -26.72481155 -23.38496399
v 6.86895943 -26.90362167 -23.66922760
v 6.20337534 -26.57912445 -23.50792694
v 11.03492832 -27.06247330 -18.16919327
v 11.43488884 -27.23780823 -19.02841377
v 10.14369106 -26.98040199 -18.68458939
v 11.51014233 -27.42759895 -19.49757195
v 10.77762604 -27.37093544 -19.42900658
v 9.86616707 -27.20968819 -19.38498116
v 10.41610718 -28.07264519 -20.01346588
v 10.45834160 -28.56120872 -20.03453064
v 11.51909447 -28.76782608 -19.80658722
v 10.81396198 -28.88188934 -19.84049988
v 9.92693806 -29.09148026 -19.92570686
v 10.66809082 -29.32203102 -17.46822166
v 11.40092278 -29.05819893 -17.89277649
v 11.62833977 -28.66331863 -17.63176155
v 12.00463009 -28.90158463 -18.19294548
v 11.84775257 -28.13399696 -17.55958748
v 10.69431591 -28.17844200 -16.65502930
v 10.62080097 -27.23317528 -16.70526695
v 11.37406635 -27.37377930 -17.32793236
v 11.35184288 -27.14849663 -17.72657776
v 10.56245232 -26.98029518 -17.19986153
v 12.00252438 -27.41854286 -17.79619598
v 12.13533497 -27.30816460 -18.17377663
v 9.74947071 -27.77052879 -11.73100281
v 10.76087952 -27.96969414 -11.85802174
v 10.50578976 -27.50343132 -12.12480354
v 11.56849098 -28.06279755 -11.91152573
v 11.91163063 -27.90018082 -12.12575054
v 11.67976379 -27.62923813 -12.56568241
v 10.30809975 -27.21600723 -12.68237877
v 10.61500835 -27.40253258 -14.07347488
v 11.42767525 -27.68943024 -13.67609406
v 11.08348179 -27.93209267 -14.32361603
v 12.10279083 -27.83888245 -13.40352058
v 12.30743217 -28.14168549 -13.54286194
v 11.94122601 -28.54548836 -14.00090885
v 10.69284153 -28.43353271 -14.88319302
v 10.48733139 -28.90324402 -11.91028786
v 10.42295361 -28.34027100 -11.76194096
v 6.04676104 -28.92791557 -8.28464794
v 6.92441130 -29.21502304 -7.90780544
v 7.31104946 -28.88252068 -8.04935837
v 6.53134871 -28.51863289 -8.48286533
v 7.59478760 -29.34572792 -7.54044151
v 8.00512314 -29.19174767 -7.55623960
v 8.41809177 -29.03660774 -7.78489447
v 7.77236080 -28.70136642 -8.32888412
v 7.13410807 -28.31441307 -8.85602188
v 8.13772392 -28.35622597 -9.79981422
v 8.51751614 -28.76993179 -9.09320736
v 8.76944637 -29.03450203 -9.39495564
v 8.43231010 -28.70326233 -10.21625805
v 8.87087250 -28.98457909 -8.54542637
v 9.09942150 -29.25441360 -8.56764889
v 9.05070972 -29.52551270 -9.13865376
v 8.58745003 -29.23187447 -10.47387695
v 6.56971264 -30.03142929 -8.03700924
v 6.77127314 -29.60545349 -7.85051012
v 5.84527969 -29.42050743 -8.25421047
v 7.67072487 -29.67633438 -7.42669344
v 3.54683208 -29.43493652 -7.21878719
v 3.58158851 -29.90909767 -6.59169865
v 3.94810987 -30.19557381 -6.78127861
v 3.99476767 -29.80525017 -7.49009752
v 3.65584064 -30.18609428 -6.07330227
v 3.88049316 -30.47973251 -6.05687189
v 4.08618736 -30.74393463 -6.54835844
v 4.23342800 -30.36377335 -7.69947815
v 4.07565498 -31.50683594 -7.87578726
v 3.96664667 -31.47460747 -7.08102560
v 3.55588984 -31.82985878 -6.97580862
v 3.54082870 -31.96066856 -7.75498295
v 3.92936254 -31.55401993 -6.48132086
v 3.65805244 -31.76350594 -6.25835371
v 3.18957901 -31.93581390 -6.09784269
v 2.99525952 -32.04966736 -6.81540298
v 2.81084037 -32.23313904 -7.54591799
v 2.10138965 -29.39322853 -6.73156643
v 2.47086000 -29.85064316 -6.18094158
v 3.07899070 -29.78249931 -6.36788893
v 2.89278102 -29.28337860 -6.95664024
v 2.85307455 -30.26413918 -5.60819912
v 3.34851027 -30.20199776 -5.79788446
v 12.16924858 -28.50083351 -19.58751678
v 11.84032726 -28.89294815 -19.55391884
v 12.20621681 -28.06006050 -19.52706146
v 12.45161819 -28.07164574 -19.01509094
v 12.40137959 -28.55191422 -19.11693764
v 11.64948368 -29.14156151 -19.04816246
v 11.52391338 -39.97412491 -15.07016659
v 11.69140244 -40.25563812 -14.40366077
v 11.52204418 -36.77484512 -11.31150436
v 11.99810028 -38.17120743 -11.79324818
v 12.22886181 -37.91674805 -12.40885735
v 11.91163063 -36.57494354 -12.10595036
v 12.20474243 -39.40084457 -12.13544083
v 12.43192291 -39.25792313 -12.74536133
v 12.34808636 -39.12353134 -13.34738350
v 11.98035336 -37.13346481 -12.87985802
v 10.96014977 -35.61946106 -10.20604229
v 11.48475933 -35.13181686 -9.07761955
v 11.53015327 -35.23145294 -8.36927509
v 10.54454803 -36.12300491 -10.08892345
v 11.95723534 -34.76571655 -8.17511368
v 11.47538567 -35.08463287 -7.50168276
v 10.69515896 -35.79008102 -8.67665768
v 9.88670540 -36.41527557 -9.85100079
v 10.31767082 -31.24531364 -14.54664898
v 10.48167038 -30.58705711 -16.60015678
v 10.10493279 -30.46962166 -19.08597183
v 10.39129066 -30.96056175 -18.42691803
v 10.70806026 -32.62319565 -19.08086395
v 10.65187168 -31.88494301 -17.34657478
v 11.64305878 -40.75191879 -16.33221626
v 11.14730740 -35.70329666 -19.66982651
v 11.44151497 -37.94500351 -19.27653694
v 10.98956108 -34.21951675 -19.23129082
v 10.77225494 -35.14445496 -13.00708771
v 11.09738445 -34.93131256 -12.79225636
v 10.56466484 -33.98148727 -12.89660454
v 10.88652897 -33.50116348 -12.25250626
v 11.52362347 -35.22555542 -12.51502228
v 10.47463989 -33.17813873 -13.64620876
v 10.54236221 -34.10525131 -13.55461884
v 11.64800930 -37.13788986 -18.50406647
v 11.43399429 -35.89182281 -18.85299873
v 11.31669140 -34.80984879 -18.18857384
v 11.78613949 -35.74073792 -16.89879608
v 11.84659481 -36.23396301 -16.97278595
v 11.71193981 -35.33445358 -16.63928413
v 11.73790169 -37.59872818 -15.52850151
v 11.99846935 -37.05031586 -16.34127426
v 11.95407581 -37.28986740 -15.98196697
v 11.33514977 -36.86973953 -14.40740013
v 11.14572716 -36.38494110 -14.22703552
v 11.45084572 -37.25716782 -14.64295197
v 11.40134430 -36.41116714 -14.47096157
v 11.32066727 -35.00521851 -15.17883205
v 11.43462658 -34.86324692 -15.74230671
v 11.21460819 -35.34667587 -14.69508743
v 11.45979786 -35.55321121 -14.86044312
v 11.54595184 -35.27063370 -15.26130009
v 11.63758183 -35.15298843 -15.72777176
v 11.63210487 -35.07688904 -16.22742081
v 11.99673080 -36.70749283 -16.59768105
v 11.59371567 -37.51710129 -15.04043865
v 11.15162563 -35.83420944 -14.36374378
v 11.40787411 -35.95627975 -14.58502579
v 11.95972443 -36.41904831 -16.12709427
v 11.88566875 -36.58110428 -16.10166550
v 11.92964077 -35.76290894 -16.25327682
v 11.80683517 -35.61366653 -15.58116341
v 12.02169228 -36.36598206 -16.56276703
v 12.01221371 -36.86189270 -16.09455681
v 11.96955776 -37.00913239 -15.80678940
v 11.93922520 -37.27280807 -15.60264874
v 11.90989304 -36.99649429 -15.37162495
v 11.80994225 -37.13441467 -15.14929008
v 11.85251904 -36.61259460 -15.18193913
v 11.68342400 -36.39960861 -14.87837410
v 11.90088749 -36.07292557 -15.45488262
v 11.71878529 -35.86285782 -15.11469078
v 11.79082584 -36.55029678 -15.79791641
v 11.79277515 -36.52622986 -15.48437214
v 11.79659271 -36.75040817 -15.54380035
v 11.86106300 -36.86518478 -15.64866161
v 11.88856506 -36.77136993 -16.01561737
v 11.86847496 -36.36861420 -15.46309662
v 7.82265234 -49.21100616 -15.72853565
v 8.15865612 -49.03038025 -15.99468517
v 8.81842136 -48.58778763 -15.95263481
v 7.78700066 -49.98825836 -16.40604782
v 8.02581882 -50.01685333 -16.56950760
v 7.75045395 -50.21122360 -16.35622978
v 7.65808630 -49.76639557 -15.81613731
v 7.74655676 -49.01497650 -15.16419220
v 18.30563927 7.03963423 -5.18575191
v 17.20596886 10.78299713 -4.12168121
v 16.07881165 13.11651707 -3.85216141
v 16.82954788 10.51253033 -3.75821400
v 18.23370361 13.85461617 -5.68255663
v 15.03706837 15.54335308 -4.50273705
v 16.92107391 16.93623924 -7.09998369
v 13.13989925 -17.56617165 -4.51684999
v 13.72275257 -17.09538078 -4.88547802
v 13.46618748 -16.05290222 -4.45144510
v 12.67627048 -16.61795616 -3.85774350
v 14.26547813 -16.92528534 -5.56312132
v 14.19554424 -15.86911488 -5.43410158
v 14.44989681 -14.93764400 -5.14404392
v 13.84655857 -14.54136944 -3.83046508
v 12.31301403 -15.18936443 -2.30613613
v 14.64369011 -16.95119476 -6.34608698
v 14.74922276 -15.82856560 -6.50543976
v 14.99188519 -16.18339539 -7.51874495
v 15.93199158 -14.51825142 -8.00301647
v 15.14407635 -14.75501537 -6.38558292
v 10.98763847 -20.28654099 -5.65538359
v 10.77299213 -21.13722801 -6.72935486
v 11.49139500 -19.13863373 -4.71685696
v 11.00786018 -19.17560196 -4.27366114
v 10.35064983 -20.50824356 -5.35732174
v 9.58874893 -22.30398750 -6.72672176
v 12.64656925 -18.35651016 -4.58436155
v 11.80646706 -17.65764427 -3.74683905
v 11.12087154 -21.48868942 -7.74423981
v 11.67054844 -21.46615028 -8.80041122
v 10.94624710 -22.10250664 -8.71583748
v 12.82403755 -21.00125694 -8.76407528
v 12.25613976 -21.33302307 -9.74051762
v 12.87006283 -20.87318611 -10.26670742
v 11.94069958 -22.00676918 -10.44364929
v 14.71678352 -17.27853775 -8.28538609
v 14.19322681 -18.62971687 -8.97872162
v 14.43104458 -18.45372200 -9.46510029
v 15.08109379 -16.84165955 -8.74122047
v 13.53812218 -19.86419868 -9.81045151
v 13.72022438 -19.86103821 -10.54286289
v 8.10581112 -17.54394913 0.04802695
v 7.84171581 -16.13305283 0.70402658
v 6.69912720 -17.17563629 0.65573633
v 9.07603931 -17.35321045 -0.42213160
v 9.26138020 -15.76653099 0.03609920
v 5.84886074 -15.75915813 1.99048519
v 9.91830158 -17.39270592 -1.11536264
v 10.47569370 -15.66002274 -0.86746043
v 10.99753857 -16.77551842 -2.11950493
v 6.41654778 -22.08976173 -3.72577477
v 7.38287926 -22.03162384 -4.33422136
v 5.65696335 -21.80349731 -3.01927304
v 4.46545267 -23.02428627 -3.63403893
v 6.03770351 -22.80163574 -4.33769703
v 7.17981815 -22.62564278 -4.91517878
v 9.15703297 -21.00978851 -4.10925293
v 8.48433971 -21.47099495 -3.96053791
v 8.33488750 -21.82972145 -4.89990711
v 9.20548058 -21.31037712 -5.17490339
v 8.26495266 -22.47429466 -5.62515640
v 9.77179813 -20.35584259 -3.81529856
v 9.94010353 -20.41218948 -4.67346430
v 10.55908203 -19.25943756 -3.82741070
v 10.97478962 -17.90309715 -3.03096390
v 6.27889156 -20.69740295 -1.56888032
v 5.48834276 -20.89351273 -1.86757421
v 5.69161463 -19.67040443 -0.72640759
v 5.08243084 -19.70284462 -0.50502020
v 4.75561571 -21.16798210 -1.86852205
v 5.71378517 -18.20668793 0.37305143
v 0.56821358 -18.45688248 2.46201301
v 1.30515337 -18.02095413 2.59250736
v 1.02144158 -16.28245163 3.45628142
v -0.04655243 -17.52920341 2.91173911
v 2.32372475 -16.47208405 2.97056127
v -1.15169883 -15.98012447 4.00687981
v 3.67764235 -16.18710899 2.64809108
v 4.44997072 -17.34036064 1.59162986
v 1.00751269 -22.20561790 -0.95527285
v 0.57663935 -22.67682838 -1.80374885
v 1.62838733 -22.66187286 -2.11466026
v -0.28626588 -22.36149406 -1.28830183
v -1.39910078 -23.54605293 -2.34299874
v 1.23808944 -23.33543587 -2.75968003
v 2.67613316 -22.48556328 -2.29939532
v 3.57316279 -22.00266075 -2.19818068
v 3.68585753 -20.95312500 -0.62698334
v 4.11778402 -21.03948975 -1.35412824
v 4.47114038 -19.80132103 -0.26667595
v 4.64976692 -18.46720314 0.68933415
v 0.15155873 -19.27302361 1.95404375
v -0.53240401 -18.73640823 2.13677788
v -1.18358517 -20.14964867 1.02802420
v -1.30799711 -18.44898224 2.38154674
v -0.63583046 -21.39274025 -0.18220749
v -1.42111313 -21.65120125 -0.45309633
v 1.93624425 -7.69242144 6.80855703
v 0.79339254 -8.24525833 6.95779848
v 3.31301689 -7.60026455 6.42697430
v 3.40759611 -6.52545071 6.64277983
v 1.81796741 -6.49006271 7.12115335
v -0.29511294 -6.41075468 7.53380585
v 4.30546856 -8.83000660 5.99252033
v 4.83897829 -7.15564680 5.97477341
v 5.08643293 -9.37504959 5.52457333
v 5.74385452 -8.35173893 5.30476570
v 7.11272764 -6.59706974 5.17248106
v 2.52194142 -15.10984612 3.74610186
v 0.20084953 -14.44694805 4.70706224
v 3.69986534 -14.19596481 4.10061646
v 4.93055582 -14.30876541 3.22075438
v 5.92611456 -13.14479733 3.38384581
v 6.41257191 -11.40281868 3.97746873
v 5.43568134 -10.35222912 5.09696531
v 6.43855953 -9.56141663 4.63070345
v 0.86353713 -10.25986195 6.61655474
v 0.18052234 -9.65120506 6.69754744
v -0.07446283 -11.36047935 6.16946173
v -0.54967684 -9.25856304 6.86995983
v -0.74947315 -11.31898212 6.21053743
v -0.13165282 -13.05911636 5.46127462
v -0.94421399 -13.35033321 5.37701702
v 9.60423088 -8.66391373 3.37526226
v 9.33049870 -6.86029673 3.88623309
v 8.13498592 -8.29107285 4.16328335
v 10.73231125 -6.78875637 3.01018882
v 12.02379894 -6.92593861 1.92392159
v 12.77327251 -7.94709063 0.93705207
v 13.87578583 -6.18262672 0.44561845
v 8.83874893 -13.94498253 1.63312685
v 8.26569080 -14.70066929 1.33032537
v 8.10096645 -13.50957966 2.28665137
v 7.26818323 -14.24030590 2.13677788
v 11.75185680 -13.78889465 -0.87470132
v 12.11342812 -12.21527481 -0.03949584
v 12.68806648 -12.57052708 -1.08402920
v 13.08934402 -10.81685925 -0.58906734
v 13.01161671 -9.25361347 0.21106580
v 13.60594940 -8.85201931 -0.23012912
v 7.80753851 -12.58421898 2.93891215
v 7.02225590 -12.96169376 2.94712734
v 7.48546314 -9.67416477 4.07449675
v 15.24623871 -7.10998917 -1.69737339
v 14.54658318 -7.77457285 -0.93189126
v 15.98486328 -6.90260983 -2.77281904
v 16.05827332 -5.92005873 -2.56680870
v 15.20200348 -6.04728794 -1.24775267
v 16.64186287 -7.97826576 -3.68575215
v 16.56287193 -6.94515991 -3.94389701
v 16.88157654 -8.44631767 -4.46555805
v 16.91738701 -7.46503067 -4.97900438
v 17.53826141 -5.75386000 -5.74237967
v 16.75445366 -5.84075069 -3.92567635
v 14.75828075 -14.04303741 -4.84282255
v 13.55170918 -13.55191994 -2.68740249
v 15.75936890 -13.08776474 -5.09222555
v 15.35798550 -13.79805756 -5.84907150
v 15.89333820 -13.12230968 -6.56220818
v 16.94087410 -9.34229469 -5.03945923
v 16.92391586 -8.74406433 -5.71836615
v 16.71348381 -10.31104851 -6.20822001
v 16.92317963 -10.23542690 -6.85331917
v 17.21671295 -8.40987682 -6.32786608
v 16.35844231 -11.86486816 -6.54451418
v 16.55581474 -12.04065037 -7.34780693
v 14.43799591 -11.86971283 -2.07537508
v 13.57024574 -12.28078556 -1.87410414
v 13.82449341 -10.69368458 -1.30483735
v 14.10433483 -9.08625603 -0.91040558
v 2.38328457 2.98222589 8.04440880
v 1.35560274 1.52717268 8.31835175
v 3.79215407 2.98894024 7.65648031
v 0.10995643 3.38537312 8.42588520
v 4.90727949 0.97633725 7.56434965
v 5.18027496 2.94591618 7.18821764
v 5.71425867 0.43329576 7.24922514
v 6.22823143 1.45765996 6.83235979
v 7.37529612 3.28921390 6.31196260
v 2.16532016 -5.34110212 7.33569479
v 3.51218104 -5.49434614 6.89692259
v 1.10356653 -4.73012781 7.73328638
v 4.70632505 -4.50515938 6.96685648
v 4.88305569 -5.40850830 6.41981268
v 6.02643394 -4.85440779 6.07256508
v 6.94921494 -3.61255336 5.95312977
v 7.24503899 -1.70948541 6.15387392
v 6.17209482 -0.54620123 7.02004433
v 7.23432255 0.13649765 6.33300066
v 0.85848171 0.13776150 8.41050816
v 0.70334202 -1.56888032 8.33320236
v 0.04697372 0.55199391 8.48549747
v 0.00052661 -1.52738333 8.37575245
v 1.48156810 -2.86223745 8.25568485
v 0.71345294 -3.29110980 8.09285641
v -0.11185223 -3.59559631 8.09843826
v 9.25424480 0.56579113 5.50909090
v 10.08576393 1.12578952 5.08485317
v 9.52824116 2.70146322 5.21592665
v 8.57028198 1.53254414 5.73448086
v 10.91041183 3.00881982 4.36479139
v 12.18093967 2.15668368 3.45309544
v 13.14969349 1.59194589 2.64780140
v 13.93150139 3.34724641 1.83955848
v 12.13196468 3.85489988 3.39885449
v 9.98591900 -4.63354731 4.33211470
v 8.40640068 -4.93413687 4.92370987
v 12.10289574 -5.34657860 2.39365888
v 13.08428860 -4.64049864 1.68368149
v 13.84813786 -3.36315012 1.33411705
v 14.09180164 -1.50884664 1.53112221
v 13.26818180 -0.37105030 2.68171525
v 13.88500118 0.37152424 1.91949797
v 8.00227928 -3.46404886 5.48560429
v 9.17899227 -0.62682539 5.73047829
v 15.65351963 0.76800984 0.49016976
v 16.13252449 1.29504240 -0.15714081
v 15.53387356 2.22566986 -0.02285493
v 14.88951206 1.65313804 0.85068786
v 16.71695900 1.43638492 -1.01688635
v 16.29788208 2.32319832 -1.15159357
v 16.18413353 3.30880380 -1.11020184
v 15.30874825 3.88660169 0.13586570
v 17.21460533 1.29114544 -1.96794629
v 16.94250679 2.73569274 -2.41303825
v 17.42819977 1.61248374 -3.34198046
v 15.46910095 -4.96878767 -1.14243042
v 16.20667267 -4.98827267 -2.32635784
v 14.83369160 -4.47809172 -0.11933012
v 17.46442986 -3.48890495 -3.37115455
v 17.13087463 -4.04089880 -2.75860047
v 16.82017517 -4.82207394 -3.47026300
v 17.26737213 -4.20256853 -4.34875584
v 17.63610649 0.30301213 -3.91861963
v 17.65801239 -1.30820775 -4.21331120
v 17.83716583 -1.28293037 -4.80258942
v 17.85380745 0.58780348 -4.51274252
v 17.69698143 -2.53931952 -3.54440975
v 17.53710365 -2.90247059 -4.42922211
v 17.72868347 -3.12343669 -5.19259787
v 14.63136768 -3.11838126 0.57948303
v 15.42339039 -0.18578845 0.75652975
v 14.66338539 0.27278462 1.09640467
v 2.12935257 12.68374825 6.26980734
v 1.29609561 11.30644894 6.86406183
v 3.28065658 12.70978928 5.93669939
v 0.24940309 13.00319099 6.51123238
v 4.35823488 11.04093170 6.44035053
v 4.49520636 12.46167660 5.62889528
v 5.10202074 10.51274109 6.31849241
v 5.41746092 11.35616112 5.64832687
v 6.23065376 13.05153370 4.76730633
v 1.30968225 5.08264112 8.18785763
v 4.83039427 5.38702250 7.47429895
v 6.14249897 5.01586676 6.71524143
v 5.62852669 9.53050518 6.41728497
v 6.48993111 10.05822277 5.58505487
v 6.76766586 8.27614307 5.94315052
v 6.79686642 6.31575394 6.27194023
v 0.84931862 6.53819466 8.08295631
v 0.45530811 8.30418491 7.79474211
v 0.13628699 6.21812057 8.15836716
v 1.55834806 9.55072689 7.64207745
v 0.34780040 10.06132984 7.32929659
v 8.12008190 12.80315685 3.87957144
v 7.50515842 11.36132240 4.69168520
v 9.22870445 12.85892487 3.18778849
v 10.50947571 11.02797699 3.15440154
v 10.39915085 12.51554871 2.41261697
v 11.27474689 10.45576096 2.70815110
v 11.43041325 11.33109474 2.01576257
v 11.81283855 13.03763103 0.87175226
v 9.52365971 4.39309645 5.13667154
v 8.39144516 5.01144361 5.66486263
v 11.69150734 5.35879612 3.78222752
v 12.81824493 5.02134371 2.66739130
v 8.38912773 7.03215599 5.56533337
v 7.77267694 6.50628233 5.79198647
v 13.26101971 6.30058765 2.02208185
v 12.92672634 8.21002769 1.84635174
v 11.92153072 9.45425224 2.55259013
v 12.56199551 10.01690960 1.51885223
v 15.69628048 5.40503263 0.06182416
v 16.12136078 4.28714228 -1.05216932
v 15.09478569 5.97282505 0.70597506
v 14.56059074 5.03998566 0.94105434
v 16.74771309 4.36402750 -2.18996549
v 17.13814163 4.92033958 -3.07825351
v 14.64474297 7.02973366 0.98781741
v 14.02081394 6.49164248 1.25175500
v 13.61900997 8.25084019 1.17402720
v 13.11651707 11.35036850 0.33829507
v 17.18327332 8.26974583 -2.02366185
v 17.09453964 6.85995436 -2.48834348
v 17.17584801 6.32702351 -3.30290580
v 16.96878433 8.13530159 -3.24403071
v 13.27866077 12.78857040 -0.65104949
v 14.17463684 12.56626129 -1.54418218
v 15.15566158 11.96208000 -2.28243852
v 15.92619896 11.37733078 -2.91668916
v 14.89951801 13.10967159 -2.62789559
v 16.60921478 9.49796104 -2.41630316
v 16.53791046 9.94926643 -3.16672421
v 10.71996212 17.21207237 -0.37859401
v 12.02148151 14.76691723 -0.35240826
v 10.94382477 18.78727722 -1.31800270
v 9.94057751 19.29830170 -0.77396053
v 10.81269836 19.62775040 -1.72338808
v 9.93546963 20.44273376 -1.40204978
v 8.71194077 21.93693924 -0.56568581
v 10.92834187 20.11223221 -2.31213951
v 10.15137959 21.03759384 -2.22914553
v 10.55781841 21.21716690 -3.18325973
v 10.05816936 22.30851746 -3.19726753
v 9.52702999 22.18013000 -2.00702095
v 10.99901390 21.17209053 -4.13758469
v 11.59134579 20.68181419 -4.85356522
v 10.49388790 22.42963791 -4.36329031
v 12.84131050 15.28173256 -1.32116234
v 13.99169254 14.20507526 -2.26790404
v 14.68982124 14.82621384 -3.46489143
v 12.72019005 18.81813812 -4.19751310
v 12.52460670 19.32652855 -4.96331120
v 13.53211880 17.64590073 -4.61764336
v 14.31339931 16.08776283 -4.08397579
v 6.17766333 15.63086224 3.87297583
v 9.51302147 15.16408730 2.08548594
v 9.92261982 14.20386410 2.06105113
v 10.53011894 14.73100185 1.25796902
v 6.49943638 20.50856018 2.00754738
v 6.00766039 20.90617752 2.35108232
v 6.98794746 21.36741066 1.44341516
v 4.90053892 21.23886490 3.04455042
v 8.09348869 19.82659721 1.00930309
v 7.98160982 21.12635231 0.53098214
v 8.66444016 19.41120720 0.63941139
v 5.89514971 17.79856491 3.25123215
v 6.86416721 16.47871971 3.29669189
v 9.97601891 17.58491898 0.22760139
v 9.20811367 18.61591911 0.53398383
v 9.35398483 19.07238579 -0.01042690
v 1.25659978 14.51603985 5.92479801
v 4.65587568 15.37525845 4.80954075
v 4.05143118 14.87466145 5.18290806
v 4.29567337 14.03229427 5.18385601
v 5.12055731 14.60598469 4.70927382
v 2.06305218 19.97194290 4.41595125
v 1.39067507 19.38455963 4.71506643
v 2.79111862 20.78887367 4.08463383
v 1.87984419 21.39568901 4.36518621
v 0.56895083 20.83864021 4.72001696
v 3.64109564 19.31157303 4.12336636
v 3.67179704 20.63141823 3.71108222
v 4.39414978 19.67261696 3.52639961
v 1.50768805 15.98602200 5.58997869
v 0.97028130 16.22994804 5.47454548
v 0.44182685 16.10261345 5.55448484
v 1.08660972 18.28109932 4.96141529
v 0.53461576 18.50775337 4.97405386
v 4.90527868 18.66078568 3.47721410
v 4.90327740 16.23268700 4.44575739
v 5.89730883 25.98289490 2.14825797
v 5.51383066 25.81227303 2.44884777
v 5.80746889 25.51199913 2.41198492
v 6.09689474 25.65618515 2.18153977
v 5.22240400 25.43795776 2.65496325
v 5.73603439 25.08573341 2.56085801
v 6.29774427 25.39224625 2.24789286
v 0.05771659 -25.19855881 -3.32260108
v 0.75473928 -24.78495979 -3.19516110
v 0.40875566 -24.09889030 -3.09141874
v -0.49838489 -24.56367683 -3.19842625
v 1.78689730 -25.04273605 -3.05271292
v 1.53949535 -23.92795181 -3.27162504
v 2.58571386 -25.02988434 -3.34540343
v 2.66444230 -23.87792397 -3.61508107
v 3.24866486 -24.86416054 -4.08050013
v 3.55557394 -24.15576363 -4.10661983
v 1.81343853 -27.89249229 -5.72752953
v 0.94863755 -27.96326828 -5.47444010
v 0.65826410 -28.24152946 -6.10911179
v 1.73802781 -28.12894058 -6.38158083
v 0.23118235 -27.76557922 -5.18143368
v -0.25330001 -28.02919960 -5.79904318
v -0.97717988 -29.00037766 -6.27868080
v 0.58148414 -28.77930641 -6.45793915
v 2.37138319 -28.48277092 -6.85163403
v 3.27215171 -27.32069778 -5.92753649
v 2.63747978 -27.70902061 -5.89120007
v 2.77376676 -27.90850067 -6.61265755
v 3.58127260 -27.43750000 -6.70028591
v 4.42795801 -28.12546539 -7.48304081
v 3.70607948 -26.13677025 -5.30392313
v 3.60791898 -26.80114365 -5.72047281
v 3.89871383 -26.74827194 -6.37010050
v 3.97222877 -25.89389801 -5.77818918
v 4.33569574 -26.73394775 -6.68975353
v 4.33516932 -25.79605293 -5.95165539
v 3.54361963 -25.75013161 -4.30267715
v 4.12115431 -24.79912567 -4.97052574
v -0.35409340 -26.63504982 -4.30925989
v 0.04929082 -26.13977242 -3.44298434
v -0.85616457 -25.44859505 -3.84141850
v -0.86659151 -26.50150108 -4.61806488
v -1.30436349 -25.89742470 -4.17581654
v -0.19832180 -27.30711174 -4.78257799
v -0.71829778 -27.39242172 -5.26663923
v -1.17676556 -27.54050446 -5.42693949
v 5.86149931 -24.47425842 -5.11718702
v 6.51302290 -24.05560303 -5.16068506
v 6.09131241 -23.43915176 -4.91991854
v 5.23093510 -23.94332886 -4.80817127
v 7.29346085 -23.87013054 -5.48686790
v 7.09429646 -23.22492599 -5.37670088
v 8.00291157 -23.80620003 -6.06266499
v 8.02239609 -23.14140511 -6.05760956
v 8.48486614 -24.01926613 -6.67458725
v 8.66960144 -23.39786530 -6.78591251
v 7.05048227 -26.78323746 -7.70284843
v 6.38126469 -26.89603806 -7.25859880
v 5.91616154 -27.21779823 -7.81080341
v 6.77043056 -27.05307388 -8.35974312
v 5.81410408 -26.75764465 -6.85479355
v 5.17290258 -27.07108307 -7.31336641
v 6.26304007 -27.65604401 -8.44184208
v 8.12761307 -26.22713661 -8.31045246
v 7.66061401 -26.59344673 -8.08011246
v 7.54823542 -26.82241821 -8.87245178
v 8.15078354 -26.36974335 -9.21875191
v 7.62406731 -27.32238197 -9.34303188
v 8.66401958 -27.05128288 -10.31147003
v 8.57870770 -25.15727234 -7.87462902
v 8.41693306 -25.75982094 -8.22450924
v 8.45716667 -25.73612404 -8.99789047
v 8.64137459 -24.94388962 -8.45832443
v 8.76786709 -25.72201157 -9.53492928
v 8.92785168 -24.85025978 -8.80967999
v 8.63705635 -24.50058937 -7.34970284
v 8.76628685 -24.06961060 -7.70558643
v 9.20964146 -24.32185745 -8.52941704
v 5.49076509 -26.37774658 -6.38547754
v 4.82217932 -26.52383041 -6.69796848
v 5.40545416 -25.77856827 -5.92880011
v 4.75656366 -25.71674538 -6.06624556
v 5.50024414 -25.06880188 -5.42567587
v 4.83302736 -24.75746918 -5.32361841
v 11.77776623 -23.42977715 -11.51109028
v 11.59060860 -23.94596291 -12.17230320
v 11.42872810 -23.64010620 -12.60275555
v 11.78671837 -22.98026276 -11.68455601
v 11.76207256 -24.75009727 -12.18957615
v 10.98553181 -24.45888138 -13.23384666
v 11.00385857 -24.48521233 -13.82438850
v 11.57491589 -23.61177444 -13.04352951
v 11.07768917 -25.11882973 -12.68122005
v 10.67567444 -25.17222977 -13.52611542
v 10.90959454 -25.46376038 -12.55462360
v 10.46597767 -25.65144539 -13.53433037
v 10.39025116 -26.43030357 -14.89193439
v 10.64871120 -25.30483055 -14.31866550
v 9.91229820 -25.39298439 -9.73419857
v 9.17925549 -25.52705956 -9.74251938
v 9.28542042 -26.02976227 -10.46713638
v 9.49574852 -23.93700981 -8.53742218
v 9.90555763 -23.22418785 -8.24273014
v 9.63266754 -26.21639442 -11.20070553
v 10.00066376 -26.13929749 -12.03085518
v 9.42886925 -26.73152542 -11.47749233
v 9.87143326 -26.57259369 -12.38705540
v 10.75034809 -25.74592018 -12.11890507
v 10.26902485 -25.99395370 -12.87690926
v 10.17170715 -26.46832466 -13.43774986
v 10.49062252 -22.78130913 -8.77671432
v 11.08158588 -22.61647987 -9.69101620
v 11.66759872 -23.16331291 -10.73918343
v 11.57860184 -22.60415649 -10.74286938
v 2.02650547 -32.31655502 -7.31199741
v 1.82723582 -32.78460693 -7.62069702
v 2.82716513 -32.62872696 -7.91602039
v 1.34507048 -32.14403534 -7.07881403
v 0.94674170 -32.62567520 -7.33590555
v 0.63938504 -34.84107590 -7.65703297
v 2.68850851 -33.20989609 -7.97178888
v 3.78243804 -32.31023407 -8.20386600
v 4.49883986 -31.76687622 -8.38986492
v 5.49950695 -32.45842361 -8.91279030
v 0.75842553 -29.95501709 -6.55515146
v 1.33474886 -29.56890678 -6.57990217
v 0.86732876 -29.21133804 -6.67132235
v 0.07309365 -29.68107414 -6.64277983
v 1.88526833 -28.98858070 -6.86922264
v 2.90004826 -28.85429573 -7.14948511
v 3.73851871 -29.02997208 -7.48451519
v 4.22647667 -29.50402832 -7.84345341
v 4.50136757 -30.21242523 -8.11265755
v 5.15167999 -30.28096390 -8.45558643
v 4.27566195 -30.98433304 -7.85482836
v 4.88205528 -31.05779457 -8.46543407
v 0.60865730 -31.10745430 -6.71197653
v 0.53703815 -30.48068047 -6.59506893
v -0.47204116 -30.47557259 -6.77108860
v 0.07309365 -31.12883377 -6.91461658
v 0.86353713 -31.73222542 -6.89081383
v 0.37947607 -32.00300980 -7.12842083
v -0.07488412 -32.25209427 -7.13990068
v 7.61964369 -31.04152298 -9.75147152
v 7.02889109 -31.11851311 -9.32323074
v 6.71934891 -31.55559921 -9.57484627
v 7.49936581 -31.41994476 -10.11430645
v 6.49353838 -30.93946457 -8.94133282
v 6.02243185 -31.38318825 -9.10626698
v 6.73525286 -32.06862640 -9.55788898
v 7.63544226 -31.82838440 -10.15706730
v 8.47854710 -30.34386826 -10.49704742
v 8.12582207 -30.78453636 -10.17865849
v 8.23493671 -31.11577415 -10.68167782
v 8.76239014 -30.60433006 -11.13824940
v 8.56206703 -31.56497383 -10.82449436
v 9.76316261 -31.48650932 -11.90710163
v 6.01021433 -28.20761681 -8.45769310
v 5.33889008 -28.71569061 -8.20207596
v 6.82224894 -27.94252014 -8.94575596
v 7.69895124 -28.20561600 -9.33207798
v 7.56803560 -27.80549622 -9.51681328
v 8.14204216 -27.98391151 -10.08313084
v 8.58376408 -28.34938049 -10.78389263
v 8.83761692 -29.05667114 -11.25847530
v 8.61293793 -29.82641983 -10.58741379
v 8.79061604 -29.91246796 -11.20017910
v 9.19431686 -29.96102142 -11.63547611
v 5.16237020 -29.31307793 -8.25589561
v 5.28938866 -30.03527260 -8.45832443
v 6.09805298 -30.56715012 -8.61662388
v 2.20260429 -34.00276184 -7.85440683
v 1.49357486 -34.55654526 -7.74592495
v 3.13365293 -33.68984985 -8.11139297
v 4.10019541 -34.12683105 -8.24936581
v 4.09598255 -33.51554108 -8.43094063
v 4.73307657 -34.31609726 -8.52667904
v 4.92750168 -33.66857529 -8.78566647
v 5.92026901 -36.27245712 -9.39442921
v 5.76955318 -35.27653122 -9.22949409
v 5.80083370 -37.16474915 -9.43129158
v 7.93732214 -37.68572235 -10.19519424
v 6.44445801 -36.34165573 -9.53829956
v 6.01453257 -34.58609009 -9.23239040
v 5.19175529 -34.78341293 -8.74606514
v 5.45611382 -34.34906387 -9.03833485
v 2.02281928 -35.62188339 -7.76256609
v 1.37329686 -35.41955566 -7.79700613
v 1.57014418 -36.39031219 -7.95635891
v 1.90475297 -37.34642792 -8.20818424
v 2.47391438 -38.06641006 -8.47370148
v 1.43027616 -37.64859772 -8.22124481
v 2.18217182 -40.44034576 -8.96819019
v 4.89011240 -37.32978821 -8.91500187
v 5.15805197 -37.74085999 -9.26372433
v 4.52860689 -38.46734619 -9.13839054
v 3.33776760 -38.23766327 -8.74480152
v 3.36030650 -38.90814590 -8.88635445
v 1.75968468 28.44098473 5.79359961
v 1.71654212 27.35692787 5.34489346
v 2.05178285 27.58626747 5.62368155
v 2.17711639 28.39777565 5.98314667
v 6.58730125 34.22446823 -5.38841820
v 5.82131910 34.57676697 -5.91718864
v 4.99406528 34.86896133 -6.37886858
v 4.99890995 37.47713470 -3.39295626
v 5.75433397 37.84544754 -2.23085690
v 6.43787527 37.46778488 -1.77826095
v 8.31553459 31.66443825 -1.55763710
v 8.27654552 32.60305786 -2.48190570
v 7.96408701 35.06271362 1.17988563
v 7.89317894 34.40056610 1.80701387
v 2.55143166 27.25113297 5.16215944
v 2.97135139 27.23759842 4.87694693
v 2.97419524 27.53123665 5.31445551
v 3.33092165 27.51501656 4.80743408
v 3.23792195 27.67689705 5.12498093
v 3.19273877 27.72955894 5.33973265
v 2.67592239 27.53860855 5.55448484
v 4.09856272 35.17023468 -6.69365025
v 3.15363789 35.46774292 -6.90700674
v 3.29216290 38.07820892 -3.87248850
v 4.16876030 37.78593826 -3.67816901
v 6.33421230 30.36907959 3.59625459
v 5.86676550 30.30268669 4.19172049
v 5.89920473 29.93037224 4.19266844
v 6.10237122 29.85116959 3.91672397
v 5.59993172 30.04933357 4.45449924
v 5.76460266 29.58912849 4.39604568
v 6.03975725 29.65153313 4.10145903
v 5.10654926 24.94873428 2.70930958
v 9.42397213 27.90610504 -7.65147734
v 8.47464943 27.24433899 -1.41479385
v 8.25989723 26.98893166 -0.96053892
v 8.79324913 26.73299980 -1.10862207
v 8.95481396 26.93195343 -1.45945048
v 8.13150978 26.55500412 -0.65310329
v 8.69077110 26.39670563 -0.86701280
v 9.10616207 26.34267426 -0.98328853
v 9.27762699 26.52509308 -1.16233635
v 9.43445110 26.68012810 -1.47472215
v 6.60381079 23.03418732 1.64302719
v 7.05553770 23.22345161 1.16991961
v 6.97486067 23.61872673 1.46387398
v 6.63740826 23.45673943 1.82618248
v 7.34570074 23.62852097 0.75484461
v 7.19414186 23.93827438 1.14032400
v 7.13705683 24.22485542 1.44354677
v 6.97138500 23.92658234 1.70716834
v 6.68469810 23.80198669 2.01923823
v 1.98258603 31.58077240 -11.25800133
v 0.88776129 31.76824570 -11.29507446
v 1.02141523 33.48110199 -9.70481396
v 2.05694366 33.28193665 -9.69438648
v 3.09268260 33.00272751 -9.53745651
v 8.44989872 25.95566940 -0.73414874
v 9.24107933 26.04387665 -0.98802805
v 4.11072731 32.74721527 -9.24202728
v 5.07948160 32.49697113 -8.83727455
v 3.57063508 22.92886543 3.72745991
v 3.72314167 23.43209457 3.66616225
v 3.52029085 23.58249474 4.07133722
v 3.39306164 23.23019218 4.10619879
v 3.59980917 24.03848839 3.90208411
v 3.34945822 23.97387314 4.49336338
v 3.35999060 23.60545540 4.46303034
v 3.30669737 23.35025978 4.41405582
v 5.97345686 32.26526260 -8.27990913
v 6.80107927 31.97120094 -7.64597416
v 2.46106505 25.15095329 4.31147194
v 2.01702642 25.06964493 4.45070791
v 2.23546481 24.71365547 4.64660692
v 2.56880975 24.79054070 4.54202223
v 2.38439059 24.48173714 4.89221859
v 2.67665982 24.54556084 4.81069899
v 8.54016018 29.21133804 -8.02987385
v 8.08166599 31.96908188 -5.44192171
v 8.29412746 30.15534019 -0.71555936
v 8.35610962 30.66710091 -0.28989950
v 8.43209934 30.28594017 -0.16683045
v 8.34223366 31.07232857 0.18165456
v 8.59777164 30.56588745 0.38547945
v 8.56891346 30.32301331 0.22623220
v 8.11676502 31.63617134 0.46836805
v 8.40034485 31.23621178 0.82883346
v 8.00154209 31.88757515 1.10725284
v 8.21155453 31.50462341 1.17960918
v 8.38638973 31.30029869 1.24353981
v 2.19831228 35.72764969 -7.05440521
v 1.23790514 35.90066910 -7.07510138
v 3.45841408 27.97648621 5.01755190
v 3.69477034 28.69211197 5.10489082
v 3.31612372 28.44925117 5.53197241
v 3.36462474 29.41566277 5.56649160
v 3.06835318 29.60914040 5.78166485
v 3.02422309 29.26778984 5.83474731
v 3.25677466 29.10949135 5.66486263
v 2.69035172 29.62462234 5.93490887
v 2.72847819 29.28969765 5.95734262
v 2.77429342 28.98931885 6.02222109
v 3.04107475 28.98363113 5.91005278
v 3.21117020 28.93634033 5.77492428
v 5.07620335 28.05796623 4.03569841
v 5.37006569 27.88296127 3.75568628
v 5.72700262 27.94868279 3.47995257
v 5.85170412 28.29608727 3.81435061
v 5.59300661 28.46333885 4.11533499
v 6.26862240 28.47050095 3.02190614
v 6.38134384 29.27620888 3.13862944
v 6.23128557 29.26260185 3.66466141
v 6.14866066 28.51457787 3.52560973
v 8.64200687 30.43454933 -4.47293091
v 8.58563995 30.66997147 -5.26251173
v 8.67865849 29.09485054 -2.81199884
v 8.68750572 29.93142509 -3.69133425
v 7.55939913 36.46664429 -0.85658586
v 7.83305311 36.00251389 -0.23168263
v 7.85145807 31.88431168 1.59278846
v 8.09875488 31.50483513 1.57309318
v 7.67430592 31.69462585 2.01807976
v 7.96267843 31.36960030 1.91823423
v 8.24736404 31.10776901 1.84935343
v 8.35637283 31.23889542 1.53559840
v 1.50442302 38.47495651 -4.05111504
v 2.40155792 38.32308197 -4.01593733
v 4.87765789 29.31658745 4.61090279
v 5.23509502 29.02564049 4.46691418
v 5.45474434 29.42761612 4.54913139
v 7.11619043 36.10224533 -2.33488894
v 7.51548004 29.23756218 1.17297387
v 7.77657366 29.20902061 0.61666179
v 8.04567242 29.54531479 0.85690182
v 7.83513308 29.56722069 1.27503121
v 8.03650951 29.39912605 0.02411880
v 8.24978638 29.68728828 0.40917695
v 8.45832443 29.90657043 0.76832581
v 8.27896118 29.77280998 1.11304557
v 8.08569431 29.73036575 1.36023688
v 1.17255259 22.49430466 4.54855251
v 3.18094277 22.59225464 3.93810439
v 3.42434239 22.01298332 3.69881225
v 3.99287200 22.44227600 3.36978555
v 4.35849810 23.14419746 3.14855599
v 4.02149296 24.51920509 3.39622140
v 1.44154572 23.15162086 4.61385202
v 0.96907002 23.77565575 4.64186764
v 0.53556365 23.79419327 4.67715073
v 0.56484324 22.67893600 4.60795403
v 2.25076294 25.57584953 4.33674908
v 1.26776397 25.17001724 4.58836412
v 2.22506428 26.16402245 4.53746700
v 0.66468871 26.09969711 4.91654825
v 2.90236521 25.16159058 4.13705826
v 3.27278376 24.95853043 3.96738386
v 3.52861142 25.38476944 3.81498265
v 4.11083269 26.38490868 3.81814241
v 3.53798509 24.59801292 3.79181170
v 4.24195910 25.07543755 3.29858756
v 1.02541745 24.56904793 4.59036493
v 0.55115134 24.70712662 4.64186764
v 6.07625151 23.01164818 2.08685517
v 5.35869074 22.61826897 2.55511785
v 7.33327246 22.64776039 0.81245583
v 7.76214457 23.12581825 0.18336605
v 4.88147545 23.80856895 2.82858706
v 7.21511412 25.17280769 0.75331080
v 7.31994915 24.27188110 0.83899701
v 7.91075468 23.89835548 -0.14481811
v 5.22135067 26.17099953 2.75944304
v 4.79363680 25.69978905 3.03454471
v 5.70951939 26.77668190 2.59492970
v 5.06726408 26.97276497 3.33055282
v 6.29490042 26.05377579 1.72233474
v 6.52547693 26.61651230 1.54141760
v 6.66868925 25.87978363 1.29872870
v 7.04974508 27.51743889 1.08524048
v 4.68915749 25.06859207 2.96239901
v 7.40067863 26.06515121 0.35346147
v 9.62719059 26.04482269 -3.42829204
v 9.84494495 25.40772820 -3.64967942
v 9.83121395 25.29004478 -4.85775185
v 10.15917397 23.93932724 -4.79363680
v 9.39320469 26.83661079 -4.44297981
v 8.15215302 24.64351082 -0.59064722
v 8.74574947 23.39649582 -1.23890567
v 9.26351357 23.93806267 -1.98311269
v 9.24792576 23.17300224 -2.03651118
v 9.71576691 23.24472618 -3.03960013
v 10.04595280 23.46927261 -4.00098181
v 8.69719601 27.35692787 -2.03419399
v 8.46706676 27.96716499 -1.96236420
v 8.18343353 27.74525070 -1.18340087
v 8.93490791 27.21432304 -2.64422059
v 8.75596523 27.87658882 -2.74259138
v 8.35121250 28.70526314 -1.66008937
v 8.04145908 28.34674644 -0.80318749
v 7.87589264 27.40895844 -0.51681632
v 7.66166735 26.85717392 -0.04865888
v 7.65303087 27.98738670 0.04223422
v 9.21359062 26.73236847 -3.25308847
v 7.73939514 26.05956841 -0.19094925
v 3.15035987 30.32236290 6.10354948
v 4.18729687 30.73661423 5.85676003
v 1.96141636 29.27979660 6.01674414
v 2.29528785 29.53583527 6.02854061
v 1.96210086 30.20973969 6.48521757
v 1.26154995 30.46772575 6.77801371
v 2.14346576 27.26477051 5.30687237
v 1.82839429 26.74848175 4.93919230
v 2.44410825 26.75237846 4.73486710
v 1.31134105 27.47180939 5.35213470
v 3.06003284 26.86012268 4.52959394
v 3.55388880 27.19883919 4.41426611
v 0.95695800 28.32262802 5.76755190
v 0.82024968 27.46867561 5.35795355
v 4.01775408 27.92766953 4.45174789
v 3.52555704 29.02344322 5.30771494
v 4.14748478 29.51287460 5.16184378
v 1.44670641 29.07368088 6.01105690
v 1.08176482 29.23471832 6.14123535
v 5.95897532 31.11693382 4.45123434
v 5.22152185 30.79915619 5.04673290
v 6.59980822 31.70294571 3.91714525
v 5.21640062 30.04738617 4.68810415
v 4.63470554 27.42338753 3.85195065
v 6.04892063 28.14263153 3.20116472
v 6.15534830 27.69606590 2.49929714
v 6.51576138 28.16717339 2.12677217
v 6.78596544 28.91156387 2.06979299
v 4.48546410 29.44768143 4.88737392
v 7.32389879 31.00486946 2.47728467
v 7.48009157 31.40130234 2.33646894
v 7.17355108 32.08179092 3.02448654
v 6.98860502 30.93735886 2.84949350
v 7.48209286 32.49823380 2.48771167
v 7.73955297 32.85691071 1.87584198
v 7.94056082 32.52130127 1.09113848
v 8.21587276 29.72025490 -0.43319044
v 8.22556305 29.31813431 -1.07586682
v 8.34889507 29.84727287 -1.53939009
v 7.97479010 28.93844795 -0.40391085
v 7.63449430 28.67082405 0.34250796
v 7.28924799 28.68293571 1.03868806
v 8.21740055 31.18257523 -0.64238673
v 7.34159279 29.52330208 1.67472911
v 7.25649261 29.97797775 2.13172245
v 6.98686743 29.83400345 2.34363079
v 7.44027996 30.49411011 2.28112197
v 13.92286491 8.37185478 -18.96327209
v 6.45578003 -40.99289322 -9.89118195
v 6.33155251 -41.50686646 -9.83436012
v 6.67353392 -41.52719498 -10.21910191
v 6.04992104 -41.21302032 -9.40138054
v 6.07461929 -41.68380737 -9.55309677
v 6.20463943 -41.87823486 -9.87806892
v 6.51302290 -42.04906845 -10.27745056
v 5.54964018 -42.66878128 -10.05680084
v 5.52499485 -42.34123230 -9.71555614
v 5.08295727 -42.41463852 -9.63803959
v 4.93076658 -42.78621674 -9.94779205
v 5.51699018 -42.09351349 -9.39958954
v 5.01644611 -42.17950821 -9.34682369
v 4.69242239 -42.36040115 -9.55494022
v 4.39162207 -42.72028732 -9.82572365
v 8.76381207 -39.35381699 -10.67888641
v 9.14281368 -39.75419998 -10.71148396
v 9.22243786 -39.35028839 -10.69694901
v 9.02643299 -40.21456528 -10.80148125
v 9.53366470 -40.15895462 -10.74539757
v 9.46162415 -39.64545441 -10.67056561
v 6.03249025 -44.99058533 -10.98234558
v 5.41842842 -45.39829636 -10.98283291
v 5.29505634 -46.56814194 -11.58518505
v 6.08408117 -46.43016434 -11.76717472
v 6.77936316 -44.96279907 -11.27665234
v 6.86401272 -46.50983810 -12.36150169
v 6.65567207 -45.81260681 -11.52744770
v 7.23898268 -45.39252090 -11.72868633
v 10.37006855 -38.51708603 -11.05224037
v 10.01548767 -38.89585114 -10.87067795
v 10.62427711 -38.99714279 -11.06462955
v 9.94679165 -39.28248596 -10.75637722
v 10.63143826 -39.35382080 -10.97973919
v 9.02527428 -40.80331421 -11.00922966
v 9.36251640 -40.57960892 -10.92992210
v 11.95681381 -39.01346970 -13.71674919
v 12.03791237 -40.34748077 -14.05378056
v 12.34724331 -40.46291351 -13.68567848
v 12.19610596 -41.66263962 -14.00996590
v 11.98862171 -41.54510117 -14.34910393
v 11.02186871 -34.10029221 -11.29065037
v 11.20544529 -34.09660339 -11.83127022
v 10.76983261 -33.22063828 -11.81178570
v 10.45776272 -32.98745728 -11.45748138
v 11.85770607 -42.39062500 -14.57965374
v 11.91594887 -42.64519119 -14.37722492
v 10.43148518 -33.02900314 -12.47784328
v 4.79184675 -39.80307007 -9.27583599
v 4.97847748 -40.25837708 -9.14260387
v 5.40777111 -40.20298004 -9.27910137
v 5.39513254 -39.71049118 -9.45878124
v 5.15141678 -40.65081024 -8.98851681
v 5.49708414 -40.58603668 -9.10626698
v 5.74922562 -40.57897949 -9.25087452
v 5.79662085 -40.31714630 -9.44466782
v 5.93459320 -39.85646820 -9.67521763
v 11.71362495 -37.70136261 -13.36939621
v 12.40001011 -40.57845306 -13.14484882
v 12.21801281 -41.74615860 -13.56687546
v 12.15471458 -40.61162949 -12.56452370
v 11.84622574 -41.85074615 -13.02309608
v 11.58660603 -35.28927231 -11.91921425
v 11.38586235 -35.30907440 -11.28527927
v 11.98167038 -42.54460907 -13.98647881
v 11.63031483 -42.92282104 -13.85208797
v 3.34018993 -35.92541885 -7.18508387
v 3.83688974 -35.85938263 -7.10598707
v 3.93515539 -36.27740860 -7.15843773
v 4.38698769 -36.17071533 -7.25586081
v 4.26386595 -35.73215485 -7.19245672
v 4.04089880 -36.68058014 -7.28661489
v 4.47819662 -36.60285187 -7.38414335
v 4.86041117 -36.46224976 -7.54402208
v 4.79658604 -36.04906845 -7.42858934
v 4.85777807 -36.81223297 -7.81585884
v 4.66356421 -35.63852310 -7.36286783
v 4.47198296 -35.20164490 -7.46208143
v 4.95456934 -35.49423218 -7.68673372
v 4.74845362 -35.19343185 -7.68589115
v 5.07347822 -35.19911957 -8.22219276
v 4.71622515 -34.85882187 -8.06810570
v 4.24943686 -34.70631409 -7.84482288
v 4.82955170 -37.05784607 -8.34341812
v 2.70846701 -35.82831192 -7.48746443
v 1.42437816 -30.32111740 -6.06129551
v 1.87863302 -30.00957489 -6.06866837
v 1.92255235 -30.52460098 -5.61536121
v 2.33657408 -30.40011024 -5.52710104
v 2.38470650 -32.09822083 -6.63730288
v 2.66633821 -31.98373413 -5.97461557
v 2.22482729 -31.93044281 -5.99599600
v 1.84787893 -31.95635033 -6.47015667
v 4.15211916 -31.07933235 -7.05164099
v 4.03468466 -31.28787041 -6.29353142
v 7.23763990 -30.72534561 -8.39428902
v 6.94726658 -30.45477104 -8.11729145
v 7.80743313 -30.68911362 -7.93676901
v 7.79437351 -30.46519852 -7.65587473
v 8.87497997 -29.86907578 -9.67047882
v 9.17462158 -30.03000641 -8.78714085
v 9.00968647 -30.30921745 -8.93058968
v 8.72752857 -30.26550865 -9.60875988
v 8.19438744 -28.64080620 -8.70783329
v 8.74785519 -28.98373604 -8.14172649
v 8.47707176 -30.61970711 -9.34650707
v 8.91847801 -30.51764870 -8.58481693
v 8.62273312 -30.69638062 -8.26684856
v 8.11234093 -30.83519554 -9.01126671
v 11.15644360 -30.04796600 -13.58672810
v 10.38361549 -30.28530884 -13.23068714
v 10.03289223 -30.64087677 -13.24142933
v 10.20277691 -30.56830978 -14.11023235
v 10.19235039 -30.04433060 -12.65826035
v 9.79844475 -30.40232086 -12.49469471
v 10.67135620 -29.67191124 -14.89246082
v 11.02281666 -29.94127274 -14.21055222
v 10.32326603 -30.34702682 -14.92542744
v 10.39930820 -29.90551567 -15.53145123
v 9.52544975 -27.12521935 -11.82526684
v 9.15545273 -27.59811592 -11.31434822
v 9.90513611 -26.93816757 -12.59854221
v 10.50916004 -27.17461586 -13.42079353
v 10.16623020 -26.88308334 -13.53527832
v 10.29935741 -27.14091301 -14.36753464
v 10.34443569 -27.64192963 -14.99209595
v 10.36981869 -28.35475159 -15.37620640
v 10.38569546 -28.80576897 -16.20435524
v 11.30207825 -29.07681465 -14.54434490
v 10.38940811 -29.19206429 -15.59180069
v 9.04328442 -28.21003914 -11.36753559
v 9.92188263 -29.58070183 -12.18999767
v 9.43887520 -29.80156326 -11.99188614
v 10.44680882 -29.56838036 -18.83256721
v 10.59489155 -29.57670021 -18.11353111
v 10.31336594 -29.93363762 -17.92858505
v 10.11314774 -29.89487839 -18.83878136
v 10.41026211 -29.68128586 -17.12013245
v 10.61274433 -29.29385757 -19.47034454
v 9.77569580 -29.73352432 -19.66566658
v 9.43982315 -29.36342239 -20.27579689
v 9.65573311 -30.10815620 -20.03587341
v 9.04191494 -29.75722313 -21.06940079
v 10.24406338 -26.75933075 -16.72401428
v 10.32811069 -27.04032898 -16.00687599
v 10.03984356 -26.73173523 -17.65232468
v 9.99961090 -26.48875809 -17.52425385
v 10.24595928 -26.46579742 -16.39920044
v 9.70091629 -26.73247337 -18.67121315
v 9.02112675 -27.28403091 -20.21910858
v 9.61718559 -26.41808510 -18.67310905
v 10.19398308 -27.62802696 -19.82723045
v 9.18494320 -27.41727829 -20.06041336
v 9.05350113 -28.23647499 -20.56198502
v 9.24023724 -28.77224922 -20.42977905
v 11.23690987 -27.66086197 -17.02934456
v 10.35770607 -27.53987312 -15.95990181
v 10.38551140 -28.22762680 -16.19413948
v 12.04981327 -25.28566170 -11.86729050
v 13.15380192 -25.20603752 -11.05883694
v 12.98602295 -25.56961060 -11.11655331
v 12.69838810 -25.73528099 -11.16500092
v 11.89772797 -25.53769684 -11.74395752
v 11.08105946 -29.79461288 -12.56768322
v 10.89779854 -29.42450905 -12.18009758
v 11.78271675 -29.68128586 -12.42665672
v 11.86223507 -29.36921501 -12.17103958
v 12.11764145 -29.40333939 -13.84018612
v 11.46474838 -29.49170494 -14.28306675
v 11.36732578 -27.48573685 -13.16802025
v 12.22591209 -27.77147675 -13.00245380
v 12.60696793 -28.73728180 -12.67858791
v 12.53661346 -28.23521042 -12.54956722
v 12.29763699 -28.33589935 -12.13765240
v 12.37462711 -28.82259369 -12.24729252
v 11.25083923 -29.99935913 -13.00118923
v 12.07151031 -29.74026489 -12.68048286
v 12.62097645 -29.15056610 -13.28429604
v 12.25424385 -29.57196045 -13.50378704
v 12.67047787 -28.65997505 -13.15864658
v 12.57642460 -29.25567818 -12.83815098
v 11.62662888 -27.67826653 -19.72959709
v 9.31691170 -18.40032387 -0.20453581
v 9.94494820 -18.44118881 -0.74073142
v 9.57695198 -19.39446068 0.03444038
v 10.08650112 -19.39625168 -0.41791871
v 3.48669314 -21.22159195 0.21538401
v 3.30680275 -21.60770226 0.93378711
v 1.41942799 -22.18160439 -0.00115854
v 1.71001208 -22.19740105 0.92209631
v 1.07017946 -19.31989288 2.56312227
v 1.63080978 -18.99855423 2.68455887
v 1.40963304 -19.91928101 2.73953700
v 1.85440886 -19.88557816 2.84275293
v 2.24178410 -11.22745705 7.24237919
v 2.88561916 -11.33520222 7.31757927
v 2.81210423 -12.05507946 7.13073778
v 3.46046782 -12.08635998 6.96875238
v 3.51544619 -11.33572865 7.17160273
v 2.76207614 -12.75315571 6.80423880
v 3.37589407 -12.80823898 6.64214802
v 3.97623110 -12.77316666 6.40517282
v 4.09313869 -12.08478069 6.70681572
v 3.82172322 -13.33600903 5.88477564
v 4.12705231 -11.36332321 6.90619087
v 4.11293936 -10.61479759 6.85226583
v 4.63681221 -11.28159332 6.44793367
v 4.52833033 -10.71432781 6.51881552
v 1.56824839 -10.83292007 6.90513754
v 5.01692009 -10.90917397 5.75828362
v 4.73086500 -10.18971729 6.06582451
v 3.70713258 -13.72770214 5.03471947
v 4.14348269 -9.78222561 6.43550539
v 3.63941050 -1.07934248 9.41759968
v 3.58948779 -1.85103858 9.41149139
v 4.32421589 -1.87852764 9.23096848
v 4.33843422 -1.07017946 9.25087452
v 2.88888407 -2.57533979 9.19115734
v 3.57021379 -2.64200878 9.26972771
v 4.27113342 -2.70235825 9.09141731
v 4.95793962 -2.68540144 8.81378746
v 5.04040718 -1.89780164 8.94059563
v 4.81796646 -3.36367679 8.46127415
v 5.01702547 -1.12052345 8.97461414
v 4.93002939 -0.42581788 8.76397038
v 5.54616451 -1.13073969 8.49950600
v 5.36532640 -0.58190542 8.45958900
v 5.85149384 -0.93083805 7.76404047
v 5.47696781 -0.20074421 7.92950153
v 4.70432377 -3.89934587 7.74813700
v 4.85683012 0.22212464 8.19217587
v 2.20397353 -2.63579464 8.73732376
v 2.86539721 9.35935688 8.87761307
v 3.50491381 9.43855858 9.01958752
v 3.50554585 8.60514355 9.26688385
v 4.21520710 8.60904121 9.10984802
v 4.15770102 9.47942448 8.86929226
v 3.53503609 7.71843576 9.37167931
v 4.24280167 7.68367958 9.22349072
v 4.92444706 7.70221615 8.95091724
v 4.90380430 8.59113598 8.84190845
v 4.86167526 6.88649559 8.77313328
v 4.79216242 9.43034363 8.62726212
v 4.61427307 10.08987141 8.16889954
v 5.25505400 9.34608650 8.15236378
v 5.00765181 9.89133930 7.91802168
v 4.79184675 6.15619087 8.14962482
v 2.21871853 9.36514950 8.28517532
v 4.43627882 10.53296280 7.33790684
v 5.01892138 10.10440636 7.22500134
v 5.44990015 9.35050964 7.31126022
v 4.33632755 16.26470566 5.49529362
v 4.42332411 16.72917557 5.42978334
v 4.04342651 16.74055099 5.77650404
v 4.01330423 16.13031387 5.75470257
v 4.02204609 17.38554382 5.64432478
v 3.53745842 17.35120964 5.85844517
v 3.55220366 16.69368172 5.99094057
v 3.94189596 17.99788857 5.48507738
v 3.82635736 18.48552895 5.20586824
v 3.50396609 17.99609756 5.67718554
v 3.04907918 17.93985558 5.80968094
v 3.03517675 17.32192993 5.99399471
v 3.04212785 16.69125938 6.11827517
v 2.28749394 16.50989342 5.94465113
v 4.65366364 16.57013893 4.91981316
v 4.44702148 15.94947529 5.17332363
v 3.70270920 18.81508255 4.68820953
v 3.98665786 15.55399036 5.47001648
v 2.76786876 23.88782501 4.91159773
v 2.78587890 23.50424004 4.87547255
v 3.11111403 23.56364250 4.71317101
v 3.09394646 23.93458748 4.74992847
v 3.09689546 23.23545837 4.58983850
v 2.42683530 23.84200859 5.02576733
v 2.44674134 23.47380257 4.98858833
v 2.11645055 23.43504333 4.98416519
v 2.42525554 24.19136238 5.00017405
v 2.73837852 24.24265480 4.90464687
v 3.03780985 24.27361870 4.75635290
v 3.26393652 24.30763817 4.51916742
v 3.14966202 24.51164818 4.51895666
v 2.95997667 24.55293465 4.67525482
v 2.89962697 24.78906631 4.40415525
v 3.17799354 24.63392639 4.26913214
v 3.09984446 22.96983528 4.27355576
v 1.79995728 23.35478783 4.79300499
v 3.38716364 24.38515663 4.15833330
v 2.83392549 28.25421524 5.80040598
v 2.38802409 28.88894653 6.07893705
v 2.35584807 27.54745674 5.65433025
v 2.41840959 29.21081161 6.02748728
v 2.15605187 29.00290489 6.01727104
v 1.98321807 28.66913795 5.93848991
v 2.38460112 -27.46698952 -2.54311109
v 2.39239502 -27.90934372 -2.88035297
v 2.93364596 -27.79749107 -3.08625793
v 2.95544767 -27.37778282 -2.77229238
v 2.30055404 -28.14568710 -3.49869990
v 2.83685493 -28.00234413 -3.66858459
v 3.16725087 -27.76557922 -3.92999458
v 3.31796694 -27.55619812 -3.61423850
v 3.37810588 -27.13659477 -3.33513451
v 2.90678883 -26.88013458 -2.49150324
v 2.34605312 -26.94901466 -2.26053143
v 3.31048894 -26.64684677 -3.02675080
v 3.14555430 -26.22102737 -2.90099621
v 2.78524709 -26.26031303 -2.53131509
v 2.21208334 -26.29549026 -2.30034328
v 9.38663483 -21.11995506 -3.00937271
v 8.88066673 -21.49743080 -2.87877321
v 9.60707474 -21.31827736 -2.20987153
v 9.33839798 -21.56883812 -1.91718102
v 7.18508387 -20.88434982 -1.05206394
v 8.03303337 -21.19220734 -0.62213856
v 9.86964321 -20.63484192 -2.79525256
v 9.93989277 -21.03359032 -1.88105547
v 10.35370445 -10.95425129 3.50638843
v 10.31968498 -10.23553276 3.51723671
v 10.25659657 -11.68581963 3.33281732
v 10.93855858 -11.65148449 2.92985439
v 11.02070999 -10.89600849 3.12259412
v 9.03912449 -12.38405418 3.16830397
v 10.15085316 -12.39211082 3.03370214
v 9.42307663 -12.85426521 2.85844588
v 9.92904472 -12.98486423 2.61367702
v 10.79658413 -12.38305283 2.64601088
v 11.37248611 -12.29131794 2.18491006
v 11.54352951 -11.58502674 2.43073225
v 11.77902985 -12.17272472 1.59658003
v 11.60493279 -10.85988235 2.62484121
v 8.86834431 -13.08839607 2.60188103
v 11.95354939 -12.11690426 0.80919087
v 9.44593143 -13.43385315 2.10402274
v 10.01277637 -9.50375366 3.40222478
v 10.44596672 -0.46910530 5.66960239
v 10.36981869 -1.02657604 5.78714180
v 11.10612583 -1.03205276 5.60482883
v 10.98827076 -0.32175949 5.49403000
v 11.09569931 -1.80322230 5.56849289
v 11.80852032 -1.79732418 5.16479254
v 11.78513908 -0.99497932 5.22640610
v 11.08200741 -2.59514022 5.40892982
v 10.94277096 -3.31754565 5.11381674
v 11.77028847 -2.61852193 5.01639366
v 12.37905121 -2.56807256 4.54128504
v 12.44256020 -1.78247380 4.66556501
v 12.38979340 -1.01288414 4.74297714
v 12.94126129 -0.87859821 3.77064204
v 10.52527428 -3.95126963 4.69789886
v 10.59352303 0.35419872 5.25968790
v 9.94062996 -0.07583202 5.57439089
v 10.21689034 9.18968296 5.22946072
v 10.33337688 8.48939514 5.37301493
v 10.90843678 8.47359657 5.04735851
v 10.74107933 9.20642853 4.92455244
v 9.44961739 7.59447193 5.57333803
v 10.44701958 7.74813700 5.42367458
v 11.02397442 7.70484924 5.10644388
v 11.52836323 7.71569777 4.69473934
v 11.42756939 8.44958305 4.63122988
v 11.55121803 6.97422886 4.60184526
v 11.22861576 9.15492630 4.53549194
v 10.96552086 9.78896618 4.29040718
v 11.59640121 9.10542488 4.01098728
v 11.30718613 9.62087154 3.94358110
v 11.77165794 9.18957710 3.30585480
v 11.27169323 9.92030334 3.42887115
v 11.56975460 6.20653486 4.23079491
v 10.69947720 10.35654736 3.77675056
v 8.97195530 17.63118172 2.18654275
v 9.19937229 16.57782745 2.34995008
v 8.60156250 17.62770653 2.51954532
v 8.89404297 18.51986504 1.59647465
v 8.53152370 18.83962250 1.82555056
v 8.10354710 18.05365562 2.67107749
v 8.29138947 17.17805862 2.89257026
v 9.12712097 18.36830711 1.11567867
v 8.72394753 18.92072105 1.19256389
v 8.30171013 19.23689842 1.46018767
v 9.30174541 15.93662643 2.23409557
v 6.34598160 23.78166008 2.28654599
v 6.25353479 24.44526863 2.42325449
v 6.57740116 24.51280594 2.16497779
v 6.86680031 24.59856415 1.85135460
v 6.97945547 25.01785278 1.47802663
v 6.55788994 25.42552948 1.97247517
v 6.23697329 23.45210648 2.15931678
v 6.69122791 25.54211998 1.53580904
v 6.40190792 25.68936157 1.85862184
v 5.96597910 28.89963531 3.97981191
v 5.58481789 29.18458557 4.43259239
v 5.40450621 29.73963356 4.56898451
v 11.14530563 -25.49398804 -9.55894279
v 12.32554722 -25.72896194 -9.40833187
v 12.45130157 -23.79693031 -10.43585587
v 13.27639675 -24.33238983 -10.23669147
v 13.15464401 -24.34787178 -10.72085762
v 12.50828171 -24.01105118 -11.03313828
v 11.79956818 -25.77551460 -11.38912678
v 12.82835579 -25.91864777 -10.78942204
v 13.85503674 -21.08899117 -7.67557001
v 14.87160778 -21.25339890 -6.74346781
v 13.71369457 -19.17233658 -4.71706772
v 14.77292061 -19.84092140 -4.72833729
v 14.77629089 -19.33105659 -4.70063734
v 14.04187870 -18.61002159 -4.69579268
v 14.87718964 -18.15597725 -5.39945078
v 15.13006783 -18.18525696 -5.95723724
v 15.53018761 -19.29293060 -5.20576286
v 15.69859791 -19.28218651 -5.64148092
v 17.67844582 -10.54949856 -1.66904175
v 17.63599968 -11.22313881 -1.79195285
v 18.00768280 -11.22661495 -2.25189519
v 18.04401970 -10.52106094 -2.10412788
v 16.80553436 -11.79135323 -1.81206930
v 17.47822762 -11.87813854 -2.05136156
v 17.82758141 -11.90362644 -2.49466276
v 18.02221680 -11.84032726 -2.96692777
v 18.21348190 -11.19786167 -2.76597309
v 17.52657127 -12.35788155 -3.37326121
v 18.24160385 -10.51832294 -2.61515164
v 17.95217705 -9.78801823 -2.68455887
v 18.09467888 -10.39751816 -3.27078247
v 17.92721748 -9.85331821 -3.17188501
v 16.63312149 -12.67595482 -4.16349411
v 17.26768875 -8.95407677 -3.13186240
v 17.42282867 -9.30806446 -3.71513724
v 15.66215611 -11.74501133 -1.93392718
v 17.49950218 -9.96685505 -4.13179207
v 16.59562683 -0.51155019 0.79823732
v 17.74227142 -0.67016548 0.84141946
v 17.61956978 -0.13523377 0.67227197
v 16.76045609 0.19611004 0.56336874
v 18.37788963 -2.29813147 -2.53236818
v 19.04816055 -2.21282053 -1.56677377
v 18.78116989 -2.76018023 -1.65608704
v 18.17008972 -3.02517104 -2.38976192
v 17.93669510 -3.46373296 -1.90127730
v 18.77326965 -2.93617368 -1.16138852
v 17.61577797 0.73114705 -0.58938330
v 17.99209595 0.60412842 -1.31958246
v 18.51638985 0.08330990 -0.17156994
v 18.80644608 0.00242241 -0.79592025
v 17.87897873 8.57533741 -0.61708307
v 17.88824654 8.70024967 0.05160790
v 17.98767090 7.87336493 0.03644150
v 17.95017624 7.75392962 -0.62150663
v 17.58007431 8.74901390 0.55778664
v 17.71162224 7.89327097 0.55483764
v 16.64070511 7.23521757 1.07765734
v 17.11339188 7.10777760 0.82551581
v 17.28569794 7.93413591 1.02246845
v 16.61395264 7.86946821 1.24954319
v 17.14867401 8.75733471 1.01720226
v 17.63073349 9.38284397 -0.60328585
v 17.63294601 9.49100971 0.00537144
v 17.31982231 9.55388641 0.46541902
v 16.91475296 9.52365971 0.88828790
v 17.50445366 7.38435364 -1.52633011
v 15.63150787 7.53538609 1.10999119
v 15.96211433 6.72903872 0.87585986
v 16.44701767 6.28615856 0.40106714
v 17.13708878 9.34650707 -1.47588074
v 13.59099388 18.32038498 -2.14056945
v 13.84840202 17.69297981 -2.00986457
v 13.33021641 18.33860588 -1.72517848
v 13.59015179 17.67939377 -1.61911893
v 13.33990574 16.99753761 -1.28809118
v 13.26818180 17.68918800 -1.27503121
v 13.03268051 18.32333374 -1.36676693
v 13.26765442 18.90471268 -2.28085876
v 13.03984261 18.94863129 -1.88000226
v 13.32558250 18.79380798 -2.77513599
v 12.20495319 19.17718124 -1.54012728
v 12.39758778 18.79791641 -1.32263684
v 12.78938675 18.90608215 -1.52843654
v 12.41149044 19.35096359 -1.77162564
v 11.72973919 18.70165062 -1.32189953
v 11.64263821 19.28376770 -1.64060473
v 13.06775284 18.70596886 -3.43118834
v 13.10672283 16.20867348 -1.36581898
v 11.74121952 19.64291573 -2.07232070
v 10.14126873 25.62311363 -2.78240323
v 10.17592049 25.55633926 -2.31614161
v 10.00614071 26.05472374 -2.64400983
v 10.04226589 25.99184608 -2.16426706
v 9.82377529 26.09974861 -1.64903057
v 10.04963875 25.43174362 -1.87757981
v 9.83309650 25.33579445 -1.47377431
v 9.80918789 24.92545891 -1.64881980
v 9.70744705 25.76266479 -1.32969344
v 9.85542488 26.40544701 -1.98216474
v 9.81382179 26.45768738 -2.42104268
v 9.59917545 26.71772766 -2.21008205
v 9.56157494 26.74353218 -1.86420381
v 9.55209637 26.18490219 -1.22510839
v 9.52829361 26.53478241 -2.84191036
v 9.30121899 26.87855530 -2.38986731
v 9.12385654 26.99862289 -1.92739725
v 9.54367065 24.49500656 -1.85735798
v 8.56438446 30.12132072 0.45488679
v 8.57620716 30.61409760 0.93415570
v 8.46664524 30.43007278 1.26389337
v 8.30734539 30.18456650 1.51158488
v 8.06610489 29.90583229 1.61079848
v 7.90243387 30.38620758 2.02403045
v 8.23756981 30.65109253 1.87694788
v 8.10718060 30.92261314 2.06273627
v 8.38133430 29.94648743 0.05834853
v 7.81438446 31.14063072 2.15541983
v 7.69020939 30.83540726 2.26000500
v 7.70358562 29.76480675 1.66040528
v 18.49914360 -8.84909725 -12.00497246
v 18.57695007 -7.71380186 -10.95477772
v 18.29100037 -10.42806149 -11.90151978
v 18.26993561 -10.42500687 -12.45446205
v 18.80054855 -5.98577976 -11.65095806
v 18.46962547 -11.49434376 -11.41303539
v 17.97450638 -12.12074852 -12.44845867
v 18.24276161 -12.29658318 -11.22830009
v 17.69445419 -13.19845772 -11.97387600
v 17.45242310 -8.75406933 -7.09566545
v 17.20344162 -10.22552681 -7.39541245
v 17.73658371 -7.55139494 -7.16760063
v 17.65516853 -11.31508541 -8.14593887
v 16.93750381 -11.70235538 -7.85830402
v 16.78931427 -12.87838364 -8.53668499
v 16.75376892 -13.92086315 -9.41033268
v 17.23440742 -13.53327751 -10.35654736
v 16.91823006 -14.47422695 -10.53801823
v 18.05897522 -12.67995644 -10.73665619
v 17.22950935 -14.36592865 -11.45848179
v 18.05191803 -7.06912422 -7.94192982
v 18.33976364 -7.00729990 -8.97830105
v 18.41043472 -5.84833384 -8.72110367
v 18.09615326 -5.80388784 -7.45607805
v 18.78632927 -8.23367214 -9.95632362
v 18.52291870 -7.15401411 -10.05037594
v 18.62897873 -5.92174387 -9.95137310
v 18.76421165 -0.23118235 -5.65180254
v 18.13449097 0.25119358 -5.18564653
v 18.09373093 -1.26734269 -5.30076361
v 18.26487923 1.41521513 -5.44442320
v 18.03548813 -2.79251409 -5.65180254
v 18.08193588 -4.03858185 -6.34524441
v 18.93778419 -3.78075290 -7.20488453
v 18.31480217 -4.63428450 -7.31010151
v 18.58326912 -4.78184080 -8.43862915
v 18.78232765 -4.74950695 -9.48110962
v 18.91345406 -4.30104494 -10.28745651
v 19.54433441 0.71545404 -8.32793617
v 19.14948082 1.50705612 -8.58576488
v 18.88196373 1.72402000 -7.50631714
v 19.65713501 0.20285065 -9.01000309
v 19.31188774 0.93410307 -9.47868633
v 18.55662155 1.78405368 -6.38505602
v 19.06395912 -3.15461206 -10.44059467
v 19.19255829 -1.74424183 -10.26365376
v 19.08286476 -2.64369392 -10.99764442
v 19.67061615 -0.65763217 -9.48426914
v 19.28850746 -0.26646531 -10.00603485
v 19.29256058 -0.22133471 -10.95393562
v 20.10001373 -11.74543190 -10.07133484
v 20.41587639 -11.36932659 -10.04942799
v 20.77523613 -11.44610691 -9.52734566
v 20.23503685 -11.88635349 -9.71123791
v 20.94438362 -10.90927887 -9.45340919
v 20.91215515 -10.92075920 -8.96745300
v 20.74090004 -11.47507000 -9.07477570
v 20.95228195 -10.35707474 -9.38305378
v 20.57965279 -9.76653290 -9.42823696
v 20.92595100 -10.34412003 -8.90626049
v 20.73163223 -10.35191345 -8.46359062
v 20.71572876 -10.90338135 -8.51140690
v 20.55532265 -11.43557453 -8.64685154
v 19.98816299 -11.34826183 -8.33372879
v 19.67166901 -9.11490345 -9.64899254
v 19.16685867 -12.19526386 -10.16180706
v 19.27702713 -11.89741230 -10.54022980
v 18.85931778 -11.24072838 -8.23830700
v 19.46808052 -11.34120560 -10.69589615
v 21.17072105 -0.78644127 -6.02095699
v 21.80138969 -0.84794945 -6.43497896
v 21.85131264 -1.51527131 -6.43276739
v 22.08776093 -1.57541025 -7.04985046
v 22.03246689 -0.88344306 -7.01635790
v 21.76347351 -2.19891810 -6.54082775
v 21.26677513 -2.78945994 -6.73988676
v 21.98760033 -2.27790976 -7.12989521
v 22.03078270 -2.28844190 -7.74076414
v 22.13884354 -1.63059914 -7.69463301
v 22.08786774 -0.96812212 -7.62533092
v 21.63066292 -0.37642172 -7.66956663
v 21.70533562 -1.01477993 -8.25294685
v 21.46909904 -0.54209363 -8.12919235
v 20.58734131 0.11922479 -7.94013929
v 20.64726830 -0.28373814 -8.48560333
v 20.13329697 -3.22212362 -7.01635790
v 19.97920990 -0.59201640 -5.83200932
v 20.69645500 -0.92336017 -8.86971378
v 7.11009455 -32.43135452 -9.45793819
v 6.53893185 -33.02473831 -9.12027550
v 7.87547159 -32.12360382 -9.98886776
v 9.13365078 -32.19279861 -9.83857250
v 8.71920776 -31.97520447 -10.54760265
v 9.81466484 -32.51350784 -10.15422344
v 9.54661942 -32.24988556 -10.96604729
v 8.22398281 -36.25592041 -9.15618992
v 7.67019844 -35.66127396 -8.86887074
v 6.92083073 -36.09119797 -9.44098186
v 7.52590704 -36.85794449 -9.72651005
v 7.38530159 -34.82080078 -8.65991116
v 6.60254669 -35.04145050 -9.21169472
v 7.31589413 -33.92671967 -8.56986141
v 6.43445253 -33.97032166 -9.07403851
v 9.03117275 -36.49510956 -9.51944637
v 8.50550938 -37.03593826 -10.10451126
v 9.55641460 -36.86731720 -10.44449139
v 10.94793224 -34.08786392 -10.24058819
v 11.37011623 -34.74855042 -9.66989994
v 11.08874798 -35.17794800 -10.85988235
v 10.82923412 -34.12809753 -10.87841988
v 11.00259399 -36.03305817 -10.83323669
v 10.42943096 -36.55904007 -10.69515896
v 10.55960941 -37.04836655 -10.92465591
v 10.80327129 -33.18482971 -9.65826130
v 10.27608109 -33.07971954 -10.98342609
v 3.55773306 -41.94916916 -9.42718410
v 3.73335791 -41.15940857 -9.23054790
v 3.07593632 -41.03060150 -9.17904472
v 3.83783746 -40.48545074 -9.12385654
v 3.13691807 -40.08301544 -9.01958752
v 6.15806055 -39.32759094 -9.81085300
v 4.22805643 -40.04236221 -9.14586830
v 3.76021504 -39.53523636 -9.06750870
v 7.44318962 -41.29918671 -10.57469654
v 8.05873203 -42.98380280 -11.26432037
v 6.11279821 -42.42612076 -10.19498348
v 6.62245274 -43.16643143 -10.68346786
v 5.73979950 -43.61426163 -10.50054932
v 4.44486237 -44.04871750 -10.36068153
v 3.19969010 -44.51234436 -10.32084370
v 3.78638768 -42.62776184 -9.69486046
v 2.36171985 -43.14913177 -9.75015545
v 6.35251188 -40.30176926 -9.87764740
v 11.13487911 -39.03495407 -11.34457588
v 11.56290913 -38.61440277 -11.49318504
v 11.13814449 -37.91938019 -11.25410366
v 11.14172554 -39.70085526 -11.42135620
v 11.75006676 -39.52965164 -11.76396942
v 8.54827023 -41.21596909 -10.98300457
v 9.38560772 -41.87691498 -11.59440041
v 9.30174541 -42.84667206 -11.92669201
v 10.20456791 -42.62117767 -12.40854073
v 8.68953323 -38.33985519 -10.57353783
v 11.06684113 -40.73246002 -11.92366409
v 11.53763103 -40.81911469 -12.21332645
v 10.48609447 -37.73011780 -11.02134132
v 11.04177475 -42.35829163 -12.79517937
v 5.30629301 -47.59446716 -12.33607960
v 3.98360348 -47.81493378 -12.08909893
v 8.35068512 -45.03400421 -12.31206608
v 8.34289169 -44.14961243 -11.86381435
v 5.12595510 -46.20842743 -11.29274464
v 3.56952906 -46.07522202 -11.00922966
v 3.28305244 -47.07228088 -11.52638912
v 9.94105148 -44.49707031 -13.42953491
v 10.72622871 -44.20617294 -14.10781002
v 10.94635201 -43.25890350 -13.43648624
v 10.10219479 -43.53063583 -12.88733578
v 6.16577530 -48.55013657 -13.44027805
v 7.03837013 -48.67320633 -14.04598618
v 9.06061077 -45.24080276 -13.07754803
v 9.20579720 -43.81437302 -12.32312489
v 5.28254271 -49.17443466 -13.47008419
v 4.40478754 -49.57342148 -13.52748489
v 12.60644150 -28.19350243 -13.02278042
v 12.46699524 -28.56339455 -18.59137917
v 11.74179935 -29.13145065 -18.51386261
v 12.52144623 -28.09344673 -18.46204376
v 12.17325115 -27.65067291 -19.38582420
v 12.41254330 -27.62571144 -18.88101578
v 8.71488953 -34.42773819 -7.55413342
v 8.67349815 -33.69416809 -7.51463747
v 10.09450626 -34.03288651 -6.58874941
v 9.99265957 -33.38051987 -6.59749126
v 10.01867390 -35.82504654 -8.34984303
v 10.88547611 -35.13181686 -7.20709658
v 9.80376339 -35.36831665 -7.60437202
v 10.57856750 -32.58438873 -8.96502972
v 11.23862171 -32.59681702 -8.04999065
v 11.73268795 -33.01241684 -7.89832640
v 12.08183193 -33.65688324 -7.89263916
v 11.54121208 -33.87532425 -9.08604527
v 10.20213223 -39.81461334 -10.85464287
v 10.78710556 -39.85436249 -11.10844326
v 10.15398693 -40.39953613 -10.99767113
v 10.73504925 -40.44843292 -11.42519951
v 9.79402161 -39.71902084 -10.71201038
v 10.87547016 -39.32648468 -11.17532253
v 10.93645191 -40.19170761 -11.45663834
v 6.10658407 -40.63996124 -9.59022331
v 5.91057968 -40.84986877 -9.29890156
v 5.92079592 -42.15797043 -9.81403255
v 5.84422636 -41.95238113 -9.49248409
v 4.30083418 -40.77140427 -9.05497551
v 4.58035946 -40.44079590 -9.05876732
v 4.57393456 -40.94465637 -8.95312881
v 4.81628132 -40.79204559 -8.93153763
v 4.43332958 -42.15091324 -9.41528320
v 4.76857042 -42.01146698 -9.21201038
v 4.65756083 -41.69950104 -9.08004189
v 4.28082275 -41.77691269 -9.25687790
v 5.83171940 -45.87479019 -11.16352749
v 5.52130842 -46.02782440 -11.18164253
v 6.16477442 -45.76973343 -11.21466064
v 18.68880272 -8.72236729 -13.64249706
v 18.69775391 -8.30118370 -14.05493832
v 18.61023140 -7.31378794 -13.61174297
v 18.62476540 -7.76393509 -12.93104458
v 18.46341133 -7.27113247 -14.51961994
v 18.50943756 -6.28984499 -14.43083382
v 18.71239471 -6.16609144 -13.30167389
v 18.17409134 -7.38635492 -15.44561386
v 17.88108635 -7.84935141 -16.19097900
v 18.14407539 -6.34872007 -15.53913975
v 18.62171173 -9.48079300 -13.51337147
v 18.30321693 -10.41858292 -13.06859589
v 18.04254532 -11.91078854 -13.39414692
v 17.83516502 -13.02362347 -13.93423939
v 18.10163116 -10.99111462 -16.33453369
v 17.77249908 -9.98318005 -16.70969200
v 17.73258018 -12.20495319 -16.53169632
v 17.77702713 -8.83801174 -16.53611946
v 18.13459587 -12.46562576 -14.68445015
v 17.79598427 -13.35033321 -14.64232063
v 17.81262589 -13.17223263 -15.49690533
v 17.78187180 -12.82983017 -16.16464806
v 18.98159790 -4.88695240 -14.37290668
v 19.11988640 -4.69315958 -13.59057236
v 18.80076027 -5.28770351 -13.36086464
v 18.61612892 -5.49002790 -14.36921978
v 18.92029953 -4.62048721 -12.49722290
v 18.56768036 -4.48072481 -15.52207756
v 18.76958466 -4.84040022 -15.04591560
v 18.31627655 -5.47222805 -15.30121708
v 18.00852585 -5.08464241 -15.99034023
v 19.07164764 -0.64530945 -14.79019356
v 18.74177933 -0.11975140 -15.05486774
v 19.20614433 0.37020773 -13.74992561
v 18.21495628 -0.84110349 -16.08039093
v 19.38466644 0.70881873 -12.52355289
v 19.37760925 0.58580238 -11.60440540
v 19.05669212 -3.34440279 -11.80546570
v 19.19424248 -1.82365477 -11.43620586
v 19.50652313 -0.91135347 -12.05034065
v 17.96155167 -1.82344413 -16.40078163
v 17.90636253 -3.56031346 -16.33131981
v 18.48858452 -3.78780937 -15.79075432
v 19.40699387 -4.06628132 -15.31080151
v 19.57635307 -4.36750317 -14.95344257
v 20.06452179 -3.82467222 -15.23802376
v 20.33414650 -3.92736149 -14.96576500
v 20.12413216 -4.18434763 -14.47938728
v 18.71702766 -11.90962982 -14.77871323
v 19.26775742 -11.52288628 -14.80472755
v 18.68479919 -10.89221668 -16.00950813
v 19.23468781 -10.88157940 -15.79928589
v 19.05627060 -9.84036350 -13.95414543
v 19.50683975 -10.00013733 -14.27053356
v 19.43943405 -9.59843826 -14.27369308
v 19.08849907 -9.30448341 -14.06062603
v 19.81111526 -1.08545113 -14.75311947
v 20.49992371 -1.49831438 -14.83579826
v 12.04581165 -24.28562546 -16.26586342
v 11.54574108 -23.85822868 -15.70681286
v 12.60201836 -24.60201454 -16.70431900
v 12.51344204 -24.64782906 -17.18869781
v 11.90889263 -24.35145187 -16.82649422
v 11.32435417 -24.03127289 -16.46460724
v 19.36486626 -3.53145504 -15.53566456
v 20.20438957 -3.40085554 -15.33923817
v 20.14425087 -1.31389511 -12.66415787
v 20.78345108 -1.57614756 -13.20751572
v 7.61577320 38.58475494 2.55809331
v 7.36461926 39.15540314 2.18700337
v 7.39098883 40.67877197 5.29736710
v 7.52108860 39.98933029 6.02237892
v 5.22844696 34.54099274 7.51931095
v 5.96029186 35.00814438 7.06022453
v 6.43803310 34.94518661 6.25540447
v 6.47760820 36.46232605 7.60460901
v 5.45722008 36.35919189 9.16635418
v 6.93346930 39.57936478 1.68415546
v 6.36110878 40.16994476 1.53212273
v 6.88744354 41.43614197 4.58999634
v 4.34822941 33.77210617 7.59952736
v 4.41479301 34.71432114 8.38070202
v 5.00359726 35.87844849 9.17551613
v 4.29801702 35.51311111 9.37302208
v 5.73766661 40.57989883 1.19128025
v 5.09483910 40.90580750 0.89386338
v 3.30164862 33.83881378 8.23890591
v 3.34498215 35.83728409 10.25717640
v 4.45646095 41.90984344 1.82489228
v 3.68754268 42.18129730 1.67570341
v 1.79026771 33.41938400 8.34426117
v 2.48997593 33.84612274 8.58531761
v 1.97784662 34.36054230 9.08646679
v 2.68329501 35.31223679 9.99529171
v 2.21903443 35.37742996 10.13616085
v 2.91198921 42.44805527 1.63898540
v 2.20163012 42.59092331 1.66162968
v 6.84484053 36.17133713 6.51296997
v 7.18645334 36.43091583 5.74896240
v 7.04231977 37.97909546 7.69131565
v 7.51393986 36.15451050 4.45110273
v 7.61464071 37.52162933 4.75735378
v 7.50894976 39.07492447 6.47352695
v 7.66208839 38.28564072 4.54818344
v 7.73647261 37.86927414 2.88559270
v 6.88191414 33.90338516 4.59243202
v 2.56612420 39.68600082 -2.41661906
v 3.41101909 39.44349670 -2.29297090
v 1.71522558 39.83524323 -2.44168568
v 2.73353386 41.02438736 -0.68164563
v 3.53450942 40.78288269 -0.58359063
v 1.92665994 41.17120743 -0.69249380
v 2.82983780 32.76968765 7.68761253
v 2.93232942 32.46300507 7.63786411
v 2.50812435 31.51257515 7.13348913
v 3.05296612 31.89497757 7.28751183
v 4.24353886 39.15423203 -2.12324381
v 5.03240252 38.84505844 -1.86815333
v 4.32368898 40.49503708 -0.44477588
v 2.07262349 32.32634735 7.61862993
v 2.57291722 32.12771225 7.56003141
v 3.55439234 32.55624771 7.26811409
v 3.41170382 32.06543732 7.16030693
v 6.03593445 32.42425537 5.23041677
v 6.17051506 33.20726395 5.55653906
v 5.04531097 33.08996201 6.65476036
v 4.94756508 32.65416336 6.47584391
v 5.95838928 33.69919586 6.14006662
v 5.47866631 33.45200729 6.55367708
v 5.33916664 32.09552002 5.83493185
v 5.65988588 32.55714798 6.04095554
v 3.33839941 43.87735748 4.38309097
v 4.37656069 43.50725174 4.50041962
v 6.11329842 42.97250366 5.83730125
v 6.63825083 42.14712143 5.30065823
v 7.17202425 41.42945480 5.36595821
v 7.25472832 38.94537735 7.73681498
v 6.02085209 36.71448135 8.72045898
v 3.42939138 31.54676056 6.73716831
v 4.35685253 32.33048248 6.61554098
v 1.55237103 32.30412674 7.65771770
v 3.83815360 33.24054718 7.45850086
v 5.36862755 32.46388626 6.19357347
v 5.47707319 33.07034683 6.47552824
v 11.58997631 -23.43251610 -15.01305485
v 11.74859238 -23.42187881 -13.93971634
v 11.20154858 -23.72678566 -16.25069618
v 11.50432301 -24.34366035 -17.41313934
v 10.74181652 -23.90467644 -17.36447906
v 10.67514801 -24.30858612 -17.96945000
v 10.26807690 -24.12195587 -18.26487923
v 10.32747841 -26.20828438 -16.40457344
v 10.09808731 -26.25904846 -17.39807701
v 10.50526237 -25.88526154 -15.53134632
v 10.68573284 -26.06536293 -17.98061562
v 9.78717518 -26.18047905 -18.34060669
v 9.50891399 -25.88399696 -19.08712959
v 11.41450977 -23.83990288 -14.01596928
v 11.00670242 -24.58990288 -14.44031239
v 11.34325981 -25.43005753 -15.64488316
v 10.70505905 -25.35506821 -14.86539364
v 9.45109272 -25.44659424 -19.24385071
v 9.58990669 -24.87606239 -19.13726425
v 10.77673054 -24.70059776 -18.37809944
v 9.86490345 -24.42138672 -18.82530022
v 17.39649773 -18.00662994 -10.81364632
v 17.17374039 -18.11353111 -11.28064537
v 17.36500549 -17.86697197 -10.34296131
v 11.41672134 -24.56620407 -17.93522072
v 11.99904823 -24.74472618 -17.96618652
v 12.01000214 -24.99886894 -18.16872025
v 12.33091831 -25.63554192 -16.45365334
v 11.89572716 -26.03376579 -17.93237686
v 10.21341515 25.38129425 -7.73149586
v 10.20467281 25.34548378 -7.03478909
v 10.37692833 24.42807388 -6.85163403
v 10.39004040 24.58526802 -8.11160374
v 10.10640717 25.47745323 -6.42318296
v 10.11809826 25.57340240 -8.29697132
v 10.30525589 24.66310120 -9.03433228
v 9.89281368 25.45407104 -9.56247044
v 9.83622265 26.40083885 -5.75119400
v 8.95412922 29.06728363 -4.85422373
v 9.34429550 27.83646011 -5.15489244
v 9.25877380 28.32325935 -5.41177320
v 10.16270256 26.69776917 -6.26040745
v 9.76084518 27.57110023 -5.76249647
v 9.59612083 27.97674942 -5.82484722
v 9.88428307 27.72555542 -6.11005974
v 10.16001606 26.00511742 -6.54251289
v 10.04405689 26.29506874 -6.13375711
v 10.29582977 26.30023003 -6.74030828
v 10.17886925 26.07252312 -7.91033316
v 10.27544975 26.46137428 -7.64049768
v 10.34706879 26.33835793 -7.30567789
v 10.26238918 25.90316582 -7.51653337
v 16.29640770 -17.63705444 -12.17051315
v 16.24627304 -17.32740593 -12.58537769
v 16.74592209 -16.24953842 -12.39379597
v 15.52945042 -18.52776337 -12.35272026
v 14.72089100 -19.50273132 -12.03243542
v 14.13782692 -19.91243553 -11.52562428
v 15.92609406 -16.54117584 -9.40211773
v 16.34801483 -16.08776283 -9.86911678
v 16.31294250 -15.36125088 -9.67195320
v 15.81698036 -15.85131454 -9.05476475
v 16.67493439 -15.29911041 -10.63417721
v 15.48173904 -17.36995697 -9.41170216
v 15.24139404 -17.00185585 -9.16008663
v 14.70319748 -18.31564522 -9.72672081
v 14.25399780 -19.38466644 -10.61184883
v 16.03952599 -17.75575256 -9.50122547
v 16.67040634 -17.98050880 -9.61392021
v 16.57672119 -17.29665184 -9.55436039
v 16.73696899 -16.73886490 -9.89028645
v 17.11181259 -17.33425140 -9.86332321
v 7.97800255 -29.06456947 -22.77304077
v 8.05367661 -29.56174469 -22.36159897
v 7.41468668 -29.59797478 -23.08895493
v 8.27538013 -28.96867561 -22.11377525
v 8.57681274 -28.99948311 -21.51280594
v 8.31308556 -29.95375443 -22.17170334
v 6.65162706 -29.52066803 -23.69929695
v 5.97303581 -29.17868805 -24.12648392
v 7.85330105 -26.69002724 -22.30635834
v 7.86978388 -26.34467697 -21.63729858
v 8.37490940 -26.75216866 -21.03727722
v 5.70951939 -26.18690300 -23.59955788
v 6.22228050 -27.10257530 -23.81062317
v 5.44784594 -27.42899513 -24.05299568
v 6.19005203 -27.64767075 -23.95138550
v 6.44311523 -28.22280884 -23.98666763
v 8.42346287 -28.39561653 -22.02177811
v 7.02067614 -27.24834061 -23.88392639
v 7.01351404 -27.65467453 -23.98240280
v 8.08137608 -27.01494789 -22.91991234
v 8.29081059 -28.58867264 -22.71532440
v 8.39976597 -28.18813133 -22.78857613
v 8.57586479 -26.74216270 -5.11918831
v 8.95323372 -26.62093735 -5.48128605
v 8.30150032 -26.97797966 -5.63210726
v 8.67918587 -26.82536697 -5.96755886
v 8.82916451 -26.60187340 -6.33692408
v 9.04907703 -26.39723206 -6.11216640
v 1.30736518 -20.45695114 2.54458570
v 1.87915969 -20.63473511 2.64906526
v 1.83155394 -21.30500603 2.18533134
v 2.43747282 -21.33765602 2.04304099
v 2.48170829 -20.63842201 2.52878737
v 1.80237973 -21.87932968 1.61616993
v 2.36564302 -21.92072105 1.47356367
v 2.90815806 -21.84004402 1.29725420
v 3.02696157 -21.28204536 1.82607722
v 3.07288194 -20.61072159 2.28949523
v 0.74999976 -19.93402672 2.20060325
v 18.48595047 -0.67795932 0.54799169
v 18.09215164 0.00947900 0.38263574
v 18.53903389 -1.45629084 0.51692164
v 18.99370956 -1.45702803 -0.06508915
v 18.92661858 -0.65025961 -0.00810981
v 18.48163223 -2.25895166 0.34840602
v 18.92008972 -2.28254390 -0.21580529
v 19.17970848 -2.24420667 -0.83015001
v 19.26839066 -1.45586956 -0.71218908
v 19.19782448 -0.68248820 -0.64035928
v 17.15583611 0.60518163 0.07130317
v 7.41731977 44.66116333 30.48521042
v 7.16760063 44.17288971 28.74960518
v 6.52576685 44.51992798 30.65920258
v 6.25308752 44.02859879 28.92759895
v 6.86427259 43.82216644 26.91478539
v 5.95428801 43.67703247 27.09162140
v 8.52330875 52.06268692 28.72537994
v 7.10925198 52.21392822 31.47250175
v 18.16271782 -17.52994156 -34.14505386
v 18.31838417 -17.36890411 -33.36156082
v 18.16229630 -17.76144028 -33.45908737
v 18.04833794 -17.90193939 -34.14305115
v 18.11231995 -17.11412811 -32.45062637
v 17.92742729 -17.68939972 -32.77628326
v 17.76101875 -17.97555923 -33.00557327
v 17.86823654 -18.08762169 -33.52143860
v 17.86149597 -18.13691330 -34.02456284
v 15.22096157 -17.41334915 -33.36735535
v 15.39210987 -17.80441093 -33.45729828
v 15.62771606 -17.72415543 -32.78839874
v 15.50859642 -17.94364738 -34.13262558
v 15.70618057 -18.17609215 -34.00739670
v 15.69996643 -18.12469673 -33.51153946
v 15.80602646 -18.00757790 -33.00430679
v 18.22422600 -17.17416191 -34.10987473
v 18.51028061 -16.81259155 -33.13027191
v 18.39063454 -17.02270889 -33.22517014
v 17.54542351 -17.00090790 -31.95161247
v 17.50813866 -17.35047150 -32.25546646
v 15.00578785 -16.84966469 -33.14080429
v 15.13270092 -17.06504822 -33.23369980
v 19.71687889 -16.39048576 -32.24103546
v 20.41292763 -16.09113312 -32.38216782
v 19.12696838 -16.70079231 -32.46706009
v 19.91022301 -16.88568497 -32.94343185
v 20.23809242 -16.66524506 -32.82567978
v 20.63399887 -16.30799294 -32.79050446
v 21.10310364 -15.22517395 -32.66927719
v 20.96176147 -15.88575554 -32.79661179
v 21.15386963 -15.54724979 -32.89255905
v 18.74894142 -16.85503578 -33.19652176
v 18.96200752 -16.84081841 -34.06806183
v 19.26944351 -17.01438904 -34.05963516
v 19.06248474 -17.00533104 -33.30268478
v 21.00020409 -14.41229725 -33.09077835
v 21.18388557 -14.72636795 -33.21811295
v 19.50115204 -16.50252151 -34.39413834
v 19.77140999 -16.70811081 -34.37413025
v 12.21601200 -14.83664036 -33.10351944
v 12.00599957 -15.29078960 -33.18072128
v 12.23686600 -15.39769173 -32.51519012
v 11.98409271 -15.47689438 -33.86173630
v 11.91068268 -15.82803917 -33.73534775
v 11.94080544 -15.79791641 -33.23127747
v 12.11648273 -15.77948475 -32.72552109
v 14.23324966 -17.09790993 -34.05437088
v 14.44557858 -17.08421707 -33.29173279
v 13.98079205 -17.28411865 -33.34470749
v 13.82228184 -17.32403564 -34.01634979
v 14.31245136 -16.83260155 -32.51403427
v 13.85082436 -17.03313637 -32.65927124
v 13.47176933 -17.15278244 -32.83926773
v 13.46976852 -17.34330940 -33.35534668
v 13.45965767 -17.38975716 -33.85994720
v 14.17363644 -16.23447800 -31.86798668
v 14.65759277 -16.64460182 -32.29348755
v 13.87157249 -16.44796562 -32.14119339
v 14.55711555 -16.87862778 -34.07080078
v 12.42349720 -14.49939823 -32.97692490
v 14.77397346 -16.89147758 -33.20041656
v 20.36142540 3.13691807 -34.38834763
v 20.44210052 2.91616249 -34.32704926
v 19.95456505 3.10089779 -34.11208725
v 21.15207863 2.80673265 -34.36507034
v 21.14681244 2.69877744 -34.14431763
v 20.55016136 2.79377818 -34.11830139
v 20.17584610 2.94396758 -34.02045822
v 22.63117218 3.61039424 -32.88798141
v 21.97999001 3.53185010 -32.66838074
v 22.19777107 3.12638569 -33.26560974
v 21.19884109 3.46741915 -32.70656204
v 21.18230629 3.20801044 -32.93974686
v 21.16608620 2.95660639 -33.25434113
v 21.69480324 2.97208858 -33.27330017
v 20.39981461 3.69022822 -32.60113525
v 21.21295547 3.70133996 -32.42966843
v 22.97004509 3.66700482 -33.43644333
v 22.77635765 3.36978555 -33.57905197
v 20.33182907 3.36810040 -34.40383148
v 18.36472511 4.19819784 -34.36849594
v 17.96534348 4.05627584 -34.30440521
v 17.45073891 4.56561422 -34.31483078
v 18.37262344 3.78717756 -34.11135101
v 18.06919098 3.87396312 -34.02035141
v 17.73321342 4.07860422 -34.10303116
v 17.29833794 4.50231552 -34.10566330
v 16.89463806 6.06392860 -33.01336288
v 16.79742432 6.32017756 -33.47457123
v 16.72738457 5.92974806 -33.57420731
v 16.77435875 5.68224096 -34.04647064
v 16.77836227 5.40397930 -33.96737289
v 16.77172661 5.48318195 -33.63876724
v 16.85071754 5.52847052 -33.29636765
v 17.33103943 5.90699816 -32.53936386
v 17.91942215 5.32330275 -32.38322067
v 17.06989288 6.55199194 -32.66569519
v 17.72025871 5.14604521 -32.67285919
v 18.32720375 4.61169291 -32.64521027
v 16.93581772 6.61381626 -33.34786987
v 25.76203346 5.50624752 -34.13294220
v 25.88073158 5.81937027 -33.55356216
v 25.91538239 5.45021582 -33.65330505
v 25.83165169 5.20091820 -34.13599396
v 25.78225517 5.40534878 -33.17766953
v 25.75297546 5.07874441 -33.35924530
v 25.82596397 5.02650452 -33.71596909
v 25.80226707 4.93803358 -34.05763626
v 23.65864372 3.52808475 -34.17096329
v 24.17103577 3.79770970 -34.41846848
v 24.42317772 3.68501496 -34.37623596
v 23.97829628 3.45846677 -34.17001343
v 24.73087692 4.40104818 -34.44801331
v 25.00750542 4.14369345 -34.39793015
v 25.14958382 4.06649208 -34.19276428
v 24.64456367 3.67574668 -34.18054581
v 24.27656937 3.50407124 -34.08628464
v 25.63606834 5.76765728 -34.10523987
v 23.23156166 3.68922782 -33.47962570
v 23.40281487 3.65299702 -34.15052795
v 23.49044418 3.57326818 -33.60064316
v 25.77772713 6.10984898 -33.42475510
v 23.95733643 3.95432401 -34.42205048
v 16.78720856 -18.38094521 -34.19128799
v 17.45695305 -18.29826736 -34.16485214
v 17.39533997 -18.29257965 -33.54376984
v 16.78910446 -18.36872673 -33.54829788
v 17.36553383 -18.08509445 -32.89245605
v 16.78763008 -18.14849854 -32.87328720
v 16.11514664 -18.32280731 -34.15390015
v 16.18013191 -18.31353951 -33.53797531
v 16.20688248 -18.10447311 -32.89097977
v 17.53583908 -18.06381989 -34.44406128
v 16.78225899 -18.14660263 -34.48903656
v 16.13231468 -17.76396751 -32.49939346
v 16.78078461 -17.80219841 -32.45884323
v 17.42704201 -17.74342918 -32.49381256
v 16.02541351 -18.08909607 -34.43669128
v 12.08172607 -16.24406242 -33.89754486
v 12.11837864 -16.30220032 -33.27035141
v 12.51702309 -16.78710365 -33.96537399
v 12.49711704 -16.78246880 -33.30773926
v 12.67363739 -16.58520126 -32.63367844
v 12.31606865 -16.14547920 -32.62577820
v 13.05216503 -17.22366333 -33.97264099
v 12.97033024 -17.16384125 -33.33849335
v 13.10619545 -16.94740295 -32.68992233
v 13.34938526 -17.07221031 -34.27786255
v 12.75104904 -16.57077217 -34.27849579
v 13.46049976 -16.69768524 -32.33551025
v 12.97991467 -16.27407837 -32.25504684
v 12.56273270 -15.78475094 -32.25799561
v 12.24834633 -15.96569538 -34.18802261
v 19.92897224 -17.09854126 -33.89902115
v 20.29138565 -16.91127777 -34.01824570
v 20.34678459 -16.82817841 -33.43844604
v 19.90896034 -17.04472160 -33.42949295
v 20.76796913 -16.48998833 -34.03046417
v 20.76670456 -16.46039391 -33.42823029
v 21.15513229 -15.98117733 -33.98485947
v 21.10426140 -16.01277351 -33.40842819
v 21.32396507 -15.59780407 -33.84298706
v 21.29089355 -15.55767632 -33.37430573
v 20.06483650 -16.86462021 -34.30093002
v 19.62553787 -17.12318611 -34.03236008
v 20.61609459 -16.36855316 -34.32431030
v 21.30447960 -15.11985207 -33.31279755
v 21.31764603 -15.30490303 -33.96274185
v 19.47008133 -17.09211731 -33.38599396
v 21.07350731 -15.78011703 -34.26069641
v 24.73998642 3.78875732 -33.76367950
v 24.28425789 3.57800746 -33.74619675
v 25.19824409 4.14158678 -33.75978470
v 25.14674187 4.32084560 -33.28709793
v 24.69522476 3.96401358 -33.30953217
v 24.18514824 3.75542283 -33.30005264
v 25.57950974 4.55434465 -34.16264343
v 25.58224869 4.57993793 -33.74703979
v 25.52958679 4.74750566 -33.29194260
v 23.85780716 3.51681542 -33.69385147
v 25.51410484 4.71053791 -34.35622406
v 25.00750542 4.53707218 -32.96512604
v 24.47689056 4.10609341 -33.00220108
v 21.75062561 2.72521329 -34.13009644
v 21.68648338 2.78735352 -33.71617889
v 21.15260506 2.76365590 -33.71470642
v 22.14063263 2.83179951 -34.03983688
v 22.14821625 2.91015911 -33.70175171
v 20.62504578 2.84801912 -33.70596313
v 20.18058586 3.02264333 -33.68289948
v 20.64231873 3.03233290 -33.26340103
v 20.16046906 3.24360943 -33.24891663
v 19.83807755 3.27183580 -33.63634491
v 22.51758194 3.11774921 -33.65941238
v 22.37771416 2.96229362 -34.13525772
v 21.87027168 2.83443236 -34.34084702
v 20.54415894 3.29153109 -32.96365356
v 16.94645500 5.01070595 -34.07016754
v 16.95245934 5.02492476 -33.67321014
v 17.26042175 4.57625198 -33.69142914
v 17.33720207 4.74403000 -33.23907089
v 17.02671051 5.18427706 -33.23738480
v 17.64821815 4.20056725 -33.70227814
v 18.06539917 3.95000577 -33.69248199
v 18.19936943 4.10451365 -33.26045227
v 17.72036362 4.36265850 -33.26708603
v 17.50729752 4.94593287 -32.91836548
v 17.12118530 5.47686243 -32.92657852
v 17.02428818 5.17174387 -34.26596451
v 18.49722099 3.83257151 -33.64867020
v 7.84893036 -24.57789612 -5.08811808
v 8.38976002 -24.54471970 -5.53257799
v 8.75175285 -24.71060181 -6.01790285
v 8.49918938 -26.36584663 -7.18813848
v 8.14804554 -26.66980553 -6.97001600
v 7.67799234 -26.83958626 -6.65415478
v 8.90099430 -25.08344269 -6.51228571
v 3.56947637 -26.63347054 -4.33348417
v 3.17325425 -25.65102386 -3.43234682
v 0.67595822 -25.92380905 -2.83116746
v 0.34345585 -27.01831818 -3.52734756
v 1.09798443 -27.39347458 -2.74712038
v 1.11294019 -26.88740158 -2.46432996
v 1.14927638 -26.43820190 -2.39639711
v 1.22668827 -25.60489273 -2.71994710
v 1.61880302 -26.38543510 -2.23430634
v 1.37656188 -28.01761436 -4.41331816
v 0.80750573 -27.84288597 -4.20593882
v 2.05515313 -27.98917770 -4.60637426
v 1.72265077 -28.14947891 -3.38116026
v 1.25017512 -28.01898384 -3.43761301
v 6.38800526 -26.06441307 -5.30897856
v 6.46699715 -25.53190422 -4.97910929
v 7.39583397 -26.33709335 -4.69273806
v 7.42964220 -25.86693382 -4.48830795
v 7.41468668 -25.45449257 -4.48304176
v 6.73472595 -25.07133102 -4.80100965
v 1.77267885 -27.51133156 -2.46706843
v 1.80627668 -27.93546295 -2.79535794
v 1.17265797 -27.81813431 -3.06119132
v 1.75098240 -27.00662613 -2.19533706
v 2.69940925 -27.82698250 -4.74392509
v 3.19526649 -27.50595856 -4.80090427
v 0.47268626 -27.51206779 -3.88449526
v 3.47868872 -27.12627220 -4.63860273
v 6.69733667 -26.77270508 -6.01821899
v 6.45783377 -26.50097466 -5.64822197
v 7.37645483 -26.90667534 -5.32962179
v 7.41268539 -26.72531128 -4.97458076
v 8.74490643 -26.02070427 -7.13853168
v 7.15348721 -26.90056801 -6.31333160
v 7.83660746 -27.00473022 -5.37575293
v 13.13431644 -25.00171280 -9.27162361
v 13.08671093 -25.46492004 -9.42497253
v 13.38140297 -25.43553543 -9.88428307
v 13.44017220 -24.93999290 -9.71471405
v 12.97064590 -25.83576012 -9.63256264
v 13.23637390 -25.83165169 -10.06122398
v 13.32273865 -25.75013161 -10.54444218
v 13.48619843 -25.37676430 -10.42037296
v 13.56287289 -24.89965439 -10.25491142
v 13.26344204 -24.74493599 -10.88189507
v 7.24817228 -24.74356651 -4.83355427
v 7.90359259 -25.36338806 -4.45302486
v 8.12150383 -26.40144539 -4.60721684
v 8.09348869 -26.79461288 -4.88179159
v 8.12771797 -25.92991638 -4.39867878
v 12.41117382 -24.41706848 -11.52393913
v 15.39558601 -20.09316826 -4.92455244
v 15.20568943 -19.34411621 -4.85777807
v 15.25329494 -20.63283920 -5.13930464
v 15.55672836 -20.65453720 -5.50393009
v 15.70470619 -20.09264183 -5.26674461
v 15.00336552 -21.08772659 -5.46464491
v 15.28636646 -21.12195587 -5.82979727
v 15.44361210 -21.02958870 -6.22475576
v 15.71755600 -20.58028412 -5.90931559
v 15.85974121 -20.03882217 -5.67023420
v 14.48159885 -18.28446960 -4.94024563
v 12.47415733 -27.65720177 -18.35819435
v 12.38400078 -29.31508064 -12.42855263
v 12.15292454 -34.28607941 -7.95909739
v 9.13575745 -30.20020866 -8.21239758
v 9.14650059 -29.79071426 -8.07284546
v 8.81557751 -29.92005157 -7.69747686
v 8.83063889 -30.35050201 -7.86346483
v 9.04633904 -29.39017487 -7.98047781
v 8.72384262 -29.48528099 -7.61395645
v 8.29275799 -29.61261559 -7.37824488
v 8.36806393 -30.03221893 -7.44175434
v 8.40850735 -30.42991638 -7.61585188
v 8.22429848 -30.73914146 -8.00901985
v 7.66356325 -30.87511253 -8.68066025
v 8.98914909 -20.21123505 0.18147025
v 8.96081734 -19.47418976 0.30880484
v 8.84538364 -20.83189964 -0.17683606
v 9.43582058 -20.82610703 -0.48132271
v 9.58695793 -20.17953300 -0.10384774
v 8.69161320 -21.36188126 -0.65647358
v 9.22917843 -21.37683678 -0.95116526
v 9.69249058 -21.27888680 -1.31831861
v 9.93820763 -20.75185394 -0.89745092
v 10.08650112 -20.13350677 -0.53377318
v 8.57775974 -18.55451584 0.12996766
v 17.12434578 -17.93501091 -9.91040230
v 16.70811081 -17.96397400 -11.73890209
v 19.58172417 -9.89892292 -15.36283016
v 19.69620895 -9.90071297 -15.00220680
v 19.67124748 -10.45797348 -15.07298374
v 19.57540512 -10.41942501 -15.44213772
v 19.54149055 -9.46552181 -14.53320694
v 19.70389748 -9.96453857 -14.62673283
v 19.67156410 -10.50663185 -14.69003201
v 19.55950165 -11.04851532 -14.77028751
v 19.57161331 -11.02113152 -15.13017368
v 19.50052071 -10.94772148 -15.49048138
v 12.78654289 -24.98222733 -16.83481407
v 12.70913124 -25.36328316 -16.89052963
v 12.62676907 -25.41878891 -17.41798401
v 12.70628738 -25.03941727 -17.33709526
v 12.55441284 -25.74423409 -16.98142242
v 12.47636890 -25.79626274 -17.48896980
v 12.26898956 -25.78046417 -17.95765495
v 12.40232754 -25.42668724 -17.91836929
v 12.48763847 -25.06932831 -17.81641769
v 19.11240768 -8.97651005 -14.35563374
v 20.56438065 -3.79950023 -13.97879028
v 20.92879486 -3.13270497 -13.91801929
v 20.87581825 -3.27615404 -14.47285748
v 20.98398399 -2.53626513 -14.39555073
v 21.04233360 -2.38102007 -13.80279732
v 20.67475891 -3.34798384 -14.97429657
v 20.75775146 -2.68266320 -14.95691872
v 20.76091194 -2.04430485 -14.91068172
v 20.99809837 -1.85367167 -14.33509541
v 21.04749298 -1.72012305 -13.75519180
v 19.84039497 -4.25080633 -13.85682774
v 7.51068783 -27.88817406 -23.84385109
v 7.89916897 -27.81658173 -23.52951622
v 7.47503614 -27.26087379 -23.73426437
v 8.21202850 -27.53318405 -23.11028290
v 8.22777462 -28.15653419 -23.22197723
v 8.15341663 -28.55496979 -23.19669914
v 1.48135746 -31.66050148 -6.30069304
v 2.11897850 -31.70473671 -5.75775671
v 1.64023614 -31.25748634 -5.87861443
v 3.71871805 -31.47123718 -5.87403250
v 3.68196058 -31.05774117 -5.71783972
v 3.17715096 -31.18518257 -5.52130842
v 3.24076581 -31.61679268 -5.69161463
v 3.55546856 -30.64445686 -5.63252878
v 3.06477213 -30.74409294 -5.43810368
v 2.53278947 -30.85341644 -5.35511017
v 2.62157607 -31.28407860 -5.42609692
v 1.94477534 -30.87490273 -5.53373671
v 2.70709777 -31.69167709 -5.59050512
v 1.24754202 -30.73387527 -6.07077456
v 4.59489393 -41.28790283 -8.97861671
v 4.99930525 -41.46897888 -9.01318836
v 5.34942245 -41.34337997 -9.06482315
v 5.77039576 -41.50518417 -9.24992657
v 5.62189102 -40.96150970 -9.10363388
v 4.21878815 -41.26536560 -9.12648869
v 14.51730347 48.48910141 26.60724449
v 14.30834389 47.48854065 26.85464668
v 13.82870674 47.16151428 25.16432953
v 14.02723885 48.13732529 24.90892410
v 13.28850842 46.45912170 25.43153191
v 12.81866646 46.42131042 24.35987854
v 13.04531956 46.94002151 23.92510796
v 13.20267105 47.85295486 23.63673592
v 14.26179123 47.84294891 28.44396019
v 14.45895481 48.80180359 28.21214485
v 14.34088898 49.47491837 26.42672157
v 13.86472702 49.09765244 24.73598480
v 13.08460426 48.76736450 23.51024437
v 13.83586788 49.90789795 29.24798965
v 14.29517841 49.74717712 28.03330803
v 12.14702606 46.83048630 23.44736671
v 12.06108284 46.22330475 24.17777634
v 12.28699970 47.74194336 23.13666534
v 12.18704891 48.65814209 23.02723694
v 12.39748192 46.15684509 25.58224869
v 13.08471012 50.03797150 29.98471832
v 9.93610096 -30.45319176 -22.67040253
v 8.64990616 -30.33733749 -22.10166359
v 9.19589615 -30.31806374 -21.26214027
v 8.99588966 -30.82097816 -22.89305496
v 8.21260834 -30.64372063 -22.79858208
v 9.67753506 -30.45413971 -20.47422409
v 10.03141785 -30.86531830 -19.89442635
v 9.44698429 -34.61594772 -22.95698547
v 8.88340569 -34.17622757 -23.47338104
v 10.01551437 -34.76719284 -22.22668076
v 11.18169498 -33.70590973 -22.24927330
v 10.42869377 -34.74517822 -21.44045067
v 10.65977097 -34.39266586 -20.74437714
v 8.99294090 -32.11138535 -23.54394722
v 9.18852425 -32.91678619 -23.59060478
v 9.53819370 -31.25221825 -23.53215027
v 8.12455845 -31.34832573 -23.26473808
v 10.65639973 -33.56620026 -20.29022598
v 10.53633308 -32.50455475 -20.00901604
v 11.35639858 -31.30501175 -21.29436874
v 10.24100876 -30.67763329 -23.42040443
v 10.06680584 -32.27821732 -8.66201782
v 11.07884789 -32.42798615 -7.60700512
v 10.24964523 -31.70368385 -23.97008133
v 12.55262184 -32.50813293 -23.28590775
v 12.92514706 -31.81227112 -23.45673943
v 12.91471958 -31.18770981 -23.36163330
v 12.74609947 -31.77877808 -23.94912148
v 8.93638229 -35.11180496 -7.73676205
v 10.23047733 -34.66239548 -6.77885628
v 10.81764889 -33.11952972 -6.43413639
v 11.32772446 -32.96228409 -6.75084019
v 11.01934052 -33.79769897 -6.40991211
v 11.61135674 -33.67847443 -6.72872257
v 11.13540554 -34.46818161 -6.59959745
v 11.73332024 -34.38360977 -6.90113544
v 12.14365578 -34.27428436 -7.28819466
v 12.04654884 -33.60885620 -7.16170263
v 11.72089195 -32.93163681 -7.18561077
v 12.36514854 -31.74718094 -24.32512283
v 11.01207352 -32.11554718 -24.18909836
v 12.75526237 -30.63845444 -23.22503090
v 17.14009094 -19.88299751 -17.70598602
v 16.94656181 -19.35117340 -17.11476135
v 17.30318260 -18.74778175 -17.33635902
v 15.89218044 -20.92510986 -17.28338242
v 18.17444611 -17.79727554 -20.40625191
v 18.17077446 -17.94844055 -21.02800941
v 17.50139809 -19.02514839 -21.18141174
v 17.16531563 -19.72559357 -20.46116447
v 17.02776527 -19.53622437 -21.12142944
v 16.67720032 -20.02081299 -20.80872726
v 17.11549759 -19.19613838 -21.81381798
v 17.83263779 -18.18472862 -18.31659317
v 17.99699402 -18.74593925 -18.89897156
v 18.01000023 -17.90415192 -18.92851448
v 15.50280380 -21.35777283 -17.76881218
v 15.27077866 -21.56894493 -18.38884354
v 16.31504822 -20.47712135 -20.41103172
v 15.79317665 -20.93648338 -19.97510338
v 15.43571377 -21.37736320 -19.17960358
v 18.87311554 -15.89281178 -24.05096817
v 18.69501495 -15.64509392 -24.58316231
v 19.18055153 -15.17314529 -24.37725639
v 18.19199753 -16.14137268 -24.62644958
v 19.81106377 -13.91385937 -23.26436806
v 19.66208458 -14.47496414 -23.93416595
v 18.69901848 -16.45386314 -20.92247581
v 19.65142059 -15.23051929 -22.53972626
v 18.29763412 -17.70393372 -21.87206078
v 18.66226006 -17.03482056 -21.59548569
v 17.66027641 -18.47910500 -21.96032143
v 17.82136726 -18.03727913 -22.73064804
v 18.01768875 -17.99925613 -22.32863426
v 17.23135185 -18.59822464 -22.65513229
v 18.19892120 -17.70335388 -23.13089943
v 17.11233902 -20.31023788 -20.06462669
v 17.43083191 -19.98868942 -20.05978203
v 18.56194115 -17.76881218 -22.81364250
v 18.54493141 -17.75985909 -22.47692680
v 18.95747948 -17.64653206 -22.63796425
v 19.17718124 -17.41103172 -22.40235901
v 18.77600861 -17.50856018 -22.19403076
v 19.00687408 -17.05525398 -21.96927452
v 19.35675621 -17.03640175 -22.20351028
v 19.75661087 -16.45125771 -22.73773193
v 19.62754059 -16.72522736 -23.04314041
v 19.41879082 -17.19722748 -22.64891815
v 19.41415596 -16.52285004 -23.58396912
v 19.36196899 -17.01670456 -23.27232170
v 19.17549515 -17.45916367 -22.87841606
v 19.17433739 -16.20140648 -23.74416542
v 10.18661022 27.00878525 -7.37060928
v 10.15343380 27.23564911 -6.82532930
v 10.25133038 26.83173752 -6.61271048
v 10.00487709 27.58473969 -7.03415728
v 10.07007122 27.39568710 -6.31406927
v 10.24511719 25.89389801 -7.00519371
v 0.75863618 45.56161499 9.07198429
v -0.53316760 44.48877716 8.37206554
v 0.12491219 44.17236328 6.20158482
v -1.82807839 43.02445602 7.44828415
v -0.96885943 44.49312210 10.16396618
v -0.00826780 45.07159042 16.47338676
v -0.00379160 45.82097244 15.89038944
v -0.96203977 44.42829514 12.25376987
v 0.53840733 46.93212128 16.47350693
v -0.21443610 45.85088348 13.19793129
v 1.75193036 47.68454361 14.67728806
v 2.69614434 48.02189255 14.34204674
v 2.33088684 47.27125931 11.90910339
v 1.32979882 46.95539856 12.26856804
v 1.86588907 45.85725403 8.68218708
v -2.24926186 42.16033936 8.06031227
v -2.31877470 41.26620483 8.85454750
v -1.71748996 42.41558838 10.52601147
v 1.01456928 48.65424728 22.47397804
v 1.67020023 49.31767273 22.22152138
v 1.81628227 49.02403259 20.68276215
v 1.21868384 48.39336395 20.98093033
v 2.59911609 49.64427567 20.80888557
v 1.52222252 48.20999527 18.03638268
v 1.10483038 47.89392471 19.32284164
v 1.34722948 44.41223526 5.62742090
v 0.69017673 47.07441330 22.93413162
v 0.69449496 47.90866852 22.71937943
v 0.92483473 47.68296432 21.25697899
v 0.91419715 46.87893295 21.51449203
v 0.81287712 47.19858932 19.64007187
v 0.79223400 46.40287781 19.94835091
v 2.15573597 48.41548157 16.72812271
v 0.92283356 47.18289566 15.07277298
v 3.70850182 50.38932419 21.60559654
v 3.57547975 49.92864609 20.08611298
v 3.38410926 49.34347534 18.34197617
v 0.47036919 46.59245682 17.82452774
v 1.23069060 48.73489761 32.84527206
v 2.22440600 49.63258362 32.87392044
v 0.78233367 49.52768326 32.53204346
v 3.57937670 49.09059525 33.46772385
v 3.57537460 49.69577789 33.33965302
v 3.79265428 50.26388550 33.18367004
v 2.52615428 50.32318115 32.63978577
v 0.93473500 50.30896378 31.91580200
v 3.06740522 48.75598907 16.41331482
v 4.85893679 51.31426620 32.65547943
v 4.72823191 51.92502975 31.84112930
v 4.12526178 51.78063202 31.76856232
v 3.83046508 51.40105057 32.09695816
v 4.40889502 52.23299026 30.86279106
v 3.71682239 51.88763809 31.01687622
v 3.03138518 51.43728256 31.25395775
v 2.17943335 50.52856064 24.48526382
v 2.69746089 50.46378708 23.19080162
v 3.26993990 51.12247467 24.15060234
v 4.80169439 49.33309937 34.15595245
v 4.89756393 49.90147400 34.04589462
v 5.91816282 48.37903976 34.42805481
v 6.32597065 48.54313278 34.47565842
v 6.04328537 49.51788712 34.54685593
v 5.65833282 48.68594742 34.48366547
v 6.15334749 50.42302704 34.10345078
v 5.70678091 50.48632812 34.01361084
v 5.48665762 50.18531418 34.19223785
v 5.30213261 49.14294052 34.43943024
v 4.89579964 48.71525574 34.16316986
v 5.86976719 51.29809570 33.00862885
v 5.42472792 50.84789658 33.50848389
v 5.29444408 46.96866989 33.51006699
v 5.72868776 47.81114197 34.10576630
v 5.26663923 48.08276749 34.12799072
v 4.64165688 47.49612427 33.62370682
v 4.13042259 47.95638275 33.62033844
v 0.06266674 47.19100571 24.11837387
v 0.07098719 48.06180954 23.91763115
v -0.80518860 47.17004395 24.99497223
v -0.80687380 48.08361053 24.84741592
v -0.42329013 49.06321335 25.08986664
v 0.45267504 48.85467529 23.71267319
v 1.23374486 49.51873016 23.46211243
v 0.80339813 49.75381088 24.82203293
v 3.62729836 46.02803802 32.30918121
v 4.10717297 46.63516617 33.05515289
v 2.72036839 46.45364380 32.39333344
v 2.97356319 47.48727417 33.17124176
v 1.51695645 46.93496704 32.54004669
v 0.92451870 46.18096542 31.17749405
v 2.05188823 45.92155457 31.07975388
v 0.50164992 45.69647980 29.49244308
v 1.62817669 45.45560837 29.36805725
v 3.32768297 44.77264786 29.24045944
v 3.06445622 45.52733231 30.99928856
v 0.26678127 45.43349075 27.63834953
v 1.39962745 45.14322281 27.51291084
v 0.17936380 45.46877670 25.80879593
v 1.43333054 44.92689133 25.81522179
v 2.40513897 44.47295380 25.79868507
v 2.43146944 44.73067474 27.44087029
v 3.92493916 45.11994934 30.94357300
v 4.33948755 45.63528824 32.24714661
v 4.74329281 44.78291702 30.88733101
v 5.06073427 45.37324905 32.21755219
v 2.97114086 41.14845657 17.40239525
v 2.53331614 40.19992447 15.54303646
v 2.14470339 41.82481003 17.80865097
v 1.08903205 39.68099976 13.76056290
v 2.10728765 39.18893433 13.79416084
v 0.45417589 42.84440613 16.52745819
v 0.01242802 43.81871796 16.15914536
v -1.23474538 41.86185455 12.01858521
v -0.49596250 41.27357864 13.31410217
v 0.60960519 38.75827408 12.36167240
v 1.68462944 38.25357056 12.48479462
v 0.16030046 37.45691299 11.13624859
v 1.36023688 37.21920013 11.60166740
v 1.10072291 42.02033997 16.76998901
v 0.20190276 40.39245224 13.60647678
v -2.09665012 40.12430191 9.51296902
v -1.58330941 39.12342453 10.26470661
v -1.03763485 40.38508224 11.70951748
v 6.20411253 47.06406403 33.66520309
v 5.28654528 46.07890701 32.99535370
v 5.87108374 45.19788742 32.14603806
v -0.55960345 38.83531570 11.41395664
v 4.25554562 43.57866287 23.23377228
v 4.00761700 43.42931366 22.08944702
v 3.18010020 43.98731232 23.52014351
v 3.07509375 43.81690216 22.13979149
v 2.81779146 43.29966354 20.80146027
v 3.70755386 42.89248657 20.79924965
v 1.46545386 45.31321335 23.25346756
v 0.95569414 46.17264175 23.12034035
v 1.14664340 45.99096298 21.75799751
v 1.59931839 45.12553024 21.95821571
v 1.00424767 45.51269531 20.25367928
v 1.42774844 44.63673019 20.52014542
v 3.37094402 42.10214996 19.16643906
v 2.19596887 44.58975601 23.33014297
v 2.25315905 44.39059067 22.08470726
v 2.04398894 43.88841629 20.70540619
v 3.76990461 48.49489212 33.56377792
v 2.48349881 48.14954376 33.14775467
v 1.09672058 47.83462906 32.84169006
v -0.47700447 46.25258255 25.21267319
v 0.36515224 46.27922821 24.30121422
v 0.95927507 45.44465637 24.45266724
v 0.11511722 46.83943939 32.28084946
v -0.20137614 46.22045898 31.23341942
v -0.68312013 46.81026459 32.04545212
v -1.14253581 46.39213562 31.24005508
v -1.61753917 45.96452713 29.75016594
v -0.62719399 45.75430298 29.64863586
v 4.75508928 43.54169464 25.58477592
v 4.50273705 43.56423187 24.34407997
v 3.90534902 43.75981522 25.70716095
v 3.66574097 43.79067612 24.54261208
v 2.88777804 44.15071869 24.72661018
v 1.80627668 44.78228378 24.50438118
v -0.06329867 47.60892487 32.61946106
v -1.29936063 48.25202179 32.07936859
v -0.99676979 47.37521362 32.17615891
v -0.24318908 50.10643005 28.67261314
v -1.37972152 49.81131744 28.90590286
v -0.91746217 50.05545425 30.53239441
v 0.21306692 50.37036896 30.39989853
v -2.26116347 49.38328552 29.12623787
v -1.75730181 49.63837814 30.64824867
v -1.22774148 49.66449738 31.52579308
v -0.47247562 49.94633865 31.71432114
v 4.90127611 52.51704407 29.21860504
v 5.21102905 52.49998474 30.69838142
v 4.59089184 52.26016617 27.44350243
v 3.29679704 51.72707367 27.76541901
v 4.04016161 52.21266556 29.41934967
v 2.42251706 51.30341721 29.87349892
v 1.38172269 50.80292511 30.14849472
v 2.11444950 50.92678452 31.53895950
v 2.00470376 51.00588226 28.12704468
v 0.93399775 50.51076126 28.40330505
v 1.79279542 50.65200043 26.24230385
v 0.72535437 50.14287186 26.52182770
v -0.45046327 49.70894241 26.81272888
v 3.72382641 44.13339233 27.36240578
v 3.17241168 44.08031082 25.80384636
v -1.58172953 48.83582306 25.79868507
v -1.55065954 49.41814804 27.12026978
v -2.20618534 48.67699432 26.28717041
v -2.36480045 49.02498245 27.39884758
v 4.32600641 51.88258362 25.55728722
v 4.00182438 51.14585495 23.30597115
v 3.05908489 51.36308289 25.88383865
v 3.18336511 50.90171814 32.38448715
v 4.24311781 50.76858902 32.99156189
v 4.97932005 50.53193283 33.65298843
v 0.44498652 46.47039032 12.71945286
v -9.05065727 -37.13652039 -18.23517799
v -8.84631252 -37.90984344 -17.70921898
v -9.10174465 -37.00973892 -16.70963287
v -9.20453262 -36.57778549 -15.42686653
v -7.76042032 -41.09897232 -17.78099251
v -7.93371439 -40.86829758 -18.39345169
v -6.21264362 -44.10537720 -15.97422600
v -6.56153679 -43.44055939 -16.15199661
v -6.79146814 -43.23551941 -17.19609642
v -6.41686344 -43.87092972 -17.36258316
v -7.13689899 -42.61630630 -18.10004997
v -6.52987432 -43.63990784 -18.62508202
v -6.79128408 -42.93674850 -16.08373451
v -8.52058315 -39.26991272 -17.15602112
v -8.58605385 -38.75609970 -16.52307320
v -8.46646118 -38.71778870 -15.63228416
v -8.76574707 -37.61239243 -15.19747448
v -8.02966309 -40.51863098 -17.66580582
v -8.33370209 -39.72946167 -17.62926102
v -7.53663683 -41.77964020 -16.99949837
v -7.76841784 -41.20405960 -17.52121162
v -6.97538757 -42.38925934 -15.73251152
v -7.28942537 -42.16331482 -16.42428207
v -6.97334671 -41.83931732 -14.59740067
v -6.59375238 -43.16843033 -15.15213299
v -6.71608400 -43.08059311 -14.29117680
v -7.38066769 -40.45006561 -14.07042122
v -7.10051012 -41.39080429 -13.96214962
v -7.40099478 -40.47239304 -13.82049084
v -7.22384262 -41.73468018 -13.73254681
v -7.61637878 -40.35042953 -13.43985653
v -8.02671432 -39.22390366 -14.63231564
v -7.69631815 -39.77768707 -14.23188019
v -7.87362814 -39.34302139 -14.17384720
v -7.88431835 -39.22727585 -13.51942730
v -8.31639671 -38.30316925 -14.23365116
v -8.34354973 -38.97676468 -15.26896191
v -7.49220371 -40.47549820 -14.22666645
v -7.26149511 -41.07278442 -14.29270363
v -7.26971054 -41.58106613 -14.64482212
v -8.19449234 -39.50956345 -14.82508087
v -8.19696808 -40.65075684 -17.39191628
v -7.11362314 -41.98266220 -15.07535267
v -7.33153486 -42.10960007 -15.67969227
v -7.79332018 -39.88642883 -14.38854694
v 0.29247990 -45.48562622 -26.03176308
v 0.96754283 -45.23401260 -26.33177376
v 1.65305912 -44.81978226 -26.57825470
v 2.09559679 -45.98769760 -26.50592422
v 1.41700554 -46.20244980 -26.29980850
v 0.81013876 -46.41699219 -26.05187988
v 1.61119354 -46.82809067 -26.15883446
v 2.78756404 -47.07612610 -26.26305008
v 1.35897303 -47.50534058 -25.81316757
v 2.82221508 -45.77979279 -26.66359138
v 3.02801466 -46.40845871 -26.52962303
v 2.45903778 -44.58164597 -26.77583885
v -0.86569625 -46.33868408 -24.66320610
v -1.21540570 -45.85646820 -24.80519485
v -0.80532026 -45.83943176 -25.26225281
v -0.05360902 -46.80963135 -25.46355057
v 0.08452111 -47.28237152 -25.01229668
v 0.22212464 -47.39680481 -25.26449203
v 0.37389401 -47.29063797 -25.50188828
v 0.82024968 -47.67875290 -25.49398804
v 0.65731621 -47.72677994 -25.29535103
v 0.62045342 -47.71350861 -25.15632629
v 0.30396003 -46.62373734 -25.76424599
v 0.70860809 -47.14497757 -25.75866318
v -0.27731350 -45.73903275 -25.68019867
v -3.56442094 -45.31679535 -22.76856422
v -3.49785733 -44.39256287 -23.56416893
v -2.72626662 -44.70834732 -23.92152786
v -2.83811879 -45.07508087 -23.42956734
v -2.68139935 -43.97509384 -24.33860397
v -2.04888654 -44.46321106 -24.67542267
v -2.17458844 -44.98302841 -24.30395317
v -2.22998810 -45.23611832 -23.89319611
v -1.66082656 -45.60011292 -24.26129723
v -1.35354888 -44.21194077 -25.27849960
v -0.63822651 -43.85679245 -25.76872253
v -2.17079687 -43.25895691 -25.04076004
v -1.28198242 -42.88964462 -25.61874199
v -0.37594777 -42.50901031 -26.10043335
v 0.16748871 -43.53232193 -26.17389488
v 0.58927798 -42.17429352 -26.48138428
v 0.97812778 -43.07922363 -26.48770332
v 2.00101757 -43.07606506 -26.77523422
v 1.60337329 -41.87223053 -26.76580811
v 1.81754613 -42.52807236 -26.70529938
v -3.11511636 -48.93450928 -20.25852394
v -3.09026027 -48.76757431 -20.97819138
v -2.57713032 -49.61731339 -20.63642120
v -3.03262258 -48.52488327 -21.63590240
v -1.97163260 -50.11296082 -21.65804672
v -2.01112843 -50.32133865 -20.60153198
v -1.41736102 -50.78339005 -21.19856453
v -0.78212309 -51.26484299 -21.33012581
v -1.76435840 -50.03902435 -22.19940376
v -1.24701548 -50.62535095 -22.23415947
v -1.40636802 -50.00426865 -22.62427330
v -0.96443588 -50.59754562 -22.61605835
v -0.63277608 -50.97449493 -22.56002617
v -0.70197284 -51.09403610 -22.27302361
v -2.49387288 -48.97205353 -22.13489342
v -2.10017824 -48.88327026 -22.55491829
v 2.25142121 -52.53181458 -20.75912094
v 3.37860608 -52.64085007 -20.93872261
v 2.22630167 -52.41751480 -21.96790504
v 3.35435581 -52.52510071 -21.98649406
v 4.46366215 -52.63458633 -21.31079865
v 4.45923901 -52.64322281 -20.54953003
v 4.44238710 -52.53094864 -21.99802780
v 3.82930636 -52.27612305 -22.55023193
v 3.69691634 -51.82392120 -22.94692802
v 2.14309716 -52.17274857 -22.51389503
v 1.58762765 -51.66030121 -22.89026451
v 2.54416442 -52.23840332 -18.16622543
v 2.21155667 -52.43057632 -19.12136078
v 3.32149529 -52.51604462 -19.05558586
v 4.33237839 -52.32251358 -18.00304985
v 4.40489244 -52.50145721 -18.99929237
v 3.90097833 -52.60691071 -19.78362656
v -4.16338825 -45.02726364 -22.69662857
v -3.38942814 -43.12651443 -24.33412743
v -1.58151889 -42.40400314 -25.75971603
v -2.82113552 -42.09559250 -25.12093735
v -1.89522123 -41.61252975 -25.78241348
v -4.53012085 -44.70392609 -22.56971550
v -4.32318878 -43.34031677 -23.43425369
v -4.89527321 -44.24387741 -22.26470375
v 1.13326740 -47.94932556 -25.27460289
v 0.98328853 -47.83979034 -25.10903549
v 1.28556347 -47.94626999 -25.44743538
v 1.98358667 -48.04332352 -25.47616386
v 1.71622610 -48.06412506 -25.25943565
v 1.63228428 -47.92868042 -25.07828140
v 2.55343270 -47.93542099 -25.08934021
v 2.43304944 -48.08224106 -25.30651474
v 3.11975050 -48.02578735 -25.42858315
v 1.91776025 -47.80042648 -25.74389267
v -0.17878453 -46.80204773 -24.62265778
v 0.81789315 -47.23522568 -24.69983292
v 1.18802190 -46.48440170 -24.28514481
v 2.55607891 -47.45122147 -24.77984428
v 0.66173971 -47.57342911 -24.95547485
v -0.33244967 -45.27165222 -22.94904709
v -0.21410696 -45.13545609 -23.16190338
v 1.05448639 -45.15807343 -23.43293762
v 2.73184872 -46.16392517 -24.16253090
v 1.34146321 -45.52098846 -23.75415611
v 0.55828035 -48.40331650 -23.05165863
v -0.35200015 -46.90035629 -22.89111328
v 0.39813131 -45.65177155 -22.84704208
v 1.61636746 -51.02406311 -23.11652374
v 1.33359039 -50.19511032 -23.18656158
v 2.50477386 -49.28233337 -23.16199493
v 2.93535757 -47.65413284 -25.96448898
v 3.43729711 -47.92351913 -25.64480972
v -2.46406698 -49.87982941 -19.67403793
v -1.61962581 -50.75934982 -19.41551208
v -0.82121074 -51.29649353 -18.81503105
v -1.47643363 -50.85200500 -18.86184692
v -3.14165735 -46.71350098 -22.45981216
v -3.47068429 -47.06754303 -22.07109451
v -3.91914630 -46.19918442 -21.98286057
v -3.60770845 -47.35372543 -21.68221855
v -3.88154626 -47.04450226 -21.36346054
v -3.54972863 -47.95306396 -21.00941849
v -0.47868964 -50.68222809 -22.86514473
v -0.19568874 -51.16744614 -22.69336510
v -0.87564921 -50.02691269 -22.91148758
v -0.20316662 -50.08599854 -23.08147621
v 0.17083269 -50.81977844 -23.01343918
v 0.45204312 -51.39220428 -22.80563736
v -0.83236176 -48.79816818 -23.00585556
v -1.68125916 -48.50483322 -22.81344414
v -1.59457886 -47.01316452 -22.83323097
v -1.95899391 -45.88142776 -22.81185150
v -1.97616148 -45.41600800 -22.93686867
v -2.75491405 -45.95947266 -22.70126343
v -2.78092885 -45.42158890 -22.87894249
v -2.44000053 -45.24085617 -23.24093437
v -1.92960894 -45.36703491 -23.65116501
v -1.36423910 -45.39462662 -23.53320503
v -1.75656450 -45.26602936 -23.19648933
v -0.88091534 -45.73387146 -23.87845039
v -1.38646209 -45.70785522 -24.02000427
v -0.08458693 -51.67525864 -19.14692688
v 0.68117166 -52.06726837 -19.73631096
v 0.64104390 -51.88190079 -18.38752747
v 1.40963304 -52.12882614 -18.53903389
v 1.45729136 -52.31730270 -19.70044899
v -0.07567404 -51.67388916 -21.54866982
v 0.66921759 -51.97158051 -21.91029358
v 0.68638510 -52.07247925 -21.27867508
v 1.47251046 -52.34431839 -21.29837036
v 1.44554794 -52.23720551 -21.94663048
v 0.60665619 -51.76314926 -22.43132210
v 1.36423910 -52.00444031 -22.48335266
v -0.08899730 -51.46224213 -22.35211945
v 1.72186077 -52.17985916 -17.61156654
v 1.72301936 -52.28807449 -17.36664009
v 0.55989307 -52.03361511 -17.56332779
v 0.20448317 -51.78958130 -17.89314461
v -0.23360476 -51.75472260 -17.73100090
v -1.01488519 -51.37587738 -17.96913528
v 0.61297554 -52.03150940 -17.24720383
v -0.24750729 -51.77178574 -17.47359276
v -0.14650325 -51.73207855 -17.17437363
v -1.09440351 -51.26644897 -17.20818138
v -1.07660401 -51.37819672 -17.67286301
v 1.74216175 -52.25932312 -17.07766151
v 3.77161598 -52.35561371 -17.36721802
v 3.79710412 -52.45827484 -17.09901428
v 3.76328254 -52.33423996 -16.70127296
v -3.42181468 -48.77410507 -19.97910500
v -3.84868574 -47.86801529 -20.58702469
v -3.63435507 -48.73502731 -19.80658722
v -4.20880890 -47.67160416 -20.27330971
v -4.45939684 -46.75799561 -21.01613426
v -4.15664816 -46.45796204 -21.59095764
v -4.44017553 -45.86436462 -21.88901901
v -4.73118067 -45.63676453 -21.60917854
v -3.83857465 -48.56946182 -19.37666130
v -1.75698578 -50.88697433 -18.31259155
v -2.45032215 -50.28273773 -18.74430656
v -2.99099398 -49.56733704 -19.32800293
v -2.57133746 -50.21849060 -18.37752151
v -3.20990634 -49.48961258 -18.84836388
v -1.95762479 -50.75147629 -17.80280495
v -0.61676711 -41.99545670 -26.27769089
v 0.39822343 -41.64073181 -26.68602562
v 1.44807565 -41.32529068 -26.99051285
v 0.21043386 -41.02854538 -26.73026085
v 1.28150845 -40.70304871 -27.04301453
v -0.82988667 -41.39249039 -26.31313133
v -2.67094612 -49.52910614 -16.11327744
v -3.05450320 -49.43979263 -16.81167030
v -3.75778937 -48.56150818 -17.15276527
v -1.62080419 -50.78512573 -16.83270836
v -3.20853710 -49.47101974 -18.14397049
v -0.25685462 -48.49397278 -13.25435829
v -1.04829872 -48.67225647 -13.81264496
v -1.57138169 -49.13304138 -14.64856052
v -0.67564225 -50.27589417 -15.47815800
v -0.03528295 -50.02606964 -14.87571526
v 0.82835954 -50.07072449 -14.52077866
v 0.96617365 -51.71470261 -16.71232414
v 0.68072402 -51.37964249 -16.61395264
v 1.06859958 -51.44286346 -16.68683624
v 0.37995002 -51.02357864 -16.36460304
v -0.01485044 -51.26202393 -16.41963387
v -1.20696664 -50.56360626 -16.13739586
v -0.43308511 -50.82220078 -16.05690384
v -2.71968389 -48.67836380 -14.96929359
v -3.29921961 -37.88146591 -25.61294937
v -2.15235233 -37.59894943 -26.14593315
v -0.99216193 -37.21541977 -26.57341003
v 0.59488642 -38.27255249 -26.99514580
v -0.00684595 -36.10467911 -26.87413216
v -5.04972792 -32.54294205 -24.85304832
v -2.48363042 -31.68069649 -25.96679306
v -3.17830968 -34.19560623 -25.81869698
v -4.34696531 -34.58214188 -25.28787231
v -0.57579672 -33.78824997 -26.62704468
v -1.48870373 -29.86441422 -26.16341782
v -0.17341310 -36.89017105 -7.73570871
v -0.24753362 -37.54835510 -7.82423210
v -1.06407070 -37.29808426 -7.27850485
v -0.96454120 -37.99216080 -7.58931065
v -0.55294180 -38.00595474 -7.90159130
v 0.04349809 -38.11275101 -8.30497551
v -0.92304420 -38.36878967 -8.07410908
v -0.44730359 -38.57595825 -8.54058170
v -1.29504240 -38.19174576 -7.61206055
v -1.48749244 -38.51021194 -8.11658001
v -2.13203835 -35.65026474 -7.89358711
v -1.58783829 -35.98503113 -7.58278084
v -1.35296965 -35.32897949 -7.86557102
v -2.18522620 -36.58020782 -7.35760212
v -1.73750114 -36.56398773 -7.26449728
v -1.35539210 -36.56967545 -7.28998518
v -1.07291782 -36.18093109 -7.53654432
v -0.66858566 -35.58069992 -7.78004932
v -2.47465158 -38.53730774 -9.10605621
v -2.41672444 -38.31813049 -8.51288128
v -2.79462075 -37.93591690 -8.50656223
v -2.96503210 -38.00395584 -9.10890007
v -2.40966773 -38.23239899 -8.06547260
v -2.62020707 -37.97562408 -7.94150829
v -2.97006130 -37.48121262 -8.27972507
v -6.61339474 -39.80580902 -22.41215515
v -6.39627314 -38.78476334 -23.22105408
v -5.65117073 -38.04840088 -24.12037659
v -4.70948458 -40.08617401 -24.27540970
v -5.17048025 -41.21459961 -23.40091896
v -5.52936554 -42.28967667 -22.43032265
v -3.82188106 -39.61617661 -25.05179405
v -5.10369253 -37.05677795 -24.67410660
v -8.52541542 -37.98099518 -21.49848366
v -9.42081261 -37.23968124 -21.56252098
v -10.04115963 -37.52279282 -22.70484543
v -9.25266552 -36.50574493 -20.84327316
v -10.70921898 -36.44276428 -22.34374809
v -10.91149044 -37.00297165 -22.99911499
v -10.25383186 -35.06901932 -21.51486015
v -9.56768417 -34.37223434 -21.23454666
v -10.86467457 -34.98747253 -22.62627411
v -9.27731037 -34.08860016 -21.81624031
v -10.21373081 -34.52853012 -22.66271591
v -11.12445259 -35.04008102 -23.52066994
v -5.94573069 -35.17247391 -24.27327728
v -7.32526779 -32.98408508 -23.21007538
v -6.33271122 -32.55068588 -24.02263641
v -5.86571217 -33.64298248 -24.35387421
v -6.93368006 -34.24447632 -23.55753517
v -7.92939615 -36.60864639 -7.44607258
v -7.99911976 -36.09183121 -8.08948612
v -8.94712543 -36.69501114 -7.08344793
v -6.25572062 -35.95259476 -8.81642056
v -6.90808678 -35.55689621 -9.12817478
v -7.58920574 -35.46863937 -9.58674717
v -8.51730537 -36.00714874 -8.47865200
v -9.40843678 -36.67383957 -7.41352797
v -9.13502026 -36.98738480 -24.23580742
v -8.18043232 -37.66740036 -23.48312378
v -10.07028198 -37.16664124 -24.32975578
v -7.28735209 -37.24626541 -23.59776688
v -7.87873650 -38.15309143 -22.66197777
v -9.11911678 -37.80679321 -23.32571983
v -10.37329388 -37.38613510 -23.97513580
v -6.17801905 -43.27309418 -20.43757248
v -5.96750593 -42.64750671 -21.45045662
v -5.20370960 -44.99050522 -21.13148880
v -7.83839798 -39.36145401 -20.54015541
v -7.36873960 -39.39960861 -21.53610992
v -3.73988795 -44.24124527 -11.34531307
v -4.28767729 -43.98186493 -11.14588833
v -4.57074881 -44.35902023 -11.52080631
v -4.37061024 -44.64328384 -11.78424358
v -10.28766727 -34.72948456 -23.53689194
v -11.06189060 -35.46558380 -24.32385826
v -11.43936539 -35.58354568 -23.93690491
v -9.82182598 -34.82217026 -23.82173538
v -9.68011570 -35.22850418 -24.15681648
v -10.14569283 -35.88592529 -24.56315041
v -10.93276596 -36.04559326 -24.49942970
v -11.31182098 -36.20199585 -24.10204887
v -5.94533587 -44.95522308 -18.82013893
v -5.00778341 -46.67134476 -18.88109398
v -5.27622366 -45.58810425 -20.33077621
v -5.73753500 -45.51606369 -14.98798847
v -5.59266424 -45.64913940 -16.25670052
v -4.96080971 -46.73376846 -16.72938728
v -5.15868378 -46.55738449 -15.15218544
v -4.47303629 -47.45441437 -16.14863968
v -4.49083567 -47.39185333 -14.98598766
v -3.60665512 -48.32838058 -15.53819180
v -5.95765877 -44.96670532 -17.59897995
v 1.77094102 -51.18221664 -15.54093075
v 2.53268409 -51.59436798 -15.77903748
v 1.98174345 -51.86878586 -16.35117531
v 3.31833553 -51.65219498 -15.70223141
v 2.92443037 -50.69365311 -14.63310528
v 3.97101760 -51.21520996 -15.11740303
v 2.18153977 -52.09945679 -16.62368202
v 1.44291484 -51.90817642 -16.63870430
v 0.14344890 -51.69068527 -16.85577393
v -0.19063328 -50.33740234 -15.60085869
v 0.18715765 -50.14645386 -15.18093872
v 0.05782192 -50.31949615 -15.69796562
v 0.36178192 -50.20364380 -15.45298576
v 0.72366917 -50.23165894 -15.26024628
v 0.74778801 -50.21122360 -14.98409176
v -1.97858381 15.28668213 -21.29141998
v -1.57741141 17.87086868 -20.20196724
v -4.04500628 15.68890762 -20.75554085
v -3.43108296 18.19515610 -19.70063210
v -2.81758094 20.61114311 -18.51459885
v -1.17581761 20.36026573 -18.96316719
v -0.87743968 23.21281433 -17.36216354
v -2.35626936 23.33688354 -16.94919395
v -2.02345109 25.74328613 -15.32038593
v -0.67037612 25.73359680 -15.68796062
v -4.35328484 20.73889923 -18.02737808
v -3.76032043 23.28917313 -16.54581070
v -5.65148687 20.87276459 -17.54268456
v -5.58961010 22.90769386 -16.13910866
v -4.76951838 25.40183067 -14.48876095
v -3.33523989 25.58856773 -14.97187424
v -6.04170561 16.05774689 -20.11338997
v -5.17227030 18.46478081 -19.11935997
v -8.09433079 16.53622627 -19.28819084
v -6.60475826 18.87364197 -18.45435524
v -6.73830700 13.73612785 -21.06381798
v -8.74322128 14.04114151 -20.46232414
v -4.59647369 13.31831455 -21.68943214
v -5.06715870 10.87178421 -22.50725937
v -7.30030680 11.38733673 -21.92145729
v -9.32912922 11.84601498 -21.35345459
v -8.95549870 9.48906136 -22.32500076
v -5.56743956 8.70678043 -23.20386124
v -5.98125076 6.55272913 -23.84516907
v -9.50664997 7.39441204 -22.94118881
v -2.67981935 10.40194130 -23.01754570
v -3.04570889 8.21492481 -23.70182419
v -3.35061693 6.02990961 -24.33186340
v -2.35363626 12.88196468 -22.21815109
v -10.47350788 5.33641529 -23.34944344
v -6.37894773 4.33464241 -24.46372604
v -6.72630024 2.07779741 -25.01266670
v -9.35714531 2.53995132 -24.34787178
v -12.64330482 3.59564900 -23.22882271
v -9.92778111 -0.08510038 -24.64172173
v -12.54851437 0.45699325 -23.71646500
v -7.05553770 -0.41212597 -25.41046715
v -7.23437500 -2.96956086 -25.73644066
v -10.26154709 -2.87213778 -24.88512039
v -13.73539066 -2.91689968 -23.65706253
v -3.94347572 1.61838174 -25.44269562
v -4.17434216 -0.78907430 -25.90369225
v -4.31884432 -3.24160838 -26.27052879
v -3.67385077 3.83035970 -24.91324234
v -10.02425575 -5.86265802 -25.12873077
v -12.43813705 -6.39063835 -24.38547134
v -7.25070000 -5.73879910 -25.92886353
v -7.09145260 -8.49150085 -25.93402481
v -9.58274555 -8.75027847 -25.14884758
v -11.69171810 -9.27657318 -24.41601562
v -9.21127319 -11.22808933 -25.23163033
v -11.16658115 -11.67023182 -24.48900414
v -6.91735506 -10.95003891 -25.99806023
v -6.67564011 -13.29124737 -25.82701683
v -8.83379841 -13.55866051 -25.06153488
v -11.28677368 -15.10415268 -23.81096268
v -4.42732620 -8.42693901 -26.55142403
v -4.39973164 -10.83650112 -26.58649635
v -4.29788494 -13.15727711 -26.40165520
v -4.42953777 -5.83316755 -26.49697304
v -8.11505318 -17.12458229 -24.52265358
v -6.38642550 -15.42644501 -25.52526855
v -5.85697079 -18.26156235 -24.93925667
v -9.75610542 -17.93311501 -23.72478485
v -9.40401363 -19.64681244 -23.34446716
v -5.24378443 -20.59724045 -24.59243011
v -7.15917492 -21.03717232 -23.80430412
v -9.22170067 -21.53145027 -22.79184151
v -3.79397082 -18.09604836 -25.46750069
v -3.35714674 -20.39228439 -25.08870888
v -4.13779545 -15.28657722 -26.07431412
v -6.60960340 -22.51831818 -23.89488029
v -8.21503067 -23.07947540 -23.03208160
v -4.67899370 -22.73201752 -24.70054436
v -6.06477118 -23.79777336 -24.16082001
v -7.52043009 -24.28467751 -23.42187881
v -5.50888014 -25.66719055 -24.41891289
v -7.07818222 -25.51484299 -23.61756706
v -3.97012234 -25.61660957 -25.04099655
v -6.78106785 -26.78323746 -23.82631683
v -2.93375134 -22.82496452 -25.15387726
v -2.27648783 -26.26694870 -25.60394478
v -12.93757439 -24.44318771 -18.45856667
v -12.13575649 -24.12279892 -19.68841553
v -11.04556656 -25.65236664 -20.39186287
v -11.77671337 -25.93549919 -19.41897392
v -11.28001308 -23.59523964 -20.76038551
v -10.10409069 -25.20503616 -21.44195175
v -9.03527927 -27.61923409 -22.17939186
v -9.82714558 -27.99223137 -21.35071564
v -10.88547611 -28.29208565 -19.95024681
v -8.50557518 -25.75076485 -22.72435570
v -10.35591602 -22.77277756 -21.72418976
v -9.47310448 -23.78323936 -22.15042877
v -19.19635010 -17.63842201 -10.00793076
v -19.26902199 -17.49802780 -9.63951397
v -19.72443581 -17.38417435 -9.83720398
v -19.48567009 -17.57249069 -10.24638081
v -19.33842850 -17.10422897 -9.25835228
v -19.81659317 -17.00522614 -9.50090981
v -20.05177689 -16.84502983 -9.77327347
v -20.02207565 -17.07378960 -10.09208393
v -19.78036118 -17.25304794 -10.52474785
v -12.77632618 -27.81065750 -17.13434982
v -13.61103153 -27.61902428 -16.49499130
v -13.63249111 -27.72976875 -17.16826439
v -13.25786018 -27.29478836 -15.67426872
v -13.98121262 -27.30553055 -16.06037903
v -14.56733131 -27.33912849 -16.30904579
v -14.49128914 -27.60685730 -17.19733429
v -14.20481205 -25.95271873 -15.12095737
v -14.26621532 -24.97948837 -14.63842392
v -14.73331928 -25.60067940 -15.35735321
v -14.49192047 -24.46656990 -14.71351910
v -14.86960602 -25.22541618 -15.44908905
v -15.23191452 -25.74181175 -15.99581718
v -15.25045109 -26.08600426 -16.00792885
v -15.09183598 -26.54510498 -16.03510284
v -13.13026237 -26.40318298 -18.31475067
v -12.93599510 -26.96391869 -18.35219193
v -13.05227089 -27.43168068 -18.16182137
v -14.26389790 -27.17882919 -17.99578094
v -14.43704796 -26.77196884 -17.98819733
v -0.50344038 27.96969414 -14.14867496
v -1.75045586 27.95189476 -13.79584599
v -1.54939568 29.88455772 -12.31870174
v -0.38927105 29.91352081 -12.66141987
v -2.96945548 27.84973145 -13.40941811
v -4.10356569 27.81307983 -12.87143230
v -3.77064204 29.80640793 -11.32456493
v -2.69751358 29.83252716 -11.88540554
v -5.65569973 26.21692085 -13.16686153
v -4.93561125 28.91664696 -11.29897118
v -6.56463051 26.53667831 -12.11237526
v -5.75931025 29.36379242 -10.08916092
v -7.07556200 27.52819443 -10.47489071
v -8.75122643 25.39445877 -10.59657669
v -7.44754744 28.16959572 -9.13839054
v -7.69336939 28.86330032 -7.62026262
v -7.97394753 28.04520988 -8.00101566
v -8.12487411 28.29366493 -7.53338480
v -8.18532944 27.52891922 -8.06326103
v -8.25768566 27.93493652 -7.55792475
v -8.37074947 28.29898262 -7.20114565
v -7.69458055 29.79161072 -5.40055656
v -7.37887716 30.08203697 -5.82326746
v -7.90380335 29.54699898 -6.06582451
v -7.54460144 29.88047600 -6.40074921
v -5.46338129 6.43687487 7.19635344
v -5.20713234 7.04363632 7.90327644
v -5.48613071 7.87136364 7.68620729
v -5.79619932 7.50905514 6.90071392
v -5.07242489 7.43933201 8.46769810
v -5.19238710 8.07842731 8.47570324
v -5.30634546 8.90236282 7.92681599
v -5.73774576 8.80925846 6.65836763
v -3.10353088 11.45727062 6.70091772
v -3.37010145 10.95256615 7.55634499
v -2.69403791 10.75908947 7.77078104
v -2.24378538 11.23714733 6.98086405
v -3.62961555 10.48693657 8.40787506
v -3.02190614 10.34201336 8.56238270
v -2.56628203 10.09998226 8.56291008
v -2.16647863 10.27945232 7.99016714
v -1.57941246 10.64881706 7.28240204
v -1.63768196 8.51159191 8.40561104
v -2.25163174 7.71880484 8.96476650
v -1.28166652 7.12041616 8.18048477
v -2.69814539 7.25070000 9.14776421
v -2.29402399 6.80150032 8.72900295
v -1.73402560 6.12375164 8.24673271
v -2.96777034 6.40612078 8.65927982
v -2.58313346 5.62873697 8.13656521
v -3.23518372 7.13758373 9.20168877
v -3.82949066 6.52387094 8.62497139
v -1.04879904 15.30069065 5.74975252
v -1.42637932 15.85942459 5.93669939
v -1.95615017 15.55388451 5.91363382
v -1.73739588 14.90562630 5.71489096
v -1.68884230 16.15854073 6.14713335
v -2.08927751 16.09376717 6.17125225
v -2.61989093 16.10187721 6.06024218
v -2.59461379 15.53029251 5.77408171
v -2.57734084 14.89151287 5.52615309
v -1.86925936 19.41836929 4.55845261
v -2.05725956 18.92419624 5.06126070
v -1.58983946 18.76358032 5.21597910
v -1.26102328 19.24385071 4.74803257
v -2.22830296 18.56589127 5.56638622
v -1.81617689 18.43350029 5.68708563
v -1.50358045 18.23085976 5.71310043
v -1.22237003 18.35471916 5.38101912
v -0.78886366 18.73293114 4.95951939
v -3.69528389 17.62741852 4.59489393
v -3.32302237 18.22833252 4.77783871
v -3.48026848 18.51449394 4.15938663
v -3.33439708 17.55342865 5.45832586
v -3.13702321 18.13470078 5.34447241
v -2.93196082 18.49479866 5.22377300
v -2.96734905 18.67247772 4.77952385
v -3.03454471 19.12367821 4.18634892
v -1.01456928 17.78271484 5.56238413
v -0.52555805 17.94090843 5.17585135
v -1.46745491 17.82463264 5.90510273
v -1.21726191 17.13245392 5.90978956
v -0.47658318 16.93855667 5.42725563
v -6.52429247 16.75013542 3.41823363
v -6.76748133 17.47317314 3.25466824
v -7.35128260 17.28169632 3.08373022
v -7.30915356 16.48935699 3.18715668
v -6.73696423 18.02911568 3.21598864
v -7.34306765 17.93564224 3.07214475
v -7.91594172 17.49442101 2.77632070
v -6.14313126 20.81567955 1.78995168
v -6.50849390 20.34625816 2.05325723
v -6.15661240 20.12866211 2.37564874
v -5.65833282 20.55100441 2.21408439
v -6.82203817 20.04008675 2.31350851
v -6.41731119 19.68804741 2.69911981
v -5.93701553 19.70263290 2.67328930
v -5.36258793 19.99153328 2.60398746
v -5.88003588 19.21372795 2.92595744
v -5.30213261 19.27186584 2.91668916
v -6.12069750 18.67326736 3.14099908
v -9.06224251 17.54510689 1.54665732
v -8.61346436 18.06950760 1.86736357
v -8.71467876 18.53676987 1.32753432
v -8.37280273 18.36525154 2.12434983
v -8.25189304 18.79991722 2.01081252
v -8.15167904 19.36807823 1.47495914
v -9.88952255 12.26630306 4.10456610
v -9.41507244 11.77818775 4.62343645
v -8.75164700 12.39337444 4.27871656
v -9.93852329 11.25125980 5.00154305
v -9.53187466 11.01217842 5.16300201
v -8.99041271 11.24062252 4.96320581
v -8.19470310 11.67613029 4.74687386
v -9.02622223 7.00666809 5.54005575
v -9.61381531 7.85082626 5.54258347
v -10.37045002 7.51979828 5.26516485
v -10.01751518 6.55652094 5.15162754
v -10.06143475 8.43452168 5.59608746
v -10.61395550 8.39513111 5.44179010
v -11.19651890 7.72075319 4.91054487
v -8.83495712 10.45618248 5.31161165
v -7.99764538 10.59257507 5.19417763
v -9.59675312 10.48672581 5.40924549
v -9.29711151 9.64056683 5.58181620
v -8.08790684 9.28236580 5.51951790
v -12.68427467 7.66061401 3.23581553
v -12.31796360 8.33183289 3.83299279
v -12.47647381 9.20274258 3.54714823
v -12.87564564 8.85423088 2.85591817
v -12.12016869 8.78092670 4.28440380
v -12.14165497 9.40664673 4.23174286
v -12.17103958 10.18424034 3.76579714
v -12.65099335 10.23079300 2.65833354
v -18.76968956 -1.66135311 -1.73681664
v -17.66475296 -2.04125047 -1.07460296
v -18.67911148 -1.26607883 -0.65426183
v -17.03766441 -1.62765014 -0.21296160
v -18.16166306 -0.93557757 0.00495015
v -19.06269646 -0.46426049 0.21243498
v -19.60194588 -0.54609591 -0.15229598
v -20.07621193 -0.53524768 -0.76137459
v -19.04468536 3.50796819 -3.26425266
v -19.35896683 2.55553913 -3.78159547
v -19.94550705 2.20776510 -2.72068453
v -19.68335915 2.92332435 -2.33889127
v -19.81843567 1.29072428 -3.48879957
v -20.63557816 1.25186026 -1.77815557
v -20.48770523 2.03071833 -1.66893637
v -20.18816948 2.56238508 -1.61869764
v -17.30887032 -0.40896633 0.41855064
v -17.46885300 0.74549723 0.70734429
v -19.12799644 0.13734022 0.53767008
v -13.79131699 -2.33141327 2.66423178
v -13.55444717 -1.86831141 3.47889924
v -14.05177879 -1.14827585 2.93101311
v -13.42700768 -1.59805453 4.10514545
v -13.58825588 -1.00856590 4.18624353
v -13.79158020 -0.15966853 3.83947015
v -14.26726818 0.04012778 2.59808922
v -9.61307812 -0.68780696 6.01887703
v -9.79362679 -1.74526870 5.80554676
v -10.95572567 -1.94846165 5.67370987
v -10.42353249 -2.34931827 5.49202871
v -9.72608852 -2.97524834 5.29065275
v -13.45628738 2.21871853 3.26467395
v -13.31778812 1.51895750 3.91482806
v -12.62360954 1.82734108 4.44723225
v -12.55873108 2.61494088 3.93368077
v -13.22636890 1.07797325 4.42005920
v -12.77337742 1.14485288 4.88010645
v -11.88064003 1.67704618 5.11297417
v -11.99825859 -3.07261872 4.27650452
v -12.93641663 -2.43273330 3.94421315
v -12.97812366 -3.06319237 3.25993443
v -12.32828522 -2.02945447 5.02818966
v -12.99918842 -1.84124362 4.54002094
v -1.94224763 0.71208376 8.45347977
v -2.56691384 0.13344330 8.90278435
v -2.21998239 -0.60412842 8.98377705
v -1.51063704 -0.27404851 8.53384113
v -2.98409534 -0.20127082 9.29626846
v -2.88909459 -0.75284344 9.43571568
v -2.48355126 -1.51126897 9.19647598
v -1.40952766 -1.49167907 8.49013233
v -3.79581404 1.56087577 8.03872108
v -3.99066019 0.80708444 8.60998917
v -3.19663572 0.59854639 8.79324913
v -2.75702071 1.30947161 8.28896618
v -4.17939758 0.12838782 9.18009853
v -3.49701476 -0.01063755 9.31954479
v -2.12076879 -3.66890073 8.04967403
v -2.69330072 -3.13554883 8.59745502
v -3.36146498 -3.52271342 8.39839649
v -2.97830272 -4.15380430 7.76909590
v -3.08509946 -2.82642794 9.04918289
v -3.61529160 -2.97019291 9.03664970
v -4.20472765 -3.46254802 8.34847355
v -5.90626144 -3.36767912 6.96032619
v -5.61199093 -2.90605164 7.76404047
v -5.98156691 -2.11560798 7.78215599
v -6.35661936 -2.32203960 6.97759914
v -5.45800972 -2.63937569 8.38101864
v -5.62905312 -2.06947684 8.54711151
v -5.87603378 -1.23464012 8.26174068
v -6.44709110 -1.07281244 7.10114241
v -18.53302956 -10.86630726 -5.21861219
v -19.22204781 -10.48556709 -4.18603277
v -19.50704956 -9.77990818 -4.29567337
v -18.89017868 -9.88565159 -5.38839197
v -19.81901550 -10.31663036 -3.45320058
v -20.12518692 -9.83952045 -3.31859875
v -20.27758789 -9.16198254 -3.20695734
v -19.68968010 -8.92142677 -4.23216391
v -19.12367821 -8.67602634 -5.30202770
v -17.04809189 -6.93999910 -1.30115116
v -18.13586044 -7.66387892 -1.34591305
v -17.91636848 -8.38017559 -1.17855597
v -16.72612190 -7.94214058 -1.11757445
v -18.96337700 -8.10739136 -1.27787495
v -19.05426979 -8.64695740 -1.16602266
v -18.10249901 -9.27538872 -1.24812138
v -18.20705795 -6.02580214 -2.68655992
v -19.00192451 -6.98581457 -2.32572603
v -18.54956627 -7.19803858 -1.74940264
v -17.58807945 -6.30322075 -1.87336695
v -19.79152489 -7.84977293 -1.94624996
v -19.41436768 -7.96689129 -1.50315917
v -16.68567848 -11.30581760 -2.34921288
v -17.87929535 -10.79447746 -2.08769774
v -18.23191452 -11.13319397 -2.68318963
v -17.12718964 -11.73016071 -3.15503335
v -18.79465103 -10.50157642 -1.84851086
v -19.23026276 -10.63164902 -2.14151740
v -19.58709526 -10.66082382 -2.60556722
v -18.63171768 -11.18006229 -3.28679156
v -17.66243553 -11.76291561 -3.97201800
v -13.78394413 -7.47250843 1.60921872
v -13.58088303 -8.29128361 2.15742111
v -12.95832348 -8.02113247 2.77008057
v -12.95179367 -7.11514997 2.40039945
v -13.46281719 -8.82811165 2.59924793
v -13.06448841 -8.80989075 3.07677889
v -12.43645191 -8.86392117 3.57842875
v -12.16629982 -8.05578327 3.39053392
v -11.89572716 -7.17771149 3.21380329
v -12.06292629 -12.71081638 1.61595929
v -12.90808487 -12.15324020 1.47493279
v -12.85142136 -12.67216301 0.68754369
v -12.47773743 -11.88087654 2.57849932
v -13.05827427 -11.68739986 2.16321373
v -13.42332077 -11.42609501 1.80775118
v -13.46639824 -11.61820316 1.17834532
v -13.59067822 -11.99262333 0.31638804
v -14.06562901 -9.83120060 1.23927426
v -13.99000740 -8.79970074 1.57856989
v -9.93862915 -8.22945976 4.13052797
v -10.67314625 -8.86908150 4.06944132
v -10.35654736 -9.64298916 4.08808327
v -9.53398132 -9.27699471 4.12252378
v -11.21050072 -9.25982666 4.09292793
v -11.16763401 -9.84025764 4.09935284
v -10.71896172 -10.58641338 3.90455937
v -9.46710110 -10.54328442 3.81571984
v -4.29219770 -8.25326252 6.58927631
v -4.54560328 -9.22928333 6.93778753
v -3.79497147 -9.42697334 7.08587074
v -3.28426385 -8.50319195 6.80381775
v -4.79669142 -10.12030983 7.30399275
v -4.17118263 -10.23837662 7.41689825
v -3.69238758 -10.36918640 7.36571169
v -3.21454048 -9.87227631 7.09819317
v -2.51836038 -9.10163307 6.84352398
v -2.90520906 -13.51010704 5.23672771
v -3.49996376 -13.08165550 5.92005873
v -4.12989616 -13.45744514 5.61335993
v -3.73504305 -13.99132442 4.81196308
v -3.90124154 -12.85226345 6.45162010
v -4.39246464 -13.00340080 6.40243435
v -4.90999174 -13.42455864 5.58350134
v -6.47215796 -13.19729996 4.21815634
v -6.17061996 -12.85236931 5.15657759
v -6.50206947 -12.10142136 5.37354136
v -6.89228821 -12.17577934 4.49999857
v -6.00294733 -12.67679691 5.85075665
v -6.14165640 -12.17483139 6.16135168
v -6.38705778 -11.32872486 6.07061672
v -6.98128557 -10.93360806 4.93698072
v -2.52299452 -11.41335106 6.53566694
v -3.09268260 -12.37999916 6.35209036
v -2.37733388 -12.55578136 5.79219723
v -3.65636730 -11.65738297 7.17697430
v -3.77338028 -12.36599064 6.84110165
v -17.11381340 -17.65327263 -7.73865795
v -16.70379257 -18.72187233 -8.31413841
v -17.43525696 -18.99149704 -7.21383715
v -17.73394966 -18.25792885 -6.82709360
v -16.25080299 -19.58382988 -8.59282112
v -17.09222221 -19.58572578 -7.40162659
v -17.77839661 -19.67809296 -6.56463051
v -18.14049339 -19.37866211 -6.28078699
v -18.38863373 -18.86258316 -5.98925543
v -14.72721100 -20.06420517 -6.19115782
v -14.76386261 -19.27186584 -5.37080288
v -16.05848312 -19.33116150 -5.08337831
v -16.01361656 -19.90242958 -5.68034506
v -14.98946285 -18.24665833 -4.66977787
v -16.22447205 -18.60138512 -4.59299803
v -17.43009567 -18.96990776 -4.47019243
v -17.24872971 -19.51452827 -4.81617594
v -16.97678947 -19.83555031 -5.21524191
v -15.95237064 -20.33198547 -7.26749849
v -14.97914124 -20.40850258 -6.96601391
v -16.21773148 -20.18079758 -6.22707272
v -17.33488464 -20.00701523 -5.44073677
v -17.60366631 -20.04134941 -5.82958651
v -17.48096657 -15.90418720 -6.62519121
v -17.39607620 -16.66830063 -7.22752905
v -17.91858101 -17.56575012 -6.45667553
v -17.95396805 -17.00806999 -6.03012037
v -18.50943756 -18.29784584 -5.72573900
v -18.42086220 -17.77923965 -5.59398079
v -13.02035809 -16.85103416 -1.63291621
v -13.17781448 -17.65853882 -2.38017750
v -13.10746002 -18.45856667 -1.69168603
v -12.96011353 -17.84538078 -1.12168205
v -12.99718761 -18.94921112 -2.60430336
v -12.99455452 -19.75929642 -1.34991527
v -13.08228779 -19.10661507 -0.95285040
v -12.99465942 -18.55040741 -0.70102489
v -9.52408123 -19.64544296 -0.59470212
v -9.30564213 -18.42444229 -0.09605389
v -10.14516640 -19.02298927 0.05813788
v -9.80350018 -17.51098251 0.26941434
v -10.52369404 -18.34155464 0.30248550
v -11.06262779 -18.90976715 0.44667166
v -10.98037148 -19.47598076 0.31164855
v -10.86725521 -20.12518692 -0.06003368
v -10.94998550 -21.34523964 -3.05076432
v -9.92778111 -21.42854881 -3.07203937
v -10.64955425 -21.28773308 -2.16289783
v -9.34661293 -21.15618706 -2.48729038
v -10.19087601 -21.05886841 -1.72644234
v -10.79258156 -21.04359627 -1.09988034
v -11.23978043 -21.18388557 -1.23964286
v -11.74480057 -21.18041039 -1.52738333
v -3.21601510 -21.94926262 -0.62614077
v -2.86487055 -21.24834251 0.18610442
v -3.48195362 -21.43918800 0.82098699
v -3.76284814 -21.96685219 0.19421424
v -3.05866361 -20.54184151 1.29109287
v -3.98939633 -21.18251610 1.91044033
v -4.04479599 -21.74841309 1.34370124
v -4.11883736 -22.05805969 0.82351470
v -4.88632059 -18.35824776 2.42725658
v -5.72468567 -17.89182854 1.98363936
v -5.67960787 -18.92103767 2.16237116
v -6.42581606 -18.25529480 1.41795349
v -6.21401310 -19.18887138 1.70558858
v -6.12417316 -19.84924316 1.97921574
v -5.75101614 -19.85640335 2.33151865
v -5.15520811 -19.86725235 2.59903717
v -6.04370689 -21.70207214 -1.44807565
v -5.39165688 -22.14137077 -1.59763324
v -5.43852520 -22.13146973 -0.53451043
v -5.93059063 -21.77137375 -0.43561283
v -4.73607826 -22.30730438 -0.96980727
v -5.06284046 -22.27649879 0.56779224
v -5.57144165 -22.15179825 0.43287447
v -5.90110064 -21.90397453 0.30238017
v -6.71692657 -19.02309418 0.70650166
v -6.45657015 -19.78120422 1.16454816
v -6.55915403 -20.25162697 0.26804513
v -6.22654629 -21.03432846 1.21699858
v -6.23971176 -20.38965034 1.70021713
v -13.11061954 -27.10562897 -11.53605175
v -12.85426521 -27.04991341 -10.88695049
v -14.06504917 -26.98724747 -10.42237377
v -14.27011204 -27.04106712 -10.91359711
v -12.64520073 -26.78924179 -10.31031132
v -13.87567997 -26.77639198 -9.98928928
v -14.82347488 -26.86591530 -9.66773987
v -15.17577839 -27.01536751 -9.89966011
v -15.39737606 -27.05012512 -10.30757332
v -13.39204025 -24.05244255 -8.81462955
v -13.84966564 -23.62335968 -9.13259792
v -14.79451180 -24.47868156 -9.21632862
v -14.41977501 -24.78948784 -8.96408176
v -14.93319416 -24.09562492 -9.69854736
v -15.66868591 -25.28134346 -9.20032024
v -15.23570633 -25.32399750 -9.01031876
v -11.25863266 -27.08077431 -5.14488649
v -11.32066727 -26.56448364 -4.91307259
v -11.71762753 -26.49950027 -5.29360151
v -11.65653992 -27.00051880 -5.53036594
v -10.89685154 -25.48356056 -5.13456535
v -11.37027454 -25.45780945 -5.54426908
v -11.72952843 -25.83449554 -5.77492428
v -11.83569336 -26.27674294 -5.91942644
v -11.64321709 -26.53188705 -6.66073704
v -13.33437634 -25.71279526 -9.29247761
v -13.00298023 -24.74630547 -8.94986343
v -14.14383030 -25.31051636 -9.00547409
v -15.27720356 -25.76866913 -8.99947071
v -15.16103268 -26.25736427 -9.13249207
v -4.11720514 24.78311539 2.99288988
v -4.60050201 24.41359329 2.86408067
v -4.10609341 24.09615135 2.90910602
v -4.63217783 24.95410728 2.95249867
v -4.64797640 24.07803535 2.73985314
v -4.40457678 23.64884758 2.73226976
v -0.44772491 24.68564034 4.59505177
v -0.85110915 24.66015244 4.74202919
v -0.69775993 24.33375931 4.78721237
v -1.12884390 24.58416176 4.92260408
v -0.72245800 23.94040680 4.87276030
v -0.56968808 22.76982880 4.59542036
v -0.86311585 23.16046906 4.76857042
v -1.18561256 22.99711418 4.69747782
v -0.99877089 22.55275917 4.49346876
v -1.05575025 23.35478783 4.93002939
v -1.30725980 23.31824112 4.92413139
v -1.64492297 23.33951569 4.83745098
v -1.58330941 23.00617218 4.58078051
v -1.53412390 22.57677269 4.33316803
v -7.26741982 26.39960098 -0.33745250
v -7.55392265 26.03450203 -0.58201075
v -7.14706278 25.58730316 -0.50775856
v -7.99216843 26.35984230 -0.64172846
v -8.05399227 26.09306145 -0.83773321
v -7.75877428 25.75371361 -0.90419155
v -7.42932653 25.19076538 -0.91051090
v -8.05557251 25.29408646 -2.21671748
v -8.25737000 25.83133507 -1.86430919
v -8.40281963 26.07915878 -2.35848117
v -8.26906109 25.59825706 -2.86623979
v -8.50013733 26.28190422 -1.49894631
v -8.60998917 26.47685623 -1.92887175
v -8.58228874 26.64200020 -2.27411819
v -8.40124035 26.43125153 -2.74743629
v -8.28538609 26.05619812 -3.36504602
v -18.69185638 -17.20618057 -11.39207649
v -18.23338890 -17.79219437 -11.00027752
v -18.91935158 -17.62009621 -10.63839054
v -19.24090195 -17.25189018 -10.97805405
v -17.91405106 -17.94543648 -10.47672081
v -18.67510986 -17.68171120 -10.19772148
v -19.57766914 -14.93653870 -10.06243515
v -19.54106903 -14.92806053 -10.92254925
v -19.87620544 -15.49658966 -10.60731983
v -19.46218300 -15.55388451 -11.46917248
v -19.79342079 -16.00477028 -11.04935741
v -20.10349083 -16.25606918 -10.71422195
v -20.22629547 -16.01235199 -10.34127617
v -20.15130615 -15.82129860 -9.81319046
v -17.82610703 -17.63347244 -9.84752560
v -18.58126831 -17.49160385 -9.68511868
v -17.95933914 -16.92044067 -9.26056480
v -18.63350677 -17.02323532 -9.22359657
v -21.82329750 -8.77402782 -11.06336594
v -22.33274078 -8.06104946 -10.62827873
v -21.47183609 -7.58625650 -11.34773540
v -23.19827843 -8.88993549 -9.99571323
v -23.18837929 -8.32214355 -9.93346786
v -22.98342133 -7.88358116 -9.88259792
v -22.30925369 -7.45154953 -10.37518978
v -21.48932076 -6.67880011 -11.02039433
v -20.59976959 -6.59254122 -8.06126022
v -21.67679405 -7.37645483 -8.22177124
v -21.57157707 -7.95256710 -7.98205757
v -20.42124748 -7.42964220 -7.77836418
v -22.53053665 -7.83629179 -8.25241947
v -22.69009972 -8.28075123 -8.13256264
v -21.78422356 -8.70909691 -7.99967241
v -20.12655640 -10.44923115 -8.49223900
v -21.36103821 -10.00498199 -8.51109123
v -21.50311852 -10.37687492 -8.97408772
v -20.27706146 -10.96088696 -9.11058521
v -22.32463074 -9.81940460 -8.48286533
v -22.64386368 -9.96453857 -8.76291656
v -22.82617569 -10.04195023 -9.18589115
v -21.67595100 -10.52737999 -9.49680233
v -20.49897575 -11.16099930 -9.81371689
v -21.20726776 -6.02685547 -9.51597118
v -22.13831711 -6.96833086 -9.26203918
v -21.91176796 -7.06701803 -8.67223454
v -20.89698792 -6.15429497 -8.68940163
v -23.06789017 -7.72180605 -8.97556210
v -22.87167549 -7.76614714 -8.52783775
v -12.73809433 20.75701523 -5.27875137
v -12.10658264 21.69638443 -6.24687338
v -13.13115692 21.40364075 -6.56709290
v -12.26951599 21.97632980 -7.08207893
v -13.91517639 21.37852097 -6.94115782
v -14.51972580 20.42230225 -5.90778828
v -16.06037903 20.24356842 -6.51849937
v -16.43000793 19.24350739 -5.88979149
v -16.98384476 20.15888977 -6.97307014
v -17.48644257 19.51410675 -6.67521906
v -17.97450638 18.78232765 -6.38589859
v -15.56889343 18.65862656 -5.04201317
v -21.39905930 6.71555758 -11.95396996
v -20.72190285 6.82097197 -9.26946449
v -20.87813568 8.20355034 -9.81050491
v -19.79015732 9.70397091 -6.94758224
v -19.57340431 8.28686047 -6.31764984
v -19.12599373 9.33544827 -5.53289366
v -19.10977554 10.48830605 -5.67823839
v -19.28271484 6.43613768 -5.14351749
v -18.70007133 9.37167931 -4.72391367
v -18.22211838 12.03549004 -4.48788643
v -10.42732430 22.13347054 -3.86680126
v -10.96130848 21.87616920 -3.16356444
v -10.56266308 22.09787178 -2.81547451
v -9.89818573 22.41657829 -3.38263488
v -11.29844475 21.85963440 -2.70151567
v -11.14383125 21.97422409 -2.36996126
v -10.92465591 21.97632980 -1.97868919
v -10.29061604 22.09924126 -2.33646894
v -9.55799484 22.38508606 -2.70414877
v -14.94080353 21.53126526 -7.94698524
v -14.83789158 21.36076164 -7.36675167
v -15.94821167 21.11721611 -7.54275846
v -16.91027832 17.02265549 -4.71248627
v -18.04591560 17.11423492 -5.38702250
v -18.46341133 16.20088005 -5.28728247
v -17.35252571 16.27239227 -4.70437670
v -18.86732292 17.11033630 -5.90215349
v -19.23426628 16.20108986 -5.75733566
v -19.52874756 15.31185436 -5.68392611
v -18.83488464 15.26804066 -5.26779795
v -18.05012703 15.05128670 -4.83566046
v -13.80679893 -24.09920502 -17.07642365
v -14.33635998 -23.57069969 -17.05957222
v -13.60479164 -23.68339348 -18.33902740
v -14.47222519 -23.63252258 -15.69680691
v -15.03812218 -23.11328506 -15.76189613
v -15.72450733 -22.60015488 -16.01056290
v -15.03464603 -23.00417137 -17.10306931
v -14.35173702 -23.07368279 -18.23096657
v -15.75052166 -22.50325775 -17.46411514
v -15.11900902 -22.53190613 -18.39663696
v -16.40678406 -22.19055557 -16.58077621
v -17.25410271 -21.69480324 -17.21123505
v -16.48398590 -22.02572632 -17.92384720
v -15.88564968 -22.02488327 -18.67447853
v -16.94282150 -21.64006233 -15.42565441
v -17.66006660 -20.72278595 -14.68181610
v -15.16419220 -22.75129128 -14.03124142
v -15.79254532 -22.23068428 -14.31571674
v -15.82666969 -21.22011757 -11.64200592
v -16.63596535 -20.92152786 -13.13199997
v -17.40155411 -19.16022491 -12.05244637
v -17.99239731 -19.61871910 -13.67384338
v -18.60751915 -17.93379974 -12.95482159
v -19.45891762 -19.18924141 -15.92261791
v -19.59354591 -17.35415840 -14.42411900
v -20.06412506 -15.91577244 -14.44963360
v -20.34594154 -17.33709526 -16.21436119
v -19.89711189 -18.45477676 -16.08244514
v -19.26860046 -16.02794075 -12.59675217
v -20.13656235 -13.63112164 -12.70586586
v -11.43715382 -22.10145378 -21.27857018
v -10.93803215 -20.98567009 -22.11577797
v -12.13923264 -22.90990639 -20.40239525
v -13.07733727 -22.33779716 -20.08769226
v -12.55230618 -21.61265373 -20.85296249
v -12.21969795 -20.66022301 -21.57410431
v -13.55339432 -21.15355301 -20.73289680
v -13.27660751 -20.27010918 -21.39326668
v -13.99069214 -21.84330940 -20.01407242
v -14.83990574 -21.40400887 -20.06188774
v -14.43020153 -20.75817299 -20.71920395
v -14.15404701 -19.94771957 -21.30658722
v -13.69979191 -22.83660316 -19.17475891
v -14.52962589 -22.29956436 -19.21562386
v -15.33734226 -21.80739403 -19.37455559
v -12.88027954 -23.43630791 -19.39435577
v -11.79930401 -17.89804077 -22.94361115
v -13.43522263 -16.23563576 -22.69304848
v -13.67040730 -14.62388897 -22.80553246
v -13.29840851 -17.70688248 -22.42026329
v -14.01818085 -17.59050179 -22.22352219
v -13.97858047 -16.38119125 -22.52032089
v -14.03829765 -14.88919640 -22.81711769
v -12.19252491 -19.37329102 -22.21962547
v -13.21920681 -19.07680893 -21.98201752
v -14.04503822 -18.83920288 -21.83298683
v -10.93034363 -19.54022598 -22.72138023
v -13.99269295 -7.75529861 -23.52014351
v -15.03938580 -5.84938717 -23.11381149
v -13.77952099 -10.61537743 -23.21431541
v -14.84348679 -9.18241501 -22.89094925
v -15.69427967 -7.79858637 -22.60162926
v -15.19083881 -10.04816437 -22.53243256
v -16.39024925 -8.54774284 -22.02114487
v -14.72510433 -11.74585342 -22.64207268
v -15.32702065 -10.54391575 -22.36475945
v -16.03573418 -9.60180855 -21.99855423
v -14.03355789 -13.01424980 -22.82954597
v -14.26347637 -13.15991020 -22.80226707
v -12.63940716 -12.09562874 -23.71741295
v -20.60914230 -3.90692902 -18.31838417
v -19.33695412 -2.41224837 -19.91148949
v -19.07080650 -5.28464937 -20.27400780
v -19.98721504 -5.84559584 -19.43132401
v -17.89972687 -4.12120724 -21.23359680
v -17.83474350 -6.73325157 -21.34502983
v -18.81961250 -6.85953283 -20.55332184
v -19.42029190 -7.79740143 -20.07492065
v -18.59822464 -7.79816484 -20.70572281
v -17.74953842 -7.77625799 -21.31353760
v -17.65822411 -8.46064186 -21.30942917
v -18.43844986 -8.40966606 -20.82178879
v -16.73307228 -7.05532694 -22.02825356
v -16.83133888 -8.89414787 -21.67868996
v -16.25480461 -3.06119132 -22.33210945
v -16.44659615 -5.18522501 -22.26775742
v -19.72211838 -9.10774136 -19.81237984
v -19.86567307 -8.64506149 -19.57624626
v -20.19733238 -9.82635593 -19.22973633
v -20.26673889 -9.30869675 -18.97601509
v -20.45775414 -8.17126846 -18.75017738
v -20.79177094 -6.53935337 -18.16745758
v -20.84432793 -8.48486614 -17.90109634
v -20.84790802 -12.37683964 -17.50687599
v -20.84137726 -10.24079895 -17.61019707
v -20.59292221 -9.85005283 -18.37852287
v -20.56532860 -10.79363537 -18.58274269
v -21.65088463 -5.91015816 -15.55093575
v -21.49837875 -6.12501574 -16.15064049
v -22.00719070 -6.86806393 -15.98802280
v -22.11756706 -6.72050762 -15.55799294
v -21.36240768 -6.62424326 -16.61595535
v -21.89639091 -7.22468519 -16.32926750
v -22.30230331 -7.57382870 -16.17644501
v -22.47324181 -7.45081234 -15.92841053
v -22.57287598 -7.38656569 -15.55609703
v -21.09773254 -10.73570824 -14.24251747
v -21.24728966 -9.84815693 -14.02313137
v -21.82519341 -9.51481247 -14.44347286
v -21.70596886 -10.14042664 -14.60535240
v -21.41454124 -8.70604229 -13.95993805
v -21.94736671 -8.73679638 -14.38796806
v -22.47966576 -8.76618195 -14.72773743
v -22.36960411 -9.38231659 -14.77060318
v -22.18834496 -9.83615017 -14.81325912
v -21.30869293 -7.51326799 -16.79247475
v -21.85921288 -7.87062645 -16.46418571
v -21.31164169 -8.55227184 -16.79447556
v -21.85615730 -8.62431240 -16.46945190
v -22.38993073 -8.65959549 -16.22131157
v -22.38150597 -8.04988480 -16.21246529
v -21.24560547 -10.45734119 -16.34201050
v -21.19389153 -10.94582558 -15.89207458
v -21.77569199 -10.37561131 -15.77169132
v -21.79349136 -10.02141190 -16.10724831
v -21.12722206 -11.20354939 -15.25476933
v -21.74030304 -10.55002499 -15.31469822
v -22.33979797 -9.97022533 -15.41728210
v -22.32631683 -9.85795212 -15.80813313
v -22.22162628 -9.70997429 -16.07122803
v -20.68966103 -15.10447502 -16.65760231
v -20.59708405 -14.20080948 -15.92314434
v -20.66807175 -13.08423615 -15.85410595
v -20.45611000 -13.38961792 -14.31202984
v -20.37993431 -15.19226074 -15.06837559
v -6.80205345 23.36958504 -15.04931259
v -7.22531748 20.37809181 -17.23694038
v -9.23529530 20.91819954 -15.38675880
v -8.02260685 21.25929642 -16.08428764
v -8.94596672 19.42152786 -17.00543594
v -8.68108177 18.19441986 -18.03454018
v -13.58836079 15.20642662 -18.45677757
v -13.21973324 16.49083138 -17.25410271
v -12.34934998 16.50683975 -17.48191452
v -12.60907459 15.21548462 -18.54661751
v -13.07217693 17.49128723 -16.17065239
v -12.22738647 17.61419868 -16.40109634
v -11.23706818 18.74632072 -15.79408550
v -11.28327847 16.76129913 -17.71214867
v -11.49392319 15.40390587 -18.75399590
v -10.02983856 17.32624817 -17.95554733
v -10.08924007 15.78454113 -19.03141594
v -10.09208393 18.59011459 -16.88484192
v -13.10272026 18.62118530 -14.68566132
v -12.25413895 18.51249313 -15.36388397
v -12.29437160 19.29124451 -14.42303944
v -6.39916945 24.92682838 -13.86641216
v -7.06090927 25.28882027 -12.98454857
v -8.42009258 24.50417137 -12.36851883
v -13.05237579 19.81453896 -13.20246029
v -12.23152065 20.52396393 -13.05966949
v -10.91259670 22.01272011 -12.62163448
v -11.22956371 22.59688950 -11.47285843
v -10.19277191 23.70203590 -11.23335552
v -13.09640121 20.61946487 -12.23970985
v -13.30493927 21.13280487 -11.45347881
v -12.22833443 21.81371307 -11.45095158
v -12.03796482 22.42121124 -8.18617153
v -11.28633213 23.08116150 -9.12080193
v -11.71689034 22.75855827 -9.68122101
v -12.39832497 22.34748650 -9.34798145
v -10.55344772 23.71146202 -9.40235424
v -11.56177616 22.70929527 -10.58019924
v -12.72935295 22.06912041 -9.99760914
v -12.99497509 21.71270943 -10.64607906
v -12.17925453 22.17317772 -10.80332470
v -10.57319546 23.56669617 -10.58773041
v -9.90956020 24.34492302 -10.01719952
v -9.58600998 24.76220894 -9.14534187
v -8.91184235 25.63733292 -9.04749775
v -10.01193333 24.21861458 -8.12216282
v -8.97261333 25.65744781 -7.88473988
v -9.15060806 24.64308929 -5.47159624
v -9.04022980 25.30988503 -6.89881802
v -9.66310596 24.51891518 -7.37234688
v -10.15675163 23.79450798 -6.64520216
v -10.71832943 23.32371902 -7.44259691
v -11.10939121 23.11146736 -8.18477631
v -10.48135471 14.00290966 -20.00143242
v -11.03176880 12.12575054 -20.86581230
v -12.40790939 12.28910542 -20.50971794
v -11.89161968 13.88705540 -19.68041039
v -12.97570133 13.77088451 -19.47724342
v -13.46197414 12.27699375 -20.28243256
v -14.30550003 12.36083031 -20.19059181
v -13.74729252 13.77994251 -19.41141701
v -12.37352180 10.34143448 -21.30758667
v -14.06125832 10.68725967 -20.88140106
v -13.00561237 8.49797916 -21.82682419
v -14.71288681 9.16556358 -21.34049988
v -15.81977177 9.68759346 -21.25829697
v -14.83632469 10.85093021 -20.82715988
v -12.58506107 18.21400833 -1.89527392
v -12.47615814 19.12220192 -1.74045026
v -12.76410866 19.32526398 -2.18912292
v -13.00687695 18.47963142 -2.50972390
v -12.43034267 19.93760681 -1.54276037
v -12.66679096 20.06388855 -1.91707563
v -12.72513962 20.16331291 -2.25305367
v -12.79981327 19.71084976 -2.60209155
v -13.07554722 19.00624275 -3.06498289
v -12.54503918 20.27548218 -2.92932773
v -12.68459034 19.77836037 -3.52102828
v -12.54114151 20.62641525 -2.35405755
v -12.08277893 20.97513771 -3.02019453
v -10.90317059 22.46965981 -5.48412991
v -11.07916355 22.65102577 -6.34018898
v -11.37417126 22.62248230 -7.10798836
v -9.90355682 20.08874512 -0.89292204
v -10.51305676 20.47885895 -0.97338825
v -10.97805405 19.82069969 -0.88333774
v -10.55665970 19.14021301 -0.73736107
v -11.09454060 20.86770821 -1.01909816
v -11.45526981 20.32898521 -0.94800562
v -11.70899105 19.88410378 -1.00119328
v -11.49318504 19.30830765 -0.98602694
v -11.27095509 18.42423248 -0.84236735
v -16.26512527 14.01828671 -2.24936724
v -16.93223763 13.62585545 -1.37003183
v -16.40899658 13.95783138 -0.97359890
v -15.55862427 14.42809582 -1.74908662
v -17.45421410 13.42247868 -0.72166806
v -17.27221680 13.57603836 -0.31164855
v -16.91212082 13.57951355 0.12512283
v -15.92630482 13.98331928 -0.48300785
v -14.91889668 14.43473053 -1.10693693
v -21.98349190 -0.15176937 -10.74634552
v -22.94487381 0.54198831 -10.08070850
v -23.01164818 1.27545249 -10.37666416
v -22.04299927 0.85626990 -11.12529469
v -23.75343323 0.99382079 -9.62339973
v -23.97734833 1.53401864 -9.65963078
v -23.49802589 2.18459415 -10.03800106
v -22.02677917 2.05252004 -11.17037296
v -21.73322105 1.91615415 -6.85018587
v -22.13894844 1.11578393 -7.10998917
v -20.88761520 0.63909543 -6.94558144
v -23.38659477 1.41005433 -7.31578875
v -23.22956085 0.87617582 -7.56656122
v -22.24911499 0.43182123 -7.54075718
v -21.05560303 -0.28405410 -7.47682667
v -21.64424896 -0.88628674 -9.21201038
v -22.75055504 -0.02885830 -8.88751316
v -22.89452934 0.14418617 -9.56125927
v -21.86405754 -0.67543161 -10.08555317
v -23.85707092 0.74346977 -8.56796551
v -23.92479134 0.85258365 -9.16124535
v -21.29005051 4.64692307 -8.76891994
v -22.44185448 4.06933594 -8.52973366
v -22.21615028 3.90187359 -7.82691765
v -20.99841309 4.42880058 -7.83587027
v -23.57670212 3.55525804 -8.28011990
v -23.35626221 3.46257448 -7.70790386
v -23.00238037 3.29448009 -7.34749079
v -22.03594208 3.50870562 -7.26860476
v -20.79303551 3.91093111 -7.09113646
v -22.03225708 -0.59317493 -14.47812366
v -22.07101440 0.70355266 -14.04703903
v -22.73654747 1.04616594 -14.63147259
v -22.69399643 0.02327622 -14.98830414
v -22.38082123 2.17885423 -14.14140892
v -23.40344620 2.15668368 -15.04117584
v -23.40260506 1.22963727 -15.18441486
v -23.25336266 0.48121738 -15.32512474
v -21.23960114 3.59833479 -17.63305092
v -21.18251610 2.53942490 -17.89193344
v -22.04900360 2.39165783 -17.56554031
v -22.07986259 3.20105910 -17.34183502
v -21.26382637 1.33000946 -17.83969307
v -22.11282730 1.47619665 -17.55184746
v -22.95445824 1.64376438 -17.28601456
v -22.87104225 2.38533831 -17.26126480
v -22.72222328 2.93712163 -17.15225601
v -21.88796425 4.29925442 -14.20207405
v -21.86458397 4.62564802 -14.87539864
v -22.56455612 4.00835419 -15.27162170
v -22.57034874 3.75231600 -14.76491547
v -22.13573647 4.32189846 -15.90250206
v -23.21481514 3.42128801 -16.10008621
v -23.25420570 3.45614982 -15.50469971
v -23.12392235 3.38326669 -15.08488464
v -20.25831413 -0.10837659 -18.95368767
v -19.31778717 0.45594004 -19.99448204
v -18.63029480 0.66429383 -20.59097481
v -16.85556221 -1.03921461 -21.90629196
v -15.50059223 -0.16525061 -22.60299873
v -17.78218842 0.66690052 -21.22769928
v -16.85377312 1.73929167 -21.73587990
v -19.98679352 5.64948559 -19.71137619
v -18.24055099 3.65626192 -20.92500305
v -19.96962547 3.11079812 -19.53833199
v -15.11016273 5.06779099 -22.17001724
v -14.38491344 6.88691664 -21.97390747
v -15.46288681 7.59310246 -21.60148811
v -16.29303741 6.15018749 -21.62170982
v -17.22914124 7.14895868 -21.33870888
v -16.30135727 8.26705933 -21.43960762
v -15.94915962 3.29416418 -22.08323288
v -17.26558304 4.86873198 -21.37494087
v -18.35703659 6.30869770 -20.96965981
v -14.44231415 1.80933094 -22.91906929
v -17.50203133 8.72347355 -0.70639634
v -18.10226250 9.50048828 -1.08639908
v -17.76712608 8.46654034 -1.90433168
v -18.22738457 10.37445259 0.16514529
v -18.49511337 10.49020195 -0.38737524
v -18.51765251 10.60700417 -0.86764473
v -18.23781204 9.98286438 -1.59047139
v -17.99715042 9.12975407 -2.57133746
v -14.16184044 13.42300510 0.25224680
v -15.34829617 13.20962238 0.52081853
v -15.49048138 12.41802025 0.87101501
v -14.33793926 12.34640121 0.69533753
v -16.21077919 13.13379002 0.77864742
v -16.52916908 12.63540554 1.04121578
v -16.06848907 11.55948639 1.08618832
v -20.75835800 10.91736221 -8.25644875
v -20.34741592 10.19407463 -7.92755318
v -19.74550056 11.96460819 -6.29584837
v -15.53619099 13.71348381 0.04876420
v -14.39533997 14.08337593 -0.39306265
v -16.55276108 13.40109825 0.54767573
v -22.08901405 18.52012253 -34.22617340
v -16.63601875 20.52277756 -23.62999535
v -16.17173195 19.22504997 -23.08887482
v -16.53206444 19.18086624 -21.63029480
v -15.88596535 18.20447731 -23.10443687
v -15.94062805 19.18244743 -24.64814568
v -15.78048611 17.46198082 -23.67567825
v -15.84130955 16.55826378 -24.00918198
v -15.74904728 17.18111420 -21.68490410
v -15.62866402 16.26144028 -21.99644661
v -15.58685112 16.63565063 -20.78018570
v -15.45014286 15.70628643 -21.08772659
v -15.49364090 14.74722195 -21.43297386
v -15.68458939 15.32638931 -22.33769035
v -16.03731346 18.05760574 -21.40664291
v -16.35654640 18.28763008 -20.28864670
v -15.89260101 17.50803375 -20.50919151
v -23.20923233 22.61194992 -29.32045174
v -23.12444878 22.71211243 -28.11303711
v -22.33611107 23.15773010 -28.00676727
v -22.42026329 23.05799103 -29.23587799
v -23.03629303 22.68251610 -26.89087677
v -22.25090599 23.12623978 -26.76196289
v -21.39800644 23.40407944 -26.66264343
v -21.48068428 23.43693924 -27.92577362
v -21.56473160 23.33740997 -29.17236900
v -20.59081650 23.54089355 -27.87258530
v -20.67517853 23.44104767 -29.13287163
v -20.51056099 23.50718880 -26.59523773
v -19.62311554 23.42988205 -26.56406212
v -19.70147514 23.46369171 -27.85004807
v -19.78657532 23.36310959 -29.11854935
v -21.32880974 23.20596695 -25.35685921
v -20.44589233 23.30665588 -25.26533318
v -21.28373146 22.79626465 -24.10794830
v -20.40608025 22.89315987 -23.99514771
v -19.52653503 22.81237793 -23.93237495
v -19.56213379 23.22829628 -25.21751785
v -22.95793343 22.48945999 -25.64449310
v -22.17739105 22.92991829 -25.48271942
v -22.90474701 22.08154678 -24.44729614
v -22.12873268 22.52053070 -24.25687408
v -24.45274544 16.09639931 -29.97774124
v -24.77766609 16.94100571 -29.01634598
v -24.26371956 16.18065834 -28.29482269
v -24.93087006 17.76470566 -27.88477707
v -25.16630363 18.72274208 -29.12313080
v -25.01019096 19.68330765 -28.14837265
v -25.15137482 19.58962250 -29.79598045
v -24.88783264 18.12136459 -25.91850281
v -24.75704956 17.28854179 -26.08421516
v -24.81452942 18.97292137 -25.57544899
v -24.13712120 16.04184341 -27.42907333
v -24.56599426 16.83291817 -27.23759842
v -24.04865074 15.64277649 -26.58228302
v -24.48257828 16.42963982 -26.34962654
v -18.13585854 14.83727264 -30.00225639
v -18.92898941 14.39404964 -30.07534790
v -17.94301414 14.95196819 -28.27375793
v -18.72913933 14.51287937 -28.39909172
v -19.58330345 14.23977947 -28.49114418
v -19.69736862 14.23282814 -29.42914391
v -19.82386017 14.09464550 -30.36124611
v -20.58986855 14.14277744 -29.45663261
v -20.77655220 13.91443920 -30.81365776
v -20.47211838 14.14372540 -28.54475212
v -21.36072159 14.22882557 -28.56034088
v -21.57407951 14.12242413 -30.12140083
v -19.45291519 14.13245583 -27.65109444
v -20.33783150 14.03461170 -27.73198128
v -19.35865211 13.76003647 -26.83115959
v -20.23988342 13.65892696 -26.93679810
v -21.12469482 13.73423195 -26.98187637
v -21.22432899 14.11549854 -27.76315689
v -17.82452774 14.83958912 -27.35208321
v -18.60412216 14.40429211 -27.52312660
v -17.74269104 14.46401024 -26.45905685
v -18.51512527 14.03155708 -26.67149162
v -16.86585808 21.40166473 -28.99168777
v -16.44670105 20.58973694 -29.10704231
v -16.71832848 21.47310066 -26.81093788
v -16.29451180 20.66728020 -26.96607780
v -16.11006546 19.74763298 -28.19091034
v -16.00682259 18.85078812 -28.21957016
v -16.01468277 17.86866951 -27.38869667
v -15.96738052 19.61058235 -25.86998940
v -15.86584949 18.70944405 -26.11875916
v -16.66534996 21.27435684 -25.45712662
v -16.23679352 20.47759438 -25.64702225
v -24.78201103 20.52029037 -28.39262772
v -24.28552055 21.37041092 -27.21832466
v -24.42328262 21.34355354 -28.96340942
v -23.81336212 22.11693573 -28.24152946
v -23.89930344 22.01572037 -29.42408752
v -23.72236252 22.08965683 -27.04528046
v -24.19705009 21.18420219 -26.05019569
v -23.63926315 21.89944458 -25.83554840
v -24.13564682 20.77586746 -24.92177200
v -23.58228493 21.49069023 -24.67036819
v -24.56706047 19.90710449 -25.36186218
v -22.42524147 14.38762474 -30.11152649
v -22.21478081 14.48802376 -28.54443741
v -23.00248528 14.91510582 -28.49167061
v -23.18247986 14.86807919 -29.84890556
v -23.89266777 15.39574337 -30.04101372
v -23.69466400 15.48384571 -28.40972900
v -22.86788368 14.78998280 -27.68458557
v -23.56343079 15.35229778 -27.57810593
v -22.77109146 14.39828873 -26.89277267
v -23.47022057 14.95712948 -26.76312256
v -22.07828331 14.36974716 -27.74830627
v -21.97917366 13.98395157 -26.96723557
v -16.36332703 17.02463150 -28.70639610
v -16.69357681 16.26017570 -27.93988800
v -16.84771538 16.19371796 -29.53678322
v -17.41682434 15.47226048 -29.66027451
v -17.25641823 15.54282570 -28.11819839
v -16.59194183 16.13178825 -26.90446472
v -17.14583015 15.42360115 -27.14291382
v -16.52853775 15.74093723 -25.90643120
v -17.07263184 15.04170322 -26.20091057
v -16.18413353 16.93645096 -26.64642525
v -16.13084030 16.53664780 -25.58688354
v -18.84615326 23.20702171 -27.85731506
v -18.93272781 23.10454178 -29.13097572
v -18.76958466 23.17342377 -26.56616974
v -17.98145676 22.74960709 -26.60661316
v -18.05707932 22.78204536 -27.89638901
v -18.18873215 22.59157181 -29.76812363
v -17.36437416 22.20530128 -27.97095680
v -17.50055695 22.01256180 -29.82910538
v -17.28843689 22.17560005 -26.69160843
v -17.93016624 22.54296494 -25.22036171
v -17.23725128 21.97180176 -25.31578255
v -17.91205025 22.10261154 -23.89888382
v -17.22060966 21.53039551 -24.00325775
v -18.71429062 22.96804428 -25.19497871
v -18.68827438 22.53875160 -23.88750839
v -20.03534698 22.58288193 -33.51585770
v -19.94100380 22.95337868 -31.77890968
v -19.09523964 22.69365311 -31.79249763
v -19.20856667 22.32452583 -33.53028870
v -18.33581352 22.21583366 -32.11933517
v -18.44771957 21.90176201 -33.55819702
v -17.65480042 21.63677216 -32.16810226
v -17.78187180 21.33123207 -33.59969330
v -17.09764671 20.92905998 -32.23040009
v -17.23788261 20.63494682 -33.65151215
v -16.62353706 17.13108635 -33.91892624
v -16.43056107 17.42959595 -32.28798676
v -16.71063995 16.47829819 -32.64410400
v -16.88115501 16.23953247 -33.98591232
v -17.07231522 15.66615868 -32.21344376
v -16.97647285 15.64814854 -33.27319717
v -17.23925209 15.32659912 -34.13409805
v -17.19964981 14.89024925 -34.09502411
v -17.63205147 14.22055817 -34.39282227
v -17.69803429 15.02026939 -34.37955093
v -17.11644554 14.59682178 -34.12230301
v -18.30074310 13.66371918 -34.44874954
v -18.35803795 14.44600010 -34.42433929
v -17.01165009 15.95453072 -31.10734940
v -17.58207512 15.23696995 -31.15706062
v -17.64221382 14.99757290 -31.96509361
v -18.33186531 14.42198658 -31.97046471
v -21.76605415 13.21141243 -34.44856644
v -22.80716515 13.36073303 -34.40877914
v -22.05521774 12.82540703 -34.44079971
v -23.36595154 13.35707378 -34.13167572
v -23.41313744 13.60763550 -34.12030411
v -23.61883163 13.94403458 -34.23299789
v -25.38150406 17.36311150 -32.14150620
v -25.54117203 16.91475296 -32.65537643
v -25.41931534 16.17531204 -32.58989334
v -25.10735130 16.52969551 -31.89916039
v -25.72359085 16.65629387 -32.89414215
v -25.16188240 15.38958263 -32.71504211
v -24.69912148 15.73440742 -31.91348457
v -23.52572632 14.27990723 -32.27821732
v -23.35299683 14.61441040 -31.23468399
v -24.16787529 15.00146961 -31.96151161
v -21.85810661 13.57440662 -32.19416809
v -22.68651962 13.81975460 -32.22192001
v -25.28692436 18.89344215 -33.84288406
v -25.28637123 19.19353294 -32.22874069
v -25.03367805 20.02865982 -32.42608643
v -25.02003860 19.76603699 -33.78495789
v -24.59382439 20.89659309 -32.06288528
v -24.59969711 20.57249069 -33.72039413
v -24.02677155 21.61712837 -31.98315620
v -24.04148865 21.28015137 -33.66046524
v -23.33941269 22.21096230 -31.91029930
v -23.36626816 21.86321449 -33.60569763
v -16.68757439 20.11597061 -32.30691528
v -16.83934212 19.83418083 -33.71449661
v -16.43827629 19.23131752 -32.39012146
v -16.59847069 18.96337700 -33.78179550
v -16.33561325 18.35640526 -32.19840622
v -16.52506065 18.04759979 -33.85404587
v -20.16436577 13.21889019 -34.27091217
v -19.73117638 13.11504269 -34.15906143
v -19.98610878 13.20872688 -33.45382309
v -19.47892952 12.95337296 -34.18065262
v -19.63154221 13.01530266 -33.61623001
v -19.52158356 13.32621479 -32.92089081
v -20.04345703 13.55181408 -32.32003021
v -20.49955559 13.17918396 -32.90377808
v -20.23451042 13.13294792 -33.48078537
v -20.39955139 12.92714787 -33.58853149
v -20.63326073 12.78201389 -34.15832520
v -20.48739052 12.99328995 -34.15105820
v -19.94034576 13.90938282 -31.28744888
v -20.95280838 13.57245731 -31.99921799
v -19.13062859 13.95488262 -32.01311874
v -24.50011635 14.82289600 -32.58854675
v -24.35337448 14.28693771 -33.01913452
v -25.43764114 17.02249908 -34.05300140
v -25.51937103 17.40408134 -33.19472885
v -25.41499519 18.23665428 -32.57022476
v -25.40151596 17.98672295 -33.90555191
v -25.23415756 17.60514069 -31.05753136
v -25.30830574 18.51933861 -30.97527504
v -22.55473328 22.65386772 -31.85297775
v -22.59615135 22.29566765 -33.56377792
v -21.70480919 22.93099785 -31.81003189
v -21.76252556 22.56539726 -33.53323746
v -20.82199860 23.03244972 -31.78557205
v -20.89761925 22.66271591 -33.51764679
v -24.77066231 15.25945663 -20.96139336
v -24.49840355 16.61771965 -21.12782860
v -24.54761505 15.24997807 -18.96669388
v -24.10486794 16.16601753 -18.49545670
v -24.08029938 17.30597305 -20.60182190
v -23.52246094 17.74258614 -19.89179230
v -23.51498413 18.44613838 -20.76322937
v -23.55942917 17.18395805 -19.00371552
v -22.86820030 17.86096954 -18.80065346
v -22.83139038 18.74530792 -20.08263779
v -23.58333778 16.86609459 -18.09552193
v -23.18818092 16.81972694 -16.15756607
v -22.87246513 17.51235199 -17.49065590
v -24.82255936 14.05293751 -18.65004349
v -24.72850609 13.94466591 -17.49939728
v -24.45193100 14.96376419 -17.36690140
v -20.77486610 9.55383396 -22.90216637
v -21.67500305 9.21222115 -22.33200455
v -21.76105118 10.29356480 -23.32561302
v -20.50065994 8.12329483 -21.56178284
v -21.56978607 8.33214855 -21.33312798
v -22.57308578 8.79303932 -21.09625816
v -22.59057045 9.62529564 -22.18750191
v -22.61879539 10.69958210 -23.22092438
v -23.39133453 10.23521614 -22.02488327
v -23.37648392 11.28475285 -23.06093979
v -23.43251610 9.43687344 -20.91383934
v -24.11142349 10.23426819 -20.73310661
v -24.01937294 11.51430225 -22.34169388
v -22.56971550 8.37290859 -19.93939781
v -23.49233818 9.06140041 -19.67524910
v -22.59983826 8.23862267 -18.64172363
v -23.51814270 8.97134972 -18.33386612
v -24.20368576 9.79444313 -18.13154221
v -24.19188881 9.87311840 -19.47503281
v -20.25146866 7.07291603 -20.64832306
v -21.46920395 7.60163355 -20.24609566
v -21.49300766 7.13516140 -18.95811081
v -15.22654343 14.31929779 -20.58323288
v -15.44519234 13.34148598 -20.96176147
v -15.71976757 13.79784679 -21.80138969
v -14.79556465 14.05841446 -19.82754517
v -15.11458588 13.01603985 -20.36690140
v -15.46088505 12.08246326 -20.73752975
v -15.83119869 12.38789845 -21.34049988
v -16.11704254 12.88617802 -22.17391586
v -16.37634659 11.47306919 -21.71165657
v -16.66703606 12.04581165 -22.52653313
v -15.97970295 11.10507298 -21.12353706
v -16.66619301 10.15980530 -21.48447609
v -17.06346893 10.64249802 -22.04352570
v -17.34826088 11.31350613 -22.83649826
v -15.00589371 11.98093319 -20.44663048
v -15.47257614 10.90664577 -20.85507011
v -14.51572323 13.23174000 -19.87936401
v -14.84085369 12.74778461 -20.17995453
v -19.40673065 20.38248825 -20.36547852
v -19.31567955 19.46313095 -19.12673187
v -18.41896629 19.31315231 -19.12441444
v -18.53898048 20.16863060 -20.36274147
v -19.26333427 19.04921532 -18.32470322
v -18.34703064 18.94410324 -18.32954788
v -17.49792290 18.66615677 -18.39179230
v -17.58354950 18.99076080 -19.18097305
v -17.68465996 19.48229980 -19.98142242
v -16.83923721 18.49627304 -19.31894493
v -16.96162224 18.95474052 -20.10675621
v -16.73549461 18.21769524 -18.54977608
v -16.08460426 17.62652206 -18.75389099
v -16.21077919 17.85980988 -19.50683975
v -17.41292763 18.57831955 -17.64748001
v -16.65766144 18.16345406 -17.78755951
v -17.30676270 18.71133995 -16.88631630
v -16.57098198 18.33260155 -17.00880623
v -15.92356586 17.81357384 -17.18448448
v -16.00518990 17.60703659 -17.97808647
v -19.18107796 18.91124153 -17.56090546
v -18.25603294 18.82982826 -17.57775688
v -19.05353355 18.98538971 -16.77688599
v -18.13249016 18.92998886 -16.80858803
v -22.04052353 19.23679352 -19.87604713
v -22.06301117 18.37936592 -18.62813568
v -21.16840363 18.75146866 -18.48605728
v -21.17314339 19.57203484 -19.70989990
v -20.26347542 19.74560547 -19.59167671
v -20.21987152 18.97812271 -18.38284111
v -21.16261101 18.54566956 -17.68497467
v -20.17205429 18.80981636 -17.60198212
v -21.08509445 18.55061913 -16.85124397
v -20.06557465 18.85489464 -16.79468727
v -22.08586502 18.12732887 -17.80198860
v -22.02604294 18.07508850 -16.93845177
v -24.47457504 12.65441513 -22.33113480
v -24.58442497 11.17005634 -20.51003456
v -24.80087662 12.91295528 -21.16149139
v -24.88709450 13.84134483 -20.76459694
v -24.88891220 11.88393116 -19.06090546
v -24.94041443 12.97348976 -18.85278893
v -24.83361816 11.80546570 -17.78966522
v -24.85931587 12.88354492 -17.63800240
v -24.64993668 10.82986641 -19.26775742
v -24.63013458 10.75477123 -17.95323181
v -17.87308121 9.92893982 -22.28481865
v -18.13638687 10.72759819 -23.08210945
v -17.49012947 9.30395699 -21.71955490
v -18.41770172 8.64463997 -21.81508255
v -18.92461777 10.09924507 -23.05698967
v -19.81906700 9.59227657 -22.91180229
v -19.43437767 8.23493671 -21.74419975
v -17.92500496 7.86599255 -21.38452530
v -19.02572823 7.28471899 -21.12806511
v -16.97289085 8.73721790 -21.42201996
v -24.09370232 19.53238106 -23.14564323
v -23.55342674 20.85875702 -23.59123611
v -23.53441429 19.65776634 -22.12325478
v -22.85872078 20.26926804 -21.85684395
v -22.87925911 21.45087814 -23.34341431
v -21.05254936 12.60828495 -25.64997101
v -21.91182137 12.85315895 -25.63527870
v -22.68430710 12.53095245 -24.85618210
v -23.41134644 13.57688046 -25.17233467
v -23.99838638 14.27530003 -24.97438049
v -20.95575714 11.15826035 -24.26951218
v -21.83604050 11.38691521 -24.24518204
v -16.09787369 15.89702511 -24.58411026
v -16.03647232 15.15439796 -23.62083244
v -16.43248367 14.33214664 -23.97208214
v -16.49399185 15.09415340 -24.91987610
v -17.03566360 14.38807297 -25.23194695
v -16.97499847 13.60194778 -24.30268860
v -17.64316177 12.99286938 -24.59822273
v -17.70319557 13.80342865 -25.50862885
v -16.31568146 13.55370998 -23.05114365
v -16.86188126 12.78180313 -23.38638496
v -17.53489113 12.12848949 -23.68360519
v -15.91745758 14.41324520 -22.69494438
v -19.50936699 22.18434143 -22.78646851
v -18.65815353 21.54766846 -22.24016380
v -19.49599075 21.43507957 -21.72429466
v -17.85512352 20.95333672 -22.05995560
v -17.15712738 20.38933563 -22.18205070
v -22.10671997 21.88965034 -23.13382149
v -22.08328438 20.72589111 -21.63234711
v -21.23628426 21.02058411 -21.45582771
v -21.26424599 22.16601562 -22.96994019
v -20.38828087 22.26354408 -22.85039902
v -20.35347366 21.13770103 -21.33091736
v -24.43702698 15.32470417 -24.96385002
v -24.71307755 16.19835091 -24.67421150
v -24.80676079 15.77590466 -22.93781662
v -18.47268105 13.36465645 -25.73833656
v -18.41306877 12.53103065 -24.84415054
v -19.25522423 12.23181057 -25.03341484
v -19.31346893 13.08723736 -25.91369820
v -20.16542053 12.54446030 -25.59441376
v -20.05198860 11.12666416 -24.22274971
v -18.31027412 11.62325859 -23.92668724
v -15.22922897 21.49737930 -9.18957710
v -14.33146286 21.56125450 -9.84110069
v -14.87929630 21.17324829 -10.72148895
v -13.77615070 21.53576851 -10.38150883
v -14.14678001 21.16134644 -11.01428509
v -13.45038891 21.83277702 -9.76516342
v -13.81238174 21.82656288 -8.94533443
v -13.11746502 22.04615974 -9.12417221
v -13.17239094 21.88591194 -7.95125055
v -12.69680786 22.12425613 -8.23119736
v -14.84069538 21.62207985 -8.61994171
v -19.07512283 19.53253746 -9.17878151
v -18.46378136 20.10612488 -9.37889385
v -18.30943108 19.87504578 -8.13983059
v -17.73805809 20.43041039 -8.38565254
v -17.49011612 20.68662071 -9.19072247
v -16.72768974 21.01770020 -9.39922047
v -16.58509445 21.01810837 -8.04166985
v -15.89976311 21.33112717 -8.28201580
v -17.71667671 20.04398346 -7.52316856
v -17.18111420 20.58660316 -7.79110813
v -16.47060966 20.69982529 -7.26618242
v -21.53668976 12.37425900 -8.54532051
v -21.48434258 13.41895008 -8.19873238
v -20.57343864 13.31094265 -6.68280220
v -20.69803429 14.07200050 -6.78370094
v -20.64284515 14.92690182 -6.89228821
v -21.12722206 14.61262035 -7.65629578
v -21.59211540 14.25821018 -8.51835823
v -20.97197723 15.55578041 -7.80185127
v -21.45645905 15.22412109 -8.66096497
v -20.45853233 15.84404755 -7.02899647
v -20.16910553 16.77056694 -7.20014524
v -20.70382690 16.50189018 -7.97173595
v -21.20347595 16.19024277 -8.82105446
v -20.12329102 15.17956924 -6.22380781
v -19.89358330 16.07259750 -6.33829308
v -19.57224464 16.98426628 -6.50512362
v -20.00343323 13.41426277 -6.00905609
v -20.23640633 14.36785126 -6.15682268
v -19.65576553 13.83449936 -5.62742090
v -19.45639038 14.46537971 -5.50551033
v -20.33920097 17.40439606 -8.16100025
v -20.84759140 17.10970497 -8.99283504
v -19.79163170 17.65780258 -7.40120554
v -19.34474945 18.48015785 -7.62743759
v -19.89463615 18.24107742 -8.36658955
v -20.40407944 17.96207809 -9.17409515
v -19.38761520 18.99476242 -8.58523846
v -19.88968658 18.72945595 -9.35988331
v -18.84562683 19.22320747 -7.87757778
v -18.72155762 18.66868591 -6.96696186
v -18.23075485 19.40151787 -7.24048376
v -19.17475891 17.85865211 -6.71861172
v -18.44087410 17.97766685 -6.11943340
v -24.48742294 13.94687843 -16.32747650
v -24.20389557 14.95797157 -16.25575256
v -24.11310768 14.08621979 -15.14512920
v -23.39727211 15.34395123 -14.16009045
v -23.38755035 16.07660484 -15.18958187
v -21.57414436 18.02286911 -13.82746887
v -23.28709221 14.61517429 -13.13292122
v -21.93546677 15.64451408 -10.21425724
v -21.59216881 16.58999252 -10.35659981
v -21.15197372 17.46553612 -10.50405121
v -20.63099861 18.25134659 -10.65044975
v -15.89480019 18.52653885 -15.92534447
v -15.19083881 17.67338943 -16.50283813
v -15.35566807 17.18869781 -17.40439606
v -14.92679596 18.65056992 -14.93251038
v -14.36416435 18.14544487 -15.29537106
v -14.59187126 17.13529778 -16.74592209
v -14.80915165 16.54749489 -17.67096710
v -13.95214367 16.72085571 -16.99932671
v -14.23282814 15.94241905 -17.97408485
v -13.76180077 18.06518936 -15.25885105
v -14.21134186 19.13631630 -13.81501484
v -15.07406235 19.67153740 -13.49296570
v -24.07656097 9.84457588 -16.73560143
v -24.46088219 10.79121304 -16.60668564
v -23.82231331 10.03457737 -15.32080650
v -24.15860748 10.96172905 -15.25034618
v -24.29752731 11.97366524 -15.20052910
v -24.63171577 11.82431889 -16.49831009
v -24.63350487 12.89207554 -16.40594101
v -24.27614784 13.03268051 -15.16650963
v -23.88361168 12.24960995 -13.94266510
v -23.47833061 13.57972431 -13.08118248
v -23.42272186 12.63772202 -12.72219086
v -23.49139023 10.33811665 -13.95751572
v -23.77828979 11.25199795 -13.94234943
v -22.80063629 11.06781578 -11.74685383
v -23.34941673 11.65095806 -12.67837715
v -22.70015717 12.26930523 -10.92297077
v -22.62519455 13.33808899 -10.75632381
v -22.16965103 14.64674377 -10.07897091
v -21.44145203 18.32437325 -15.11397362
v -20.57719040 18.84715271 -15.14177227
v -19.56257248 19.22275543 -15.05805016
v -18.74841499 19.28682137 -15.48305607
v -18.16229630 19.77272606 -13.75798225
v -19.39093208 19.54422951 -10.93592548
v -19.10540390 19.72870064 -11.89988804
v -16.44961166 20.85356903 -10.81529140
v -17.71458817 19.43391609 -15.12663841
v -16.95435524 19.30550957 -15.24262524
v -16.17634010 19.29956436 -14.84643555
v -15.66405201 19.97915840 -13.26891899
v -15.49664211 20.71072578 -11.70567322
v -15.08351612 20.45431900 -12.24044704
v -14.47954559 19.98100090 -12.79412651
v -14.62157249 20.78619003 -11.61725521
v -13.95635700 20.33414650 -12.29653072
v -15.72166348 17.10591316 -19.71126938
v -15.56641865 16.91191101 -18.95642471
v -15.17609406 16.10177040 -19.20340538
v -15.38579082 16.24974823 -19.96278000
v -15.21316719 15.31827927 -20.24830818
v -14.91289330 15.20853329 -19.47977257
v -14.99430752 16.20214272 -18.45119476
v -14.57681084 15.44013691 -18.74451637
v -14.27674770 14.60240364 -19.10145378
v -15.46309757 16.93518639 -18.19073296
v -13.62870026 19.47192383 -13.36455154
v -19.63459587 21.45868492 -33.99406052
v -17.64008141 19.55315590 -34.12646103
v -18.60823059 21.59716988 -33.92292786
v -17.97777176 21.05939484 -33.96084595
v -17.46327209 20.40355301 -34.00834656
v -20.10538673 22.24563980 -33.88290405
v -19.32610703 21.99939537 -33.89670181
v -17.40452957 17.22979927 -34.28959274
v -16.86462021 18.82171822 -34.12830734
v -16.79373932 17.95639038 -34.19381714
v -16.88473701 17.09169579 -34.25332260
v -17.08958817 19.64628601 -34.06627274
v -17.14151192 16.25164413 -34.30588150
v -22.62710571 15.64505863 -34.36063385
v -20.07084084 13.59515476 -34.43610764
v -19.31420517 13.54812813 -34.43584824
v -23.83131790 14.40176487 -34.39003372
v -24.68585205 18.22132874 -34.25490570
v -25.11114120 17.03008080 -34.28429031
v -25.16622543 17.89572525 -34.22941589
v -25.07080460 18.75452232 -34.18065262
v -25.35011864 15.98541641 -34.32125854
v -23.81362534 20.31571388 -34.11572266
v -22.42900467 21.35927391 -34.02452469
v -24.41580391 20.34236145 -34.06953812
v -23.88929939 21.01358032 -34.01466370
v -23.25315285 21.56610107 -33.96453094
v -24.81613541 19.57919693 -34.12799072
v -21.73640633 22.22489166 -33.89912415
v -20.91900063 22.31883812 -33.88469696
v -22.52537537 21.97201157 -33.92661285
v -22.67029953 9.87849045 -12.57052708
v -21.94468117 10.74018383 -10.35070229
v -22.17591667 9.07698727 -12.44403458
v -21.83330345 9.56283951 -11.12992859
v -21.44308472 10.06649017 -9.95516491
v -21.00915718 9.28436756 -9.62287331
v -20.30117989 8.93648815 -8.08063889
v -21.71492004 8.12582207 -12.27204323
v -21.39084435 8.71910286 -10.84977150
v -23.44620705 8.98451519 -16.87747002
v -22.63891220 8.20207596 -17.10465050
v -22.60584259 8.33446598 -15.48089695
v -23.26621246 9.14618397 -15.38452721
v -23.00438118 9.45709610 -13.94635105
v -22.45112419 8.64748383 -13.91844082
v -21.97559357 7.38656569 -15.63108635
v -21.94873619 7.69842482 -13.90295887
v -21.53555679 6.44909239 -15.78875351
v -21.60759735 6.69407177 -14.01828671
v -21.76631737 7.16233444 -17.35710716
v -21.10299873 6.10658407 -17.51614380
v -20.65422058 12.18452072 -7.29272318
v -20.23293114 12.64635849 -6.53229666
v -19.19561386 12.43300247 -5.49321365
v -18.82782745 13.07096577 -5.05378294
v -20.09316826 6.50270128 -7.25006771
v -20.12466049 7.78089190 -7.58246469
v -17.74780083 14.15323067 -4.46608496
v -18.66573715 14.06568146 -5.02250242
v -20.82429123 -12.27886868 -34.31356812
v -21.34813690 -16.91912460 -18.68516922
v -21.16667175 -15.69551086 -17.97185326
v -21.44750786 -14.79883003 -18.68627357
v -21.18672943 -13.80216503 -18.28552246
v -20.63431358 -17.62709999 -17.02513313
v -23.58365440 -9.22696686 -28.95382500
v -23.51866913 -9.09247017 -27.48531723
v -22.92328262 -8.49308109 -27.49384689
v -22.99200630 -8.72826576 -29.65848351
v -23.36879539 -9.07014179 -25.99869347
v -22.78067589 -8.46095753 -26.00627518
v -22.09839821 -7.98416376 -26.03776741
v -22.23131561 -8.02702999 -27.51543808
v -22.29556084 -8.27322102 -29.67691422
v -21.46899414 -7.71306467 -27.54429626
v -21.52871132 -7.96962929 -29.69350243
v -21.34681892 -7.66050863 -26.08463478
v -20.55469131 -7.50084019 -26.14835548
v -20.66591072 -7.56298018 -27.58252907
v -20.72120476 -7.82965660 -29.70998573
v -21.86384583 -8.11244678 -24.41338158
v -21.13164520 -7.77088642 -24.49163628
v -21.50564575 -8.45758724 -22.88831520
v -20.46108627 -8.48244381 -22.21575356
v -20.06188774 -7.87568188 -23.17521286
v -20.35963440 -7.59299707 -24.59990883
v -23.10780716 -9.22833538 -24.36272240
v -22.53022003 -8.60567093 -24.36609268
v -22.70674133 -9.63572216 -22.79994965
v -22.14632034 -8.98367214 -22.81048203
v -23.20665169 -15.51483631 -29.37174225
v -23.64344978 -14.72984314 -27.47731209
v -23.00322342 -15.30353355 -26.68265533
v -23.90896797 -14.05778217 -26.29558182
v -24.35714149 -13.19566727 -27.29660606
v -24.39463425 -12.31322479 -26.19048500
v -24.58189774 -12.37467957 -28.25917244
v -23.82373619 -13.61058426 -24.44624138
v -23.19462013 -14.75459480 -23.62462425
v -23.67222977 -13.20277596 -23.29822922
v -24.13785934 -12.50670147 -24.74114418
v -22.79931831 -15.39569092 -25.65702820
v -23.14645958 -15.03459358 -24.86921692
v -22.52769279 -15.73904133 -24.44292641
v -17.28114510 -15.04691696 -28.95745850
v -17.87560844 -15.58642960 -28.68067169
v -17.16384125 -14.78324223 -27.13048553
v -17.75954437 -15.38020897 -27.15902710
v -18.45066833 -15.84583855 -27.16597939
v -18.57950401 -16.09539986 -28.99195099
v -19.34085274 -16.34896278 -28.67977524
v -19.20983124 -16.16454315 -27.14333534
v -20.00891113 -16.32178879 -27.09657097
v -20.15596771 -16.53788376 -28.95637894
v -18.30248070 -15.81866550 -26.47359085
v -19.05079460 -16.15474892 -26.43556976
v -18.03769875 -16.08807945 -25.89347649
v -18.77316475 -16.44364738 -25.83354759
v -19.54401779 -16.64649773 -25.70979309
v -19.83702469 -16.33358574 -26.35352325
v -17.02860641 -14.73458290 -26.40913391
v -17.61967468 -15.33955383 -26.46305847
v -16.77499199 -14.98546028 -25.81343079
v -17.36321640 -15.59643555 -25.88578796
v -17.68358040 -8.87956142 -29.42187691
v -17.05585861 -9.26122284 -27.53089523
v -17.56343269 -8.53984451 -26.49223328
v -16.51668739 -9.93691730 -26.38164520
v -16.70163345 -10.30314922 -29.75737953
v -16.33058357 -10.80577278 -27.65604401
v -16.19700813 -11.68721581 -27.86506844
v -16.12810135 -10.71885586 -25.66503143
v -15.94347191 -10.50636864 -24.08683205
v -15.52397346 -11.48491764 -24.21482277
v -15.71218395 -11.83906364 -24.98138428
v -15.99349976 -11.54879570 -25.84892464
v -17.41808891 -8.57860279 -25.16738510
v -16.73064995 -9.33444786 -24.75283623
v -16.89326859 -9.15800667 -23.44976234
v -24.51817703 -11.44747543 -27.52923584
v -24.58663750 -11.56880665 -28.93570900
v -24.36303902 -11.44589615 -26.10706902
v -24.17451096 -10.59489155 -26.04872131
v -24.33049393 -10.60036850 -27.50195694
v -24.39905930 -10.72317410 -28.93623543
v -23.99314690 -9.80465889 -27.48573685
v -24.06787300 -10.02020073 -29.62472725
v -23.83885002 -9.79170418 -26.01017189
v -23.91078377 -10.76962185 -24.48215675
v -23.57364845 -9.96085167 -24.39842606
v -23.50487328 -11.22198105 -22.98394775
v -23.16552353 -10.39509583 -22.85513878
v -24.10215569 -11.63073635 -24.58411026
v -23.69129372 -12.13343906 -23.13382149
v -20.97369003 -16.50755310 -28.92425537
v -20.81768036 -16.31020355 -27.01915932
v -21.60622787 -16.13147163 -26.92205238
v -21.77166367 -16.31052017 -28.88773537
v -22.50957680 -15.90724087 -28.52647972
v -22.34443092 -15.79107094 -26.80788422
v -21.42022896 -16.17971039 -26.06135941
v -22.15464020 -15.85468483 -25.87083244
v -21.15018272 -16.56855965 -25.14168549
v -21.97001076 -16.08302307 -25.06406212
v -20.63547325 -16.34085274 -26.22861099
v -20.32708931 -16.68409729 -25.52748108
v -16.27855492 -12.69583416 -28.89244843
v -16.16633415 -12.42644596 -26.94522285
v -16.35138512 -13.27787113 -27.01842308
v -16.45902443 -13.49436092 -28.61784744
v -16.80332375 -14.34091473 -28.93607712
v -16.68904877 -14.07221127 -27.08214188
v -16.21351814 -13.23479462 -26.18237495
v -16.55370903 -14.02407932 -26.31307983
v -15.75052166 -13.83381462 -25.12230682
v -16.10761642 -14.60814381 -25.31083298
v -16.02267456 -12.40180016 -26.02481270
v -15.74725628 -12.67964077 -25.24479675
v -19.87733650 -7.72378111 -28.67548370
v -19.75045013 -7.51505852 -26.22323990
v -18.96411324 -7.69905663 -26.30834007
v -19.07754707 -7.86720371 -28.37407875
v -18.33165550 -8.22298241 -28.41004562
v -18.22559357 -8.04482937 -26.39797020
v -18.80307579 -7.75856352 -24.86700439
v -18.07498360 -8.09296227 -25.01129723
v -18.55072403 -7.99732924 -23.56353760
v -17.55348015 -8.65754223 -23.19388199
v -19.57403564 -7.59004831 -24.72460938
v -19.00853348 -8.18988514 -22.68707085
v -20.71262169 -8.18195915 -33.47925949
v -19.86872673 -8.22203445 -33.47494125
v -20.71530724 -8.11444759 -31.76161003
v -19.89084435 -8.15110016 -31.75908279
v -19.10019112 -8.26100349 -31.07659340
v -19.04663467 -8.43410110 -33.46704102
v -18.27799225 -8.80762577 -33.45387268
v -18.33639336 -8.72068214 -31.73559570
v -17.66664886 -9.23160076 -31.71590042
v -17.60019112 -9.29595280 -32.96923447
v -17.58660507 -9.36451721 -33.90776062
v -18.36672592 -8.52688980 -30.40158463
v -16.16549110 -12.90360832 -33.87974548
v -16.16222572 -12.40590858 -32.88866425
v -16.22515488 -13.21831131 -32.26288986
v -16.24995995 -12.29363441 -31.61363220
v -16.41099739 -14.07252789 -31.68735886
v -16.20835686 -13.99005985 -32.99061584
v -16.27544785 -14.26337147 -34.05342102
v -17.27095413 -15.51638985 -31.32136345
v -17.11992073 -15.67774391 -31.86640549
v -16.64312744 -15.02864265 -31.89705467
v -16.78889275 -14.83126926 -31.34232330
v -16.84934807 -15.91229630 -32.14645767
v -16.40193939 -15.31027412 -32.17384338
v -16.06490898 -14.85233307 -32.48675537
v -16.28987694 -14.52214813 -32.24798965
v -16.49641418 -13.82354546 -30.36882973
v -20.20617867 -17.01280785 -31.33916283
v -20.20923424 -17.26442337 -31.88557434
v -19.43290329 -17.16352463 -31.95603561
v -19.40214920 -16.89505768 -31.40319824
v -20.19627953 -17.61388206 -32.17341995
v -19.46502686 -17.52151489 -32.23945618
v -18.86958694 -17.26305389 -32.46595383
v -18.57589722 -16.66840553 -31.80289650
v -23.30267906 -16.14047813 -34.36521530
v -24.21274376 -15.70707607 -34.29410934
v -23.92932129 -16.64723587 -34.34347916
v -24.80096817 -15.49585247 -33.93072128
v -24.62181473 -15.18630981 -33.91881943
v -24.48805618 -14.72373486 -33.99475861
v -21.88828087 -16.85261345 -31.73433113
v -22.57308578 -16.14716530 -30.31395531
v -22.64154625 -16.35728264 -31.31715012
v -23.29949379 -15.82087708 -31.24458313
v -21.02084732 -16.98300171 -31.36717796
v -24.77958679 -12.94357777 -33.84214783
v -24.75799751 -12.88449287 -32.87381363
v -24.72166061 -12.00873756 -32.89266586
v -24.73998642 -12.07056236 -33.85362625
v -24.64445877 -12.69580841 -30.92192841
v -24.61381149 -11.82968998 -30.93862343
v -24.42486191 -10.98626995 -30.96695328
v -24.52302170 -11.15699673 -32.92289352
v -24.53734589 -11.22134876 -33.87563705
v -24.17050934 -10.35707474 -32.94711685
v -24.18283081 -10.42026806 -33.89280701
v -24.09204483 -10.29156399 -31.67377090
v -23.60434914 -9.49885559 -31.01798248
v -23.67633629 -9.64562225 -32.97313309
v -23.68644714 -9.70871067 -33.91218567
v -17.02797508 -9.94863510 -32.94606400
v -17.01438904 -10.01793671 -33.89143753
v -17.10517693 -9.87185478 -31.68988609
v -16.67198563 -10.61479759 -31.66302872
v -16.58688545 -10.70600700 -32.92362976
v -16.57372093 -10.77678394 -33.87742996
v -16.29440498 -11.53457737 -32.90077591
v -16.28250504 -11.60061455 -33.86426544
v -16.38256073 -11.43304634 -31.63417053
v -16.42279434 -11.22419262 -30.36451149
v -17.14330292 -9.66942501 -30.38862991
v -16.10145569 -14.69824696 -33.98801804
v -16.39951706 -15.30974770 -34.36370087
v -16.64133644 -15.09994602 -34.37065506
v -15.85363197 -14.99704647 -34.01023865
v -16.12968254 -15.56747150 -34.36001587
v -16.76640892 -16.13305283 -34.43642807
v -18.52154922 -16.95161629 -34.25058746
v -18.77453423 -17.35584259 -34.10123825
v -19.39203835 -17.56501389 -34.44848633
v -19.39920044 -17.22545433 -34.45996475
v -18.82582664 -17.72394371 -34.11145401
v -19.39993668 -17.92721748 -34.44279861
v -20.21976662 -17.86734200 -34.48719406
v -19.39446068 -16.64091682 -30.39558029
v -17.92068672 -15.89291763 -30.38652229
v -17.86634064 -16.10777473 -31.39382553
v -24.31195641 -14.51656628 -31.62132072
v -24.41338158 -14.98556614 -32.18426895
v -24.13936043 -15.67316246 -32.03015518
v -23.84917068 -15.21221924 -31.26480484
v -24.57821083 -15.32196522 -32.42798615
v -23.57491302 -16.15095711 -31.93807793
v -24.60659599 -14.09754086 -32.90435791
v -24.66773605 -13.81069660 -33.85699844
v -24.53829384 -13.64555073 -31.57813835
v -24.22011566 -14.27116489 -30.26793098
v -24.50122070 -13.45607662 -30.26034737
v -23.79208565 -14.99936295 -30.25666046
v -23.05693626 -9.04907703 -32.99072266
v -23.06367683 -9.11258698 -33.92482376
v -23.00553894 -9.00263023 -31.72706413
v -22.30282974 -8.55027103 -31.74581146
v -22.33769035 -8.59050465 -33.00557327
v -22.34032440 -8.65475082 -33.93577957
v -21.54640388 -8.31819344 -33.47683716
v -21.52944756 -8.25020790 -31.75634384
v -18.03243256 -19.62332535 -22.31378365
v -17.40871620 -20.49744797 -20.87992668
v -18.23180771 -20.34520531 -20.91763115
v -18.67047501 -19.72517204 -21.97274971
v -17.72099495 -20.89014244 -19.92970848
v -18.61348343 -20.59601593 -19.71274567
v -19.43669510 -19.63069916 -21.49479675
v -20.90586090 -18.70612717 -17.77247238
v -20.69861412 -18.81955910 -17.37661934
v -20.58012772 -19.29998779 -17.19954491
v -20.30086327 -18.69922829 -16.95330238
v -19.46471024 -19.83723640 -16.74055099
v -19.91696548 -19.99406052 -17.05198860
v -19.62975121 -20.38828087 -17.28906822
v -19.09029007 -20.41692924 -17.11939430
v -20.28074837 -20.17837524 -17.28601456
v -20.01775742 -20.49613190 -17.47517395
v -19.80700874 -20.64305687 -17.67802429
v -19.45259857 -20.61883163 -17.63105011
v -18.88796616 -20.69582176 -17.56448746
v -16.56329346 -21.40632629 -19.51958466
v -17.12961197 -21.47773552 -18.91092682
v -17.73015785 -21.32406998 -18.41654396
v -14.85896873 -19.41468239 -21.58095169
v -14.63442135 -18.08030128 -22.09060478
v -15.37789154 -18.86879730 -21.94515610
v -15.02632523 -17.92332077 -22.23600197
v -14.49950409 -16.75982475 -22.51336861
v -14.48412704 -15.87406445 -22.87599373
v -15.14976406 -17.50181961 -22.51405334
v -14.97429657 -16.57298279 -22.93739700
v -15.83735943 -17.67415237 -23.17416000
v -15.40337944 -17.25652504 -22.98373795
v -20.85844040 -19.80932617 -18.76863670
v -20.84959221 -20.00469780 -18.41327858
v -21.07003212 -19.62501144 -18.25466347
v -21.05949974 -19.44996643 -18.56810188
v -20.71478081 -20.13013649 -18.01284409
v -20.95786476 -19.73265076 -17.88824654
v -21.14017677 -19.21204185 -18.14870834
v -21.11974525 -19.16696548 -18.40042877
v -19.45849609 -20.69034576 -18.06518936
v -18.92240715 -20.73479271 -18.13059425
v -19.90537834 -20.68897629 -17.96924019
v -19.81264305 -20.61930466 -18.43702888
v -19.12136078 -20.58702469 -18.72355843
v -20.74731255 -18.85266876 -19.97270584
v -20.69529533 -19.51021004 -19.06480217
v -20.92205429 -19.12051773 -18.79907417
v -20.85707092 -18.65320206 -19.03741837
v -21.02716637 -18.83635902 -18.48900604
v -20.96765900 -18.33439255 -18.64772606
v -20.53594398 -20.20733833 -17.61304092
v -20.77828979 -19.81248474 -17.52193642
v -20.52720261 -19.78520584 -17.22534943
v -16.08312988 -19.03141594 -22.22952461
v -16.37950516 -18.12696075 -23.28869820
v -15.71903038 -19.50262642 -21.65678215
v -16.14253044 -20.06115150 -21.29605484
v -16.55697441 -19.55455017 -21.98981094
v -16.83481407 -18.98022842 -22.79162979
v -16.85835457 -20.22466469 -21.28573227
v -17.41766739 -19.37013054 -22.58425140
v -15.55556965 -20.73373795 -20.64684868
v -16.03415489 -21.15218353 -20.09706497
v -15.15460873 -20.13003159 -21.15007782
v -16.01414299 -10.21794319 -23.18116379
v -15.31859493 -11.33562374 -23.18490410
v -14.82684517 -13.26049328 -23.69382095
v -15.27888870 -12.50554276 -24.27509499
v -14.97208500 -11.67191696 -22.81638145
v -14.57249260 -12.84699726 -23.03081703
v -14.42082787 -14.04809284 -23.21049690
v -16.17886734 -9.79202080 -22.21772957
v -15.52418423 -10.62933254 -22.53759193
v -16.40741730 -15.63024330 -25.07817650
v -16.99532509 -16.23616219 -25.13968468
v -16.09165955 -16.38656235 -24.39484596
v -16.66514015 -16.98479271 -24.43686867
v -17.30887032 -17.47570038 -24.40579987
v -17.66212082 -16.72717476 -25.13094330
v -18.38452530 -17.08853531 -25.04868507
v -18.00262642 -17.84548569 -24.29794884
v -18.72650719 -18.06992912 -24.11574173
v -19.13936996 -17.30023384 -24.89565277
v -17.05504227 -18.27372742 -23.57765007
v -17.69887733 -18.65130615 -23.42882919
v -18.37230873 -18.88817596 -23.21039200
v -20.28327560 -20.29570389 -18.94863129
v -19.98442268 -20.45505524 -18.81371498
v -20.54973984 -20.31750488 -18.56431007
v -20.56469727 -20.12223816 -18.90197372
v -20.40976715 -20.45337105 -18.18009567
v -21.66689301 -16.93076324 -23.68328857
v -21.00274467 -17.58164215 -23.43109512
v -21.74736023 -17.51709175 -23.19417191
v -22.02214622 -17.15193939 -23.34552002
v -21.29537010 -17.83189964 -22.96967697
v -22.03804970 -17.85654449 -22.76129723
v -22.19013405 -17.58154869 -23.03113365
v -22.29303551 -17.31361008 -23.17963791
v -22.95519638 -15.22359467 -22.57414055
v -22.88473511 -15.47173405 -22.98173714
v -22.92328262 -16.07965279 -22.81427383
v -22.99142647 -15.86426926 -22.49757004
v -22.59394073 -15.90839958 -23.42166710
v -22.71295357 -16.42058182 -23.08948135
v -22.87462425 -16.82017517 -22.90874863
v -23.05135536 -16.50736809 -22.68177986
v -23.08126640 -16.26491547 -22.48840714
v -20.24946785 -20.52456856 -17.78776932
v -22.13979149 -10.34275055 -21.46899414
v -21.60085678 -9.63014030 -21.53555679
v -21.56894493 -11.19501781 -20.19564819
v -21.07666779 -10.35612679 -20.33140755
v -20.52067184 -9.64983559 -20.61841011
v -20.99198914 -9.04381084 -21.70059776
v -19.43358803 -8.60187912 -21.71781731
v -20.27484894 -9.87038040 -19.85556221
v -19.72748947 -9.23160076 -20.31603050
v -19.10556221 -8.81947517 -20.77091789
v -21.13554382 -11.84770012 -19.12767982
v -20.73858261 -10.76351261 -19.40530968
v -17.98725128 -8.65538216 -22.32858086
v -17.66433144 -8.77766228 -21.57894897
v -16.90474892 -9.17040825 -21.91134644
v -18.40527344 -8.68771648 -21.16987801
v -15.32975960 -13.35570431 -24.53050041
v -14.92700672 -14.14656925 -23.91784096
v -15.20895481 -14.96113110 -24.12016487
v -15.60296535 -15.71260548 -24.28267670
v -15.03064442 -15.78896427 -23.47475052
v -15.45656681 -16.52622032 -23.58449554
v -14.63663387 -14.99409676 -23.34604645
v -19.66761398 -17.75527763 -24.26982880
v -20.00925255 -18.28328514 -23.31969070
v -22.07891464 -16.69673729 -21.01895142
v -22.43960381 -15.75170612 -21.25721741
v -22.59562492 -16.48156357 -21.54019165
v -22.36644363 -16.91759682 -21.38399887
v -22.70984650 -15.89423370 -21.73777580
v -22.95003510 -16.59889221 -21.98412514
v -22.77720070 -16.87336159 -21.72524261
v -22.58193398 -17.09611893 -21.57073402
v -19.05384827 -18.97085571 -22.93160248
v -22.91053963 -14.18464375 -21.58021355
v -22.86009026 -13.36755371 -21.33175850
v -22.34896088 -12.97970390 -20.48317719
v -22.95014000 -11.98977947 -21.66362953
v -22.59889030 -11.13930225 -21.51364899
v -22.00518799 -12.07761860 -20.26442337
v -21.84214973 -13.89811420 -19.53317070
v -21.52902603 -12.90703106 -19.23868942
v -22.15285110 -15.50101280 -20.27463913
v -22.04289436 -14.78713894 -19.87978554
v -20.31497765 -9.08809948 -34.36994171
v -18.60412216 -9.53134823 -34.35770035
v -19.10903740 -8.72995090 -34.32283783
v -18.37399292 -9.08351803 -34.31314850
v -17.72078514 -9.57800579 -34.30240631
v -20.69635010 -8.48202229 -34.33326340
v -19.89316177 -8.52394009 -34.32915497
v -17.36995697 -10.84081936 -34.33431625
v -16.80669403 -12.59243393 -34.32083511
v -16.76235199 -10.92465591 -34.27639008
v -16.48209000 -11.70941162 -34.26617432
v -16.35549355 -12.53271580 -34.26490784
v -17.17942810 -10.20056534 -34.28829193
v -18.06952286 -15.88556767 -34.42918396
v -16.58888626 -14.16299915 -34.33389664
v -16.39762115 -13.35559845 -34.28292084
v -20.24671745 -16.40398216 -34.43658066
v -17.57744026 -16.56861305 -34.42226028
v -21.85383987 -16.77899361 -34.39730072
v -21.99349785 -17.15667915 -34.18655014
v -22.79026031 -16.70368767 -34.36707306
v -21.07306099 -17.58207512 -34.42215347
v -23.94885826 -14.72140121 -34.30481339
v -24.45319366 -13.79942703 -34.25079727
v -24.57441902 -12.98244190 -34.24816513
v -23.25704956 -10.55088043 -34.34418869
v -24.33723450 -11.34415436 -34.27428436
v -24.00146675 -10.58067322 -34.28923798
v -23.53151894 -9.90366173 -34.30619431
v -24.53366089 -12.15281868 -34.25711441
v -22.24616623 -8.90668201 -34.32620621
v -21.48984718 -8.61388588 -34.33094788
v -22.93729019 -9.33987236 -34.31683350
v -4.67610884 -30.44999886 -24.98771095
v -9.54230118 -30.43354988 -21.83235359
v -9.67685032 -29.81159592 -21.90981865
v -9.65965652 -29.28666878 -21.97743797
v -9.48521709 -30.36114120 -22.67861938
v -7.27916336 -30.97985649 -23.90649223
v -7.61448288 -31.36264992 -23.67673302
v -7.78099728 -31.88441658 -23.17300224
v -8.33325386 -31.33768845 -23.46911430
v -9.01179314 -28.67901230 -22.77462006
v -8.43620777 -28.47202682 -23.13956261
v -7.71348572 -28.36064911 -23.44325829
v -8.24036026 -28.94476700 -23.62509727
v -8.73658657 -29.11875916 -23.52772713
v -12.18188763 -29.41197586 -17.82515907
v -12.34600544 -29.91805077 -18.85070801
v -12.82435322 -29.99978065 -18.26582718
v -11.42314625 -29.75090408 -19.34790802
v -12.19610596 -30.26392746 -19.43395615
v -12.81371593 -30.64677429 -19.54486084
v -13.43448544 -30.62276077 -18.72724533
v -11.48260021 -31.10519028 -20.05225182
v -11.07163334 -31.64359665 -20.12097359
v -11.20202255 -32.18908691 -19.96204185
v -12.51028252 -31.85808563 -19.97615623
v -11.23356628 -32.67907333 -17.56785774
v -11.93922615 -32.05187607 -17.31803322
v -12.41670418 -32.49528503 -18.14813042
v -12.39845657 -31.39869499 -17.19404221
v -13.07944393 -32.12802505 -18.13775635
v -12.70462799 -30.20031357 -17.16331291
v -12.75979137 -29.96289062 -17.58757782
v -11.42693806 -30.17556190 -11.88193035
v -12.38829327 -30.28809929 -12.27193832
v -12.27625656 -30.76936913 -12.02579975
v -12.16366673 -29.59155083 -12.79854965
v -12.87195873 -30.32311821 -12.75104904
v -13.55244637 -31.09829140 -12.71018410
v -12.94463158 -31.23405075 -12.09204769
v -12.29689980 -30.02168655 -14.16700172
v -12.47205067 -30.90807915 -14.44652748
v -12.94347286 -30.65551567 -13.80774689
v -12.43539810 -31.68675232 -14.58252430
v -13.54412556 -31.55854988 -13.72117233
v -13.47556114 -31.13957787 -13.57308960
v -11.54692554 -31.95919609 -12.08641338
v -11.76686573 -31.20906448 -11.93043041
v -7.49030781 -30.68237305 -8.51698971
v -8.09675312 -30.35850716 -8.72415829
v -8.68624210 -31.04742050 -8.30371189
v -8.20607758 -31.29081917 -8.15447044
v -8.97087574 -30.60812187 -8.85038662
v -9.61528969 -31.64954758 -8.05746841
v -9.18610191 -31.68167114 -7.81901884
v -8.74827671 -31.71147728 -7.79300404
v -9.63308907 -30.61180687 -10.01867390
v -9.69417572 -31.19708252 -10.43575001
v -9.90418911 -31.69336128 -9.64583302
v -9.83004189 -31.25838089 -9.34282112
v -9.68564510 -32.06720352 -10.26349545
v -10.08091927 -32.52256393 -8.96987534
v -10.13452816 -32.08695221 -8.85117722
v -10.03247070 -31.71474266 -8.82684708
v -7.43851566 -32.16283417 -8.24947071
v -7.03858089 -31.24637413 -8.46285343
v -7.86651897 -31.72116661 -8.08095551
v -8.69730091 -32.08832169 -7.67683363
v -4.95867682 -30.56241035 -7.37087250
v -5.05531025 -31.32873535 -7.28682566
v -4.80827665 -31.09386826 -6.73725367
v -4.93869209 -31.98831749 -7.26849937
v -4.80016708 -31.81722069 -6.20011044
v -4.72623062 -31.44280052 -6.21401310
v -4.24985838 -32.96744537 -7.99596024
v -3.59654427 -33.21094894 -7.86156893
v -3.79886842 -33.06918716 -7.08997822
v -4.29883289 -32.86907578 -7.20678043
v -2.82737589 -33.21916580 -7.63354635
v -3.20579863 -33.09341049 -6.91356325
v -3.57189894 -33.02895355 -6.20737743
v -4.06059408 -33.01241684 -6.38273907
v -4.37097883 -32.89824677 -6.61392164
v -3.73014545 -30.41796112 -6.56415653
v -4.40731478 -30.22601128 -7.09029388
v -4.38740921 -30.82582283 -6.49869871
v -4.43901682 -31.37297058 -5.92827368
v -3.95348144 -31.29092598 -5.72110462
v -12.09478569 -32.44947052 -19.61300468
v -13.02688789 -32.03913498 -19.68062210
v -12.74915314 -32.52350998 -19.22025871
v -13.25154018 -32.15351486 -19.21730804
v -13.47766781 -31.65628815 -19.10577202
v -13.22584152 -31.57855988 -19.61079216
v -6.27731180 -44.42524338 -14.54226494
v -6.09129953 -44.46154022 -15.37179565
v -7.98184681 -41.10053635 -11.48865700
v -8.39881802 -41.08126068 -12.29015923
v -7.97805548 -42.49373627 -12.57958412
v -7.67293692 -42.62612915 -11.95955276
v -8.22745800 -41.31568146 -13.00426960
v -7.40815639 -43.69030380 -13.50189114
v -7.43322325 -43.85049820 -12.90071201
v -7.17518377 -43.88188553 -12.28699970
v -8.08864403 -39.76915741 -10.38961887
v -7.48567390 -40.06332016 -10.26102066
v -8.87045002 -39.63349915 -8.57159901
v -8.83653736 -39.52881241 -9.27752113
v -6.75368404 -40.06332016 -10.00824738
v -7.83660746 -39.81296921 -8.85728550
v -8.92911530 -39.46993637 -7.70642900
v -9.48174095 -39.37272263 -8.39028645
v -9.66144371 -35.20246124 -14.24055290
v -10.37561131 -34.17412186 -16.73718071
v -9.94115639 -33.97874832 -19.19498062
v -9.31728077 -36.01359558 -19.22905159
v -10.22331524 -34.04836655 -18.10310555
v -9.69249058 -35.77618027 -17.50940323
v -5.80334139 -44.74312973 -19.75953484
v -7.87131119 -39.95478439 -19.83765793
v -6.96962118 -41.98338318 -19.81281090
v -8.49982166 -38.40074158 -19.46611977
v -8.27227306 -39.79398727 -13.08057594
v -8.04925346 -39.24001694 -13.18876839
v -8.95333958 -38.34088135 -12.55041027
v -8.42262077 -38.04492569 -13.08902836
v -8.83087635 -37.01224136 -13.59022999
v -8.19006920 -38.43408966 -13.50020599
v -7.65482140 -41.52487946 -18.66457748
v -8.06347179 -40.25527191 -19.02420044
v -8.53142929 -39.04662323 -18.22517776
v -8.52109623 -40.25400925 -17.08168983
v -8.40950871 -40.87630463 -16.88352585
v -8.66528320 -39.83108521 -16.82744026
v -7.82328415 -41.85090256 -15.73609257
v -7.93271399 -41.79308319 -16.14963913
v -8.07563591 -41.59054565 -16.51126480
v -7.72622967 -40.58076859 -14.39660358
v -7.64539480 -41.12228394 -14.57344055
v -7.93424129 -40.71557999 -14.64379501
v -7.66819715 -41.52276993 -14.90141392
v -8.66696835 -39.26697922 -15.93220234
v -8.51014328 -39.35702896 -15.36525249
v -8.71341515 -39.62739182 -15.91798401
v -8.58608055 -39.70248795 -15.44866848
v -8.39228725 -39.92903519 -15.04454613
v -8.72384262 -39.55656433 -16.41699982
v -8.24288845 -41.26252365 -16.77209473
v -7.52695990 -41.84763718 -15.20158195
v -7.99122047 -40.06626892 -14.53921032
v -8.15636635 -40.29018402 -14.76323032
v -8.39698315 -40.96940613 -16.34404755
v -8.27372074 -40.98449707 -16.26067734
v -8.67955399 -40.21926498 -16.19039917
v -8.19333363 -41.41565704 -16.26781082
v -8.09201431 -41.53485870 -15.97820187
v -8.07051563 -41.43110275 -15.59781742
v -7.94341755 -41.47606277 -15.27570248
v -8.20902729 -41.10514069 -15.35782719
v -8.51562023 -40.61152267 -15.63835335
v -8.37996483 -40.46475983 -15.19494724
v -8.60651302 -40.16474533 -15.59643555
v -8.16257954 -41.02249146 -15.97222519
v -8.34910583 -40.78456879 -16.11061859
v -8.09836006 -41.30491257 -16.08847427
v -8.05241299 -41.28142548 -15.75562954
v -8.15710926 -41.05490112 -15.68593597
v -8.33896828 -40.87901688 -15.64219761
v 0.83402061 -50.73931122 -16.05013657
v 1.21139026 -50.75352859 -15.77861691
v 0.04597317 -50.63451767 -16.01909447
v 1.39788961 -51.56324768 -16.61974716
v 1.59700131 -51.43233109 -16.45291519
v 1.72770619 -51.61643600 -16.40183449
v 1.39533556 -50.86217117 -15.53795528
v -19.24722099 11.11918640 -5.89299059
v -17.05104065 15.73230076 -4.36560726
v -17.00691032 14.28369904 -3.89913511
v -15.64046001 16.82986450 -3.84047055
v -17.06417847 17.87366104 -5.25755501
v -14.04840851 18.97306633 -4.42658901
v -15.54461670 20.79261398 -6.84415579
v -13.39941311 21.71265602 -7.49009752
v -15.77569389 -16.34601402 -4.14664221
v -15.22928143 -15.42254829 -3.50459790
v -16.12230873 -13.97742081 -3.74681282
v -16.34085274 -15.80528927 -4.48841333
v -14.71320248 -14.02481651 -1.95920455
v -16.92549706 -13.53569984 -4.70737791
v -16.74887085 -14.50540161 -5.00828362
v -16.89453125 -15.57379055 -5.13361740
v -17.50071335 -13.86088276 -6.01584911
v -17.30054855 -15.56863022 -5.90036345
v -18.49585152 -13.04784679 -7.58573008
v -17.64242554 -14.76965523 -7.07249451
v -13.73570728 -20.71056747 -6.54904318
v -13.87199402 -19.57898521 -5.42209482
v -12.55725574 -22.14737320 -6.64414883
v -13.25786018 -19.97404861 -5.19122839
v -13.73096752 -18.22570038 -4.00582647
v -14.22124290 -18.12764549 -4.42311335
v -14.42778015 -16.58283043 -3.43729687
v -15.33049679 -17.20460129 -4.23827267
v -14.70288086 -20.98556328 -8.49413395
v -14.11971188 -21.02990532 -7.50157738
v -14.32972431 -21.76431656 -9.02853966
v -13.60531807 -21.93535995 -7.97352648
v -15.88291168 -20.02102280 -9.77558994
v -15.28615570 -20.66801834 -9.33439541
v -15.81676960 -20.15257072 -8.34520912
v -14.99146366 -21.50016785 -10.03205013
v -17.45821571 -15.89986897 -7.81312084
v -17.81336403 -15.43781948 -8.26242542
v -17.27706146 -17.11244392 -8.92785168
v -17.03176689 -17.30191803 -8.46064186
v -16.49104309 -18.79201698 -9.29869080
v -16.70431900 -18.85215569 -10.00751019
v -9.19157791 -16.67188072 0.76695663
v -10.23621750 -15.46351814 0.89023632
v -10.62985897 -16.88979149 0.20653693
v -8.19164848 -15.34913826 2.12024236
v -11.62683964 -14.90483665 0.28905693
v -11.59271526 -16.56529427 -0.21117112
v -12.85950470 -14.67223167 -0.58101022
v -12.45235538 -16.52916908 -0.88260049
v -13.51305580 -15.76632023 -1.83144867
v -10.31410313 -21.90102577 -4.38151121
v -9.31196117 -22.01298332 -3.85395193
v -9.49506474 -22.73459816 -4.77057123
v -7.27955818 -23.14804077 -3.93115306
v -8.52299309 -21.79064751 -3.22012258
v -12.07898808 -20.60492897 -4.01541090
v -12.16219234 -21.02369118 -5.09212017
v -11.27927589 -21.62150002 -4.88453007
v -11.41177177 -21.14175797 -3.91556549
v -11.20239067 -22.38856125 -5.63431931
v -13.28271580 -18.37747002 -3.59096217
v -12.82087803 -19.84218597 -4.51684999
v -12.62087059 -19.74950218 -3.66521430
v -13.59710312 -16.94466591 -2.76755285
v -8.30982018 -20.75153732 -2.00428247
v -9.08425522 -20.43662453 -1.62870336
v -7.58931065 -21.13238335 -2.07168865
v -7.75961685 -19.49462318 -0.59349090
v -8.37333012 -19.39751434 -0.78149110
v -8.63042164 -17.95344162 0.17936380
v -7.97278929 -17.79082489 0.60370713
v -3.18378639 -18.48984718 2.40071535
v -2.46664715 -17.51403809 2.90183878
v -3.37220788 -16.18939972 3.47892570
v -3.88344216 -18.03222275 2.53784490
v -4.70998478 -15.60062122 3.41849709
v -6.03923035 -15.95463562 2.70952034
v -6.96201134 -17.14256668 1.59510553
v -4.46134520 -22.75276566 -2.35184598
v -3.40770149 -22.74002266 -1.96531320
v -3.84057593 -22.27555084 -1.14969766
v -4.03992462 -23.41532135 -2.94180846
v -2.55132627 -22.39783096 -1.37477136
v -6.42634249 -22.08112526 -2.47075462
v -5.51519966 -22.57077026 -2.56459689
v -7.15117025 -19.66629791 -0.40043521
v -6.92894030 -21.01189423 -1.57182932
v -6.47026205 -20.94912338 -0.86322117
v -7.25712442 -18.28878784 0.63045901
v -2.11002612 -18.76063156 2.10107350
v -2.82800770 -19.33390045 1.86715293
v -2.18217182 -21.42338943 -0.24971905
v -1.70116508 -8.11529064 7.01530457
v -2.77250290 -7.44038534 6.91630173
v -2.43357587 -6.24940109 7.21288919
v -4.04985142 -6.10700560 6.80466032
v -4.13905907 -7.19445753 6.59559536
v -5.55764484 -7.18476820 6.12385702
v -5.36427307 -8.31561279 6.21264362
v -5.69203568 -5.94933796 6.28721189
v -7.85356426 -5.72889853 5.49782181
v -6.74452114 -7.65492678 5.58229017
v -6.25066519 -8.77186871 5.77818918
v -2.26653481 -14.34036160 4.74245024
v -7.03921270 -13.90601254 3.39063931
v -5.70446396 -13.81564617 4.24964762
v -7.98511171 -10.67757034 4.27381897
v -7.84055758 -12.58479786 3.62145305
v -7.86786175 -8.86684322 4.83558178
v -6.78717661 -9.71703148 5.36121845
v -1.42859101 -11.29128265 6.19695091
v -1.36918926 -9.57358170 6.73219824
v -2.16237116 -10.10861874 6.68259144
v -1.68241763 -12.98960400 5.48865843
v -9.17725468 -7.32905960 4.53938913
v -10.36444664 -6.54683113 4.06933594
v -10.81269836 -7.52674961 3.80255461
v -10.20519924 -4.88610983 4.49304724
v -11.79559135 -5.45190144 3.43621755
v -13.32042122 -5.42983627 2.25737190
v -15.36219883 -4.43754244 0.63846350
v -14.33393764 -6.36967897 1.21120596
v -10.47303391 -13.92128468 1.58004439
v -10.91580868 -13.04405594 1.93108356
v -9.40116978 -13.60774040 2.36985612
v -10.08344746 -12.69259548 2.58566141
v -13.96035957 -12.63308811 -0.53208804
v -14.94354248 -9.39779949 -0.19742657
v -14.77866077 -11.27337742 -0.71503282
v -14.07221127 -10.93992805 0.35251358
v -14.70962143 -7.74192286 0.55315244
v -15.35903835 -7.25091028 0.04750033
v -8.91479111 -12.26783085 3.22623134
v -9.61939716 -11.76101971 3.25772262
v -16.29998779 -6.02032518 -0.73062044
v -17.05009270 -5.27127361 -1.57688475
v -16.86293602 -4.13505697 -1.15201485
v -17.88161278 -3.89660740 -2.58776784
v -17.89456749 -4.96805048 -2.73469234
v -18.60854530 -4.93361044 -4.02583790
v -18.68027115 -6.08025360 -3.60728717
v -18.76852989 -3.69133425 -4.14116573
v -19.73717880 -3.44740796 -6.14681721
v -19.14379311 -5.39513254 -5.19249249
v -19.01603889 -6.54261827 -4.42985392
v -17.16341972 -12.58232307 -4.41468763
v -15.82477379 -12.23117828 -2.30055404
v -18.34429359 -11.56543636 -6.21980572
v -17.80546379 -12.28152275 -5.45485020
v -18.13786125 -11.49192142 -4.71190691
v -19.21867752 -6.79749823 -5.81747484
v -19.15906525 -7.48283005 -4.97742414
v -19.60047150 -6.34082079 -6.57432032
v -19.31230927 -8.43052006 -6.83867931
v -19.06058884 -8.52099133 -6.15682268
v -18.78253937 -10.19119167 -6.35019445
v -19.02562141 -10.39572716 -7.15475130
v -15.69196224 -10.88379097 -1.51179564
v -16.53917503 -10.36234093 -1.70822155
v -15.74946880 -9.20484924 -0.95400894
v -15.93767929 -7.47461510 -0.64172846
v -1.20467591 1.65134764 8.36037540
v -2.21066141 3.19152761 8.10107136
v -3.62500763 3.86079788 7.72425508
v -5.10299492 3.44298458 7.30749512
v -4.83987331 1.49178433 7.71790934
v -7.38372183 4.02973461 6.46731281
v -6.27731180 2.10454917 6.99002743
v -5.72268438 1.04658723 7.42521858
v -4.00108719 -5.08938169 7.05258846
v -2.61315036 -5.08369446 7.43322325
v -1.45955575 -4.58994389 7.78278780
v -6.51154804 -4.15148735 6.33976746
v -5.39829206 -4.84166384 6.63561773
v -5.08169317 -3.98476219 7.16433573
v -7.47611570 -0.89824080 6.42278814
v -7.34427881 -2.81047177 6.24050140
v -7.37353182 0.91527671 6.54999065
v -6.24181795 0.12554413 7.23279524
v -0.70313138 -1.50021017 8.35700512
v -0.76021600 0.21843836 8.43883991
v -0.89523917 -3.20801044 8.12213612
v -1.60605907 -2.70825648 8.31034660
v -9.48806000 1.60532176 5.75617695
v -8.72795010 2.44642520 5.93985891
v -9.74199295 3.75199986 5.38654852
v -10.38677502 2.28117466 5.30613518
v -11.21155357 4.81636000 4.50263166
v -12.71376514 3.66774201 3.58285236
v -12.61776352 5.41235256 3.48300695
v -14.63747597 5.26590204 1.86831141
v -13.89548111 3.31406999 2.72121096
v -10.72886181 -3.41854978 4.70758867
v -9.02379990 -3.91345882 5.28981018
v -14.29075527 -3.00589705 1.87210310
v -13.21246624 -3.84099722 2.68792915
v -15.07037640 0.29829895 1.60845518
v -14.99788857 -1.61011398 1.46750760
v -14.45916557 1.93729746 2.25284290
v -14.00585842 1.28135049 2.83569622
v -15.04728508 2.45643091 1.71138132
v -8.45874596 -2.52689147 5.80430937
v -9.47189331 0.41080946 6.00410557
v -16.70094872 2.96492672 0.40738648
v -15.82888126 3.73915052 0.81508893
v -16.54728508 4.51548100 -0.16472401
v -17.22418976 3.63361764 -0.31765193
v -16.18149948 5.62231255 0.08973456
v -17.25873566 5.93459320 -1.36402845
v -17.44642067 4.87958002 -1.41015959
v -17.90425682 3.95916891 -1.26312983
v -18.27857208 4.93571663 -2.83401108
v -18.52028656 3.92241144 -2.34078717
v -18.21832657 6.15239954 -3.02043152
v -18.99792290 4.54939461 -4.07892036
v -17.95028305 -2.90900064 -2.41535521
v -17.07684517 -2.99294233 -1.14653802
v -16.24701118 -2.59366584 -0.03212329
v -19.29387856 -1.09872174 -3.77137923
v -19.23563576 -1.88526833 -4.75645828
v -18.71049881 -2.61367702 -3.72314167
v -18.91061020 -1.75256228 -3.03528190
v -19.32231522 3.15292692 -4.64397430
v -19.64017677 3.64762568 -5.40345287
v -19.73475647 1.52548754 -5.61799431
v -19.48082542 1.39931142 -4.92528963
v -19.47640228 -0.36820659 -5.02081728
v -19.51168442 -0.00073726 -4.06175280
v -19.76530075 -0.55357379 -5.84464788
v -15.89765644 -1.22890007 0.62234920
v -15.65225601 2.25347495 1.08555651
v -16.50168037 1.91486382 0.70355266
v -0.90819377 11.40081787 6.87533140
v -2.46841788 12.74334717 6.09832954
v -4.11088562 12.90524101 5.64258671
v -4.00561571 11.42114544 6.46383715
v -5.85960340 13.88421154 4.78710699
v -5.18185472 11.97303391 5.65327740
v -4.82123137 10.99806595 6.34229517
v -1.06280684 5.16542435 8.19596672
v -6.03349066 5.59534979 6.81961584
v -4.68547106 5.80136013 7.54454899
v -6.33797741 10.79729557 5.59324360
v -5.39565897 10.04879570 6.43992901
v -6.79307461 8.97345638 5.88814592
v -6.20558691 8.85991859 6.16430092
v -6.70844793 6.97923183 6.33903027
v -0.60328585 6.58295679 8.08084965
v -0.49354008 8.33151722 7.78647423
v -1.22163284 9.64551735 7.64439440
v -7.33053398 12.40485477 4.69126368
v -7.82702303 13.77725601 3.99592614
v -8.88853931 14.44686890 3.20419264
v -10.27144718 13.84966564 2.63358283
v -10.42374325 12.80876541 3.17430735
v -10.00108528 15.08056641 2.22229958
v -12.32104492 15.80729008 -0.11019342
v -11.38228130 13.55307770 2.02671599
v -11.30265713 12.45256615 2.73353386
v -9.71271324 5.48570967 5.27095747
v -8.41029739 5.92069054 5.81220865
v -13.31684017 6.79233742 2.71699810
v -12.06066132 6.91630173 3.86395741
v -7.40805149 9.11111164 5.65022278
v -7.76593637 7.35286236 5.87171555
v -8.42462158 8.01470757 5.64611530
v -13.43137836 10.51742744 1.74268830
v -13.76719761 8.37922764 2.05173016
v -12.33197212 12.14934349 1.94193172
v -12.06982517 11.48928833 2.58692527
v -13.09260941 12.64477921 1.11983883
v -17.13814163 7.05216742 -1.28187716
v -16.22647285 6.94726658 -0.05403031
v -16.57846069 8.19996929 -0.08868134
v -15.25624466 7.33379889 0.92125374
v -15.84299469 8.64095402 0.61992675
v -18.29552841 8.10296726 -3.62118959
v -17.88740540 7.35391569 -2.59672022
v -14.62820721 8.88403702 1.23227036
v -15.26761913 9.70449734 0.93125933
v -13.09450531 14.08369160 0.34535167
v -17.76417732 11.78324223 -2.26063681
v -17.65653801 11.73100281 -3.60918283
v -18.15850449 9.76389980 -3.77632928
v -17.92774391 10.28977299 -2.80536342
v -13.46892548 14.84717274 -0.51133955
v -14.19333172 15.23644352 -1.44396806
v -15.00873661 15.33291912 -2.29212809
v -14.49402714 16.51136971 -2.61788988
v -15.90155411 14.95449638 -2.95797539
v -16.82786369 13.55234051 -3.31849360
v -16.96962738 13.00635052 -2.56807256
v -11.30181503 17.33551598 -0.31449226
v -9.79547024 18.60213470 0.07412054
v -9.25055885 19.76135063 -0.33387154
v -8.79114342 20.97998238 -0.81803793
v -9.46004486 20.92047501 -1.15749156
v -8.27021885 20.97524261 -0.26330563
v -7.27460814 22.99742889 -0.17451897
v -8.48160076 21.96643066 -1.08998001
v -9.26709461 21.60549164 -1.50684547
v -8.57070351 22.69283867 -1.89590585
v -9.30353546 22.13315582 -2.06547475
v -7.98321629 23.52540970 -1.59152460
v -8.40155602 23.91942024 -2.76955390
v -8.91184235 23.05683136 -2.83748674
v -9.31396294 23.18479729 -3.78507113
v -8.77418613 24.21305847 -3.91008854
v -9.94336891 22.90885353 -4.50979376
v -13.14516449 17.34886551 -2.02189755
v -11.97450829 18.14481163 -1.27734828
v -13.88263130 18.17440796 -3.41180897
v -10.93571472 21.92387962 -4.73370886
v -11.15467930 21.51049042 -4.01941299
v -12.10384369 20.66433144 -4.50231552
v -13.22047043 19.32231522 -4.00119257
v -7.34696436 15.46846867 3.51723671
v -5.56080437 16.01925087 4.02976084
v -9.85405540 16.83755302 1.29925525
v -9.35872459 16.08323479 2.09738731
v -8.76186371 16.92749786 2.14004278
v -4.76167154 21.39189720 2.66065073
v -5.17722082 21.13164520 2.31666827
v -3.70544744 21.52270699 3.33966327
v -5.55369520 22.44388199 1.81362283
v -6.59809685 22.06909370 0.87227893
v -6.66616154 20.93606186 1.27387261
v -7.24985743 20.71846771 0.86890858
v -5.17479801 17.43473053 3.63785696
v -4.71970081 19.39572525 3.08857512
v -4.17276239 19.39709473 3.39569473
v -5.91089535 17.43683624 3.40601635
v -7.96889210 20.61388206 0.20706356
v -7.84398031 20.17763710 0.71008265
v -2.64874935 14.08674622 5.59082127
v -0.60191667 14.54795170 5.93122244
v -3.91366959 15.72671890 4.87241793
v -4.50168371 15.13744068 4.75129747
v -3.37599945 15.13449192 5.22082424
v -0.28584459 19.40509796 4.78026104
v -0.92409742 20.00511932 4.54549789
v -0.74341714 21.43571091 4.48377895
v -1.65255880 20.84798813 4.29156590
v -2.44705725 20.99456787 3.96024847
v -2.47454643 19.45017624 4.33011389
v -3.24487329 19.90537834 3.77264309
v -0.15250662 15.55893993 5.65538359
v -0.63909543 15.98939228 5.62378693
v 0.01190141 16.90516853 5.33120155
v -0.01042690 18.28425980 5.00175381
v -3.94942641 18.40163994 3.82309246
v -4.02457380 16.59152031 4.55687237
v -4.55265951 26.61914635 2.50266743
v -4.77594280 26.27548027 2.54921985
v -4.50579119 26.08252907 2.75480890
v -4.19393206 26.38217163 2.76618361
v -4.98658752 25.99079323 2.62652636
v -4.64984560 25.67727470 2.86771441
v -4.28477287 25.53458977 2.92653680
v -3.95284939 25.95803833 2.94154525
v -2.76976466 -25.27670860 -3.43045115
v -2.24726081 -24.59769630 -3.25551081
v -3.17883611 -24.17440605 -3.22896957
v -3.49459243 -24.89628410 -3.35883188
v -4.31031322 -24.04359627 -3.49353909
v -4.39109516 -24.76463127 -3.52913809
v -5.43557596 -24.02927208 -3.88249421
v -5.30634594 -25.24906158 -3.62282205
v -6.31133080 -24.33691788 -4.40952682
v -5.94839001 -25.10735130 -4.38846207
v -4.06575489 -28.27997208 -5.90531349
v -3.86680126 -28.56897736 -6.52766275
v -2.80589008 -28.50504684 -6.21264362
v -3.22707391 -28.22172928 -5.62020588
v -3.75515962 -29.08695221 -6.82351255
v -2.54426956 -29.06441307 -6.52808380
v -1.96204829 -28.15390205 -5.86739731
v -2.56733513 -27.92777443 -5.30160618
v -5.60135317 -27.84994125 -6.17704487
v -5.80936480 -28.13273239 -6.93641806
v -4.92644835 -28.49546242 -6.81024218
v -4.91075516 -28.18265533 -6.10995436
v -6.42181349 -29.08526611 -7.72496605
v -4.94056177 -29.09601021 -7.17560530
v -6.22939014 -26.54805374 -5.60872602
v -6.49501276 -26.32677078 -6.08309746
v -6.28763294 -27.33491707 -6.64878321
v -6.03243732 -27.28709984 -6.00505352
v -6.96027374 -25.61058044 -5.78008556
v -6.70133877 -27.45119286 -6.96822548
v -6.57674265 -25.23215675 -5.27422237
v -6.16714430 -26.08858681 -4.62054014
v -2.17964411 -26.71119690 -4.40805244
v -1.65903616 -26.53425598 -4.66409063
v -1.81628227 -25.47913742 -3.88618040
v -2.69072008 -26.24077606 -3.56705403
v -1.67209613 -27.44613647 -5.31677246
v -2.23915100 -27.40811539 -4.88558340
v -8.61314869 -24.83035278 -5.39007711
v -8.01070499 -24.16250420 -5.10170460
v -8.92848301 -23.61346054 -5.13361740
v -9.30953884 -24.37430763 -5.38997173
v -9.97243786 -23.35299683 -5.51098680
v -10.11293697 -24.14976120 -5.67349911
v -10.91296482 -23.25704956 -6.14871311
v -10.82091331 -24.12406158 -6.23802614
v -11.56891251 -23.49886894 -6.82119560
v -11.28833389 -24.37041092 -6.82962132
v -9.39790440 -27.81276321 -7.96699667
v -8.98714828 -28.24911308 -8.61472797
v -8.12982464 -28.26807213 -8.07389832
v -8.73268890 -27.81539536 -7.53643894
v -8.78440285 -28.91243362 -8.98820114
v -7.79195070 -28.99015999 -8.41092968
v -7.43006372 -28.00329208 -7.58478212
v -8.19891644 -27.58895302 -7.14790535
v -10.58457088 -27.21453285 -8.52236080
v -10.51000214 -27.61412621 -9.41191292
v -9.81276894 -28.05637360 -9.10026360
v -10.04753208 -27.61244011 -8.32066822
v -10.79500389 -28.62227058 -10.49441433
v -9.70797348 -28.78825760 -9.56326008
v -11.23946381 -25.81911850 -8.05694199
v -11.32614422 -25.59362411 -8.60387993
v -10.99490547 -26.70214081 -9.16840744
v -10.97542095 -26.59576416 -8.42346287
v -11.63631821 -25.50483704 -8.92269039
v -11.28949261 -26.85169792 -9.68364429
v -11.59397888 -24.45445824 -7.79869175
v -11.49550247 -25.35559654 -7.12720966
v -12.20713902 -24.54756355 -8.54705906
v -7.23974609 -27.22243118 -6.98539305
v -7.96499538 -27.06234169 -6.68838453
v -7.30072784 -26.22229195 -6.37705183
v -8.73629665 -26.59815979 -5.76915836
v -7.53559637 -25.11725044 -5.62578821
v -8.17985249 -25.52695465 -5.71836615
v -14.71425629 -23.76122665 -11.32024670
v -14.82031536 -22.79447365 -11.29044056
v -14.37480259 -23.97176552 -12.32333565
v -14.46042919 -24.52923584 -12.01484680
v -14.57849598 -23.71730804 -12.64025021
v -13.74797726 -25.32025909 -13.49462414
v -14.52130508 -25.60310173 -12.08141041
v -13.24306202 -26.50350189 -13.81617260
v -13.76751423 -26.11844444 -12.59190750
v -12.54377460 -28.31567764 -14.87571526
v -12.92957020 -27.17914391 -13.50620937
v -13.52769566 -26.65221786 -12.50849247
v -11.73163509 -27.36061478 -10.58320141
v -11.79272175 -26.51435089 -9.82898903
v -12.61097050 -26.25062370 -9.75958157
v -12.87216949 -23.30539131 -8.15046787
v -12.41960049 -27.61991882 -12.07066727
v -12.04570580 -27.61591530 -11.27832794
v -12.08583355 -28.32926369 -12.46604729
v -11.60124588 -28.42120934 -11.61514854
v -12.69091034 -27.50143051 -12.88154316
v -13.33179569 -26.96091652 -12.09699821
v -12.36462212 -28.29250526 -13.47103214
v -13.48640919 -22.80100441 -8.63358116
v -14.10222816 -22.58224869 -9.48911381
v -14.60524750 -22.49072456 -10.45123291
v -14.62652206 -23.44052124 -10.57635498
v -2.55006242 -33.61633682 -7.99322176
v -1.55908525 -33.41011429 -7.66882896
v -2.06800246 -33.03453445 -7.37550688
v -2.89578271 -34.24516296 -8.30292130
v -1.19066811 -34.00676346 -7.76351404
v -0.79381382 -32.94901276 -7.36055088
v -1.49389088 -32.64315796 -7.12273312
v -4.37255859 -33.41401291 -8.51024818
v -3.52934861 -33.66035843 -8.30571270
v -4.85188007 -34.48661423 -9.04360008
v -2.11318564 -30.35176659 -6.59454203
v -1.69874263 -29.88403130 -6.67353392
v -2.60346079 -29.59839630 -6.73830700
v -2.82463741 -30.11700249 -6.64930964
v -3.65668321 -29.59060287 -6.97960043
v -4.65914059 -29.68191719 -7.30336094
v -5.41861916 -30.04190826 -7.66946125
v -5.54742813 -30.81012917 -8.01807785
v -6.15796804 -31.17613602 -8.43702316
v -5.33351898 -31.75465965 -8.26526928
v -4.97658157 -32.69371414 -8.47612381
v -4.75192928 -32.48580551 -7.99122047
v -1.84411371 -31.66084290 -6.34442854
v -0.81129730 -31.27280998 -6.92999363
v -1.61901367 -30.80633736 -6.62634945
v -0.65468311 -32.18331909 -7.14474583
v -1.28092921 -32.09527206 -6.92599154
v -7.79426813 -33.63687134 -9.96032524
v -7.38919878 -34.05910873 -10.30694103
v -6.58622169 -33.94736481 -9.74915409
v -7.22489595 -33.52186203 -9.51849842
v -7.21288919 -34.59403992 -10.33990669
v -6.21506596 -34.54306412 -9.71945381
v -5.96871758 -33.56883621 -9.26519871
v -6.79117870 -33.18272400 -9.12522507
v -8.86002350 -33.21716309 -10.72370148
v -8.83980179 -33.71976089 -11.35205364
v -8.17279625 -34.02193069 -10.88768768
v -8.36679935 -33.53945160 -10.39836025
v -9.23770905 -35.06588364 -12.12027454
v -8.13835621 -34.69335938 -11.02113152
v -7.02478361 -30.06318283 -8.44610786
v -7.80648518 -29.68886757 -8.70404148
v -8.65959549 -29.57670021 -9.19536972
v -9.41307068 -29.57659531 -9.74262428
v -9.28594685 -30.31838036 -9.57115936
v -9.93725967 -29.85201263 -10.27397537
v -10.11941147 -30.77390099 -11.12448502
v -9.32775974 -32.84053040 -11.40797997
v -9.27657318 -32.63388824 -10.81006527
v -9.61160374 -33.08940887 -11.83348179
v -6.15218878 -31.80868912 -8.63315964
v -5.94080687 -32.76859665 -8.91226387
v -6.66679335 -32.62599182 -8.80199146
v -0.29606086 -34.91685486 -7.76719999
v -1.19287980 -34.68051147 -7.89579868
v -2.19449449 -34.74380875 -8.17764091
v -3.10289884 -34.95329666 -8.51846409
v -2.77102852 -35.53720093 -8.32761955
v -3.76053095 -35.42071533 -8.88877678
v -3.22675776 -35.96628571 -8.61504459
v -3.61623955 -37.28839493 -9.32460022
v -3.25098205 -38.27284241 -9.48268890
v -4.21652365 -36.73081970 -9.34266281
v -3.66531968 -38.55921555 -9.63382626
v -3.23939657 -40.20266342 -9.97991562
v -2.67613316 -39.04548645 -9.50849342
v -3.84447289 -36.28393555 -9.14060211
v -3.37768459 -36.59095001 -8.83695793
v 0.64067525 -36.58979416 -7.96573257
v 0.28479138 -35.64599991 -7.80901289
v -0.17114866 -36.08466721 -7.78594732
v 0.72640759 -38.45620728 -8.48939514
v 0.83309901 -37.58098221 -8.21840096
v -1.35988808 -39.68389130 -9.31620789
v -1.83682013 -38.81030273 -8.97798443
v -0.89081562 -39.23233032 -9.04370594
v 0.02812104 -38.97660446 -8.77439690
v 0.37399933 -39.58378983 -8.91184235
v 0.11823739 28.33412170 5.79314518
v -0.20637895 28.62311363 6.07904243
v -0.36904916 27.85046768 5.79303980
v -0.24139860 27.74798965 5.63389778
v -0.05476757 27.51322746 5.41114140
v -3.98857999 35.80134964 -4.29875422
v -2.92840624 37.20978546 -3.51474833
v -3.31649232 38.16088486 -1.63007247
v -2.11987376 37.51655197 -3.85023928
v -5.83831215 33.21989059 -0.05920591
v -4.89648390 35.65582275 2.44695187
v -5.38804960 35.33356094 -0.46004757
v -0.91356522 27.55372238 5.29138994
v -1.29783344 27.76215744 5.25639677
v -0.92999548 27.86468697 5.69203568
v -1.45455301 28.12425423 5.41072035
v -1.65029442 27.95378876 4.99374914
v -1.26992309 37.67242813 -4.19516945
v -0.36883852 37.76130676 -4.48899221
v -3.97654700 31.33423805 4.14271927
v -3.98227382 30.68209839 4.32018709
v -3.68196058 30.84509659 4.60384607
v -3.56810737 31.21003723 4.60216093
v -3.92072606 30.35779572 4.50726557
v -3.46981525 30.69424820 4.81765032
v -3.87406850 25.39130020 2.99683928
v -7.74882126 29.22279167 -6.99926949
v -6.88270378 28.35959625 -0.85226768
v -7.36371040 28.08333588 -0.88207388
v -7.22426414 27.83814621 -0.54683316
v -6.69523048 28.03983879 -0.41970918
v -7.83239460 27.86258125 -0.88586545
v -7.69252682 27.67300034 -0.58517045
v -7.54760313 27.45751190 -0.41897193
v -7.16654730 27.46772766 -0.31923175
v -6.62361097 27.55946350 -0.13059959
v -5.33615208 23.58723450 2.00480914
v -5.36532640 24.01073456 2.19523168
v -5.68824434 24.23159599 1.85093331
v -5.77566147 23.85548973 1.55434585
v -5.41609144 24.35924721 2.39365888
v -5.69003487 24.53081703 2.09770322
v -5.83232498 24.71639442 1.83882117
v -5.87329531 24.59822273 1.54265499
v -6.05497646 24.61244011 1.10414588
v -1.28809118 31.82975388 -10.75561333
v -0.19779520 31.83744240 -11.10402012
v -1.05575025 33.60675049 -9.10552979
v -0.01474512 33.58610916 -9.47805500
v -7.33011293 27.05691910 -0.32041663
v -3.39116597 31.70104980 -9.83699322
v -2.37038255 31.76287460 -10.35307217
v -3.07456708 33.42359543 -8.26611137
v -2.09338498 33.51891327 -8.73890305
v -2.43873668 23.12139320 3.93031049
v -2.25221109 23.42830276 4.27450371
v -2.38407445 23.82031250 4.21805096
v -2.59577227 23.67117691 3.84573674
v -2.17406201 23.56564331 4.54781485
v -2.22556448 23.84917068 4.57709455
v -2.33122897 24.27396202 4.30438852
v -4.32474232 31.62416458 -9.20326900
v -4.79827118 33.09741211 -7.04511070
v -3.96569872 33.29541779 -7.69178963
v -1.30736518 25.38540077 4.37519169
v -1.42859101 25.03773308 4.58351898
v -1.10525167 24.91829681 4.67746639
v -0.87617582 25.24490166 4.49652290
v -1.53012168 24.80254745 4.82955170
v -6.73609543 30.56862450 -7.39299011
v -5.96761131 33.13193130 -4.93705988
v -5.29062653 33.63711166 -5.56146240
v -6.24929571 31.45838737 -0.09879227
v -6.33565998 31.61931992 0.41170469
v -6.31398964 31.97304535 0.57060963
v -6.44740725 31.69293976 0.76379699
v -6.18131018 32.34972763 0.82917577
v -5.92308664 32.76662064 1.08410823
v -6.03812456 32.66717148 1.66072130
v -5.83790731 32.84021378 1.58731163
v -5.56944084 33.18051147 1.49694514
v 0.27354822 35.91594315 -6.96061611
v -1.45169604 28.71401978 5.55202293
v -1.82789409 29.05793571 5.16258097
v -2.76355052 34.70463181 -6.99139643
v -1.82871032 34.82712173 -7.41489744
v -1.17086744 29.85569954 5.75954723
v -1.12442040 29.53236008 5.84959793
v -0.84889734 29.64273643 5.99883938
v -0.82046032 29.98787880 5.94839001
v -1.11167634 29.35141563 5.95544672
v -0.92336017 29.36489677 6.07604074
v -0.65025961 29.31929207 6.16588068
v -0.54177767 29.60703278 6.09647322
v -0.24429497 29.84737778 6.09947491
v -3.31484675 28.91080093 4.40640640
v -3.67080307 29.02915573 4.26316166
v -4.00464153 29.01836014 3.94576669
v -4.48609591 29.39617729 3.08215046
v -4.35036182 29.61400986 3.66237068
v -4.36360598 30.06049728 3.61966252
v -6.76595402 31.59430695 -3.94155359
v -5.91208029 33.82416153 -3.15634990
v -6.86111259 30.41717148 -2.15605187
v -6.55362463 31.83923340 -2.54079413
v -4.72781086 37.21232605 0.33940098
v -4.75703764 36.64487457 -1.43530536
v -5.70351601 32.82410049 1.99343431
v -5.39207792 33.15481186 2.02313519
v -6.00400019 32.60587311 1.94488072
v -5.90415478 32.46231842 2.24557567
v -5.57649708 32.66948700 2.35310984
v -5.22967100 32.93721771 2.49160862
v 0.73554426 39.16500092 -3.13991976
v -2.71225858 30.23917580 5.01254940
v -3.20549273 30.06402969 4.87933969
v -4.21560192 37.05081558 -1.99543548
v -5.58018351 30.41190529 1.59331501
v -5.82189798 30.80918121 1.70306087
v -6.04971027 30.81486893 1.34349060
v -5.86192083 30.41548729 1.11462545
v -6.02590752 31.03183174 1.79300606
v -6.21854162 31.10292435 1.58383608
v -6.28057623 31.03659821 1.02341628
v -0.04660510 22.54296494 4.57156515
v -2.79535794 22.65144539 3.62413859
v -2.06315756 22.74497223 4.12399817
v -3.00342202 24.71175957 3.51515651
v -3.17035794 23.41708565 3.40712214
v -0.35325083 23.23577499 4.63417912
v 0.10311048 23.82652664 4.63639069
v -0.11301078 25.26796722 4.61680079
v -0.81736648 26.14031219 4.61158752
v -0.34335053 26.27137184 4.78489542
v -2.04807019 26.05798912 4.09421825
v -1.73276174 25.45027924 4.19751310
v -2.71942067 26.94385529 3.99160814
v -2.10981536 25.29155922 4.02352047
v -2.66170406 25.23563385 3.67795849
v -2.38575959 24.90523720 3.89597535
v 0.06961801 24.63245201 4.59542036
v -4.84945774 23.48580933 2.42314911
v -3.91166830 23.56424713 2.99096775
v -6.32976198 23.95080757 0.58790880
v -5.98830748 23.36184502 1.19551289
v -6.07369709 25.63222313 0.96601570
v -6.34155798 24.75736427 0.55083537
v -6.65173197 24.73482513 0.02906894
v -3.68812203 26.53483582 3.15713978
v -3.57906079 27.36408997 3.42392111
v -4.17023468 27.69311714 2.91911149
v -4.59910679 27.21342659 2.38923526
v -4.93076658 26.72467995 2.10844612
v -4.73086500 28.02540970 2.36216760
v -5.43968391 28.49862099 1.54254973
v -5.56085730 26.89877701 1.35828841
v -5.31519270 26.58428383 1.71222389
v -3.47352791 25.51284027 3.21917462
v -5.66191387 26.16952515 1.35318029
v -5.98746490 26.96491814 0.82109231
v -8.05257130 27.32233047 -2.84412193
v -7.80398369 27.80378532 -3.62764072
v -8.20270729 26.44157219 -4.13410902
v -8.17542934 26.65105820 -3.38432002
v -8.25905514 26.78671265 -5.11160517
v -8.38891697 25.56918907 -4.27187061
v -7.25354338 24.45287895 -0.79097009
v -6.88818073 25.09660721 -0.30690905
v -6.60423183 25.98257828 0.05613676
v -8.08548355 24.68216515 -2.56722999
v -7.70727158 24.41243362 -1.57867527
v -7.76656818 25.11925125 -1.48862469
v -8.37048626 25.02404022 -3.50491381
v -6.66695166 29.02159882 -0.98887056
v -7.07849789 28.51178741 -1.45671213
v -6.31080389 29.51677132 -0.22033416
v -6.57200336 29.94564438 -1.04163706
v -7.09829855 29.13729668 -2.12224340
v -7.32590008 28.41499519 -2.05504775
v -6.21532917 28.17054176 0.23455265
v -5.97861767 29.07673645 0.56905615
v -7.46924353 28.41478539 -2.96650648
v -7.61416674 27.96863937 -2.66412640
v -6.29763889 26.98145485 0.29553425
v -0.56290793 30.87585640 6.41340113
v -1.62901926 31.32136345 6.12248802
v -1.47819781 30.08961868 5.65696335
v 0.21106580 29.44978714 6.09099674
v 0.48924822 30.35771751 6.55265045
v -0.34566763 26.92584419 5.01765728
v -0.49369806 27.49732208 5.40566492
v 0.35743740 27.55327606 5.38762808
v -1.98069024 27.67457962 4.57741022
v -1.55624163 27.24739265 4.67841434
v -2.26419139 28.49361801 4.66958046
v -1.44470537 29.49876213 5.51298809
v -1.94719779 30.10583878 5.42346430
v 0.66837502 29.14898682 6.04360151
v -3.19799161 31.95702362 5.10283661
v -4.20609665 32.19248581 3.98549914
v -2.41035247 30.69823647 5.33509207
v -2.93733239 30.83361626 5.04114437
v -4.04016161 28.25869751 3.23739529
v -3.52387190 28.02530289 3.67932749
v -3.04170656 28.07543755 4.08639812
v -4.76762247 29.12570953 2.47791672
v -4.49683905 28.60383797 2.79630589
v -4.27513552 29.09248161 3.46978903
v -4.37972069 30.77142334 3.48363876
v -4.86314964 29.85474968 2.50203538
v -4.99164295 32.18827057 2.92690539
v -4.58272934 32.81833267 3.49525046
v -5.07463694 32.60977173 2.79493666
v -4.84024191 33.69753647 3.04734135
v -4.99625063 34.31106567 2.56923103
v -5.39966106 33.80064774 1.56909096
v -6.37378693 31.12946701 -0.90629798
v -6.33945179 30.56841469 -0.46773612
v -6.24318695 31.00192070 0.16388142
v -6.13891792 30.13248634 0.17156994
v -5.83443165 29.80482864 0.85384750
v -5.22788048 30.27942467 1.99381602
v -5.33562517 30.69406319 2.05294132
v -5.17935324 31.43082047 2.56607127
v -14.18258953 13.83923912 -19.45870781
v -1.45639610 -42.79506302 -10.12052059
v -1.23753643 -43.37296677 -10.27903080
v -0.94547784 -43.20466232 -9.88944340
v -1.11041248 -42.80191040 -9.77906609
v -0.86185199 -43.76971817 -10.33327198
v -0.66658455 -43.48134232 -9.93009758
v -0.47855800 -43.32014847 -9.57147598
v -0.82920212 -42.81792068 -9.45351505
v 0.27299529 -43.89989471 -10.09682274
v 0.87828225 -43.73159027 -9.97844124
v 0.57295305 -43.46680832 -9.67216396
v 0.14523938 -43.59635544 -9.75631618
v 1.33074665 -43.43437195 -9.84889412
v 0.89797753 -43.24563217 -9.58369350
v 0.59736145 -43.09754944 -9.31193542
v 0.03833730 -43.37170410 -9.44108677
v -4.15506792 -42.32843399 -10.78178596
v -4.57677841 -42.52428055 -10.80722141
v -4.28619432 -42.86183929 -10.81627941
v -4.85211706 -42.63405228 -10.82548237
v -4.27071190 -43.34863663 -10.87167931
v -3.74346876 -43.17317200 -10.90885735
v 0.88078368 -46.19247055 -11.02139473
v 1.71683168 -46.29643250 -11.02502155
v 2.23362660 -47.31314087 -11.62546349
v 1.35828841 -47.41481400 -11.66075325
v 1.50821471 -47.62988281 -11.97735214
v -0.04432914 -46.48936844 -11.41155243
v 0.55619037 -47.53331757 -12.04631329
v 0.54406184 -47.12055206 -11.54013252
v -6.02692127 -42.25466919 -11.18777752
v -6.01358461 -42.80844116 -11.19954681
v -5.63247585 -42.45329285 -11.02408028
v -5.74215603 -43.10293198 -11.07401562
v -4.06543875 -43.70915604 -11.03197956
v -3.65900040 -43.76118469 -11.10538864
v -6.55041218 -44.66263962 -14.19701862
v -7.10461807 -43.41604614 -13.86630630
v -5.93606758 -45.72702408 -14.48486423
v -6.07498741 -45.92534637 -14.14835930
v -6.77980423 -44.90498352 -13.83281422
v -8.82895374 -38.35530853 -11.49107933
v -9.06140041 -36.91744995 -11.66580868
v -9.06239986 -37.87198639 -12.02748489
v -9.17978191 -36.96516037 -12.36778164
v -5.44126368 -46.42657471 -14.71067524
v -5.38375759 -46.68135071 -14.50824547
v -8.94122791 -36.96874237 -12.68290615
v -0.40317360 -41.00079346 -9.31712246
v -0.97201908 -41.18089676 -9.50901985
v -0.73683447 -41.62914658 -9.32660103
v -0.33513540 -41.49064636 -9.18378448
v -1.37793100 -41.54815292 -9.73251343
v -1.02689195 -41.90235138 -9.49722385
v -0.72977793 -42.06444550 -9.22665119
v -0.28015718 -41.91772842 -9.02959251
v -7.59478760 -42.06949997 -13.53317261
v -6.06392860 -46.01150131 -13.70537376
v -6.78391171 -45.03390121 -13.29240513
v -5.69224644 -45.94261932 -13.15590763
v -6.55746889 -44.95785522 -12.70849895
v -8.74279976 -39.72523499 -12.11374378
v -8.57112503 -39.66162109 -11.47665024
v -5.01228619 -46.80573654 -13.97815895
v -5.49276590 -46.62152863 -14.11886883
v -1.70074368 -37.04025650 -7.16307163
v -1.21615601 -36.89743805 -7.23195267
v -2.14193869 -37.09744644 -7.25859880
v -2.03082371 -37.55001450 -7.32052851
v -1.57783270 -37.46228409 -7.21404791
v -1.47461689 -37.87272263 -7.34117174
v -1.90022409 -37.98204803 -7.44733667
v -2.45042753 -37.60625839 -7.50157738
v -2.30518818 -38.01069641 -7.61511469
v -2.12034750 -38.32866287 -7.88379192
v -2.57386518 -36.69290543 -7.53622866
v -2.53721309 -37.17412186 -7.43701506
v -2.81652761 -36.79675293 -7.76509380
v -2.84959888 -37.15948105 -7.76688433
v -3.09015489 -36.93103790 -8.30750370
v -2.96060848 -36.46814728 -8.15099430
v -2.62642097 -36.13964462 -7.92012787
v -1.94445944 -38.53930664 -8.40819168
v -0.69660139 -36.55061340 -7.52306318
v -3.16756678 -30.72471237 -6.15271521
v -2.60767365 -30.90681458 -6.12333059
v -3.41465282 -31.27301979 -5.62041664
v -2.96619058 -31.27133560 -5.69235182
v -2.61494088 -32.94237900 -6.71745348
v -2.15668368 -32.63441467 -6.53556156
v -2.64348316 -32.72278214 -6.07983255
v -3.05697846 -32.91236115 -6.06972122
v -4.68810415 -32.52224731 -7.18961287
v -4.59584188 -32.66938400 -6.43245125
v -7.60458279 -32.73310471 -8.33225441
v -7.71001005 -33.13616943 -8.60914612
v -8.50403500 -32.93995667 -7.90064335
v -8.40418911 -33.18135452 -8.17827320
v -9.58737946 -32.71646118 -9.92030334
v -9.25140095 -33.13048553 -9.85731983
v -9.62971878 -33.16070938 -9.20200539
v -9.90218735 -32.92089081 -9.06540203
v -9.58242893 -31.03225327 -8.96650505
v -9.93167782 -31.68609428 -8.42198849
v -8.90162659 -33.39747620 -9.59043407
v -8.49118519 -33.49711227 -9.24761009
v -9.18420601 -33.40821838 -8.53215599
v -9.50027752 -33.32912064 -8.85623264
v -10.82891846 -33.59832382 -14.06504917
v -10.24827671 -33.99949646 -14.28949165
v -10.05237675 -34.06237411 -13.42964077
v -11.23588276 -33.51459122 -13.30235863
v -9.89755344 -33.81002426 -12.69185829
v -10.61627197 -33.33407211 -12.84615517
v -11.25189209 -32.92057800 -15.03938580
v -10.73539162 -33.28646469 -15.67121410
v -10.47440338 -33.75399017 -15.08425331
v -11.51330185 -33.29931641 -14.38070011
v -11.02945137 -29.55890083 -11.47896671
v -11.51530361 -29.12128639 -11.95649815
v -11.94586086 -28.96541023 -12.69143677
v -12.16493034 -29.01301575 -13.60015678
v -12.80265713 -30.22116661 -13.38666916
v -12.19947624 -29.34393883 -14.39786816
v -11.84838486 -30.42185783 -15.35171890
v -11.53626251 -31.31019974 -15.47468281
v -11.08901119 -32.43978119 -15.97854424
v -12.17612171 -32.35225677 -14.69529819
v -10.00782585 -32.86896896 -12.17619991
v -10.65029144 -32.65358353 -12.36672783
v -10.83407879 -32.90657043 -18.93578339
v -10.28671932 -33.27877808 -18.94252396
v -10.51937580 -33.35440063 -18.03854179
v -11.48228455 -32.84027100 -18.36577797
v -10.74645042 -33.12089920 -17.23682976
v -9.83330631 -32.49370575 -20.35342026
v -10.02246571 -32.98366547 -19.75539970
v -10.64155006 -32.65031815 -19.55655098
v -9.17662239 -32.89740372 -21.14007187
v -9.64035606 -33.45993042 -20.12729263
v -12.21137810 -29.25430870 -15.99497414
v -12.17788506 -28.96551514 -16.67230225
v -12.34713840 -28.39635468 -16.32263184
v -12.06782341 -28.44469643 -17.38944054
v -11.96892643 -28.90327072 -17.55637741
v -11.54911137 -28.93412971 -18.58484840
v -11.61409569 -28.39846039 -18.55104065
v -11.06610394 -29.16331100 -19.46249962
v -10.04385948 -30.39891052 -20.70110130
v -11.49513435 -30.46161842 -19.83423424
v -9.80265808 -31.70621109 -20.69640160
v -11.55806446 -31.21709442 -16.27797508
v -11.94322777 -30.14986420 -15.99507999
v -12.44224453 -30.66304588 -16.92723465
v -11.15299416 -32.26757812 -16.64491844
v -14.74785328 -26.30223083 -11.79651356
v -14.55090141 -26.67212296 -11.69772148
v -15.37241459 -26.77586555 -11.11233997
v -15.68364239 -26.58870888 -11.06178570
v -15.89175892 -26.19343376 -11.00438499
v -11.71067619 -32.67433167 -12.36377907
v -11.67613029 -33.19314957 -12.75831604
v -12.73240757 -32.76848984 -12.36051464
v -12.51628590 -33.10015106 -12.61592102
v -12.15618896 -32.87960434 -14.45126629
v -12.89407635 -32.87139130 -14.02608013
v -13.64818382 -32.30107117 -12.87532902
v -13.41573811 -32.32392502 -12.44340324
v -13.52485180 -31.76118851 -12.33049774
v -13.76867294 -31.72537994 -12.74230766
v -12.39332199 -33.31943130 -13.48035336
v -12.77737999 -33.21768951 -12.87427616
v -11.78956223 -32.74026489 -19.08597183
v -12.98454857 -33.07876968 -13.69621086
v -13.49630928 -32.73552704 -13.48061657
v -13.43638134 -32.83221054 -13.03773594
v -13.71643257 -32.23619080 -13.35243893
v -13.42437458 -31.12967682 -17.89688301
v -12.80939770 -30.98622704 -19.79005051
v -12.54008865 -17.61009216 -0.53293061
v -11.89962387 -17.62862778 -0.01548237
v -12.73251247 -18.59095764 -0.23328879
v -12.21443272 -18.64014244 0.20169212
v -6.26941252 -21.21822166 -0.00737256
v -6.09331369 -21.59643364 0.72324789
v -4.25185919 -22.23995209 -0.19316101
v -4.53043652 -22.24090004 0.73778236
v -4.27829504 -19.02699089 2.58755708
v -3.73967719 -19.36549759 2.46253967
v -4.55297565 -19.94540215 2.69804025
v -4.10999012 -19.99690437 2.59629893
v -4.30409908 -10.97910786 7.46745300
v -3.65563011 -10.93708420 7.36592245
v -4.93445301 -10.91486073 7.34780693
v -5.00206995 -11.66907406 7.13926888
v -4.34738684 -11.70309258 7.27513456
v -4.41837358 -12.41159534 6.94221115
v -5.04346132 -12.40790939 6.80350161
v -5.64148092 -11.60071945 6.90282059
v -5.64495659 -12.31227684 6.59011889
v -5.60114288 -12.90060711 6.05739880
v -5.43199539 -10.12989426 7.05711746
v -5.55848742 -10.87683964 7.10746145
v -5.87424326 -10.18455696 6.74157190
v -6.07593536 -10.74034214 6.67121696
v -2.93596315 -10.60890007 7.00119162
v -6.42370939 -10.32273960 6.00062990
v -6.00242043 -9.63140392 6.30048227
v -5.59703493 -13.32789898 5.19491482
v -5.34057570 -9.28973866 6.64562368
v -3.57684898 -0.70186746 9.54904175
v -4.28882742 -0.61213291 9.40948963
v -4.33401060 -1.42922294 9.38726711
v -3.58337903 -1.48483312 9.53903675
v -3.64099026 -2.27780437 9.39874744
v -2.94933915 -2.28349185 9.29247665
v -4.35992002 -2.26242733 9.24897861
v -5.07484722 -1.36434448 9.12775326
v -5.06758022 -2.16447759 9.00126076
v -4.99975252 -2.86139488 8.64590359
v -4.86662531 0.10627015 8.94270229
v -4.99459171 -0.58453852 9.15861225
v -5.34194469 0.00263306 8.65201283
v -5.55385303 -0.53103477 8.70372581
v -5.90078449 -0.29606086 7.97257853
v -5.48191786 0.39148280 8.11149883
v -4.97626591 -3.39453626 7.93719006
v -4.79711246 0.73925692 8.35584641
v -2.28738856 -2.41114235 8.81589413
v -3.13976169 9.67827225 9.03780746
v -2.50287795 9.54577732 8.88972473
v -3.79876304 9.77822304 8.89372730
v -3.90197873 8.89583302 9.12269783
v -3.18325973 8.82916451 9.27330875
v -3.25551081 7.94961834 9.37905216
v -3.97128081 7.97721291 9.23834133
v -4.60637426 8.94649315 8.86086655
v -4.66703987 8.06273460 8.97250843
v -4.63976097 7.24669743 8.79830456
v -4.24638271 10.45102215 8.20186520
v -4.45018101 9.79065132 8.65506649
v -4.67198992 10.29303837 7.94709063
v -5.06184006 9.78612232 7.75772095
v -4.60616350 6.53966951 8.19470310
v -1.87684250 9.50722885 8.29223156
v -4.72191238 10.54296780 7.24943590
v -4.08186913 10.89853573 7.36423731
v -3.42739677 16.44449043 5.60777807
v -3.11869717 16.25322533 5.85507488
v -3.05360818 16.85988045 5.91057968
v -3.44108868 16.91370010 5.57154703
v -2.56638741 16.74381638 6.11216640
v -2.46253967 17.40534401 6.01010895
v -2.94344091 17.50203133 5.81010199
v -2.79641104 18.10110283 5.67234039
v -2.36027169 18.04085922 5.85381079
v -2.64053416 18.57895088 5.40703392
v -1.96310151 17.32066536 6.12964964
v -1.91096699 17.93890762 5.96850681
v -2.05494237 16.68925858 6.22559834
v -1.56466734 16.58720207 6.16482735
v -3.60244226 16.20593452 5.26358509
v -3.71102953 16.83818436 5.05009651
v -1.10367191 16.37129021 5.87750816
v -2.53110433 18.93030548 4.89105988
v -3.19473982 15.74009514 5.53658009
v -1.63336384 24.01157761 4.93913984
v -1.94651318 24.07929993 4.80685520
v -1.97005272 23.43967819 4.70263863
v -1.30855000 23.94880676 5.02508259
v -1.00561690 23.60724640 4.99522400
v -1.80596066 24.83109093 4.71232843
v -1.99417150 24.80275917 4.56972170
v -2.10834074 24.58790207 4.58920670
v -2.02924395 24.94378471 4.32231998
v -1.74761212 25.07027626 4.45186615
v -1.97300172 23.14298439 4.42406130
v -0.69628543 23.48307037 4.80964613
v -2.23988843 24.67742538 4.24522400
v -0.94464844 28.76873398 5.98418665
v -0.49893785 28.58864594 6.07280207
v -0.29111069 29.14635277 6.19068432
v -0.60476035 27.81602859 5.76744652
v -1.20330679 28.29039955 5.75691414
v -0.25224680 29.46937752 6.14049816
v -0.04065439 29.21491814 6.10963869
v 0.04181293 28.85429573 6.01779747
v -4.95699167 -27.77421570 -2.82832384
v -5.51920223 -27.72966385 -3.08151841
v -5.43473339 -28.16854095 -3.39063931
v -4.89895916 -28.23405266 -3.16177392
v -5.92500877 -27.51996803 -3.65910578
v -5.80483580 -27.95874023 -3.93210101
v -5.60535574 -28.17854691 -4.23574495
v -5.27085209 -28.38371468 -3.96243382
v -4.73455143 -28.47702980 -3.76916742
v -4.98553419 -27.23686028 -2.54321647
v -5.53584290 -27.20895004 -2.80083466
v -4.77436304 -26.10880852 -2.81163025
v -5.46127462 -26.55900764 -2.83506441
v -5.80199242 -26.54394531 -3.22391415
v -5.92342901 -27.00378227 -3.35314465
v -11.77660751 -21.05939484 -2.81052423
v -12.27288628 -20.62462425 -2.90552497
v -12.19684315 -21.01147270 -1.82133770
v -12.46035957 -20.72984123 -2.09422755
v -9.98412800 -20.51772308 -1.06217492
v -10.83197212 -20.70930481 -0.57790321
v -12.69954681 -19.99648285 -2.65001321
v -12.75789547 -20.36753273 -1.74203002
v -11.75754452 -9.04918289 3.93789363
v -11.90583801 -9.78275204 3.91703987
v -12.58843136 -9.64614868 3.54904389
v -12.63045502 -10.43090534 3.33829403
v -11.92690277 -10.54149342 3.72809172
v -11.93975163 -11.27969742 3.40970254
v -10.81417274 -11.40192413 3.52044892
v -12.60875893 -11.20133781 3.03349161
v -11.82389736 -11.91457939 2.96734905
v -11.28464699 -11.83916950 3.20621991
v -13.25722790 -10.29524994 2.85138941
v -13.19877434 -11.04661942 2.58439732
v -13.62174797 -10.88400173 2.00291324
v -13.20382977 -9.54293346 3.06045413
v -10.78036404 -12.16377258 2.92995977
v -13.84682178 -10.83428955 1.20878351
v -11.43125629 -12.44414043 2.43220687
v -11.34510231 -8.33467674 3.82877994
v -10.80374622 0.72746080 5.94438791
v -11.38775826 0.94684702 5.75533438
v -11.54342461 0.24655940 5.88572359
v -10.74676704 0.16040578 6.07740974
v -12.28268147 0.37431529 5.49603128
v -12.36104107 -0.43171591 5.45042658
v -11.58165646 -0.52829641 5.86602831
v -11.64484978 -1.31178868 5.72289515
v -12.39916706 -1.25080705 5.31887913
v -11.57976055 -2.03998661 5.44179010
v -13.06859589 -0.33018526 4.92960787
v -13.07691574 -1.11683714 4.81754494
v -12.95674324 0.44087896 4.99480247
v -13.60826683 0.67774868 3.98023295
v -11.21197510 -2.69740820 5.05072880
v -10.94951248 1.57330382 5.50182390
v -10.24964523 1.05237997 5.83748579
v -10.21720600 10.62480354 5.27569675
v -10.76119614 10.76014233 4.97594976
v -10.99069309 10.01572514 5.11539650
v -10.38814449 9.90903378 5.43747187
v -10.56150436 9.16535282 5.50171852
v -9.52492237 8.80946922 5.64916945
v -11.17111015 9.24097443 5.18691015
v -11.54858494 10.11662388 4.69947910
v -11.70951748 9.36220074 4.77183533
v -11.79156303 8.58945084 4.68799877
v -10.96109772 11.46148396 4.33327341
v -11.28254128 10.82912827 4.59068108
v -11.34020424 11.59871864 3.72540617
v -11.79725170 10.99322033 3.70887041
v -11.87076569 7.78457832 4.31505251
v -10.66914463 12.07856655 3.80466104
v -8.17237473 18.18304443 2.45274472
v -7.75608873 19.11756897 2.33167672
v -7.39743996 18.99815941 2.66876054
v -7.54165268 19.93049812 1.76620150
v -7.15180206 20.09559059 2.01302433
v -6.83746815 19.25701523 2.84417486
v -7.16928577 18.48932076 3.02769876
v -7.79721689 19.88842201 1.28156114
v -7.35275698 20.24967766 1.38920057
v -6.90998220 20.41619110 1.68304956
v -8.39976597 17.60808945 2.31277132
v -4.98811436 24.97056389 2.78340387
v -5.09401608 24.29310417 2.64348316
v -5.23891306 25.30037880 2.57341766
v -5.57283735 25.21193695 2.24712920
v -5.76470804 25.42510796 1.90317309
v -5.84864998 25.02003860 1.85651529
v -5.23746490 26.05472374 2.36616969
v -5.51330376 25.95161247 1.98306000
v -4.99343348 23.94733047 2.50793338
v -5.36448383 26.21934319 1.94340622
v -5.06736946 26.33782959 2.24768209
v -5.93985891 25.02203941 1.45871317
v -3.88491654 29.75103569 4.46863842
v -4.20478010 29.52540970 4.03837109
v -3.20169115 30.56314850 4.93708611
v -13.85967159 -26.39670563 -9.55725670
v -15.04454613 -26.66316986 -9.37157440
v -15.36725426 -24.35482216 -10.31673622
v -15.40032482 -24.59253502 -10.89316463
v -16.00076675 -25.20329857 -10.64291859
v -16.12862778 -25.20551109 -10.17023277
v -14.42967510 -26.91910362 -11.35668755
v -15.49279785 -26.95828438 -10.74171162
v -16.80785179 -20.00975418 -7.20720196
v -17.78871727 -19.91854477 -6.22243881
v -16.46102524 -17.87897873 -4.32411051
v -16.75813866 -17.27590370 -4.29367208
v -17.54352760 -17.89783096 -4.26597261
v -17.56848907 -18.41001320 -4.28103352
v -17.85359573 -16.76740837 -5.50192928
v -17.58428764 -16.75181961 -4.95973015
v -18.47742081 -17.82610703 -5.17269182
v -18.30111122 -17.83484840 -4.74697924
v -19.75992966 -8.67244530 -1.40594673
v -20.14972687 -8.60756683 -1.85272372
v -20.16815758 -9.32881355 -1.97363365
v -19.76530075 -9.36536026 -1.50073683
v -19.66598129 -10.04321384 -1.73423624
v -18.96411324 -10.02215004 -1.49494410
v -20.04608917 -10.03341866 -2.18691134
v -20.40176201 -9.27499390 -2.50140357
v -20.26210594 -9.94916153 -2.67034030
v -19.81195831 -10.52695942 -3.05139637
v -20.03250313 -7.87062645 -2.47854853
v -20.37553787 -8.58302593 -2.37680721
v -20.04061317 -7.93729544 -2.98451662
v -20.25136185 -8.47359657 -3.05550385
v -18.96148109 -10.96288776 -3.81614113
v -19.56139755 -7.39393806 -3.60433817
v -19.33674431 -7.04648018 -2.99262643
v -17.78418922 -10.10461712 -1.59068203
v -19.69620895 -8.07463551 -3.99339843
v -18.35808945 1.74761212 0.72098345
v -17.88666725 2.53036714 0.45899439
v -18.79128075 2.29244423 0.54841298
v -20.06504822 0.28942555 -2.92953849
v -19.88736916 -0.54262024 -2.72626662
v -20.41450691 -0.18420862 -1.93529642
v -20.62641525 0.43297979 -1.84808958
v -19.62911797 -1.04848301 -2.15689445
v -20.38196182 -0.38347831 -1.39362407
v -19.30030251 3.25235105 -1.62743950
v -18.83267212 3.29616523 -0.80898023
v -20.09538078 2.67265749 -1.02383757
v -19.74707985 2.68234706 -0.35567325
v -18.32143784 12.13986397 -0.75052637
v -18.53808594 11.29360008 -0.79086477
v -18.53608513 11.38249207 -0.10658612
v -18.29173660 12.22991467 -0.05708466
v -18.24676514 11.32066727 0.43161058
v -17.96639633 12.19136715 0.46868402
v -17.27895737 10.39225197 0.96622634
v -16.67372513 10.75719357 1.10030162
v -17.80830765 11.25747395 0.91914731
v -17.78113556 10.36423588 0.68796498
v -17.52941513 12.09246922 0.94389802
v -17.89182854 13.00234795 -0.06487851
v -17.92173958 12.92261887 -0.69217783
v -17.56227493 12.98159981 0.41033548
v -17.16120720 12.85057831 0.84310466
v -18.20073891 10.85398483 -1.76183069
v -16.63480759 9.65257359 0.78243899
v -17.22166252 9.31722736 0.25951403
v -17.48507309 12.87301254 -1.60258341
v -12.41865253 20.68581772 -1.89243019
v -12.03506851 21.22243309 -2.00733685
v -12.17051315 20.60408783 -1.50631881
v -11.77924061 21.16608620 -1.59573746
v -11.85517788 20.53109932 -1.16423213
v -12.07372189 19.89853287 -1.19582891
v -11.49297523 21.07477188 -1.24038017
v -11.40039635 21.64256477 -1.73402560
v -11.62673378 21.67215919 -2.13309169
v -11.70203972 21.60275269 -2.62789559
v -10.57688236 21.60970306 -1.38993776
v -10.74150085 21.83530426 -1.61374760
v -11.16542244 21.53260803 -1.38656747
v -10.80722141 21.33333778 -1.18666577
v -10.07639027 21.51259613 -1.45829189
v -10.21109772 21.04759979 -1.17455375
v -11.49381733 21.46541214 -3.27151990
v -12.02316666 19.09418678 -1.29820204
v -10.10830307 21.90597534 -1.87020719
v -8.60630226 26.87181473 -1.72338808
v -8.56722832 26.95975876 -2.18796444
v -8.49539852 26.70603752 -1.29462111
v -8.34552479 27.11953163 -1.13568985
v -8.46074677 27.26845741 -1.56614184
v -8.42104053 27.35039902 -2.04451561
v -8.29128361 26.15709686 -1.09187579
v -8.29876137 26.55374146 -0.90387559
v -8.15889359 26.94817352 -0.75484461
v -8.14246368 27.53439713 -0.98044485
v -8.25178814 27.65657043 -1.38035345
v -7.95035553 27.95673943 -1.26713204
v -7.99037790 27.94989204 -1.61058784
v -8.20639420 27.72208023 -1.81891525
v -7.97837114 27.35892868 -0.64467752
v -7.93371487 27.78822327 -2.24652362
v -7.70316410 28.10081863 -1.79426992
v -7.51621723 28.18349838 -1.33959377
v -8.02839947 25.70263100 -1.32969344
v -8.34025860 26.86201859 -2.76839542
v -6.27172947 31.80718803 1.71609449
v -6.36312294 32.00506210 1.40436685
v -6.46931410 31.49261665 0.98065549
v -5.83881569 31.41801071 2.20432901
v -6.14902925 31.53790474 1.94509125
v -5.97524738 32.00248337 2.28623009
v -5.53168297 32.07673645 2.62157631
v -5.78872156 32.25504684 2.45780015
v -6.34082079 31.26880836 0.62140131
v -5.46011639 32.41587067 2.58387089
v -5.63853216 31.00392151 2.05610108
v -21.36535645 -5.39597511 -11.71025467
v -21.26329803 -6.89513206 -12.03096104
v -21.59453773 -3.30385375 -12.70007324
v -21.40274429 -6.63730288 -13.10119247
v -21.05981636 -8.72005081 -12.63340378
v -21.03201103 -8.71246719 -12.03675365
v -20.75090599 -10.40078354 -12.02042866
v -21.17324829 -9.83741474 -11.37448692
v -20.71478081 -10.81259346 -12.68848801
v -20.40102577 -11.78808784 -11.68508244
v -20.93111229 -10.72296429 -11.06884193
v -19.63280487 -8.42040920 -7.39067316
v -19.85903740 -6.77380085 -7.27639866
v -20.11623383 -5.39249945 -7.48925495
v -19.31989288 -11.32456493 -8.23830700
v -19.43469429 -10.02141190 -7.71211672
v -20.16984367 -9.57000160 -8.04166985
v -19.86535645 -12.07761860 -10.02341366
v -19.35206795 -12.45172310 -9.03722858
v -19.46444702 -13.52358818 -10.14363956
v -19.92760277 -12.99221039 -11.06418133
v -20.72173119 -11.11160278 -10.52085018
v -20.51361465 -4.85303879 -8.40766525
v -20.48739052 -3.37610483 -8.05167580
v -20.97977066 -3.33755684 -9.51365376
v -20.92542458 -4.72917986 -9.58695793
v -21.19315338 -4.85061646 -10.72886181
v -21.38599968 -6.19263268 -10.33600998
v -21.30942917 -3.33028960 -10.87157345
v -20.06420517 1.64776659 -6.22401857
v -20.00059128 3.35704136 -6.16251040
v -20.72636604 2.96713853 -6.72524691
v -20.04577446 4.76625299 -6.46573305
v -20.29675674 -1.41879606 -7.07291603
v -20.16510391 -0.02801572 -6.51049519
v -21.11921883 -2.01649976 -9.41254425
v -20.72120476 -1.94203699 -8.17079544
v -21.36072159 -0.76495552 -8.28812408
v -21.57031250 -1.30999815 -11.46948814
v -21.40516853 -1.86199212 -10.56740284
v -20.74374390 5.52710104 -8.80989075
v -21.07940674 5.54953480 -10.00550842
v -21.54134941 4.57698917 -9.66752911
v -21.38041687 5.20397234 -11.06905270
v -21.76768684 4.19319487 -10.45449734
v -20.34541512 5.32983255 -7.52917194
v -21.66036415 2.03630042 -11.79946232
v -21.67226601 0.24803391 -11.84211826
v -21.71202278 2.09780860 -12.76058102
v -21.67732048 -0.21569997 -12.57779408
v -21.56399345 4.02109814 -11.92174149
v -22.41884041 3.11753869 -10.58683491
v -22.76456261 -9.88344002 -9.98992062
v -22.89579391 -9.99940014 -9.62097740
v -23.41166306 -9.50259495 -9.45804405
v -23.06620598 -9.46836472 -9.99318600
v -23.36352921 -9.51691914 -9.00231457
v -23.50392532 -8.93438148 -8.92437553
v -23.55321503 -8.93669891 -9.41486168
v -23.53225708 -8.36764240 -9.37884140
v -23.48580933 -8.34183884 -8.89562321
v -23.13139915 -7.78942299 -9.46625900
v -23.28948784 -8.91594982 -8.46769810
v -23.27653313 -8.34636688 -8.45326900
v -23.15994263 -9.47510624 -8.57512760
v -22.57561493 -9.41486168 -8.27232552
v -22.25890923 -7.10261679 -9.86311340
v -21.82382393 -10.46755695 -10.01351357
v -21.94441795 -10.17244434 -10.42342758
v -21.40432549 -9.39811516 -8.15689278
v -22.13852692 -9.56210232 -10.65123940
v -23.89224815 2.89794183 -7.61701059
v -23.24556923 2.81305194 -7.18360949
v -24.14007187 2.95755410 -8.21892738
v -24.29057693 2.23620200 -8.27243137
v -24.03074646 2.19744349 -7.63038635
v -24.03833008 1.46998262 -7.75729990
v -24.29005051 1.48040962 -8.37206554
v -23.62472916 0.77590901 -7.96804953
v -24.36503983 2.25842500 -8.94333363
v -24.35113716 1.53728354 -9.00431538
v -23.68792343 3.51312900 -8.88814449
v -24.22264290 2.94997096 -8.85633755
v -23.57059288 3.37968588 -9.38737202
v -23.86770821 2.91068578 -9.51386452
v -22.77583122 3.68311906 -9.85373974
v -22.62774849 3.99508357 -9.23139000
v -22.51821327 0.06930204 -8.17079544
v -22.01150894 2.81284142 -6.95653486
v -5.50171852 -35.44093704 -9.26456642
v -6.32396936 -35.07683945 -9.61813354
v -7.20541143 -35.03702545 -10.16791534
v -7.99838257 -35.23208237 -10.73928833
v -8.16974163 -35.69455338 -10.03173351
v -8.62041569 -35.81893921 -11.16700268
v -8.61620331 -36.28425217 -10.35496807
v -6.31628084 -39.13224792 -8.53078651
v -4.37898350 -39.49110413 -9.83604527
v -4.25217533 -38.51992798 -9.54956818
v -5.17532492 -38.42787552 -8.99715328
v -4.49041414 -37.41025162 -9.32523251
v -5.32530355 -37.52695084 -8.79103756
v -4.90938616 -36.32016754 -9.20010948
v -5.70941401 -36.65119553 -8.71088791
v -6.20147943 -40.35063934 -10.58941555
v -5.18406677 -40.06300354 -10.23047733
v -5.96977043 -39.77336884 -9.66279030
v -6.19336987 -40.80178833 -10.85501194
v -8.81062794 -38.31097031 -10.44175339
v -8.66054344 -38.29980469 -11.07600403
v -8.39481544 -39.40484619 -11.04977894
v -8.89857197 -39.11505127 -9.87180233
v -7.88747835 -40.18549347 -11.00996685
v -7.13337088 -40.43047333 -10.85809231
v -8.78198051 -36.99149323 -11.18564415
v -9.15071392 -37.37639236 -9.86764240
v 1.73155057 -42.37519455 -9.44103336
v 1.69674146 -41.34962082 -9.18989277
v 1.20414937 -41.74795151 -9.24992657
v 1.16865575 -40.53432083 -9.03559589
v 0.79391915 -41.19184875 -9.14744854
v -2.37286425 -41.84915924 -10.21215725
v 0.35525197 -40.31419754 -9.09531403
v 0.22749607 -40.96772385 -9.17714882
v -1.94586813 -43.49427414 -10.62157822
v -1.81996858 -45.28857040 -11.33920479
v -0.45973161 -44.81872559 -10.73713017
v -0.33734718 -43.93106842 -10.24385262
v 0.52729583 -44.83039093 -10.54004574
v 1.87861991 -44.64744568 -10.38012695
v -1.52569818 -42.13206100 -9.93831348
v -7.05996132 -42.01293945 -11.41177177
v -7.04511070 -42.85983658 -11.64642906
v -6.42887020 -43.07174683 -11.48518085
v -6.71071243 -43.80120850 -11.90783882
v -6.08725786 -43.69141006 -11.55522060
v -3.08530998 -44.63399124 -11.40345097
v -3.04718351 -43.92064285 -11.07084370
v -4.40743351 -45.41462708 -12.32918072
v -2.98578048 -45.71343994 -12.01969147
v -4.41305494 -41.33103180 -10.62554073
v -6.16235209 -41.45094299 -11.05778313
v -5.89904690 -44.87860107 -12.34640121
v -5.63937473 -44.41592026 -11.95275974
v -4.74950695 -46.04257202 -12.91471958
v 2.01015425 -48.66899109 -12.83557034
v 2.70364833 -48.20170212 -12.35577488
v -1.15949273 -47.25283051 -12.38410664
v 2.38973570 -46.72737503 -11.24449348
v -2.80715394 -47.47126770 -13.52611542
v -3.38705826 -46.67776871 -12.98949909
v -4.25617743 -46.80573654 -13.55170918
v -3.63003683 -47.55562973 -14.21650314
v 1.82760441 -50.23381805 -14.36248016
v 2.52552223 -49.76539612 -13.75192642
v -1.95457041 -47.36331177 -12.89470863
v -2.46580458 -46.53737640 -12.41149044
v 3.55136108 -49.93385696 -13.78994751
v -13.83312988 -31.69578362 -13.21214962
v -12.83772945 -32.54910660 -18.72208405
v -13.33190155 -32.18553162 -18.69406700
v -13.56361008 -31.68883324 -18.55588531
v -13.35675716 -31.10608482 -19.45807457
v -13.61374378 -31.14431763 -18.96021652
v -7.04827023 -37.00486755 -7.68167830
v -6.73146105 -37.71684647 -7.71338034
v -8.37712097 -37.27459717 -6.78917789
v -8.17974758 -37.92464828 -6.77696037
v -7.22521162 -39.56209183 -8.51877975
v -8.38143921 -39.27203369 -7.40046787
v -9.25424480 -36.70954514 -9.17735958
v -9.47110367 -38.36752701 -9.30006027
v -10.08702850 -38.39764786 -8.11834431
v -10.06227779 -37.64638519 -8.12382126
v -9.80434322 -37.04489136 -8.27116680
v -5.00499249 -43.55191040 -10.98345184
v -5.14425468 -43.16416550 -10.89606094
v -5.70025110 -43.67629623 -11.23619938
v -4.86343956 -43.89496994 -11.11231422
v -5.48613071 -43.99131393 -11.36121655
v -6.05444956 -43.22677994 -11.30960846
v -5.48328686 -44.17789459 -11.63184261
v -1.14569545 -42.32838058 -9.64562225
v -0.86680216 -42.43107224 -9.35019398
v -0.28932023 -43.60688782 -9.86100674
v 0.11280013 -41.47864151 -9.09320736
v 0.52102917 -41.65094757 -9.08383369
v 0.08299393 -41.89624405 -8.96734715
v 0.36915448 -41.92562866 -8.98504162
v 1.03552842 -42.94356918 -9.44098186
v 1.00456369 -42.54134369 -9.28162861
v 0.62993240 -42.63918686 -9.11058521
v 1.28249586 -46.92252350 -11.22482395
v 1.80101049 -46.89578629 -11.20986843
v -21.65383339 -6.58190346 -14.39281273
v -21.56251907 -5.33488798 -13.85777569
v -21.57199860 -4.82818270 -14.62388897
v -21.68648338 -6.09384012 -14.87929630
v -21.60485840 -3.40359402 -14.46127224
v -21.49121666 -3.46562862 -15.70491695
v -21.48784637 -4.72612524 -15.62308121
v -21.26772308 -4.95667601 -16.51990128
v -21.21253395 -3.63983178 -16.79152679
v -21.06423950 -5.54142523 -17.24135780
v -21.15460587 -8.71183586 -13.32010555
v -21.56062317 -7.54813004 -14.06304836
v -20.65611649 -11.72226143 -13.72011948
v -20.89467049 -10.40078354 -13.41868687
v -21.02316475 -8.50034809 -17.26589775
v -21.00589180 -9.98086357 -17.05135727
v -21.28678513 -9.56799984 -16.69547272
v -20.95470428 -11.30339432 -16.56034470
v -21.01400185 -6.94020987 -17.36405754
v -20.77449799 -12.09762955 -15.34313488
v -20.69055557 -12.14818478 -14.44294548
v -21.09183502 -11.14530563 -14.67096806
v -20.87139511 -11.85107040 -16.08702660
v -22.44491005 -0.87757134 -16.09060669
v -21.56620598 -2.39881968 -15.80128670
v -21.68995857 -2.20555329 -14.74321938
v -22.01171875 -1.24206531 -15.17746353
v -21.69627953 -1.55645227 -13.80711555
v -21.51228142 -0.87491196 -17.24483299
v -21.04644012 -2.00354528 -17.47517395
v -21.32828331 -2.37922978 -16.76772308
v -21.72124100 -1.33559144 -16.70684814
v -21.44434738 5.47970629 -15.79559994
v -21.06276512 5.09106684 -17.19080353
v -22.07162094 3.84813285 -16.77548981
v -20.66591072 4.42848492 -18.35134888
v -21.56473160 5.27327442 -13.40562725
v -21.55967522 5.58292198 -14.41335011
v -21.76810837 0.16925286 -13.35180759
v -21.64467049 3.89123583 -13.07386208
v -21.95547676 3.39695859 -13.85609055
v -20.59755707 2.90531445 -18.53639984
v -20.71699333 1.17760813 -18.32270241
v -20.86518097 -0.53019220 -18.04875755
v -21.37262344 0.13470717 -17.65411568
v -22.47850800 -0.55557489 -16.70137024
v -22.29208755 -0.19716325 -17.08790398
v -23.18069077 0.20337728 -16.79257965
v -22.90769577 0.30343342 -17.07831955
v -21.71386719 -10.46460819 -14.90457344
v -22.30303955 -9.94400024 -15.05676365
v -21.83351326 -9.36578178 -16.38340378
v -22.35148811 -9.25308609 -16.18318558
v -22.04089355 -7.93624258 -14.47875500
v -22.09366035 -7.24764538 -14.73216057
v -22.45933914 -7.63944435 -14.86581421
v -22.52263641 -8.13003540 -14.77418423
v -14.42388248 -24.45593262 -15.30595589
v -14.84685707 -25.18971252 -15.89976311
v -14.17985058 -24.66762924 -16.03952599
v -14.69213867 -25.29798317 -16.44891357
v -15.20453072 -25.92538834 -16.86525154
v -15.31238079 -25.83091354 -16.38266563
v -22.19487381 0.57253176 -17.40239525
v -22.99563980 0.89144754 -17.21945190
v -22.64344215 3.09068155 -14.48360062
v -23.31065750 2.90025878 -15.02263927
v -3.34040070 40.10108185 5.22217989
v -3.11809158 40.80484009 4.99682999
v -2.80536342 41.36889648 4.75150776
v -1.66322267 35.44364929 7.99135256
v -1.85577810 36.61023712 8.48695946
v -0.89497578 36.95905304 9.78538513
v -2.18401480 37.29674149 8.38894367
v -2.71878862 35.86212158 6.96053696
v -2.42056870 41.71854019 4.36078882
v -1.36420619 42.95052719 5.44673347
v -0.73177904 34.28070831 7.99079943
v -0.27720818 35.70453262 9.34295273
v -1.07430017 35.18184662 8.38142681
v -1.36972904 42.00604248 2.85236359
v -0.52942860 42.79496002 3.51007462
v -0.98697484 41.62556458 1.48114681
v 0.48797774 34.51193619 8.83562183
v 1.09019065 36.03958893 10.41194725
v 0.43311802 43.02944565 3.24153590
v 0.51850146 41.92731476 0.94231820
v 1.33907378 34.22530746 8.94958687
v 1.48096251 42.59001541 1.75541914
v -2.88421035 36.94550705 7.11854696
v -2.55104971 38.55653000 8.23649025
v -3.40105963 38.13475800 6.22124720
v -3.01383567 39.79127502 7.10876513
v -3.30585480 39.72863388 5.97501040
v -4.60532093 37.43563461 1.74229336
v -3.64013433 34.72040176 5.24026918
v -3.98065448 35.77428436 4.75356197
v 0.30206421 41.10390472 -0.36325645
v 1.11536264 41.18500137 -0.57147855
v 0.22807863 33.15962601 7.83207560
v 0.13994037 32.85981369 7.79434681
v 0.65926462 32.68549728 7.77752161
v 0.35039890 31.79554176 7.28741455
v -1.38962185 40.36759949 -0.38463688
v -0.61666179 40.52578735 -0.71376890
v 0.67690611 32.32296371 7.64746189
v -0.43531004 32.94329834 7.46270704
v -0.22742365 32.47587967 7.49873400
v -2.73653555 39.92861557 0.54851830
v -2.08511734 40.18359756 0.06203482
v -3.05014563 33.37842941 5.78890419
v -2.81749535 33.86625290 6.36108208
v -1.91129613 34.01752853 7.08412313
v -2.13867354 33.57500839 6.85996771
v -3.86053443 39.14643860 1.47640729
v -3.36320281 39.56361771 0.99397874
v -2.59136200 34.55028534 6.66463757
v -2.30197597 34.17175293 6.94505453
v -2.10844612 34.49988556 7.08481741
v -2.47497749 32.87936401 6.20566463
v -2.64748549 33.21337128 6.36536121
v -3.95916891 39.14448929 2.57828879
v -2.49455762 41.94358826 6.70244455
v -2.71252179 40.96540451 7.52811861
v -0.49040675 32.10903931 7.09636307
v -0.84958851 33.46968842 7.42945147
v 1.25860095 32.73699951 7.82986689
v -1.85820055 32.95343781 6.63572311
v -4.31347275 36.14564896 3.96169662
v 0.15478422 32.35772324 7.62494946
v -2.29486656 33.24880600 6.62323618
v -2.54982543 33.58476639 6.62058306
v -14.79219437 -23.38617516 -13.44154167
v -14.58723736 -23.63326073 -14.52562332
v -14.12529373 -24.14818001 -15.76273918
v -13.61637688 -24.51080513 -16.90590668
v -14.26942730 -25.30754089 -17.03726959
v -13.07691574 -24.88322449 -17.83727074
v -13.91699219 -25.51934433 -17.59508324
v -12.29110718 -28.06184959 -17.22387505
v -12.57000065 -27.94641685 -16.25849152
v -12.83930874 -27.55388069 -15.41896725
v -11.69234943 -27.67215729 -18.92419624
v -11.95291710 -27.97380066 -18.16924667
v -13.21886444 -27.66481209 -17.73405647
v -14.34299469 -24.27235603 -13.65492439
v -13.25627995 -26.62988853 -14.68803024
v -13.90374851 -26.69387245 -15.39268875
v -12.11553478 -26.19659233 -18.86921883
v -11.80662441 -26.98914337 -19.02383232
v -12.55799389 -25.46976471 -18.47805214
v -13.43732834 -25.85945702 -18.04496574
v -20.03292465 -16.73254585 -10.68283653
v -20.24030304 -16.58246231 -10.21962833
v -20.19217110 -16.41289330 -9.76000214
v -14.61841297 -26.35889435 -17.85212135
v -14.86328697 -27.02842903 -16.16254234
v -8.46664524 27.05728722 -7.13947964
v -8.59450626 26.40839577 -7.52306318
v -8.62136364 26.20291328 -6.65699816
v -8.48707771 26.97576714 -6.44688034
v -8.31882572 27.22248459 -5.56965113
v -8.24620533 26.76091003 -9.08404446
v -8.49624062 26.52498817 -8.42314720
v -8.37838554 27.24128532 -7.69842482
v -8.12903500 28.02488327 -5.06531572
v -6.98139095 30.96200371 -5.37596369
v -7.57561874 29.46963310 -4.32707262
v -7.74610949 29.51255989 -5.03171778
v -7.61248159 28.76677132 -3.98560476
v -8.44544888 28.17475510 -5.68974495
v -8.33120060 27.80728722 -5.52520514
v -8.41851330 27.57378769 -5.93870068
v -8.41956615 27.70607185 -7.29967451
v -8.50445557 27.54714012 -6.90913963
v -8.59492779 27.95863533 -6.68417120
v -8.52067566 28.07269859 -7.01983356
v -19.53432846 -14.98135281 -11.87729549
v -19.09134293 -16.09271431 -12.03812313
v -19.14779663 -16.36528778 -11.60830307
v -18.42633820 -17.30802727 -11.75607014
v -17.68602943 -18.40611649 -11.43410015
v -17.14003754 -18.92872620 -10.96689034
v -18.65762711 -15.13312244 -8.91868877
v -18.49637794 -14.42735767 -8.59661293
v -18.97991180 -13.95740986 -9.22222710
v -19.06322289 -14.69319153 -9.39242744
v -17.54689789 -16.97089005 -9.18757629
v -17.99430656 -15.60907364 -8.67139149
v -18.26203537 -15.97717476 -8.90120506
v -17.20017624 -18.22780609 -10.05490494
v -18.84299278 -16.33126831 -8.95934296
v -19.35449028 -15.85005093 -9.02137756
v -19.48819733 -16.52337646 -9.04612827
v -19.48977661 -15.31322384 -9.37684059
v -19.89790154 -15.87638187 -9.31491089
v -7.51548004 -32.28148270 -23.14214325
v -8.24388885 -32.38796234 -22.41499710
v -8.43984127 -31.75597572 -22.80606079
v -8.26632214 -32.94005966 -22.24353218
v -8.86981869 -32.20407104 -21.75968361
v -8.89491177 -31.51175880 -22.44698906
v -6.23681498 -30.90407562 -24.18025017
v -6.79370642 -31.93486595 -23.73921394
v -10.08534336 -28.78973198 -20.93848419
v -9.41128063 -28.84534264 -22.24026871
v -7.33548403 -27.73966980 -23.52467346
v -7.51242542 -29.02223015 -23.76680946
v -7.24964666 -29.65305901 -23.92500305
v -7.25688744 -30.36940956 -23.97542572
v -9.25387669 -31.07322502 -22.03515434
v -8.06326103 -29.88413620 -23.96839523
v -8.23514652 -29.42387772 -23.85833359
v -9.44129753 -29.38069534 -22.88641930
v -9.28089142 -30.82677078 -22.79805565
v -11.52299213 -27.43096924 -5.77029037
v -11.14951897 -27.53113174 -5.41008806
v -11.61451626 -27.20536995 -6.39000654
v -11.35868931 -27.43718338 -6.61065674
v -11.20228577 -27.65499115 -6.24919033
v -10.82502079 -27.78253555 -5.91458178
v -4.61511564 -20.69434738 2.47918057
v -4.03479004 -20.54121017 2.38260007
v -5.21829653 -20.66622734 2.35553217
v -5.20165539 -21.36314392 1.84598315
v -4.59447241 -21.36188126 1.99332893
v -4.60310888 -21.92851448 1.42385149
v -5.16837358 -21.94663048 1.27408326
v -5.78587818 -21.28352165 1.62312126
v -5.70562220 -21.84731102 1.08903205
v -5.80515194 -20.61282921 2.11034203
v -3.45657110 -20.00164413 2.07779741
v -19.28661156 2.51972961 0.22970784
v -19.74455261 1.85651529 0.40685987
v -20.22734833 1.97173786 -0.18252346
v -20.37869644 1.14580083 -0.23665909
v -19.87862778 1.06038439 0.37958139
v -19.91538429 0.23012912 0.20558904
v -20.40270996 0.28616056 -0.39443183
v -20.70435333 1.21426022 -0.93252325
v -20.70730209 0.38642734 -1.05596089
v -20.55205727 2.00670481 -0.86090410
v -18.30795670 3.04149604 -0.08794408
v 5.32193327 44.07841492 29.06694031
v 5.61767817 44.56911087 30.79464722
v 5.02766323 43.73116684 27.23075294
v 3.26046085 51.79337692 29.63041496
v 5.48665762 52.13093567 31.75160408
v -21.60496521 -17.87919044 -34.06395340
v -21.46372795 -18.24276161 -34.05173874
v -21.57705307 -18.09025574 -33.37440872
v -21.76041985 -17.70540810 -33.29036331
v -21.25792694 -18.46120071 -33.92787933
v -21.25982285 -18.39842796 -33.42654419
v -21.15239525 -18.26456451 -32.91646957
v -21.33712959 -17.98293114 -32.70277023
v -21.55972862 -17.41187477 -32.40339279
v -19.03984070 -17.85601807 -32.75564194
v -18.81034279 -17.93785477 -33.42433167
v -18.66626358 -17.53289032 -33.35018539
v -19.20045662 -18.15755653 -32.95575333
v -19.09513474 -18.28078270 -33.46161652
v -19.10619354 -18.34608269 -33.95568466
v -18.92777824 -18.10394669 -34.09081268
v -21.69364548 -17.52330589 -34.04626083
v -21.85710526 -17.35826492 -33.17176819
v -21.99212837 -17.15141296 -33.08919907
v -20.99398994 -17.24831009 -31.92285919
v -20.93500900 -17.60166550 -32.20543671
v -18.60212135 -17.17490005 -33.23401642
v -18.49058533 -16.94803619 -33.15544510
v -23.93069077 -16.54033279 -32.33319473
v -23.21260262 -16.79052544 -32.20019913
v -24.14323044 -16.78036308 -32.73015213
v -23.72383690 -17.11160088 -32.76606750
v -23.38333130 -17.31224060 -32.88518906
v -22.86477661 -17.18753815 -32.59017944
v -24.68542862 -15.72355938 -32.62167358
v -24.71723747 -16.05490303 -32.83652878
v -24.49985123 -16.37982178 -32.73794937
v -22.34601212 -16.94424438 -32.26315308
v -22.22952461 -17.20997238 -33.15407562
v -22.53516960 -17.38196373 -33.25571060
v -22.75424004 -17.42156410 -34.00486755
v -22.45723152 -17.23198509 -34.01455688
v -24.64867210 -14.90425682 -33.05791855
v -24.81086922 -15.23907661 -33.17503357
v -23.02618217 -16.93529129 -34.34137344
v -23.28264236 -17.15530968 -34.31672668
v -15.82508945 -15.29437065 -32.64905548
v -15.61444569 -15.18178177 -33.31584930
v -15.85457993 -14.74079704 -33.24444199
v -15.68153572 -15.67026615 -32.84948349
v -15.51438904 -15.68501091 -33.35545349
v -15.49142838 -15.72240067 -33.85625839
v -15.59201145 -15.37862873 -33.98907089
v -17.72057343 -17.16173363 -34.08449173
v -17.29517746 -17.35700226 -34.05416107
v -17.44462967 -17.31308174 -33.38504791
v -17.92068672 -17.14477730 -33.32438278
v -16.92697144 -17.39333725 -33.90786743
v -16.93149948 -17.33667564 -33.40727234
v -16.93760872 -17.13624573 -32.89782715
v -17.32045555 -17.03945541 -32.71172333
v -17.79198265 -16.86830711 -32.56016541
v -18.14512825 -16.70000076 -32.33593369
v -17.68518639 -16.25143433 -31.94255447
v -17.37364197 -16.44754410 -32.21312714
v -18.05634117 -16.96952057 -34.08733749
v -16.08365631 -14.41535091 -33.12416458
v -18.25877190 -16.97415543 -33.22453690
v -20.86033630 12.58832645 -34.14199829
v -21.38262939 12.54051018 -34.34927368
v -21.24802780 12.73335457 -34.40972900
v -21.11321449 12.49343109 -34.04815674
v -21.51533508 12.44772148 -34.13989258
v -22.11651421 12.51228333 -34.15484619
v -22.09703064 12.62108135 -34.37444305
v -23.28748703 13.76172161 -32.86691666
v -23.00385475 13.18682003 -33.25244904
v -22.65281487 13.31736660 -32.85195923
v -22.55928993 12.90650463 -33.27056122
v -22.05268860 12.75315571 -33.26224136
v -21.99739456 12.99539661 -32.94501114
v -21.94167900 13.24680138 -32.70898438
v -21.10800171 13.25196171 -32.62182999
v -23.60840416 13.91343784 -33.40800858
v -23.50350380 13.57772350 -33.55293274
v -21.15892410 12.94905472 -34.42373657
v -18.05549812 13.36097050 -34.38950729
v -18.68585205 13.00161076 -34.37391663
v -19.03668022 13.24221992 -34.42678833
v -17.92110825 13.25712299 -34.18454742
v -18.45214272 12.96000862 -34.17770386
v -18.82940674 12.84752464 -34.08965302
v -19.14727020 12.84341717 -34.17454147
v -17.11623573 14.91465759 -32.91046524
v -16.98584557 14.48444271 -33.65035248
v -16.94972038 14.87950611 -33.54450607
v -17.20523262 14.12287140 -33.37577820
v -17.14677811 14.06399632 -33.71923447
v -17.17963982 13.99406242 -34.04773712
v -17.10401726 14.26410866 -34.12356567
v -18.20005226 14.08727264 -32.59981918
v -17.55305862 14.61072445 -32.61050797
v -18.85863495 13.61168957 -32.70980072
v -16.99995995 15.20800686 -33.41348648
v -25.82996559 16.42763901 -34.03941345
v -25.97678566 16.15106201 -34.04489136
v -25.98479080 16.40383530 -33.55935669
v -25.85355949 16.74897575 -33.45624542
v -26.01575470 15.88817787 -33.97011185
v -26.00996208 15.97317314 -33.62834167
v -25.92012215 15.99750233 -33.27372360
v -25.86008835 16.31610298 -33.08930206
v -24.31964493 13.97131252 -34.13388824
v -24.64582825 13.98742676 -34.12872696
v -25.01835251 14.32561684 -34.32546997
v -24.74683189 14.36943054 -34.37033844
v -24.91987610 14.10770512 -34.03983688
v -25.23099899 14.37101078 -34.12651443
v -25.61626816 14.87982273 -34.12556839
v -25.46239090 14.92100334 -34.33189392
v -25.12952232 15.09826088 -34.38323975
v -25.63964844 16.64670944 -34.01139832
v -23.85433197 14.00396252 -33.44918823
v -24.13564682 13.96162319 -33.56830978
v -24.04159546 14.02429008 -34.11345673
v -25.67324638 17.00511932 -33.33049011
v -24.50069427 14.46474743 -34.37423325
v -20.17300224 -18.63161087 -34.11345673
v -20.16468239 -18.60180473 -33.47109604
v -20.77428818 -18.56926155 -33.45455933
v -20.84590721 -18.59664536 -34.07385635
v -20.16720963 -18.36356735 -32.80229950
v -20.74827385 -18.34218597 -32.80988312
v -19.56108093 -18.50364494 -33.47383499
v -19.50620842 -18.52534103 -34.09049606
v -19.59141350 -18.27920341 -32.83221054
v -20.18985367 -18.40580177 -34.41731262
v -20.94638443 -18.37588882 -34.35896301
v -20.17911148 -18.00652504 -32.40302277
v -19.53548813 -17.92363548 -32.45652771
v -20.82895088 -17.99430656 -32.42777252
v -19.43816948 -18.29373741 -34.38097382
v -15.65667915 -16.20172119 -33.37915039
v -15.63540459 -16.15327454 -34.00444794
v -15.85278988 -16.04753113 -32.73647308
v -16.17834091 -16.51094818 -32.72604752
v -16.00087166 -16.70821762 -33.39663315
v -16.03215408 -16.72759628 -34.04973602
v -16.44627953 -17.12244987 -33.40748215
v -16.53496170 -17.20101929 -34.03520203
v -16.58509445 -16.90327454 -32.76354218
v -16.28608513 -16.53443527 -34.36012268
v -16.84692574 -17.07747650 -34.33410645
v -16.94961548 -16.67188072 -32.40902710
v -16.49904633 -16.21530914 -32.35204697
v -16.11756897 -15.69891357 -32.37542725
v -15.82656384 -15.89218044 -34.29671860
v -23.40418434 -17.54594994 -33.83277130
v -23.37985420 -17.48075485 -33.36661530
v -23.83210945 -17.29380798 -33.37188339
v -23.78134346 -17.38533401 -33.94894409
v -24.27667427 -16.95414352 -33.36050797
v -24.28646851 -16.99679947 -33.95968628
v -24.64456367 -16.52811623 -33.34312820
v -24.70775795 -16.51210594 -33.91724014
v -24.86205482 -16.08397102 -33.31395340
v -24.90070915 -16.13600159 -33.77989960
v -23.10190964 -17.55311203 -33.97021866
v -23.56364250 -17.32940674 -34.23594666
v -24.14870644 -16.87125587 -34.25816727
v -24.91734886 -15.84394264 -33.90523529
v -24.90534210 -15.64414597 -33.26045227
v -22.93760681 -17.49771309 -33.33028030
v -24.64572334 -16.31030846 -34.19834518
v -24.90207672 14.17532158 -33.70006561
v -25.28650284 14.49760818 -33.70796585
v -24.89839172 14.34099388 -33.34017944
v -25.19002914 14.64684963 -33.25413132
v -25.53190422 15.10795021 -33.22032547
v -25.63617325 14.95712948 -33.69258881
v -25.89189529 15.47963238 -33.66836548
v -25.90295410 15.46193886 -34.08270264
v -25.79004860 15.61897373 -33.21379471
v -24.50596046 14.00438404 -33.65593719
v -25.80205536 15.59917355 -34.27544022
v -24.93714905 14.72162819 -32.95017242
v -22.09787178 12.57010555 -33.72460556
v -22.60689545 12.73251247 -33.71533966
v -22.69210052 12.69533348 -34.12841034
v -23.02028465 12.97148895 -33.69048309
v -23.03903198 12.89871120 -34.02930450
v -21.09162331 12.56557655 -33.70922852
v -21.56662750 12.51354790 -33.72544861
v -21.00631142 12.76747990 -33.27466965
v -21.52776337 12.68943596 -33.28067398
v -20.69413757 12.71639824 -33.66825867
v -23.23524666 13.08808041 -34.11872101
v -23.32129478 13.26797104 -33.63982391
v -22.78246689 12.83509636 -34.33558273
v -21.35935211 12.90987492 -32.98187256
v -17.44210243 13.66735268 -33.75514984
v -17.44705200 13.65776825 -34.15105820
v -17.46485138 13.83365631 -33.31700897
v -17.88024330 13.48777866 -33.31721878
v -17.85770416 13.31273270 -33.77168655
v -18.33112717 13.04974270 -33.77842712
v -18.35103416 13.21825886 -33.34102249
v -18.88206673 13.09202957 -33.32612228
v -18.80012703 12.91503620 -33.76189041
v -17.98588181 13.72254181 -32.99240494
v -17.47390938 14.13677406 -33.00230789
v -17.48328400 13.83723736 -34.34326935
v -19.24753571 12.91271877 -33.71028137
v -11.50972080 -25.20898628 -6.22370243
v -10.61184883 -27.60127640 -7.23100471
v -11.00269985 -27.28404617 -7.43185425
v -10.12252140 -27.77126694 -6.92862415
v -6.10173941 -27.03222084 -4.64902973
v -5.85096693 -25.93465614 -3.74841905
v -3.37094402 -26.05440903 -2.99104667
v -3.82719994 -26.62420082 -2.60461926
v -3.74968290 -27.08361816 -2.67444801
v -3.28226256 -27.37720299 -3.32070541
v -4.12747383 -26.18648338 -2.69677615
v -3.21538305 -28.05532074 -4.38098431
v -3.74483800 -28.29619217 -4.61048174
v -3.70492077 -28.25480080 -3.65994835
v -4.16718006 -28.42858315 -3.62529731
v -4.40457678 -28.35211754 -4.83060503
v -9.14586830 -26.07915878 -5.26727104
v -9.46868134 -25.55149460 -5.08137751
v -10.13294888 -26.06325531 -4.76193523
v -10.11314774 -26.51129532 -4.76677990
v -4.31884432 -28.21109200 -3.04707813
v -4.34928226 -27.77137184 -2.71847272
v -3.31617641 -27.85657692 -3.66173863
v -4.39309645 -27.25150108 -2.44358158
v -5.06041813 -28.25111389 -4.99848890
v -5.59145308 -27.97359085 -5.07737494
v -5.93880606 -27.57020569 -4.94045639
v -8.99209785 -27.21095276 -5.94143867
v -9.17051411 -27.58895302 -6.30911875
v -9.99086857 -27.44244957 -5.25126219
v -9.91335201 -27.66162491 -5.60556602
v -11.31045151 -26.84485245 -7.37698126
v -9.60307217 -27.76894951 -6.59538460
v -10.36560535 -27.78453636 -5.65527821
v -15.93588829 -25.89958382 -9.22443867
v -16.23911095 -25.87904739 -9.66352749
v -16.12409973 -26.41787529 -9.83794117
v -15.83604336 -26.41134453 -9.38273811
v -15.67405796 -26.82431412 -9.59338284
v -15.93220234 -26.84706306 -10.01667309
v -16.22152328 -26.37806320 -10.37129307
v -16.01466942 -26.78397560 -10.49620533
v -16.35549355 -25.84924126 -10.19782734
v -16.05985260 -25.67524719 -10.81701660
v -10.01930618 -25.21772766 -5.08685398
v -10.63607311 -26.00753975 -4.72854805
v -10.67082977 -27.55651474 -5.16942692
v -10.75129509 -27.12458801 -4.89537811
v -10.81196117 -26.62241173 -4.68441772
v -15.24139404 -25.16401482 -11.40882206
v -17.97461128 -17.89193344 -4.40973759
v -18.20758438 -18.63076973 -4.45239305
v -18.52197075 -18.62423897 -4.78278875
v -18.40906525 -19.20235252 -5.00596666
v -18.09836578 -19.18644905 -4.65376902
v -17.88635063 -19.69526100 -4.96931458
v -18.17672539 -19.71685219 -5.31803656
v -18.57273674 -19.13241959 -5.40461159
v -18.33439255 -19.62574768 -5.70625448
v -18.68121910 -18.57368469 -5.17858982
v -17.18427277 -16.91159439 -4.52190542
v -13.68694305 -31.18265343 -18.44118881
v -13.24469471 -32.84885025 -12.62676907
v -9.87764740 -39.00872803 -8.18185425
v -9.84447098 -33.07308197 -8.49202824
v -9.52776718 -33.12563705 -8.13688087
v -9.67005730 -32.69318390 -7.97247314
v -10.00571918 -32.66474915 -8.35510921
v -10.07165146 -32.20775604 -8.26463699
v -9.75210381 -32.20996857 -7.89095402
v -9.22201633 -32.67053986 -7.70558643
v -9.31417370 -32.20838928 -7.64481592
v -8.79356575 -33.34323502 -8.26263618
v -9.10826874 -33.08403778 -7.87768316
v -8.06052303 -33.40358353 -8.90573406
v -11.59924507 -18.79012108 0.44677699
v -11.68950653 -19.56381989 0.29827261
v -12.29100132 -19.46586990 0.04233954
v -12.19568539 -20.16110229 -0.35693711
v -11.59861279 -20.22945595 -0.08215135
v -11.50161171 -20.82178879 -0.58569705
v -12.04707527 -20.78460884 -0.85279429
v -12.70239067 -20.04040146 -0.75200087
v -12.51207256 -20.64368820 -1.19846189
v -12.79602146 -19.37150002 -0.36831191
v -11.16615963 -17.88024330 0.27784011
v -19.94561195 -16.47018814 -9.33249950
v -19.56739998 -16.63933563 -11.15436363
v -22.66324234 -8.03914261 -15.91166496
v -22.66061020 -8.67286587 -15.89291763
v -22.72959518 -8.68645287 -15.51607418
v -22.75223923 -8.01628685 -15.54882908
v -22.73991776 -8.08200836 -15.14986897
v -22.57414055 -7.48957062 -15.15144825
v -22.70842552 -8.72921371 -15.11353302
v -22.63311958 -9.35430145 -15.48279285
v -22.59931183 -9.36757183 -15.10826683
v -22.58962250 -9.29742718 -15.85710812
v -15.43013096 -26.30949783 -16.52242851
v -15.32765293 -26.41429520 -17.02228737
v -15.17851639 -26.85706902 -17.11191750
v -15.28415489 -26.75711823 -16.58730698
v -15.05455208 -27.20989799 -16.68694115
v -14.95407486 -27.29721069 -17.19101334
v -14.94048786 -26.87549973 -17.61093330
v -14.73679447 -27.28783798 -17.65906525
v -15.09436417 -26.45410538 -17.49960899
v -22.13357735 -6.87912273 -15.08098793
v -23.66580391 1.15549040 -15.74241161
v -23.38459396 0.27973589 -15.77021694
v -23.67844391 2.07053018 -15.64067078
v -23.64021111 1.94193172 -16.24859047
v -23.63220787 1.03668690 -16.31199455
v -23.44715500 0.98044485 -16.83376122
v -23.44020462 1.80185306 -16.83154869
v -23.55795479 2.75259709 -16.19045258
v -23.35310364 2.57239079 -16.79373932
v -23.58965683 2.84496474 -15.59064198
v -22.70210648 -0.48774734 -15.55104160
v -8.46401215 -30.27946281 -23.83890343
v -8.89227867 -30.29357529 -23.52540970
v -8.68919086 -29.55163383 -23.71130371
v -9.34408474 -30.04122353 -23.09948730
v -8.84412003 -31.19613457 -23.21808052
v -9.09352303 -30.76220703 -23.23082352
v -1.97710931 -32.23229599 -6.35735655
v -2.65643787 -32.47474670 -5.83738041
v -4.26123285 -32.74900818 -6.00305223
v -3.77106333 -32.74005508 -5.80494118
v -3.88038778 -32.30538940 -5.63484573
v -4.39172745 -32.33708954 -5.84854460
v -4.46102953 -31.88230896 -5.76460266
v -3.97033286 -31.83291435 -5.55322123
v -3.32007337 -32.23008347 -5.52183485
v -3.42644882 -31.78004265 -5.45169067
v -2.84011984 -31.62258530 -5.60977936
v -3.23781657 -32.64726639 -5.68792820
v -2.22166753 -31.26627922 -6.12491035
v 0.22028150 -42.58394623 -9.04941940
v 0.50259781 -42.24264908 -9.00958157
v -0.14868869 -42.62607574 -9.10645199
v -0.45141116 -42.95678711 -9.29700565
v -0.56168360 -42.40400314 -9.15050220
v 0.82288277 -42.05654526 -9.15239811
v -2.71110010 47.60744858 29.56995964
v -2.77081776 47.31591797 27.79980850
v -2.40724540 46.36485672 27.95842361
v -2.33351994 46.63679886 29.71656799
v -2.38681293 47.12528229 26.32171631
v -2.06041932 46.22993851 26.52646255
v -1.65545511 45.73608398 26.85222435
v -1.74487376 45.71891403 28.01845741
v -2.15257621 47.95164108 31.06890678
v -1.79553378 47.02111816 31.20529747
v -2.76734209 48.28435516 27.59843254
v -2.70362234 48.60263824 29.35784149
v -2.40134740 48.04463959 26.17731857
v -2.15247083 48.90544128 30.86173630
v -1.33295846 49.13156509 31.85661125
v -0.98613226 45.61980820 26.42524719
v -1.36518705 46.21298218 25.77530479
v -1.67978466 47.11138153 25.54327965
v -1.70464063 48.02726364 25.42078972
v -0.82888615 45.51279831 27.85868454
v -0.39611700 49.34811020 32.30296707
v -8.97756386 -33.61570358 -21.35261154
v -8.33646679 -33.51964951 -22.19445229
v -8.78145313 -34.03857040 -22.46218300
v -7.69347477 -33.71913147 -22.89421463
v -8.26663876 -34.25079727 -23.01575661
v -9.54946327 -34.47471237 -20.01523018
v -9.37694550 -33.93904114 -20.58207512
v -6.44161415 -37.53885269 -23.61746216
v -7.23205757 -38.57522202 -22.38540268
v -8.79030037 -38.03892517 -22.44253922
v -8.03176975 -38.49254608 -20.92026520
v -7.49494219 -35.60566330 -23.70193100
v -7.30304480 -36.45866776 -23.74901009
v -7.83123589 -34.81627274 -23.43746567
v -9.98523426 -35.69381714 -21.22375107
v -8.94059563 -36.21084213 -8.86813354
v -9.74041271 -36.82897949 -7.82575941
v -11.31024075 -35.83168411 -22.75687408
v -8.80367661 -35.73847198 -24.14923477
v -10.55139351 -37.45417404 -23.51540375
v -11.49055290 -36.33133316 -23.58818245
v -11.20828915 -36.93851471 -23.68844986
v -11.04072094 -36.83572006 -24.17756653
v -6.60528517 -38.44778442 -7.89337635
v -8.01586628 -38.56553268 -6.96443415
v -9.75147152 -37.44037628 -6.96948957
v -9.23644543 -37.37528610 -6.64277983
v -9.69207001 -38.22618484 -6.94663429
v -9.11880016 -38.09169006 -6.61655474
v -8.92216396 -38.76164246 -6.80318546
v -9.48953533 -38.92952728 -7.11609793
v -9.89534187 -38.99693298 -7.51126719
v -10.10029888 -38.34077454 -7.38761854
v -10.10777664 -37.57086945 -7.41163206
v -10.69210434 -36.65235519 -24.54682541
v -9.30011272 -36.44866180 -24.38399696
v -11.60661793 -35.72941589 -23.44673538
v -20.09032440 -19.35865211 -16.89363670
v -20.27843094 -18.13333130 -16.63807297
v -18.85468483 -20.26200104 -16.39361954
v -19.12083435 -19.83491898 -16.10587883
v -21.28714180 -17.61081505 -19.41123390
v -21.23575592 -18.05897331 -20.36548042
v -20.89488220 -18.55546379 -19.71895790
v -20.49165535 -19.09429169 -20.41687584
v -19.98658180 -19.55739403 -20.31076431
v -20.11318016 -19.66545486 -19.63533211
v -20.09432793 -19.31820679 -21.03201103
v -19.60721207 -19.97178459 -19.95377541
v -20.84980392 -17.84495926 -17.66612244
v -20.99341202 -18.51233482 -18.18188667
v -18.20210838 -21.06044769 -17.42230225
v -18.44961548 -20.76449203 -16.83186531
v -18.69027710 -20.70214272 -19.03994560
v -18.34334564 -20.99567413 -18.21590424
v -21.95431900 -16.29377365 -24.23549271
v -22.10429764 -16.49630928 -23.64273834
v -21.41106606 -16.75582314 -24.23559761
v -23.21607971 -14.35278988 -22.78025627
v -21.87111282 -16.62427521 -20.42282677
v -22.92373085 -15.73609257 -22.17020226
v -21.38410378 -17.94585800 -21.23149109
v -21.79443932 -17.29243851 -21.03264236
v -20.69087219 -18.67158318 -21.24676323
v -20.88466454 -18.35851097 -22.07270050
v -20.25578690 -18.84783745 -21.93957329
v -21.08309174 -18.28067780 -21.66489220
v -21.28246689 -18.12574959 -22.51563263
v -20.02955437 -20.17900658 -19.18013000
v -20.36553192 -19.87946892 -19.20677567
v -21.45024681 -18.20284462 -22.16211891
v -21.82803726 -18.15365982 -22.20740700
v -21.62371254 -18.11837578 -21.84246635
v -21.87290382 -17.84927750 -21.58053017
v -22.27681541 -17.83063698 -21.80665588
v -22.04057693 -18.07435226 -22.02014542
v -22.13557816 -17.39923668 -21.40643120
v -22.48387909 -17.45221329 -21.64593506
v -22.78030777 -17.27442932 -22.52121544
v -22.92997169 -16.97715759 -22.24150658
v -22.53443336 -17.67254829 -22.07554436
v -22.49325180 -17.56748772 -22.72343445
v -22.58519936 -17.12381935 -23.09222031
v -22.27228546 -17.93901253 -22.28050041
v -22.37529182 -16.80026817 -23.29485893
v -8.42683411 28.58219528 -6.73572683
v -8.49350166 28.50641441 -6.36056900
v -8.59134674 27.90155029 -6.27794361
v -8.50619316 28.39103508 -5.97893333
v -8.29107285 29.06609726 -6.00094604
v -8.23440933 29.11117554 -6.38495111
v -8.31350708 28.91106415 -5.66549444
v -8.50424576 27.50532722 -6.39980125
f 2 3 4
f 2 4 4459
f 1 2 4459
f 1 4459 5
f 6 7 8
f 6 8 9
f 7 10 11
f 7 11 8
f 8 11 3
f 9 8 3
f 9 3 12
f 13 1 14
f 13 14 15
f 14 16 17
f 15 14 17
f 15 17 18
f 11 10 19
f 11 19 20
f 3 11 4
f 21 22 23
f 21 23 24
f 22 25 26
f 22 26 23
f 23 26 27
f 23 27 28
f 24 23 28
f 24 28 29
f 14 1 5
f 14 5 30
f 16 14 30
f 16 30 31
f 32 33 34
f 32 34 35
f 33 36 37
f 33 37 34
f 34 37 25
f 34 25 22
f 35 34 22
f 35 22 21
f 27 26 38
f 27 38 39
f 26 25 38
f 38 25 12
f 38 12 40
f 39 38 40
f 39 40 13
f 29 28 41
f 29 41 42
f 28 27 43
f 28 43 41
f 41 43 44
f 41 44 45
f 42 41 45
f 42 45 46
f 25 37 47
f 37 36 48
f 37 48 47
f 47 48 6
f 47 6 9
f 25 47 9
f 25 9 12
f 49 50 51
f 50 52 53
f 50 53 51
f 51 53 54
f 51 54 55
f 49 51 55
f 49 55 56
f 44 43 57
f 44 57 58
f 43 27 39
f 43 39 57
f 57 39 13
f 57 13 15
f 58 57 15
f 58 15 18
f 59 60 61
f 59 61 62
f 63 64 61
f 63 61 60
f 65 62 61
f 65 61 64
f 29 68 67
f 66 67 68
f 56 55 69
f 56 69 70
f 55 54 69
f 71 72 73
f 71 73 74
f 75 76 73
f 75 73 72
f 70 69 73
f 70 73 76
f 54 77 73
f 54 73 69
f 78 79 73
f 78 73 77
f 80 81 73
f 80 73 79
f 82 74 73
f 82 73 81
f 78 83 84
f 78 84 79
f 83 59 84
f 79 84 85
f 79 85 80
f 86 87 88
f 86 88 89
f 87 90 75
f 87 75 88
f 88 75 72
f 89 88 72
f 89 72 71
f 32 35 91
f 32 91 92
f 35 21 93
f 35 93 91
f 91 93 94
f 91 94 95
f 92 91 95
f 92 95 96
f 21 24 67
f 21 67 93
f 24 29 67
f 67 66 97
f 93 67 97
f 93 97 94
f 98 99 100
f 99 101 102
f 99 102 100
f 100 102 90
f 100 90 87
f 100 87 86
f 101 99 103
f 101 103 104
f 99 98 105
f 99 105 103
f 103 105 106
f 103 106 107
f 104 103 107
f 104 107 108
f 108 107 109
f 108 109 110
f 107 106 111
f 107 111 109
f 109 111 112
f 109 112 113
f 110 109 113
f 110 113 114
f 98 115 116
f 98 116 105
f 115 117 118
f 115 118 116
f 116 118 119
f 105 116 119
f 105 119 106
f 120 121 122
f 120 122 123
f 121 124 125
f 121 125 122
f 122 125 126
f 122 126 127
f 123 122 127
f 128 129 130
f 128 131 132
f 128 132 129
f 129 132 10
f 129 10 7
f 130 129 7
f 130 7 6
f 126 125 133
f 126 133 134
f 125 124 135
f 125 135 133
f 133 135 136
f 133 136 137
f 134 133 137
f 134 137 138
f 127 126 140
f 127 140 139
f 139 140 131
f 139 131 128
f 10 132 141
f 10 141 19
f 132 131 142
f 132 142 141
f 141 142 143
f 19 141 20
f 144 146 147
f 144 147 145
f 145 147 117
f 145 117 148
f 145 148 86
f 131 140 149
f 131 149 142
f 140 126 134
f 140 134 149
f 149 134 138
f 149 138 150
f 142 149 150
f 142 150 143
f 151 152 153
f 151 153 154
f 152 155 156
f 152 156 153
f 153 156 157
f 153 157 158
f 154 153 158
f 154 158 159
f 160 161 162
f 160 162 163
f 161 164 165
f 161 165 162
f 162 165 36
f 162 36 33
f 163 162 33
f 163 33 32
f 157 156 166
f 157 166 127
f 156 155 167
f 156 167 166
f 166 167 120
f 166 120 123
f 127 166 123
f 159 158 168
f 159 168 169
f 158 157 170
f 158 170 168
f 168 170 164
f 168 164 161
f 169 168 161
f 169 161 160
f 36 165 171
f 36 171 48
f 165 164 128
f 165 128 171
f 171 128 130
f 48 171 130
f 48 130 6
f 82 144 172
f 82 172 74
f 144 145 172
f 172 145 86
f 172 86 89
f 74 172 89
f 74 89 71
f 164 170 173
f 164 173 128
f 170 157 127
f 170 127 173
f 173 127 139
f 128 173 139
f 90 102 174
f 90 174 175
f 102 101 176
f 102 176 174
f 174 176 49
f 175 174 49
f 175 49 56
f 114 177 178
f 114 178 179
f 177 160 163
f 177 163 178
f 178 163 32
f 178 32 92
f 179 178 92
f 179 92 96
f 75 90 175
f 75 175 56
f 75 56 70
f 76 75 70
f 101 104 180
f 101 180 181
f 104 108 182
f 104 182 180
f 180 182 183
f 180 183 184
f 181 180 184
f 181 184 185
f 186 151 187
f 186 187 188
f 151 154 187
f 187 154 159
f 187 159 189
f 188 187 189
f 188 189 190
f 159 169 191
f 159 191 192
f 169 160 177
f 169 177 191
f 191 177 114
f 191 114 113
f 192 191 113
f 192 113 112
f 49 176 193
f 176 101 181
f 176 181 193
f 193 181 185
f 193 185 194
f 49 193 194
f 49 194 195
f 196 197 198
f 196 198 199
f 197 52 200
f 197 200 198
f 198 200 201
f 198 201 202
f 199 198 202
f 199 202 203
f 204 205 206
f 204 206 207
f 205 65 208
f 205 208 206
f 206 208 209
f 206 209 210
f 207 206 210
f 207 210 211
f 63 212 213
f 63 213 214
f 212 52 197
f 212 197 213
f 213 197 196
f 213 196 215
f 214 213 215
f 214 215 216
f 216 215 217
f 216 217 218
f 215 196 219
f 215 219 217
f 217 219 94
f 217 94 97
f 218 217 97
f 218 97 66
f 106 119 220
f 106 220 111
f 220 190 221
f 111 220 221
f 111 221 112
f 94 219 222
f 94 222 223
f 219 196 199
f 219 199 222
f 222 199 203
f 222 203 224
f 223 222 224
f 223 224 225
f 211 210 226
f 211 226 227
f 210 209 228
f 210 228 226
f 226 228 66
f 226 66 229
f 227 226 229
f 227 229 230
f 52 212 231
f 52 231 53
f 212 63 60
f 212 60 231
f 231 60 59
f 231 59 232
f 53 231 232
f 53 232 54
f 54 232 233
f 232 59 83
f 232 83 233
f 233 83 78
f 233 78 77
f 54 233 77
f 12 3 2
f 12 2 40
f 40 2 1
f 40 1 13
f 234 235 236
f 235 237 238
f 236 235 238
f 239 240 241
f 242 243 244
f 243 245 246
f 247 242 244
f 249 250 251
f 252 239 253
f 254 240 239
f 254 239 255
f 255 239 252
f 256 247 240
f 257 258 259
f 258 260 261
f 258 261 247
f 258 247 256
f 259 258 256
f 262 263 264
f 262 264 265
f 263 266 267
f 263 267 264
f 264 267 260
f 264 260 258
f 265 264 258
f 265 258 257
f 268 269 270
f 268 270 271
f 270 266 263
f 271 270 263
f 271 263 262
f 251 250 272
f 272 250 269
f 272 269 268
f 262 265 273
f 262 273 274
f 265 257 275
f 265 275 273
f 272 268 276
f 257 259 277
f 257 277 275
f 259 256 278
f 259 278 277
f 268 271 279
f 268 279 276
f 271 262 274
f 271 274 279
f 256 240 280
f 256 280 278
f 240 254 280
f 281 283 282
f 283 285 282
f 282 285 284
f 284 285 287
f 284 287 288
f 285 286 289
f 285 289 287
f 287 289 290
f 287 290 291
f 288 287 291
f 288 291 292
f 293 295 294
f 295 297 294
f 295 298 299
f 295 299 297
f 297 299 300
f 297 300 301
f 294 297 301
f 294 301 296
f 296 301 302
f 296 302 303
f 301 300 286
f 301 286 302
f 302 286 285
f 303 302 285
f 303 285 283
f 303 283 281
f 304 305 306
f 304 306 307
f 305 308 309
f 305 309 306
f 306 309 310
f 307 306 310
f 307 310 311
f 308 312 313
f 308 313 309
f 312 293 294
f 312 294 313
f 313 294 296
f 309 313 296
f 309 296 310
f 310 296 303
f 311 310 314
f 311 314 315
f 310 303 314
f 314 303 281
f 314 281 316
f 315 314 316
f 316 317 318
f 316 281 317
f 318 317 319
f 318 319 320
f 281 282 317
f 317 282 284
f 317 284 319
f 319 284 288
f 319 288 321
f 321 288 292
f 321 292 322
f 320 319 323
f 320 323 324
f 319 321 323
f 323 321 322
f 324 323 322
f 324 322 325
f 326 327 328
f 327 329 330
f 328 327 330
f 331 332 333
f 331 333 334
f 327 331 334
f 327 334 329
f 329 334 335
f 329 335 336
f 334 333 337
f 334 337 335
f 335 337 338
f 335 338 339
f 336 335 339
f 336 339 340
f 330 329 336
f 341 342 343
f 341 343 344
f 342 345 346
f 345 347 348
f 345 348 346
f 346 348 349
f 346 349 343
f 342 346 343
f 343 349 351
f 343 351 350
f 350 351 352
f 350 352 353
f 344 343 350
f 344 350 354
f 354 350 353
f 354 353 355
f 356 357 358
f 356 358 359
f 356 360 357
f 360 361 362
f 360 362 358
f 357 360 358
f 358 362 347
f 358 347 345
f 359 358 345
f 359 345 341
f 341 345 342
f 304 307 363
f 315 316 364
f 311 315 365
f 311 365 366
f 315 364 367
f 315 367 365
f 363 307 368
f 363 368 369
f 307 311 366
f 307 366 368
f 369 368 370
f 298 371 372
f 298 372 299
f 371 373 374
f 371 374 372
f 372 374 375
f 372 375 376
f 299 372 376
f 299 376 300
f 377 378 379
f 377 379 380
f 378 381 379
f 379 381 375
f 379 375 374
f 380 379 374
f 380 374 373
f 286 300 376
f 376 375 381
f 382 383 384
f 382 384 385
f 293 382 385
f 293 385 295
f 383 386 387
f 383 387 384
f 384 387 388
f 388 387 377
f 388 377 380
f 384 388 380
f 384 380 373
f 385 384 373
f 385 373 371
f 295 385 371
f 295 371 298
f 389 392 393
f 389 393 390
f 393 394 391
f 390 393 391
f 391 394 395
f 395 396 386
f 397 399 398
f 400 392 389
f 355 353 401
f 353 403 401
f 353 352 403
f 401 403 402
f 402 399 404
f 404 399 397
f 376 381 405
f 286 376 405
f 377 406 407
f 377 407 378
f 406 408 407
f 407 408 405
f 407 405 381
f 378 407 381
f 290 289 405
f 289 286 405
f 326 409 327
f 409 410 411
f 409 411 327
f 412 411 413
f 413 411 410
f 331 327 411
f 332 331 411
f 332 411 412
f 304 414 415
f 304 415 416
f 414 417 418
f 414 418 415
f 326 328 419
f 328 330 418
f 328 418 419
f 419 418 417
f 340 416 415
f 340 415 336
f 336 415 418
f 336 418 330
f 338 420 421
f 338 421 339
f 420 422 423
f 420 423 421
f 421 423 424
f 421 424 425
f 339 421 425
f 339 425 340
f 422 355 426
f 422 426 423
f 355 401 426
f 426 401 402
f 423 426 402
f 423 402 424
f 424 402 397
f 424 397 427
f 402 404 397
f 340 425 428
f 425 424 427
f 425 427 428
f 340 428 416
f 427 397 429
f 429 397 398
f 427 429 398
f 427 398 430
f 398 400 430
f 430 400 389
f 430 389 431
f 416 428 432
f 428 427 430
f 428 430 432
f 432 430 431
f 432 431 433
f 416 432 433
f 416 433 304
f 304 433 434
f 304 434 305
f 433 431 435
f 433 435 434
f 434 435 436
f 434 436 437
f 305 434 437
f 305 437 308
f 431 389 435
f 389 390 435
f 435 390 391
f 435 391 436
f 436 438 439
f 436 391 395
f 436 395 438
f 438 395 386
f 439 438 386
f 439 386 383
f 308 437 440
f 308 440 312
f 437 436 439
f 437 439 440
f 440 439 383
f 440 383 382
f 312 440 382
f 312 382 293
f 441 442 443
f 441 443 444
f 412 441 444
f 442 356 445
f 445 356 359
f 445 359 446
f 442 445 446
f 442 446 443
f 446 359 341
f 412 444 332
f 332 444 447
f 444 443 448
f 444 448 447
f 447 448 449
f 332 447 333
f 443 446 450
f 443 450 448
f 446 341 450
f 450 341 344
f 450 344 451
f 448 450 451
f 448 451 449
f 449 451 452
f 449 452 453
f 451 344 354
f 451 354 452
f 452 354 355
f 453 452 355
f 453 355 422
f 333 447 454
f 333 454 337
f 447 449 453
f 447 453 454
f 454 453 422
f 454 422 420
f 337 454 420
f 337 420 338
f 377 387 455
f 386 396 387
f 455 387 396
f 356 442 456
f 442 441 458
f 442 458 456
f 441 412 458
f 458 412 459
f 458 459 460
f 456 458 460
f 456 460 457
f 457 460 461
f 457 461 462
f 460 459 463
f 460 463 461
f 461 463 464
f 461 464 465
f 462 461 465
f 457 462 466
f 361 360 467
f 361 467 468
f 360 356 467
f 468 467 469
f 468 469 470
f 356 456 467
f 467 456 457
f 467 457 469
f 469 457 466
f 470 469 471
f 470 471 472
f 469 466 471
f 326 419 473
f 326 473 474
f 419 417 475
f 419 475 473
f 473 475 476
f 473 476 477
f 474 473 477
f 474 477 478
f 417 414 475
f 414 304 363
f 414 363 475
f 475 363 479
f 475 479 476
f 476 479 480
f 479 363 369
f 479 369 480
f 480 369 370
f 478 477 481
f 413 410 482
f 413 482 483
f 412 413 483
f 412 483 459
f 409 326 474
f 409 474 478
f 409 478 484
f 410 409 484
f 410 484 482
f 482 484 485
f 482 485 486
f 484 478 481
f 484 481 485
f 459 483 487
f 459 487 463
f 483 482 486
f 483 486 487
f 463 487 464
f 318 320 488
f 318 488 489
f 316 318 489
f 316 489 364
f 324 325 490
f 324 490 491
f 320 324 491
f 320 491 488
f 488 491 492
f 488 492 493
f 491 490 494
f 491 494 492
f 364 489 495
f 364 495 367
f 489 488 493
f 489 493 495
f 464 487 499
f 487 486 497
f 499 487 497
f 499 497 496
f 481 498 500
f 481 500 485
f 498 497 500
f 485 500 497
f 485 497 486
f 501 503 504
f 501 504 502
f 502 504 505
f 507 508 509
f 506 507 509
f 506 509 510
f 505 511 512
f 505 512 502
f 511 508 512
f 512 464 499
f 502 512 499
f 502 499 496
f 513 502 496
f 515 516 517
f 514 367 515
f 367 495 515
f 515 495 493
f 515 493 516
f 516 493 492
f 516 492 518
f 518 492 494
f 518 494 519
f 517 516 520
f 516 518 520
f 520 518 519
f 520 519 521
f 522 524 523
f 523 525 526
f 524 514 515
f 524 515 523
f 515 517 525
f 523 515 525
f 525 517 520
f 526 525 520
f 526 520 527
f 527 520 521
f 527 521 528
f 529 530 531
f 530 532 533
f 530 533 531
f 531 533 534
f 529 531 535
f 532 536 537
f 532 537 533
f 536 538 537
f 537 538 539
f 537 539 540
f 533 537 540
f 533 540 534
f 541 542 543
f 542 544 545
f 542 545 543
f 543 545 546
f 543 546 547
f 541 543 547
f 541 547 548
f 549 550 551
f 549 551 552
f 550 553 551
f 551 553 554
f 551 554 555
f 552 551 555
f 552 555 556
f 557 559 558
f 558 560 561
f 559 370 368
f 559 368 558
f 558 368 366
f 558 366 560
f 560 366 365
f 560 365 562
f 562 365 367
f 562 367 514
f 561 560 562
f 561 562 563
f 563 562 514
f 564 565 566
f 565 567 566
f 566 568 569
f 570 571 572
f 571 573 572
f 572 574 575
f 576 563 514
f 576 514 524
f 577 578 579
f 577 579 580
f 578 576 579
f 579 576 524
f 579 524 522
f 580 579 522
f 581 582 583
f 582 584 585
f 582 585 583
f 583 585 586
f 583 586 587
f 581 583 587
f 581 587 588
f 589 590 591
f 590 592 593
f 590 593 594
f 591 590 595
f 597 370 559
f 599 596 597
f 599 597 559
f 599 559 557
f 600 601 602
f 600 602 603
f 603 602 604
f 574 605 606
f 574 606 607
f 605 608 609
f 605 609 606
f 606 609 610
f 606 610 611
f 607 606 611
f 607 611 612
f 613 614 615
f 615 616 596
f 481 477 614
f 477 476 615
f 614 477 615
f 370 597 617
f 370 617 480
f 597 596 616
f 597 616 617
f 617 616 615
f 480 617 615
f 480 615 476
f 618 619 620
f 618 620 621
f 619 622 623
f 619 623 620
f 621 620 623
f 622 624 498
f 622 498 623
f 624 496 497
f 624 497 498
f 498 481 614
f 623 498 614
f 621 623 625
f 625 623 614
f 625 614 613
f 626 627 628
f 626 628 629
f 627 471 466
f 627 630 472
f 627 472 471
f 629 628 631
f 628 627 466
f 631 628 466
f 466 462 631
f 631 506 632
f 631 632 629
f 464 512 633
f 464 633 465
f 512 508 507
f 512 507 633
f 633 507 506
f 633 506 631
f 465 633 631
f 465 631 462
f 505 504 634
f 505 634 635
f 504 503 636
f 504 636 634
f 634 636 637
f 634 637 638
f 635 634 638
f 635 638 639
f 640 641 642
f 640 642 643
f 641 644 645
f 641 645 642
f 642 645 646
f 642 646 647
f 643 642 647
f 643 647 648
f 644 649 650
f 644 650 645
f 649 651 652
f 649 652 650
f 650 652 653
f 650 653 654
f 645 650 654
f 645 654 646
f 646 654 655
f 646 655 656
f 654 653 657
f 654 657 655
f 655 657 658
f 655 658 659
f 656 655 659
f 648 647 660
f 647 646 656
f 647 656 660
f 660 656 661
f 661 662 660
f 662 663 664
f 662 664 660
f 660 664 665
f 660 665 666
f 660 666 648
f 663 667 664
f 664 667 668
f 664 668 665
f 665 668 669
f 669 670 671
f 648 666 672
f 648 672 643
f 666 665 669
f 666 669 672
f 672 669 671
f 672 671 673
f 643 672 673
f 643 673 640
f 663 674 667
f 674 675 667
f 667 676 668
f 675 677 678
f 675 678 667
f 677 679 678
f 667 678 680
f 667 680 676
f 676 680 681
f 680 682 681
f 681 682 683
f 681 683 684
f 668 676 669
f 676 681 669
f 669 681 684
f 669 684 670
f 679 685 686
f 679 686 678
f 685 687 688
f 685 688 686
f 686 688 689
f 686 689 690
f 678 686 690
f 678 690 680
f 687 691 692
f 687 692 688
f 691 693 694
f 691 694 692
f 692 694 695
f 692 695 696
f 688 692 696
f 688 696 689
f 689 696 697
f 689 697 698
f 696 695 699
f 696 699 697
f 697 699 700
f 697 700 701
f 698 697 701
f 698 701 702
f 680 690 703
f 680 703 682
f 690 689 698
f 690 698 703
f 703 698 702
f 703 702 704
f 682 703 704
f 682 704 683
f 693 705 706
f 693 706 694
f 705 707 706
f 706 707 708
f 694 706 708
f 694 708 695
f 709 710 711
f 709 711 712
f 709 712 708
f 707 709 708
f 708 712 714
f 708 714 713
f 713 714 715
f 713 715 716
f 695 708 717
f 695 717 699
f 708 713 717
f 717 713 716
f 717 716 718
f 699 717 718
f 699 718 700
f 710 719 720
f 710 720 711
f 711 720 721
f 711 721 712
f 719 722 720
f 719 723 722
f 722 2603 721
f 720 722 721
f 721 2603 724
f 724 725 726
f 712 721 727
f 712 727 714
f 721 724 727
f 727 724 726
f 727 726 728
f 714 727 728
f 714 728 715
f 729 730 731
f 729 731 732
f 732 731 733
f 732 733 734
f 730 735 736
f 730 736 731
f 735 737 738
f 735 738 736
f 736 738 739
f 731 736 739
f 731 739 733
f 733 739 740
f 740 723 719
f 734 733 740
f 734 740 741
f 741 740 719
f 741 719 710
f 742 743 744
f 742 744 745
f 743 746 747
f 743 747 744
f 744 747 748
f 744 748 749
f 745 744 749
f 745 749 750
f 752 753 754
f 752 754 755
f 756 757 758
f 756 759 760
f 756 760 757
f 757 760 761
f 757 761 762
f 758 757 762
f 758 762 763
f 764 765 766
f 764 767 765
f 765 768 769
f 766 765 769
f 766 769 770
f 651 771 772
f 651 772 652
f 771 773 774
f 771 774 772
f 772 774 775
f 652 772 775
f 652 775 653
f 653 775 776
f 653 776 657
f 657 776 777
f 657 777 658
f 658 777 778
f 658 778 779
f 779 778 780
f 780 782 781
f 781 782 783
f 781 783 784
f 781 784 785
f 787 788 789
f 790 791 792
f 790 792 793
f 791 794 792
f 792 794 795
f 792 795 796
f 793 792 796
f 793 796 797
f 798 799 800
f 799 801 802
f 800 799 802
f 800 802 803
f 804 805 806
f 804 806 807
f 805 808 809
f 805 809 806
f 806 809 810
f 806 810 811
f 807 806 811
f 807 811 812
f 813 814 815
f 814 816 817
f 814 817 815
f 815 817 818
f 816 819 820
f 816 820 817
f 819 821 820
f 820 821 822
f 817 820 822
f 817 822 818
f 823 824 825
f 823 825 826
f 824 827 828
f 824 828 825
f 825 828 829
f 825 829 830
f 826 825 830
f 826 830 831
f 832 833 834
f 832 834 835
f 833 836 837
f 833 837 834
f 834 837 838
f 834 838 839
f 835 834 839
f 835 839 840
f 841 842 843
f 842 844 845
f 842 845 843
f 843 845 846
f 843 846 847
f 841 843 847
f 836 848 849
f 836 849 837
f 848 850 849
f 849 850 851
f 837 849 851
f 837 851 838
f 852 853 854
f 852 854 855
f 853 856 854
f 854 856 857
f 854 857 858
f 855 854 858
f 855 858 859
f 860 861 862
f 860 862 863
f 861 864 865
f 861 865 862
f 862 865 866
f 862 866 867
f 863 862 867
f 863 867 868
f 864 869 870
f 864 870 865
f 869 871 870
f 870 871 872
f 870 872 866
f 865 870 866
f 873 874 875
f 874 876 877
f 875 874 877
f 875 877 878
f 879 880 881
f 879 881 882
f 880 883 884
f 880 884 881
f 881 884 885
f 881 885 886
f 882 881 886
f 882 886 887
f 888 889 890
f 888 890 891
f 889 892 890
f 890 892 893
f 890 893 894
f 891 890 894
f 891 894 895
f 883 896 897
f 883 897 884
f 896 898 897
f 897 898 899
f 884 897 899
f 884 899 885
f 900 901 902
f 901 903 904
f 902 901 904
f 902 904 905
f 906 907 908
f 906 909 910
f 906 910 907
f 907 910 911
f 907 911 912
f 908 907 912
f 908 912 913
f 914 915 916
f 914 916 917
f 915 918 919
f 915 919 916
f 916 919 920
f 917 916 920
f 913 912 921
f 913 921 922
f 912 911 923
f 912 923 921
f 921 923 924
f 922 921 924
f 922 924 925
f 926 927 928
f 927 929 930
f 928 927 930
f 928 930 931
f 932 933 934
f 933 935 936
f 933 936 934
f 934 936 937
f 938 939 940
f 938 940 941
f 939 942 940
f 940 942 943
f 940 943 944
f 941 940 944
f 941 944 945
f 946 947 948
f 947 926 928
f 947 928 948
f 948 928 931
f 948 931 949
f 946 948 949
f 946 949 950
f 951 952 953
f 951 953 954
f 952 955 953
f 953 955 956
f 954 953 956
f 954 956 957
f 958 959 960
f 958 960 961
f 959 951 954
f 959 954 960
f 960 954 957
f 960 957 962
f 961 960 962
f 961 962 963
f 964 965 966
f 964 966 967
f 965 968 966
f 966 968 969
f 966 969 970
f 967 966 970
f 967 970 971
f 972 973 974
f 972 974 975
f 973 976 974
f 974 976 977
f 975 974 977
f 975 977 978
f 979 980 981
f 979 981 982
f 980 983 984
f 980 984 981
f 981 984 985
f 981 985 986
f 982 981 986
f 982 986 987
f 988 989 990
f 988 990 991
f 989 992 990
f 990 992 993
f 990 993 994
f 991 990 994
f 991 994 995
f 996 997 998
f 996 998 999
f 997 988 991
f 997 991 998
f 998 991 995
f 998 995 1000
f 999 998 1000
f 999 1000 1001
f 1002 1003 1004
f 1002 1004 1005
f 1003 1006 1007
f 1003 1007 1004
f 1004 1007 1008
f 1004 1008 1009
f 1005 1004 1009
f 1005 1009 1010
f 1011 1012 1013
f 1011 1013 1014
f 1012 1015 1016
f 1012 1016 1013
f 1013 1016 1017
f 1013 1017 1018
f 1014 1013 1018
f 1014 1018 1019
f 1020 1021 1022
f 1021 1023 1024
f 1021 1024 1022
f 1022 1024 1025
f 1022 1025 1026
f 1020 1022 1026
f 1020 1026 1027
f 1028 1029 1030
f 1029 1011 1014
f 1029 1014 1030
f 1030 1014 1019
f 1031 1032 1033
f 1031 1033 1034
f 1032 1035 1033
f 1033 1035 1036
f 1034 1033 1036
f 1034 1036 1037
f 1038 1039 1040
f 1038 1040 1041
f 1039 1042 1043
f 1039 1043 1040
f 1040 1043 1044
f 1040 1044 1045
f 1041 1040 1045
f 1041 1045 1046
f 1047 1048 1049
f 1047 1049 1050
f 1048 1051 1052
f 1048 1052 1049
f 1049 1052 1053
f 1049 1053 1054
f 1050 1049 1054
f 1050 1054 1055
f 1056 1057 1058
f 1056 1058 1059
f 1057 1060 1058
f 1058 1060 1061
f 1059 1058 1061
f 1059 1061 1062
f 1063 1064 1065
f 1064 1047 1050
f 1064 1050 1065
f 1065 1050 1055
f 1065 1055 1066
f 1063 1065 1066
f 1063 1066 1067
f 1068 1069 1070
f 1068 1070 1071
f 1069 1072 1073
f 1069 1073 1070
f 1070 1073 1074
f 1070 1074 1075
f 1071 1070 1075
f 1071 1075 1076
f 1077 1078 1079
f 1077 1079 1080
f 1078 1081 1082
f 1078 1082 1079
f 1079 1082 1083
f 1079 1083 1084
f 1080 1079 1084
f 1080 1084 1085
f 1086 1087 1088
f 1086 1088 1089
f 1087 1090 1091
f 1087 1091 1088
f 1088 1091 1081
f 1088 1081 1078
f 1089 1088 1078
f 1089 1078 1077
f 1092 1093 1094
f 1092 1094 1095
f 1093 1096 1097
f 1093 1097 1094
f 1094 1097 1072
f 1094 1072 1069
f 1095 1094 1069
f 1095 1069 1068
f 1098 1099 1100
f 1098 1100 1101
f 1099 1102 1103
f 1099 1103 1100
f 1100 1103 1104
f 1101 1100 1104
f 1105 1106 1107
f 1105 1108 1106
f 1106 1108 1109
f 1106 1109 1110
f 1107 1106 1110
f 1107 1110 1111
f 1112 1113 1114
f 1112 1115 1116
f 1112 1116 1113
f 1113 1116 1117
f 1113 1117 1118
f 1114 1113 1118
f 1114 1118 1119
f 1120 1121 1122
f 1120 1122 1123
f 1121 1124 1125
f 1121 1125 1122
f 1122 1125 1126
f 1123 1122 1126
f 1127 1128 1129
f 1127 1129 1130
f 1128 1131 1132
f 1128 1132 1129
f 1129 1132 1133
f 1129 1133 1134
f 1130 1129 1134
f 1130 1134 1135
f 1136 1137 1138
f 1136 1138 1139
f 1137 1140 1141
f 1137 1141 1138
f 1138 1141 1142
f 1139 1138 1142
f 1135 1134 1143
f 1135 1143 1144
f 1134 1133 1145
f 1134 1145 1143
f 1143 1145 1146
f 1144 1143 1146
f 1147 1148 1149
f 1147 1149 1150
f 1148 1151 1152
f 1148 1152 1149
f 1149 1152 1153
f 1149 1153 1154
f 1150 1149 1154
f 1150 1154 1155
f 1156 1157 1158
f 1156 1158 1159
f 1157 1160 1161
f 1157 1161 1158
f 1158 1161 1162
f 1158 1162 1163
f 1159 1158 1163
f 1159 1163 1164
f 1165 1166 1167
f 1165 1167 1168
f 1166 1169 1170
f 1166 1170 1167
f 1167 1170 1171
f 1167 1171 1172
f 1168 1167 1172
f 1168 1172 1173
f 1174 1175 1176
f 1174 1177 1178
f 1174 1178 1175
f 1175 1178 1160
f 1175 1160 1157
f 1176 1175 1157
f 1176 1157 1156
f 1179 1180 1181
f 1180 1182 1183
f 1180 1183 1181
f 1181 1183 1184
f 1179 1181 1184
f 1179 1184 1185
f 1186 1187 1188
f 1186 1188 1189
f 1187 1190 1188
f 1188 1190 1191
f 1188 1191 1192
f 1189 1188 1192
f 1193 1194 1195
f 1193 1195 1196
f 1194 1197 1198
f 1194 1198 1195
f 1195 1198 1199
f 1195 1199 1200
f 1196 1195 1200
f 1196 1200 1201
f 1202 1203 1204
f 1203 1205 1206
f 1203 1206 1204
f 1204 1206 1207
f 1204 1207 1208
f 1202 1204 1208
f 1209 1210 1211
f 1209 1211 1212
f 1210 1213 1214
f 1210 1214 1211
f 1211 1214 1215
f 1211 1215 1216
f 1212 1211 1216
f 1212 1216 1217
f 1218 1219 1220
f 1218 1220 1221
f 1219 746 743
f 1219 743 1220
f 1220 743 742
f 1220 742 1222
f 1221 1220 1222
f 1221 1222 1223
f 1224 1225 1226
f 1224 1227 1228
f 1224 1228 1225
f 1225 1228 1229
f 1225 1229 1230
f 1226 1225 1230
f 1226 1230 1231
f 1223 1222 1232
f 1223 1232 1233
f 1222 742 745
f 1222 745 1232
f 1232 745 750
f 1232 750 1234
f 1233 1232 1234
f 1233 1234 1235
f 1236 1237 1238
f 1237 1239 1240
f 1237 1240 1238
f 1238 1240 1241
f 1238 1241 1242
f 1236 1238 1242
f 1236 1242 1243
f 1244 1245 1246
f 1244 1246 1247
f 1245 1248 1246
f 1246 1248 1249
f 1246 1249 1250
f 1247 1246 1250
f 1247 1250 1251
f 1252 1253 1254
f 1252 1254 1255
f 1253 1256 1257
f 1253 1257 1254
f 1254 1257 1258
f 1254 1258 1259
f 1255 1254 1259
f 1255 1259 1260
f 1261 1262 1263
f 1261 1263 1264
f 1262 1244 1247
f 1262 1247 1263
f 1263 1247 1251
f 1263 1251 1265
f 1264 1263 1265
f 1264 1265 1266
f 1267 1268 1269
f 1270 1271 1268
f 1272 1269 1268
f 1272 1268 1271
f 1273 1274 1275
f 1276 1277 1278
f 1276 1278 1279
f 1280 1281 1282
f 1280 1282 1283
f 1284 1285 1282
f 1284 1282 1281
f 1286 1283 1282
f 1286 1282 1285
f 1287 1288 1289
f 1287 1289 1290
f 1288 1291 1292
f 1288 1292 1289
f 1289 1292 1293
f 1289 1293 1294
f 1290 1289 1294
f 1290 1294 1295
f 1270 1298 1297
f 1299 1296 1297
f 1299 1297 1298
f 1267 1273 1268
f 1300 1301 1302
f 1300 1302 1303
f 1301 1304 1305
f 1301 1305 1302
f 1302 1305 1306
f 1302 1306 1307
f 1303 1302 1307
f 1303 1307 1308
f 729 1309 1310
f 729 1310 1311
f 1309 1312 1313
f 1309 1313 1310
f 1310 1313 1314
f 1310 1314 1315
f 1311 1310 1315
f 1311 1315 1316
f 1312 1317 1318
f 1312 1318 1313
f 1317 1319 1320
f 1317 1320 1318
f 1318 1320 1321
f 1318 1321 1322
f 1313 1318 1322
f 1313 1322 1314
f 1314 1322 1323
f 1314 1323 1324
f 1322 1321 1325
f 1322 1325 1323
f 1323 1325 1326
f 1323 1326 1327
f 1324 1323 1327
f 1324 1327 1328
f 1316 1315 1329
f 1316 1329 1330
f 1315 1314 1324
f 1315 1324 1329
f 1329 1324 1328
f 1329 1328 1331
f 1330 1329 1331
f 1330 1331 1332
f 1332 1331 1333
f 1332 1333 1334
f 1331 1328 1335
f 1331 1335 1333
f 1333 1335 1336
f 1334 1333 1336
f 1334 1336 1337
f 1328 1327 1335
f 1327 1326 1335
f 1335 1338 1336
f 1336 1338 1339
f 1337 1336 1339
f 1337 1339 1341
f 1339 1340 1342
f 1341 1339 1342
f 1341 1342 1343
f 710 1344 1345
f 710 1345 741
f 1344 1346 1347
f 1344 1347 1345
f 1345 1347 1348
f 1345 1348 1349
f 741 1345 1349
f 741 1349 734
f 1346 1350 1351
f 1346 1351 1347
f 1350 1352 1353
f 1350 1353 1351
f 1351 1353 1354
f 1351 1354 1355
f 1347 1351 1355
f 1347 1355 1348
f 1348 1355 1356
f 1348 1356 1357
f 1355 1354 1358
f 1355 1358 1356
f 1356 1358 1319
f 1356 1319 1317
f 1357 1356 1317
f 1357 1317 1312
f 734 1349 1359
f 734 1359 732
f 1349 1348 1357
f 1349 1357 1359
f 1359 1357 1312
f 1359 1312 1309
f 732 1359 1309
f 732 1309 729
f 693 1360 1361
f 693 1361 705
f 1361 1360 1362
f 1361 1362 707
f 705 1361 707
f 1360 1363 1364
f 1363 1365 1366
f 1363 1366 1364
f 1364 1366 1367
f 1364 1367 1368
f 1360 1364 1368
f 1360 1368 1362
f 1362 1368 1369
f 1362 1369 1370
f 1368 1367 1371
f 1368 1371 1369
f 1369 1371 1352
f 1369 1352 1350
f 1370 1369 1350
f 1370 1350 1346
f 707 1370 709
f 707 1362 1370
f 1370 1346 1344
f 709 1370 1344
f 709 1344 710
f 679 1372 685
f 1372 1373 1374
f 685 1372 1374
f 685 1374 687
f 1375 1376 1377
f 1373 1375 1374
f 1374 1375 1378
f 1374 1378 1360
f 1375 1377 1379
f 1375 1379 1378
f 1378 1379 1365
f 1378 1365 1363
f 1360 1378 1363
f 687 1374 1380
f 687 1380 691
f 1374 1360 1380
f 691 1380 1360
f 691 1360 693
f 1381 1382 1383
f 1381 1383 1384
f 1382 1385 1386
f 1382 1386 1383
f 1383 1386 1387
f 1383 1387 1388
f 1384 1383 1388
f 1384 1388 1389
f 1385 1390 1391
f 1385 1391 1386
f 1390 1392 1393
f 1390 1393 1391
f 1391 1393 1394
f 1391 1394 1395
f 1386 1391 1395
f 1386 1395 1387
f 1387 1395 1396
f 1387 1396 1397
f 1395 1394 1398
f 1395 1398 1396
f 1396 1398 1375
f 1397 1396 1375
f 1397 1375 1373
f 1389 1388 1399
f 1389 1399 1400
f 1388 1387 1397
f 1388 1397 1399
f 1399 1397 1373
f 1399 1373 1372
f 1400 1399 1372
f 1400 1372 679
f 1392 1390 1401
f 1392 1401 1402
f 1390 1385 1403
f 1390 1403 1401
f 1401 1403 1404
f 1402 1401 1404
f 1402 1404 1405
f 1381 1406 1407
f 1381 1407 1382
f 1406 1408 1404
f 1406 1404 1407
f 1407 1404 1403
f 1382 1407 1403
f 1382 1403 1385
f 1409 1410 1411
f 1409 1411 1412
f 1410 1405 1404
f 1410 1404 1411
f 1412 1411 1404
f 1412 1404 1408
f 1413 1414 1415
f 1413 1415 1416
f 1414 1417 1418
f 1414 1418 1415
f 1415 1418 1419
f 1415 1419 1420
f 1416 1415 1420
f 1416 1420 1421
f 1422 1423 1424
f 1422 1424 1425
f 1423 1426 1427
f 1423 1427 1424
f 1424 1427 1428
f 1424 1428 1429
f 1425 1424 1429
f 1425 1429 1430
f 1421 1420 1431
f 1421 1431 1432
f 1420 1419 1433
f 1420 1433 1431
f 1431 1433 1434
f 1431 1434 1435
f 1432 1431 1435
f 1432 1435 1436
f 1437 1438 1439
f 1437 1439 1440
f 1438 1441 1442
f 1438 1442 1439
f 1439 1442 1443
f 1439 1443 1444
f 1440 1439 1444
f 1440 1444 1445
f 1409 1446 1447
f 1409 1447 1448
f 1446 1449 1447
f 1448 1447 1449
f 1448 1449 1450
f 1343 1342 1451
f 1343 1451 1452
f 1342 1340 1451
f 1452 1451 1449
f 1340 1453 1451
f 1453 1450 1449
f 1453 1449 1451
f 658 1454 1455
f 658 1455 659
f 1455 1454 1456
f 659 1455 1456
f 659 1456 656
f 1457 1458 1456
f 1457 1456 1454
f 661 656 1456
f 661 1456 1459
f 1459 1456 1458
f 1460 1461 1462
f 1460 1462 1463
f 1461 1464 1465
f 1461 1465 1462
f 1462 1465 1466
f 1462 1466 1467
f 1463 1462 1467
f 1463 1467 1468
f 1469 661 1459
f 1469 1459 1464
f 1464 1459 1458
f 1465 1464 1458
f 1465 1458 1466
f 1466 1458 1457
f 658 779 1454
f 779 780 1454
f 785 1470 781
f 1470 1457 1454
f 1470 1454 781
f 781 1454 780
f 1467 1466 1471
f 1466 1457 1471
f 1471 1457 1470
f 1470 785 1472
f 1471 1470 1472
f 1471 1472 1473
f 1468 1467 1474
f 1468 1474 1475
f 1467 1471 1474
f 1474 1471 1473
f 1474 1473 1476
f 1475 1474 1476
f 1475 1476 1477
f 1478 1479 1480
f 1478 1480 1481
f 1479 1482 1483
f 1479 1483 1480
f 1480 1483 1484
f 1481 1480 1484
f 1477 1476 1485
f 1477 1485 1486
f 1476 1473 1487
f 1476 1487 1485
f 1485 1487 1483
f 1486 1485 1483
f 1486 1483 1482
f 785 1488 1487
f 785 1487 1472
f 1488 1484 1487
f 1487 1484 1483
f 1472 1487 1473
f 785 1489 1490
f 785 1490 1488
f 1489 1491 1490
f 1490 1491 1492
f 1488 1490 1492
f 1488 1492 1484
f 1493 1494 1495
f 1493 1495 1496
f 1494 1497 1495
f 1495 1497 1491
f 1496 1495 1491
f 1478 1481 1498
f 1481 1484 1492
f 1481 1492 1498
f 1498 1492 1491
f 1498 1491 1497
f 661 1469 1499
f 661 1499 662
f 1469 1464 1499
f 662 1499 1500
f 662 1500 663
f 1464 1461 1499
f 1461 1460 1501
f 1461 1501 1499
f 1499 1501 1502
f 1499 1502 1500
f 1500 1502 1504
f 1500 1504 1503
f 1503 1504 1505
f 1503 1505 1506
f 1500 1503 663
f 663 1503 1506
f 1507 1508 1509
f 1507 1509 1510
f 1508 1511 1512
f 1508 1512 1509
f 1509 1512 1513
f 1509 1513 1514
f 1510 1509 1514
f 1510 1514 1515
f 1511 1516 1517
f 1511 1517 1512
f 1516 1518 1517
f 1517 1518 1519
f 1517 1519 1520
f 1512 1517 1520
f 1512 1520 1513
f 1267 1269 1521
f 1267 1521 1522
f 1269 1272 1523
f 1269 1523 1521
f 1521 1523 1497
f 1521 1497 1494
f 1522 1521 1494
f 1522 1494 1493
f 1524 1525 1526
f 1525 1527 1528
f 1525 1528 1526
f 1526 1528 1529
f 1526 1529 1530
f 1524 1526 1530
f 1524 1530 1531
f 1478 1498 1272
f 1497 1523 1498
f 1272 1498 1523
f 1532 1533 1534
f 1532 1534 1535
f 1533 1536 1537
f 1533 1537 1534
f 1534 1537 1538
f 1534 1538 1539
f 1535 1534 1539
f 1535 1539 1540
f 1541 1542 1543
f 1541 1543 1544
f 1542 1545 1543
f 1543 1545 1546
f 1544 1543 1546
f 1544 1546 1547
f 1548 1549 1550
f 1549 1551 1552
f 1549 1552 1550
f 1550 1552 1553
f 1550 1553 1554
f 1548 1550 1554
f 1555 1556 1557
f 1555 1557 1558
f 1556 1541 1544
f 1556 1544 1557
f 1557 1544 1547
f 1557 1547 1559
f 1558 1557 1559
f 1558 1559 1560
f 1561 1562 1563
f 1561 1563 1564
f 1562 1565 1566
f 1562 1566 1563
f 1563 1566 1567
f 1563 1567 1568
f 1564 1563 1568
f 1564 1568 1569
f 1570 1571 1572
f 1570 1572 1573
f 1571 1574 1575
f 1571 1575 1572
f 1572 1575 1576
f 1573 1572 1576
f 1577 1578 1579
f 1577 1579 1580
f 1578 1581 1582
f 1578 1582 1579
f 1579 1582 1583
f 1579 1583 1584
f 1580 1579 1584
f 1585 1586 1587
f 1585 1587 1588
f 1586 1589 1590
f 1586 1590 1587
f 1587 1590 1591
f 1587 1591 1592
f 1588 1587 1592
f 1588 1592 1593
f 1381 1384 1594
f 1381 1594 1595
f 1384 1389 1596
f 1384 1596 1594
f 1594 1596 1597
f 1595 1594 1597
f 1595 1597 1598
f 679 1599 1600
f 679 1600 1400
f 1599 1601 1602
f 1599 1602 1600
f 1600 1602 1596
f 1400 1600 1596
f 1400 1596 1389
f 1603 1604 1605
f 1603 1605 1606
f 1604 1598 1597
f 1604 1597 1605
f 1605 1597 1596
f 1605 1596 1602
f 1606 1605 1602
f 1606 1602 1601
f 663 1607 674
f 663 1506 1608
f 663 1608 1607
f 1607 1608 1609
f 1607 1609 1610
f 674 1607 1610
f 674 1610 675
f 1506 1611 1608
f 1506 1505 1612
f 1506 1612 1611
f 1611 1612 1613
f 1611 1613 1614
f 1608 1611 1614
f 1608 1614 1609
f 1609 1614 1615
f 1609 1615 1616
f 1614 1613 1617
f 1614 1617 1615
f 1615 1617 1603
f 1615 1603 1606
f 1616 1615 1606
f 1616 1606 1601
f 675 1610 1618
f 675 1618 677
f 1610 1609 1616
f 1610 1616 1618
f 1618 1616 1601
f 1618 1601 1599
f 677 1618 1599
f 677 1599 679
f 1619 1620 1621
f 1620 1622 1623
f 1620 1623 1621
f 1621 1623 1624
f 1621 1624 1625
f 1619 1621 1625
f 1619 1625 1626
f 1627 1628 1629
f 1627 1629 1630
f 1628 1631 1629
f 1629 1631 1632
f 1629 1632 1633
f 1630 1629 1633
f 1630 1633 1634
f 1280 1636 1635
f 1536 1638 1639
f 1536 1639 1537
f 1638 1627 1630
f 1638 1630 1639
f 1639 1630 1634
f 1639 1634 1640
f 1537 1639 1640
f 1537 1640 1538
f 1643 1644 1645
f 1642 1643 1646
f 1647 1648 1649
f 1647 1649 1650
f 1644 1647 1650
f 1644 1650 1645
f 1645 1650 1651
f 1645 1651 1652
f 1650 1649 1653
f 1650 1653 1651
f 1651 1653 1654
f 1651 1654 1655
f 1652 1651 1655
f 1652 1655 1656
f 1646 1643 1657
f 1643 1645 1652
f 1643 1652 1657
f 1657 1652 1656
f 1657 1656 1658
f 1646 1657 1658
f 1646 1658 1659
f 1660 1661 1662
f 1660 1662 1663
f 1661 1664 1665
f 1661 1665 1662
f 1662 1665 1666
f 1662 1666 1667
f 1663 1662 1667
f 1663 1667 1668
f 1664 1669 1670
f 1664 1670 1665
f 1669 1671 1672
f 1669 1672 1670
f 1670 1672 1673
f 1670 1673 1674
f 1665 1670 1674
f 1665 1674 1666
f 1666 1674 1675
f 1666 1675 1676
f 1674 1673 1677
f 1674 1677 1675
f 1675 1677 1678
f 1675 1678 1679
f 1676 1675 1679
f 1676 1679 1680
f 1668 1667 1681
f 1668 1681 1682
f 1667 1666 1676
f 1667 1676 1681
f 1681 1676 1680
f 1681 1680 1683
f 1682 1681 1683
f 1682 1683 1684
f 1686 1687 1688
f 1685 1686 1688
f 1685 1688 1689
f 1690 1691 1692
f 1687 1690 1692
f 1687 1692 1693
f 1689 1688 1694
f 1688 1687 1693
f 1688 1693 1695
f 1694 1688 1695
f 1694 1695 1696
f 1698 1699 1700
f 1698 1700 1701
f 1698 1701 1702
f 1697 1698 1702
f 1697 1702 1703
f 1699 1704 1705
f 1699 1705 1700
f 1704 1706 1707
f 1704 1707 1705
f 1705 1707 1708
f 1705 1708 1709
f 1700 1705 1709
f 1700 1709 1701
f 1701 1709 1710
f 1701 1710 1711
f 1709 1708 1712
f 1709 1712 1710
f 1710 1712 1713
f 1710 1713 1714
f 1711 1710 1714
f 1711 1714 1715
f 1703 1702 1716
f 1703 1716 1717
f 1702 1701 1711
f 1702 1711 1716
f 1716 1711 1715
f 1716 1715 1718
f 1717 1716 1718
f 1717 1718 1719
f 1721 1722 1723
f 1721 1723 1724
f 1720 1721 1724
f 1720 1724 1725
f 1726 1727 1728
f 1722 1726 1723
f 1723 1726 1644
f 1726 1728 1648
f 1726 1648 1647
f 1644 1726 1647
f 1724 1723 1644
f 1724 1644 1643
f 1725 1724 1643
f 1725 1643 1642
f 1729 1730 1731
f 1729 1731 1732
f 1691 1729 1732
f 1730 1733 1734
f 1733 1660 1663
f 1733 1663 1734
f 1734 1663 1668
f 1734 1668 1735
f 1730 1734 1735
f 1730 1735 1731
f 1731 1735 1736
f 1731 1736 1737
f 1735 1668 1682
f 1735 1682 1736
f 1736 1682 1684
f 1736 1684 1738
f 1737 1736 1738
f 1737 1738 1739
f 1732 1731 1737
f 1732 1737 1739
f 1706 1740 1707
f 1740 1741 1742
f 1740 1742 1743
f 1707 1740 1743
f 1707 1743 1708
f 1744 1685 1689
f 1744 1689 1745
f 1741 1744 1745
f 1741 1745 1742
f 1742 1745 1746
f 1742 1746 1747
f 1745 1689 1694
f 1745 1694 1746
f 1746 1694 1696
f 1746 1696 1748
f 1747 1746 1748
f 1747 1748 1749
f 1708 1743 1750
f 1708 1750 1712
f 1743 1742 1747
f 1743 1747 1750
f 1750 1747 1749
f 1750 1749 1751
f 1712 1750 1751
f 1712 1751 1713
f 1752 1753 1754
f 1752 1754 1755
f 1727 1752 1755
f 1727 1755 1728
f 1756 1697 1703
f 1756 1703 1757
f 1753 1756 1757
f 1753 1757 1754
f 1754 1757 1758
f 1754 1758 1759
f 1757 1703 1717
f 1757 1717 1758
f 1758 1717 1719
f 1758 1719 1760
f 1759 1758 1760
f 1759 1760 1761
f 1755 1754 1759
f 1755 1759 1761
f 1755 1761 1762
f 1728 1755 1762
f 1728 1762 1648
f 1671 1763 1764
f 1671 1764 1672
f 1763 1765 1764
f 1764 1765 1766
f 1764 1766 1767
f 1672 1764 1767
f 1672 1767 1673
f 1768 1720 1725
f 1768 1725 1769
f 1765 1768 1769
f 1765 1769 1766
f 1766 1769 1770
f 1766 1770 1771
f 1769 1725 1770
f 1770 1725 1642
f 1770 1642 1772
f 1771 1770 1772
f 1771 1772 1773
f 1673 1767 1774
f 1673 1774 1677
f 1767 1766 1771
f 1767 1771 1774
f 1774 1771 1773
f 1774 1773 1775
f 1677 1774 1775
f 1677 1775 1678
f 1776 1777 1778
f 1776 1778 1779
f 1777 1780 1781
f 1777 1781 1778
f 1780 1782 1783
f 1780 1783 1781
f 1782 1784 1785
f 1782 1785 1783
f 1781 1783 1768
f 1781 1768 1765
f 1783 1785 1768
f 1768 1785 1720
f 1778 1781 1765
f 1778 1765 1763
f 1779 1778 1763
f 1779 1763 1671
f 1786 1787 1788
f 1786 1788 1789
f 1787 1790 1791
f 1787 1791 1788
f 1788 1791 1792
f 1790 1793 1794
f 1790 1794 1795
f 1793 1796 1794
f 1795 1794 1797
f 1792 1798 1756
f 1792 1756 1753
f 1798 1799 1697
f 1798 1697 1756
f 1789 1788 1752
f 1789 1752 1727
f 1788 1792 1753
f 1788 1753 1752
f 1801 1802 1803
f 1801 1803 1804
f 1800 1801 1805
f 1806 1807 1808
f 1806 1808 1809
f 1807 1810 1811
f 1807 1811 1808
f 1808 1811 1812
f 1813 1814 1744
f 1813 1744 1741
f 1814 1810 1685
f 1814 1685 1744
f 1815 1816 1740
f 1815 1740 1706
f 1816 1813 1741
f 1816 1741 1740
f 1817 1818 1819
f 1817 1819 1820
f 1818 1821 1822
f 1818 1822 1819
f 1821 1823 1824
f 1821 1824 1822
f 1823 1825 1826
f 1823 1826 1824
f 1822 1824 1730
f 1824 1826 1660
f 1824 1660 1733
f 1730 1824 1733
f 1820 1819 1729
f 1819 1822 1730
f 1819 1730 1729
f 1820 1729 1691
f 1784 1827 1828
f 1784 1828 1785
f 1827 1829 1830
f 1827 1830 1828
f 1829 1831 1832
f 1829 1832 1830
f 1831 1786 1789
f 1831 1789 1832
f 1830 1832 1726
f 1830 1726 1722
f 1832 1789 1727
f 1832 1727 1726
f 1828 1830 1722
f 1828 1722 1721
f 1785 1828 1721
f 1785 1721 1720
f 1833 1834 1835
f 1834 1836 1837
f 1834 1837 1838
f 1835 1834 1838
f 1835 1838 1839
f 1836 1834 1840
f 1836 1840 1841
f 1834 1833 1842
f 1834 1842 1840
f 1840 1842 1843
f 1840 1843 1844
f 1841 1840 1844
f 1836 1845 1846
f 1836 1846 1847
f 1845 1815 1706
f 1845 1706 1846
f 1846 1706 1704
f 1847 1846 1704
f 1847 1704 1699
f 1799 1848 1849
f 1799 1849 1697
f 1848 1836 1847
f 1848 1847 1849
f 1849 1847 1699
f 1849 1699 1698
f 1697 1849 1698
f 1810 1814 1850
f 1810 1850 1811
f 1814 1813 1851
f 1814 1851 1850
f 1811 1850 1812
f 1852 1853 1854
f 1852 1854 1855
f 1853 1817 1820
f 1853 1820 1854
f 1855 1854 1806
f 1806 1854 1690
f 1806 1690 1687
f 1854 1820 1690
f 1690 1820 1691
f 1810 1807 1686
f 1810 1686 1685
f 1807 1806 1687
f 1807 1687 1686
f 1825 1856 1857
f 1825 1857 1826
f 1856 1858 1859
f 1856 1859 1857
f 1858 1860 1861
f 1858 1861 1859
f 1860 1776 1779
f 1860 1779 1861
f 1861 1779 1671
f 1861 1671 1669
f 1859 1861 1669
f 1859 1669 1664
f 1857 1859 1664
f 1857 1664 1661
f 1826 1857 1661
f 1826 1661 1660
f 1863 1864 1865
f 1863 1865 1866
f 1863 1866 1867
f 1862 1863 1867
f 1864 1868 1869
f 1864 1869 1865
f 1868 1870 1871
f 1868 1871 1869
f 1869 1871 1872
f 1869 1872 1873
f 1865 1869 1873
f 1865 1873 1866
f 1866 1873 1874
f 1873 1872 1875
f 1873 1875 1874
f 1874 1875 1876
f 1866 1874 1876
f 1862 1867 1877
f 1867 1866 1878
f 1877 1867 1878
f 1877 1878 1879
f 1880 1881 1882
f 1881 1883 1884
f 1881 1884 1885
f 1882 1881 1885
f 1882 1885 1886
f 1887 1888 1889
f 1887 1889 1890
f 1883 1887 1890
f 1883 1890 1884
f 1884 1890 1891
f 1884 1891 1892
f 1890 1889 1893
f 1890 1893 1891
f 1891 1893 1894
f 1891 1894 1895
f 1892 1891 1895
f 1892 1895 1896
f 1886 1885 1897
f 1886 1897 1898
f 1885 1884 1892
f 1885 1892 1897
f 1897 1892 1896
f 1897 1896 1899
f 1898 1897 1899
f 1898 1899 1603
f 1654 1900 1901
f 1654 1901 1902
f 1900 1903 1904
f 1900 1904 1901
f 1901 1904 1905
f 1901 1905 1906
f 1902 1901 1906
f 1902 1906 1907
f 1903 1908 1909
f 1903 1909 1904
f 1908 1910 1911
f 1908 1911 1909
f 1909 1911 1912
f 1909 1912 1913
f 1904 1909 1913
f 1904 1913 1905
f 1905 1913 1914
f 1905 1914 1915
f 1913 1912 1916
f 1913 1916 1914
f 1914 1916 1505
f 1914 1505 1504
f 1915 1914 1504
f 1915 1504 1502
f 1907 1906 1917
f 1907 1917 1918
f 1905 1915 1917
f 1905 1917 1906
f 1502 1918 1917
f 1502 1917 1915
f 1919 1920 1921
f 1919 1921 1922
f 1920 1923 1924
f 1920 1924 1921
f 1921 1924 1925
f 1921 1925 1926
f 1922 1921 1926
f 1922 1926 1927
f 1923 1928 1929
f 1923 1929 1924
f 1928 1659 1930
f 1928 1930 1929
f 1929 1930 1931
f 1929 1931 1932
f 1924 1929 1932
f 1924 1932 1925
f 1925 1932 1933
f 1925 1933 1934
f 1932 1931 1935
f 1932 1935 1933
f 1933 1935 1936
f 1933 1936 1937
f 1934 1933 1937
f 1934 1937 1938
f 1927 1926 1939
f 1927 1939 1940
f 1926 1925 1934
f 1926 1934 1939
f 1939 1934 1938
f 1939 1938 1941
f 1940 1939 1941
f 1940 1941 1942
f 1870 1943 1871
f 1943 1944 1945
f 1943 1945 1946
f 1871 1943 1946
f 1871 1946 1872
f 1944 1947 1948
f 1947 1919 1922
f 1947 1922 1948
f 1948 1922 1927
f 1948 1927 1949
f 1944 1948 1949
f 1944 1949 1945
f 1945 1949 1950
f 1945 1950 1951
f 1949 1927 1940
f 1949 1940 1950
f 1950 1940 1942
f 1950 1942 1952
f 1951 1950 1952
f 1951 1952 1953
f 1872 1946 1954
f 1872 1954 1875
f 1946 1945 1951
f 1946 1951 1954
f 1954 1951 1953
f 1954 1953 1955
f 1875 1954 1955
f 1956 1957 1958
f 1956 1958 1959
f 1888 1956 1959
f 1888 1959 1889
f 1960 1862 1961
f 1957 1960 1961
f 1957 1961 1958
f 1958 1961 1962
f 1961 1862 1877
f 1961 1877 1879
f 1961 1879 1963
f 1962 1961 1963
f 1962 1963 1964
f 1889 1959 1965
f 1889 1965 1893
f 1959 1958 1962
f 1959 1962 1965
f 1965 1962 1964
f 1965 1964 1966
f 1893 1965 1966
f 1893 1966 1894
f 1910 1967 1968
f 1910 1968 1911
f 1967 1969 1970
f 1967 1970 1968
f 1968 1970 1971
f 1968 1971 1972
f 1911 1968 1972
f 1911 1972 1912
f 1969 1973 1974
f 1969 1974 1970
f 1973 1880 1882
f 1973 1882 1974
f 1974 1882 1886
f 1974 1886 1975
f 1970 1974 1975
f 1970 1975 1971
f 1971 1975 1976
f 1971 1976 1977
f 1975 1886 1898
f 1975 1898 1976
f 1976 1898 1603
f 1976 1603 1617
f 1977 1976 1617
f 1977 1617 1613
f 1912 1972 1978
f 1912 1978 1916
f 1972 1971 1977
f 1972 1977 1978
f 1978 1977 1613
f 1978 1613 1612
f 1916 1978 1612
f 1916 1612 1505
f 1732 1739 1979
f 1739 1738 1980
f 1739 1980 1979
f 1738 1684 1981
f 1738 1981 1980
f 1979 1980 1868
f 1979 1868 1864
f 1980 1981 1870
f 1980 1870 1868
f 1691 1732 1863
f 1732 1979 1864
f 1732 1864 1863
f 1691 1863 1862
f 1713 1751 1982
f 1713 1982 1983
f 1751 1749 1984
f 1751 1984 1982
f 1982 1984 1985
f 1982 1985 1986
f 1983 1982 1986
f 1983 1986 1987
f 1749 1748 1988
f 1749 1988 1984
f 1748 1696 1989
f 1748 1989 1988
f 1988 1989 1990
f 1988 1990 1991
f 1984 1988 1991
f 1984 1991 1985
f 1985 1991 1887
f 1985 1887 1883
f 1991 1990 1888
f 1991 1888 1887
f 1987 1986 1881
f 1987 1881 1880
f 1986 1985 1883
f 1986 1883 1881
f 1648 1762 1992
f 1762 1761 1993
f 1762 1993 1992
f 1992 1993 1994
f 1992 1994 1995
f 1648 1992 1995
f 1648 1995 1649
f 1761 1760 1996
f 1761 1996 1993
f 1760 1719 1997
f 1760 1997 1996
f 1996 1997 1998
f 1996 1998 1999
f 1993 1996 1999
f 1993 1999 1994
f 1994 1999 2000
f 1994 2000 2001
f 1999 1998 2002
f 1999 2002 2000
f 2000 2002 1910
f 2000 1910 1908
f 2001 2000 1908
f 2001 1908 1903
f 1649 1995 2003
f 1649 2003 1653
f 1995 1994 2001
f 1995 2001 2003
f 2003 2001 1903
f 2003 1903 1900
f 1653 2003 1900
f 1653 1900 1654
f 1678 1775 2004
f 1678 2004 2005
f 1775 1773 2004
f 1772 1642 1646
f 1772 1646 2006
f 1773 1772 2006
f 2006 1646 1659
f 2006 1659 1928
f 1773 2006 1928
f 1773 1928 1923
f 2005 2004 2007
f 2005 2007 1919
f 2004 1773 2007
f 2007 1773 1923
f 2007 1923 1920
f 1919 2007 1920
f 1684 1683 2008
f 1684 2008 1981
f 1683 1680 2009
f 1683 2009 2008
f 1680 1679 2010
f 1680 2010 2009
f 1679 1678 2005
f 1679 2005 2010
f 2009 2010 1947
f 2009 1947 1944
f 2010 2005 1919
f 2010 1919 1947
f 1981 2008 1943
f 1981 1943 1870
f 2008 2009 1944
f 2008 1944 1943
f 1696 1695 1989
f 1989 1695 1990
f 1693 1692 1960
f 1693 1960 1957
f 1692 1691 1960
f 1960 1691 1862
f 1990 1695 1956
f 1990 1956 1888
f 1695 1693 1957
f 1695 1957 1956
f 1719 1718 2011
f 1719 2011 1997
f 1718 1715 2012
f 1718 2012 2011
f 2011 2012 2013
f 2011 2013 2014
f 1997 2011 2014
f 1997 2014 1998
f 1715 1714 2015
f 1715 2015 2012
f 1714 1713 1983
f 1714 1983 2015
f 2015 1983 1987
f 2015 1987 2016
f 2012 2015 2016
f 2012 2016 2013
f 2013 2016 2017
f 2013 2017 2018
f 2016 1987 1880
f 2016 1880 2017
f 2017 1880 1973
f 2018 2017 1973
f 2018 1973 1969
f 1998 2014 2019
f 1998 2019 2002
f 2014 2013 2018
f 2014 2018 2019
f 2019 2018 1969
f 2019 1969 1967
f 2002 2019 1967
f 2002 1967 1910
f 2022 1477 1486
f 2022 1486 2020
f 2020 1486 1482
f 2020 1482 2023
f 2020 2023 2021
f 2021 2023 2024
f 2021 2024 2025
f 2023 1482 1479
f 2023 1479 2024
f 2024 1479 1478
f 2024 1478 2026
f 2025 2024 2026
f 2025 2026 2027
f 2025 2027 1296
f 2029 2030 2031
f 2029 2031 2032
f 2028 2029 2032
f 2028 2032 2033
f 2034 2020 2021
f 2034 2021 2035
f 2030 2034 2035
f 2030 2035 2031
f 2031 2035 2036
f 2031 2036 2037
f 2035 2021 2025
f 2035 2025 2036
f 2036 2025 1296
f 2037 2036 1296
f 2037 1296 1299
f 2033 2032 2038
f 2033 2038 2039
f 2032 2031 2037
f 2032 2037 2038
f 2038 2037 1299
f 2038 1299 2040
f 2039 2038 2040
f 2039 2040 1275
f 2042 2043 2044
f 2042 2044 2045
f 2042 2045 2046
f 2041 2042 2046
f 2041 2046 2047
f 2043 2048 2049
f 2043 2049 2044
f 2048 2050 2051
f 2048 2051 2049
f 2049 2051 2052
f 2049 2052 2053
f 2044 2049 2053
f 2044 2053 2045
f 2045 2053 2054
f 2045 2054 2055
f 2053 2052 2056
f 2053 2056 2054
f 2054 2056 1308
f 2054 1308 1307
f 2055 2054 1307
f 2055 1307 1306
f 2047 2046 2057
f 2047 2057 2058
f 2046 2045 2055
f 2046 2055 2057
f 2057 2055 1306
f 2057 1306 2059
f 2058 2057 2059
f 2058 2059 2060
f 2050 2061 2062
f 2050 2062 2051
f 2061 2063 2064
f 2061 2064 2062
f 2062 2064 2065
f 2062 2065 2066
f 2051 2062 2066
f 2051 2066 2052
f 2063 2067 2064
f 2067 2028 2033
f 2067 2033 2068
f 2064 2067 2068
f 2064 2068 2065
f 2065 2068 2069
f 2065 2069 2070
f 2068 2033 2039
f 2068 2039 2069
f 2069 2039 1275
f 2070 2069 1275
f 2052 2066 2071
f 2052 2071 2056
f 2066 2065 2070
f 2066 2070 2071
f 2071 2070 1275
f 2071 1275 2072
f 2056 2071 2072
f 2056 2072 1308
f 1879 1878 2073
f 1879 2073 2074
f 1878 1866 2075
f 1878 2075 2073
f 2074 2073 2076
f 1866 1876 2075
f 2073 2075 2077
f 2073 2077 2078
f 2076 2073 2078
f 2076 2078 2079
f 1876 1875 2080
f 1876 2080 2081
f 2075 1876 2081
f 2075 2081 2077
f 2081 2080 2028
f 2081 2028 2067
f 2077 2081 2067
f 2077 2067 2063
f 2078 2077 2063
f 2078 2063 2061
f 2079 2078 2061
f 2079 2061 2050
f 1936 2082 2083
f 1936 2083 2084
f 2082 2085 2086
f 2082 2086 2083
f 2083 2086 2087
f 2083 2087 2088
f 2084 2083 2088
f 2085 2089 2090
f 2085 2090 2086
f 2089 1460 1463
f 2089 1463 2090
f 2090 1463 1468
f 2090 1468 2091
f 2086 2090 2091
f 2086 2091 2087
f 2087 2091 2092
f 2088 2087 2084
f 2084 2087 2092
f 1894 1966 2093
f 1894 2093 2094
f 1966 1964 2095
f 1966 2095 2093
f 2093 2095 2096
f 2093 2096 2097
f 2094 2093 2097
f 2094 2097 2098
f 1964 1963 2099
f 1964 2099 2095
f 1963 1879 2074
f 1963 2074 2099
f 2099 2074 2076
f 2099 2076 2100
f 2095 2099 2100
f 2095 2100 2096
f 2096 2100 2101
f 2096 2101 2102
f 2100 2076 2101
f 2102 2101 2103
f 2098 2097 2104
f 2098 2104 2105
f 2097 2096 2102
f 2097 2102 2104
f 2104 2102 2103
f 2104 2103 2106
f 2105 2104 2106
f 2105 2106 2107
f 2107 2106 2108
f 2106 2103 2108
f 2101 2076 2079
f 2103 2101 2048
f 2103 2048 2043
f 2101 2079 2048
f 2048 2079 2050
f 2107 2108 2041
f 2108 2103 2043
f 2108 2043 2042
f 2041 2108 2042
f 1955 1953 2109
f 1953 1952 2110
f 1953 2110 2109
f 1952 1942 2111
f 1952 2111 2110
f 1875 1955 2080
f 2110 2111 2020
f 2110 2020 2034
f 2109 2110 2034
f 2109 2034 2030
f 2080 1955 2029
f 1955 2109 2029
f 2029 2109 2030
f 2080 2029 2028
f 1942 1941 2112
f 1942 2112 2111
f 1941 1938 2113
f 1941 2113 2112
f 1938 1937 2084
f 1938 2084 2113
f 1937 1936 2084
f 2113 2084 2114
f 2112 2113 2115
f 2113 2114 2116
f 2113 2116 2115
f 2114 2084 2116
f 2116 2117 2118
f 2115 2116 2118
f 2115 2118 2119
f 2115 2119 2022
f 2118 2117 2120
f 2118 2120 2119
f 2119 2120 1477
f 2119 1477 2022
f 2111 2112 2020
f 2112 2115 2022
f 2112 2022 2020
f 1659 1658 2121
f 1659 2121 1930
f 1658 1656 2122
f 1658 2122 2121
f 2121 2122 2123
f 2121 2123 2124
f 1930 2121 2124
f 1930 2124 1931
f 1656 1655 2125
f 1656 2125 2122
f 1655 1654 1902
f 1655 1902 2125
f 2125 1902 1907
f 2125 1907 2126
f 2122 2125 2126
f 2122 2126 2123
f 2123 2126 2127
f 2123 2127 2128
f 2126 1907 2129
f 2126 2129 2127
f 2127 2129 1460
f 2127 1460 2089
f 2128 2127 2089
f 2128 2089 2085
f 1931 2124 2130
f 1931 2130 1935
f 2124 2123 2128
f 2124 2128 2130
f 2130 2128 2085
f 2130 2085 2082
f 1935 2130 2082
f 1935 2082 1936
f 2092 2116 2084
f 2117 2116 2092
f 2092 2091 2131
f 1468 2131 2091
f 1641 2132 2157
f 2132 2133 2134
f 2132 2135 2133
f 2133 2135 1784
f 2133 1784 1782
f 2134 2133 1782
f 2134 1782 1780
f 2157 2132 2136
f 2157 2136 2137
f 2132 2134 2136
f 2136 2134 1780
f 2136 1780 1777
f 2137 2136 1777
f 2137 1777 1776
f 1641 2138 2132
f 2138 2139 2140
f 2138 2141 2139
f 2139 2141 1786
f 2139 1786 1831
f 2140 2139 1831
f 2140 1831 1829
f 2132 2138 2142
f 2132 2142 2135
f 2138 2140 2142
f 2142 2140 1829
f 2142 1829 1827
f 2135 2142 1827
f 2135 1827 1784
f 1641 1796 2138
f 2138 1796 1793
f 2138 1793 1790
f 2138 2143 2141
f 2143 2138 1790
f 2143 1790 1787
f 2141 2143 1787
f 2141 1787 1786
f 1641 1800 2144
f 1641 2144 1796
f 2144 1833 2145
f 1796 2144 2145
f 1641 2146 1802
f 1641 1802 1801
f 1641 1801 1800
f 2147 2149 2148
f 2148 2149 1817
f 2148 1817 1853
f 2147 2148 1853
f 2147 1853 1852
f 1641 2147 2150
f 2150 2147 1852
f 2150 1852 2151
f 1641 2150 2151
f 2152 2153 2154
f 2152 2155 2153
f 2153 2155 1825
f 2153 1825 1823
f 2154 2153 1823
f 2154 1823 1821
f 2147 1641 2156
f 2147 2156 2149
f 1641 2152 2154
f 1641 2154 2156
f 2156 2154 1821
f 2156 1821 1818
f 2149 2156 1818
f 2149 1818 1817
f 1641 2157 2152
f 2157 2158 2159
f 2157 2137 2158
f 2158 2137 1776
f 2158 1776 1860
f 2159 2158 1860
f 2159 1860 1858
f 2152 2157 2160
f 2152 2160 2155
f 2157 2159 2160
f 2160 2159 1858
f 2160 1858 1856
f 2155 2160 1856
f 2155 1856 1825
f 2105 2107 2161
f 2105 2161 2162
f 2041 2163 2107
f 2107 2163 1635
f 2107 1635 2161
f 2161 1636 2164
f 2161 1635 1636
f 1636 1280 2165
f 2164 1636 2165
f 2164 2165 1277
f 2162 2161 2166
f 2162 2166 2167
f 2161 2164 2166
f 2166 2164 1277
f 2167 2166 1277
f 2167 1277 1276
f 1894 2094 2168
f 1894 2168 1895
f 2094 2098 2169
f 2094 2169 2168
f 2168 2169 2170
f 2168 2170 2171
f 1895 2168 2171
f 1895 2171 1896
f 2098 2105 2172
f 2098 2172 2169
f 2172 2105 2162
f 2172 2162 2173
f 2169 2172 2173
f 2169 2173 2170
f 2170 2173 2174
f 2170 2174 2175
f 2173 2162 2167
f 2173 2167 2174
f 2174 2167 1276
f 2174 1276 2176
f 2175 2174 2176
f 2175 2176 2177
f 1896 2171 2178
f 1896 2178 1899
f 2171 2170 2175
f 2171 2175 2178
f 2178 2175 2177
f 2178 2177 2179
f 1899 2178 2179
f 1899 2179 1603
f 2041 2047 2180
f 2041 2180 2163
f 2163 2180 1637
f 2163 1637 1635
f 2047 2058 2180
f 2058 2060 2181
f 2058 2181 2182
f 2180 2058 2182
f 2180 2182 1637
f 1284 1637 2181
f 2181 1637 2182
f 1279 1278 2183
f 1279 2183 2184
f 1278 1277 2165
f 1278 2165 2183
f 2183 2165 1280
f 2183 1280 1283
f 2184 2183 1283
f 2184 1283 1286
f 1284 2181 2185
f 1478 1272 2026
f 2187 2186 2580
f 2187 2188 2186
f 2580 2186 2188
f 1409 1448 2191
f 1409 2191 2192
f 1448 1450 2191
f 1340 2193 2190
f 1340 2190 1453
f 2193 2189 2190
f 1453 2190 2191
f 1453 2191 1450
f 2194 2195 2196
f 2194 2196 2197
f 2195 2198 2199
f 2195 2199 2196
f 2196 2199 2200
f 2196 2200 2201
f 2197 2196 2201
f 2197 2201 2202
f 2198 2203 2204
f 2198 2204 2199
f 2203 2205 2206
f 2203 2206 2204
f 2204 2206 2207
f 2204 2207 2208
f 2199 2204 2208
f 2199 2208 2200
f 2200 2208 2209
f 2200 2209 2210
f 2208 2207 2211
f 2208 2211 2209
f 2209 2211 2212
f 2209 2212 2213
f 2210 2209 2213
f 2210 2213 2214
f 2202 2201 2215
f 2202 2215 2216
f 2201 2200 2210
f 2201 2210 2215
f 2215 2210 2214
f 2215 2214 2217
f 2216 2215 2217
f 2216 2217 2218
f 2219 2220 2222
f 2223 2224 2225
f 2223 2225 2226
f 2221 2223 2226
f 2221 2226 2227
f 2226 2225 2228
f 2226 2228 2229
f 2222 2220 2230
f 2220 2221 2227
f 2220 2227 2230
f 2230 2227 2231
f 2222 2230 2231
f 2222 2231 2232
f 2234 2235 2236
f 2234 2236 2237
f 2233 2234 2237
f 2233 2237 2238
f 2235 2239 2240
f 2235 2240 2236
f 2239 2241 2242
f 2239 2242 2240
f 2240 2242 2243
f 2240 2243 2244
f 2236 2240 2244
f 2236 2244 2245
f 2237 2236 2245
f 2237 2245 2246
f 2238 2237 2246
f 2238 2246 2247
f 2249 2250 2251
f 2248 2249 2251
f 2248 2251 2252
f 2253 2254 2255
f 2253 2255 2256
f 2250 2253 2256
f 2250 2256 2257
f 2256 2255 2258
f 2256 2258 2259
f 2256 2259 2260
f 2257 2256 2260
f 2252 2251 2261
f 2251 2250 2257
f 2251 2257 2262
f 2261 2251 2262
f 2261 2262 2263
f 2224 2264 2265
f 2264 2266 2267
f 2264 2267 2265
f 2265 2267 2268
f 2265 2268 2269
f 2224 2265 2269
f 2224 2269 2225
f 2266 2270 2271
f 2266 2271 2267
f 2270 2194 2197
f 2270 2197 2271
f 2271 2197 2202
f 2271 2202 2272
f 2267 2271 2272
f 2267 2272 2268
f 2268 2272 2273
f 2268 2273 2274
f 2272 2202 2216
f 2272 2216 2273
f 2273 2216 2218
f 2273 2218 2275
f 2274 2273 2275
f 2274 2275 2276
f 2225 2269 2277
f 2225 2277 2228
f 2269 2268 2274
f 2269 2274 2277
f 2277 2274 2276
f 2277 2276 2278
f 2228 2277 2278
f 2228 2278 2229
f 2241 2279 2280
f 2241 2280 2242
f 2279 2281 2280
f 2280 2281 2282
f 2283 2219 2222
f 2283 2222 2284
f 2281 2283 2284
f 2281 2284 2282
f 2284 2222 2232
f 2284 2232 2285
f 2282 2284 2285
f 2282 2285 2286
f 2280 2282 2286
f 2280 2286 2287
f 2242 2280 2287
f 2242 2287 2243
f 2288 2289 2290
f 2288 2290 2291
f 2254 2288 2291
f 2254 2291 2255
f 2292 2233 2238
f 2292 2238 2293
f 2289 2292 2293
f 2289 2293 2290
f 2290 2293 2294
f 2290 2294 2295
f 2293 2238 2294
f 2294 2238 2247
f 2294 2247 2296
f 2295 2294 2296
f 2295 2296 2297
f 2255 2291 2298
f 2255 2298 2258
f 2291 2290 2295
f 2291 2295 2298
f 2298 2295 2297
f 2298 2297 2299
f 2258 2298 2299
f 2258 2299 2259
f 2205 2300 2206
f 2300 2301 2302
f 2300 2302 2303
f 2206 2300 2303
f 2206 2303 2207
f 2304 2248 2252
f 2304 2252 2305
f 2301 2304 2305
f 2301 2305 2302
f 2302 2305 2306
f 2302 2306 2307
f 2305 2252 2261
f 2305 2261 2306
f 2306 2261 2263
f 2306 2263 2308
f 2307 2306 2308
f 2307 2308 2309
f 2207 2303 2310
f 2207 2310 2211
f 2303 2302 2307
f 2303 2307 2310
f 2310 2307 2309
f 2310 2309 2311
f 2211 2310 2311
f 2211 2311 2212
f 2313 2314 2315
f 2313 2315 2316
f 2312 2313 2316
f 2312 2316 2317
f 2318 2319 2320
f 2318 2320 2321
f 2314 2318 2321
f 2314 2321 2315
f 2315 2321 2304
f 2315 2304 2301
f 2321 2320 2248
f 2321 2248 2304
f 2317 2316 2300
f 2317 2300 2205
f 2316 2315 2301
f 2316 2301 2300
f 2322 2323 2324
f 2322 2325 2326
f 2322 2326 2323
f 2323 2326 2327
f 2324 2323 2328
f 2329 2330 2331
f 2329 2331 2332
f 2330 2327 2333
f 2330 2333 2331
f 2331 2333 2334
f 2331 2334 2335
f 2332 2331 2335
f 2332 2335 2336
f 2327 2330 2292
f 2327 2292 2289
f 2330 2329 2233
f 2330 2233 2292
f 2328 2323 2288
f 2328 2288 2254
f 2323 2327 2289
f 2323 2289 2288
f 2337 2338 2339
f 2337 2339 2340
f 2338 2341 2342
f 2338 2342 2339
f 2339 2342 2343
f 2340 2339 2343
f 2340 2343 2344
f 2346 2347 2348
f 2346 2348 2349
f 2345 2346 2350
f 2351 2352 2283
f 2351 2283 2281
f 2352 2353 2219
f 2352 2219 2283
f 2337 2354 2355
f 2337 2355 2356
f 2354 2351 2281
f 2354 2281 2355
f 2355 2281 2279
f 2356 2355 2279
f 2356 2279 2241
f 2357 2358 2359
f 2357 2359 2360
f 2358 2361 2359
f 2359 2361 2362
f 2359 2362 2363
f 2360 2359 2363
f 2360 2363 2364
f 2365 2366 2367
f 2365 2367 2368
f 2361 2365 2368
f 2361 2368 2362
f 2362 2368 2270
f 2368 2367 2270
f 2270 2367 2194
f 2362 2270 2266
f 2363 2362 2266
f 2363 2266 2264
f 2364 2363 2264
f 2364 2264 2224
f 2369 2370 2371
f 2369 2371 2372
f 2369 2372 2373
f 2319 2369 2373
f 2319 2373 2320
f 2370 2374 2375
f 2370 2375 2371
f 2374 2322 2324
f 2374 2324 2375
f 2375 2324 2328
f 2375 2328 2376
f 2371 2375 2376
f 2371 2376 2372
f 2372 2376 2253
f 2372 2253 2250
f 2376 2328 2254
f 2376 2254 2253
f 2320 2373 2249
f 2320 2249 2248
f 2373 2372 2250
f 2373 2250 2249
f 2325 2377 2378
f 2325 2378 2379
f 2377 2380 2378
f 2378 2380 2381
f 2379 2378 2381
f 2379 2381 2382
f 2383 2384 2385
f 2383 2385 2386
f 2384 2387 2385
f 2385 2387 2388
f 2385 2388 2389
f 2386 2385 2389
f 2386 2389 2390
f 2341 2338 2391
f 2341 2391 2392
f 2338 2337 2356
f 2338 2356 2391
f 2391 2356 2241
f 2391 2241 2239
f 2392 2391 2239
f 2392 2239 2235
f 2329 2393 2394
f 2329 2394 2233
f 2393 2341 2392
f 2393 2392 2394
f 2394 2392 2235
f 2394 2235 2234
f 2233 2394 2234
f 2395 2396 2397
f 2395 2397 2398
f 2396 2353 2399
f 2396 2399 2397
f 2397 2399 2400
f 2398 2397 2401
f 2347 2402 2360
f 2402 2357 2360
f 2360 2364 2403
f 2360 2403 2395
f 2395 2403 2223
f 2395 2223 2221
f 2403 2364 2223
f 2223 2364 2224
f 2353 2396 2220
f 2353 2220 2219
f 2396 2395 2221
f 2396 2221 2220
f 2404 2405 2406
f 2404 2406 2407
f 2366 2404 2407
f 2366 2407 2367
f 2408 2312 2317
f 2408 2317 2409
f 2405 2408 2409
f 2405 2409 2406
f 2406 2409 2203
f 2406 2203 2198
f 2409 2317 2205
f 2409 2205 2203
f 2407 2406 2198
f 2407 2198 2195
f 2367 2407 2195
f 2367 2195 2194
f 2410 2411 2412
f 2410 2412 2413
f 2411 2414 2415
f 2411 2415 2412
f 2412 2415 2416
f 2413 2412 2416
f 2418 2419 2420
f 2421 2422 2423
f 2421 2423 2424
f 2422 2425 2426
f 2422 2426 2423
f 2423 2426 2427
f 2423 2427 2428
f 2424 2423 2428
f 2413 2416 2429
f 2413 2429 2430
f 2416 2415 2431
f 2416 2431 2429
f 2429 2431 1321
f 2429 1321 1320
f 2430 2429 1320
f 2430 1320 1319
f 1352 1371 2432
f 1352 2432 2433
f 1371 1367 2434
f 1371 2434 2432
f 2432 2434 2435
f 2433 2432 2435
f 2433 2435 2436
f 1365 2437 2438
f 1365 2438 1366
f 2437 2439 2440
f 2437 2440 2438
f 2438 2440 2435
f 2438 2435 2434
f 1366 2438 2434
f 1366 2434 1367
f 2441 2440 2442
f 2441 2436 2435
f 2441 2435 2440
f 2442 2440 2439
f 2443 2444 2445
f 2443 2445 2446
f 2444 2447 2448
f 2444 2448 2445
f 2445 2448 2417
f 2445 2417 2449
f 2446 2445 2449
f 2446 2449 2450
f 2425 2451 2452
f 2425 2452 2426
f 2451 2453 2452
f 2452 2453 2454
f 2426 2452 2454
f 2426 2454 2427
f 2455 2456 2457
f 2455 2457 2458
f 2456 2459 2460
f 2456 2460 2457
f 2457 2460 2447
f 2457 2447 2444
f 2458 2457 2444
f 2458 2444 2443
f 2450 2449 2461
f 2450 2461 2462
f 2449 2417 2418
f 2449 2418 2461
f 2461 2418 2420
f 2461 2420 2463
f 2462 2461 2463
f 2462 2463 2424
f 2441 2464 2465
f 2464 2466 2467
f 2464 2467 2465
f 2465 2467 2468
f 2465 2468 2469
f 2441 2465 2469
f 2441 2469 2436
f 2466 2470 2471
f 2466 2471 2467
f 2470 2410 2413
f 2470 2413 2471
f 2467 2471 2468
f 2468 2471 2472
f 2468 2472 2473
f 2471 2413 2430
f 2471 2430 2472
f 2472 2430 1319
f 2472 1319 1358
f 2473 2472 1358
f 2473 1358 1354
f 2436 2469 2474
f 2436 2474 2433
f 2469 2468 2473
f 2469 2473 2474
f 2474 2473 1354
f 2474 1354 1353
f 2433 2474 1353
f 2433 1353 1352
f 2262 2257 2475
f 2263 2262 2476
f 2260 2259 2477
f 2260 2477 2478
f 2257 2260 2475
f 2475 2260 2479
f 2475 2479 2480
f 2260 2478 2481
f 2260 2481 2479
f 2479 2481 1365
f 2479 1365 1379
f 2480 2479 1379
f 2480 1379 1377
f 2476 2262 2482
f 2476 2482 2483
f 2262 2475 2480
f 2262 2480 2482
f 2482 2480 1377
f 2482 1377 1376
f 2483 2482 1376
f 2483 1376 1375
f 2247 2246 2484
f 2247 2484 2485
f 2246 2245 2486
f 2246 2486 2484
f 2484 2486 2487
f 2484 2487 2488
f 2485 2484 2488
f 2485 2488 2489
f 2245 2244 2490
f 2245 2490 2486
f 2244 2243 2491
f 2244 2491 2490
f 2490 2491 2492
f 2490 2492 2493
f 2486 2490 2493
f 2486 2493 2487
f 2487 2493 2466
f 2493 2492 2494
f 2493 2494 2410
f 2493 2410 2470
f 2466 2493 2470
f 2489 2488 2464
f 2489 2464 2441
f 2488 2487 2466
f 2488 2466 2464
f 2495 2496 2497
f 2495 2497 2498
f 2496 2443 2446
f 2496 2446 2497
f 2497 2446 2450
f 2497 2450 2499
f 2498 2497 2499
f 2498 2499 2453
f 2500 2501 2502
f 2500 2502 2503
f 2501 2504 2505
f 2501 2505 2502
f 2502 2505 2506
f 2503 2502 2506
f 2507 2508 2509
f 2507 2509 2510
f 2508 2511 2512
f 2508 2512 2509
f 2509 2512 2513
f 2509 2513 2514
f 2510 2509 2514
f 2510 2514 2515
f 2453 2499 2516
f 2453 2516 2454
f 2499 2450 2462
f 2499 2462 2516
f 2516 2462 2424
f 2516 2424 2428
f 2454 2516 2428
f 2454 2428 2427
f 2218 2217 2517
f 2218 2517 2518
f 2217 2214 2519
f 2217 2519 2517
f 2517 2519 2520
f 2517 2520 2521
f 2518 2517 2521
f 2518 2521 2522
f 2214 2213 2523
f 2214 2523 2519
f 2213 2212 2524
f 2213 2524 2523
f 2523 2524 2525
f 2523 2525 2526
f 2519 2523 2526
f 2519 2526 2520
f 2520 2526 2527
f 2520 2527 2528
f 2526 2525 2529
f 2526 2529 2527
f 2527 2529 1392
f 2527 1392 1402
f 2528 2527 1402
f 2528 1402 1405
f 2522 2521 2530
f 2522 2530 2531
f 2521 2520 2528
f 2521 2528 2530
f 2530 2528 1405
f 2530 1405 1410
f 2531 2530 1410
f 2531 1410 1409
f 2212 2311 2532
f 2212 2532 2524
f 2311 2309 2533
f 2311 2533 2532
f 2532 2533 2534
f 2532 2534 2535
f 2524 2532 2535
f 2524 2535 2525
f 2309 2308 2533
f 2308 2263 2476
f 2533 2308 2534
f 2534 2308 2536
f 2534 2536 2537
f 2308 2476 2483
f 2308 2483 2536
f 2536 2483 1375
f 2536 1375 1398
f 2537 2536 1398
f 2537 1398 1394
f 2525 2535 2538
f 2525 2538 2529
f 2535 2534 2537
f 2535 2537 2538
f 2538 2537 1394
f 2538 1394 1393
f 2529 2538 1393
f 2529 1393 1392
f 2259 2299 2539
f 2259 2539 2477
f 2299 2297 2539
f 2539 2297 2540
f 2539 2540 2541
f 2477 2539 2541
f 2477 2541 2478
f 2297 2296 2542
f 2296 2247 2485
f 2296 2485 2542
f 2542 2485 2489
f 2542 2489 2543
f 2297 2542 2543
f 2297 2543 2540
f 2540 2543 2544
f 2540 2544 2545
f 2543 2489 2441
f 2543 2441 2544
f 2544 2441 2442
f 2545 2544 2442
f 2545 2442 2439
f 2478 2541 2546
f 2478 2546 2481
f 2541 2540 2545
f 2541 2545 2546
f 2546 2545 2439
f 2546 2439 2437
f 2481 2546 2437
f 2481 2437 1365
f 2243 2287 2547
f 2243 2547 2491
f 2287 2286 2548
f 2287 2548 2547
f 2547 2548 2549
f 2491 2547 2549
f 2491 2549 2492
f 2550 2551 2552
f 2550 2552 2553
f 2551 2554 2555
f 2551 2555 2552
f 2552 2555 2556
f 2553 2552 2556
f 2492 2549 2557
f 2492 2557 2494
f 2549 2548 2558
f 2549 2558 2557
f 2557 2558 2414
f 2557 2414 2411
f 2494 2557 2411
f 2494 2411 2410
f 2229 2278 2559
f 2229 2559 2560
f 2278 2276 2561
f 2278 2561 2559
f 2559 2561 2562
f 2276 2275 2563
f 2276 2563 2561
f 2275 2218 2518
f 2275 2518 2563
f 2563 2518 2522
f 2563 2522 2564
f 2561 2563 2564
f 2561 2564 2562
f 2562 2564 2565
f 2562 2565 2566
f 2564 2522 2531
f 2564 2531 2565
f 2565 2531 1409
f 2565 1409 2192
f 2566 2565 2192
f 2566 2192 2191
f 2560 2559 2567
f 2560 2567 2568
f 2559 2562 2566
f 2559 2566 2567
f 2567 2566 2191
f 2567 2191 2190
f 2568 2567 2190
f 2568 2190 2189
f 2187 2569 2598
f 2569 2570 2571
f 2569 2187 2572
f 2569 2572 2570
f 2570 2572 2319
f 2570 2319 2318
f 2571 2570 2318
f 2571 2318 2314
f 2598 2569 2573
f 2598 2573 2574
f 2569 2571 2573
f 2573 2571 2314
f 2573 2314 2313
f 2574 2573 2313
f 2574 2313 2312
f 2187 2580 2575
f 2575 2576 2577
f 2575 2578 2576
f 2576 2578 2322
f 2576 2322 2374
f 2577 2576 2374
f 2577 2374 2370
f 2187 2575 2579
f 2187 2579 2572
f 2575 2577 2579
f 2579 2577 2370
f 2579 2370 2369
f 2572 2579 2369
f 2572 2369 2319
f 2580 2380 2377
f 2580 2377 2325
f 2575 2580 2581
f 2575 2581 2578
f 2581 2580 2325
f 2581 2325 2322
f 2578 2581 2322
f 2582 2580 2387
f 2582 2387 2384
f 2582 2384 2383
f 2580 2582 2583
f 2583 2582 2383
f 2583 2383 2584
f 2580 2583 2584
f 2580 2584 2380
f 2585 2580 2345
f 2585 2345 2586
f 2585 2586 2587
f 2580 2585 2588
f 2588 2585 2587
f 2588 2587 2589
f 2580 2588 2589
f 2580 2589 2387
f 2580 2188 2590
f 2188 2187 2590
f 2590 2591 2592
f 2590 2593 2591
f 2591 2593 2357
f 2591 2357 2402
f 2592 2591 2402
f 2592 2402 2347
f 2580 2590 2592
f 2580 2592 2347
f 2580 2347 2346
f 2580 2346 2345
f 2590 2594 2595
f 2590 2596 2594
f 2594 2596 2366
f 2594 2366 2365
f 2595 2594 2365
f 2595 2365 2361
f 2590 2597 2593
f 2590 2595 2597
f 2597 2595 2361
f 2597 2361 2358
f 2593 2597 2358
f 2593 2358 2357
f 2187 2598 2590
f 2598 2599 2600
f 2598 2574 2599
f 2599 2574 2312
f 2599 2312 2408
f 2600 2599 2408
f 2600 2408 2405
f 2590 2598 2601
f 2590 2601 2596
f 2598 2600 2601
f 2601 2600 2405
f 2601 2405 2404
f 2596 2601 2404
f 2596 2404 2366
f 528 2602 527
f 527 2603 526
f 2602 725 724
f 2602 724 527
f 527 724 2603
f 2603 722 2604
f 722 723 2605
f 2604 722 2605
f 526 2603 2604
f 526 2604 523
f 523 2604 2605
f 523 2605 522
f 2606 2608 2607
f 2607 2609 2610
f 2607 2610 2611
f 2612 2613 2614
f 2614 2615 2616
f 2618 2619 2620
f 2621 2622 2623
f 2622 2624 2625
f 2623 2622 2625
f 2623 2625 2626
f 2628 2629 2630
f 2628 2630 2631
f 2632 2633 2634
f 2633 2635 2634
f 2634 2636 2637
f 2638 2639 2640
f 2638 2640 2641
f 2639 2642 2643
f 2639 2643 2640
f 2640 2643 2621
f 2641 2640 2621
f 2644 2645 2646
f 2645 2647 2648
f 2645 2648 2646
f 2646 2648 2649
f 2646 2649 2650
f 2651 2652 2653
f 2652 2654 2655
f 2652 2655 2653
f 2653 2655 2656
f 2653 2656 2657
f 2659 2647 2645
f 2659 2645 2644
f 2660 2661 2662
f 2660 2662 2663
f 2661 2664 2665
f 2661 2665 2662
f 2662 2665 2666
f 2662 2666 2667
f 2663 2662 2667
f 2663 2667 2668
f 2669 2670 2671
f 2669 2671 2672
f 2670 2673 2674
f 2670 2674 2671
f 2671 2674 2675
f 2672 2671 2675
f 2672 2675 2676
f 2677 2678 2679
f 2677 2680 2678
f 2678 2680 2664
f 2678 2664 2661
f 2679 2678 2661
f 2679 2661 2660
f 2681 2682 2683
f 2681 2683 2684
f 2682 2685 2686
f 2682 2686 2683
f 2683 2686 2687
f 2684 2683 2687
f 2684 2687 2688
f 2689 2690 2691
f 2689 2691 2692
f 2690 2693 2694
f 2690 2694 2691
f 2691 2694 2695
f 2691 2695 2696
f 2692 2691 2696
f 2692 2696 2697
f 2698 2699 2700
f 2698 2700 2701
f 2699 2702 2703
f 2699 2703 2700
f 2700 2703 2685
f 2700 2685 2682
f 2701 2700 2682
f 2701 2682 2681
f 2629 2628 2704
f 2629 2704 2705
f 2628 2627 2706
f 2628 2706 2704
f 2704 2706 2707
f 2704 2707 2708
f 2705 2704 2708
f 2705 2708 2709
f 618 2710 2711
f 260 2711 2710
f 2712 2713 2714
f 2712 2714 2715
f 2713 2716 2717
f 2713 2717 2714
f 2714 2717 2718
f 2714 2718 2719
f 2715 2714 2719
f 2720 2721 2722
f 2720 2722 2723
f 2721 2724 2722
f 2722 2725 2726
f 2723 2722 2726
f 2723 2726 2727
f 234 2732 2731
f 234 2731 2733
f 2729 2733 2731
f 618 621 2710
f 621 2734 2710
f 242 2710 2734
f 242 2734 625
f 242 625 243
f 2734 621 625
f 625 613 245
f 243 625 245
f 596 599 2736
f 598 2735 2736
f 598 2736 599
f 234 2737 2732
f 2737 2735 598
f 266 2738 2739
f 2738 2740 2739
f 2739 2741 2742
f 2739 2742 2719
f 2740 2744 2743
f 247 261 2710
f 260 2710 261
f 242 247 2710
f 250 237 2744
f 237 2743 2744
f 250 2744 269
f 243 246 241
f 243 241 247
f 244 243 247
f 246 2745 241
f 2745 2746 241
f 2746 2747 241
f 240 247 241
f 2735 2737 2746
f 2737 234 236
f 2737 236 2747
f 2746 2737 2747
f 250 249 238
f 250 238 237
f 249 248 236
f 249 236 238
f 245 2736 246
f 2736 2735 2746
f 2736 2746 2745
f 246 2736 2745
f 248 253 236
f 253 239 241
f 253 241 2747
f 236 253 2747
f 2729 2728 235
f 2729 235 2733
f 237 235 2728
f 234 2733 235
f 596 2736 615
f 245 615 2736
f 613 615 245
f 252 253 2748
f 252 2748 2749
f 253 248 2750
f 253 2750 2748
f 278 280 2751
f 280 254 2752
f 280 2752 2753
f 2751 280 2753
f 274 273 2754
f 274 2754 2755
f 273 275 2756
f 273 2756 2754
f 2755 2754 2757
f 251 272 2758
f 251 2758 2759
f 272 276 2760
f 272 2760 2758
f 2758 2760 2761
f 2758 2761 2762
f 2759 2758 2762
f 2759 2762 2763
f 248 249 2764
f 248 2764 2750
f 249 251 2759
f 249 2759 2764
f 2764 2759 2763
f 255 252 2749
f 255 2749 2765
f 254 255 2765
f 254 2765 2752
f 275 277 2766
f 275 2766 2756
f 277 278 2751
f 277 2751 2766
f 276 279 2767
f 276 2767 2760
f 279 274 2755
f 279 2755 2767
f 2767 2755 2757
f 2767 2757 2768
f 2760 2767 2768
f 2760 2768 2761
f 2771 2750 2764
f 2771 2764 2763
f 2771 2763 2772
f 2769 2771 2772
f 2769 2773 2771
f 2773 2749 2748
f 2773 2748 2771
f 2771 2748 2750
f 2774 2752 2765
f 2774 2765 2769
f 2765 2749 2773
f 2769 2765 2773
f 2775 2776 2753
f 2776 2751 2753
f 2775 2753 2752
f 2775 2752 2774
f 2778 2756 2766
f 2778 2766 2751
f 2778 2751 2776
f 2777 2778 2776
f 2777 2776 2775
f 2780 2757 2754
f 2780 2754 2756
f 2780 2756 2778
f 2779 2780 2778
f 2779 2778 2777
f 2781 2782 2780
f 2781 2780 2779
f 2782 2761 2768
f 2782 2768 2780
f 2780 2768 2757
f 2769 2772 2781
f 2772 2763 2762
f 2772 2762 2761
f 2772 2761 2782
f 2781 2772 2782
f 2769 2784 2783
f 2784 2785 2783
f 2786 2783 2785
f 2787 2770 2783
f 2787 2783 2786
f 2770 2769 2783
f 2781 2779 2788
f 2788 2784 2769
f 2777 2775 2786
f 2774 2769 2770
f 2774 2770 2787
f 2769 2781 2788
f 2779 2786 2788
f 2779 2777 2786
f 2788 2786 2785
f 2788 2785 2784
f 2775 2774 2787
f 2775 2787 2786
f 637 2789 2790
f 637 2790 638
f 2790 508 2791
f 638 2790 2791
f 638 2791 639
f 2789 2792 2793
f 2789 2793 2790
f 2790 2793 510
f 2790 510 509
f 2790 509 508
f 508 511 2791
f 511 505 635
f 511 635 2791
f 2791 635 639
f 629 632 2793
f 629 2793 2794
f 632 506 2793
f 2793 506 510
f 2794 2793 2792
f 626 629 2794
f 626 2794 2795
f 2795 2794 2792
f 2795 2792 2789
f 503 626 2796
f 503 2796 636
f 626 2795 2796
f 2796 2795 2789
f 636 2796 2789
f 636 2789 637
f 1267 1274 1273
f 1280 1635 2797
f 1280 2797 1281
f 1637 2797 1635
f 1284 1281 2797
f 1284 2797 1637
f 1304 2798 2185
f 2799 2800 2798
f 2799 2798 1304
f 1284 2185 2798
f 1284 2798 2800
f 1306 1305 2059
f 1305 1304 2185
f 1305 2185 2059
f 2059 2185 2181
f 2059 2181 2060
f 1275 1274 2801
f 1275 2801 2072
f 2801 1274 1300
f 2801 1300 1303
f 2072 2801 1303
f 2072 1303 1308
f 2799 1304 1300
f 1300 1304 1301
f 2799 1300 1274
f 1267 2802 1274
f 2799 1274 2802
f 1299 1298 2803
f 1299 2803 2040
f 1298 1270 1268
f 1298 1268 2803
f 2803 1268 1273
f 2040 2803 1273
f 2040 1273 1275
f 2027 2026 1297
f 1272 1271 2026
f 1270 1297 2026
f 1270 2026 1271
f 2027 1297 1296
f 2804 2805 2806
f 2804 2806 2807
f 2805 2808 2809
f 2805 2809 2806
f 2806 2809 2810
f 2806 2810 2811
f 2807 2806 2811
f 2807 2811 2812
f 2808 2813 2814
f 2808 2814 2809
f 2813 1092 2815
f 2813 2815 2814
f 2814 2815 2816
f 2814 2816 2817
f 2809 2814 2817
f 2809 2817 2810
f 1077 1080 2818
f 1077 2818 2819
f 1080 1085 2820
f 1080 2820 2818
f 2818 2820 2821
f 2818 2821 2822
f 2819 2818 2822
f 2819 2822 2823
f 1085 2824 2825
f 1085 2825 2820
f 2824 2804 2807
f 2824 2807 2825
f 2825 2807 2812
f 2820 2825 2821
f 1086 1089 2826
f 1086 2826 2827
f 1089 1077 2819
f 1089 2819 2826
f 2826 2819 2823
f 2826 2823 2828
f 2827 2826 2828
f 1076 2829 2830
f 1076 2830 2831
f 2829 1086 2827
f 2829 2827 2830
f 2830 2827 2828
f 2830 2828 2832
f 2831 2830 2832
f 2831 2832 1332
f 1092 1095 2833
f 1092 2833 2815
f 1095 1068 2834
f 1095 2834 2833
f 2833 2834 2835
f 2833 2835 2836
f 2815 2833 2836
f 2815 2836 2816
f 1068 1071 2837
f 1068 2837 2834
f 1071 1076 2831
f 1071 2831 2837
f 2837 2831 1332
f 2837 1332 2838
f 2834 2837 2838
f 2834 2838 2835
f 1111 2839 2840
f 1111 2840 2841
f 2839 2842 2843
f 2839 2843 2840
f 2841 2840 2844
f 2842 2845 2846
f 2842 2846 2843
f 2845 1098 2847
f 2845 2847 2846
f 2846 2847 2812
f 1112 1114 2848
f 1112 2848 2849
f 1114 1119 2850
f 1114 2850 2848
f 2848 2850 2851
f 2848 2851 2852
f 2849 2848 2852
f 2849 2852 2853
f 2854 2855 2856
f 2854 2856 2857
f 2855 1112 2849
f 2855 2849 2856
f 2856 2849 2853
f 2856 2853 2858
f 2857 2856 2858
f 2857 2858 2823
f 1104 2859 2860
f 1104 2860 2861
f 2859 2854 2857
f 2859 2857 2860
f 2860 2857 2823
f 2860 2823 2822
f 2861 2860 2822
f 2861 2822 2821
f 1098 1101 2862
f 1098 2862 2847
f 1101 1104 2861
f 1101 2861 2862
f 2862 2861 2821
f 2862 2821 2825
f 2847 2862 2825
f 2847 2825 2812
f 1119 2863 2864
f 1119 2864 2850
f 2863 1105 2865
f 2863 2865 2864
f 2864 2865 2866
f 2864 2866 2867
f 2850 2864 2867
f 2850 2867 2851
f 1105 1107 2868
f 1105 2868 2865
f 1107 1111 2841
f 1107 2841 2868
f 2868 2841 2844
f 2865 2868 2866
f 2869 2870 2871
f 2869 2871 2872
f 2870 1127 2873
f 2870 2873 2871
f 2872 2871 2874
f 1127 1130 2875
f 1127 2875 2873
f 1130 1135 2876
f 1130 2876 2875
f 2875 2876 2844
f 1142 2877 2878
f 1142 2878 2879
f 2877 1120 2880
f 2877 2880 2878
f 2878 2880 2881
f 2878 2881 2882
f 2879 2878 2882
f 1136 1139 2883
f 1136 2883 2884
f 1139 1142 2879
f 1139 2879 2883
f 2883 2879 2882
f 2884 2883 2882
f 2884 2882 2851
f 1146 2885 2886
f 1146 2886 2887
f 2885 1136 2884
f 2885 2884 2886
f 2886 2884 2851
f 2886 2851 2867
f 2887 2886 2867
f 2887 2867 2866
f 1135 1144 2888
f 1135 2888 2876
f 1144 1146 2887
f 1144 2887 2888
f 2888 2887 2866
f 2888 2866 2868
f 2876 2888 2868
f 2876 2868 2844
f 1126 2889 2890
f 1126 2890 2891
f 2889 2869 2872
f 2889 2872 2890
f 2890 2872 2874
f 2890 2874 2892
f 2891 2890 2892
f 1120 1123 2893
f 1120 2893 2880
f 1123 1126 2891
f 1123 2891 2893
f 2893 2891 2894
f 2880 2893 2894
f 2880 2894 2881
f 1042 1039 2895
f 1042 2895 2896
f 1039 1038 2897
f 1039 2897 2895
f 2895 2897 2898
f 2895 2898 2899
f 2896 2895 2899
f 2896 2899 2900
f 1038 2901 2902
f 1038 2902 2897
f 2901 2903 2904
f 2901 2904 2902
f 2902 2904 2905
f 2897 2902 2898
f 1051 1048 2871
f 1051 2871 2906
f 1048 1047 2907
f 1048 2907 2871
f 2871 2907 2874
f 2906 2871 2873
f 1056 2908 2875
f 1056 2875 2909
f 2908 1051 2906
f 2908 2906 2875
f 2875 2906 2873
f 2909 2875 2844
f 1060 1057 2910
f 1060 2910 2911
f 1057 1056 2909
f 1057 2909 2910
f 2910 2909 2844
f 2903 2912 2913
f 2903 2913 2904
f 2912 1060 2911
f 2912 2911 2913
f 2904 2913 2905
f 1063 2914 2915
f 1063 2915 2916
f 2914 1042 2896
f 2914 2896 2915
f 2915 2896 2900
f 2915 2900 2917
f 2916 2915 2917
f 2916 2917 2918
f 1047 1064 2919
f 1047 2919 2907
f 1064 1063 2916
f 1064 2916 2919
f 2919 2916 2918
f 2919 2918 2920
f 2907 2919 2920
f 2907 2920 2874
f 1031 2921 2922
f 1031 2922 2923
f 2921 1015 2924
f 2921 2924 2922
f 2923 2922 2905
f 1015 1012 2925
f 1015 2925 2924
f 1012 1011 2926
f 1012 2926 2925
f 2925 2926 2927
f 1020 2928 2929
f 1020 2929 2843
f 2928 2930 2931
f 2928 2931 2929
f 2929 2931 2844
f 2929 2844 2840
f 2843 2929 2840
f 1023 1021 2846
f 1023 2846 2932
f 1021 1020 2843
f 1021 2843 2846
f 2932 2846 2812
f 1028 2933 2934
f 1028 2934 2935
f 2933 1023 2932
f 2933 2932 2934
f 2934 2932 2812
f 1011 1029 2936
f 1011 2936 2926
f 1029 1028 2935
f 1029 2935 2936
f 2936 2935 2937
f 2926 2936 2937
f 2926 2937 2927
f 2930 2938 2939
f 2930 2939 2931
f 2938 1035 2911
f 2938 2911 2939
f 2939 2911 2910
f 2931 2939 2910
f 2931 2910 2844
f 1035 1032 2940
f 1035 2940 2911
f 1032 1031 2923
f 1032 2923 2940
f 2940 2923 2905
f 2940 2905 2913
f 2911 2940 2913
f 988 997 2941
f 988 2941 2942
f 997 996 2943
f 997 2943 2941
f 2941 2943 2944
f 2941 2944 2945
f 2942 2941 2945
f 2942 2945 2927
f 996 2946 2947
f 996 2947 2943
f 2946 2948 2949
f 2946 2949 2947
f 2947 2949 2950
f 2947 2950 2951
f 2943 2947 2951
f 2943 2951 2944
f 1006 1003 2811
f 1006 2811 2952
f 1003 1002 2953
f 1003 2953 2811
f 2811 2953 2812
f 2952 2811 2810
f 979 2954 2955
f 979 2955 2956
f 2954 1006 2952
f 2954 2952 2955
f 2955 2952 2810
f 2955 2810 2817
f 2956 2955 2817
f 2956 2817 2816
f 2948 2957 2958
f 2948 2958 2949
f 2957 983 2959
f 2957 2959 2958
f 2958 2959 2960
f 2958 2960 2961
f 2949 2958 2961
f 2949 2961 2950
f 983 980 2962
f 983 2962 2959
f 980 979 2956
f 980 2956 2962
f 2962 2956 2816
f 2962 2816 2963
f 2959 2962 2963
f 2959 2963 2960
f 1002 2964 2965
f 1002 2965 2953
f 2964 992 2966
f 2964 2966 2965
f 2965 2966 2935
f 2965 2935 2934
f 2953 2965 2934
f 2953 2934 2812
f 992 989 2967
f 992 2967 2966
f 989 988 2942
f 989 2942 2967
f 2967 2942 2927
f 2967 2927 2937
f 2966 2967 2937
f 2966 2937 2935
f 951 959 2968
f 951 2968 2969
f 959 958 2970
f 959 2970 2968
f 2969 2968 2971
f 958 2972 2973
f 958 2973 2970
f 2972 2974 2975
f 2972 2975 2973
f 2973 2975 2976
f 968 965 2977
f 968 2977 2978
f 965 964 2979
f 965 2979 2977
f 2977 2979 2900
f 2977 2900 2899
f 2978 2977 2899
f 2978 2899 2898
f 972 2980 2981
f 972 2981 2982
f 2980 968 2978
f 2980 2978 2981
f 2981 2978 2898
f 2981 2898 2902
f 2982 2981 2902
f 2982 2902 2905
f 976 973 2983
f 976 2983 2984
f 973 972 2982
f 973 2982 2983
f 2983 2982 2905
f 2974 2985 2986
f 2974 2986 2975
f 2985 976 2984
f 2985 2984 2986
f 2975 2986 2976
f 955 952 2987
f 955 2987 2988
f 952 951 2969
f 952 2969 2987
f 2987 2969 2971
f 2987 2971 2989
f 2988 2987 2989
f 2988 2989 2990
f 964 2991 2992
f 964 2992 2979
f 2991 955 2988
f 2991 2988 2992
f 2992 2988 2990
f 2992 2990 2993
f 2979 2992 2993
f 2979 2993 2900
f 2994 2995 2996
f 2994 2996 2997
f 2995 942 2998
f 2995 2998 2996
f 2997 2996 2976
f 942 939 2999
f 942 2999 2998
f 939 938 3000
f 939 3000 2999
f 2999 3000 3001
f 2999 3001 3002
f 2998 2999 3002
f 946 3003 2922
f 946 2922 2924
f 3003 935 3004
f 3003 3004 2922
f 2922 3004 2905
f 926 947 3005
f 926 3005 3006
f 947 946 2924
f 947 2924 3005
f 3005 2924 2925
f 3006 3005 2925
f 3006 2925 2927
f 929 927 3007
f 929 3007 3008
f 927 926 3006
f 927 3006 3007
f 3007 3006 2927
f 938 3009 3010
f 938 3010 3000
f 3009 929 3008
f 3009 3008 3010
f 3000 3010 3001
f 935 933 3011
f 935 3011 3004
f 933 932 2984
f 933 2984 3011
f 3011 2984 2983
f 3004 3011 2983
f 3004 2983 2905
f 932 3012 2986
f 932 2986 2984
f 3012 2994 2997
f 3012 2997 2986
f 2986 2997 2976
f 3013 3014 3015
f 3013 3015 3016
f 3014 3017 3018
f 3014 3018 3015
f 3015 3018 3019
f 3015 3019 3020
f 3016 3015 3020
f 3016 3020 3001
f 3017 3021 3022
f 3017 3022 3018
f 3021 914 3023
f 3021 3023 3022
f 3022 3023 1286
f 3018 3022 3019
f 906 908 3024
f 906 3024 3025
f 908 913 3026
f 908 3026 3024
f 3024 3026 2927
f 3024 2927 2945
f 3025 3024 2945
f 3025 2945 2944
f 3027 3028 3029
f 3027 3029 3030
f 3028 906 3025
f 3028 3025 3029
f 3029 3025 2944
f 3029 2944 2951
f 3030 3029 2951
f 3030 2951 2950
f 914 917 3031
f 914 3031 3023
f 917 920 3032
f 917 3032 3031
f 3031 3032 3033
f 3031 3033 3034
f 3023 3031 3034
f 3023 3034 1286
f 920 3035 3036
f 920 3036 3032
f 3035 3027 3030
f 3035 3030 3036
f 3036 3030 2950
f 3036 2950 3037
f 3032 3036 3037
f 3032 3037 3033
f 913 922 3038
f 913 3038 3026
f 922 925 3008
f 922 3008 3038
f 3038 3008 3007
f 3026 3038 3007
f 3026 3007 2927
f 925 3039 3040
f 925 3040 3008
f 3039 3013 3016
f 3039 3016 3040
f 3040 3016 3001
f 3040 3001 3010
f 3008 3040 3010
f 808 805 3041
f 808 3041 3042
f 805 804 3043
f 805 3043 3041
f 3042 3041 3044
f 804 3045 3046
f 804 3046 3043
f 3045 3047 3048
f 3045 3048 3046
f 3046 3048 3049
f 821 819 2968
f 821 2968 2970
f 819 816 3050
f 819 3050 2968
f 2968 3050 2971
f 798 3051 2973
f 798 2973 3052
f 3051 821 2970
f 3051 2970 2973
f 3052 2973 2976
f 3047 3053 3054
f 3047 3054 3048
f 3053 801 3055
f 3053 3055 3054
f 3048 3054 3049
f 801 799 3056
f 801 3056 3055
f 799 798 3052
f 799 3052 3056
f 3056 3052 2976
f 816 814 3057
f 816 3057 3050
f 814 813 3058
f 814 3058 3057
f 3057 3058 3059
f 3050 3057 3059
f 3050 3059 2971
f 813 3060 3061
f 813 3061 3058
f 3060 808 3042
f 3060 3042 3061
f 3061 3042 3044
f 883 880 3062
f 883 3062 3063
f 880 879 3064
f 880 3064 3062
f 3063 3062 3049
f 879 3065 3066
f 879 3066 3064
f 3065 3067 3068
f 3065 3068 3066
f 3066 3068 3069
f 892 889 3070
f 892 3070 2998
f 889 888 3071
f 889 3071 3070
f 3070 3071 2976
f 3070 2976 2996
f 2998 3070 2996
f 900 3072 3002
f 900 3002 3073
f 3072 892 2998
f 3072 2998 3002
f 3073 3002 3001
f 898 896 3054
f 898 3054 3055
f 896 883 3063
f 896 3063 3054
f 3054 3063 3049
f 888 3074 3075
f 888 3075 3071
f 3074 898 3055
f 3074 3055 3075
f 3075 3055 3056
f 3071 3075 3056
f 3071 3056 2976
f 903 901 3076
f 903 3076 3077
f 901 900 3073
f 901 3073 3076
f 3076 3073 3001
f 3067 3078 3079
f 3067 3079 3068
f 3078 903 3077
f 3078 3077 3079
f 3068 3079 3069
f 1619 3080 3020
f 1619 3020 3081
f 3080 3082 3083
f 3080 3083 3020
f 3020 3083 3001
f 3081 3020 3019
f 1622 1620 3084
f 1622 3084 3085
f 1620 1619 3081
f 1620 3081 3084
f 3084 3081 3019
f 3084 3019 3022
f 3085 3084 3022
f 3085 3022 1286
f 3082 3086 3087
f 3082 3087 3083
f 3086 1631 3088
f 3086 3088 3087
f 3087 3088 3077
f 3087 3077 3076
f 3083 3087 3076
f 3083 3076 3001
f 1631 1628 3079
f 1631 3079 3088
f 1628 1627 3089
f 1628 3089 3079
f 3079 3089 3069
f 3088 3079 3077
f 3090 3091 3092
f 3090 3092 3093
f 3091 1622 3085
f 3091 3085 3092
f 3092 3085 1286
f 3092 1286 1285
f 3093 3092 1285
f 3093 1285 1284
f 1627 1638 3094
f 1627 3094 3089
f 1638 1536 3095
f 1638 3095 3094
f 3089 3094 3069
f 1536 1533 3096
f 1536 3096 3095
f 1533 1532 3097
f 1533 3097 3096
f 3096 3097 2799
f 3096 2799 3098
f 3095 3096 3098
f 1532 3099 3100
f 1532 3100 3097
f 3099 3090 3093
f 3099 3093 3100
f 3100 3093 1284
f 3100 1284 2800
f 3097 3100 2800
f 3097 2800 2799
f 1527 1525 3101
f 1527 3101 3102
f 1525 1524 3101
f 3102 3101 3069
f 1524 3103 3104
f 1524 3104 3101
f 3103 3105 3106
f 3103 3106 3104
f 3104 3106 3107
f 3105 3108 3109
f 3105 3109 3106
f 3108 1291 3110
f 3108 3110 3109
f 3109 3110 3111
f 3109 3111 3112
f 3106 3109 3112
f 3106 3112 3107
f 1291 1288 3113
f 1291 3113 3110
f 1288 1287 3114
f 1288 3114 3113
f 3113 3114 1493
f 3113 1493 3115
f 3110 3113 3115
f 3110 3115 3111
f 1507 3116 3094
f 1507 3094 3117
f 3116 1527 3102
f 3116 3102 3094
f 3094 3102 3069
f 3117 3094 3095
f 1511 1508 3117
f 1511 3117 3118
f 1508 1507 3117
f 3117 3095 3098
f 3118 3117 3098
f 3118 3098 2799
f 1287 3119 3120
f 1287 3120 3114
f 3119 1518 3121
f 3119 3121 3120
f 3120 3121 1267
f 3120 1267 1522
f 3114 3120 1522
f 3114 1522 1493
f 1518 1516 3122
f 1518 3122 3121
f 1516 1511 3118
f 1516 3118 3122
f 3122 3118 2799
f 3122 2799 2802
f 3121 3122 2802
f 3121 2802 1267
f 856 853 3062
f 856 3062 3064
f 853 852 3123
f 853 3123 3062
f 3062 3123 3049
f 873 3124 3125
f 873 3125 3126
f 3124 856 3064
f 3124 3064 3125
f 3125 3064 3066
f 3126 3125 3066
f 3126 3066 3069
f 864 861 3127
f 864 3127 3128
f 861 860 3129
f 861 3129 3127
f 3127 3129 3128
f 860 3131 3132
f 860 3132 3129
f 3131 3133 3132
f 871 869 3134
f 869 864 3128
f 869 3128 3134
f 3134 3128 3130
f 852 3135 3134
f 852 3134 3123
f 3135 871 3134
f 876 874 3101
f 876 3101 3136
f 874 873 3126
f 874 3126 3101
f 3101 3126 3069
f 3133 3137 3138
f 3133 3138 3132
f 3137 876 3136
f 3137 3136 3138
f 3138 3136 3101
f 3138 3101 3104
f 3132 3138 3104
f 3132 3104 3107
f 827 824 3041
f 827 3041 3043
f 824 823 3139
f 824 3139 3041
f 3041 3139 3044
f 3140 3141 3142
f 3140 3142 3143
f 3141 827 3043
f 3141 3043 3142
f 3142 3043 3046
f 3143 3142 3046
f 3143 3046 3049
f 836 833 3144
f 836 3144 3145
f 833 832 3146
f 833 3146 3144
f 3144 3146 3147
f 3145 3144 3147
f 3145 3147 3148
f 832 3149 3150
f 832 3150 3146
f 3149 844 3151
f 3149 3151 3150
f 3150 3151 3130
f 823 3152 3153
f 823 3153 3139
f 3152 850 3153
f 3139 3153 3154
f 3139 3154 3044
f 850 848 3155
f 850 3155 3153
f 848 836 3145
f 848 3145 3155
f 3155 3145 3148
f 3155 3148 3156
f 3153 3155 3156
f 3153 3156 3154
f 844 842 3157
f 844 3157 3151
f 842 841 3123
f 842 3123 3157
f 3157 3123 3134
f 3151 3157 3134
f 3151 3134 3130
f 841 3158 3123
f 3158 3140 3143
f 3158 3143 3123
f 3123 3143 3049
f 3159 3160 3161
f 3159 3161 3162
f 3160 3163 3164
f 3160 3164 3161
f 3162 3161 3164
f 3162 3164 3165
f 3166 3167 3168
f 3166 3168 3169
f 3167 3170 3171
f 3167 3171 3168
f 3168 3171 2882
f 3169 3168 2882
f 3169 2882 2881
f 3170 3172 3173
f 3170 3173 3171
f 3172 3174 3175
f 3172 3175 3173
f 3173 3175 2851
f 3173 2851 2882
f 3171 3173 2882
f 3176 3177 3178
f 3176 3178 3179
f 3177 3180 3181
f 3177 3181 3178
f 3178 3181 3182
f 3178 3182 3183
f 3179 3178 3183
f 3179 3183 3184
f 3185 3186 3187
f 3185 3187 3188
f 3186 3176 3179
f 3186 3179 3187
f 3187 3179 3184
f 3188 3187 3184
f 3188 3184 3189
f 3190 3191 3192
f 3190 3192 3193
f 3191 3185 3188
f 3191 3188 3192
f 3192 3188 3189
f 3192 3189 3194
f 3193 3192 3194
f 3193 3194 3195
f 3174 3196 3197
f 3174 3197 3175
f 3196 3190 3193
f 3196 3193 3197
f 3197 3193 3195
f 3175 3197 2851
f 3198 3199 3200
f 3198 3200 3201
f 3199 3166 3169
f 3199 3169 3200
f 3200 3169 2881
f 3200 2881 3202
f 3201 3200 3202
f 3180 3203 3204
f 3180 3204 3181
f 3203 3198 3201
f 3203 3201 3204
f 3204 3201 3202
f 3204 3202 3205
f 3181 3204 3205
f 3181 3205 3182
f 3206 3207 3208
f 3206 3208 3209
f 3207 3210 3211
f 3207 3211 3208
f 3208 3211 2853
f 3208 2853 2852
f 3209 3208 2852
f 3209 2852 2851
f 3210 3212 3213
f 3210 3213 3211
f 3212 3214 3215
f 3212 3215 3213
f 3213 3215 2823
f 3213 2823 2858
f 3211 3213 2858
f 3211 2858 2853
f 3216 3217 3218
f 3216 3218 3219
f 3217 3220 3221
f 3217 3221 3218
f 3218 3221 3189
f 3218 3189 3222
f 3219 3218 3222
f 3223 3224 3225
f 3223 3225 3226
f 3224 3216 3219
f 3224 3219 3225
f 3225 3219 3222
f 3225 3222 3227
f 3226 3225 3227
f 3226 3227 3228
f 3229 3230 3231
f 3229 3231 3232
f 3230 3223 3226
f 3230 3226 3231
f 3231 3226 3228
f 3231 3228 3233
f 3232 3231 3233
f 3232 3233 3234
f 3214 3235 3236
f 3214 3236 3215
f 3235 3229 3232
f 3235 3232 3236
f 3236 3232 3234
f 3236 3234 3237
f 3215 3236 3237
f 3215 3237 2823
f 3220 3238 3239
f 3220 3239 3221
f 3238 3240 3241
f 3238 3241 3239
f 3239 3241 3195
f 3239 3195 3194
f 3221 3239 3194
f 3221 3194 3189
f 3240 3242 3243
f 3240 3243 3241
f 3242 3206 3209
f 3242 3209 3243
f 3243 3209 2851
f 3243 2851 3197
f 3241 3243 3197
f 3241 3197 3195
f 3244 3245 3246
f 3244 3246 3247
f 3245 3248 3249
f 3245 3249 3246
f 3246 3249 3250
f 3246 3250 3251
f 3247 3246 3251
f 3247 3251 1332
f 3248 3252 3253
f 3248 3253 3249
f 3252 3254 3255
f 3252 3255 3253
f 3253 3255 3256
f 3253 3256 3257
f 3249 3253 3257
f 3249 3257 3250
f 1155 3258 3259
f 1155 3259 3260
f 3258 1174 3237
f 3258 3237 3259
f 3259 3237 3234
f 3259 3234 3233
f 3260 3259 3233
f 3260 3233 3228
f 1174 1176 3261
f 1174 3261 3237
f 1176 1156 3262
f 1176 3262 3261
f 3261 3262 2823
f 3261 2823 3237
f 1147 1150 3263
f 1147 3263 3264
f 1150 1155 3260
f 1150 3260 3263
f 3263 3260 3228
f 3263 3228 3265
f 3264 3263 3265
f 3264 3265 3266
f 3254 3267 3268
f 3254 3268 3255
f 3267 1147 3264
f 3267 3264 3268
f 3268 3264 3266
f 3268 3266 3269
f 3255 3268 3269
f 3255 3269 3256
f 1156 1159 3270
f 1156 3270 3262
f 1159 1164 3271
f 1159 3271 3270
f 3270 3271 2828
f 3262 3270 2828
f 3262 2828 2823
f 1164 3272 3273
f 1164 3273 3271
f 3272 3244 3247
f 3272 3247 3273
f 3273 3247 1332
f 3273 1332 2832
f 3271 3273 2832
f 3271 2832 2828
f 2697 3274 3275
f 2697 3275 3276
f 3274 3277 3278
f 3274 3278 3275
f 3275 3278 3279
f 3275 3279 3280
f 3276 3275 3280
f 2689 2692 3281
f 2689 3281 3282
f 2692 2697 3276
f 2692 3276 3281
f 3281 3276 3280
f 3282 3281 3280
f 3282 3280 3283
f 3284 3285 3286
f 3284 3286 3287
f 3285 2698 3288
f 3285 3288 3286
f 3286 3288 3184
f 3286 3184 3183
f 3287 3286 3183
f 3287 3183 3182
f 2698 2701 3289
f 2698 3289 3288
f 2701 2681 3290
f 2701 3290 3289
f 3289 3290 3189
f 3289 3189 3184
f 3288 3289 3184
f 2681 2684 3291
f 2681 3291 3290
f 2684 2688 3292
f 2684 3292 3291
f 3291 3292 3293
f 3290 3291 3293
f 3290 3293 3189
f 2688 3294 3295
f 2688 3295 3292
f 3294 2689 3282
f 3294 3282 3295
f 3295 3282 3283
f 3292 3295 3293
f 3296 3297 3298
f 3296 3298 3299
f 3297 3284 3287
f 3297 3287 3298
f 3298 3287 3182
f 3277 3300 3301
f 3277 3301 3278
f 3300 3296 3299
f 3300 3299 3301
f 3301 3299 3298
f 3301 3298 3302
f 3278 3301 3302
f 3278 3302 3279
f 3303 3304 3305
f 3303 3305 3306
f 3304 3307 3308
f 3304 3308 3305
f 3305 3308 3283
f 3305 3283 3309
f 3306 3305 3309
f 3306 3309 3310
f 3311 3312 3313
f 3311 3313 3314
f 3312 3303 3306
f 3312 3306 3313
f 3313 3306 3310
f 3313 3310 3315
f 3314 3313 3315
f 3314 3315 3316
f 2660 2663 3317
f 2660 3317 3318
f 2663 2668 3319
f 2663 3319 3317
f 3317 3319 3222
f 3318 3317 3222
f 3318 3222 3189
f 2668 3320 3321
f 2668 3321 3319
f 3320 2669 3322
f 3320 3322 3321
f 3321 3322 3228
f 3321 3228 3227
f 3319 3321 3227
f 3319 3227 3222
f 2669 2672 3323
f 2669 3323 3322
f 2672 2676 3324
f 2672 3324 3323
f 3322 3323 3228
f 2676 3325 3326
f 2676 3326 3324
f 3325 3311 3314
f 3325 3314 3326
f 3326 3314 3316
f 3326 3316 3327
f 3324 3326 3327
f 2677 2679 3328
f 2677 3328 3329
f 2679 2660 3318
f 2679 3318 3328
f 3328 3318 3189
f 3328 3189 3293
f 3329 3328 3293
f 3307 3330 3293
f 3307 3293 3308
f 3330 2677 3329
f 3330 3329 3293
f 3308 3293 3295
f 3308 3295 3283
f 544 542 3331
f 544 3331 3332
f 542 541 3333
f 542 3333 3331
f 3331 3333 3280
f 3332 3331 3280
f 3332 3280 3279
f 541 3334 3335
f 541 3335 3333
f 3334 3336 3337
f 3334 3337 3335
f 3335 3337 3283
f 3335 3283 3280
f 3333 3335 3280
f 553 550 3338
f 553 3338 3339
f 550 549 3340
f 550 3340 3338
f 3338 3340 3341
f 3338 3341 3342
f 3339 3338 3342
f 3339 3342 3343
f 3336 3344 3345
f 3336 3345 3337
f 3344 553 3339
f 3344 3339 3345
f 3345 3339 3343
f 3337 3345 3343
f 3337 3343 3283
f 529 3346 3347
f 529 3347 3348
f 3346 544 3332
f 3346 3332 3347
f 3347 3332 3279
f 3348 3347 3279
f 532 530 3349
f 532 3349 3350
f 530 529 3348
f 530 3348 3349
f 3349 3348 3279
f 3349 3279 3351
f 3350 3349 3351
f 3350 3351 3352
f 549 3353 3354
f 549 3354 3340
f 3353 538 3355
f 3353 3355 3354
f 3340 3354 3355
f 3340 3355 3341
f 538 536 3356
f 538 3356 3355
f 536 532 3350
f 536 3350 3356
f 3356 3350 3352
f 3356 3352 3357
f 3355 3356 3357
f 3358 3359 3360
f 3363 3364 3365
f 3363 3365 3366
f 3362 3363 3366
f 3362 3366 3367
f 3368 3369 3370
f 3368 3370 3371
f 3372 3373 3374
f 3373 3375 3376
f 3373 3376 3374
f 3374 3376 3377
f 3372 3374 3378
f 3379 3380 3381
f 3379 3381 3382
f 3364 3379 3382
f 3364 3382 3365
f 3383 3384 3385
f 3383 3385 3386
f 3384 3387 3385
f 3385 3387 3388
f 3385 3388 3389
f 3386 3385 3389
f 3163 3390 3164
f 3390 1179 3164
f 3164 1179 1185
f 3391 797 796
f 3391 796 795
f 3392 3393 3394
f 3392 3394 3395
f 3393 3396 3397
f 3393 3397 3394
f 3394 3397 3398
f 3394 3398 3399
f 3395 3394 3399
f 3395 3399 3400
f 3401 3402 3403
f 3401 3403 3404
f 3402 3405 3406
f 3402 3406 3403
f 3403 3406 3407
f 3403 3407 3408
f 3404 3403 3408
f 3404 3408 3409
f 775 774 3410
f 774 773 3411
f 774 3411 3410
f 3410 3411 3412
f 3410 3412 3413
f 775 3410 3413
f 775 3413 3414
f 3396 3415 3397
f 3415 1202 3416
f 3397 3415 3416
f 3397 3416 3398
f 776 775 3414
f 776 3414 3417
f 777 776 3417
f 777 3417 3418
f 3419 3420 3421
f 3419 3421 3422
f 3420 3423 3421
f 3421 3423 3424
f 3421 3424 3425
f 3422 3421 3425
f 3422 3425 3426
f 778 777 3418
f 778 3418 3427
f 780 778 3427
f 780 3427 3428
f 3429 3430 3431
f 3429 3431 3432
f 3430 1186 1189
f 3430 1189 3431
f 3431 1189 1192
f 3431 1192 3433
f 3432 3431 3433
f 3432 3433 3434
f 783 782 3435
f 782 780 3428
f 3435 782 3436
f 3437 3438 3439
f 3438 3440 3441
f 3439 3438 3441
f 3439 3441 3442
f 3440 3443 3444
f 3443 3445 3446
f 3443 3446 3444
f 3444 3446 3447
f 3414 3413 3448
f 3414 3448 3380
f 3413 3412 3449
f 3413 3449 3448
f 3375 3450 3376
f 3450 3451 3452
f 3376 3450 3452
f 3376 3452 3377
f 3418 3417 3379
f 3418 3379 3364
f 3417 3414 3380
f 3417 3380 3379
f 3453 3454 3455
f 3453 3455 3456
f 3454 3457 3458
f 3454 3458 3455
f 3455 3458 3459
f 3455 3459 3460
f 3456 3455 3460
f 3456 3460 3461
f 3428 3427 3363
f 3428 3363 3362
f 3427 3418 3364
f 3427 3364 3363
f 3463 3464 3465
f 3463 3465 3466
f 3462 3463 3466
f 782 3428 3362
f 3467 3468 3469
f 3467 3469 3470
f 3471 3472 3369
f 3473 3474 3368
f 3474 3471 3369
f 3474 3369 3368
f 3472 3436 3475
f 3472 3475 3476
f 3369 3472 3476
f 3445 3477 3478
f 3445 3478 3446
f 3477 3479 3480
f 3477 3480 3478
f 3478 3480 3481
f 3478 3481 3482
f 3446 3478 3482
f 3446 3482 3447
f 3448 3449 3483
f 3448 3483 3484
f 3380 3448 3484
f 3380 3484 3381
f 3436 782 3488
f 782 3362 3488
f 3488 3362 3367
f 3436 3488 3475
f 3489 3490 3491
f 3489 3491 3492
f 3490 3493 3494
f 3490 3494 3491
f 3491 3494 3495
f 3491 3495 3496
f 3492 3491 3496
f 3492 3496 3497
f 1197 1194 3147
f 1197 3147 3146
f 1194 1193 3498
f 1194 3498 3147
f 3147 3498 3148
f 3419 3499 3500
f 3419 3500 3501
f 3499 1197 3146
f 3499 3146 3500
f 3500 3146 3150
f 3501 3500 3150
f 3501 3150 3130
f 3423 3420 3502
f 3423 3502 3503
f 3420 3419 3501
f 3420 3501 3502
f 3502 3501 3130
f 1193 3504 3498
f 3504 1190 3505
f 3504 3505 3498
f 3498 3505 3506
f 3498 3506 3507
f 3498 3507 3148
f 1186 3430 3508
f 1186 3508 3509
f 3430 3429 3508
f 3509 3508 3510
f 3509 3510 3511
f 3429 3512 3508
f 3512 3513 3514
f 3512 3514 3508
f 3508 3514 3515
f 3508 3515 3510
f 3513 3516 3503
f 3513 3503 3514
f 3516 3423 3503
f 3514 3503 3517
f 3514 3517 3515
f 1190 1187 3518
f 1190 3518 3505
f 1187 1186 3509
f 1187 3509 3518
f 3518 3509 3511
f 3518 3511 3519
f 3505 3518 3519
f 3505 3519 3506
f 3401 3520 3128
f 3401 3128 3129
f 3520 1182 3521
f 3520 3521 3128
f 3128 3521 3130
f 3405 3402 3522
f 3405 3522 3523
f 3402 3401 3129
f 3402 3129 3522
f 3522 3129 3132
f 3523 3522 3132
f 3523 3132 3107
f 1182 1180 3524
f 1182 3524 3521
f 1180 1179 3524
f 3524 3503 3502
f 3521 3524 3502
f 3521 3502 3130
f 3525 3526 3527
f 3526 3405 3523
f 3526 3523 3527
f 3527 3523 3107
f 3163 3160 3528
f 3163 3528 3529
f 3160 3159 3530
f 3160 3530 3528
f 3528 3530 3531
f 3529 3528 3531
f 3529 3531 3515
f 3159 3532 3533
f 3159 3533 3530
f 3532 3534 3533
f 1179 3390 3536
f 1179 3536 3524
f 3390 3163 3529
f 3390 3529 3536
f 3536 3529 3515
f 3536 3515 3517
f 3524 3536 3517
f 3524 3517 3503
f 3534 3525 3533
f 3533 3525 3537
f 3533 3537 3535
f 3538 3539 3540
f 3539 1213 3541
f 3539 3541 3540
f 3540 3541 1493
f 1205 1203 3543
f 1205 3543 3544
f 1203 1202 3543
f 3543 3525 3527
f 3544 3543 3527
f 3544 3527 3107
f 1209 3545 3546
f 1209 3546 3547
f 3545 1205 3544
f 3545 3544 3546
f 3546 3544 3107
f 3546 3107 3112
f 3547 3546 3112
f 3547 3112 3111
f 1213 1210 3548
f 1213 3548 3541
f 1210 1209 3547
f 1210 3547 3548
f 3548 3547 3111
f 3548 3111 3115
f 3541 3548 3115
f 3541 3115 1493
f 3392 3549 3550
f 3392 3550 3551
f 3549 3552 3553
f 3549 3553 3550
f 3550 3553 3473
f 3550 3473 3554
f 3551 3550 3554
f 3551 3554 3555
f 3396 3393 3556
f 3396 3556 3557
f 3393 3392 3551
f 3393 3551 3556
f 3556 3551 3555
f 3556 3555 3558
f 3557 3556 3558
f 3557 3558 3535
f 3552 3559 3540
f 3552 3540 3553
f 3559 3538 3540
f 3553 3540 3542
f 3553 3542 3473
f 1202 3415 3560
f 1202 3560 3543
f 3415 3396 3557
f 3415 3557 3560
f 3560 3557 3535
f 3560 3535 3537
f 3543 3560 3537
f 3543 3537 3525
f 3457 3454 3561
f 3454 3453 3561
f 3563 3564 3561
f 3563 3561 3565
f 3564 3457 3561
f 3372 3567 3568
f 3372 3568 3569
f 3567 3359 3570
f 3567 3570 3568
f 3568 3570 3511
f 3568 3511 3510
f 3569 3568 3510
f 3375 3373 3571
f 3375 3571 3572
f 3373 3372 3569
f 3373 3569 3571
f 3571 3569 3510
f 3572 3571 3510
f 3572 3510 3515
f 3359 3358 3570
f 3570 3573 3574
f 3570 3574 3511
f 3451 3450 3575
f 3450 3375 3572
f 3450 3572 3575
f 3575 3572 3515
f 3453 3576 3451
f 3453 3451 3561
f 3561 3451 3577
f 3561 3577 3562
f 3358 3578 3570
f 3358 3563 3565
f 3358 3565 3578
f 3578 3565 3566
f 3578 3566 3579
f 3570 3578 3579
f 3570 3579 3573
f 3387 3384 3580
f 3387 3580 3581
f 3384 3383 3580
f 3580 3383 3582
f 3485 3583 3581
f 3583 3387 3581
f 3464 3463 3531
f 3464 3531 3530
f 3463 3462 3584
f 3463 3584 3531
f 3531 3584 3515
f 3467 3585 3586
f 3467 3586 3587
f 3585 3464 3530
f 3585 3530 3586
f 3586 3530 3533
f 3587 3586 3533
f 3587 3533 3535
f 3468 3467 3587
f 3468 3587 3588
f 3588 3587 3535
f 3462 3485 3575
f 3462 3575 3584
f 3584 3575 3515
f 3485 3589 3575
f 3485 3581 3589
f 3589 3581 3562
f 3589 3562 3577
f 3575 3589 3577
f 3575 3577 3451
f 3590 3591 3592
f 3590 3592 3593
f 3591 3479 3594
f 3591 3594 3592
f 3593 3592 3582
f 3479 3477 3595
f 3479 3595 3594
f 3477 3445 3596
f 3477 3596 3595
f 3595 3596 3371
f 3437 3597 3598
f 3437 3598 3599
f 3597 3493 3600
f 3597 3600 3598
f 3598 3600 3555
f 3598 3555 3554
f 3599 3598 3554
f 3599 3554 3473
f 3493 3490 3601
f 3493 3601 3600
f 3490 3489 3602
f 3490 3602 3601
f 3601 3602 3535
f 3601 3535 3558
f 3600 3601 3558
f 3600 3558 3555
f 3440 3438 3603
f 3438 3437 3599
f 3438 3599 3603
f 3603 3599 3473
f 3603 3473 3368
f 3489 3604 3588
f 3489 3588 3602
f 3604 3605 3606
f 3604 3606 3588
f 3588 3606 3468
f 3602 3588 3535
f 3445 3443 3603
f 3445 3603 3596
f 3443 3440 3603
f 3596 3603 3368
f 3596 3368 3371
f 3605 3607 3593
f 3605 3593 3606
f 3607 3590 3593
f 3593 3582 3383
f 3606 3593 3383
f 3606 3383 3468
f 2117 2092 2131
f 2117 2131 2120
f 2131 1468 1475
f 2120 2131 1475
f 2120 1475 1477
f 1502 1501 3608
f 1502 3608 1918
f 1460 2129 3608
f 1460 3608 1501
f 1907 1918 3608
f 1907 3608 2129
f 237 2728 2743
f 3609 3610 3611
f 3609 3612 3613
f 3609 3613 3610
f 3610 3613 3614
f 3611 3610 3614
f 3611 3614 3615
f 3616 3617 3618
f 3616 3618 3619
f 3617 3620 3621
f 3617 3621 3618
f 3618 3621 3622
f 3619 3618 3622
f 3619 3622 3623
f 3624 3625 3626
f 3624 3627 3625
f 3625 3627 3628
f 3625 3628 3629
f 3626 3625 3629
f 3635 3637 3636
f 3638 3639 3640
f 3640 3639 3641
f 3640 3641 3642
f 3627 3643 3644
f 3643 600 603
f 3643 603 3644
f 3627 3644 603
f 3627 603 3628
f 260 3645 3646
f 260 3646 2711
f 3645 2718 3647
f 3645 3647 3646
f 3646 3647 3648
f 3646 3648 3649
f 2711 3646 3649
f 2711 3649 618
f 3650 3651 3652
f 3650 3652 3653
f 2741 3652 3651
f 3316 3653 3652
f 3316 3652 2741
f 618 3649 3654
f 618 3654 619
f 3648 3655 3654
f 3648 3654 3649
f 622 619 3654
f 622 3654 3655
f 266 270 2738
f 269 2744 270
f 2740 2738 270
f 2740 270 2744
f 3316 3656 2728
f 2740 2743 2728
f 2740 2728 3656
f 3657 3658 3659
f 3657 3659 3660
f 3658 3661 3662
f 3658 3662 3659
f 3659 3662 3663
f 3659 3663 3664
f 3660 3659 3664
f 3660 3664 3665
f 2719 3666 2739
f 2719 2718 3645
f 2719 3645 3666
f 3666 3645 260
f 3666 260 267
f 2739 3666 267
f 2739 267 266
f 3648 3647 3667
f 3648 3667 3668
f 3647 2718 2717
f 3647 2717 3667
f 3667 2717 2716
f 3667 2716 3669
f 3668 3667 3669
f 3668 3669 3670
f 2719 2742 3671
f 2719 3671 2715
f 2742 2741 3651
f 2742 3651 3671
f 3671 3651 3650
f 3671 3650 3672
f 2715 3671 3672
f 2715 3672 2712
f 3316 2741 3656
f 2741 2739 3656
f 2740 3656 2739
f 622 3655 3673
f 622 3673 3674
f 3648 3668 3673
f 3648 3673 3655
f 3670 3674 3673
f 3670 3673 3668
f 546 3675 3676
f 546 3676 547
f 3675 535 3677
f 3675 3677 3676
f 3676 3677 3678
f 3676 3678 3679
f 547 3676 3679
f 547 3679 548
f 535 531 3680
f 535 3680 3677
f 531 534 540
f 531 540 3680
f 3680 540 539
f 3680 539 3681
f 3677 3680 3681
f 3677 3681 3678
f 3678 3681 3682
f 3678 3682 3683
f 3681 539 3684
f 3681 3684 3682
f 3682 3684 556
f 3682 556 555
f 3683 3682 555
f 3683 555 554
f 548 3679 3685
f 548 3685 3686
f 3679 3678 3683
f 3679 3683 3685
f 3685 3683 554
f 3685 554 3687
f 3686 3685 3687
f 3686 3687 3688
f 553 3344 3689
f 3344 3336 3690
f 3344 3690 3689
f 3689 3690 3688
f 3689 3688 3687
f 553 3689 3687
f 553 3687 554
f 3336 3334 3691
f 3336 3691 3690
f 3334 541 3691
f 3691 541 548
f 3691 548 3686
f 3690 3691 3686
f 3690 3686 3688
f 538 3353 3692
f 3353 549 552
f 3353 552 3692
f 3692 552 556
f 3692 556 3684
f 538 3692 3684
f 538 3684 539
f 544 3346 3693
f 544 3693 545
f 3346 529 3693
f 3693 529 535
f 3693 535 3675
f 545 3693 3675
f 545 3675 546
f 3284 3694 3695
f 3284 3695 3285
f 3694 3696 3697
f 3694 3697 3695
f 3695 3697 2702
f 3695 2702 2699
f 3285 3695 2699
f 3285 2699 2698
f 2697 2696 3698
f 2697 3698 3274
f 2696 2695 3699
f 2696 3699 3698
f 3698 3699 3700
f 3698 3700 3701
f 3274 3698 3701
f 3274 3701 3277
f 2688 2687 3702
f 2688 3702 3294
f 2687 3703 3702
f 3702 3703 2693
f 3702 2693 2690
f 3294 3702 2690
f 3294 2690 2689
f 3307 3704 3705
f 3307 3705 3330
f 3704 3706 3707
f 3704 3707 3705
f 3705 3707 2677
f 3330 3705 2677
f 2676 2675 3708
f 2676 3708 3325
f 2675 3709 3708
f 3708 3709 3710
f 3708 3710 3711
f 3325 3708 3711
f 3325 3711 3311
f 2668 2667 3712
f 2668 3712 3320
f 2667 2666 3713
f 2667 3713 3712
f 3712 3713 2673
f 3712 2673 2670
f 3320 3712 2670
f 3320 2670 2669
f 3311 3711 3714
f 3311 3714 3312
f 3711 3710 3715
f 3711 3715 3714
f 3714 3715 3716
f 3714 3716 3717
f 3312 3714 3717
f 3312 3717 3303
f 3718 3719 3720
f 3718 3720 3721
f 3719 3722 3723
f 3719 3723 3720
f 3720 3723 3316
f 3720 3316 2728
f 3721 3720 2728
f 3724 3725 3726
f 3724 3726 3727
f 3725 3718 3721
f 3725 3721 3726
f 3726 3721 2728
f 3727 3726 2728
f 3727 2728 2729
f 2644 2646 3728
f 2644 3728 3729
f 2646 2650 3730
f 2646 3730 3728
f 3728 3730 3266
f 3728 3266 3265
f 3729 3728 3265
f 3729 3265 3228
f 2650 3731 3732
f 2650 3732 3730
f 3731 2651 3733
f 3731 3733 3732
f 3732 3733 3256
f 3732 3256 3269
f 3730 3732 3269
f 3730 3269 3266
f 2651 2653 3734
f 2651 3734 3733
f 2653 2657 3735
f 2653 3735 3734
f 3734 3735 3736
f 3733 3734 3736
f 3733 3736 3256
f 2657 3737 3738
f 2657 3738 3735
f 3737 3724 3727
f 3737 3727 3738
f 3738 3727 2729
f 3738 2729 3736
f 3735 3738 3736
f 2658 2659 3739
f 2658 3739 3324
f 2659 2644 3729
f 2659 3729 3739
f 3739 3729 3228
f 3739 3228 3323
f 3324 3739 3323
f 3722 3740 3741
f 3722 3741 3723
f 3740 2658 3324
f 3740 3324 3741
f 3741 3324 3327
f 3723 3741 3327
f 3723 3327 3316
f 3742 3743 3744
f 3742 3744 3745
f 3743 2632 3746
f 3743 3746 3744
f 3744 3746 2729
f 3744 2729 2731
f 3745 3744 2731
f 3745 2731 2730
f 2631 3747 3748
f 2631 3748 3749
f 3747 3742 3745
f 3747 3745 3748
f 3748 3745 2730
f 3748 2730 3750
f 3749 3748 3750
f 3749 3750 3751
f 2638 2641 3752
f 2638 3752 3753
f 2641 2621 3754
f 2641 3754 3752
f 3752 3754 3755
f 3752 3755 3756
f 3753 3752 3756
f 3753 3756 3256
f 2621 2623 3757
f 2621 3757 3754
f 2623 2626 3758
f 2623 3758 3757
f 3757 3758 737
f 3757 737 3759
f 3754 3757 3759
f 3754 3759 3755
f 2626 3760 3761
f 2626 3761 3758
f 3760 2627 3762
f 3760 3762 3761
f 3761 3762 3758
f 2627 2628 3763
f 2627 3763 3762
f 2628 2631 3749
f 2628 3749 3763
f 3763 3749 3751
f 3763 3751 3762
f 2637 3764 3765
f 2637 3765 3766
f 3764 2638 3753
f 3764 3753 3765
f 3765 3753 3256
f 3765 3256 3736
f 3766 3765 3736
f 2632 2634 3736
f 2632 3736 3746
f 2634 2637 3766
f 2634 3766 3736
f 3746 3736 2729
f 3248 3767 3252
f 3248 3768 3769
f 3248 3769 3767
f 3767 3769 3770
f 3767 3770 3771
f 3252 3767 3771
f 3252 3771 3254
f 3722 3772 3773
f 3722 3773 3740
f 3772 3774 3775
f 3772 3775 3773
f 3773 3775 2658
f 3740 3773 2658
f 2657 2656 3737
f 3737 3776 3777
f 3737 3777 3724
f 2650 2649 3778
f 2650 3778 3731
f 2649 3779 3778
f 3778 3779 2654
f 3778 2654 2652
f 3731 3778 2652
f 3731 2652 2651
f 3780 3781 3782
f 3780 3782 3783
f 3781 2649 2648
f 3781 2648 3782
f 3782 2648 2647
f 3782 2647 2659
f 3783 3782 2659
f 3783 2659 2658
f 3718 3784 3719
f 3718 3785 3784
f 3784 3785 3774
f 3784 3774 3772
f 3719 3784 3772
f 3719 3772 3722
f 2631 2630 3747
f 2630 2629 2705
f 2630 2705 3747
f 3747 2705 2709
f 3747 2709 3742
f 3776 3737 3786
f 3776 3786 3787
f 3737 2656 3788
f 3737 3788 3786
f 3786 3788 3780
f 3786 3780 3789
f 3787 3786 3789
f 3787 3789 3718
f 2637 2636 3764
f 3764 2642 2639
f 3764 2639 2638
f 2626 2625 3760
f 2625 2624 3790
f 2625 3790 3760
f 3760 3790 2627
f 2842 3791 3792
f 2842 3792 2845
f 3791 3793 3794
f 3791 3794 3792
f 3792 3794 1102
f 3792 1102 1099
f 2845 3792 1099
f 2845 1099 1098
f 1146 3795 2885
f 1146 3796 3795
f 3795 3796 1140
f 3795 1140 1137
f 2885 3795 1137
f 2885 1137 1136
f 1142 3797 2877
f 1142 3798 3797
f 3797 3798 1124
f 3797 1124 1121
f 2877 3797 1121
f 2877 1121 1120
f 2869 3799 3800
f 2869 3800 2870
f 3799 3801 3802
f 3799 3802 3800
f 3800 3802 1131
f 3800 1131 1128
f 2870 3800 1128
f 2870 1128 1127
f 1044 3803 3804
f 1044 3804 1045
f 3803 1067 3805
f 3803 3805 3804
f 3804 3805 3806
f 3804 3806 3807
f 1045 3804 3807
f 1045 3807 1046
f 1067 1066 3808
f 1067 3808 3805
f 1066 1055 1054
f 1066 1054 3808
f 3808 1054 1053
f 3808 1053 3809
f 3805 3808 3809
f 3805 3809 3806
f 3806 3809 3810
f 3806 3810 3811
f 3809 1053 3812
f 3809 3812 3810
f 3810 3812 1062
f 3810 1062 1061
f 3811 3810 1061
f 3811 1061 1060
f 1046 3807 3813
f 1046 3813 3814
f 3807 3806 3811
f 3807 3811 3813
f 3813 3811 1060
f 3813 1060 3815
f 3814 3813 3815
f 3814 3815 3816
f 1042 2914 3817
f 1042 3817 1043
f 2914 1063 3817
f 3817 1063 1067
f 3817 1067 3803
f 1043 3817 3803
f 1043 3803 1044
f 1060 2912 3818
f 2912 2903 3819
f 2912 3819 3818
f 3818 3819 3816
f 3818 3816 3815
f 1060 3818 3815
f 1051 2908 3820
f 1051 3820 1052
f 2908 1056 1059
f 2908 1059 3820
f 3820 1059 1062
f 3820 1062 3812
f 1052 3820 3812
f 1052 3812 1053
f 2903 2901 3821
f 2903 3821 3819
f 2901 1038 1041
f 2901 1041 3821
f 3821 1041 1046
f 3821 1046 3814
f 3819 3821 3814
f 3819 3814 3816
f 957 956 3822
f 957 3822 962
f 956 955 3823
f 956 3823 3822
f 3822 3823 3824
f 3822 3824 3825
f 962 3822 3825
f 962 3825 963
f 955 3826 3827
f 955 3827 3823
f 3826 971 970
f 3826 970 3827
f 3827 970 969
f 3827 969 3828
f 3823 3827 3828
f 3823 3828 3824
f 3824 3828 3829
f 3824 3829 3830
f 3828 969 3831
f 3828 3831 3829
f 3829 3831 978
f 3829 978 977
f 3830 3829 977
f 3830 977 976
f 963 3825 3832
f 963 3832 3833
f 3825 3824 3830
f 3825 3830 3832
f 3832 3830 976
f 3832 976 3834
f 3833 3832 3834
f 3833 3834 3835
f 976 2985 3836
f 2985 2974 3837
f 2985 3837 3836
f 3836 3837 3835
f 3836 3835 3834
f 976 3836 3834
f 968 2980 3838
f 2980 972 975
f 2980 975 3838
f 3838 975 978
f 3838 978 3831
f 968 3838 3831
f 968 3831 969
f 2974 2972 3839
f 2974 3839 3837
f 2972 958 961
f 2972 961 3839
f 3839 961 963
f 3839 963 3833
f 3837 3839 3833
f 3837 3833 3835
f 955 2991 3840
f 2991 964 967
f 2991 967 3840
f 3840 967 971
f 3840 971 3826
f 955 3840 3826
f 810 3841 3842
f 810 3842 811
f 3841 813 3843
f 3841 3843 3842
f 3842 3843 3844
f 3842 3844 3845
f 811 3842 3845
f 811 3845 812
f 813 815 3846
f 813 3846 3843
f 815 818 822
f 815 822 3846
f 3846 822 821
f 3846 821 3847
f 3843 3846 3847
f 3843 3847 3844
f 3844 3847 3848
f 3844 3848 3849
f 3847 821 3850
f 3847 3850 3848
f 3848 3850 803
f 3848 803 802
f 3849 3848 802
f 3849 802 801
f 812 3845 3851
f 812 3851 3852
f 3845 3844 3849
f 3845 3849 3851
f 3851 3849 801
f 3851 801 3853
f 3852 3851 3853
f 3852 3853 3854
f 821 3051 3855
f 3051 798 800
f 3051 800 3855
f 3855 800 803
f 3855 803 3850
f 821 3855 3850
f 808 3060 3856
f 808 3856 809
f 3060 813 3856
f 3856 813 3841
f 809 3856 3841
f 809 3841 810
f 3047 3045 3857
f 3047 3857 3858
f 3045 804 807
f 3045 807 3857
f 3857 807 812
f 3857 812 3852
f 3858 3857 3852
f 3858 3852 3854
f 801 3053 3859
f 3053 3047 3858
f 3053 3858 3859
f 3859 3858 3854
f 3859 3854 3853
f 801 3859 3853
f 3860 3861 3862
f 3860 3862 3863
f 3861 841 3864
f 3861 3864 3862
f 3862 3864 3865
f 3862 3865 3866
f 3863 3862 3866
f 3863 3866 829
f 841 847 3867
f 841 3867 3864
f 847 846 3868
f 847 3868 3867
f 3867 3868 840
f 3867 840 3869
f 3864 3867 3869
f 3864 3869 3865
f 3865 3869 3870
f 3865 3870 3871
f 3869 840 839
f 3869 839 3870
f 3870 839 838
f 3870 838 851
f 3871 3870 851
f 3871 851 850
f 829 3866 3872
f 829 3872 830
f 3866 3865 3871
f 3866 3871 3872
f 3872 3871 850
f 3872 850 3873
f 830 3872 3873
f 830 3873 831
f 3140 3158 3874
f 3140 3874 3875
f 3158 841 3874
f 3874 841 3861
f 3875 3874 3861
f 3875 3861 3860
f 850 3152 3873
f 3152 823 826
f 3152 826 3873
f 3873 826 831
f 844 3149 3876
f 844 3876 845
f 3149 832 835
f 3149 835 3876
f 3876 835 840
f 3876 840 3868
f 845 3876 3868
f 845 3868 846
f 827 3141 3877
f 827 3877 828
f 3141 3140 3875
f 3141 3875 3877
f 3877 3875 3860
f 3877 3860 3863
f 828 3877 3863
f 828 3863 829
f 3878 3879 3880
f 3878 3880 3881
f 3879 1199 3882
f 3879 3882 3880
f 3880 3882 3426
f 3880 3426 3425
f 3881 3880 3425
f 3881 3425 3424
f 3878 3883 3884
f 3878 3884 3879
f 3883 1191 3885
f 3883 3885 3884
f 3884 3885 1201
f 3884 1201 1200
f 3879 3884 1200
f 3879 1200 1199
f 1191 3883 3886
f 1191 3886 1192
f 3883 3878 3887
f 3883 3887 3886
f 3886 3887 3434
f 3886 3434 3433
f 1192 3886 3433
f 3878 3881 3888
f 3878 3888 3887
f 3881 3424 3889
f 3881 3889 3888
f 3888 3889 3890
f 3888 3890 3891
f 3887 3888 3891
f 3887 3891 3434
f 3513 3512 3892
f 3513 3892 3893
f 3512 3429 3432
f 3512 3432 3892
f 3892 3432 3434
f 3892 3434 3891
f 3893 3892 3891
f 3893 3891 3890
f 1197 3499 3894
f 1197 3894 1198
f 3499 3419 3422
f 3499 3422 3894
f 3894 3422 3426
f 3894 3426 3882
f 1198 3894 3882
f 1198 3882 1199
f 1190 3504 3895
f 3504 1193 1196
f 3504 1196 3895
f 3895 1196 1201
f 3895 1201 3885
f 1190 3895 3885
f 1190 3885 1191
f 3423 3516 3896
f 3516 3513 3893
f 3516 3893 3896
f 3896 3893 3890
f 3896 3890 3889
f 3423 3896 3889
f 3423 3889 3424
f 3897 3452 3461
f 3897 3461 3460
f 3897 3460 3459
f 3897 3459 3898
f 3361 3897 3898
f 3360 3899 3897
f 3360 3897 3358
f 3899 3378 3897
f 3358 3897 3361
f 3378 3374 3897
f 3374 3377 3452
f 3374 3452 3897
f 3457 3564 3900
f 3457 3900 3458
f 3564 3563 3901
f 3564 3901 3900
f 3900 3901 3898
f 3458 3900 3898
f 3458 3898 3459
f 3451 3576 3452
f 3576 3453 3456
f 3576 3456 3452
f 3452 3456 3461
f 3563 3358 3902
f 3563 3902 3901
f 3902 3358 3361
f 3901 3902 3361
f 3901 3361 3898
f 3359 3567 3360
f 3567 3372 3378
f 3567 3378 3899
f 3360 3567 3899
f 3903 3904 3905
f 3903 3905 3906
f 3904 3907 3908
f 3904 3908 3905
f 3905 3908 3909
f 3905 3909 3910
f 3906 3905 3910
f 3906 3910 3911
f 3903 3906 3912
f 3903 3912 3913
f 3906 3911 3914
f 3906 3914 3912
f 3912 3914 3915
f 3912 3915 3916
f 3913 3912 3916
f 3913 3916 3917
f 2854 3918 3919
f 2854 3919 2855
f 3918 3920 3921
f 3918 3921 3919
f 3919 3921 1115
f 3919 1115 1112
f 2855 3919 1112
f 1119 1118 3922
f 1119 3922 2863
f 1118 1117 3923
f 1118 3923 3922
f 3922 3923 1105
f 2863 3922 1105
f 1104 3924 2859
f 1104 3925 3924
f 3924 3925 3920
f 3924 3920 3918
f 2859 3924 3918
f 2859 3918 2854
f 1037 1036 3926
f 1037 3926 3927
f 1036 1035 3928
f 1036 3928 3926
f 3926 3928 3929
f 3926 3929 3930
f 3927 3926 3930
f 3927 3930 1017
f 1035 3931 3932
f 1035 3932 3928
f 3931 3933 3934
f 3931 3934 3932
f 3932 3934 1027
f 3932 1027 3935
f 3928 3932 3935
f 3928 3935 3929
f 3929 3935 3936
f 3929 3936 3937
f 3935 1027 1026
f 3935 1026 3936
f 3936 1026 1025
f 3936 1025 3938
f 3937 3936 3938
f 3937 3938 1028
f 1017 3930 3939
f 1017 3939 1018
f 3930 3929 3937
f 3930 3937 3939
f 3939 3937 1028
f 3939 1028 1030
f 1018 3939 1030
f 1018 1030 1019
f 1035 2938 3931
f 2938 2930 3940
f 2938 3940 3931
f 3931 3940 3933
f 1023 2933 3941
f 1023 3941 1024
f 2933 1028 3941
f 3941 1028 3938
f 1024 3941 3938
f 1024 3938 1025
f 2930 2928 3942
f 2930 3942 3940
f 2928 1020 3942
f 3942 1020 1027
f 3942 1027 3934
f 3940 3942 3934
f 3940 3934 3933
f 1015 2921 3943
f 1015 3943 1016
f 2921 1031 1034
f 2921 1034 3943
f 3943 1034 1037
f 3943 1037 3927
f 1016 3943 3927
f 1016 3927 1017
f 3944 3945 3946
f 3944 3946 3947
f 3945 932 3948
f 3945 3948 3946
f 3946 3948 3949
f 3946 3949 3950
f 3947 3946 3950
f 3947 3950 943
f 932 934 3951
f 932 3951 3948
f 934 937 3952
f 934 3952 3951
f 3951 3952 950
f 3951 950 3953
f 3948 3951 3953
f 3948 3953 3949
f 3949 3953 3954
f 3949 3954 3955
f 3953 950 949
f 3953 949 3954
f 3954 949 931
f 3954 931 930
f 3955 3954 930
f 3955 930 929
f 943 3950 3956
f 943 3956 944
f 3950 3949 3955
f 3950 3955 3956
f 3956 3955 929
f 3956 929 3957
f 944 3956 3957
f 944 3957 945
f 935 3003 3958
f 935 3958 936
f 3003 946 3958
f 3958 946 950
f 3958 950 3952
f 936 3958 3952
f 936 3952 937
f 942 2995 3959
f 2995 2994 3960
f 2995 3960 3959
f 3959 3960 3944
f 3959 3944 3947
f 942 3959 3947
f 942 3947 943
f 2994 3012 3960
f 3012 932 3945
f 3960 3012 3945
f 3960 3945 3944
f 929 3009 3957
f 3009 938 941
f 3009 941 3957
f 3957 941 945
f 885 899 3961
f 885 3961 886
f 899 898 3962
f 899 3962 3961
f 3961 3962 3963
f 3961 3963 3964
f 886 3961 3964
f 886 3964 887
f 898 3965 3966
f 898 3966 3962
f 3965 895 894
f 3965 894 3966
f 3966 894 893
f 3966 893 3967
f 3962 3966 3967
f 3962 3967 3963
f 3963 3967 3968
f 3963 3968 3969
f 3967 893 3970
f 3967 3970 3968
f 3968 3970 905
f 3968 905 904
f 3969 3968 904
f 3969 904 903
f 887 3964 3971
f 887 3971 3972
f 3964 3963 3969
f 3964 3969 3971
f 3971 3969 903
f 3971 903 3973
f 3972 3971 3973
f 3972 3973 3974
f 903 3078 3975
f 3078 3067 3976
f 3078 3976 3975
f 3975 3976 3974
f 3975 3974 3973
f 903 3975 3973
f 898 3074 3965
f 3074 888 891
f 3074 891 3965
f 3965 891 895
f 892 3072 3977
f 3072 900 902
f 3072 902 3977
f 3977 902 905
f 3977 905 3970
f 892 3977 3970
f 892 3970 893
f 3067 3065 3978
f 3067 3978 3976
f 3065 879 882
f 3065 882 3978
f 3978 882 887
f 3978 887 3972
f 3976 3978 3972
f 3976 3972 3974
f 878 877 3979
f 878 3979 3980
f 877 876 3979
f 3980 3979 3981
f 3980 3981 857
f 876 3982 3979
f 3982 3983 3979
f 3979 3983 868
f 3979 868 3981
f 3981 868 867
f 3981 867 3984
f 3984 867 866
f 3984 866 872
f 857 3981 3985
f 857 3985 858
f 3981 3984 3985
f 3985 3984 872
f 3985 872 859
f 858 3985 859
f 876 3137 3986
f 3137 3133 3987
f 3137 3987 3986
f 3986 3987 3982
f 876 3986 3982
f 871 3135 859
f 3135 852 855
f 3135 855 859
f 871 859 872
f 3133 3131 3988
f 3133 3988 3987
f 3131 860 863
f 3131 863 3988
f 3988 863 868
f 3988 868 3983
f 3987 3988 3983
f 3987 3983 3982
f 856 3124 3989
f 3124 873 875
f 3124 875 3989
f 3989 875 878
f 3989 878 3980
f 856 3989 3980
f 856 3980 857
f 1184 3990 3991
f 3990 3409 3992
f 3990 3992 3991
f 1184 3991 1185
f 3992 3409 3408
f 3992 3408 3993
f 3993 3408 3407
f 3993 3407 3994
f 1185 3991 3164
f 3991 3992 3165
f 3991 3165 3164
f 3993 3994 3995
f 3992 3993 3995
f 3992 3995 3165
f 1182 3520 3996
f 1182 3996 1183
f 3520 3401 3404
f 3520 3404 3996
f 3996 3404 3409
f 3996 3409 3990
f 1183 3996 3990
f 1183 3990 1184
f 3525 3534 3997
f 3525 3997 3994
f 3534 3532 3998
f 3534 3998 3997
f 3532 3159 3162
f 3532 3162 3998
f 3998 3162 3165
f 3998 3165 3995
f 3997 3998 3995
f 3997 3995 3994
f 3405 3526 3406
f 3526 3525 3994
f 3526 3994 3407
f 3406 3526 3407
f 3999 3469 3389
f 3999 3389 3388
f 3462 3466 3486
f 3466 3465 3999
f 3465 3470 3999
f 3470 3469 3999
f 3486 3466 4000
f 3466 3999 4000
f 4000 3999 3388
f 4000 3388 3487
f 3486 4000 3487
f 3468 3383 3386
f 3468 3386 3469
f 3469 3386 3389
f 3485 3462 3486
f 3585 3467 3470
f 3464 3585 3470
f 3464 3470 3465
f 3387 3583 4001
f 3583 3485 3486
f 3583 3486 4001
f 4001 3486 3487
f 3387 4001 3487
f 3387 3487 3388
f 1155 1154 4002
f 1155 4002 3258
f 1154 1153 4003
f 1154 4003 4002
f 4002 4003 1177
f 4002 1177 1174
f 3258 4002 1174
f 1164 1163 4004
f 1164 4004 3272
f 1163 1162 4005
f 1163 4005 4004
f 4004 4005 4006
f 4004 4006 4007
f 3272 4004 4007
f 3272 4007 3244
f 3254 3771 4008
f 3254 4008 3267
f 3771 3770 4009
f 3771 4009 4008
f 4008 4009 1151
f 4008 1151 1148
f 3267 4008 1148
f 3267 1148 1147
f 1076 1075 4010
f 1076 4010 2829
f 1075 1074 4011
f 1075 4011 4010
f 4010 4011 1090
f 4010 1090 1087
f 2829 4010 1087
f 2829 1087 1086
f 1085 1084 4012
f 1085 4012 2824
f 1084 1083 4013
f 1084 4013 4012
f 4012 4013 4014
f 4012 4014 4015
f 2824 4012 4015
f 2824 4015 2804
f 2808 4016 4017
f 2808 4017 2813
f 4016 4018 4019
f 4016 4019 4017
f 4017 4019 1096
f 4017 1096 1093
f 2813 4017 1093
f 2813 1093 1092
f 995 994 4020
f 995 4020 1000
f 994 993 4021
f 994 4021 4020
f 4020 4021 4022
f 4020 4022 4023
f 1000 4020 4023
f 1000 4023 1001
f 993 4024 4025
f 993 4025 4021
f 4024 1010 1009
f 4024 1009 4025
f 4025 1009 1008
f 4025 1008 4026
f 4021 4025 4026
f 4021 4026 4022
f 4022 4026 4027
f 4022 4027 4028
f 4026 1008 4029
f 4026 4029 4027
f 4027 4029 987
f 4027 987 986
f 4028 4027 986
f 4028 986 985
f 1001 4023 4030
f 1001 4030 4031
f 4023 4022 4028
f 4023 4028 4030
f 4030 4028 985
f 4030 985 4032
f 4031 4030 4032
f 4031 4032 4033
f 1006 2954 4034
f 1006 4034 1007
f 2954 979 982
f 2954 982 4034
f 4034 982 987
f 4034 987 4029
f 1007 4034 4029
f 1007 4029 1008
f 2948 2946 4035
f 2948 4035 4036
f 2946 996 999
f 2946 999 4035
f 4035 999 1001
f 4035 1001 4031
f 4036 4035 4031
f 4036 4031 4033
f 992 2964 4037
f 2964 1002 1005
f 2964 1005 4037
f 4037 1005 1010
f 4037 1010 4024
f 992 4037 4024
f 992 4024 993
f 983 2957 4038
f 983 4038 984
f 2957 2948 4036
f 2957 4036 4038
f 4038 4036 4033
f 4038 4033 4032
f 984 4038 4032
f 984 4032 985
f 925 924 4039
f 925 4039 3039
f 924 4040 4039
f 4039 4040 4041
f 4039 4041 4042
f 3039 4039 4042
f 3039 4042 3013
f 920 4043 3035
f 920 4044 4043
f 4043 4044 4045
f 4043 4045 4046
f 3035 4043 4046
f 3035 4046 3027
f 3027 4046 4047
f 3027 4047 3028
f 4046 4045 4048
f 4046 4048 4047
f 4047 4048 909
f 4047 909 906
f 3028 4047 906
f 3017 4049 4050
f 3017 4050 3021
f 4049 4051 4052
f 4049 4052 4050
f 4050 4052 918
f 4050 918 915
f 3021 4050 915
f 3021 915 914
f 4053 4054 4055
f 4053 4055 4056
f 4054 4057 4058
f 4054 4058 4055
f 4055 4058 1626
f 4055 1626 1625
f 4056 4055 1625
f 4056 1625 1624
f 4059 4060 4061
f 4059 4061 4062
f 4060 1626 4058
f 4060 4058 4061
f 4061 4058 4057
f 4061 4057 4063
f 4062 4061 4063
f 4062 4063 1632
f 4053 4064 4065
f 4053 4065 4054
f 4064 1540 1539
f 4064 1539 4065
f 4065 1539 1538
f 4065 1538 4066
f 4054 4065 4066
f 4054 4066 4057
f 1634 1633 4067
f 1634 4067 1640
f 1633 1632 4063
f 1633 4063 4067
f 4067 4063 4057
f 4067 4057 4066
f 1640 4067 4066
f 1640 4066 1538
f 1622 3091 4068
f 1622 4068 1623
f 3091 3090 4068
f 4068 3090 4053
f 4068 4053 4056
f 1623 4068 4056
f 1623 4056 1624
f 1631 3086 4069
f 3086 3082 4070
f 3086 4070 4069
f 4069 4070 4059
f 4069 4059 4062
f 1631 4069 4062
f 1631 4062 1632
f 3082 3080 4071
f 3082 4071 4070
f 3080 1619 4071
f 4071 1619 1626
f 4071 1626 4060
f 4070 4071 4060
f 4070 4060 4059
f 3090 3099 4072
f 3099 1532 1535
f 3099 1535 4072
f 4072 1535 1540
f 4072 1540 4064
f 3090 4072 4064
f 3090 4064 4053
f 1519 4073 4074
f 1519 4074 1520
f 4073 4075 4076
f 4073 4076 4074
f 4074 4076 1515
f 4074 1515 1514
f 1520 4074 1514
f 1520 1514 1513
f 1529 4077 4078
f 1529 4078 1530
f 4077 1515 4076
f 4077 4076 4078
f 4078 4076 4075
f 4078 4075 4079
f 1530 4078 4079
f 1530 4079 1531
f 4075 4073 4080
f 4075 4080 4081
f 4073 1519 4082
f 4073 4082 4080
f 4080 4082 1295
f 4080 1295 1294
f 4081 4080 1294
f 4081 1294 1293
f 4083 4084 4085
f 4083 4085 4086
f 4084 1531 4079
f 4084 4079 4085
f 4085 4079 4075
f 4085 4075 4081
f 4086 4085 4081
f 4086 4081 1293
f 3105 3103 4087
f 3105 4087 4088
f 3103 1524 4087
f 4087 1524 1531
f 4087 1531 4084
f 4088 4087 4084
f 4088 4084 4083
f 1518 3119 4089
f 3119 1287 1290
f 3119 1290 4089
f 4089 1290 1295
f 4089 1295 4082
f 1518 4089 4082
f 1518 4082 1519
f 1527 3116 4090
f 1527 4090 1528
f 3116 1507 1510
f 3116 1510 4090
f 4090 1510 1515
f 4090 1515 4077
f 1528 4090 4077
f 1528 4077 1529
f 1291 3108 4091
f 1291 4091 1292
f 3108 3105 4088
f 3108 4088 4091
f 4091 4088 4083
f 4091 4083 4086
f 1292 4091 4086
f 1292 4086 1293
f 1215 4092 4093
f 1215 4093 1216
f 4092 4094 4095
f 4092 4095 4093
f 4093 4095 4096
f 4093 4096 4097
f 1216 4093 4097
f 1216 4097 1217
f 1217 4097 4098
f 1217 4098 4099
f 4097 4096 4100
f 4097 4100 4098
f 4098 4100 1202
f 4098 1202 1208
f 4099 4098 1208
f 4099 1208 1207
f 4096 4095 4101
f 4095 4094 4102
f 4095 4102 4101
f 4101 4102 4103
f 4101 4103 4104
f 4096 4101 4104
f 4096 4104 3400
f 1202 4100 4105
f 1202 4105 3416
f 4100 4096 4105
f 4105 4096 3400
f 4105 3400 3399
f 3416 4105 3399
f 3416 3399 3398
f 3538 3559 4106
f 3559 3552 4107
f 3559 4107 4106
f 4106 4107 4103
f 4106 4103 4102
f 3538 4106 4102
f 3538 4102 4094
f 3552 3549 4108
f 3552 4108 4107
f 3549 3392 3395
f 3549 3395 4108
f 4108 3395 3400
f 4108 3400 4104
f 4107 4108 4104
f 4107 4104 4103
f 1205 3545 4109
f 1205 4109 1206
f 3545 1209 1212
f 3545 1212 4109
f 4109 1212 1217
f 4109 1217 4099
f 1206 4109 4099
f 1206 4099 1207
f 1213 3539 1214
f 3539 3538 4094
f 3539 4094 4092
f 1214 3539 4092
f 1214 4092 1215
f 3495 4110 4111
f 3495 4111 4112
f 4110 3442 3441
f 4110 3441 4111
f 4111 3441 3440
f 3497 3496 4113
f 3497 4113 4114
f 3496 3495 4112
f 3496 4112 4113
f 4114 4113 4115
f 4115 4113 4116
f 4113 4112 4116
f 4116 4112 3481
f 4116 3481 4117
f 4115 4116 4117
f 4111 3440 3444
f 4111 3444 3447
f 4111 3447 3482
f 4112 4111 3482
f 4112 3482 3481
f 3493 3597 4118
f 3493 4118 3494
f 3597 3437 3439
f 3597 3439 4118
f 4118 3439 3442
f 4118 3442 4110
f 3494 4118 4110
f 3494 4110 3495
f 3479 3591 4119
f 3479 4119 3480
f 3591 3590 4120
f 3591 4120 4119
f 4119 4120 4115
f 4119 4115 4117
f 3480 4119 4117
f 3480 4117 3481
f 3590 3607 4120
f 3607 3605 4115
f 4120 3607 4115
f 3605 3604 4121
f 3605 4121 4115
f 3604 3489 3492
f 3604 3492 4121
f 4121 3492 3497
f 4121 3497 4114
f 4115 4121 4114
f 1239 1237 4122
f 1239 4122 4123
f 1237 1236 4124
f 1237 4124 4122
f 4122 4124 4125
f 4123 4122 4126
f 1236 4127 4128
f 1236 4128 4124
f 4127 4129 4130
f 4127 4130 4128
f 4128 4130 1343
f 4124 4128 4125
f 1248 1245 4131
f 1248 4131 4132
f 1245 1244 4133
f 1245 4133 4131
f 4131 4133 2950
f 4131 2950 2961
f 4132 4131 2961
f 4132 2961 2960
f 1252 4134 4135
f 1252 4135 4136
f 4134 1248 4132
f 4134 4132 4135
f 4135 4132 2960
f 4135 2960 2963
f 4136 4135 2963
f 4136 2963 2816
f 1256 1253 4137
f 1256 4137 4138
f 1253 1252 4136
f 1253 4136 4137
f 4137 4136 2816
f 4138 4137 4139
f 4129 4140 4141
f 4129 4141 4130
f 4140 1256 4138
f 4140 4138 4141
f 4141 4138 4139
f 4130 4141 1343
f 1244 1262 4142
f 1244 4142 4133
f 1262 1261 4143
f 1262 4143 4142
f 4142 4143 4144
f 4142 4144 4145
f 4133 4142 4145
f 4133 4145 2950
f 1261 4146 4147
f 1261 4147 4143
f 4146 1239 4123
f 4146 4123 4147
f 4147 4123 4126
f 4147 4126 4148
f 4143 4147 4148
f 4143 4148 4144
f 1548 4149 4150
f 1548 4150 4151
f 4149 1565 4152
f 4149 4152 4150
f 4150 4152 1286
f 4150 1286 3034
f 4151 4150 3034
f 4151 3034 3033
f 1551 1549 4153
f 1551 4153 4154
f 1549 1548 4151
f 1549 4151 4153
f 4153 4151 3033
f 4153 3033 3037
f 4154 4153 3037
f 4154 3037 2950
f 1555 4155 4156
f 1555 4156 4157
f 4155 1551 4154
f 4155 4154 4156
f 4156 4154 2950
f 4156 2950 4145
f 4157 4156 4145
f 4157 4145 4144
f 1541 1556 4158
f 1541 4158 4159
f 1556 1555 4157
f 1556 4157 4158
f 4158 4157 4144
f 4158 4144 4148
f 4159 4158 4148
f 4159 4148 4126
f 1561 4160 4161
f 1561 4161 4162
f 4160 4163 4164
f 4160 4164 4161
f 4161 4164 1276
f 4161 1276 1279
f 4162 4161 1279
f 1565 1562 4165
f 1565 4165 4152
f 1562 1561 4162
f 1562 4162 4165
f 4165 4162 1279
f 4165 1279 2184
f 4152 4165 2184
f 4152 2184 1286
f 1545 1542 4166
f 1545 4166 4167
f 1542 1541 4159
f 1542 4159 4166
f 4166 4159 4126
f 4166 4126 4168
f 4167 4166 4168
f 4163 4169 4170
f 4163 4170 4164
f 4169 1545 4167
f 4169 4167 4170
f 4170 4167 4168
f 4170 4168 4171
f 4164 4170 4171
f 4164 4171 1276
f 4172 4173 4174
f 4172 4174 4175
f 4173 1243 4176
f 4173 4176 4174
f 4174 4176 4177
f 4174 4177 4178
f 4175 4174 4178
f 4175 4178 1258
f 1243 1242 4179
f 1243 4179 4176
f 1242 1241 4180
f 1242 4180 4179
f 4179 4180 1266
f 4179 1266 4181
f 4176 4179 4181
f 4176 4181 4177
f 4177 4181 4182
f 4177 4182 4183
f 4181 1266 1265
f 4181 1265 4182
f 4182 1265 1251
f 4182 1251 1250
f 4183 4182 1250
f 4183 1250 1249
f 1258 4178 4184
f 1258 4184 1259
f 4178 4177 4183
f 4178 4183 4184
f 4184 4183 1249
f 4184 1249 4185
f 1259 4184 4185
f 1259 4185 1260
f 1239 4146 4186
f 1239 4186 1240
f 4146 1261 1264
f 4146 1264 4186
f 4186 1264 1266
f 4186 1266 4180
f 1240 4186 4180
f 1240 4180 1241
f 1256 4140 4187
f 1256 4187 1257
f 4140 4129 4188
f 4140 4188 4187
f 4187 4188 4172
f 4187 4172 4175
f 1257 4187 4175
f 1257 4175 1258
f 1248 4134 4189
f 4134 1252 1255
f 4134 1255 4189
f 4189 1255 1260
f 4189 1260 4185
f 1248 4189 4185
f 1248 4185 1249
f 4129 4127 4190
f 4129 4190 4188
f 4127 1236 4190
f 4190 1236 1243
f 4190 1243 4173
f 4188 4190 4173
f 4188 4173 4172
f 1567 4191 4192
f 1567 4192 1568
f 4191 1548 4193
f 4191 4193 4192
f 4192 4193 4194
f 4192 4194 4195
f 1568 4192 4195
f 1568 4195 1569
f 1548 1554 4196
f 1548 4196 4193
f 1554 1553 4197
f 1554 4197 4196
f 4196 4197 1560
f 4196 1560 4198
f 4193 4196 4198
f 4193 4198 4194
f 4194 4198 4199
f 4194 4199 4200
f 4198 1560 1559
f 4198 1559 4199
f 4199 1559 1547
f 4199 1547 1546
f 4200 4199 1546
f 4200 1546 1545
f 1569 4195 4201
f 1569 4201 4202
f 4195 4194 4200
f 4195 4200 4201
f 4201 4200 1545
f 4201 1545 4203
f 4202 4201 4203
f 4202 4203 4204
f 4163 4160 4205
f 4163 4205 4206
f 4160 1561 1564
f 4160 1564 4205
f 4205 1564 1569
f 4205 1569 4202
f 4206 4205 4202
f 4206 4202 4204
f 1551 4155 4207
f 1551 4207 1552
f 4155 1555 1558
f 4155 1558 4207
f 4207 1558 1560
f 4207 1560 4197
f 1552 4207 4197
f 1552 4197 1553
f 1565 4149 4208
f 1565 4208 1566
f 4149 1548 4208
f 4208 1548 4191
f 1566 4208 4191
f 1566 4191 1567
f 1545 4169 4209
f 4169 4163 4206
f 4169 4206 4209
f 4209 4206 4204
f 4209 4204 4203
f 1545 4209 4203
f 588 587 4210
f 588 4210 4211
f 587 586 4212
f 587 4212 4210
f 4210 4212 3310
f 4210 3310 3309
f 4211 4210 3309
f 4211 3309 3283
f 586 4213 4214
f 586 4214 4212
f 4213 4215 4216
f 4213 4216 4214
f 4214 4216 3316
f 4214 3316 3315
f 4212 4214 3315
f 4212 3315 3310
f 4217 4218 4219
f 4217 4219 4220
f 4218 4221 4222
f 4218 4222 4219
f 4219 4222 3343
f 4219 3343 3342
f 4220 4219 3342
f 4220 3342 3341
f 4221 4223 4224
f 4221 4224 4222
f 4223 588 4211
f 4223 4211 4224
f 4224 4211 3283
f 4224 3283 3343
f 4222 4224 3343
f 2727 4225 4226
f 2727 4226 4227
f 4225 4217 4220
f 4225 4220 4226
f 4226 4220 3341
f 4227 4226 3341
f 4228 4229 4230
f 4228 4230 4231
f 4229 2720 4232
f 4229 4232 4230
f 4230 4232 2712
f 4230 2712 3672
f 4231 4230 3672
f 4231 3672 3650
f 2720 2723 4233
f 2720 4233 4232
f 2723 2727 4227
f 2723 4227 4233
f 4233 4227 3341
f 4233 3341 4234
f 4232 4233 4234
f 4232 4234 2712
f 4215 4235 4236
f 4215 4236 4216
f 4235 4228 4231
f 4235 4231 4236
f 4236 4231 3650
f 4236 3650 3653
f 4216 4236 3653
f 4216 3653 3316
f 4237 4238 4239
f 4238 4240 4241
f 4238 4241 4239
f 4239 4241 3352
f 4237 4239 3352
f 3657 3660 4242
f 3657 4242 3355
f 3660 3665 4242
f 4242 3341 3355
f 4240 4243 4244
f 4240 4244 4241
f 4243 3657 3355
f 4243 3355 4244
f 4244 3355 3357
f 4241 4244 3357
f 4241 3357 3352
f 3609 3611 4245
f 3611 3615 4245
f 3615 4247 4248
f 3615 4248 4245
f 4247 3616 4249
f 4247 4249 4248
f 4245 4248 4246
f 3616 3619 4250
f 3616 4250 4249
f 3619 3623 4250
f 3623 4252 4250
f 4252 4237 3352
f 4252 3352 4253
f 4250 4252 4253
f 4250 4253 4251
f 3665 4254 4242
f 4254 3609 4245
f 4254 4245 4242
f 3638 4255 4256
f 3638 4256 4257
f 4255 4258 4259
f 4255 4259 4256
f 4256 4259 2716
f 4256 2716 2713
f 4257 4256 2713
f 4257 2713 2712
f 600 3643 4260
f 600 4260 4261
f 3643 3627 4245
f 3643 4245 4260
f 4261 4260 4245
f 4261 4245 4246
f 601 600 4261
f 4261 4246 4262
f 4261 4262 4263
f 3624 3638 4264
f 3627 3624 4242
f 3627 4242 4245
f 3624 4264 4242
f 4242 4264 3341
f 4258 4265 4266
f 4258 4266 4259
f 4266 3670 3669
f 4259 4266 3669
f 4259 3669 2716
f 3638 4267 4264
f 3638 4257 4267
f 4267 4257 2712
f 4267 2712 4234
f 4264 4267 4234
f 4264 4234 3341
f 601 4261 4265
f 4265 4261 4263
f 4265 4263 4268
f 4266 4265 4268
f 4266 4268 3670
f 3633 3632 4269
f 3633 4269 3635
f 4269 3632 4270
f 3634 3637 4271
f 3634 4271 4272
f 3634 4272 4246
f 3630 3634 4249
f 3634 4246 4248
f 4249 3634 4248
f 3631 3630 4249
f 3631 4249 4250
f 4273 3631 4250
f 4250 4251 4274
f 4273 4250 4274
f 3632 4273 4274
f 3632 4274 4275
f 3632 4275 4270
f 3637 3635 501
f 3637 501 4271
f 4276 4277 4278
f 4276 4278 4279
f 4277 622 3674
f 4277 3674 4278
f 4278 3674 3670
f 4278 3670 4268
f 4279 4278 4268
f 4279 4268 4263
f 3635 4280 4281
f 501 3635 4281
f 501 4281 503
f 4276 4282 502
f 4282 4271 501
f 4282 501 502
f 626 503 4281
f 626 4281 627
f 627 4281 4280
f 4276 4279 4283
f 4276 4283 4282
f 4279 4263 4262
f 4279 4262 4283
f 4283 4262 4246
f 4283 4246 4272
f 4282 4283 4272
f 4282 4272 4271
f 4280 4284 627
f 4284 4285 627
f 627 4285 630
f 4280 4269 4284
f 4280 3635 4269
f 4269 4270 4285
f 4284 4269 4285
f 2654 3779 4286
f 2654 4286 2655
f 3779 2649 3781
f 3779 3781 4286
f 4286 3781 3780
f 4286 3780 3788
f 2655 4286 3788
f 2655 3788 2656
f 2709 2708 4287
f 2709 4287 4288
f 2708 2707 4289
f 2708 4289 4287
f 4287 4289 2636
f 4287 2636 2634
f 4288 4287 2634
f 4288 2634 2635
f 2627 3790 4290
f 2627 4290 2706
f 3790 2624 2622
f 3790 2622 4290
f 4290 2622 2621
f 4290 2621 4291
f 2706 4290 4291
f 2706 4291 2707
f 4221 4292 4293
f 4221 4293 4223
f 4292 4294 4295
f 4292 4295 4293
f 4293 4295 581
f 4223 4293 581
f 4223 581 588
f 2727 2726 4296
f 2727 4296 4225
f 2726 2725 4297
f 2726 4297 4296
f 4296 4297 4298
f 4225 4296 4298
f 4225 4298 4217
f 4215 4299 4235
f 4299 4300 4301
f 4299 4301 4235
f 4235 4301 4302
f 4235 4302 4303
f 4235 4303 4228
f 4304 4305 3642
f 4304 3642 3641
f 3628 603 4306
f 3628 4306 4304
f 603 604 4306
f 604 4307 4306
f 4306 4307 4305
f 4306 4305 4304
f 4304 3641 4308
f 4308 3641 3629
f 4304 4308 3629
f 4304 3629 3628
f 4258 4255 4309
f 4255 3638 3640
f 4255 3640 4309
f 4309 3640 3642
f 4258 4309 3642
f 4258 3642 4305
f 601 4265 4307
f 601 4307 602
f 602 4307 604
f 4265 4310 4307
f 4265 4258 4310
f 4310 4258 4305
f 4310 4305 4307
f 3638 3624 3626
f 3638 3626 3639
f 3639 3626 3629
f 3639 3629 3641
f 3665 3664 4311
f 3665 4311 4254
f 3664 3663 4312
f 3664 4312 4311
f 4311 4312 3612
f 4311 3612 3609
f 4254 4311 3609
f 3615 3614 4313
f 3615 4313 4247
f 3614 3613 4314
f 3614 4314 4313
f 4313 4314 3620
f 4313 3620 3617
f 4247 4313 3617
f 4247 3617 3616
f 4240 4315 4316
f 4240 4316 4243
f 4315 4317 4318
f 4315 4318 4316
f 4316 4318 3661
f 4316 3661 3658
f 4243 4316 3658
f 4243 3658 3657
f 3623 3622 4319
f 3623 4319 4252
f 3622 3621 4320
f 3622 4320 4319
f 4319 4320 4321
f 4319 4321 4322
f 4252 4319 4322
f 4252 4322 4237
f 4276 502 513
f 4276 513 4277
f 513 496 624
f 4277 513 624
f 4277 624 622
f 3631 4324 4323
f 3631 4323 4325
f 3631 4325 3630
f 4324 3633 4323
f 4323 3633 4325
f 4325 3633 3636
f 3630 4325 3634
f 4325 3636 3634
f 3637 3634 3636
f 4273 3632 3633
f 4273 3633 4324
f 3633 3635 3636
f 3631 4273 4324
f 4326 4327 4328
f 4326 4328 4329
f 4327 1413 4330
f 4327 4330 4328
f 4328 4330 4331
f 4328 4331 4332
f 4329 4328 4332
f 4329 4332 4126
f 1413 1416 4333
f 1413 4333 4330
f 1416 1421 4334
f 1416 4334 4333
f 4333 4334 1381
f 4333 1381 4335
f 4330 4333 4335
f 4330 4335 4331
f 1430 4336 4122
f 1430 4122 4337
f 4336 4326 4329
f 4336 4329 4122
f 4122 4329 4126
f 4337 4122 4125
f 1422 1425 4338
f 1422 4338 4339
f 1425 1430 4337
f 1425 4337 4338
f 4338 4337 4125
f 4338 4125 4128
f 4339 4338 4128
f 4339 4128 1343
f 1436 4340 1412
f 1436 1412 4341
f 4340 1437 4342
f 4340 4342 1412
f 1412 4342 1409
f 4341 1412 1408
f 1421 1432 4343
f 1421 4343 4334
f 1432 1436 4341
f 1432 4341 4343
f 4343 4341 1408
f 4343 1408 1406
f 4334 4343 1406
f 4334 1406 1381
f 1445 4344 4345
f 1445 4345 4346
f 4344 1422 4339
f 4344 4339 4345
f 4345 4339 1343
f 4345 1343 1452
f 4346 4345 1452
f 4346 1452 1449
f 1437 1440 4347
f 1437 4347 4342
f 1440 1445 4346
f 1440 4346 4347
f 4347 4346 1449
f 4347 1449 1446
f 4342 4347 1446
f 4342 1446 1409
f 4348 4349 4350
f 4348 4350 4351
f 4349 1570 4352
f 4349 4352 4350
f 4350 4352 4126
f 4350 4126 4332
f 4351 4350 4332
f 4351 4332 4331
f 4353 4354 4355
f 4353 4355 4356
f 4354 4348 4351
f 4354 4351 4355
f 4355 4351 4331
f 4355 4331 4335
f 4356 4355 4335
f 4356 4335 1381
f 1593 4357 4358
f 1593 4358 4359
f 4357 1577 4360
f 4357 4360 4358
f 4358 4360 1603
f 4358 1603 2179
f 4359 4358 2179
f 4359 2179 2177
f 1585 1588 4361
f 1585 4361 4362
f 1588 1593 4359
f 1588 4359 4361
f 4361 4359 2177
f 4361 2177 2176
f 4362 4361 2176
f 4362 2176 1276
f 1570 1573 4363
f 1570 4363 4352
f 1573 1576 4364
f 1573 4364 4363
f 4363 4364 4168
f 4352 4363 4168
f 4352 4168 4126
f 1576 4365 4171
f 1576 4171 4364
f 4365 1585 4362
f 4365 4362 4171
f 4171 4362 1276
f 4364 4171 4168
f 1577 1580 4366
f 1577 4366 4360
f 1580 1584 4367
f 1580 4367 4366
f 4366 4367 1598
f 4366 1598 1604
f 4360 4366 1604
f 4360 1604 1603
f 1584 4368 4367
f 4368 4353 4356
f 4368 4356 4367
f 4367 4356 1381
f 4367 1381 1595
f 4367 1595 1598
f 4353 4369 4370
f 4353 4370 4354
f 4369 4371 4372
f 4369 4372 4370
f 4370 4372 4373
f 4354 4370 4373
f 4354 4373 4348
f 1445 1444 4374
f 1445 4374 4344
f 1444 1443 4375
f 1444 4375 4374
f 4374 4375 1426
f 4374 1426 1423
f 4344 4374 1423
f 4344 1423 1422
f 1436 1435 4376
f 1436 4376 4340
f 1435 1434 4377
f 1435 4377 4376
f 4376 4377 1441
f 4376 1441 1438
f 4340 4376 1438
f 4340 1438 1437
f 1430 1429 4378
f 1430 4378 4336
f 1429 1428 4379
f 1429 4379 4378
f 4378 4379 4380
f 4378 4380 4381
f 4336 4378 4381
f 4336 4381 4326
f 1593 1592 4382
f 1593 4382 4357
f 1592 1591 4383
f 1592 4383 4382
f 4382 4383 1581
f 4382 1581 1578
f 4357 4382 1578
f 4357 1578 1577
f 763 762 4384
f 763 4384 4385
f 762 761 4386
f 762 4386 4384
f 4384 4386 4387
f 4384 4387 4388
f 4385 4384 4388
f 4385 4388 4389
f 1584 4390 4368
f 1584 1583 4391
f 1584 4391 4390
f 4390 4391 4371
f 4390 4371 4369
f 4368 4390 4369
f 4368 4369 4353
f 1576 4392 4365
f 1576 4393 4392
f 4392 4393 1589
f 4392 1589 1586
f 4365 4392 1586
f 4365 1586 1585
f 4394 4395 4396
f 4430 4394 4396
f 4430 4396 4397
f 4399 4400 4401
f 4399 4401 4463
f 4398 4399 4463
f 4398 4463 4402
f 4403 4404 4405
f 4395 4403 4405
f 4406 4398 4407
f 4398 4402 4408
f 4407 4398 4408
f 4407 4408 4409
f 4412 4406 4407
f 4412 4407 4409
f 4412 4409 4413
f 4416 4417 4418
f 4417 4412 4413
f 4417 4413 4419
f 4418 4417 4419
f 4418 4419 4420
f 4400 4423 4401
f 4423 4424 4425
f 4426 4427 4428
f 4424 4426 4425
f 4429 4430 4397
f 4427 4429 4428
f 3370 3369 4430
f 3370 4430 4429
f 3371 3370 4429
f 3371 4429 4427
f 4431 4424 4423
f 4431 4423 4400
f 3381 3484 4432
f 3381 4432 4433
f 3484 3483 4434
f 3484 4434 4432
f 4433 4432 4435
f 4433 4435 4436
f 4432 4434 4437
f 4432 4437 4435
f 4435 4437 4422
f 4435 4422 4421
f 4436 4435 4421
f 4436 4421 4415
f 3365 3382 4442
f 3365 4442 4443
f 3382 3381 4433
f 3382 4433 4442
f 4443 4442 4444
f 4443 4444 4411
f 4442 4433 4436
f 4442 4436 4444
f 4444 4436 4415
f 4444 4415 4414
f 4411 4444 4414
f 4438 4445 4446
f 3366 3365 4443
f 3367 3366 4410
f 3367 4410 4404
f 3366 4443 4411
f 3366 4411 4410
f 3475 3488 4403
f 3475 4403 4395
f 3488 3367 4404
f 3488 4404 4403
f 4455 4449 4456
f 3369 3476 4430
f 4430 3476 4394
f 3476 3475 4395
f 3476 4395 4394
f 31 4457 4421
f 31 4421 4422
f 4415 4421 4457
f 4415 4458 4414
f 5 4411 4414
f 5 4414 4458
f 5 4459 4410
f 5 4410 4411
f 4404 4410 4459
f 4404 4460 4405
f 4 4461 4405
f 4 4405 4460
f 4395 4405 4461
f 4395 4461 4396
f 4 4396 4461
f 20 4428 4397
f 4428 4429 4397
f 20 4462 4428
f 4425 4426 4462
f 4428 4462 4426
f 143 4401 4423
f 143 4423 4425
f 143 4463 4401
f 138 4409 4408
f 138 4408 4402
f 138 4413 4409
f 136 4420 4419
f 136 4419 4413
f 4415 4457 30
f 4415 30 4458
f 31 30 4457
f 5 4458 30
f 4404 4459 4460
f 4 4460 4459
f 4397 4396 11
f 4 11 4396
f 20 4397 11
f 20 141 4462
f 143 4425 4462
f 143 4462 141
f 143 150 4463
f 138 4402 4463
f 138 4463 150
f 138 137 4413
f 136 4413 137
f 4464 4440 3561
f 4464 3561 3562
f 4440 3565 3561
f 3565 4440 3566
f 4464 3562 4465
f 4447 4464 4465
f 4440 4445 4466
f 4440 4466 3566
f 4438 4417 4445
f 4445 4417 4416
f 4445 4416 4466
f 4467 4447 4465
f 4467 4465 4406
f 4438 4412 4417
f 4438 4447 4467
f 4438 4467 4412
f 4412 4467 4406
f 4449 4455 3581
f 4449 3581 3580
f 4449 3580 3582
f 4455 4465 3581
f 3581 4465 3562
f 4455 4452 4465
f 4449 3582 4431
f 4450 4449 4431
f 4453 4450 4431
f 4453 4431 4400
f 4452 4451 4465
f 4451 4398 4406
f 4451 4406 4465
f 4451 4454 4398
f 4454 4453 4399
f 4454 4399 4398
f 4399 4453 4400
f 4424 4431 4426
f 4426 3371 4427
f 4426 4431 3594
f 4426 3594 3595
f 3371 4426 3595
f 4440 4441 4446
f 4446 4441 4439
f 4446 4439 4438
f 4441 4448 4447
f 4441 4447 4439
f 4464 4447 4448
f 4445 4440 4446
f 4464 4448 4441
f 4440 4464 4441
f 4438 4439 4447
f 4451 4468 4469
f 4468 4456 4469
f 4469 4456 4454
f 4456 4449 4453
f 4456 4453 4454
f 4455 4456 4468
f 4454 4451 4469
f 4450 4453 4449
f 4452 4455 4468
f 4452 4468 4451
f 3594 4431 3592
f 3592 4431 3582
f 763 4385 4470
f 763 4470 4471
f 4385 4389 4472
f 4385 4472 4470
f 4470 4472 1316
f 4470 1316 1330
f 4471 4470 1330
f 4471 1330 1332
f 4389 4473 4474
f 4389 4474 4472
f 4473 4475 4476
f 4473 4476 4474
f 4474 4476 729
f 4474 729 1311
f 4472 4474 1311
f 4472 1311 1316
f 751 752 4477
f 751 4477 4478
f 752 755 4479
f 752 4479 4477
f 4477 4479 3256
f 4477 3256 3756
f 4478 4477 3756
f 4478 3756 3755
f 770 4480 4481
f 770 4481 4482
f 4480 751 4478
f 4480 4478 4481
f 4481 4478 3755
f 4481 3755 3759
f 4482 4481 3759
f 4482 3759 737
f 756 758 4483
f 756 4483 4484
f 758 763 4471
f 758 4471 4483
f 4483 4471 1332
f 4483 1332 3251
f 4484 4483 3251
f 4484 3251 3250
f 755 4485 4486
f 755 4486 4479
f 4485 756 4484
f 4485 4484 4486
f 4486 4484 3250
f 4486 3250 3257
f 4479 4486 3257
f 4479 3257 3256
f 764 766 4487
f 764 4487 4488
f 766 770 4482
f 766 4482 4487
f 4487 4482 737
f 4487 737 735
f 4488 4487 735
f 4488 735 730
f 4475 4489 4490
f 4475 4490 4476
f 4489 764 4488
f 4489 4488 4490
f 4490 4488 730
f 4476 4490 730
f 4476 730 729
f 1229 1228 4491
f 1229 4491 4492
f 1228 1227 4493
f 1228 4493 4491
f 4491 4493 748
f 4491 748 747
f 4492 4491 747
f 4492 747 746
f 4475 4494 4489
f 4494 4495 4496
f 4494 4496 4489
f 4489 4496 767
f 4489 767 764
f 755 754 4485
f 754 753 4497
f 754 4497 4485
f 4485 4497 759
f 4485 759 756
f 770 769 4480
f 769 768 4498
f 769 4498 4480
f 4480 4498 751
f 4499 4500 4501
f 4499 4501 4502
f 4500 4503 4501
f 4501 1493 1496
f 4502 4501 1496
f 4502 1496 1491
f 789 4504 4505
f 789 4505 4506
f 4504 4499 4502
f 4504 4502 4505
f 4505 4502 1491
f 4505 1491 1489
f 4506 4505 1489
f 4506 1489 785
f 786 787 4506
f 787 789 4506
f 4506 785 784
f 786 4506 784
f 786 784 783
f 4503 4507 3542
f 4503 3542 4501
f 4501 3542 3540
f 4501 3540 1493
f 790 793 3472
f 790 3472 4508
f 793 797 3472
f 3472 797 3436
f 4508 3472 3471
f 4509 4510 4508
f 4510 790 4508
f 4508 3471 3474
f 4508 3474 3473
f 3391 786 783
f 3391 783 3435
f 797 3391 3435
f 797 3435 3436
f 4507 4509 4508
f 4507 4508 3542
f 3542 4508 3473
f 4507 4512 4509
f 4509 4512 4513
f 4509 4513 4510
f 4512 4514 4513
f 4513 4514 791
f 4510 4513 791
f 4510 791 790
f 4503 4515 4516
f 4503 4516 4507
f 4515 4517 4511
f 4515 4511 4516
f 4516 4511 4507
f 789 788 4518
f 789 4518 4504
f 788 787 4519
f 788 4519 4518
f 4518 4519 4520
f 4518 4520 4521
f 4504 4518 4521
f 4504 4521 4499
f 1231 4522 4523
f 1231 4523 4524
f 4522 1218 4525
f 4522 4525 4523
f 4523 4525 1337
f 4523 1337 1341
f 4524 4523 1341
f 4524 1341 1343
f 1218 1221 4526
f 1218 4526 4525
f 1221 1223 4527
f 1221 4527 4526
f 4526 4527 1332
f 4526 1332 1334
f 4525 4526 1334
f 4525 1334 1337
f 4528 4529 4530
f 4528 4530 4531
f 4529 1224 4532
f 4529 4532 4530
f 4530 4532 4139
f 4530 4139 4137
f 4531 4530 4137
f 4531 4137 2816
f 1224 1226 4141
f 1224 4141 4532
f 1226 1231 4524
f 1226 4524 4141
f 4141 4524 1343
f 4532 4141 4139
f 1235 4533 4534
f 1235 4534 4535
f 4533 4528 4531
f 4533 4531 4534
f 4534 4531 2816
f 4534 2816 2836
f 4535 4534 2836
f 4535 2836 2835
f 1223 1233 4536
f 1223 4536 4527
f 1233 1235 4535
f 1233 4535 4536
f 4536 4535 2835
f 4536 2835 2838
f 4527 4536 2838
f 4527 2838 1332
f 1235 1234 4537
f 1235 4537 4533
f 1234 750 4538
f 1234 4538 4537
f 4537 4538 4539
f 4533 4537 4539
f 4533 4539 4528
f 4528 4539 4540
f 4528 4540 4529
f 4539 4541 4540
f 4540 4541 1227
f 4540 1227 1224
f 4529 4540 1224
f 2616 4542 4543
f 2616 4543 4544
f 4542 4545 4546
f 4542 4546 4543
f 4543 4546 3751
f 4543 3751 4547
f 4544 4543 4547
f 4544 4547 577
f 2612 2614 4548
f 2612 4548 4549
f 2614 2616 4544
f 2614 4544 4548
f 4548 4544 577
f 4548 577 580
f 4549 4548 580
f 4549 580 522
f 2611 4550 4551
f 2611 4551 4552
f 4550 2617 739
f 4550 739 4551
f 4551 739 738
f 4552 4551 738
f 4552 738 737
f 2617 2618 740
f 2617 740 739
f 2618 2620 4553
f 2618 4553 740
f 740 4553 723
f 2620 4554 4555
f 2620 4555 4553
f 4554 4556 4555
f 4553 4555 2605
f 4553 2605 723
f 4556 4557 4555
f 4557 2612 4549
f 4557 4549 4555
f 4555 4549 522
f 4555 522 2605
f 2606 2607 3758
f 2607 2611 4552
f 2607 4552 3758
f 3758 4552 737
f 4545 4558 4546
f 4558 2606 3758
f 4558 3758 4546
f 4546 3758 3762
f 4546 3762 3751
f 2620 2619 4554
f 2619 4559 4554
f 4554 4559 4560
f 4554 4560 4556
f 2611 2610 4550
f 2610 2609 4561
f 2610 4561 4550
f 4550 4561 2617
f 4545 4562 4558
f 4562 4563 4558
f 4558 4563 2608
f 4558 2608 2606
f 4556 4560 4557
f 4557 2613 2612
f 1165 4564 4565
f 1165 4565 1166
f 4564 4566 4567
f 4564 4567 4565
f 4565 4567 4568
f 4565 4568 4569
f 1166 4565 4569
f 1166 4569 1169
f 3724 3777 3725
f 3777 3776 3787
f 3777 3787 3725
f 3725 3787 3718
f 3801 4570 4571
f 3801 4571 3802
f 4570 1126 4572
f 4570 4572 4571
f 4571 4572 4573
f 4571 4573 4574
f 3802 4571 4574
f 3802 4574 1131
f 1126 1125 4575
f 1126 4575 4572
f 1125 1124 3798
f 1125 3798 4575
f 4575 3798 1142
f 4575 1142 4576
f 4572 4575 4576
f 4572 4576 4573
f 4573 4576 4577
f 4573 4577 4578
f 4576 1142 1141
f 4576 1141 4577
f 4577 1141 1140
f 4577 1140 3796
f 4578 4577 3796
f 4578 3796 1146
f 1131 4574 4579
f 1131 4579 1132
f 4574 4573 4578
f 4574 4578 4579
f 4579 4578 1146
f 4579 1146 1145
f 1132 4579 1145
f 1132 1145 1133
f 1126 4580 2889
f 1126 4570 4580
f 4580 4570 3801
f 4580 3801 3799
f 2889 4580 3799
f 2889 3799 2869
f 4041 4040 4581
f 4041 4581 4582
f 4040 924 4583
f 4040 4583 4581
f 4581 4583 4584
f 4581 4584 4585
f 4582 4581 4585
f 4582 4585 4051
f 924 923 4586
f 924 4586 4583
f 923 911 910
f 923 910 4586
f 4586 910 909
f 4586 909 4587
f 4583 4586 4587
f 4583 4587 4584
f 4584 4587 4588
f 4584 4588 4589
f 4587 909 4048
f 4587 4048 4588
f 4588 4048 4045
f 4588 4045 4044
f 4589 4588 4044
f 4589 4044 920
f 4051 4585 4590
f 4051 4590 4052
f 4585 4584 4589
f 4585 4589 4590
f 4590 4589 920
f 4590 920 919
f 4052 4590 919
f 4052 919 918
f 3013 4042 4591
f 3013 4591 3014
f 4042 4041 4582
f 4042 4582 4591
f 4591 4582 4051
f 4591 4051 4049
f 3014 4591 4049
f 3014 4049 3017
f 86 148 100
f 117 115 100
f 117 100 148
f 98 100 115
f 119 118 4592
f 119 4592 4593
f 118 117 147
f 118 147 4592
f 4592 147 146
f 4592 146 4594
f 4593 4592 4594
f 4593 4594 4595
f 190 189 192
f 190 192 221
f 159 192 189
f 112 221 192
f 190 220 4596
f 190 4596 188
f 220 119 4593
f 220 4593 4596
f 4596 4593 4595
f 4596 4595 4597
f 188 4596 4597
f 188 4597 186
f 209 208 4598
f 208 65 64
f 208 64 4598
f 4598 64 63
f 4598 63 214
f 209 4598 214
f 209 214 216
f 65 205 4599
f 65 4599 62
f 205 204 85
f 205 85 4599
f 4599 85 84
f 62 4599 84
f 62 84 59
f 66 68 229
f 68 29 42
f 68 42 229
f 229 42 46
f 229 46 230
f 228 209 216
f 228 216 218
f 66 228 218
f 4600 4601 4602
f 4600 4602 4603
f 4601 4604 4605
f 4601 4605 4602
f 4602 4605 4606
f 4602 4606 4607
f 4603 4602 4607
f 4603 4607 4608
f 2342 4609 4610
f 2342 4610 4611
f 4609 2390 4612
f 4609 4612 4610
f 4610 4612 4613
f 4610 4613 4614
f 4611 4610 4614
f 4611 4614 4615
f 2589 2587 4616
f 2589 4616 4600
f 2387 2589 2388
f 2587 4617 4618
f 2587 4618 4616
f 4617 2351 4604
f 4617 4604 4618
f 4618 4604 4601
f 4616 4618 4601
f 4616 4601 4600
f 2351 2354 4619
f 2351 4619 4604
f 2354 2337 2340
f 2354 2340 4619
f 4619 2340 2344
f 4619 2344 4620
f 4604 4619 4620
f 2341 4621 4622
f 2341 4622 2342
f 4621 2383 2386
f 4621 2386 4622
f 4622 2386 2390
f 4622 2390 4609
f 2342 4622 4609
f 2400 4623 4624
f 4623 4625 4626
f 4623 4626 4627
f 4624 4623 4627
f 4624 4627 4628
f 2401 2397 4629
f 2397 2400 4624
f 2397 4624 4628
f 2397 4628 4630
f 4629 2397 4630
f 4629 4630 4631
f 2351 4617 4632
f 2351 4632 4625
f 4617 2587 4633
f 4617 4633 4632
f 4632 4633 4634
f 4632 4634 4635
f 4625 4632 4635
f 2347 2360 4636
f 2347 4636 2348
f 2360 2395 2398
f 2360 2398 4636
f 4636 2398 2401
f 4636 2401 4637
f 2348 4636 4637
f 2348 4637 2349
f 2587 2586 4638
f 2587 4638 4633
f 2586 2345 4638
f 4638 2345 2350
f 4638 2350 4639
f 4633 4638 4639
f 4633 4639 4634
f 2353 2352 4623
f 2353 4623 2399
f 2352 2351 4625
f 2352 4625 4623
f 2399 4623 2400
f 2334 4640 4641
f 2334 4641 4642
f 4640 2382 4643
f 4640 4643 4641
f 4641 4643 4644
f 4641 4644 4645
f 4642 4641 4645
f 4642 4645 4646
f 4647 4648 4649
f 4647 4649 4650
f 4648 4651 4652
f 4648 4652 4649
f 4649 4652 4653
f 4649 4653 4654
f 4650 4649 4654
f 4650 4654 4655
f 2341 2393 4656
f 2341 4656 4657
f 2393 2329 2332
f 2393 2332 4656
f 4656 2332 2336
f 4656 2336 4658
f 4657 4656 4658
f 4657 4658 4651
f 2584 2383 4659
f 2584 4659 4647
f 2327 2326 4660
f 2327 4660 2333
f 2326 2325 2379
f 2326 2379 4660
f 4660 2379 2382
f 4660 2382 4640
f 2333 4660 4640
f 2333 4640 2334
f 2383 4621 4661
f 2383 4661 4659
f 4621 2341 4657
f 4621 4657 4661
f 4661 4657 4651
f 4661 4651 4648
f 4659 4661 4648
f 4659 4648 4647
f 1843 4662 4663
f 1843 4663 4664
f 4662 1805 4665
f 4662 4665 4663
f 4663 4665 4666
f 4663 4666 4667
f 4664 4663 4667
f 4664 4667 4668
f 4669 4670 4671
f 4670 4672 4673
f 4670 4673 4674
f 4670 4674 4675
f 4671 4670 4675
f 1815 1845 4676
f 1815 4676 4677
f 1845 1836 1841
f 1845 1841 4676
f 4677 4676 4672
f 1802 4678 1803
f 4678 1813 4669
f 4678 4669 4679
f 1803 4678 4679
f 1803 4679 1804
f 1833 2144 4680
f 1833 4680 1842
f 2144 1800 4680
f 4680 1800 1805
f 4680 1805 4662
f 1842 4680 4662
f 1842 4662 1843
f 1813 1816 4670
f 1813 4670 4669
f 1816 1815 4677
f 1816 4677 4670
f 4670 4677 4672
f 1796 4681 4682
f 1796 4682 4683
f 4681 1839 4684
f 4681 4684 4682
f 4682 4684 4685
f 4682 4685 4686
f 4683 4682 4686
f 4683 4686 4687
f 4688 4689 4690
f 4689 1797 4691
f 4689 4691 4690
f 4690 4691 4692
f 4690 4692 4693
f 4688 4690 4693
f 4688 4693 4694
f 1799 1798 4695
f 1799 4695 4696
f 1798 1792 4697
f 1798 4697 4695
f 4695 4697 4688
f 4696 4695 4698
f 1836 1848 4699
f 1836 4699 1837
f 1848 1799 4696
f 1848 4696 4699
f 4699 4696 4698
f 1796 2145 4681
f 2145 1833 1835
f 2145 1835 4681
f 4681 1835 1839
f 1792 1791 4700
f 1792 4700 4697
f 1791 1790 1795
f 1791 1795 4700
f 4700 1795 1797
f 4700 1797 4689
f 4697 4700 4689
f 4697 4689 4688
f 4701 4702 4703
f 4701 4703 4704
f 4702 1809 4705
f 4702 4705 4703
f 4703 4705 4706
f 4703 4706 4707
f 4704 4703 4707
f 4704 4707 4708
f 4709 4710 4711
f 4709 4711 4712
f 4710 4713 4714
f 4710 4714 4711
f 4711 4714 4715
f 4711 4715 4716
f 4712 4711 4716
f 4712 4716 4717
f 1641 2151 4713
f 2151 1852 4718
f 2151 4718 4701
f 1813 4678 4719
f 1813 4719 1851
f 4678 1802 4720
f 4678 4720 4719
f 4719 4720 4709
f 4719 4709 4721
f 1851 4719 4721
f 1852 1855 4722
f 1852 4722 4718
f 1855 1806 1809
f 1855 1809 4722
f 4722 1809 4702
f 4718 4722 4702
f 4718 4702 4701
f 1802 2146 4723
f 1802 4723 4720
f 2146 1641 4713
f 2146 4713 4723
f 4723 4713 4710
f 4720 4723 4710
f 4720 4710 4709
f 4724 4725 4726
f 4724 4726 4727
f 4725 4608 4607
f 4725 4607 4726
f 4726 4607 4606
f 4726 4606 4728
f 4727 4726 4728
f 4727 4728 4729
f 4613 4730 4731
f 4613 4731 4614
f 4730 4724 4727
f 4730 4727 4731
f 4731 4727 4729
f 4731 4729 4732
f 4614 4731 4732
f 4614 4732 4615
f 2388 2589 4733
f 2388 4733 4734
f 2589 4600 4603
f 2589 4603 4733
f 4733 4603 4608
f 4733 4608 4725
f 4734 4733 4725
f 4734 4725 4724
f 2344 2343 4735
f 2344 4735 4736
f 2343 2342 4611
f 2343 4611 4735
f 4735 4611 4615
f 4735 4615 4732
f 4736 4735 4732
f 4736 4732 4729
f 4604 4620 4737
f 4604 4737 4605
f 4620 2344 4736
f 4620 4736 4737
f 4737 4736 4729
f 4737 4729 4728
f 4605 4737 4728
f 4605 4728 4606
f 2390 2389 4738
f 2390 4738 4612
f 2389 2388 4734
f 2389 4734 4738
f 4738 4734 4724
f 4738 4724 4730
f 4612 4738 4730
f 4612 4730 4613
f 4644 4739 4740
f 4644 4740 4645
f 4739 4741 4742
f 4739 4742 4740
f 4740 4742 4743
f 4740 4743 4744
f 4645 4740 4744
f 4645 4744 4646
f 4741 4745 4746
f 4741 4746 4742
f 4745 4655 4654
f 4745 4654 4746
f 4746 4654 4653
f 4746 4653 4747
f 4742 4746 4747
f 4742 4747 4743
f 2380 2584 4748
f 2380 4748 4749
f 2584 4647 4650
f 2584 4650 4748
f 4748 4650 4655
f 4748 4655 4745
f 4749 4748 4745
f 4749 4745 4741
f 4651 4658 4750
f 4651 4750 4652
f 4658 2336 4751
f 4658 4751 4750
f 4750 4751 4743
f 4750 4743 4747
f 4652 4750 4747
f 4652 4747 4653
f 2336 2335 4752
f 2336 4752 4751
f 2335 2334 4642
f 2335 4642 4752
f 4752 4642 4646
f 4752 4646 4744
f 4751 4752 4744
f 4751 4744 4743
f 2382 2381 4753
f 2382 4753 4643
f 2381 2380 4749
f 2381 4749 4753
f 4753 4749 4741
f 4753 4741 4739
f 4643 4753 4739
f 4643 4739 4644
f 4754 4755 4756
f 4754 4756 4757
f 4755 4758 4759
f 4755 4759 4756
f 4756 4759 4628
f 4756 4628 4627
f 4757 4756 4627
f 4757 4627 4626
f 4758 4760 4761
f 4758 4761 4759
f 4760 4762 4763
f 4760 4763 4761
f 4761 4763 4631
f 4761 4631 4630
f 4759 4761 4630
f 4759 4630 4628
f 4634 4639 4764
f 4634 4764 4765
f 4639 2350 4766
f 4639 4766 4764
f 4764 4766 4758
f 4764 4758 4755
f 4765 4764 4755
f 4765 4755 4754
f 2349 4637 4767
f 2349 4767 4768
f 4637 2401 4629
f 4637 4629 4767
f 4767 4629 4631
f 4767 4631 4763
f 4768 4767 4763
f 4768 4763 4762
f 4625 4635 4769
f 4635 4634 4765
f 4635 4765 4769
f 4769 4765 4754
f 4769 4754 4757
f 4625 4769 4757
f 4625 4757 4626
f 2350 2346 4770
f 2350 4770 4766
f 2346 2349 4768
f 2346 4768 4770
f 4770 4768 4762
f 4770 4762 4760
f 4766 4770 4760
f 4766 4760 4758
f 4717 4716 4771
f 4717 4771 4772
f 4716 4715 4773
f 4716 4773 4771
f 4771 4773 4774
f 4771 4774 4775
f 4772 4771 4775
f 4772 4775 4776
f 4715 4777 4778
f 4715 4778 4773
f 4777 4708 4707
f 4777 4707 4778
f 4778 4707 4706
f 4778 4706 4779
f 4773 4778 4779
f 4773 4779 4774
f 1851 4721 4780
f 1851 4780 4776
f 4721 4709 4712
f 4721 4712 4780
f 4780 4712 4717
f 4780 4717 4772
f 4776 4780 4772
f 4713 2151 4781
f 4713 4781 4714
f 2151 4701 4704
f 2151 4704 4781
f 4781 4704 4708
f 4781 4708 4777
f 4714 4781 4777
f 4714 4777 4715
f 1809 1808 4705
f 1808 1812 4782
f 1808 4782 4774
f 1808 4774 4779
f 4705 1808 4779
f 4705 4779 4706
f 1812 1850 4783
f 1812 4783 4782
f 1850 1851 4776
f 1850 4776 4783
f 4783 4776 4775
f 4782 4783 4775
f 4782 4775 4774
f 4666 4784 4785
f 4666 4785 4786
f 4784 4787 4788
f 4784 4788 4785
f 4785 4788 4671
f 4785 4671 4675
f 4786 4785 4675
f 4786 4675 4674
f 4668 4667 4789
f 4668 4789 4790
f 4667 4666 4786
f 4667 4786 4789
f 4789 4786 4674
f 4789 4674 4791
f 4790 4789 4791
f 4790 4791 4792
f 1841 1844 4793
f 1841 4793 4792
f 1844 1843 4664
f 1844 4664 4793
f 4793 4664 4668
f 4793 4668 4790
f 4792 4793 4790
f 1804 4679 4794
f 1804 4794 4795
f 4679 4669 4671
f 4679 4671 4794
f 4794 4671 4788
f 4795 4794 4788
f 4795 4788 4787
f 1805 1801 4796
f 1805 4796 4665
f 1801 1804 4795
f 1801 4795 4796
f 4796 4795 4787
f 4796 4787 4784
f 4665 4796 4784
f 4665 4784 4666
f 4672 4676 4797
f 4672 4797 4673
f 4676 1841 4792
f 4676 4792 4797
f 4797 4792 4791
f 4673 4797 4791
f 4673 4791 4674
f 4692 4798 4799
f 4692 4799 4693
f 4798 4687 4800
f 4798 4800 4799
f 4799 4800 4801
f 4799 4801 4802
f 4693 4799 4802
f 4693 4802 4694
f 4687 4686 4803
f 4687 4803 4800
f 4686 4685 4804
f 4686 4804 4803
f 4803 4804 4805
f 4803 4805 4806
f 4800 4803 4806
f 4800 4806 4801
f 1837 4699 4805
f 4699 4698 4807
f 4699 4807 4801
f 4699 4801 4806
f 4805 4699 4806
f 4698 4695 4808
f 4698 4808 4807
f 4695 4688 4808
f 4808 4688 4694
f 4808 4694 4802
f 4807 4808 4802
f 4807 4802 4801
f 1797 1794 4809
f 1797 4809 4691
f 1794 1796 4683
f 1794 4683 4809
f 4809 4683 4687
f 4809 4687 4798
f 4691 4809 4798
f 4691 4798 4692
f 1839 1838 4810
f 1839 4810 4684
f 1838 1837 4805
f 1838 4805 4810
f 4810 4805 4804
f 4684 4810 4804
f 4684 4804 4685
f 3210 4811 4812
f 3210 4812 3212
f 4811 1173 1172
f 4811 1172 4812
f 4812 1172 1171
f 4812 1171 4813
f 3212 4812 4813
f 3212 4813 3214
f 3223 4814 4815
f 3223 4815 3224
f 4814 4568 4567
f 4814 4567 4815
f 4815 4567 4566
f 4815 4566 4816
f 3224 4815 4816
f 3224 4816 3216
f 3214 4813 4817
f 3214 4817 3235
f 4813 1171 1170
f 4813 1170 4817
f 4817 1170 1169
f 3235 4817 1169
f 3235 1169 3229
f 3190 3196 4818
f 3196 3174 4819
f 3196 4819 3915
f 3196 3915 3914
f 4818 3196 3914
f 4818 3914 3911
f 3166 3199 4820
f 3199 3198 4821
f 3199 4821 4822
f 3199 4822 4823
f 4820 3199 4823
f 4820 4823 4824
f 3170 3167 4825
f 3167 3166 4820
f 3167 4820 4825
f 4825 4820 4824
f 4825 4824 4826
f 3170 4825 4826
f 3170 4826 3917
f 3180 3177 4827
f 3180 4827 4828
f 3177 3176 4829
f 3177 4829 4827
f 4827 4829 3907
f 4827 3907 4830
f 4828 4827 4830
f 4828 4830 4831
f 3240 4832 4833
f 3240 4833 3242
f 4832 4834 4835
f 4832 4835 4833
f 4833 4835 4836
f 4833 4836 4837
f 3242 4833 4837
f 3242 4837 3206
f 3903 4838 4839
f 3903 4839 3904
f 4838 4822 4840
f 4838 4840 4839
f 4839 4840 4831
f 4839 4831 4830
f 3904 4839 4830
f 3904 4830 3907
f 3903 3913 4841
f 3903 4841 4838
f 3913 3917 4826
f 3913 4826 4841
f 4841 4826 4824
f 4841 4824 4823
f 4838 4841 4823
f 4838 4823 4822
f 3176 3186 4842
f 3176 4842 4829
f 3186 3185 4843
f 3186 4843 4842
f 4842 4843 3909
f 4842 3909 3908
f 4829 4842 3908
f 4829 3908 3907
f 3174 3172 4819
f 3172 3170 3917
f 3172 3917 3916
f 4819 3172 3916
f 4819 3916 3915
f 3198 3203 4844
f 3198 4844 4821
f 3203 3180 4828
f 3203 4828 4844
f 4844 4828 4831
f 4844 4831 4840
f 4821 4844 4840
f 4821 4840 4822
f 3185 3191 4845
f 3185 4845 4843
f 3191 3190 4818
f 3191 4818 4845
f 4845 4818 3911
f 4845 3911 3910
f 4843 4845 3910
f 4843 3910 3909
f 3220 4846 4847
f 3220 4847 3238
f 4846 4848 4849
f 4846 4849 4847
f 4847 4849 4834
f 4847 4834 4832
f 3238 4847 4832
f 3238 4832 3240
f 3229 1169 4850
f 3229 4850 3230
f 1169 4569 4850
f 4850 4569 4568
f 4850 4568 4814
f 3230 4850 4814
f 3230 4814 3223
f 3216 4816 4851
f 3216 4851 3217
f 4816 4566 4852
f 4816 4852 4851
f 4851 4852 4848
f 4851 4848 4846
f 3217 4851 4846
f 3217 4846 3220
f 1160 1178 4853
f 1160 4853 1161
f 1178 1177 4854
f 1178 4854 4853
f 4853 4854 4855
f 4853 4855 4856
f 1161 4853 4856
f 1161 4856 1162
f 1177 4003 4857
f 1177 4857 4854
f 4003 1153 1152
f 4003 1152 4857
f 4857 1152 1151
f 4857 1151 4858
f 4854 4857 4858
f 4854 4858 4855
f 4855 4858 4859
f 4855 4859 4860
f 4858 1151 4009
f 4858 4009 4859
f 4859 4009 3770
f 4859 3770 3769
f 4860 4859 3769
f 4860 3769 3768
f 1162 4856 4861
f 1162 4861 4005
f 4856 4855 4860
f 4856 4860 4861
f 4861 4860 3768
f 4861 3768 4862
f 4005 4861 4862
f 4005 4862 4006
f 3206 4837 4863
f 3206 4863 3207
f 4837 4836 4864
f 4837 4864 4863
f 4863 4864 1173
f 4863 1173 4811
f 3207 4863 4811
f 3207 4811 3210
f 1165 4865 4866
f 1165 4866 4564
f 4865 4834 4849
f 4865 4849 4866
f 4866 4849 4848
f 4866 4848 4852
f 4564 4866 4852
f 4564 4852 4566
f 1165 1168 4867
f 1165 4867 4865
f 1168 1173 4864
f 1168 4864 4867
f 4867 4864 4836
f 4867 4836 4835
f 4865 4867 4835
f 4865 4835 4834
f 3244 4007 4868
f 3244 4868 3245
f 4007 4006 4862
f 4007 4862 4868
f 4868 4862 3768
f 4868 3768 3248
f 3245 4868 3248
f 4014 4013 4869
f 4014 4869 4870
f 4013 1083 4871
f 4013 4871 4869
f 4869 4871 4872
f 4869 4872 4873
f 4870 4869 4873
f 4870 4873 4018
f 1083 1082 4874
f 1083 4874 4871
f 1082 1081 1091
f 1082 1091 4874
f 4874 1091 1090
f 4874 1090 4875
f 4871 4874 4875
f 4871 4875 4872
f 4872 4875 4876
f 4872 4876 4877
f 4875 1090 4011
f 4875 4011 4876
f 4876 4011 1074
f 4876 1074 1073
f 4877 4876 1073
f 4877 1073 1072
f 4018 4873 4878
f 4018 4878 4019
f 4873 4872 4877
f 4873 4877 4878
f 4878 4877 1072
f 4878 1072 1097
f 4019 4878 1097
f 4019 1097 1096
f 2804 4015 4879
f 2804 4879 2805
f 4015 4014 4870
f 4015 4870 4879
f 4879 4870 4018
f 4879 4018 4016
f 2805 4879 4016
f 2805 4016 2808
f 2707 4291 4880
f 2707 4880 4289
f 4291 2621 2643
f 4291 2643 4880
f 4880 2643 2642
f 4880 2642 3764
f 4289 4880 3764
f 4289 3764 2636
f 3780 3783 4881
f 3780 4881 3789
f 3783 2658 3775
f 3783 3775 4881
f 4881 3775 3774
f 4881 3774 3785
f 3789 4881 3785
f 3789 3785 3718
f 3742 2709 4288
f 3742 4288 3743
f 4288 2635 2633
f 3743 4288 2633
f 3743 2633 2632
f 4228 4303 4229
f 4303 4302 4882
f 4303 4882 4229
f 4229 4882 2724
f 4229 2724 2721
f 4229 2721 2720
f 3710 3709 4883
f 3710 4883 3715
f 3709 2675 4884
f 3709 4884 4883
f 4883 4884 4885
f 4883 4885 4886
f 3715 4883 4886
f 3715 4886 3716
f 2675 2674 4887
f 2675 4887 4884
f 2674 2673 3713
f 2674 3713 4887
f 4887 3713 2666
f 4887 2666 4888
f 4884 4887 4888
f 4884 4888 4885
f 4885 4888 4889
f 4885 4889 4890
f 4888 2666 2665
f 4888 2665 4889
f 4889 2665 2664
f 4889 2664 2680
f 4890 4889 2680
f 4890 2680 2677
f 3716 4886 4891
f 3716 4891 4892
f 4886 4885 4890
f 4886 4890 4891
f 4891 4890 2677
f 4891 2677 3707
f 4892 4891 3707
f 4892 3707 3706
f 3303 3717 4893
f 3303 4893 3304
f 3717 3716 4892
f 3717 4892 4893
f 4893 4892 3706
f 4893 3706 3704
f 3304 4893 3704
f 3304 3704 3307
f 1109 1108 4894
f 1109 4894 4895
f 1108 1105 4896
f 1108 4896 4894
f 4894 4896 4897
f 4894 4897 4898
f 4895 4894 4898
f 4895 4898 3793
f 1105 3923 4899
f 1105 4899 4896
f 3923 1117 1116
f 3923 1116 4899
f 4899 1116 1115
f 4899 1115 4900
f 4896 4899 4900
f 4896 4900 4897
f 4897 4900 4901
f 4897 4901 4902
f 4900 1115 3921
f 4900 3921 4901
f 4901 3921 3920
f 4901 3920 3925
f 4902 4901 3925
f 4902 3925 1104
f 3793 4898 4903
f 3793 4903 3794
f 4898 4897 4902
f 4898 4902 4903
f 4903 4902 1104
f 4903 1104 1103
f 3794 4903 1103
f 3794 1103 1102
f 1111 1110 4904
f 1111 4904 2839
f 1110 1109 4895
f 1110 4895 4904
f 4904 4895 3793
f 4904 3793 3791
f 2839 4904 3791
f 2839 3791 2842
f 4539 4538 4905
f 4539 4905 4541
f 4538 750 749
f 4538 749 4905
f 4905 749 748
f 4905 748 4493
f 4541 4905 4493
f 4541 4493 1227
f 1231 1230 4906
f 1231 4906 4522
f 1230 1229 4492
f 1230 4492 4906
f 4906 4492 746
f 4906 746 1219
f 4522 4906 1219
f 4522 1219 1218
f 4389 4388 4473
f 4388 4387 4473
f 4473 4495 4494
f 4473 4494 4475
f 1419 1418 4907
f 1419 4907 1433
f 1418 1417 4908
f 1418 4908 4907
f 4907 4908 4909
f 4907 4909 4910
f 1433 4907 4910
f 1433 4910 1434
f 1417 4911 4912
f 1417 4912 4908
f 4911 4380 4379
f 4911 4379 4912
f 4912 4379 1428
f 4912 1428 4913
f 4908 4912 4913
f 4908 4913 4909
f 4909 4913 4914
f 4909 4914 4915
f 4913 1428 1427
f 4913 1427 4914
f 4914 1427 1426
f 4914 1426 4375
f 4915 4914 4375
f 4915 4375 1443
f 1434 4910 4916
f 1434 4916 4377
f 4910 4909 4915
f 4910 4915 4916
f 4916 4915 1443
f 4916 1443 1442
f 4377 4916 1442
f 4377 1442 1441
f 761 760 4917
f 761 4917 4386
f 760 759 4918
f 760 4918 4917
f 4917 4918 4919
f 4917 4919 4920
f 4386 4917 4920
f 4386 4920 4387
f 759 4497 4921
f 759 4921 4918
f 4497 753 752
f 4497 752 4921
f 4921 752 751
f 4921 751 4922
f 4918 4921 4922
f 4918 4922 4919
f 4919 4922 4923
f 4919 4923 4924
f 4922 751 4498
f 4922 4498 4923
f 4923 4498 768
f 4923 768 765
f 4924 4923 765
f 4924 765 767
f 4387 4920 4925
f 4387 4925 4473
f 4920 4919 4924
f 4920 4924 4925
f 4925 4924 767
f 4925 767 4496
f 4473 4925 4496
f 4473 4496 4495
f 4326 4381 4926
f 4326 4926 4327
f 4381 4380 4911
f 4381 4911 4926
f 4926 4911 1417
f 4926 1417 1414
f 4327 4926 1414
f 4327 1414 1413
f 1574 4927 4928
f 1574 4928 1575
f 4927 4373 4929
f 4927 4929 4928
f 4928 4929 4930
f 4928 4930 4931
f 1575 4928 4931
f 1575 4931 1576
f 4373 4372 4932
f 4373 4932 4929
f 4372 4371 4391
f 4372 4391 4932
f 4932 4391 1583
f 4932 1583 4933
f 4929 4932 4933
f 4929 4933 4930
f 4930 4933 4934
f 4930 4934 4935
f 4933 1583 1582
f 4933 1582 4934
f 4934 1582 1581
f 4934 1581 4383
f 4935 4934 4383
f 4935 4383 1591
f 1576 4931 4936
f 1576 4936 4393
f 4931 4930 4935
f 4931 4935 4936
f 4936 4935 1591
f 4936 1591 1590
f 4393 4936 1590
f 4393 1590 1589
f 4348 4373 4937
f 4348 4937 4349
f 4373 4927 4937
f 4937 4927 1574
f 4937 1574 1571
f 4349 4937 1571
f 4349 1571 1570
f 2613 4557 4938
f 2613 4938 2614
f 4557 4560 4938
f 2614 4938 4939
f 2614 4939 2615
f 4560 4559 4940
f 4560 4940 4938
f 4559 2619 2618
f 4559 2618 4940
f 4940 2618 2617
f 4940 2617 4939
f 4938 4940 4939
f 4939 2617 4561
f 4939 4561 4941
f 4941 4561 2609
f 4941 2609 2607
f 4941 2607 2608
f 2615 4939 4942
f 2615 4942 4943
f 4939 4941 4942
f 4942 4941 2608
f 4942 2608 4563
f 4943 4942 4563
f 4943 4563 4562
f 2616 2615 4542
f 2615 4943 4542
f 4542 4943 4562
f 4542 4562 4545
f 3277 3701 4944
f 3277 4944 3300
f 3701 3700 4945
f 3701 4945 4944
f 4944 4945 4946
f 3300 4944 4946
f 3300 4946 3296
f 2693 3703 4947
f 2693 4947 2694
f 3703 2687 4948
f 3703 4948 4947
f 4947 4948 4949
f 4947 4949 4950
f 2694 4947 4950
f 2694 4950 2695
f 2687 2686 4951
f 2687 4951 4948
f 2686 2685 2703
f 2686 2703 4951
f 4951 2703 2702
f 4951 2702 4952
f 4948 4951 4952
f 4948 4952 4949
f 4949 4952 4953
f 4949 4953 4954
f 4952 2702 3697
f 4952 3697 4953
f 4953 3697 3696
f 4953 3696 4955
f 4954 4953 4955
f 4954 4955 4946
f 2695 4950 4956
f 2695 4956 3699
f 4950 4949 4954
f 4950 4954 4956
f 4956 4954 4946
f 4956 4946 4945
f 3699 4956 4945
f 3699 4945 3700
f 3296 4946 4957
f 3296 4957 3297
f 4946 4955 4957
f 4957 4955 3696
f 4957 3696 3694
f 3297 4957 3694
f 3297 3694 3284
f 4317 4958 4959
f 4317 4959 4318
f 4958 4321 4959
f 4318 4959 4960
f 4318 4960 3661
f 4321 4320 4959
f 4320 3621 4959
f 4959 3621 3620
f 4959 3620 4960
f 4960 3620 4314
f 4960 4314 4961
f 4961 4314 3613
f 4961 3613 3612
f 4960 4961 4962
f 4961 3612 4312
f 4961 4312 4962
f 4962 4312 3663
f 4962 3663 3662
f 4960 4962 3662
f 4960 3662 3661
f 4237 4322 4963
f 4237 4963 4238
f 4322 4321 4958
f 4322 4958 4963
f 4963 4958 4317
f 4963 4317 4315
f 4238 4963 4315
f 4238 4315 4240
f 4964 4965 4966
f 4964 4966 4967
f 4965 183 4968
f 4965 4968 4966
f 4966 4968 4969
f 4966 4969 4970
f 4967 4966 4970
f 4967 4970 4971
f 195 194 4972
f 195 4972 4973
f 194 185 184
f 194 184 4972
f 4972 184 183
f 4972 183 4965
f 4973 4972 4965
f 4973 4965 4964
f 203 4974 4975
f 203 4975 224
f 4974 4964 4967
f 4974 4967 4975
f 4975 4967 4971
f 4975 4971 4976
f 224 4975 4976
f 224 4976 225
f 201 4977 4978
f 201 4978 202
f 4977 195 4973
f 4977 4973 4978
f 4978 4973 4964
f 4978 4964 4974
f 202 4978 4974
f 202 4974 203
f 114 179 4979
f 114 4979 4980
f 179 96 4981
f 179 4981 4979
f 4979 4981 4971
f 4979 4971 4970
f 4980 4979 4970
f 4980 4970 4969
f 96 95 4982
f 96 4982 4981
f 95 94 223
f 95 223 4982
f 4982 223 225
f 4982 225 4976
f 4981 4982 4976
f 4981 4976 4971
f 108 110 4983
f 108 4983 182
f 110 114 4980
f 110 4980 4983
f 4983 4980 4969
f 4983 4969 4968
f 182 4983 4968
f 182 4968 183
f 52 50 4984
f 52 4984 200
f 50 49 4984
f 4984 49 195
f 4984 195 4977
f 200 4984 4977
f 200 4977 201
f 575 4985 4986
f 575 4986 4987
f 4985 4988 4989
f 4985 4989 4986
f 4986 4989 577
f 4986 577 4547
f 4987 4986 4547
f 4987 4547 3751
f 570 572 4990
f 570 4990 4991
f 572 575 4987
f 572 4987 4990
f 4990 4987 3751
f 4990 3751 3750
f 4991 4990 3750
f 4991 3750 2730
f 595 590 4992
f 595 4992 4993
f 590 594 4994
f 590 4994 4992
f 4992 4994 557
f 4992 557 558
f 4993 4992 558
f 4993 558 561
f 594 4995 4996
f 594 4996 4994
f 4995 564 4997
f 4995 4997 4996
f 4996 4997 598
f 4996 598 599
f 4994 4996 599
f 4994 599 557
f 4998 4999 563
f 4998 563 576
f 4999 595 4993
f 4999 4993 563
f 563 4993 561
f 4988 5000 5001
f 4988 5001 4989
f 5000 4998 576
f 5000 576 5001
f 5001 576 578
f 4989 5001 578
f 4989 578 577
f 564 566 5002
f 564 5002 4997
f 566 569 5003
f 566 5003 5002
f 5002 5003 2732
f 5002 2732 2737
f 4997 5002 2737
f 4997 2737 598
f 569 5004 2731
f 569 2731 5003
f 5004 570 4991
f 5004 4991 2731
f 2731 4991 2730
f 5003 2731 2732
f 574 607 4985
f 607 612 5005
f 607 5005 4985
f 4985 5005 4988
f 574 4985 575
f 586 585 5006
f 586 5006 4213
f 585 584 5007
f 585 5007 5006
f 5006 5007 4300
f 5006 4300 4299
f 4213 5006 4299
f 4213 4299 4215
f 569 568 5004
f 5004 573 571
f 5004 571 570
f 4988 5005 5000
f 5005 612 611
f 5005 611 5000
f 5000 611 610
f 5000 610 5008
f 5000 5008 4998
f 594 593 4995
f 593 592 5009
f 593 5009 4995
f 4995 5009 567
f 4995 567 565
f 4995 565 564
f 568 566 5010
f 568 5010 5011
f 566 567 5009
f 566 5009 5010
f 5010 5009 592
f 5010 592 5012
f 5011 5010 5012
f 5011 5012 608
f 4217 4298 5013
f 4217 5013 4218
f 4298 5014 5013
f 5013 5014 4294
f 5013 4294 4292
f 4218 5013 4292
f 4218 4292 4221
f 584 582 5015
f 584 5015 5016
f 582 581 4295
f 582 4295 5015
f 5015 4295 4294
f 5015 4294 5017
f 5016 5015 5017
f 5016 5017 5018
f 4294 5014 5019
f 4294 5019 5017
f 5014 4298 4297
f 5014 4297 5019
f 5019 4297 2725
f 5019 2725 5020
f 5017 5019 5020
f 5017 5020 5018
f 2725 2722 5021
f 2725 5021 5020
f 2722 2724 4882
f 2722 4882 5021
f 5021 4882 4302
f 5021 4302 5022
f 5020 5021 5022
f 5020 5022 5018
f 5018 5022 5023
f 5018 5023 5016
f 5022 4302 4301
f 5022 4301 5023
f 5023 4301 4300
f 5023 4300 5007
f 5016 5023 5007
f 5016 5007 584
f 608 5012 5024
f 608 5024 609
f 5012 592 590
f 5012 590 5024
f 5024 590 589
f 5024 589 5025
f 609 5024 5025
f 609 5025 610
f 573 5004 5026
f 573 5026 572
f 5004 568 5011
f 5004 5011 5026
f 5026 5011 608
f 5026 608 605
f 572 5026 605
f 572 605 574
f 4998 5008 5025
f 4998 5025 4999
f 5008 610 5025
f 5025 589 591
f 4999 5025 591
f 4999 591 595
f 2421 5027 5028
f 2421 5028 1338
f 5027 2419 5029
f 5027 5029 5028
f 5028 5029 1340
f 5028 1340 1339
f 1338 5028 1339
f 1338 1335 2421
f 1326 5030 2421
f 1326 2421 1335
f 2459 2456 5031
f 2456 2455 5031
f 5032 5031 2455
f 2455 5034 5035
f 2455 5035 5033
f 5034 5036 5035
f 5035 5036 2414
f 5035 2414 5037
f 5033 5035 5037
f 2419 2418 5029
f 2418 2417 5038
f 2418 5038 2189
f 2418 2189 2193
f 5029 2418 2193
f 5029 2193 1340
f 2417 5039 5040
f 2417 5040 5038
f 5039 2459 5031
f 5039 5031 5040
f 5040 5031 2189
f 5038 5040 2189
f 2425 2422 5041
f 2425 5041 5042
f 2422 2421 5030
f 2422 5030 5041
f 5041 5030 1326
f 5041 1326 1325
f 5042 5041 1325
f 5042 1325 1321
f 5043 2453 5044
f 5043 5044 2415
f 5036 5043 2415
f 5036 2415 2414
f 2453 2451 5045
f 2453 5045 5044
f 2451 2425 5042
f 2451 5042 5045
f 5045 5042 1321
f 5045 1321 2431
f 5044 5045 2431
f 5044 2431 2415
f 2515 5046 5047
f 2515 5047 5048
f 5046 2500 5049
f 5046 5049 5047
f 5047 5049 2286
f 5047 2286 2285
f 5048 5047 2285
f 5048 2285 2232
f 2507 2510 5050
f 2510 2515 5051
f 2510 5051 5050
f 5050 5051 2227
f 5050 2227 2226
f 5050 2226 2229
f 2515 5048 2231
f 2515 2231 5051
f 2232 2231 5048
f 2227 5051 2231
f 2550 2553 5052
f 2553 2560 2568
f 5052 2553 2568
f 5052 2568 2189
f 2556 5053 2553
f 5053 2507 5050
f 5053 5050 2553
f 2553 5050 2229
f 2553 2229 2560
f 5054 5055 5031
f 5054 5031 5032
f 5055 2550 5052
f 5055 5052 5031
f 5031 5052 2189
f 5054 5032 2455
f 5054 2455 5056
f 5033 5056 2455
f 5057 5058 5056
f 5057 5056 5059
f 5058 5054 5056
f 5056 5033 5037
f 5059 5056 5037
f 5059 5037 2414
f 2500 2503 2548
f 2500 2548 5049
f 2503 2506 2548
f 5049 2548 2286
f 2506 5060 2548
f 5060 5057 5059
f 5060 5059 2548
f 2548 5059 2414
f 2548 2414 2558
f 2419 5027 2420
f 5027 2421 2424
f 5027 2424 2463
f 2420 5027 2463
f 2453 5043 2498
f 5043 5036 5061
f 5043 5061 2498
f 2498 5061 2495
f 2459 5039 2460
f 5039 2417 2448
f 2460 5039 2448
f 2460 2448 2447
f 5036 5034 5062
f 5036 5062 5061
f 5034 2455 2458
f 5034 2458 5062
f 5062 2458 2443
f 5062 2443 2496
f 5061 5062 2496
f 5061 2496 2495
f 5053 2511 2508
f 5053 2508 2507
f 5060 5063 5057
f 5057 5063 5064
f 5057 5064 5058
f 5063 5065 5064
f 5064 5065 5066
f 5064 5066 5067
f 5058 5064 5067
f 5058 5067 5054
f 5054 5067 5068
f 5054 5068 5055
f 5067 5066 5069
f 5067 5069 5068
f 5068 5069 2554
f 5068 2554 2551
f 5055 5068 2551
f 5055 2551 2550
f 2513 2512 5070
f 2513 5070 5071
f 2512 2511 5053
f 2512 5053 5070
f 5070 5053 2556
f 5071 5070 5072
f 5070 2556 2555
f 5070 2555 2554
f 5070 2554 5069
f 5072 5070 5069
f 5072 5069 5066
f 2504 5073 5074
f 2504 5074 2505
f 5073 2513 5071
f 5073 5071 5074
f 2505 5074 2506
f 2506 5074 5075
f 2506 5075 5060
f 5074 5071 5072
f 5074 5072 5075
f 5075 5072 5066
f 5075 5066 5065
f 5060 5075 5065
f 5060 5065 5063
f 2515 2514 5076
f 2515 5076 5046
f 2514 2513 5073
f 2514 5073 5076
f 5076 5073 2504
f 5076 2504 2501
f 5046 5076 2501
f 5046 2501 2500
f 787 5077 4519
f 787 786 5077
f 4519 5077 5078
f 4519 5078 4520
f 4520 5078 5079
f 4520 5079 4517
f 4517 5079 4511
f 5078 5077 5080
f 5077 786 3391
f 5077 3391 5080
f 5080 3391 795
f 5080 795 794
f 5078 5080 794
f 5078 794 791
f 4511 5079 5081
f 4511 5081 4507
f 5079 5078 5081
f 5081 5078 791
f 5081 791 4514
f 4507 5081 4514
f 4507 4514 4512
f 4499 4521 5082
f 4499 5082 4500
f 4521 4520 4517
f 4521 4517 5082
f 5082 4517 4515
f 4500 5082 4515
f 4500 4515 4503
f 5083 5085 5084
f 5084 5086 5087
f 5088 5089 5090
f 5089 5091 5092
f 5089 5092 5090
f 5090 5092 5087
f 5093 5094 5095
f 5093 5095 5096
f 5094 18 17
f 5094 17 5095
f 5095 17 16
f 5095 16 5097
f 5096 5095 5097
f 5096 5097 5083
f 5087 5086 5098
f 5087 5098 5090
f 5090 5098 5099
f 5090 5099 5100
f 5090 5100 5088
f 5101 5102 5103
f 5101 5103 5104
f 5102 5105 5103
f 5103 5105 5106
f 5104 5103 5106
f 5104 5106 5107
f 16 31 5108
f 16 5108 5097
f 5097 5108 5085
f 5097 5085 5083
f 5109 5110 5111
f 5109 5111 5112
f 5110 5101 5104
f 5110 5104 5111
f 5111 5104 5107
f 5111 5107 5113
f 5112 5111 5113
f 5112 5113 5114
f 5105 5115 5106
f 5115 5093 5116
f 5115 5116 5106
f 5106 5116 5091
f 5106 5091 5107
f 5105 5117 5118
f 5117 46 45
f 5117 45 5118
f 5118 45 44
f 5118 44 5119
f 5105 5118 5119
f 5107 5091 5120
f 5107 5120 5113
f 5091 5089 5120
f 5120 5089 5088
f 5113 5120 5088
f 5113 5088 5114
f 5121 5122 5123
f 5121 5124 5125
f 5121 5125 5122
f 5122 5125 5126
f 5122 5126 5127
f 5123 5122 5127
f 5123 5127 5128
f 44 58 5129
f 44 5129 5119
f 58 18 5094
f 58 5094 5129
f 5129 5094 5093
f 5129 5093 5115
f 5119 5129 5115
f 5119 5115 5105
f 5130 5131 5132
f 5130 5132 5133
f 5134 5135 5132
f 5134 5132 5131
f 5136 5133 5132
f 5136 5132 5135
f 5139 5138 5137
f 5124 5140 5141
f 5124 5141 5125
f 5125 5141 5126
f 5142 5143 5144
f 5142 5144 5145
f 82 81 5144
f 82 5144 5143
f 80 5146 5144
f 80 5144 81
f 5147 5148 5144
f 5147 5144 5146
f 5141 5144 5148
f 5140 5149 5144
f 5140 5144 5141
f 5150 5145 5144
f 5150 5144 5149
f 5147 5146 5151
f 5147 5151 5152
f 5146 80 85
f 5146 85 5151
f 5152 5151 5130
f 5153 5154 5155
f 5153 5155 5156
f 5154 5142 5145
f 5154 5145 5155
f 5155 5145 5150
f 5156 5155 5150
f 5156 5150 5157
f 5109 5158 5159
f 5109 5159 5110
f 5158 5160 5161
f 5158 5161 5159
f 5159 5161 5162
f 5159 5162 5163
f 5110 5159 5163
f 5110 5163 5101
f 5101 5163 5164
f 5101 5164 5102
f 5163 5162 5165
f 5163 5165 5164
f 5164 5165 5137
f 5164 5137 5138
f 5102 5164 5138
f 5102 5138 5105
f 5166 5167 5168
f 5167 5153 5156
f 5167 5156 5157
f 5167 5157 5169
f 5168 5167 5169
f 5168 5169 5170
f 5170 5171 5172
f 5170 5172 5168
f 5171 5173 5174
f 5171 5174 5172
f 5172 5174 5175
f 5172 5175 5176
f 5168 5172 5176
f 5168 5176 5166
f 5173 5177 5178
f 5173 5178 5174
f 5177 5179 5180
f 5177 5180 5178
f 5178 5180 5181
f 5178 5181 5182
f 5174 5178 5182
f 5174 5182 5175
f 5166 5176 5183
f 5166 5183 5184
f 5176 5175 5183
f 5183 5175 5185
f 5184 5183 5185
f 5184 5185 5186
f 120 5187 5188
f 120 5188 121
f 5187 5189 5188
f 5188 5189 5190
f 5188 5190 5191
f 121 5188 5191
f 121 5191 124
f 5193 5088 5194
f 5192 5193 5194
f 5192 5194 5195
f 5190 5196 5197
f 5190 5197 5191
f 5196 5198 5199
f 5196 5199 5197
f 5197 5199 136
f 5197 136 135
f 5191 5197 135
f 5191 135 124
f 5200 5192 5195
f 5200 5195 5201
f 5189 5200 5201
f 5189 5201 5190
f 5088 5100 5194
f 5100 5099 5202
f 5100 5202 5194
f 5194 5202 5203
f 5194 5203 5204
f 5194 5204 5195
f 5205 5153 5206
f 5205 5206 5186
f 5205 5186 5207
f 144 5205 5207
f 144 5207 146
f 5195 5204 5208
f 5195 5208 5201
f 5204 5203 5208
f 5208 5198 5196
f 5201 5208 5196
f 5201 5196 5190
f 151 5209 5210
f 151 5210 152
f 5209 5211 5212
f 5209 5212 5210
f 5210 5212 5213
f 5210 5213 5214
f 152 5210 5214
f 152 5214 155
f 5215 5216 5217
f 5215 5217 5218
f 5216 5109 5112
f 5216 5112 5217
f 5217 5112 5114
f 5217 5114 5219
f 5218 5217 5219
f 5218 5219 5220
f 5213 5189 5221
f 5213 5221 5214
f 5189 5187 5221
f 5221 5187 120
f 5221 120 167
f 5214 5221 167
f 5214 167 155
f 5211 5222 5223
f 5211 5223 5212
f 5222 5215 5218
f 5222 5218 5223
f 5223 5218 5220
f 5223 5220 5224
f 5212 5223 5224
f 5212 5224 5213
f 5114 5088 5193
f 5114 5193 5219
f 5219 5193 5192
f 5219 5192 5220
f 82 5143 5205
f 82 5205 144
f 5143 5142 5154
f 5143 5154 5205
f 5205 5154 5153
f 5220 5192 5200
f 5220 5200 5224
f 5224 5200 5189
f 5224 5189 5213
f 5157 5225 5226
f 5157 5226 5169
f 5225 5124 5121
f 5225 5121 5226
f 5226 5121 5227
f 5169 5226 5227
f 5169 5227 5170
f 5179 5228 5229
f 5179 5229 5230
f 5228 5160 5158
f 5228 5158 5229
f 5229 5158 5109
f 5229 5109 5216
f 5230 5229 5216
f 5230 5216 5215
f 5149 5140 5150
f 5150 5140 5124
f 5150 5124 5225
f 5150 5225 5157
f 5170 5231 5232
f 5170 5232 5171
f 5231 5233 5234
f 5231 5234 5232
f 5232 5234 5235
f 5232 5235 5236
f 5171 5232 5236
f 5171 5236 5173
f 186 5237 5238
f 186 5238 151
f 5237 5239 5240
f 5237 5240 5238
f 5238 5240 5211
f 5238 5211 5209
f 151 5238 5209
f 5211 5241 5242
f 5211 5242 5222
f 5241 5181 5180
f 5241 5180 5242
f 5242 5180 5179
f 5242 5179 5230
f 5222 5242 5230
f 5222 5230 5215
f 5121 5243 5227
f 5121 5244 5245
f 5121 5245 5243
f 5243 5245 5233
f 5243 5233 5231
f 5227 5243 5231
f 5227 5231 5170
f 5246 5247 5248
f 5246 5248 5249
f 5247 5250 5251
f 5247 5251 5248
f 5248 5251 5252
f 5248 5252 5253
f 5249 5248 5253
f 5249 5253 5128
f 204 207 5254
f 204 5254 5255
f 207 211 5256
f 207 5256 5254
f 5254 5256 5257
f 5254 5257 5258
f 5255 5254 5258
f 5255 5258 5134
f 5136 5259 5260
f 5136 5260 5261
f 5259 5262 5263
f 5259 5263 5260
f 5260 5263 5246
f 5260 5246 5249
f 5261 5260 5249
f 5261 5249 5128
f 5262 5264 5265
f 5262 5265 5263
f 5264 5137 5165
f 5264 5165 5265
f 5265 5165 5162
f 5265 5162 5266
f 5263 5265 5266
f 5263 5266 5246
f 5175 5182 5267
f 5182 5181 5268
f 5182 5268 5267
f 5267 5268 5239
f 5162 5269 5270
f 5162 5270 5266
f 5269 5271 5272
f 5269 5272 5270
f 5270 5272 5250
f 5270 5250 5247
f 5266 5270 5247
f 5266 5247 5246
f 211 227 5273
f 211 5273 5256
f 227 230 5274
f 227 5274 5273
f 5273 5274 5139
f 5273 5139 5275
f 5256 5273 5275
f 5256 5275 5257
f 5128 5127 5276
f 5128 5276 5261
f 5127 5126 5277
f 5127 5277 5276
f 5276 5277 5130
f 5276 5130 5133
f 5261 5276 5133
f 5261 5133 5136
f 5126 5141 5278
f 5126 5278 5277
f 5141 5148 5278
f 5278 5148 5147
f 5278 5147 5152
f 5277 5278 5152
f 5277 5152 5130
f 5091 5116 5279
f 5091 5279 5092
f 5116 5093 5096
f 5116 5096 5279
f 5279 5096 5083
f 5279 5083 5084
f 5092 5279 5084
f 5092 5084 5087
f 5280 5281 5282
f 5286 5287 5288
f 5286 5288 5289
f 5289 5288 5290
f 5289 5290 5291
f 5294 5295 5296
f 5297 5298 5284
f 5300 5297 5284
f 5299 5300 5284
f 5302 5299 5284
f 5301 5302 5292
f 5303 5301 5292
f 5303 5292 5304
f 5303 5304 5305
f 5306 5303 5307
f 5306 5307 5308
f 5307 5303 5305
f 5307 5305 5309
f 5308 5307 5309
f 5308 5309 5310
f 5311 5312 5313
f 5312 5306 5308
f 5312 5308 5313
f 5313 5308 5310
f 5313 5310 5314
f 5313 5314 5315
f 5316 5311 5313
f 5316 5313 5295
f 5295 5313 5315
f 5295 5315 5296
f 5306 5317 5318
f 5306 5318 5303
f 5303 5318 5319
f 5316 5320 5311
f 5300 5321 5297
f 5303 5319 5322
f 5303 5322 5323
f 5303 5323 5301
f 5311 5320 5324
f 5311 5324 5312
f 5312 5324 5317
f 5312 5317 5306
f 5297 5321 5298
f 5301 5323 5302
f 5326 5327 5328
f 5326 5328 5329
f 5325 5326 5329
f 5325 5329 5330
f 5330 5329 5331
f 5329 5328 5331
f 5331 5332 5333
f 5328 5334 5335
f 5328 5335 5331
f 5334 292 291
f 5334 291 5335
f 5335 291 290
f 5335 290 5332
f 5331 5335 5332
f 5336 292 5334
f 5327 5336 5334
f 5327 5334 5328
f 5338 5339 5340
f 5337 5338 5341
f 5341 5338 5342
f 5338 5340 5343
f 5338 5343 5342
f 5342 5343 5344
f 5342 5344 5345
f 5341 5342 5345
f 5341 5345 5346
f 5340 5347 5348
f 5340 5348 5343
f 5347 5330 5331
f 5347 5331 5348
f 5348 5331 5333
f 5343 5348 5333
f 5343 5333 5344
f 5349 5325 5330
f 5349 5330 5347
f 5339 5349 5347
f 5339 5347 5340
f 5350 5351 5352
f 5350 5352 5353
f 5351 5354 5355
f 5351 5355 5352
f 5352 5355 5356
f 5353 5352 5356
f 5353 5356 5357
f 5357 5356 5338
f 5357 5338 5358
f 5356 5355 5339
f 5356 5339 5338
f 5358 5338 5337
f 5355 5359 5339
f 5359 5360 5325
f 5359 5325 5349
f 5339 5359 5349
f 5354 5361 5359
f 5354 5359 5355
f 5361 5362 5360
f 5361 5360 5359
f 5362 5363 5364
f 5362 5364 5360
f 5363 5365 5366
f 5363 5366 5364
f 5364 5366 5327
f 5364 5327 5326
f 5360 5364 5326
f 5360 5326 5325
f 5366 5367 5336
f 5366 5336 5327
f 5367 322 292
f 5367 292 5336
f 5365 5368 5369
f 5365 5369 5366
f 5368 325 322
f 5368 322 5369
f 5369 322 5367
f 5366 5369 5367
f 5370 5371 5372
f 5371 5373 5372
f 5372 5373 5374
f 5372 5374 5375
f 5375 5374 5376
f 5374 5378 5379
f 5374 5379 5376
f 5378 5380 5381
f 5378 5381 5379
f 5379 5381 5382
f 5379 5382 5383
f 5376 5379 5383
f 5376 5383 5377
f 5384 5385 5380
f 5384 5380 5378
f 5373 5384 5378
f 5373 5378 5374
f 5386 5388 5389
f 5386 5389 5387
f 5387 5390 5391
f 5387 5389 5392
f 5387 5392 5390
f 5390 5392 349
f 5390 349 348
f 5391 5390 348
f 5391 348 347
f 5389 5393 5392
f 5393 5394 352
f 5393 352 351
f 5392 5393 351
f 5392 351 349
f 5388 5395 5393
f 5388 5393 5389
f 5395 5396 5394
f 5395 5394 5393
f 5397 5398 5399
f 5397 5399 5401
f 5397 5401 5400
f 5400 5401 362
f 5400 362 361
f 5399 5402 5401
f 5402 5387 5391
f 5402 5391 347
f 5401 5402 347
f 5401 347 362
f 5398 5386 5402
f 5398 5402 5399
f 5386 5387 5402
f 5350 5403 5351
f 5351 5404 5354
f 5354 5404 5361
f 5361 5405 5362
f 5404 5406 5361
f 5361 5406 5407
f 5361 5407 5405
f 5403 5408 5409
f 5403 5409 5351
f 5408 5410 5409
f 5351 5409 5404
f 5346 5345 5411
f 5346 5411 5412
f 5345 5344 5413
f 5345 5413 5411
f 5411 5413 5414
f 5411 5414 5415
f 5412 5411 5415
f 5412 5415 5416
f 377 5417 5418
f 377 5418 5419
f 5417 5416 5415
f 5417 5415 5418
f 5418 5415 5414
f 5419 5418 5414
f 5420 5414 5413
f 5333 5420 5413
f 5333 5413 5344
f 5337 5341 5421
f 5422 5424 5423
f 5422 5416 5417
f 5422 5417 5424
f 5424 5417 377
f 5341 5425 5421
f 5341 5346 5412
f 5341 5412 5425
f 5425 5412 5416
f 5425 5416 5422
f 5421 5425 5422
f 5426 5427 393
f 5426 393 392
f 5427 5428 393
f 393 5428 394
f 5430 5429 396
f 5430 396 395
f 5428 5430 395
f 5428 395 394
f 5430 5423 5429
f 5431 5432 398
f 5431 398 399
f 5432 5433 398
f 5433 5426 392
f 5433 392 400
f 398 5433 400
f 5396 5434 5394
f 5394 5434 403
f 5434 5435 403
f 403 5435 402
f 5394 403 352
f 5436 5431 399
f 5435 5436 399
f 5435 399 402
f 5435 5431 5436
f 5333 5332 5420
f 5332 5437 5420
f 5420 5437 5414
f 377 5419 5438
f 377 5438 406
f 5419 5414 5437
f 5419 5437 5438
f 5438 5437 408
f 406 5438 408
f 290 405 5332
f 405 408 5437
f 5332 405 5437
f 5370 5372 5439
f 5372 5375 5439
f 5439 5375 5440
f 5441 5442 5440
f 5377 5441 5376
f 5441 5440 5376
f 5376 5440 5375
f 5350 5443 5444
f 5350 5444 5445
f 5445 5444 5446
f 5445 5446 5447
f 5370 5448 5371
f 5448 5447 5446
f 5448 5446 5373
f 5371 5448 5373
f 5385 5384 5444
f 5385 5444 5443
f 5384 5373 5444
f 5444 5373 5446
f 5382 5381 5449
f 5382 5449 5450
f 5381 5380 5451
f 5381 5451 5449
f 5449 5451 5452
f 5449 5452 5453
f 5450 5449 5453
f 5450 5453 5454
f 5454 5453 5434
f 5454 5434 5396
f 5453 5452 5435
f 5453 5435 5434
f 5452 5455 5431
f 5452 5431 5435
f 5380 5385 5456
f 5380 5456 5451
f 5451 5456 5455
f 5451 5455 5452
f 5385 5443 5456
f 5456 5457 5455
f 5455 5457 5432
f 5455 5432 5431
f 5457 5458 5433
f 5457 5433 5432
f 5458 5459 5426
f 5458 5426 5433
f 5443 5460 5456
f 5443 5350 5461
f 5443 5461 5460
f 5460 5461 5459
f 5460 5459 5458
f 5456 5460 5458
f 5456 5458 5457
f 5350 5353 5462
f 5350 5462 5461
f 5353 5357 5463
f 5353 5463 5462
f 5462 5463 5464
f 5462 5464 5465
f 5461 5462 5465
f 5461 5465 5459
f 5459 5465 5427
f 5459 5427 5426
f 5465 5464 5428
f 5465 5428 5427
f 5464 5466 5430
f 5464 5430 5428
f 5466 5422 5423
f 5466 5423 5430
f 5357 5358 5467
f 5357 5467 5463
f 5358 5337 5421
f 5358 5421 5467
f 5467 5421 5422
f 5467 5422 5466
f 5463 5467 5466
f 5463 5466 5464
f 5468 5469 5470
f 5470 5471 5397
f 5470 5469 5472
f 5470 5472 5471
f 5471 5472 5398
f 5471 5398 5397
f 5472 5386 5398
f 5441 5377 5468
f 5377 5473 5468
f 5473 5474 5475
f 5468 5473 5475
f 5468 5475 5469
f 5469 5475 5476
f 5469 5476 5472
f 5475 5474 5477
f 5475 5477 5476
f 5476 5477 5388
f 5476 5388 5386
f 5472 5476 5386
f 5474 5478 5479
f 5474 5479 5477
f 5478 5454 5396
f 5478 5396 5479
f 5479 5396 5395
f 5477 5479 5395
f 5477 5395 5388
f 5377 5383 5480
f 5377 5480 5473
f 5383 5382 5450
f 5383 5450 5480
f 5480 5450 5454
f 5480 5454 5478
f 5473 5480 5478
f 5473 5478 5474
f 377 455 5424
f 5423 5424 5429
f 396 5429 455
f 455 5429 5424
f 5481 5482 5483
f 5481 5483 5484
f 5397 5481 5484
f 5397 5484 5470
f 5470 5484 5468
f 5484 5483 5485
f 5484 5485 5486
f 5484 5486 5441
f 5468 5484 5441
f 5483 5487 5488
f 5483 5488 5485
f 5487 5489 5488
f 5488 5489 5490
f 5488 5490 5491
f 5485 5488 5491
f 5485 5491 5486
f 5482 5492 5487
f 5482 5487 5483
f 361 468 5493
f 361 5493 5400
f 468 470 5494
f 468 5494 5493
f 5400 5493 5397
f 5493 5494 5482
f 5493 5482 5481
f 5397 5493 5481
f 5494 5495 5492
f 5494 5492 5482
f 470 472 5495
f 470 5495 5494
f 5370 5496 5497
f 5370 5497 5448
f 5496 5498 5499
f 5496 5499 5497
f 5497 5499 5500
f 5497 5500 5501
f 5448 5497 5501
f 5448 5501 5447
f 5447 5501 5445
f 5501 5500 5502
f 5501 5502 5403
f 5445 5501 5403
f 5445 5403 5350
f 5500 5503 5502
f 5503 5410 5408
f 5502 5503 5408
f 5502 5408 5403
f 5498 5504 5499
f 5441 5486 5505
f 5441 5505 5442
f 5442 5505 5506
f 5442 5506 5440
f 5440 5507 5439
f 5440 5506 5507
f 5507 5498 5496
f 5439 5507 5496
f 5439 5496 5370
f 5506 5508 5509
f 5506 5509 5507
f 5507 5509 5504
f 5507 5504 5498
f 5486 5491 5510
f 5486 5510 5505
f 5491 5490 5510
f 5505 5510 5508
f 5505 5508 5506
f 5362 5405 5511
f 5362 5511 5363
f 5363 5511 5512
f 5363 5512 5365
f 5365 5512 5513
f 5365 5513 5368
f 5368 5513 490
f 5368 490 325
f 5512 5514 5515
f 5512 5515 5513
f 5513 5515 494
f 5513 494 490
f 5405 5407 5516
f 5405 5516 5511
f 5511 5516 5514
f 5511 5514 5512
f 5490 5520 5510
f 5520 5517 5518
f 5520 5518 5510
f 5510 5518 5519
f 5510 5519 5508
f 5504 5509 5521
f 5504 5521 5519
f 5509 5508 5519
f 5509 5519 5521
f 5523 5524 5525
f 5523 5525 5526
f 5522 5523 5526
f 5522 5526 5527
f 5528 5530 5529
f 5529 5531 5532
f 5525 5533 5534
f 5533 5517 5520
f 5533 5520 5490
f 5534 5533 5532
f 5524 5535 5533
f 5535 5517 5533
f 5524 5533 5525
f 5536 5537 5407
f 5537 5538 5514
f 5537 5514 5516
f 5407 5537 5516
f 5539 519 494
f 5539 494 5515
f 5538 5539 5515
f 5538 5515 5514
f 5538 5540 5539
f 5540 521 5539
f 5539 521 519
f 7644 5542 5543
f 5541 7644 5543
f 5541 5543 5544
f 5544 5543 5537
f 5544 5537 5536
f 5543 5542 5538
f 5543 5538 5537
f 5542 5545 5538
f 5545 521 5540
f 5538 5545 5540
f 5542 5546 5545
f 5546 528 521
f 5546 521 5545
f 5547 5549 5548
f 5548 5550 5551
f 5548 5551 5552
f 5552 5551 5553
f 5552 5553 5554
f 5551 5550 5555
f 5551 5555 5553
f 5553 5555 5556
f 5554 5553 5556
f 5557 5558 5559
f 5557 5560 5561
f 5557 5561 5558
f 5558 5561 5562
f 5558 5562 5563
f 5559 5558 5563
f 5559 5563 5564
f 5565 5566 5567
f 5565 5567 5568
f 5566 5569 5570
f 5566 5570 5567
f 5567 5570 5571
f 5568 5567 5571
f 5573 5574 5575
f 5573 5575 5576
f 5572 5573 5576
f 5572 5576 5577
f 5577 5576 5409
f 5576 5575 5404
f 5576 5404 5409
f 5577 5409 5410
f 5575 5578 5406
f 5575 5406 5404
f 5578 5536 5407
f 5578 5407 5406
f 5574 5579 5578
f 5574 5578 5575
f 5579 5536 5578
f 5580 5581 5582
f 5581 5583 5584
f 5581 5584 5585
f 5582 5581 5585
f 5586 5587 5588
f 5587 5589 5590
f 5587 5590 5588
f 5588 5590 5591
f 5592 5544 5536
f 5592 5536 5579
f 5593 5594 5595
f 5593 5595 5596
f 5594 5541 5595
f 5595 5541 5544
f 5595 5544 5592
f 5596 5595 5592
f 5597 5598 5599
f 5597 5600 5601
f 5597 5601 5598
f 5598 5601 5602
f 5598 5602 5603
f 5599 5598 5603
f 5599 5603 5604
f 5605 5606 5607
f 5605 5608 5606
f 5606 5609 5610
f 5607 5606 5610
f 5607 5610 5611
f 5613 5577 5410
f 5613 5410 5614
f 5612 5613 5614
f 5615 5616 7763
f 5616 5572 5577
f 5616 5577 5613
f 7763 5616 5613
f 7763 5613 5612
f 5617 5618 5619
f 5617 5619 5620
f 5591 5621 5622
f 5591 5622 5623
f 5621 5624 5625
f 5621 5625 5622
f 5622 5625 5626
f 5622 5626 5627
f 5623 5622 5627
f 5623 5627 5628
f 5629 7761 5630
f 7761 5612 5631
f 5504 5630 5499
f 5630 7761 5499
f 5499 7761 5500
f 5410 5503 5614
f 5503 5500 7761
f 5503 7761 5614
f 5614 7761 5631
f 5614 5631 5612
f 5632 5633 5634
f 5632 5634 5635
f 5635 5634 5636
f 5635 5636 5637
f 5637 5636 5519
f 5637 5519 5638
f 5636 5634 5519
f 5638 5519 5518
f 5638 5518 5517
f 5634 5630 5519
f 5519 5630 5504
f 5633 5639 5634
f 5639 5629 5630
f 5639 5630 5634
f 5640 5642 5641
f 5641 5643 5644
f 5644 5643 5645
f 5643 5495 5645
f 5645 5495 472
f 5645 472 630
f 5642 5646 5641
f 5646 5492 5495
f 5641 5646 5495
f 5641 5495 5643
f 5646 5642 5647
f 5646 5647 5528
f 5492 5646 5487
f 5490 5489 5648
f 5490 5648 5533
f 5489 5487 5646
f 5489 5646 5648
f 5648 5646 5528
f 5648 5528 5529
f 5533 5648 5529
f 5533 5529 5532
f 5525 5649 5650
f 5525 5650 5526
f 5649 5651 5652
f 5649 5652 5650
f 5650 5652 5653
f 5650 5653 5654
f 5526 5650 5654
f 5526 5654 5527
f 640 5655 5656
f 640 5656 641
f 5655 5657 5658
f 5655 5658 5656
f 5656 5658 5659
f 5656 5659 5660
f 641 5656 5660
f 641 5660 644
f 644 5660 5661
f 644 5661 649
f 5660 5659 5662
f 5660 5662 5661
f 5661 5662 5663
f 5661 5663 5664
f 649 5661 5664
f 649 5664 651
f 5659 5665 5666
f 5659 5666 5662
f 5665 5667 5668
f 5665 5668 5666
f 5666 5668 5669
f 5666 5669 5670
f 5662 5666 5670
f 5662 5670 5663
f 5657 5671 5672
f 5657 5672 5658
f 5671 5673 5674
f 5671 5674 5672
f 5672 5674 5667
f 5672 5667 5665
f 5658 5672 5665
f 5658 5665 5659
f 5673 5671 5675
f 5673 5675 5676
f 5671 5657 5677
f 5671 5677 5675
f 5675 5677 5678
f 5675 5678 5679
f 5676 5675 5679
f 5676 5679 5680
f 5680 5679 5681
f 5679 5678 5682
f 5679 5682 5681
f 5681 5682 5683
f 5681 5683 5684
f 5678 5685 5686
f 5678 5686 5682
f 5685 671 5686
f 5686 671 670
f 5686 670 5687
f 5682 5686 5687
f 5682 5687 5683
f 5657 5655 5688
f 5657 5688 5677
f 5655 640 673
f 5655 673 5688
f 5688 673 671
f 5688 671 5685
f 5677 5688 5685
f 5677 5685 5678
f 5684 5683 5690
f 5684 5690 5689
f 5689 5690 5691
f 5689 5691 5692
f 5689 5692 5693
f 5693 5692 5694
f 5693 5694 5695
f 5692 5691 5696
f 5692 5696 5694
f 5694 5696 5697
f 5694 5697 5698
f 5695 5694 5698
f 5695 5698 5699
f 5691 5700 5701
f 5691 5701 5696
f 5700 684 5701
f 5701 684 683
f 5701 683 5702
f 5696 5701 5702
f 5696 5702 5697
f 5683 5687 5703
f 5683 5703 5690
f 5687 670 684
f 5687 684 5703
f 5703 684 5700
f 5690 5703 5700
f 5690 5700 5691
f 5699 5698 5704
f 5699 5704 5705
f 5698 5697 5706
f 5698 5706 5704
f 5704 5706 5707
f 5704 5707 5708
f 5705 5704 5708
f 5705 5708 5709
f 5709 5708 5710
f 5709 5710 5711
f 5708 5707 5712
f 5708 5712 5710
f 5710 5712 5713
f 5710 5713 5714
f 5711 5710 5714
f 5711 5714 5715
f 5707 5716 5717
f 5707 5717 5712
f 5716 702 701
f 5716 701 5717
f 5717 701 700
f 5717 700 5718
f 5712 5717 5718
f 5712 5718 5713
f 5697 5702 5719
f 5697 5719 5706
f 5702 683 704
f 5702 704 5719
f 5719 704 702
f 5719 702 5716
f 5706 5719 5716
f 5706 5716 5707
f 5715 5714 5720
f 5714 5713 5721
f 5714 5721 5720
f 5720 5721 5722
f 5715 5720 5723
f 5723 5720 5724
f 5720 5722 5725
f 5720 5725 5726
f 5724 5720 5726
f 5724 5726 5727
f 5728 716 715
f 5728 715 5729
f 5722 5728 5729
f 5722 5729 5725
f 5713 5718 5730
f 5713 5730 5721
f 5718 700 718
f 5718 718 5730
f 5730 718 716
f 5730 716 5728
f 5721 5730 5728
f 5721 5728 5722
f 5727 5726 5731
f 5727 5731 5732
f 5726 5725 5733
f 5726 5733 5731
f 5731 5733 5734
f 5732 5731 5734
f 5732 5734 5735
f 5735 5734 5736
f 5735 5736 5737
f 5734 5733 5738
f 5734 5738 5736
f 5737 5736 5739
f 5733 5740 5738
f 5740 726 725
f 5740 725 5741
f 5738 5740 5741
f 5725 5729 5740
f 5725 5740 5733
f 5729 715 728
f 5729 728 5740
f 5740 728 726
f 5742 5743 5744
f 5742 5744 5745
f 5743 5746 5747
f 5743 5747 5744
f 5744 5747 5748
f 5744 5748 5749
f 5745 5744 5749
f 5745 5749 5750
f 5751 5735 5737
f 5751 5737 5739
f 5747 5751 5748
f 5746 5752 5753
f 5746 5753 5747
f 5752 5727 5732
f 5752 5732 5753
f 5753 5732 5735
f 5753 5735 5751
f 5747 5753 5751
f 5754 5755 5756
f 5754 5756 5757
f 5755 5758 5759
f 5755 5759 5756
f 5756 5759 5760
f 5756 5760 5761
f 5757 5756 5761
f 5757 5761 5762
f 5763 5764 5765
f 5764 5766 5767
f 5764 5767 5768
f 5765 5764 5769
f 5770 5771 5772
f 5771 5773 5774
f 5771 5774 5772
f 5772 5774 5775
f 5772 5775 5776
f 5770 5772 5776
f 5770 5776 5777
f 5779 5780 5781
f 5778 5779 5781
f 5778 5781 5782
f 651 5664 5783
f 651 5783 771
f 5664 5663 5784
f 5664 5784 5783
f 5783 5784 5785
f 5783 5785 5786
f 771 5783 5786
f 771 5786 773
f 5663 5670 5787
f 5663 5787 5784
f 5670 5669 5788
f 5670 5788 5787
f 5787 5788 5789
f 5787 5789 5790
f 5784 5787 5790
f 5784 5790 5785
f 5669 5791 5792
f 5669 5792 5788
f 5791 5793 5794
f 5791 5794 5792
f 5788 5792 5789
f 5793 5795 5794
f 5795 5796 5797
f 5798 5799 5800
f 5799 5801 5802
f 5799 5802 5800
f 5800 5802 5803
f 5798 5800 5803
f 5804 5805 5806
f 5805 5807 5806
f 5808 5809 5810
f 5808 5810 5811
f 5809 5812 5813
f 5809 5813 5810
f 5810 5813 5814
f 5811 5810 5814
f 5811 5814 5815
f 5816 5817 5818
f 5816 5818 5819
f 5817 5820 5821
f 5817 5821 5818
f 5818 5821 5822
f 5818 5822 5823
f 5819 5818 5823
f 5819 5823 5824
f 5825 5826 5827
f 5826 5828 5829
f 5827 5826 5829
f 5827 5829 5830
f 5830 5829 5831
f 5830 5831 5832
f 5829 5828 5833
f 5829 5833 5831
f 5831 5833 5834
f 5832 5831 5834
f 5835 5836 5837
f 5835 5837 5838
f 5836 5839 5840
f 5836 5840 5837
f 5837 5840 5841
f 5837 5841 5842
f 5838 5837 5842
f 5838 5842 5843
f 5844 5845 5846
f 5844 5846 5847
f 5845 5848 5849
f 5845 5849 5846
f 5846 5849 5850
f 5846 5850 5851
f 5847 5846 5851
f 5847 5851 5852
f 5853 5854 5855
f 5853 5856 5857
f 5853 5857 5854
f 5854 5857 5858
f 5854 5858 5859
f 5855 5854 5859
f 5855 5859 5860
f 5852 5851 5861
f 5852 5861 5862
f 5851 5850 5863
f 5851 5863 5861
f 5861 5863 5864
f 5862 5861 5864
f 5862 5864 5865
f 5866 5867 5868
f 5866 5868 5869
f 5867 5870 5871
f 5867 5871 5868
f 5868 5871 5872
f 5869 5868 5872
f 5873 5874 5875
f 5873 5875 5876
f 5874 5877 5878
f 5874 5878 5875
f 5875 5878 5879
f 5876 5875 5879
f 5876 5879 5880
f 5880 5879 5881
f 5880 5881 5882
f 5879 5878 5881
f 5881 5878 5883
f 5882 5881 5883
f 5884 5885 5886
f 5885 5887 5888
f 5885 5888 5886
f 5886 5888 5889
f 5890 5891 5892
f 5890 5893 5891
f 5891 5893 5894
f 5891 5894 5895
f 5892 5891 5895
f 5892 5895 5896
f 5897 5898 5899
f 5897 5899 5900
f 5898 5901 5902
f 5898 5902 5899
f 5899 5902 5903
f 5900 5899 5903
f 5896 5895 5904
f 5896 5904 5905
f 5895 5894 5906
f 5895 5906 5904
f 5904 5906 5907
f 5905 5904 5907
f 5905 5907 5908
f 5909 5910 5911
f 5909 5911 5912
f 5910 5913 5914
f 5910 5914 5911
f 5911 5914 5915
f 5912 5911 5915
f 5912 5915 5916
f 5917 5918 5919
f 5918 5920 5921
f 5918 5921 5919
f 5919 5921 5922
f 5919 5922 5923
f 5917 5919 5923
f 5917 5923 5924
f 5925 5926 5927
f 5925 5927 5928
f 5926 5929 5927
f 5927 5929 5930
f 5927 5930 5931
f 5928 5927 5931
f 5928 5931 5932
f 5920 5933 5921
f 5933 5934 5935
f 5921 5933 5935
f 5921 5935 5922
f 5936 5937 5938
f 5937 5939 5940
f 5937 5940 5938
f 5938 5940 5941
f 5938 5941 5942
f 5944 5945 5946
f 5944 5946 5947
f 5948 5949 5950
f 5948 5950 5951
f 5949 5952 5953
f 5949 5953 5950
f 5950 5953 5954
f 5951 5950 5954
f 5955 5956 5957
f 5955 5958 5959
f 5955 5959 5956
f 5956 5959 5939
f 5956 5939 5937
f 5957 5956 5937
f 5957 5937 5936
f 5960 5961 5962
f 5960 5962 5963
f 5961 5964 5965
f 5961 5965 5962
f 5962 5965 5966
f 5963 5962 5966
f 5963 5966 5967
f 5968 5969 5970
f 5968 5970 5971
f 5969 5972 5973
f 5969 5973 5970
f 5970 5973 5964
f 5970 5964 5961
f 5971 5970 5961
f 5971 5961 5960
f 5974 5975 5976
f 5974 5976 5977
f 5975 5978 5979
f 5975 5979 5976
f 5976 5979 5980
f 5977 5976 5980
f 5981 5982 5983
f 5981 5983 5984
f 5982 5985 5986
f 5982 5986 5983
f 5983 5986 5987
f 5984 5983 5987
f 5984 5987 5988
f 5989 5990 5991
f 5989 5991 5992
f 5990 5993 5994
f 5990 5994 5991
f 5991 5994 5995
f 5991 5995 5996
f 5992 5991 5996
f 5992 5996 5997
f 5998 5999 6000
f 5998 6000 6001
f 5999 6002 6003
f 5999 6003 6000
f 6000 6003 6004
f 6001 6000 6004
f 6005 6006 6007
f 6005 6007 6008
f 6006 6009 6010
f 6006 6010 6007
f 6007 6010 6002
f 6007 6002 5999
f 6008 6007 5999
f 6008 5999 5998
f 6011 6012 6013
f 6011 6013 6014
f 6012 6015 6016
f 6012 6016 6013
f 6013 6016 6017
f 6013 6017 6018
f 6014 6013 6018
f 6014 6018 6019
f 6020 6021 6022
f 6020 6022 6023
f 6021 6024 6025
f 6021 6025 6022
f 6022 6025 6026
f 6022 6026 6027
f 6023 6022 6027
f 6023 6027 6028
f 6029 6030 6031
f 6029 6032 6033
f 6029 6033 6030
f 6030 6033 6034
f 6030 6034 6035
f 6031 6030 6035
f 6031 6035 6036
f 6038 6024 6021
f 6038 6021 6020
f 6039 6040 6041
f 6039 6041 6042
f 6040 6043 6044
f 6040 6044 6041
f 6041 6044 6045
f 6042 6041 6045
f 6042 6045 6046
f 6047 6048 6049
f 6047 6049 6050
f 6048 6051 6052
f 6048 6052 6049
f 6049 6052 6053
f 6049 6053 6054
f 6050 6049 6054
f 6050 6054 6055
f 6056 6057 6058
f 6056 6058 6059
f 6057 6060 6061
f 6057 6061 6058
f 6058 6061 6062
f 6059 6058 6062
f 6063 6064 6065
f 6063 6065 6066
f 6064 6067 6068
f 6064 6068 6065
f 6065 6068 6069
f 6066 6065 6069
f 6066 6069 6070
f 6071 6072 6073
f 6071 6074 6075
f 6071 6075 6072
f 6072 6075 6060
f 6072 6060 6057
f 6073 6072 6057
f 6073 6057 6056
f 6076 6077 6078
f 6076 6078 6079
f 6077 6080 6081
f 6077 6081 6078
f 6078 6081 6082
f 6078 6082 6083
f 6079 6078 6083
f 6079 6083 6084
f 6085 6086 6087
f 6085 6087 6088
f 6086 6089 6090
f 6086 6090 6087
f 6087 6090 6091
f 6087 6091 6092
f 6088 6087 6092
f 6088 6092 6093
f 6094 6095 6096
f 6095 6085 6088
f 6095 6088 6096
f 6096 6088 6093
f 6096 6093 6097
f 6094 6096 6097
f 6094 6097 6098
f 6099 6100 6101
f 6099 6101 6102
f 6100 6076 6079
f 6100 6079 6101
f 6101 6079 6084
f 6101 6084 6103
f 6102 6101 6103
f 6102 6103 6104
f 6105 6106 6107
f 6105 6107 6108
f 6106 6109 6107
f 6107 6109 6110
f 6107 6110 6111
f 6108 6107 6111
f 6108 6111 6112
f 6113 6114 6115
f 6114 6116 6117
f 6114 6117 6115
f 6115 6117 6118
f 6115 6118 6119
f 6113 6115 6119
f 6113 6119 6120
f 6121 6122 6123
f 6122 6124 6125
f 6122 6125 6123
f 6123 6125 6126
f 6123 6126 6127
f 6121 6123 6127
f 6121 6127 6128
f 6129 6130 6131
f 6129 6131 6132
f 6130 6133 6131
f 6131 6133 6134
f 6131 6134 6135
f 6132 6131 6135
f 6132 6135 6136
f 6137 6138 6139
f 6138 6140 6141
f 6138 6141 6139
f 6139 6141 6142
f 6139 6142 6143
f 6137 6139 6143
f 6137 6143 6144
f 6145 6146 6147
f 6145 6147 6148
f 6146 6149 6147
f 6147 6149 6150
f 6147 6150 6151
f 6148 6147 6151
f 6148 6151 6152
f 6140 6153 6154
f 6140 6154 6141
f 6153 6155 6154
f 6154 6155 6156
f 6154 6156 6157
f 6141 6154 6157
f 6141 6157 6142
f 6158 6159 6160
f 6158 6160 6161
f 6159 6162 6163
f 6159 6163 6160
f 6160 6163 6164
f 6160 6164 6165
f 6161 6160 6165
f 6161 6165 6166
f 6167 6168 6169
f 6167 6169 6170
f 6168 6171 6169
f 6169 6171 6172
f 6170 6169 6172
f 6170 6172 6173
f 6174 6175 6176
f 6174 6176 6177
f 6175 6178 6179
f 6175 6179 6176
f 6176 6179 6180
f 6176 6180 6181
f 6177 6176 6181
f 6177 6181 6182
f 6183 6184 6185
f 6184 6167 6170
f 6184 6170 6185
f 6185 6170 6173
f 6185 6173 6186
f 6183 6185 6186
f 6183 6186 6187
f 6188 6189 6190
f 6188 6191 6189
f 6190 6189 6192
f 6190 6192 6193
f 6194 6195 6196
f 6195 6197 6196
f 6196 6197 6198
f 6194 6196 6198
f 6199 6200 6201
f 6199 6201 6202
f 6200 6203 6204
f 6200 6204 6201
f 6201 6204 6205
f 6201 6205 6206
f 6202 6201 6206
f 6202 6206 6207
f 6208 6209 6210
f 6208 6211 6209
f 6209 6211 6212
f 6209 6212 6213
f 6210 6209 6213
f 6210 6213 6214
f 6215 6216 6217
f 6215 6217 6218
f 6216 6219 6220
f 6216 6220 6217
f 6217 6220 6221
f 6217 6221 6222
f 6218 6217 6222
f 6218 6222 6223
f 6224 6225 6226
f 6224 6226 6227
f 6225 6228 6229
f 6225 6229 6226
f 6226 6229 5754
f 6226 5754 5757
f 6227 6226 5757
f 6227 5757 5762
f 6230 6231 6232
f 6231 6233 6234
f 6231 6234 6232
f 6232 6234 6235
f 6232 6235 6236
f 6230 6232 6236
f 6230 6236 6237
f 6228 6238 6239
f 6228 6239 6229
f 6238 6240 6241
f 6238 6241 6239
f 6239 6241 5758
f 6239 5758 5755
f 6229 6239 5755
f 6229 5755 5754
f 6242 6243 6244
f 6242 6245 6246
f 6242 6246 6243
f 6243 6246 6247
f 6243 6247 6248
f 6244 6243 6248
f 6244 6248 6249
f 6250 6251 6252
f 6250 6252 6253
f 6251 6254 6255
f 6251 6255 6252
f 6252 6255 6256
f 6253 6252 6256
f 6257 6258 6259
f 6257 6259 6260
f 6258 6261 6262
f 6258 6262 6259
f 6259 6262 6263
f 6259 6263 6264
f 6260 6259 6264
f 6260 6264 6265
f 6266 6267 6268
f 6266 6268 6269
f 6267 6270 6271
f 6267 6271 6268
f 6268 6271 6254
f 6268 6254 6251
f 6269 6268 6251
f 6269 6251 6250
f 6272 6273 6274
f 6275 6274 6273
f 6277 6278 6279
f 6278 6280 6281
f 6278 6281 6279
f 6279 6281 6282
f 6284 6285 6286
f 6287 6288 6289
f 6287 6289 6290
f 6291 6292 6289
f 6291 6289 6288
f 6293 6290 6289
f 6293 6289 6292
f 6294 6295 6296
f 6294 6296 6297
f 6295 6298 6299
f 6295 6299 6296
f 6296 6299 6300
f 6296 6300 6301
f 6297 6296 6301
f 6297 6301 6302
f 6305 6304 6303
f 6272 6274 6277
f 6306 6307 6308
f 6306 6308 6309
f 6307 6310 6311
f 6307 6311 6308
f 6308 6311 6312
f 6308 6312 6313
f 6309 6308 6313
f 6309 6313 6314
f 5742 6315 6316
f 5742 6316 6317
f 6315 6318 6319
f 6315 6319 6316
f 6316 6319 6320
f 6316 6320 6321
f 6317 6316 6321
f 6317 6321 6322
f 6322 6321 6323
f 6322 6323 6324
f 6321 6320 6325
f 6321 6325 6323
f 6323 6325 6326
f 6323 6326 6327
f 6324 6323 6327
f 6324 6327 6328
f 6320 6329 6325
f 6325 6329 6326
f 6318 6331 6332
f 6318 6332 6319
f 6331 6333 6334
f 6331 6334 6332
f 6332 6334 6330
f 6332 6330 6329
f 6319 6332 6329
f 6319 6329 6320
f 6333 6335 6336
f 6333 6336 6334
f 6335 6337 6336
f 6334 6336 6330
f 6336 6337 6338
f 6339 6340 6341
f 6339 6341 6342
f 6337 6339 6342
f 6337 6342 6338
f 6337 6343 6339
f 6343 6344 6340
f 6343 6340 6339
f 5727 5752 6345
f 5727 6345 6346
f 5752 5746 6347
f 5752 6347 6345
f 6345 6347 6348
f 6345 6348 6349
f 6346 6345 6349
f 6346 6349 6350
f 6350 6349 6351
f 6350 6351 6352
f 6349 6348 6353
f 6349 6353 6351
f 6351 6353 6354
f 6351 6354 6355
f 6352 6351 6355
f 6352 6355 6356
f 6348 6357 6358
f 6348 6358 6353
f 6357 6322 6324
f 6357 6324 6358
f 6358 6324 6328
f 6358 6328 6359
f 6353 6358 6359
f 6353 6359 6354
f 5746 5743 6360
f 5746 6360 6347
f 5743 5742 6317
f 5743 6317 6360
f 6360 6317 6322
f 6360 6322 6357
f 6347 6360 6357
f 6347 6357 6348
f 5715 5723 6361
f 5715 6362 6363
f 5715 6361 6364
f 5715 6364 6362
f 6362 6364 6365
f 6362 6365 6366
f 6363 6362 6366
f 6363 6366 6367
f 6361 6368 6369
f 6361 6369 6364
f 6368 6350 6352
f 6368 6352 6369
f 6369 6352 6356
f 6369 6356 6370
f 6364 6369 6370
f 6364 6370 6365
f 5723 5724 6371
f 5723 6371 6361
f 5724 5727 6346
f 5724 6346 6371
f 6371 6346 6350
f 6371 6350 6368
f 6361 6371 6368
f 5699 5705 6372
f 5699 6372 6373
f 5705 5709 6374
f 5705 6374 6372
f 6372 6374 6375
f 6373 6372 6375
f 6373 6375 6376
f 6376 6375 6377
f 6376 6377 6378
f 6375 6374 6377
f 6377 6374 6379
f 6377 6379 6380
f 6378 6377 6380
f 6378 6380 6381
f 6374 5715 6382
f 5715 6363 6382
f 6382 6363 6367
f 6382 6367 6383
f 6374 6382 6383
f 6374 6383 6379
f 5709 5711 6384
f 5709 6384 6374
f 5711 5715 6384
f 6374 6384 5715
f 6385 6386 6387
f 6385 6387 6388
f 6386 6389 6387
f 6387 6389 6390
f 6387 6390 6391
f 6388 6387 6391
f 6388 6391 6392
f 6392 6391 6393
f 6391 6390 6394
f 6391 6394 6393
f 6393 6394 6395
f 6393 6395 6396
f 6392 6393 6396
f 6390 6397 6378
f 6390 6378 6394
f 6397 6376 6378
f 6378 6381 6398
f 6394 6378 6398
f 6394 6398 6395
f 6389 6399 6400
f 6399 5699 6373
f 6399 6373 6400
f 6400 6373 6376
f 6400 6376 6397
f 6389 6400 6397
f 6389 6397 6390
f 6392 6401 6402
f 6401 6403 6404
f 6401 6404 6402
f 6402 6404 6405
f 6392 6402 6405
f 6385 6388 6405
f 6385 6405 6406
f 6388 6392 6405
f 6406 6405 6407
f 6408 6409 6410
f 6408 6410 6411
f 6409 6407 6405
f 6409 6405 6410
f 6410 6405 6404
f 6411 6410 6404
f 6411 6404 6403
f 6412 6413 6414
f 6412 6414 6415
f 6413 6416 6417
f 6413 6417 6414
f 6414 6417 6418
f 6414 6418 6419
f 6415 6414 6419
f 6415 6419 6420
f 6421 6422 6423
f 6421 6423 6424
f 6422 6425 6426
f 6422 6426 6423
f 6423 6426 6427
f 6423 6427 6428
f 6424 6423 6428
f 6424 6428 6429
f 6416 6430 6431
f 6416 6431 6417
f 6430 6432 6433
f 6430 6433 6431
f 6431 6433 6434
f 6431 6434 6435
f 6417 6431 6435
f 6417 6435 6418
f 6436 6437 6438
f 6436 6438 6439
f 6437 6440 6441
f 6437 6441 6438
f 6438 6441 6442
f 6438 6442 6443
f 6439 6438 6443
f 6439 6443 6444
f 6408 6445 6446
f 6408 6446 6447
f 6344 6448 6449
f 6344 6449 6340
f 6448 6447 6446
f 6448 6446 6449
f 6449 6446 6445
f 6341 6340 6449
f 6341 6449 6445
f 5669 5668 6450
f 5668 5667 6451
f 6450 5668 6451
f 6452 6450 6453
f 6450 6451 6453
f 6452 6453 6451
f 6452 6451 6454
f 5673 6455 6451
f 5673 6451 5674
f 6455 6454 6451
f 5674 6451 5667
f 6456 6457 6458
f 6456 6458 6459
f 6457 6460 6461
f 6457 6461 6458
f 6458 6461 6462
f 6458 6462 6463
f 6459 6458 6463
f 6459 6463 6464
f 6464 6463 6465
f 6464 6465 6466
f 6463 6462 6467
f 6463 6467 6465
f 6465 6467 6454
f 6465 6454 6455
f 6466 6465 6455
f 6466 6455 5673
f 6462 6452 6467
f 6467 6452 6454
f 6460 6468 6469
f 6460 6469 6461
f 6468 6470 6469
f 6469 6470 6462
f 6461 6469 6462
f 5669 6450 6471
f 5669 6471 5791
f 6450 6452 6471
f 6471 6452 6472
f 5791 6471 6472
f 5791 6472 5793
f 5796 5795 6473
f 5795 5793 6472
f 5795 6472 6473
f 6473 6472 6452
f 6468 6474 6475
f 6468 6475 6470
f 6475 6476 6462
f 6470 6475 6462
f 6462 6476 6452
f 6476 6477 6478
f 6476 6478 5796
f 6476 5796 6473
f 6452 6476 6473
f 6474 6479 6475
f 6479 6480 6481
f 6479 6481 6475
f 6475 6481 6477
f 6475 6477 6476
f 6482 6483 6484
f 6482 6484 6485
f 6483 6486 6484
f 6484 6486 6487
f 6485 6484 6487
f 6485 6487 6488
f 6480 6489 6490
f 6480 6490 6481
f 6489 6488 6487
f 6489 6487 6490
f 6481 6490 6487
f 6481 6487 6477
f 5796 6478 6491
f 5796 6491 6492
f 6478 6477 6487
f 6478 6487 6491
f 6491 6487 6486
f 6492 6491 6486
f 5796 6492 6493
f 5796 6493 6494
f 6492 6486 6493
f 6493 6486 6495
f 6494 6493 6495
f 6494 6495 6496
f 6497 6498 6499
f 6497 6499 6500
f 6498 6496 6495
f 6498 6495 6499
f 6500 6499 6495
f 6500 6495 6501
f 6482 6502 6483
f 6502 6501 6495
f 6502 6495 6486
f 6483 6502 6486
f 5673 5676 6503
f 5673 6503 6466
f 5676 5680 6504
f 5676 6504 6503
f 6503 6504 6505
f 6503 6505 6506
f 6466 6503 6506
f 6466 6506 6464
f 6464 6506 6507
f 6464 6507 6459
f 6506 6505 6508
f 6506 6508 6507
f 6507 6508 6509
f 6507 6509 6510
f 6459 6507 6510
f 6459 6510 6456
f 6505 6511 6512
f 6505 6512 6508
f 6511 6513 6514
f 6511 6514 6512
f 6512 6514 6515
f 6512 6515 6516
f 6508 6512 6516
f 6508 6516 6509
f 5680 5681 6511
f 5680 6511 6504
f 5681 5684 6513
f 5681 6513 6511
f 6504 6511 6505
f 6517 6518 6519
f 6517 6519 6520
f 6518 6521 6522
f 6518 6522 6519
f 6519 6522 6523
f 6519 6523 6524
f 6520 6519 6524
f 6520 6524 6525
f 6525 6524 6526
f 6525 6526 6527
f 6524 6523 6528
f 6524 6528 6526
f 6526 6528 6529
f 6527 6526 6529
f 6272 6530 6531
f 6272 6531 6273
f 6530 6497 6500
f 6530 6500 6531
f 6531 6500 6501
f 6531 6501 6532
f 6273 6531 6532
f 6273 6532 6275
f 6533 6534 6535
f 6533 6535 6536
f 6534 6537 6538
f 6534 6538 6535
f 6535 6538 6539
f 6535 6539 6540
f 6536 6535 6540
f 6536 6540 6541
f 6275 6532 6502
f 6275 6502 6482
f 6501 6502 6532
f 6542 6543 6544
f 6542 6544 6545
f 6543 6546 6547
f 6543 6547 6544
f 6544 6547 6548
f 6544 6548 6549
f 6545 6544 6549
f 6545 6549 6550
f 6551 6552 6553
f 6551 6553 6554
f 6552 6555 6556
f 6552 6556 6553
f 6553 6556 6557
f 6554 6553 6557
f 6554 6557 6558
f 6559 6560 6561
f 6559 6562 6560
f 6560 6562 6563
f 6560 6563 6564
f 6561 6560 6564
f 6561 6564 6565
f 6566 6567 6568
f 6566 6568 6569
f 6567 6570 6571
f 6567 6571 6568
f 6568 6571 6555
f 6568 6555 6552
f 6569 6568 6552
f 6569 6552 6551
f 6572 6573 6574
f 6572 6574 6575
f 6573 6576 6577
f 6573 6577 6574
f 6574 6577 6578
f 6574 6578 6579
f 6575 6574 6579
f 6575 6579 6580
f 6581 6582 6583
f 6581 6583 6584
f 6582 6585 6583
f 6583 6585 6586
f 6583 6586 6587
f 6584 6583 6587
f 6584 6587 6588
f 6589 6590 6591
f 6589 6591 6592
f 6590 6593 6594
f 6590 6594 6591
f 6591 6594 6595
f 6591 6595 6596
f 6592 6591 6596
f 6592 6596 6597
f 6598 6599 6600
f 6598 6600 6601
f 6599 6602 6600
f 6600 6602 6603
f 6600 6603 6604
f 6601 6600 6604
f 6601 6604 6605
f 6385 6606 6386
f 6606 6607 6386
f 6386 6607 6608
f 6386 6608 6389
f 5699 6399 6609
f 5699 6609 6610
f 6399 6389 6608
f 6399 6608 6609
f 6609 6608 6611
f 6610 6609 6611
f 6610 6611 6612
f 6613 6614 6608
f 6613 6608 6615
f 6614 6612 6611
f 6614 6611 6608
f 6615 6608 6607
f 6615 6607 6606
f 5684 5689 6513
f 5689 5693 6616
f 5689 6616 6617
f 6513 5689 6617
f 6513 6617 6618
f 6513 6618 6514
f 6617 6616 6619
f 6617 6619 6618
f 6618 6619 6620
f 6618 6620 6621
f 6514 6618 6621
f 6514 6621 6515
f 6616 6622 6623
f 6616 6623 6619
f 6622 6612 6614
f 6622 6614 6623
f 6623 6614 6613
f 6623 6613 6624
f 6619 6623 6624
f 6619 6624 6620
f 5693 5695 6625
f 5695 5699 6610
f 5695 6610 6625
f 6625 6610 6612
f 6625 6612 6622
f 5693 6625 6622
f 5693 6622 6616
f 6626 6627 6628
f 6626 6629 6630
f 6626 6630 6627
f 6627 6630 6631
f 6627 6631 6632
f 6628 6627 6632
f 6628 6632 6633
f 6634 6635 6636
f 6634 6636 6637
f 6635 6638 6639
f 6635 6639 6636
f 6636 6639 6640
f 6637 6636 6640
f 6643 6641 6642
f 6550 6549 6644
f 6550 6644 6645
f 6549 6548 6646
f 6549 6646 6644
f 6644 6646 6638
f 6644 6638 6635
f 6645 6644 6635
f 6645 6635 6634
f 6648 6650 6649
f 6649 6651 6652
f 6652 6651 6653
f 6651 6655 6656
f 6651 6656 6653
f 6655 6657 6658
f 6655 6658 6656
f 6656 6658 6659
f 6656 6659 6660
f 6653 6656 6660
f 6653 6660 6654
f 6650 6661 6649
f 6650 6662 6663
f 6650 6663 6661
f 6661 6663 6657
f 6661 6657 6655
f 6649 6661 6655
f 6649 6655 6651
f 6664 6665 6666
f 6664 6666 6667
f 6665 6668 6669
f 6665 6669 6666
f 6666 6669 6670
f 6666 6670 6671
f 6667 6666 6671
f 6667 6671 6672
f 6672 6671 6673
f 6672 6673 6674
f 6671 6670 6675
f 6671 6675 6673
f 6673 6675 6676
f 6673 6676 6677
f 6674 6673 6677
f 6674 6677 6678
f 6670 6679 6680
f 6670 6680 6675
f 6679 6681 6682
f 6679 6682 6680
f 6680 6682 6683
f 6680 6683 6684
f 6675 6680 6684
f 6675 6684 6676
f 6668 6685 6686
f 6668 6686 6669
f 6685 6687 6688
f 6685 6688 6686
f 6686 6688 6681
f 6686 6681 6679
f 6669 6686 6679
f 6669 6679 6670
f 6689 6691 6690
f 6693 6694 6695
f 6692 6696 6693
f 6692 6697 6696
f 6693 6696 6698
f 6693 6698 6694
f 6691 6699 6700
f 6691 6700 6690
f 6699 6701 6702
f 6699 6702 6700
f 6700 6702 6697
f 6700 6697 6692
f 6690 6700 6692
f 6703 6705 6706
f 6703 6706 6704
f 6704 6706 6707
f 6704 6707 6708
f 6704 6708 6709
f 6709 6708 6710
f 6709 6710 6711
f 6708 6707 6712
f 6708 6712 6710
f 6710 6712 6713
f 6710 6713 6714
f 6711 6710 6714
f 6707 6715 6716
f 6707 6716 6712
f 6715 6717 6718
f 6715 6718 6716
f 6716 6718 6719
f 6716 6719 6720
f 6712 6716 6720
f 6712 6720 6713
f 6705 6721 6722
f 6705 6722 6706
f 6721 6723 6724
f 6721 6724 6722
f 6722 6724 6717
f 6722 6717 6715
f 6706 6722 6715
f 6706 6715 6707
f 6725 6727 6728
f 6725 6728 6726
f 6726 6728 6729
f 6729 6732 6733
f 6729 6733 6730
f 6732 6652 6653
f 6732 6653 6733
f 6733 6653 6654
f 6733 6654 6731
f 6730 6733 6731
f 6727 6734 6735
f 6727 6735 6728
f 6734 6648 6649
f 6734 6649 6735
f 6735 6649 6652
f 6735 6652 6732
f 6728 6735 6732
f 6728 6732 6729
f 6695 6694 6736
f 6736 6737 6738
f 6738 6739 6740
f 6738 6737 6741
f 6738 6741 6739
f 6739 6741 6668
f 6739 6668 6665
f 6740 6739 6665
f 6740 6665 6664
f 6737 6742 6743
f 6737 6743 6741
f 6742 6744 6745
f 6742 6745 6743
f 6743 6745 6687
f 6743 6687 6685
f 6741 6743 6685
f 6741 6685 6668
f 6694 6698 6746
f 6694 6746 6736
f 6746 6744 6742
f 6736 6746 6742
f 6736 6742 6737
f 6714 6713 6748
f 6714 6748 6747
f 6747 6748 6749
f 6747 6749 6750
f 6750 6749 6752
f 6750 6752 6751
f 6751 6752 6691
f 6751 6691 6689
f 6749 6753 6754
f 6749 6754 6752
f 6753 6755 6756
f 6753 6756 6754
f 6754 6756 6701
f 6754 6701 6699
f 6752 6754 6699
f 6752 6699 6691
f 6713 6720 6757
f 6713 6757 6748
f 6720 6719 6758
f 6720 6758 6757
f 6757 6758 6755
f 6757 6755 6753
f 6748 6757 6753
f 6748 6753 6749
f 6759 6760 6761
f 6761 6760 6763
f 6761 6763 6762
f 6762 6763 6705
f 6762 6705 6703
f 6760 6764 6765
f 6760 6765 6763
f 6764 6766 6767
f 6764 6767 6765
f 6765 6767 6723
f 6765 6723 6721
f 6763 6765 6721
f 6763 6721 6705
f 6731 6768 6759
f 6731 6654 6769
f 6731 6769 6768
f 6768 6769 6766
f 6768 6766 6764
f 6759 6768 6764
f 6759 6764 6760
f 6678 6677 6770
f 6678 6770 6771
f 6677 6676 6772
f 6677 6772 6770
f 6770 6772 6773
f 6770 6773 6774
f 6771 6770 6774
f 6771 6774 6775
f 6775 6774 6776
f 6775 6776 6777
f 6774 6773 6778
f 6774 6778 6776
f 6776 6778 6727
f 6776 6727 6725
f 6777 6776 6725
f 6773 6779 6780
f 6773 6780 6778
f 6779 6781 6782
f 6779 6782 6780
f 6780 6782 6648
f 6780 6648 6734
f 6778 6780 6734
f 6778 6734 6727
f 6676 6684 6783
f 6676 6783 6772
f 6684 6683 6784
f 6684 6784 6783
f 6783 6784 6781
f 6783 6781 6779
f 6772 6783 6779
f 6772 6779 6773
f 6785 6786 6787
f 6785 6787 6788
f 6788 6787 6789
f 6788 6789 6790
f 6790 6789 6791
f 6790 6791 6792
f 6792 6791 6793
f 6792 6793 6794
f 6789 6775 6777
f 6789 6777 6791
f 6791 6777 6725
f 6791 6725 6793
f 6786 6678 6771
f 6786 6771 6787
f 6787 6771 6775
f 6787 6775 6789
f 6795 6796 6797
f 6795 6797 6798
f 6797 6799 6800
f 6798 6797 6800
f 6798 6800 6801
f 6801 6802 6803
f 6801 6803 6804
f 6802 6805 6803
f 6804 6803 6806
f 6804 6806 6807
f 6799 6808 6809
f 6799 6809 6810
f 6808 6761 6762
f 6808 6762 6809
f 6809 6762 6703
f 6810 6809 6703
f 6810 6703 6811
f 6796 6759 6797
f 6796 6731 6759
f 6759 6761 6808
f 6797 6759 6808
f 6797 6808 6799
f 6812 6814 6813
f 6813 6815 6816
f 6813 6816 6817
f 6818 6819 6820
f 6818 6820 6821
f 6819 6822 6820
f 6821 6820 6823
f 6821 6823 6824
f 6825 6826 6751
f 6825 6751 6827
f 6826 6750 6751
f 6827 6751 6689
f 6827 6689 6824
f 6828 6714 6747
f 6828 6747 6829
f 6747 6750 6826
f 6829 6747 6826
f 6829 6826 6825
f 6830 6831 6832
f 6830 6832 6833
f 6833 6832 6834
f 6833 6834 6835
f 6835 6834 6836
f 6835 6836 6837
f 6837 6836 6838
f 6837 6838 6839
f 6834 6738 6740
f 6834 6740 6836
f 6836 6740 6664
f 6836 6664 6838
f 6831 6736 6832
f 6831 6695 6736
f 6736 6738 6834
f 6832 6736 6834
f 6794 6793 6840
f 6794 6840 6841
f 6841 6840 6842
f 6841 6842 6843
f 6843 6842 6844
f 6843 6844 6845
f 6845 6844 6796
f 6845 6796 6795
f 6842 6729 6844
f 6729 6730 6844
f 6844 6730 6731
f 6844 6731 6796
f 6793 6725 6726
f 6793 6726 6840
f 6840 6726 6729
f 6840 6729 6842
f 6846 6847 6848
f 6847 6849 6850
f 6847 6850 6848
f 6848 6850 6851
f 6848 6851 6852
f 6852 6853 6854
f 6852 6854 6848
f 6853 6855 6854
f 6854 6855 6856
f 6854 6856 6857
f 6848 6854 6857
f 6848 6857 6846
f 6852 6858 6711
f 6852 6711 6859
f 6858 6709 6711
f 6859 6711 6714
f 6859 6714 6828
f 6811 6703 6704
f 6811 6704 6860
f 6704 6709 6858
f 6860 6704 6858
f 6860 6858 6852
f 6824 6823 6861
f 6824 6861 6827
f 6827 6861 6862
f 6827 6862 6825
f 6863 6864 6865
f 6863 6865 6866
f 6864 6818 6865
f 6866 6865 6831
f 6866 6831 6830
f 6818 6867 6868
f 6818 6868 6865
f 6867 6692 6693
f 6867 6693 6868
f 6868 6693 6695
f 6868 6695 6831
f 6865 6868 6831
f 6824 6689 6690
f 6824 6690 6821
f 6690 6692 6867
f 6821 6690 6867
f 6821 6867 6818
f 6839 6838 6869
f 6839 6869 6870
f 6870 6869 6871
f 6870 6871 6872
f 6872 6871 6873
f 6872 6873 6874
f 6874 6873 6786
f 6874 6786 6785
f 6871 6672 6674
f 6871 6674 6873
f 6873 6674 6678
f 6873 6678 6786
f 6838 6664 6667
f 6838 6667 6869
f 6869 6667 6672
f 6869 6672 6871
f 6875 6877 6876
f 6876 6877 6878
f 6876 6878 6879
f 6879 6880 6881
f 6879 6878 6882
f 6879 6882 6880
f 6880 6882 6883
f 6880 6883 6884
f 6881 6880 6884
f 6878 6885 6882
f 6878 6886 6885
f 6885 6886 6887
f 6882 6885 6887
f 6882 6887 6883
f 6875 6888 6877
f 6888 6889 6890
f 6888 6890 6877
f 6877 6890 6878
f 6891 6892 6893
f 6891 6894 6895
f 6891 6895 6892
f 6892 6895 6896
f 6892 6896 6897
f 6893 6892 6897
f 6893 6897 6898
f 6898 6897 6899
f 6898 6899 6900
f 6897 6896 6901
f 6897 6901 6899
f 6899 6901 6902
f 6899 6902 6903
f 6900 6899 6903
f 6896 6904 6905
f 6896 6905 6901
f 6904 6906 6907
f 6904 6907 6905
f 6905 6907 6908
f 6905 6908 6909
f 6901 6905 6909
f 6901 6909 6902
f 6894 6910 6911
f 6894 6911 6895
f 6910 6613 6912
f 6910 6912 6911
f 6911 6912 6906
f 6911 6906 6904
f 6895 6911 6904
f 6895 6904 6896
f 6659 6913 6914
f 6659 6914 6915
f 6913 6916 6917
f 6913 6917 6914
f 6914 6917 6918
f 6914 6918 6919
f 6915 6914 6919
f 6915 6919 6920
f 6920 6919 6921
f 6920 6921 6922
f 6919 6918 6923
f 6919 6923 6921
f 6921 6923 6924
f 6921 6924 6925
f 6922 6921 6925
f 6922 6925 6926
f 6918 6927 6928
f 6918 6928 6923
f 6927 6509 6516
f 6927 6516 6928
f 6928 6516 6515
f 6923 6928 6515
f 6923 6515 6924
f 6916 6929 6930
f 6916 6930 6917
f 6509 6927 6930
f 6509 6930 6929
f 6918 6917 6930
f 6918 6930 6927
f 6931 6932 6933
f 6931 6933 6934
f 6932 6935 6936
f 6932 6936 6933
f 6933 6936 6937
f 6933 6937 6938
f 6934 6933 6938
f 6934 6938 6939
f 6939 6938 6940
f 6939 6940 6941
f 6938 6937 6942
f 6938 6942 6940
f 6940 6942 6943
f 6940 6943 6944
f 6941 6940 6944
f 6941 6944 6662
f 6937 6945 6946
f 6937 6946 6942
f 6945 6947 6948
f 6945 6948 6946
f 6946 6948 6949
f 6946 6949 6950
f 6942 6946 6950
f 6942 6950 6943
f 6935 6951 6952
f 6935 6952 6936
f 6951 6953 6954
f 6951 6954 6952
f 6952 6954 6947
f 6952 6947 6945
f 6936 6952 6945
f 6936 6945 6937
f 6884 6883 6956
f 6884 6956 6955
f 6955 6956 6957
f 6955 6957 6958
f 6958 6957 6960
f 6958 6960 6959
f 6959 6960 6935
f 6959 6935 6932
f 6959 6932 6931
f 6957 6961 6962
f 6957 6962 6960
f 6961 6963 6964
f 6961 6964 6962
f 6962 6964 6953
f 6962 6953 6951
f 6960 6962 6951
f 6960 6951 6935
f 6883 6887 6965
f 6883 6965 6956
f 6887 6966 6965
f 6965 6966 6963
f 6965 6963 6961
f 6956 6965 6961
f 6956 6961 6957
f 6903 6902 6968
f 6903 6968 6967
f 6967 6968 6969
f 6969 6971 6972
f 6969 6972 6970
f 6971 6973 6974
f 6971 6974 6972
f 6972 6974 6889
f 6972 6889 6888
f 6970 6972 6888
f 6970 6888 6875
f 6902 6909 6975
f 6902 6975 6968
f 6909 6908 6976
f 6909 6976 6975
f 6975 6976 6973
f 6975 6973 6971
f 6968 6975 6971
f 6968 6971 6969
f 6926 6925 6977
f 6926 6977 6978
f 6925 6924 6979
f 6925 6979 6977
f 6977 6979 6980
f 6977 6980 6981
f 6978 6977 6981
f 6981 6980 6983
f 6981 6983 6982
f 6982 6983 6894
f 6982 6894 6891
f 6980 6984 6985
f 6980 6985 6983
f 6984 6620 6624
f 6984 6624 6985
f 6985 6624 6613
f 6985 6613 6910
f 6983 6985 6910
f 6983 6910 6894
f 6924 6515 6986
f 6924 6986 6979
f 6515 6621 6986
f 6986 6621 6620
f 6986 6620 6984
f 6979 6986 6984
f 6979 6984 6980
f 6746 6987 6744
f 6744 6987 6988
f 6744 6988 6745
f 6987 6989 6988
f 6988 6989 6990
f 6988 6990 6991
f 6745 6988 6991
f 6745 6991 6687
f 6987 6879 6881
f 6987 6881 6989
f 6989 6881 6884
f 6989 6884 6990
f 6698 6876 6746
f 6698 6875 6876
f 6876 6879 6987
f 6746 6876 6987
f 6719 6992 6993
f 6719 6993 6758
f 6758 6993 6994
f 6758 6994 6755
f 6755 6994 6995
f 6755 6995 6756
f 6756 6995 6996
f 6756 6996 6701
f 6994 6898 6900
f 6994 6900 6995
f 6995 6900 6903
f 6995 6903 6996
f 6992 6997 6998
f 6992 6998 6993
f 6997 6891 6893
f 6997 6893 6998
f 6998 6893 6898
f 6998 6898 6994
f 6993 6998 6994
f 6654 6999 6769
f 6654 7000 6999
f 6999 7000 7001
f 6999 7001 7002
f 6769 6999 7002
f 6769 7002 6766
f 6766 7002 7003
f 6766 7003 6767
f 7002 7001 7004
f 7002 7004 7003
f 7003 7004 7005
f 7003 7005 7006
f 6767 7003 7006
f 6767 7006 6723
f 7001 7007 7008
f 7001 7008 7004
f 7007 6920 6922
f 7007 6922 7008
f 7008 6922 6926
f 7008 6926 7009
f 7004 7008 7009
f 7004 7009 7005
f 6654 6660 7010
f 6654 7010 7000
f 6660 6659 6915
f 6660 6915 7010
f 7010 6915 6920
f 7010 6920 7007
f 7000 7010 7007
f 7000 7007 7001
f 6683 7011 7012
f 6683 7012 6784
f 7011 7013 7012
f 6784 7012 7014
f 6784 7014 6781
f 6781 7014 7015
f 6781 7015 6782
f 7015 6650 6648
f 6782 7015 6648
f 7014 6939 6941
f 7014 6941 7015
f 7015 6941 6662
f 7015 6662 6650
f 7013 6931 6934
f 7013 6934 7012
f 6934 6939 7014
f 7012 6934 7014
f 6687 6991 7016
f 6687 7016 6688
f 6991 6990 7017
f 6991 7017 7016
f 7016 7017 7018
f 7016 7018 7019
f 6688 7016 7019
f 6688 7019 6681
f 6681 7019 7020
f 6681 7020 6682
f 7019 7018 7021
f 7019 7021 7020
f 7020 7021 7013
f 7020 7013 7011
f 6682 7020 7011
f 6682 7011 6683
f 7018 6958 6959
f 7018 6959 7021
f 7021 6959 6931
f 7021 6931 7013
f 6990 6884 6955
f 6990 6955 7017
f 7017 6955 6958
f 7017 6958 7018
f 6701 6996 7022
f 6701 7022 6702
f 6702 7022 7023
f 6702 7023 6697
f 6697 7023 6696
f 7023 6969 7024
f 7023 7024 6696
f 6969 6970 7024
f 7024 6970 6875
f 7024 6875 6698
f 6696 7024 6698
f 6996 6967 7022
f 6996 6903 6967
f 7022 6967 6969
f 7022 6969 7023
f 6723 7006 7025
f 6723 7025 6724
f 7006 7005 7026
f 7006 7026 7025
f 7025 7026 7027
f 7025 7027 7028
f 6724 7025 7028
f 6724 7028 6717
f 6717 7028 7029
f 6717 7029 6718
f 7028 7027 7029
f 6718 7029 6992
f 6718 6992 6719
f 7027 6981 7030
f 7027 7030 7029
f 6981 6982 7030
f 7030 6982 6891
f 7030 6891 6997
f 7029 7030 6997
f 7029 6997 6992
f 7005 7009 7031
f 7005 7031 7026
f 7009 6926 6978
f 7009 6978 7031
f 7031 6978 6981
f 7026 7031 6981
f 7026 6981 7027
f 7135 7032 7033
f 7135 7033 7034
f 7034 7033 7035
f 7034 7035 7036
f 7033 7037 7035
f 7035 7037 6488
f 7035 6488 6489
f 7036 7035 6489
f 7036 6489 6480
f 7033 7038 7039
f 7033 7039 7037
f 7038 7040 7041
f 7038 7041 7039
f 7039 7041 6482
f 7039 6482 6485
f 7037 7039 6485
f 7037 6485 6488
f 7042 6303 7040
f 7042 7040 7038
f 7032 7042 7038
f 7032 7038 7033
f 7043 7045 7046
f 7043 7046 7044
f 7044 7046 7047
f 7048 7032 7135
f 7047 7049 7050
f 7047 7050 7048
f 7049 6305 6303
f 7049 6303 7050
f 7050 6303 7042
f 7048 7050 7042
f 7048 7042 7032
f 7045 7051 7052
f 7045 7052 7046
f 7051 6280 7053
f 7051 7053 7052
f 7052 7053 6305
f 7052 6305 7049
f 7046 7052 7049
f 7046 7049 7047
f 7054 7056 7057
f 7054 7057 7055
f 7055 7057 7058
f 7055 7058 7059
f 7055 7059 7060
f 7060 7059 7061
f 7060 7061 7062
f 7059 7058 7063
f 7059 7063 7061
f 7061 7063 7064
f 7061 7064 7065
f 7062 7061 7065
f 7062 7065 7066
f 7058 7067 7068
f 7058 7068 7063
f 7067 6312 6311
f 7067 6311 7068
f 7068 6311 6310
f 7068 6310 7069
f 7063 7068 7069
f 7063 7069 7064
f 7056 7070 7071
f 7056 7071 7057
f 7070 7072 7073
f 7070 7073 7071
f 7071 7073 6312
f 7071 6312 7067
f 7057 7071 7067
f 7057 7067 7058
f 7066 7065 7074
f 7066 7074 7075
f 7065 7064 7076
f 7065 7076 7074
f 7074 7076 7077
f 7074 7077 7078
f 7075 7074 7078
f 7075 7078 7079
f 7079 7078 7080
f 7079 7080 7081
f 7078 7077 7082
f 7078 7082 7080
f 7080 7082 7045
f 7080 7045 7043
f 7081 7080 7043
f 7077 7083 7084
f 7077 7084 7082
f 7083 6282 6281
f 7083 6281 7084
f 7084 6281 6280
f 7084 6280 7051
f 7082 7084 7051
f 7082 7051 7045
f 7064 7069 7085
f 7064 7085 7076
f 7069 6310 7086
f 7069 7086 7085
f 7085 7086 6282
f 7085 6282 7083
f 7076 7085 7083
f 7076 7083 7077
f 6889 7087 7088
f 6889 7088 6890
f 7087 7089 7090
f 7087 7090 7088
f 7088 7090 7091
f 6890 7088 7091
f 6890 7091 6878
f 6878 7091 6886
f 6886 7092 6887
f 7089 7093 7090
f 7093 7094 7095
f 7093 7095 7090
f 7090 7095 7096
f 7090 7096 7091
f 7091 7096 7097
f 7091 7097 6886
f 6886 7097 7092
f 7096 7079 7081
f 7096 7081 7097
f 7097 7081 7043
f 7097 7043 7092
f 7094 7066 7075
f 7094 7075 7095
f 7095 7075 7079
f 7095 7079 7096
f 6949 7098 7099
f 6949 7099 7100
f 7098 7101 7099
f 7099 7101 7102
f 7099 7102 7103
f 7100 7099 7103
f 7100 7103 7104
f 7104 7103 7105
f 7104 7105 7106
f 7103 7102 7107
f 7103 7107 7105
f 7105 7107 6460
f 7105 6460 6457
f 7106 7105 6457
f 7106 6457 6456
f 7102 7108 7107
f 7107 6468 6460
f 7098 7109 7101
f 7101 7108 7102
f 6908 7110 7111
f 6908 7111 6976
f 7110 7112 7113
f 7110 7113 7111
f 7111 7113 7114
f 7111 7114 7115
f 6976 7111 7115
f 6976 7115 6973
f 6973 7115 7116
f 6973 7116 6974
f 7115 7114 7117
f 7115 7117 7116
f 7116 7117 7089
f 7116 7089 7087
f 6974 7116 7087
f 6974 7087 6889
f 7114 7118 7119
f 7114 7119 7117
f 7118 7120 7119
f 7117 7119 7093
f 7117 7093 7089
f 7112 7121 7122
f 7112 7122 7113
f 7121 7123 7124
f 7121 7124 7122
f 7122 7124 7120
f 7122 7120 7118
f 7113 7122 7118
f 7113 7118 7114
f 7123 7125 7124
f 7124 7125 7126
f 7124 7126 7120
f 7120 7126 7119
f 7126 7127 7119
f 7119 7127 7094
f 7119 7094 7093
f 7126 7060 7062
f 7126 7062 7127
f 7127 7062 7066
f 7127 7066 7094
f 7123 7054 7055
f 7123 7055 7125
f 7055 7060 7126
f 7125 7055 7126
f 6887 7092 7128
f 6887 7128 6966
f 6966 7128 7129
f 6966 7129 6963
f 6963 7129 7130
f 6963 7130 6964
f 6964 7130 7131
f 6964 7131 6953
f 7130 7132 7131
f 7092 7133 7128
f 7128 7133 7134
f 7128 7134 7129
f 7129 7134 7130
f 7130 7135 7132
f 7134 7047 7048
f 7134 7048 7130
f 7130 7048 7135
f 7092 7043 7044
f 7092 7044 7133
f 7133 7044 7047
f 7133 7047 7134
f 6953 7131 7136
f 6953 7136 6954
f 6954 7136 7137
f 6954 7137 6947
f 6947 7137 7098
f 6947 7098 6948
f 7137 7138 7098
f 6948 7098 6949
f 7137 7139 7138
f 7138 7139 7109
f 7138 7109 7098
f 7131 7132 7136
f 7132 7135 7136
f 7136 7140 7137
f 7137 7140 7141
f 7137 7141 7139
f 7139 7141 7142
f 7139 7142 7109
f 7140 7143 7141
f 7140 7034 7036
f 7140 7036 7143
f 7143 7036 6480
f 7143 6480 7144
f 7141 7143 7144
f 7141 7144 7142
f 7136 7135 7034
f 7136 7034 7140
f 6662 6944 7145
f 6662 7145 6663
f 6944 6943 7146
f 6944 7146 7145
f 7145 7146 7147
f 7145 7147 7148
f 6663 7145 7148
f 6663 7148 6657
f 6657 7148 7149
f 6657 7149 6658
f 7148 7147 7150
f 7148 7150 7149
f 7149 7150 6916
f 7149 6916 6913
f 6658 7149 6913
f 6658 6913 6659
f 7147 7151 7152
f 7147 7152 7150
f 7151 7104 7106
f 7151 7106 7152
f 7152 7106 6456
f 7152 6456 7153
f 7150 7152 7153
f 7150 7153 6916
f 6943 6950 7154
f 6943 7154 7146
f 6950 6949 7100
f 6950 7100 7154
f 7154 7100 7104
f 7154 7104 7151
f 7146 7154 7151
f 7146 7151 7147
f 7108 7101 7109
f 7108 7109 7142
f 6468 7107 7155
f 6468 7155 6474
f 7108 7155 7107
f 6647 7156 7157
f 7156 7158 7159
f 7158 6790 6792
f 7158 6792 7159
f 7159 6792 6794
f 7159 6794 7160
f 7156 7159 7160
f 7156 7160 7157
f 7156 7161 7162
f 7161 6785 6788
f 7161 6788 7162
f 7162 6788 6790
f 7162 6790 7158
f 7156 7162 7158
f 6647 7157 7163
f 7157 7164 7165
f 7157 7165 7163
f 7164 6843 6845
f 7164 6845 7165
f 7165 6845 6795
f 7165 6795 7166
f 7163 7165 7166
f 7157 7160 7167
f 7160 6794 6841
f 7160 6841 7167
f 7167 6841 6843
f 7167 6843 7164
f 7157 7167 7164
f 6647 7163 7169
f 7163 6804 6807
f 7163 6807 7169
f 7163 7166 7168
f 7166 6795 6798
f 7166 6798 7168
f 7168 6798 6801
f 7168 6801 6804
f 7163 7168 6804
f 7169 7170 6812
f 7169 6807 7170
f 6807 7171 7170
f 7170 7171 6846
f 7169 6812 6813
f 7169 6813 6817
f 7169 6817 7172
f 6647 7169 7173
f 7169 7174 7175
f 7169 7175 7173
f 7174 6863 6866
f 7174 6866 7175
f 7175 6866 6830
f 7175 6830 7176
f 7173 7175 7176
f 7169 7177 6863
f 7169 6863 7174
f 6647 7178 7179
f 7178 7180 7181
f 7180 6835 6837
f 7180 6837 7181
f 7181 6837 6839
f 7181 6839 7182
f 7178 7181 7182
f 7178 7182 7179
f 7173 7176 7183
f 7173 7183 6647
f 7176 6830 6833
f 7176 6833 7183
f 7183 6833 6835
f 7183 6835 7180
f 6647 7183 7180
f 6647 7180 7178
f 6647 7179 7156
f 7179 7184 7185
f 7184 6872 6874
f 7184 6874 7185
f 7185 6874 6785
f 7185 6785 7161
f 7179 7185 7161
f 7179 7161 7156
f 7179 7182 7186
f 7182 6839 6870
f 7182 6870 7186
f 7186 6870 6872
f 7186 6872 7184
f 7179 7186 7184
f 7123 7187 7188
f 7187 7189 7190
f 7187 7190 7188
f 7188 7190 7191
f 7123 7188 7054
f 7188 7191 6641
f 7191 7192 6642
f 7191 6642 6641
f 7192 6286 7193
f 7192 7193 6642
f 6642 7193 6287
f 7189 7194 7195
f 7189 7195 7190
f 7194 6284 6286
f 7194 6286 7195
f 7195 6286 7192
f 7190 7195 7192
f 7190 7192 7191
f 6908 6907 7196
f 6908 7196 7110
f 6907 6906 7197
f 6907 7197 7196
f 7196 7197 7198
f 7196 7198 7199
f 7110 7196 7199
f 7110 7199 7112
f 7112 7199 7200
f 7112 7200 7121
f 7199 7198 7201
f 7199 7201 7200
f 7200 7201 7189
f 7200 7189 7187
f 7121 7200 7187
f 7121 7187 7123
f 7198 7202 7203
f 7198 7203 7201
f 7202 7204 7205
f 7202 7205 7203
f 7203 7205 6284
f 7203 6284 7194
f 7201 7203 7194
f 7201 7194 7189
f 6906 6912 7206
f 6906 7206 7197
f 6912 6613 7207
f 6912 7207 7206
f 7206 7207 7204
f 7206 7204 7202
f 7197 7206 7202
f 7197 7202 7198
f 7054 7188 7208
f 7188 6641 7208
f 7208 6641 6643
f 7208 6643 7209
f 7054 7208 7209
f 7054 7209 7056
f 7056 7209 7070
f 7209 6643 7210
f 7209 7210 7070
f 7070 7210 7211
f 7070 7211 7072
f 6293 7211 7210
f 6285 7212 7213
f 7212 6291 6288
f 7212 6288 7213
f 7213 6288 6287
f 7213 6287 7193
f 6285 7213 7193
f 6285 7193 6286
f 6293 7214 7211
f 6314 7215 7214
f 7211 7214 7215
f 6275 6482 7041
f 6275 7041 7040
f 7624 7627 7216
f 6408 7220 7218
f 6408 7218 6445
f 7220 7219 7218
f 6341 6445 7218
f 6341 7218 7221
f 7221 7218 7217
f 7222 7223 7224
f 7222 7224 7225
f 7223 7226 7227
f 7223 7227 7224
f 7224 7227 7228
f 7224 7228 7229
f 7225 7224 7229
f 7225 7229 7230
f 7230 7229 7231
f 7230 7231 7232
f 7229 7228 7233
f 7229 7233 7231
f 7231 7233 7234
f 7231 7234 7235
f 7232 7231 7235
f 7232 7235 7236
f 7228 7237 7238
f 7228 7238 7233
f 7237 7239 7240
f 7237 7240 7238
f 7238 7240 7241
f 7238 7241 7242
f 7233 7238 7242
f 7233 7242 7234
f 7226 7243 7244
f 7226 7244 7227
f 7243 7245 7246
f 7243 7246 7244
f 7244 7246 7239
f 7244 7239 7237
f 7227 7244 7237
f 7227 7237 7228
f 7247 7249 7248
f 7251 7252 7253
f 7250 7254 7251
f 7250 7255 7254
f 7254 7256 7257
f 7251 7254 7257
f 7251 7257 7252
f 7249 7258 7259
f 7249 7259 7248
f 7258 7260 7259
f 7259 7255 7250
f 7248 7259 7250
f 7261 7263 7264
f 7261 7264 7262
f 7262 7264 7265
f 7262 7265 7266
f 7266 7265 7268
f 7266 7268 7267
f 7267 7268 7269
f 7267 7269 7270
f 7265 7271 7272
f 7265 7272 7268
f 7271 7273 7274
f 7271 7274 7272
f 7272 7274 7275
f 7272 7275 7276
f 7268 7272 7276
f 7268 7276 7269
f 7263 7277 7278
f 7263 7278 7264
f 7277 7279 7280
f 7277 7280 7278
f 7278 7280 7273
f 7278 7273 7271
f 7264 7278 7271
f 7264 7271 7265
f 7281 7283 7282
f 7282 7284 7285
f 7285 7284 7286
f 7284 7288 7286
f 7284 7289 7290
f 7284 7290 7288
f 7288 7290 7291
f 7288 7291 7292
f 7286 7288 7292
f 7286 7292 7287
f 7283 7293 7294
f 7283 7294 7282
f 7293 7295 7294
f 7294 7289 7284
f 7282 7294 7284
f 7253 7296 7297
f 7253 7252 7298
f 7253 7298 7296
f 7296 7298 7299
f 7296 7299 7300
f 7297 7296 7300
f 7297 7300 7301
f 7301 7300 7302
f 7301 7302 7303
f 7300 7299 7304
f 7300 7304 7302
f 7302 7304 7226
f 7302 7226 7223
f 7303 7302 7223
f 7303 7223 7222
f 7299 7305 7306
f 7299 7306 7304
f 7305 7307 7308
f 7305 7308 7306
f 7306 7308 7245
f 7306 7245 7243
f 7304 7306 7243
f 7304 7243 7226
f 7252 7257 7309
f 7252 7309 7298
f 7257 7256 7310
f 7257 7310 7309
f 7309 7310 7307
f 7309 7307 7305
f 7298 7309 7305
f 7298 7305 7299
f 7270 7269 7312
f 7270 7312 7311
f 7311 7312 7313
f 7311 7313 7314
f 7314 7313 7316
f 7314 7316 7315
f 7315 7316 7249
f 7315 7249 7247
f 7313 7317 7318
f 7313 7318 7316
f 7317 7319 7320
f 7317 7320 7318
f 7318 7320 7260
f 7318 7260 7258
f 7316 7318 7258
f 7316 7258 7249
f 7269 7276 7321
f 7269 7321 7312
f 7276 7275 7322
f 7276 7322 7321
f 7321 7322 7319
f 7321 7319 7317
f 7312 7321 7317
f 7312 7317 7313
f 7287 7324 7323
f 7323 7324 7325
f 7323 7325 7326
f 7326 7325 7328
f 7326 7328 7327
f 7327 7328 7263
f 7327 7263 7261
f 7325 7329 7330
f 7325 7330 7328
f 7329 7331 7332
f 7329 7332 7330
f 7330 7332 7279
f 7330 7279 7277
f 7328 7330 7277
f 7328 7277 7263
f 7287 7292 7333
f 7287 7333 7324
f 7292 7291 7334
f 7292 7334 7333
f 7333 7334 7331
f 7333 7331 7329
f 7324 7333 7329
f 7324 7329 7325
f 7236 7235 7335
f 7235 7234 7336
f 7235 7336 7335
f 7335 7336 7337
f 7335 7337 7338
f 7338 7337 7340
f 7338 7340 7339
f 7339 7340 7283
f 7339 7283 7281
f 7337 7341 7342
f 7337 7342 7340
f 7341 7343 7344
f 7341 7344 7342
f 7342 7344 7295
f 7342 7295 7293
f 7340 7342 7293
f 7340 7293 7283
f 7234 7242 7345
f 7234 7345 7336
f 7242 7241 7346
f 7242 7346 7345
f 7345 7346 7343
f 7345 7343 7341
f 7336 7345 7341
f 7336 7341 7337
f 7347 7349 7350
f 7347 7350 7348
f 7348 7350 7351
f 7348 7351 7352
f 7352 7351 7354
f 7352 7354 7353
f 7353 7354 7355
f 7353 7355 7356
f 7353 7356 7357
f 7351 7358 7354
f 7351 7338 7339
f 7351 7339 7358
f 7358 7339 7281
f 7354 7358 7281
f 7354 7281 7355
f 7349 7236 7335
f 7349 7335 7350
f 7335 7338 7351
f 7350 7335 7351
f 7359 7360 7361
f 7360 7362 7361
f 7361 7363 7364
f 7359 7361 7364
f 7359 7364 7365
f 7366 7367 7368
f 7366 7368 7369
f 7367 7370 7371
f 7367 7371 7368
f 7368 7371 7372
f 7368 7372 7373
f 7369 7368 7373
f 7369 7373 7363
f 7363 7374 7327
f 7363 7327 7369
f 7374 7326 7327
f 7369 7327 7261
f 7369 7261 7366
f 7362 7287 7323
f 7362 7323 7361
f 7323 7326 7374
f 7361 7323 7374
f 7361 7374 7363
f 7375 7376 7377
f 7375 7377 7378
f 7376 7379 7380
f 7376 7380 7377
f 7377 7380 7381
f 7378 7377 7381
f 7378 7381 7382
f 7383 7385 7384
f 7384 7386 7387
f 7384 7387 7388
f 7389 7314 7390
f 7389 7390 7391
f 7314 7315 7390
f 7390 7315 7247
f 7391 7390 7247
f 7391 7247 7392
f 7375 7270 7311
f 7375 7311 7393
f 7393 7311 7314
f 7393 7314 7389
f 7394 7395 7396
f 7394 7396 7397
f 7395 7398 7399
f 7395 7399 7396
f 7396 7399 7400
f 7396 7400 7401
f 7397 7396 7401
f 7397 7401 7402
f 7402 7401 7403
f 7402 7403 7404
f 7401 7400 7405
f 7401 7405 7403
f 7403 7405 7406
f 7403 7406 7407
f 7404 7403 7407
f 7404 7407 7408
f 7400 7303 7405
f 7400 7301 7303
f 7303 7222 7406
f 7405 7303 7406
f 7398 7253 7297
f 7398 7297 7399
f 7399 7297 7301
f 7399 7301 7400
f 7357 7356 7409
f 7357 7409 7410
f 7356 7355 7411
f 7356 7411 7409
f 7409 7411 7412
f 7409 7412 7413
f 7410 7409 7413
f 7410 7413 7414
f 7414 7413 7415
f 7414 7415 7416
f 7413 7412 7417
f 7413 7417 7415
f 7415 7417 7362
f 7415 7362 7360
f 7416 7415 7360
f 7416 7360 7359
f 7412 7285 7418
f 7412 7418 7417
f 7285 7286 7418
f 7418 7286 7287
f 7417 7418 7287
f 7417 7287 7362
f 7355 7281 7419
f 7355 7419 7411
f 7281 7282 7419
f 7419 7282 7285
f 7411 7419 7285
f 7411 7285 7412
f 7365 7420 7421
f 7365 7421 7422
f 7420 7423 7424
f 7420 7424 7421
f 7421 7424 7425
f 7422 7421 7425
f 7422 7425 7624
f 7426 7427 7428
f 7426 7428 7429
f 7427 7430 7431
f 7427 7431 7428
f 7428 7431 7432
f 7429 7428 7432
f 7429 7432 7627
f 7382 7266 7433
f 7382 7433 7378
f 7266 7267 7433
f 7433 7267 7270
f 7378 7433 7270
f 7378 7270 7375
f 7366 7261 7434
f 7366 7434 7435
f 7261 7262 7434
f 7434 7262 7266
f 7435 7434 7266
f 7435 7266 7382
f 7436 7437 7438
f 7436 7438 7439
f 7437 7440 7438
f 7439 7438 7441
f 7439 7441 7392
f 7388 7442 7443
f 7442 7436 7444
f 7442 7444 7398
f 7442 7398 7395
f 7443 7442 7395
f 7443 7395 7394
f 7436 7445 7446
f 7436 7446 7444
f 7445 7250 7251
f 7445 7251 7446
f 7446 7251 7253
f 7446 7253 7398
f 7444 7446 7398
f 7392 7247 7447
f 7392 7447 7439
f 7247 7248 7447
f 7447 7248 7250
f 7447 7250 7445
f 7439 7447 7445
f 7439 7445 7436
f 7408 7407 7448
f 7408 7448 7449
f 7407 7406 7450
f 7407 7450 7448
f 7448 7450 7451
f 7448 7451 7452
f 7449 7448 7452
f 7449 7452 7453
f 7453 7452 7454
f 7452 7451 7455
f 7452 7455 7454
f 7454 7455 7349
f 7454 7349 7347
f 7451 7230 7232
f 7451 7232 7455
f 7455 7232 7236
f 7455 7236 7349
f 7406 7225 7450
f 7406 7222 7225
f 7450 7225 7230
f 7450 7230 7451
f 7456 7457 7458
f 7456 7458 7459
f 7457 7460 7458
f 7458 7460 7461
f 7459 7458 7461
f 7459 7461 7462
f 7464 7465 7466
f 7467 7468 7469
f 7467 7469 7470
f 7468 7471 7472
f 7468 7472 7469
f 7469 7472 7473
f 7469 7473 7474
f 7470 7469 7474
f 7470 7474 7475
f 7457 7476 7477
f 7457 7477 7460
f 7476 6328 6327
f 7476 6327 7477
f 7477 6327 6326
f 7477 6326 7478
f 7460 7477 7478
f 7460 7478 7461
f 6356 7479 7480
f 6356 7480 6370
f 7479 7481 7482
f 7479 7482 7480
f 6370 7480 6365
f 6367 6366 7483
f 6367 7483 7484
f 6366 6365 7480
f 6366 7480 7483
f 7483 7480 7482
f 7483 7482 7485
f 7484 7483 7485
f 7484 7485 7486
f 7487 7488 7485
f 7488 7486 7485
f 7487 7485 7482
f 7487 7482 7481
f 7489 7490 7491
f 7489 7491 7492
f 7490 7493 7494
f 7490 7494 7491
f 7491 7494 7463
f 7491 7463 7495
f 7492 7491 7495
f 7492 7495 7496
f 7475 7474 7497
f 7475 7497 7498
f 7474 7473 7499
f 7474 7499 7497
f 7497 7499 7500
f 7498 7497 7500
f 7498 7500 7501
f 7502 7503 7504
f 7502 7504 7505
f 7503 7489 7492
f 7503 7492 7504
f 7504 7492 7496
f 7504 7496 7506
f 7505 7504 7506
f 7505 7506 7507
f 7493 7508 7509
f 7493 7509 7494
f 7508 7471 7510
f 7508 7510 7509
f 7509 7510 7465
f 7509 7465 7464
f 7494 7509 7464
f 7494 7464 7463
f 7487 7511 7512
f 7487 7481 7513
f 7487 7513 7511
f 7511 7513 7514
f 7511 7514 7515
f 7512 7511 7515
f 7512 7515 7516
f 7516 7515 7517
f 7516 7517 7518
f 7515 7514 7517
f 7518 7517 7457
f 7518 7457 7456
f 7514 7519 7520
f 7514 7520 7517
f 7519 6354 6359
f 7519 6359 7520
f 7520 6359 6328
f 7520 6328 7476
f 7517 7520 7476
f 7517 7476 7457
f 7481 7479 7521
f 7481 7521 7513
f 7479 6356 6355
f 7479 6355 7521
f 7521 6355 6354
f 7521 6354 7519
f 7513 7521 7519
f 7513 7519 7514
f 7295 7522 7294
f 7522 7523 7289
f 7294 7522 7289
f 7289 7523 7290
f 7290 7524 7525
f 7290 7525 7291
f 7523 7526 7527
f 7523 7527 7290
f 7526 6379 6383
f 7526 6383 7527
f 7527 6383 6367
f 7527 6367 7528
f 7290 7527 7528
f 7290 7528 7524
f 7295 7529 7530
f 7295 7530 7522
f 7529 6381 6380
f 7529 6380 7530
f 7530 6380 6379
f 7530 6379 7526
f 7522 7530 7526
f 7522 7526 7523
f 7279 7531 7532
f 7279 7532 7280
f 7531 7533 7534
f 7531 7534 7532
f 7532 7534 7535
f 7532 7535 7536
f 7280 7532 7536
f 7280 7536 7273
f 7273 7536 7537
f 7273 7537 7274
f 7536 7535 7538
f 7536 7538 7537
f 7537 7538 7539
f 7537 7539 7540
f 7274 7537 7540
f 7274 7540 7275
f 7535 7541 7542
f 7535 7542 7538
f 7541 7516 7518
f 7541 7518 7542
f 7542 7518 7456
f 7542 7456 7543
f 7538 7542 7543
f 7538 7543 7539
f 7533 7487 7512
f 7533 7512 7534
f 7512 7516 7541
f 7534 7512 7541
f 7534 7541 7535
f 7544 7545 7546
f 7544 7546 7547
f 7545 7500 7548
f 7545 7548 7546
f 7546 7548 7493
f 7546 7493 7490
f 7547 7546 7490
f 7547 7490 7489
f 7549 7550 7551
f 7549 7551 7552
f 7550 7553 7551
f 7551 7553 7554
f 7551 7554 7555
f 7552 7551 7555
f 7552 7555 7556
f 7557 7558 7559
f 7557 7559 7560
f 7558 7561 7562
f 7558 7562 7559
f 7559 7562 7563
f 7559 7563 7564
f 7560 7559 7564
f 7560 7564 7565
f 7500 7499 7566
f 7500 7566 7548
f 7499 7473 7472
f 7499 7472 7566
f 7566 7472 7471
f 7566 7471 7508
f 7548 7566 7508
f 7548 7508 7493
f 7245 7567 7568
f 7245 7568 7246
f 7567 7569 7570
f 7567 7570 7568
f 7568 7570 7571
f 7568 7571 7572
f 7246 7568 7572
f 7246 7572 7239
f 7239 7572 7240
f 7572 7571 7240
f 7240 7573 7241
f 7571 7574 7575
f 7571 7575 7240
f 7574 6403 6401
f 7574 6401 7575
f 7575 6401 6392
f 7575 6392 7576
f 7240 7575 7576
f 7240 7576 7573
f 7569 7577 7578
f 7569 7578 7570
f 7577 6408 6411
f 7577 6411 7578
f 7578 6411 6403
f 7578 6403 7574
f 7570 7578 7574
f 7570 7574 7571
f 7241 7573 7346
f 7346 7579 7343
f 7343 7579 7344
f 7579 7580 7581
f 7579 7581 7344
f 7580 6395 6398
f 7580 6398 7581
f 7581 6398 6381
f 7581 6381 7529
f 7344 7581 7529
f 7344 7529 7295
f 7573 7576 7582
f 7573 7582 7346
f 7576 6392 6396
f 7576 6396 7582
f 7582 6396 6395
f 7582 6395 7580
f 7346 7582 7580
f 7346 7580 7579
f 7291 7525 7583
f 7291 7583 7334
f 7525 7524 7584
f 7525 7584 7583
f 7583 7584 7585
f 7583 7585 7331
f 7334 7583 7331
f 7331 7585 7586
f 7331 7586 7332
f 7332 7586 7533
f 7332 7533 7531
f 7332 7531 7279
f 7585 7587 7588
f 7585 7588 7586
f 7587 7486 7488
f 7587 7488 7588
f 7588 7488 7487
f 7586 7588 7487
f 7586 7487 7533
f 7524 7528 7589
f 7524 7589 7584
f 7528 6367 7484
f 7528 7484 7589
f 7589 7484 7486
f 7589 7486 7587
f 7584 7589 7587
f 7584 7587 7585
f 7275 7540 7590
f 7275 7590 7322
f 7540 7539 7590
f 7322 7590 7591
f 7322 7591 7319
f 7592 7593 7594
f 7592 7594 7595
f 7593 7596 7594
f 7594 7596 7597
f 7594 7597 7598
f 7595 7594 7598
f 7595 7598 7599
f 7539 7543 7600
f 7539 7600 7590
f 7543 7456 7459
f 7543 7459 7600
f 7600 7459 7462
f 7600 7462 7591
f 7590 7600 7591
f 7256 7601 7602
f 7256 7602 7310
f 7602 7603 7604
f 7310 7602 7604
f 7310 7604 7307
f 7307 7604 7605
f 7307 7605 7308
f 7604 7603 7606
f 7604 7606 7605
f 7605 7606 7569
f 7605 7569 7567
f 7308 7605 7567
f 7308 7567 7245
f 7603 7607 7608
f 7603 7608 7606
f 7607 7219 7220
f 7607 7220 7608
f 7608 7220 6408
f 7608 6408 7577
f 7606 7608 7577
f 7606 7577 7569
f 7601 7609 7610
f 7601 7610 7602
f 7609 7217 7218
f 7609 7218 7610
f 7610 7218 7219
f 7610 7219 7607
f 7602 7610 7607
f 7602 7607 7603
f 7216 7611 7612
f 7611 7613 7614
f 7611 7614 7612
f 7613 7352 7353
f 7613 7353 7614
f 7614 7353 7357
f 7614 7357 7615
f 7612 7614 7615
f 7612 7615 7216
f 7611 7616 7617
f 7616 7347 7348
f 7616 7348 7617
f 7617 7348 7352
f 7617 7352 7613
f 7611 7617 7613
f 7618 7620 7621
f 7618 7621 7216
f 7620 7414 7416
f 7620 7416 7621
f 7621 7416 7359
f 7621 7359 7622
f 7216 7621 7622
f 7216 7622 7619
f 7216 7615 7623
f 7216 7623 7618
f 7615 7357 7410
f 7615 7410 7623
f 7623 7410 7414
f 7623 7414 7620
f 7618 7623 7620
f 7625 7365 7422
f 7625 7422 7624
f 7619 7622 7626
f 7619 7626 7216
f 7622 7359 7626
f 7626 7359 7365
f 7626 7365 7625
f 7216 7626 7625
f 7216 7625 7624
f 7624 7426 7429
f 7624 7429 7627
f 7624 7628 7426
f 7627 7629 7383
f 7629 7630 7631
f 7629 7631 7383
f 7627 7632 7630
f 7627 7630 7629
f 7627 7633 7216
f 7633 7388 7443
f 7633 7443 7634
f 7634 7443 7394
f 7634 7394 7635
f 7633 7634 7635
f 7627 7383 7633
f 7383 7384 7633
f 7633 7384 7388
f 7216 7633 7636
f 7636 7637 7638
f 7637 7402 7404
f 7637 7404 7638
f 7638 7404 7408
f 7638 7408 7639
f 7636 7638 7639
f 7633 7635 7640
f 7635 7394 7397
f 7635 7397 7640
f 7640 7397 7402
f 7640 7402 7637
f 7633 7640 7637
f 7633 7637 7636
f 7216 7636 7611
f 7636 7641 7642
f 7636 7642 7611
f 7641 7453 7454
f 7641 7454 7642
f 7642 7454 7347
f 7642 7347 7616
f 7611 7642 7616
f 7636 7639 7643
f 7639 7408 7449
f 7639 7449 7643
f 7643 7449 7453
f 7643 7453 7641
f 7636 7643 7641
f 528 5546 2602
f 2602 5546 5741
f 2602 5741 725
f 5546 5542 5738
f 5546 5738 5741
f 5542 7644 5738
f 7644 5739 5736
f 5738 7644 5736
f 7645 7646 7648
f 7650 7651 7652
f 7654 7655 7656
f 7654 7656 7657
f 7653 7654 7657
f 7658 7659 7660
f 7659 7661 7662
f 7659 7662 7663
f 7660 7659 7664
f 7666 7667 7668
f 7665 7666 7668
f 7669 7670 7671
f 7670 7672 7673
f 7671 7670 7673
f 7675 7658 7660
f 7675 7660 7664
f 7676 7677 7678
f 7677 7679 7680
f 7677 7680 7681
f 7678 7677 7682
f 7683 7684 7685
f 7684 7686 7687
f 7685 7684 7687
f 7685 7687 7688
f 7690 7676 7678
f 7690 7678 7682
f 7691 7692 7693
f 7691 7693 7694
f 7692 7695 7693
f 7693 7695 7696
f 7693 7696 7697
f 7694 7693 7697
f 7694 7697 7698
f 7699 7700 7701
f 7699 7701 7702
f 7700 7703 7701
f 7701 7703 7704
f 7701 7704 7705
f 7702 7701 7705
f 7702 7705 7706
f 7707 7708 7709
f 7708 7691 7694
f 7708 7694 7709
f 7709 7694 7698
f 7709 7698 7710
f 7707 7709 7710
f 7711 7712 7713
f 7712 7714 7715
f 7713 7712 7715
f 7713 7715 7716
f 7717 7718 7719
f 7717 7719 7720
f 7718 7721 7722
f 7718 7722 7719
f 7719 7722 7723
f 7719 7723 7724
f 7720 7719 7724
f 7720 7724 7725
f 7726 7727 7728
f 7727 7711 7713
f 7727 7713 7728
f 7728 7713 7716
f 7728 7716 7729
f 7726 7728 7729
f 7726 7729 7730
f 7667 7731 7732
f 7667 7732 7668
f 7731 7733 7734
f 7731 7734 7732
f 7732 7734 7735
f 7732 7735 7736
f 7668 7732 7736
f 7668 7736 7665
f 5632 7737 7738
f 5305 7738 7737
f 7739 7740 7741
f 7739 7741 7742
f 7740 7743 7741
f 7741 7743 7744
f 7741 7744 7745
f 7742 7741 7745
f 7742 7745 7746
f 7747 7748 7749
f 7747 7749 7750
f 7748 7751 7752
f 7748 7752 7749
f 7749 7752 7753
f 7750 7749 7754
f 7757 7758 7759
f 7756 7759 7758
f 5280 7760 7758
f 7756 7758 7760
f 5632 7738 5633
f 5286 5289 5639
f 5286 5639 7738
f 5289 5291 5639
f 5639 5291 5629
f 7738 5639 5633
f 5615 7763 7762
f 5280 7758 7764
f 7764 5615 7762
f 5310 7765 7766
f 7765 7743 7767
f 7766 7765 7768
f 7768 7769 5315
f 7768 5315 7770
f 5292 5287 5304
f 5286 7738 5304
f 5286 5304 5287
f 5305 5304 7738
f 5315 7769 5296
f 5287 5292 5284
f 5287 5284 5288
f 5288 5284 5290
f 5290 5285 7771
f 5290 5284 5285
f 7771 5285 7772
f 7772 5285 7773
f 5302 5284 5292
f 7762 7772 7764
f 7772 7773 7764
f 7764 7773 5281
f 7764 5281 5280
f 5296 7773 5294
f 5294 7773 5293
f 5291 5290 7763
f 5290 7771 7763
f 7763 7771 7772
f 7763 7772 7762
f 5293 7773 5298
f 5298 7773 5285
f 5298 5285 5284
f 5283 5282 5296
f 5282 5281 5296
f 5296 5281 7773
f 7756 7760 7755
f 5280 5282 7755
f 5280 7755 7760
f 5283 7755 5282
f 5612 7761 7763
f 5629 5291 7761
f 5291 7763 7761
f 5321 7774 5298
f 5321 7775 7774
f 5298 7774 7776
f 5298 7776 5293
f 5323 7777 7778
f 5323 7778 5302
f 5302 7778 7779
f 5302 7779 5299
f 5317 7780 7781
f 5317 7781 5318
f 7780 7782 7781
f 7781 7783 5319
f 5318 7781 5319
f 5295 7784 7785
f 5295 7785 5316
f 7784 7786 7787
f 7784 7787 7785
f 7785 7787 7788
f 7785 7788 5320
f 5316 7785 5320
f 5293 7776 7789
f 5293 7789 5294
f 7789 7786 7784
f 5294 7789 7784
f 5294 7784 5295
f 5299 7779 7790
f 5299 7790 5300
f 5300 7790 7775
f 5300 7775 5321
f 5319 7791 5322
f 5319 7783 7791
f 7791 7777 5323
f 5322 7791 5323
f 5320 7792 5324
f 5320 7788 7793
f 5320 7793 7792
f 7792 7793 7782
f 7792 7782 7780
f 5324 7792 7780
f 5324 7780 5317
f 7796 7786 7789
f 7796 7789 7776
f 7794 7796 7775
f 7796 7776 7774
f 7775 7796 7774
f 7797 7794 7790
f 7797 7790 7779
f 7794 7775 7790
f 7798 7778 7777
f 7798 7797 7779
f 7798 7779 7778
f 7799 7798 7777
f 7799 7777 7800
f 7800 7777 7791
f 7800 7791 7783
f 7801 7799 7800
f 7800 7783 7781
f 7800 7781 7782
f 7802 7801 7803
f 7801 7800 7803
f 7803 7800 7782
f 7803 7782 7793
f 7803 7793 7788
f 7794 7802 7804
f 7794 7804 7796
f 7802 7803 7804
f 7804 7803 7788
f 7804 7788 7787
f 7796 7804 7787
f 7796 7787 7786
f 7795 7805 7806
f 7807 7805 7795
f 7807 7808 7805
f 7808 7809 7805
f 7809 7806 7805
f 7802 7810 7801
f 7799 7808 7807
f 7799 7807 7798
f 7797 7807 7795
f 7797 7795 7794
f 7794 7795 7806
f 7794 7806 7809
f 7794 7810 7802
f 7794 7809 7810
f 7801 7810 7799
f 7810 7809 7799
f 7799 7809 7808
f 7798 7807 7797
f 5653 5652 7811
f 5653 7811 7812
f 5652 5651 7813
f 5652 7813 7811
f 7811 7813 5531
f 7811 5531 5529
f 7811 5529 5530
f 7811 5530 7814
f 7812 7811 7814
f 7812 7814 7815
f 5532 5531 7813
f 5532 7813 5534
f 7813 5651 5649
f 5534 7813 5649
f 5534 5649 5525
f 5642 7816 7814
f 5642 7814 5647
f 7816 7815 7814
f 7814 5530 5528
f 5647 7814 5528
f 7817 7812 7815
f 7817 7815 7816
f 5640 7817 7816
f 5640 7816 5642
f 5527 5654 7817
f 5527 7817 5640
f 5654 5653 7812
f 5654 7812 7817
f 6272 6277 6279
f 6287 6290 7818
f 6287 7818 6642
f 6293 7210 7818
f 6293 7818 6290
f 6643 6642 7818
f 6643 7818 7210
f 6314 7214 7819
f 6293 7820 7214
f 7821 7819 7214
f 7821 7214 7820
f 6312 7073 6313
f 7073 7072 7211
f 7073 7211 7215
f 6313 7073 7215
f 6313 7215 6314
f 6282 7086 7822
f 6282 7822 6279
f 7086 6310 6307
f 7086 6307 7822
f 7822 6307 6306
f 6279 7822 6283
f 7821 6306 6309
f 7821 6309 7819
f 6314 7819 6309
f 7821 6283 7822
f 7821 7822 6306
f 7821 7823 6283
f 6272 6279 6283
f 6272 6283 7823
f 6305 7053 7824
f 6305 7824 6304
f 7053 6280 6278
f 7053 6278 7824
f 7824 6278 6277
f 7824 6277 6274
f 6304 7824 6274
f 6304 6274 6276
f 6276 6274 7825
f 6275 7040 7825
f 6275 7825 6274
f 6276 7825 6304
f 7040 6303 6304
f 7040 6304 7825
f 7826 7827 7828
f 7826 7828 7829
f 7827 7830 7828
f 7828 7831 7832
f 7829 7828 7832
f 7829 7832 7833
f 7833 7832 7834
f 7833 7834 7835
f 7832 7831 7834
f 7834 7836 7837
f 7835 7834 7837
f 7835 7837 6099
f 6085 7838 7839
f 6085 7839 6086
f 7838 7840 7841
f 7838 7841 7839
f 7839 7841 7842
f 7839 7842 7843
f 6086 7839 7843
f 6086 7843 6089
f 6089 7843 7844
f 6089 7844 7845
f 7843 7842 7844
f 7844 7830 7827
f 7845 7844 7827
f 7845 7827 7826
f 6094 7846 7847
f 6094 7847 6095
f 7846 7848 7849
f 7846 7849 7847
f 7847 7849 7840
f 7847 7840 7838
f 6095 7847 7838
f 6095 7838 6085
f 6080 7850 7851
f 6080 7851 7852
f 7850 6333 7853
f 7850 7853 7851
f 7851 7853 7848
f 7851 7848 7846
f 7852 7851 7846
f 7852 7846 6094
f 6099 7837 7854
f 6099 7854 6100
f 7837 7836 7855
f 7837 7855 7854
f 7854 7855 7856
f 7854 7856 7857
f 6100 7854 7857
f 6100 7857 6076
f 6076 7857 7858
f 6076 7858 6077
f 7857 7856 7859
f 7857 7859 7858
f 7858 7859 6333
f 7858 6333 7850
f 6077 7858 7850
f 6077 7850 6080
f 6116 7860 7861
f 6116 7861 7862
f 7860 7863 7861
f 7862 7861 7864
f 7862 7864 7865
f 7865 7864 7866
f 7865 7866 7867
f 7866 7830 7868
f 7867 7866 7868
f 7867 7868 6105
f 6121 7869 7870
f 6121 7870 6122
f 7869 7871 7870
f 7870 7871 7872
f 7870 7872 7873
f 6122 7870 7873
f 6122 7873 6124
f 7874 7875 7876
f 7874 7876 7877
f 7875 7840 7878
f 7875 7878 7876
f 7876 7878 7871
f 7876 7871 7869
f 7877 7876 7869
f 7877 7869 6121
f 6109 7879 7880
f 6109 7880 7881
f 7879 7842 7841
f 7879 7841 7880
f 7880 7841 7840
f 7880 7840 7875
f 7881 7880 7875
f 7881 7875 7874
f 6105 7868 7882
f 6105 7882 6106
f 7868 7830 7844
f 7868 7844 7882
f 7882 7844 7842
f 7882 7842 7879
f 6106 7882 7879
f 6106 7879 6109
f 6124 7873 7883
f 6124 7883 7884
f 7873 7872 7885
f 7873 7885 7883
f 7883 7885 7886
f 7883 7886 7887
f 7884 7883 7887
f 7884 7887 6113
f 6113 7887 7888
f 6113 7888 6114
f 7887 7886 7889
f 7887 7889 7888
f 7888 7889 7863
f 7888 7863 7860
f 6114 7888 7860
f 6114 7860 6116
f 7890 7891 7892
f 7890 7892 7893
f 7891 2874 7892
f 7893 7892 7894
f 7893 7894 6137
f 6137 7894 7895
f 6137 7895 6138
f 7895 7863 7896
f 6138 7895 7896
f 6138 7896 6140
f 6149 7897 7898
f 6149 7898 7899
f 7897 7900 7898
f 7898 7900 2881
f 7898 2881 7901
f 7899 7898 7901
f 7899 7901 6129
f 6145 7902 7903
f 6145 7903 6146
f 7902 7872 7900
f 7902 7900 7903
f 7903 7900 7897
f 6146 7903 7897
f 6146 7897 6149
f 6155 7904 7905
f 6155 7905 7906
f 7904 7886 7885
f 7904 7885 7905
f 7905 7885 7872
f 7905 7872 7902
f 7906 7905 7902
f 7906 7902 6145
f 6140 7896 7907
f 6140 7907 6153
f 7896 7863 7889
f 7896 7889 7907
f 7907 7889 7886
f 7907 7886 7904
f 6153 7907 7904
f 6153 7904 6155
f 6133 2891 7908
f 6133 7908 7909
f 2891 2892 7908
f 7908 2892 2874
f 7908 2874 7891
f 7909 7908 7891
f 7909 7891 7890
f 6129 7901 7910
f 6129 7910 6130
f 7901 2881 2894
f 7901 2894 7910
f 7910 2894 2891
f 6130 7910 2891
f 6130 2891 6133
f 6055 7911 7912
f 6055 7912 6050
f 7911 2900 7913
f 7911 7913 7912
f 7912 7913 7914
f 7912 7914 7915
f 6050 7912 7915
f 6050 7915 6047
f 6047 7915 7916
f 6047 7916 7917
f 7915 7914 7918
f 7915 7918 7916
f 7916 7918 7919
f 7916 7919 7920
f 7917 7916 7920
f 7917 7920 7921
f 6062 7894 7892
f 6062 7892 6059
f 7892 2874 7922
f 6059 7892 7922
f 6059 7922 6056
f 6063 7923 7895
f 6063 7895 7924
f 7923 7863 7895
f 7924 7895 7894
f 7924 7894 6062
f 6070 7925 7926
f 6070 7926 6066
f 7926 7863 7923
f 6066 7926 7923
f 6066 7923 6063
f 7921 7920 7927
f 7921 7927 7928
f 7920 7919 7927
f 7928 7927 7925
f 7928 7925 6070
f 6071 7929 7930
f 6071 7930 7931
f 7929 2918 2917
f 7929 2917 7930
f 7930 2917 2900
f 7930 2900 7911
f 7931 7930 7911
f 7931 7911 6055
f 6056 7922 7932
f 6056 7932 6073
f 7922 2874 2920
f 7922 2920 7932
f 7932 2920 2918
f 7932 2918 7929
f 6073 7932 7929
f 6073 7929 6071
f 6039 7933 7934
f 6039 7934 7935
f 7933 7919 7936
f 7933 7936 7934
f 7934 7936 7937
f 7935 7934 7937
f 7935 7937 6028
f 6028 7937 7938
f 6028 7938 6023
f 7938 7939 7940
f 6023 7938 7940
f 6023 7940 6020
f 6029 7864 7941
f 6029 7941 7942
f 7864 7861 7941
f 7941 7861 7863
f 7941 7863 7943
f 7942 7941 7943
f 7942 7943 7944
f 6036 7945 7866
f 6036 7866 6031
f 7945 7830 7866
f 6031 7866 7864
f 6031 7864 6029
f 6037 7946 7947
f 6037 7947 7948
f 7947 7830 7945
f 7948 7947 7945
f 7948 7945 6036
f 6020 7940 7949
f 6020 7949 6038
f 7940 7939 7950
f 7940 7950 7949
f 7949 7950 7946
f 6038 7949 7946
f 6038 7946 6037
f 7944 7943 7951
f 7944 7951 7952
f 7943 7863 7926
f 7943 7926 7951
f 7951 7926 7925
f 7952 7951 7925
f 7952 7925 6046
f 6046 7925 7927
f 6046 7927 6042
f 7927 7919 7933
f 6042 7927 7933
f 6042 7933 6039
f 5998 7953 7954
f 5998 7954 6008
f 7953 7939 7955
f 7953 7955 7954
f 7954 7955 7956
f 7954 7956 7957
f 6008 7954 7957
f 6008 7957 6005
f 6005 7957 7958
f 6005 7958 7959
f 7957 7956 7960
f 7957 7960 7958
f 7958 7960 7961
f 7958 7961 7962
f 7959 7958 7962
f 7959 7962 7963
f 6019 7964 7828
f 6019 7828 6014
f 7964 7831 7828
f 7828 7830 7965
f 6014 7828 7965
f 6014 7965 6011
f 5989 7966 7967
f 5989 7967 7968
f 7966 7836 7834
f 7966 7834 7967
f 7967 7834 7831
f 7967 7831 7964
f 7968 7967 7964
f 7968 7964 6019
f 7963 7962 7969
f 7963 7969 7970
f 7962 7961 7971
f 7962 7971 7969
f 7969 7971 7972
f 7969 7972 7973
f 7970 7969 7973
f 7970 7973 5997
f 5997 7973 7974
f 5997 7974 5992
f 7973 7972 7975
f 7973 7975 7974
f 7974 7975 7836
f 7974 7836 7966
f 5992 7974 7966
f 5992 7966 5989
f 6011 7965 7976
f 6011 7976 7977
f 7965 7830 7947
f 7965 7947 7976
f 7976 7947 7946
f 7976 7946 7978
f 7977 7976 7978
f 7977 7978 6004
f 6004 7978 7979
f 6004 7979 6001
f 7978 7946 7950
f 7978 7950 7979
f 7979 7950 7939
f 7979 7939 7953
f 6001 7979 7953
f 6001 7953 5998
f 5960 7980 7981
f 5960 7981 5971
f 7980 2971 7981
f 5971 7981 7982
f 5971 7982 5968
f 5968 7982 7983
f 5968 7983 7984
f 7983 7985 7986
f 7984 7983 7986
f 7984 7986 7987
f 5980 7988 7989
f 5980 7989 5977
f 7988 7914 7913
f 7988 7913 7989
f 7989 7913 2900
f 7989 2900 7990
f 5977 7989 7990
f 5977 7990 5974
f 5981 7991 7992
f 5981 7992 7993
f 7991 7919 7918
f 7991 7918 7992
f 7992 7918 7914
f 7992 7914 7988
f 7993 7992 7988
f 7993 7988 5980
f 5988 7994 7995
f 5988 7995 5984
f 7995 7919 7991
f 5984 7995 7991
f 5984 7991 5981
f 7987 7986 7996
f 7987 7996 7997
f 7986 7985 7996
f 7997 7996 7994
f 7997 7994 5988
f 5967 7998 7999
f 5967 7999 5963
f 7998 2990 2989
f 7998 2989 7999
f 7999 2989 2971
f 7999 2971 7980
f 5963 7999 7980
f 5963 7980 5960
f 5974 7990 8000
f 5974 8000 8001
f 7990 2900 2993
f 7990 2993 8000
f 8000 2993 2990
f 8000 2990 7998
f 8001 8000 7998
f 8001 7998 5967
f 8002 8003 8004
f 8002 8004 8005
f 8003 7985 8004
f 8005 8004 8006
f 8005 8006 5954
f 5954 8006 8007
f 5954 8007 5951
f 8006 8008 8007
f 8007 8008 8009
f 8007 8009 8010
f 5951 8007 8010
f 5951 8010 5948
f 5955 7937 7936
f 5955 7936 8011
f 7936 7919 8012
f 8011 7936 8012
f 8011 8012 5947
f 5936 8013 8014
f 5936 8014 5957
f 8013 7939 7938
f 8013 7938 8014
f 8014 7938 7937
f 5957 8014 7937
f 5957 7937 5955
f 5942 8015 8016
f 5942 8016 5938
f 8016 7939 8013
f 5938 8016 8013
f 5938 8013 5936
f 5948 8010 8017
f 5948 8017 8018
f 8010 8009 8019
f 8010 8019 8017
f 8017 8019 8015
f 8018 8017 8015
f 8018 8015 5942
f 5947 8012 8020
f 5947 8020 5944
f 8012 7919 7995
f 8012 7995 8020
f 8020 7995 7994
f 5944 8020 7994
f 5944 7994 5943
f 5943 7994 7996
f 5943 7996 8021
f 7996 7985 8003
f 8021 7996 8003
f 8021 8003 8002
f 8022 8023 8024
f 8022 8024 8025
f 8023 8009 8026
f 8023 8026 8024
f 8024 8026 8027
f 8024 8027 8028
f 8025 8024 8028
f 8025 8028 8029
f 8029 8028 8030
f 8029 8030 8031
f 8028 8027 8032
f 8028 8032 8030
f 8030 8032 6291
f 8030 6291 8033
f 8031 8030 8033
f 8031 8033 5925
f 5917 8034 8035
f 5917 8035 5918
f 8034 7956 7955
f 8034 7955 8035
f 8035 7955 7939
f 8035 7939 8036
f 5918 8035 8036
f 5918 8036 5920
f 8037 8038 8039
f 8037 8039 8040
f 8038 7961 7960
f 8038 7960 8039
f 8039 7960 7956
f 8039 7956 8034
f 8040 8039 8034
f 8040 8034 5917
f 5925 8033 8041
f 5925 8041 5926
f 8033 6291 8042
f 8033 8042 8041
f 8041 8042 8043
f 8041 8043 8044
f 5926 8041 8044
f 5926 8044 5929
f 5929 8044 8045
f 5929 8045 8046
f 8044 8043 8047
f 8044 8047 8045
f 8045 8047 7961
f 8045 7961 8038
f 8046 8045 8038
f 8046 8038 8037
f 5920 8036 8048
f 5920 8048 5933
f 8036 7939 8016
f 8036 8016 8048
f 8048 8016 8015
f 5933 8048 8015
f 5933 8015 5934
f 5934 8015 8049
f 5934 8049 8050
f 8015 8019 8049
f 8049 8019 8009
f 8049 8009 8023
f 8050 8049 8023
f 8050 8023 8022
f 5824 8051 8052
f 5824 8052 5819
f 8051 3044 8052
f 5819 8052 5816
f 5816 8052 8053
f 5816 8053 8054
f 8053 8055 8056
f 8054 8053 8056
f 8054 8056 8057
f 5834 7982 7981
f 5834 7981 5832
f 7981 2971 8058
f 5832 7981 8058
f 5832 8058 5830
f 5808 8059 7983
f 5808 7983 8060
f 8059 7985 7983
f 8060 7983 7982
f 8060 7982 5834
f 8057 8056 8061
f 8057 8061 8062
f 8056 8055 8061
f 8061 8063 8064
f 8062 8061 8064
f 8062 8064 5815
f 5815 8064 8065
f 5815 8065 5811
f 8064 8063 8065
f 8065 7985 8059
f 5811 8065 8059
f 5811 8059 5808
f 5830 8058 8066
f 5830 8066 5827
f 8058 2971 3059
f 8058 3059 8066
f 8066 3059 3058
f 8066 3058 8067
f 5827 8066 8067
f 5827 8067 5825
f 5825 8067 3061
f 5825 3061 8068
f 8067 3058 3061
f 3061 3044 8051
f 8068 3061 8051
f 8068 8051 5824
f 5896 8069 8070
f 5896 8070 5892
f 8069 8055 8070
f 5892 8070 8071
f 5892 8071 5890
f 5890 8071 8072
f 5890 8072 8073
f 8071 8074 8072
f 8072 8074 8075
f 8072 8075 8076
f 8073 8072 8076
f 8073 8076 8077
f 5903 8006 8078
f 5903 8078 5900
f 8006 8004 8078
f 8078 8004 7985
f 8078 7985 8079
f 5900 8078 8079
f 5900 8079 5897
f 5909 8080 8008
f 5909 8008 8081
f 8080 8009 8008
f 8081 8008 8006
f 8081 8006 5903
f 5908 8082 8061
f 5908 8061 5905
f 8082 8063 8061
f 8061 8055 8069
f 5905 8061 8069
f 5905 8069 5896
f 5897 8079 8083
f 5897 8083 8084
f 8079 7985 8065
f 8079 8065 8083
f 8083 8065 8063
f 8083 8063 8082
f 8084 8083 8082
f 8084 8082 5908
f 5916 8085 8086
f 5916 8086 5912
f 8086 8009 8080
f 5912 8086 8080
f 5912 8080 5909
f 8077 8076 8087
f 8077 8087 8088
f 8076 8075 8089
f 8076 8089 8087
f 8087 8089 8085
f 8088 8087 8085
f 8088 8085 5916
f 6626 8090 8091
f 6626 8091 8092
f 8090 8027 8026
f 8090 8026 8091
f 8091 8026 8009
f 8091 8009 8093
f 8092 8091 8093
f 8092 8093 8094
f 6633 8095 8096
f 6633 8096 6628
f 8095 6291 8032
f 8095 8032 8096
f 8096 8032 8027
f 8096 8027 8090
f 6628 8096 8090
f 6628 8090 6626
f 8094 8093 8097
f 8094 8097 8098
f 8093 8009 8086
f 8093 8086 8097
f 8097 8086 8085
f 8098 8097 8085
f 8098 8085 6640
f 6640 8085 8089
f 6640 8089 6637
f 8089 8075 8099
f 6637 8089 8099
f 6637 8099 6634
f 8100 8101 8102
f 8100 8102 8103
f 8101 6293 6292
f 8101 6292 8102
f 8102 6292 6291
f 8102 6291 8095
f 8103 8102 8095
f 8103 8095 6633
f 6634 8099 8104
f 6634 8104 6645
f 8099 8075 8104
f 8104 8075 8105
f 6645 8104 8105
f 6645 8105 6550
f 6550 8105 8106
f 6550 8106 6545
f 8105 8075 8107
f 8105 8107 8106
f 8106 8107 7821
f 8106 7821 8108
f 6545 8106 8108
f 6545 8108 6542
f 6542 8108 8109
f 6542 8109 8110
f 8108 7821 7820
f 8108 7820 8109
f 8109 7820 6293
f 8109 6293 8101
f 8110 8109 8101
f 8110 8101 8100
f 6541 8111 8112
f 6541 8112 6536
f 8111 8075 8112
f 6536 8112 8113
f 6536 8113 6533
f 6533 8113 8114
f 6533 8114 8115
f 8113 8116 8114
f 8114 8116 8117
f 8114 8117 8118
f 8115 8114 8118
f 8115 8118 8119
f 8119 8118 8120
f 8119 8120 8121
f 8118 8117 8122
f 8118 8122 8120
f 8120 8122 8123
f 8120 8123 8124
f 8121 8120 8124
f 8121 8124 6302
f 6302 8124 8125
f 6302 8125 6297
f 8124 8123 8126
f 8124 8126 8125
f 8125 8126 6497
f 8125 6497 8127
f 6297 8125 8127
f 6297 8127 6294
f 6517 8128 8129
f 8128 8075 8111
f 8129 8128 8111
f 8129 8111 6541
f 6525 8130 8128
f 6525 8128 6520
f 8130 7821 8107
f 8130 8107 8128
f 8128 8107 8075
f 6520 8128 6517
f 6294 8127 8131
f 6294 8131 8132
f 8127 6497 6530
f 8127 6530 8131
f 8131 6530 6272
f 8131 6272 8133
f 8132 8131 8133
f 8132 8133 6529
f 6529 8133 8134
f 6529 8134 6527
f 8133 6272 7823
f 8133 7823 8134
f 8134 7823 7821
f 8134 7821 8130
f 6527 8134 8130
f 6527 8130 6525
f 5872 8071 8135
f 5872 8135 5869
f 8071 8070 8135
f 8135 8070 8055
f 8135 8055 8136
f 5869 8135 8136
f 5869 8136 5866
f 5884 8137 8138
f 5884 8138 8139
f 8137 8075 8074
f 8137 8074 8138
f 8138 8074 8071
f 8139 8138 8071
f 8139 8071 5872
f 5880 8140 8141
f 5880 8141 5876
f 8141 8140 8143
f 5876 8141 8143
f 5876 8143 5873
f 5873 8143 8144
f 5873 8144 8145
f 8145 8144 8146
f 5883 8147 8148
f 5883 8148 5882
f 8147 8149 8148
f 8148 8149 8142
f 8148 8142 8140
f 5882 8148 8140
f 5882 8140 5880
f 5866 8136 8147
f 5866 8147 8150
f 8150 8147 5883
f 5889 8112 5886
f 8112 8075 8137
f 5886 8112 8137
f 5886 8137 5884
f 8146 8144 8151
f 8146 8151 8152
f 8144 8117 8116
f 8144 8116 8151
f 8151 8116 8113
f 8151 8113 8112
f 8152 8151 8112
f 8152 8112 5889
f 5843 8153 8052
f 5843 8052 5838
f 8052 3044 8154
f 5838 8052 8154
f 5838 8154 5835
f 8155 8156 8052
f 8155 8052 8157
f 8156 8055 8053
f 8156 8053 8052
f 8157 8052 8153
f 8157 8153 5843
f 5852 8158 8159
f 5852 8159 5847
f 8158 3148 8160
f 8158 8160 8159
f 8159 8160 8161
f 5847 8159 8161
f 5847 8161 5844
f 5844 8161 8162
f 5844 8162 8163
f 8162 8142 8164
f 8163 8162 8164
f 8163 8164 5860
f 5835 8154 8165
f 5835 8165 8166
f 8154 3044 3154
f 8154 3154 8165
f 8165 3154 8167
f 8166 8165 8167
f 8166 8167 5865
f 5865 8167 8168
f 5865 8168 5862
f 8167 3154 3156
f 8167 3156 8168
f 8168 3156 3148
f 8168 3148 8158
f 5862 8168 8158
f 5862 8158 5852
f 5860 8164 8169
f 5860 8169 5855
f 8164 8142 8149
f 8164 8149 8169
f 8169 8149 8147
f 5855 8169 5853
f 5853 8169 8136
f 5853 8136 8170
f 8169 8147 8136
f 8136 8055 8156
f 8170 8136 8156
f 8170 8156 8155
f 8171 8172 8173
f 8171 8173 8174
f 8172 8175 8176
f 8172 8176 8173
f 8173 8176 8177
f 8174 8173 8177
f 8174 8177 8178
f 8179 8180 8181
f 8179 8181 8182
f 8180 2881 7900
f 8180 7900 8181
f 8181 7900 8183
f 8182 8181 8183
f 8182 8183 8184
f 8184 8183 8185
f 8184 8185 8186
f 8183 7900 8185
f 8185 7900 7872
f 8185 7872 8187
f 8186 8185 8187
f 8186 8187 8188
f 8189 8190 8191
f 8189 8191 8192
f 8190 8193 8194
f 8190 8194 8191
f 8191 8194 3182
f 8191 3182 8195
f 8192 8191 8195
f 8192 8195 8196
f 8197 8198 8199
f 8197 8199 8200
f 8198 8201 8202
f 8198 8202 8199
f 8199 8202 8193
f 8199 8193 8190
f 8200 8199 8190
f 8200 8190 8189
f 8203 8204 8205
f 8203 8205 8206
f 8204 8207 8208
f 8204 8208 8205
f 8205 8208 8201
f 8205 8201 8198
f 8206 8205 8198
f 8206 8198 8197
f 8188 8187 8209
f 8188 8209 8210
f 8187 7872 8207
f 8187 8207 8209
f 8209 8207 8204
f 8210 8209 8204
f 8210 8204 8203
f 8211 8212 8213
f 8211 8213 8214
f 8212 3202 8213
f 8213 3202 2881
f 8213 2881 8180
f 8214 8213 8180
f 8214 8180 8179
f 8196 8195 8215
f 8196 8215 8216
f 8195 3182 3205
f 8195 3205 8215
f 8215 3205 3202
f 8215 3202 8212
f 8216 8215 8212
f 8216 8212 8211
f 8217 8218 8219
f 8217 8219 8220
f 8218 7872 7871
f 8218 7871 8219
f 8219 7871 8221
f 8220 8219 8221
f 8220 8221 8222
f 8222 8221 8223
f 8222 8223 8224
f 8221 7871 7878
f 8221 7878 8223
f 8223 7878 7840
f 8223 7840 8225
f 8224 8223 8225
f 8224 8225 8226
f 8227 8228 8229
f 8227 8229 8230
f 8228 8231 8232
f 8228 8232 8229
f 8229 8232 8201
f 8229 8201 8233
f 8230 8229 8233
f 8230 8233 8234
f 8235 8236 8237
f 8235 8237 8238
f 8236 8239 8240
f 8236 8240 8237
f 8237 8240 8231
f 8237 8231 8228
f 8238 8237 8228
f 8238 8228 8227
f 8241 8242 8243
f 8241 8243 8244
f 8242 8245 8246
f 8242 8246 8243
f 8243 8246 8239
f 8243 8239 8236
f 8244 8243 8236
f 8244 8236 8235
f 8226 8225 8247
f 8226 8247 8248
f 8225 7840 8249
f 8225 8249 8247
f 8247 8249 8245
f 8247 8245 8242
f 8248 8247 8242
f 8248 8242 8241
f 8234 8233 8250
f 8234 8250 8251
f 8233 8201 8208
f 8233 8208 8250
f 8250 8208 8207
f 8250 8207 8252
f 8251 8250 8252
f 8251 8252 8253
f 8253 8252 8254
f 8253 8254 8255
f 8252 8207 8254
f 8254 8207 7872
f 8254 7872 8218
f 8255 8254 8218
f 8255 8218 8217
f 8256 8257 8258
f 8256 8258 8259
f 8257 6333 8260
f 8257 8260 8258
f 8258 8260 8261
f 8259 8258 8261
f 8259 8261 8262
f 8262 8261 8263
f 8262 8263 8264
f 8263 8265 8266
f 8264 8263 8266
f 8264 8266 8267
f 6162 8268 8269
f 6162 8269 8270
f 8268 8239 8246
f 8268 8246 8269
f 8269 8246 8245
f 8269 8245 8249
f 8270 8269 8249
f 8270 8249 6183
f 6183 8249 6184
f 8249 7840 8271
f 6184 8249 8271
f 6184 8271 6167
f 6158 8272 8273
f 6158 8273 6159
f 8272 8274 8275
f 8272 8275 8273
f 8273 8275 8239
f 8273 8239 8268
f 6159 8273 8268
f 6159 8268 6162
f 8267 8266 8276
f 8267 8276 8277
f 8266 8265 8278
f 8266 8278 8276
f 8276 8278 8274
f 8276 8274 8272
f 8277 8276 8272
f 8277 8272 6158
f 6167 8271 8279
f 6167 8279 6168
f 8271 7840 7849
f 8271 7849 8279
f 8279 7849 7848
f 8279 7848 8280
f 6168 8279 8280
f 6168 8280 6171
f 6171 8280 8281
f 6171 8281 8282
f 8280 7848 7853
f 8280 7853 8281
f 8281 7853 6333
f 8281 6333 8257
f 8282 8281 8257
f 8282 8257 8256
f 7721 8283 8284
f 7721 8284 8285
f 8283 8286 8287
f 8283 8287 8284
f 8284 8287 3279
f 8284 3279 8288
f 8285 8284 8288
f 8285 8288 8289
f 7717 8290 8291
f 7717 8291 7718
f 8290 8292 8286
f 8290 8286 8291
f 8291 8286 8283
f 7718 8291 8283
f 7718 8283 7721
f 8293 8294 8295
f 8293 8295 8296
f 8294 3182 8194
f 8294 8194 8295
f 8295 8194 8193
f 8295 8193 8297
f 8296 8295 8297
f 8296 8297 7726
f 7726 8297 8298
f 7726 8298 7727
f 8297 8193 8202
f 8297 8202 8298
f 8298 8202 8201
f 8298 8201 8299
f 7727 8298 8299
f 7727 8299 7711
f 7711 8299 8300
f 7711 8300 7712
f 8299 8201 8301
f 8299 8301 8300
f 8300 8301 8302
f 7712 8300 8302
f 7712 8302 7714
f 7714 8302 8303
f 7714 8303 8304
f 8302 8301 8303
f 8303 8301 8292
f 8303 8292 8290
f 8304 8303 8290
f 8304 8290 7717
f 8305 8306 3298
f 8305 3298 8307
f 3298 3182 8294
f 8307 3298 8294
f 8307 8294 8293
f 8289 8288 8308
f 8289 8308 8309
f 8288 3279 3302
f 8288 3302 8308
f 8308 3302 3298
f 8308 3298 8306
f 8309 8308 8306
f 8309 8306 8305
f 8310 8311 8312
f 8310 8312 8313
f 8311 8314 8315
f 8311 8315 8312
f 8312 8315 8292
f 8312 8292 8316
f 8313 8312 8316
f 8313 8316 8317
f 8318 8319 8320
f 8318 8320 8321
f 8319 8322 8323
f 8319 8323 8320
f 8320 8323 8314
f 8320 8314 8311
f 8321 8320 8311
f 8321 8311 8310
f 7691 8324 8325
f 7691 8325 7692
f 8324 8201 8232
f 8324 8232 8325
f 8325 8232 8231
f 8325 8231 8326
f 7692 8325 8326
f 7692 8326 7695
f 7695 8326 8327
f 7695 8327 8328
f 8326 8231 8240
f 8326 8240 8327
f 8327 8240 8239
f 8327 8239 8329
f 8328 8327 8329
f 8328 8329 7699
f 7699 8329 8330
f 7699 8330 7700
f 8329 8239 8330
f 7700 8330 7703
f 7703 8330 8331
f 7703 8331 8332
f 8330 8333 8331
f 8331 8333 8322
f 8331 8322 8319
f 8332 8331 8319
f 8332 8319 8318
f 7707 8334 8301
f 7707 8301 7708
f 8301 8201 8324
f 7708 8301 8324
f 7708 8324 7691
f 8317 8316 8335
f 8317 8335 8336
f 8316 8292 8301
f 8316 8301 8335
f 8335 8301 8334
f 8336 8335 8334
f 8336 8334 7707
f 5564 8337 8338
f 5564 8338 5559
f 8337 3279 8287
f 8337 8287 8338
f 8338 8287 8286
f 8338 8286 8339
f 5559 8338 8339
f 5559 8339 5557
f 5557 8339 8340
f 5557 8340 8341
f 8339 8286 8340
f 8340 8286 8292
f 8340 8292 8342
f 8341 8340 8342
f 8341 8342 8343
f 5571 8344 8345
f 5571 8345 5568
f 8344 8346 8347
f 8344 8347 8345
f 8345 8347 8348
f 8345 8348 8349
f 5568 8345 8349
f 5568 8349 5565
f 8343 8342 8350
f 8343 8350 8351
f 8342 8292 8346
f 8342 8346 8350
f 8350 8346 8344
f 8351 8350 8344
f 8351 8344 5571
f 5547 8352 8353
f 5547 8353 8354
f 8352 3279 8353
f 8353 3279 8337
f 8354 8353 8337
f 8354 8337 5564
f 5552 8355 8356
f 5552 8356 5548
f 8355 3352 3351
f 8355 3351 8356
f 8356 3351 3279
f 8356 3279 8352
f 5548 8356 8352
f 5548 8352 5547
f 5565 8349 8357
f 5565 8357 8358
f 8349 8348 8357
f 8358 8357 8359
f 8358 8359 5556
f 5556 8359 8360
f 5556 8360 5554
f 8359 8357 8361
f 8359 8361 8360
f 8360 8361 3352
f 8360 3352 8355
f 5554 8360 8355
f 5554 8355 5552
f 8362 8364 8365
f 8362 8365 8366
f 8367 8369 8368
f 8374 8376 8375
f 8375 8377 8378
f 8381 8382 8383
f 8381 8383 8384
f 8382 8385 8383
f 8383 8385 8386
f 8384 8383 8386
f 8178 8177 8387
f 8177 8176 6191
f 8177 6191 6188
f 8387 8177 6188
f 8389 8390 8391
f 8389 8391 8392
f 8390 8393 8394
f 8390 8394 8391
f 8391 8394 8395
f 8391 8395 8396
f 8392 8391 8396
f 8392 8396 8397
f 8398 8399 8400
f 8398 8400 8401
f 8399 8402 8403
f 8399 8403 8400
f 8400 8403 8404
f 8400 8404 8405
f 8401 8400 8405
f 8401 8405 8406
f 5785 8407 8408
f 5785 8408 5786
f 8407 8409 8410
f 8407 8410 8408
f 8408 8410 3412
f 8408 3412 3411
f 5786 8408 3411
f 5786 3411 773
f 8397 8396 8411
f 8396 8395 8411
f 5789 8412 8413
f 5789 8413 5790
f 8412 8414 8415
f 8412 8415 8413
f 8413 8415 8409
f 8413 8409 8407
f 5790 8413 8407
f 5790 8407 5785
f 8416 8417 8418
f 8416 8418 8419
f 8417 8420 8421
f 8417 8421 8418
f 8418 8421 8422
f 8419 8418 8422
f 5794 8423 5792
f 5794 8424 8425
f 5794 8425 8423
f 8423 8425 8414
f 8423 8414 8412
f 5792 8423 8412
f 5792 8412 5789
f 8426 8427 8428
f 8426 8428 8429
f 8427 8430 6197
f 8427 6197 8428
f 8428 6197 6195
f 8429 8428 6195
f 8429 6195 6194
f 5797 8431 5795
f 8431 8432 8433
f 8431 8433 5795
f 5795 8433 8424
f 5795 8424 5794
f 8434 8435 8436
f 8435 8437 8436
f 8439 8440 8441
f 8439 8441 8442
f 8409 8380 8443
f 8409 8443 8410
f 8410 8443 3449
f 8410 3449 3412
f 8378 8377 8444
f 8414 8446 8447
f 8414 8447 8415
f 8446 8370 8379
f 8446 8379 8447
f 8447 8379 8380
f 8415 8447 8380
f 8415 8380 8409
f 8448 8449 8450
f 8448 8450 8451
f 8449 8452 8453
f 8449 8453 8450
f 8450 8453 8454
f 8450 8454 8455
f 8451 8450 8455
f 8451 8455 8456
f 8424 8367 8368
f 8424 8368 8425
f 8368 8370 8446
f 8425 8368 8446
f 8425 8446 8414
f 8433 8367 8424
f 8460 8461 8462
f 8463 8373 8464
f 8465 8371 8466
f 8466 8371 8373
f 8466 8373 8463
f 8373 8467 8464
f 8464 8467 8468
f 8464 8468 8432
f 8442 8441 8469
f 8442 8469 8470
f 8441 8440 8471
f 8441 8471 8469
f 8469 8471 8472
f 8469 8472 8473
f 8470 8469 8473
f 8470 8473 8474
f 8380 8475 8443
f 8443 8475 3483
f 8443 3483 3449
f 8432 8468 8478
f 8432 8478 8433
f 8478 8369 8367
f 8433 8478 8367
f 8479 8480 8481
f 8479 8481 8482
f 8480 8483 8484
f 8480 8484 8481
f 8481 8484 8485
f 8482 8481 8485
f 6207 8161 8160
f 6207 8160 6202
f 8160 3148 8486
f 6202 8160 8486
f 6202 8486 6199
f 8416 8487 8162
f 8416 8162 8488
f 8487 8142 8162
f 8488 8162 8161
f 8488 8161 6207
f 8422 8489 8490
f 8422 8490 8419
f 8490 8142 8487
f 8419 8490 8487
f 8419 8487 8416
f 6199 8486 8491
f 8486 3148 3507
f 8486 3507 3506
f 8486 3506 8492
f 8491 8486 8492
f 8491 8492 6198
f 6194 8493 8494
f 6194 8494 8429
f 8493 3511 8495
f 8493 8495 8494
f 8429 8494 8426
f 8426 8494 8496
f 8426 8496 8497
f 8497 8496 8499
f 8499 8496 8500
f 8499 8500 8501
f 8496 8498 8489
f 8496 8489 8500
f 8501 8500 8489
f 8501 8489 8422
f 6198 8492 8502
f 6198 8502 6194
f 8492 3506 3519
f 8492 3519 8502
f 8502 3519 3511
f 8502 3511 8493
f 6194 8502 8493
f 8398 8143 8140
f 8398 8140 8503
f 8140 8142 8504
f 8503 8140 8504
f 8503 8504 6193
f 8406 8505 8506
f 8406 8506 8401
f 8505 8117 8144
f 8505 8144 8506
f 8506 8144 8143
f 8401 8506 8143
f 8401 8143 8398
f 6193 8504 6190
f 8504 8142 8490
f 8504 8490 8489
f 6190 8504 6188
f 8507 8508 8406
f 8507 8509 8508
f 8508 8509 8117
f 8508 8117 8505
f 8406 8508 8505
f 8178 8510 8174
f 8510 8498 8511
f 8510 8511 8512
f 8510 8512 8513
f 8174 8510 8513
f 8174 8513 8171
f 8171 8513 8514
f 8513 8512 8515
f 8513 8515 8516
f 8513 8516 8517
f 8514 8513 8517
f 8514 8517 8518
f 6188 8504 8519
f 6188 8519 8387
f 8504 8489 8519
f 8519 8489 8498
f 8519 8498 8510
f 8387 8519 8510
f 8387 8510 8178
f 8518 8517 8520
f 8517 8516 8521
f 8517 8521 8507
f 8520 8517 8507
f 8522 8523 8524
f 8522 8524 8525
f 8523 8526 8524
f 8524 8526 6497
f 8524 6497 8527
f 8525 8524 8527
f 8525 8527 6223
f 6214 8528 8529
f 6214 8529 6210
f 8528 8117 8509
f 8528 8509 8529
f 8529 8509 8507
f 8529 8507 8530
f 6210 8529 8530
f 6210 8530 6208
f 6215 8531 8532
f 6215 8532 8533
f 8531 8123 8122
f 8531 8122 8532
f 8532 8122 8117
f 8532 8117 8528
f 8533 8532 8528
f 8533 8528 6214
f 6223 8527 8534
f 6223 8534 6218
f 8527 6497 8126
f 8527 8126 8534
f 8534 8126 8123
f 8534 8123 8531
f 6218 8534 8531
f 6218 8531 6215
f 8389 8535 8536
f 8535 8537 8538
f 8535 8538 8465
f 8535 8465 8539
f 8536 8535 8539
f 8536 8539 8540
f 8397 8541 8392
f 8541 8516 8542
f 8541 8542 8537
f 8541 8537 8535
f 8392 8541 8535
f 8392 8535 8389
f 8540 8539 8543
f 8540 8543 8544
f 8539 8465 8523
f 8539 8523 8543
f 8544 8543 8523
f 8544 8523 8522
f 6208 8530 8545
f 6208 8545 8411
f 8530 8507 8521
f 8530 8521 8545
f 8545 8521 8516
f 8545 8516 8541
f 8411 8545 8541
f 8411 8541 8397
f 8456 8546 8451
f 8546 8547 8548
f 8451 8546 8548
f 8451 8548 8448
f 8549 8550 8546
f 8549 8546 8456
f 8374 8494 8551
f 8374 8551 8552
f 8494 8495 8551
f 8551 8495 3511
f 8551 3511 8553
f 8552 8551 8553
f 8552 8553 8366
f 8378 8554 8555
f 8378 8555 8375
f 8554 8498 8496
f 8554 8496 8555
f 8555 8496 8494
f 8375 8555 8494
f 8375 8494 8374
f 8366 8553 8362
f 8553 3511 3574
f 8553 3574 3573
f 8445 8556 8444
f 8556 8498 8554
f 8444 8556 8554
f 8444 8554 8378
f 8448 8548 8557
f 8548 8547 8558
f 8548 8558 8445
f 8557 8548 8445
f 8362 8553 8559
f 8553 3573 3579
f 8553 3579 8559
f 8559 3579 3566
f 8559 3566 8550
f 8362 8559 8550
f 8362 8550 8549
f 8386 8560 8384
f 8560 8561 8381
f 8384 8560 8381
f 8476 8562 8563
f 8563 8562 8560
f 8563 8560 8386
f 8459 8564 8565
f 8459 8565 8458
f 8564 8512 8511
f 8564 8511 8565
f 8565 8511 8498
f 8565 8498 8566
f 8458 8565 8566
f 8458 8566 8457
f 8460 8567 8568
f 8460 8568 8569
f 8567 8516 8515
f 8567 8515 8568
f 8568 8515 8512
f 8568 8512 8564
f 8569 8568 8564
f 8569 8564 8459
f 8462 8570 8571
f 8571 8516 8567
f 8462 8571 8567
f 8462 8567 8460
f 8457 8566 8556
f 8566 8498 8556
f 8457 8556 8477
f 8477 8556 8562
f 8477 8562 8476
f 8556 8445 8558
f 8556 8558 8562
f 8562 8558 8547
f 8381 8561 8570
f 8572 8573 8574
f 8574 8573 8575
f 8574 8575 8474
f 8474 8575 8576
f 8474 8576 8470
f 8576 8372 8577
f 8470 8576 8577
f 8470 8577 8442
f 8434 8578 8579
f 8434 8579 8580
f 8578 8465 8538
f 8578 8538 8579
f 8579 8538 8537
f 8579 8537 8581
f 8580 8579 8581
f 8580 8581 8485
f 8485 8581 8582
f 8485 8582 8482
f 8581 8537 8542
f 8581 8542 8582
f 8582 8542 8516
f 8582 8516 8583
f 8482 8582 8583
f 8482 8583 8479
f 8438 8371 8436
f 8371 8465 8578
f 8436 8371 8578
f 8436 8578 8434
f 8479 8583 8584
f 8583 8516 8571
f 8583 8571 8570
f 8584 8583 8585
f 8442 8577 8371
f 8442 8371 8439
f 8577 8372 8371
f 8439 8371 8438
f 8583 8570 8561
f 8583 8561 8573
f 8585 8583 8573
f 8585 8573 8572
f 7144 6480 6479
f 7144 6479 6474
f 7144 6474 7155
f 7142 7144 7155
f 7142 7155 7108
f 6509 6929 8586
f 6509 8586 6510
f 6916 7153 8586
f 6916 8586 6929
f 6456 6510 8586
f 6456 8586 7153
f 5283 5296 7755
f 7769 7755 5296
f 8587 8588 8589
f 8587 8589 8590
f 8588 8591 8592
f 8588 8592 8589
f 8589 8592 8593
f 8590 8589 8593
f 8590 8593 8594
f 8595 8596 8597
f 8595 8597 8598
f 8596 8599 8600
f 8596 8600 8597
f 8597 8600 8601
f 8598 8597 8601
f 8598 8601 8602
f 8603 8604 8605
f 8604 8606 8605
f 8605 8606 8607
f 8603 8605 8607
f 8603 8607 8608
f 8611 8612 8613
f 8617 8618 8619
f 8618 8620 8619
f 8608 8607 8621
f 8608 8621 8622
f 8607 5618 8621
f 8622 8621 5618
f 8622 5618 5617
f 5305 7737 8623
f 5305 8623 8624
f 7737 5632 8625
f 7737 8625 8623
f 8623 8625 8626
f 8623 8626 8627
f 8624 8623 8627
f 8624 8627 7744
f 8628 8629 8630
f 8322 8631 8630
f 8322 8630 8629
f 7767 8630 8631
f 5632 5635 8632
f 5632 8632 8625
f 5637 8633 8632
f 5637 8632 5635
f 8626 8625 8632
f 8626 8632 8633
f 5310 7766 5314
f 7768 7770 5314
f 7768 5314 7766
f 5315 5314 7770
f 7768 8634 7769
f 8322 7755 7769
f 8322 7769 8634
f 8635 8636 8637
f 8635 8637 8638
f 8636 8639 8640
f 8636 8640 8637
f 8637 8640 8641
f 8638 8637 8641
f 8638 8641 8642
f 7743 7765 8643
f 7765 5310 5309
f 7765 5309 8643
f 8643 5309 5305
f 8643 5305 8624
f 7743 8643 8624
f 7743 8624 7744
f 8626 8644 8645
f 8626 8645 8627
f 8644 8646 8647
f 8644 8647 8645
f 8645 8647 7746
f 8645 7746 7745
f 8627 8645 7745
f 8627 7745 7744
f 7743 7740 8648
f 7740 7739 8649
f 7740 8649 8648
f 8648 8649 8628
f 8648 8628 8630
f 7743 8648 8630
f 7743 8630 7767
f 8322 8634 8631
f 7768 7765 8634
f 7767 8631 8634
f 7767 8634 7765
f 5637 8650 8651
f 5637 8651 8633
f 8646 8644 8651
f 8646 8651 8650
f 8626 8633 8651
f 8626 8651 8644
f 5562 5561 8652
f 5562 8652 8653
f 5561 5560 8654
f 5561 8654 8652
f 8652 8654 8655
f 8652 8655 8656
f 8653 8652 8656
f 8653 8656 5549
f 5549 8656 8657
f 5549 8657 5548
f 8656 8655 8658
f 8656 8658 8657
f 8657 8658 5556
f 8657 5556 5555
f 5548 8657 5555
f 5548 5555 5550
f 8655 8659 8660
f 8655 8660 8658
f 8659 5571 5570
f 8659 5570 8660
f 8660 5570 5569
f 8660 5569 8661
f 8658 8660 8661
f 8658 8661 5556
f 5560 8662 8663
f 5560 8663 8654
f 8662 8664 8665
f 8662 8665 8663
f 8663 8665 5571
f 8663 5571 8659
f 8654 8663 8659
f 8654 8659 8655
f 5571 8666 8351
f 5571 8665 8666
f 8666 8665 8664
f 8666 8664 8667
f 8351 8666 8667
f 8351 8667 8343
f 8343 8667 8668
f 8343 8668 8341
f 8667 8664 8662
f 8667 8662 8668
f 8668 8662 5560
f 8668 5560 5557
f 8341 8668 5557
f 5556 8669 8358
f 5556 8661 8669
f 8669 8661 5569
f 8669 5569 5566
f 8358 8669 5566
f 8358 5566 5565
f 5564 5563 8670
f 5564 8670 8354
f 5563 5562 8653
f 5563 8653 8670
f 8670 8653 5549
f 8670 5549 5547
f 8354 8670 5547
f 8293 8296 8671
f 8293 8671 8672
f 8296 7726 8671
f 8671 7726 7730
f 8671 7730 8673
f 8672 8671 8673
f 8672 8673 8674
f 7721 8285 8675
f 7721 8675 7722
f 8285 8289 8676
f 8285 8676 8675
f 8675 8676 8677
f 8675 8677 8678
f 7722 8675 8678
f 7722 8678 7723
f 7714 8304 8679
f 8304 7717 7720
f 8304 7720 8679
f 8679 7720 7725
f 8679 7725 8680
f 7714 8679 8680
f 8317 8336 8681
f 8317 8681 8682
f 8336 7707 8681
f 8681 7707 8683
f 8682 8681 8683
f 8682 8683 8684
f 7703 8332 8685
f 8332 8318 8686
f 8332 8686 8685
f 8685 8686 8687
f 8685 8687 8688
f 7703 8685 8688
f 7703 8688 7704
f 7695 8328 8689
f 8328 7699 7702
f 8328 7702 8689
f 8689 7702 7706
f 8689 7706 8690
f 7695 8689 8690
f 7695 8690 7696
f 8318 8321 8691
f 8318 8691 8686
f 8321 8310 8692
f 8321 8692 8691
f 8691 8692 8693
f 8691 8693 8694
f 8686 8691 8694
f 8686 8694 8687
f 8695 8696 8697
f 8695 8697 8698
f 8696 7755 8697
f 8697 7755 8322
f 8697 8322 8699
f 8698 8697 8699
f 8698 8699 8700
f 8701 8702 8703
f 8701 8703 8704
f 8702 7756 7755
f 8702 7755 8703
f 8703 7755 8696
f 8704 8703 8696
f 8704 8696 8695
f 7676 8705 8706
f 7676 8706 7677
f 8705 8239 8275
f 8705 8275 8706
f 8706 8275 8274
f 8706 8274 8707
f 7677 8706 8707
f 7677 8707 7679
f 7679 8707 8708
f 7679 8708 8709
f 8707 8274 8278
f 8707 8278 8708
f 8708 8278 8265
f 8708 8265 8710
f 8709 8708 8710
f 8709 8710 7683
f 7683 8710 8711
f 7683 8711 7684
f 8710 8265 8711
f 7684 8711 8712
f 7684 8712 7686
f 7686 8712 8713
f 7686 8713 8714
f 8712 8711 8713
f 8713 7756 8702
f 8714 8713 8702
f 8714 8702 8701
f 7689 8330 7690
f 8330 8239 8705
f 7690 8330 8705
f 7690 8705 7676
f 8700 8699 8715
f 8700 8715 8716
f 8699 8322 8333
f 8699 8333 8715
f 8715 8333 8330
f 8716 8715 8330
f 8716 8330 7689
f 8717 8718 8719
f 8717 8719 8720
f 8718 7757 7759
f 8718 7759 8719
f 8719 7759 7756
f 8719 7756 8721
f 8720 8719 8721
f 8720 8721 7669
f 7667 8722 8723
f 7667 8723 8724
f 8722 8725 8726
f 8722 8726 8723
f 8723 8726 7757
f 8723 7757 8718
f 8724 8723 8718
f 8724 8718 8717
f 7674 8727 8728
f 7674 8728 7675
f 8727 8265 8729
f 8727 8729 8728
f 8728 8729 8730
f 8728 8730 8731
f 7675 8728 8731
f 7675 8731 7658
f 7658 8731 8732
f 7658 8732 7659
f 8731 8730 8733
f 8731 8733 8732
f 8732 8733 5750
f 8732 5750 8734
f 7659 8732 8734
f 7659 8734 7661
f 7661 8734 8735
f 7661 8735 8736
f 8734 5750 8735
f 8736 8735 7665
f 7665 8735 8737
f 7665 8737 7666
f 8737 8725 8722
f 7666 8737 8722
f 7666 8722 7667
f 7672 8738 8739
f 7672 8739 8740
f 8738 8711 8739
f 8739 8711 8265
f 8739 8265 8727
f 8740 8739 8727
f 8740 8727 7674
f 7669 8721 8741
f 7669 8741 7670
f 8721 7756 8713
f 8721 8713 8741
f 8741 8713 8711
f 8741 8711 8738
f 7670 8741 8738
f 7670 8738 7672
f 8262 8264 8742
f 8264 8267 8743
f 8264 8743 8742
f 8742 8743 8744
f 8742 8744 8745
f 8262 8742 8745
f 8262 8745 8746
f 8700 8716 8747
f 8700 8747 8748
f 8716 7689 8747
f 8747 7689 8749
f 8748 8747 8749
f 8748 8749 8750
f 8714 8701 8751
f 8714 8751 8752
f 7679 8709 7680
f 8709 7683 7685
f 8709 7685 7688
f 7680 8709 7681
f 8753 8754 8755
f 8753 8755 8756
f 8754 7689 7690
f 8754 7690 8755
f 8755 7690 7682
f 8755 7682 7677
f 8756 8755 7677
f 8756 7677 7681
f 8695 8698 8757
f 8698 8700 8748
f 8698 8748 8750
f 8698 8750 8758
f 8757 8698 8758
f 7667 8724 7731
f 8724 8717 8759
f 8724 8759 7731
f 7731 8759 7733
f 8752 8760 8761
f 8752 8761 8714
f 8760 8757 8762
f 8760 8762 8761
f 8761 8762 8753
f 8761 8753 8763
f 8714 8761 8763
f 8714 8763 7686
f 8740 7674 8764
f 7672 8740 8764
f 7661 8736 7662
f 8736 7665 8765
f 7662 8736 8765
f 7662 8765 7663
f 7865 7867 8766
f 7865 8766 8767
f 7867 6105 6108
f 7867 6108 8766
f 8766 6108 6112
f 8766 6112 8768
f 8767 8766 8768
f 8767 8768 8769
f 6155 7906 8770
f 7906 6145 6148
f 7906 6148 8770
f 8770 6148 6152
f 8770 6152 8771
f 6155 8770 8771
f 6155 8771 6156
f 6149 7899 8772
f 7899 6129 6132
f 7899 6132 8772
f 8772 6132 6136
f 8772 6136 8773
f 6149 8772 8773
f 6149 8773 6150
f 7890 7893 8774
f 7890 8774 8775
f 7893 6137 8774
f 8774 6137 6144
f 8774 6144 8776
f 8775 8774 8776
f 8775 8776 8777
f 6053 6052 8778
f 6053 8778 8779
f 6052 6051 8780
f 6052 8780 8778
f 8778 8780 8781
f 8778 8781 8782
f 8779 8778 8782
f 8779 8782 6074
f 6074 8782 8783
f 6074 8783 6075
f 8782 8781 8784
f 8782 8784 8783
f 8783 8784 6062
f 8783 6062 6061
f 6075 8783 6061
f 6075 6061 6060
f 8781 8785 8786
f 8781 8786 8784
f 8785 6069 6068
f 8785 6068 8786
f 8786 6068 6067
f 8786 6067 8787
f 8784 8786 8787
f 8784 8787 6062
f 6051 8788 8789
f 6051 8789 8780
f 8788 8790 8791
f 8788 8791 8789
f 8789 8791 6069
f 8789 6069 8785
f 8780 8789 8785
f 8780 8785 8781
f 6055 6054 8792
f 6055 8792 7931
f 6054 6053 8779
f 6054 8779 8792
f 8792 8779 6074
f 8792 6074 6071
f 7931 8792 6071
f 6070 6069 8793
f 6070 8793 7928
f 6069 8791 8793
f 8793 8791 8790
f 8793 8790 8794
f 7928 8793 8794
f 7928 8794 7921
f 6062 8795 7924
f 6062 8787 8795
f 8795 8787 6067
f 8795 6067 6064
f 7924 8795 6064
f 7924 6064 6063
f 7921 8794 8796
f 7921 8796 7917
f 8794 8790 8788
f 8794 8788 8796
f 8796 8788 6051
f 8796 6051 6048
f 7917 8796 6048
f 7917 6048 6047
f 5964 5973 8797
f 5964 8797 5965
f 5973 5972 8798
f 5973 8798 8797
f 8797 8798 8799
f 8797 8799 8800
f 5965 8797 8800
f 5965 8800 5966
f 5966 8800 8801
f 5966 8801 8802
f 8800 8799 8803
f 8800 8803 8801
f 8801 8803 5980
f 8801 5980 5979
f 8802 8801 5979
f 8802 5979 5978
f 8799 8804 8805
f 8799 8805 8803
f 8804 5987 5986
f 8804 5986 8805
f 8805 5986 5985
f 8805 5985 8806
f 8803 8805 8806
f 8803 8806 5980
f 5972 8807 8808
f 5972 8808 8798
f 8807 8809 8810
f 8807 8810 8808
f 8808 8810 5987
f 8808 5987 8804
f 8798 8808 8804
f 8798 8804 8799
f 5988 5987 8811
f 5988 8811 7997
f 5987 8810 8811
f 8811 8810 8809
f 8811 8809 8812
f 7997 8811 8812
f 7997 8812 7987
f 5980 8813 7993
f 5980 8806 8813
f 8813 8806 5985
f 8813 5985 5982
f 7993 8813 5982
f 7993 5982 5981
f 7987 8812 8814
f 7987 8814 7984
f 8812 8809 8807
f 8812 8807 8814
f 8814 8807 5972
f 8814 5972 5969
f 7984 8814 5969
f 7984 5969 5968
f 5967 5966 8815
f 5967 8815 8001
f 5966 8802 8815
f 8815 8802 5978
f 8815 5978 5975
f 8001 8815 5975
f 8001 5975 5974
f 5822 5821 8816
f 5822 8816 8817
f 5821 5820 8818
f 5821 8818 8816
f 8816 8818 8819
f 8816 8819 8820
f 8817 8816 8820
f 8817 8820 5825
f 5825 8820 8821
f 5825 8821 5826
f 8820 8819 8822
f 8820 8822 8821
f 8821 8822 5834
f 8821 5834 5833
f 5826 8821 5833
f 5826 5833 5828
f 8819 8823 8824
f 8819 8824 8822
f 8823 5814 5813
f 8823 5813 8824
f 8824 5813 5812
f 8824 5812 8825
f 8822 8824 8825
f 8822 8825 5834
f 5820 8826 8827
f 5820 8827 8818
f 8826 8828 8829
f 8826 8829 8827
f 8827 8829 5814
f 8827 5814 8823
f 8818 8827 8823
f 8818 8823 8819
f 5834 8830 8060
f 5834 8825 8830
f 8830 8825 5812
f 8830 5812 5809
f 8060 8830 5809
f 8060 5809 5808
f 5824 5823 8831
f 5824 8831 8068
f 5823 5822 8817
f 5823 8817 8831
f 8831 8817 5825
f 8068 8831 5825
f 8057 8832 8833
f 8057 8833 8054
f 8832 8828 8826
f 8832 8826 8833
f 8833 8826 5820
f 8833 5820 5817
f 8054 8833 5817
f 8054 5817 5816
f 5815 5814 8829
f 5815 8829 8062
f 8829 8828 8832
f 8062 8829 8832
f 8062 8832 8057
f 8834 8835 8836
f 8834 8836 8837
f 8835 5841 8838
f 8835 8838 8836
f 8836 8838 8839
f 8836 8839 8840
f 8837 8836 8840
f 8837 8840 5856
f 5856 8840 8841
f 5856 8841 5857
f 8840 8839 8842
f 8840 8842 8841
f 8841 8842 5848
f 8841 5848 8843
f 5857 8841 8843
f 5857 8843 5858
f 8839 8844 8845
f 8839 8845 8842
f 8844 5864 5863
f 8844 5863 8845
f 8845 5863 5850
f 8845 5850 5849
f 8842 8845 5849
f 8842 5849 5848
f 5841 5840 8846
f 5841 8846 8838
f 5840 5839 8847
f 5840 8847 8846
f 8846 8847 5864
f 8846 5864 8844
f 8838 8846 8844
f 8838 8844 8839
f 8155 8848 8849
f 8155 8849 8170
f 8848 8834 8837
f 8848 8837 8849
f 8849 8837 5856
f 8849 5856 5853
f 8170 8849 5853
f 5865 5864 8850
f 5865 8850 8166
f 5864 8847 8850
f 8850 8847 5839
f 8850 5839 5836
f 8166 8850 5836
f 8166 5836 5835
f 5860 5859 8851
f 5860 8851 8163
f 5859 5858 8843
f 5859 8843 8851
f 8851 8843 5848
f 8851 5848 5845
f 8163 8851 5845
f 8163 5845 5844
f 5843 5842 8852
f 5843 8852 8157
f 5842 5841 8835
f 5842 8835 8852
f 8852 8835 8834
f 8852 8834 8848
f 8157 8852 8848
f 8157 8848 8155
f 8854 8422 8421
f 8854 8421 8420
f 8854 8420 8855
f 8853 8854 8855
f 8853 8855 6205
f 8853 6205 6204
f 8853 6204 8856
f 8856 6204 6203
f 8856 6203 8857
f 8856 8857 6198
f 6198 6197 8856
f 8856 6197 8430
f 8856 8430 8853
f 8853 8430 8858
f 8853 8858 8854
f 8854 8858 8859
f 8854 8859 8860
f 8854 8860 8422
f 8499 8861 8862
f 8499 8862 8497
f 8861 8859 8858
f 8861 8858 8862
f 8862 8858 8430
f 8862 8430 8427
f 8497 8862 8427
f 8497 8427 8426
f 6207 6206 8863
f 6207 8863 8488
f 6206 6205 8855
f 6206 8855 8863
f 8863 8855 8420
f 8863 8420 8417
f 8488 8863 8417
f 8488 8417 8416
f 6198 8864 8491
f 6198 8857 8864
f 8864 8857 6203
f 8864 6203 6200
f 8491 8864 6200
f 8491 6200 6199
f 8422 8865 8501
f 8422 8860 8865
f 8865 8860 8859
f 8865 8859 8861
f 8501 8865 8861
f 8501 8861 8499
f 8866 8454 8453
f 8866 8453 8452
f 8866 8452 8444
f 8363 8868 8867
f 8867 8868 8454
f 8867 8454 8866
f 8364 8362 8867
f 8364 8867 8869
f 8362 8363 8867
f 8869 8867 8866
f 8869 8866 8376
f 8376 8866 8870
f 8376 8870 8375
f 8870 8866 8444
f 8375 8870 8444
f 8375 8444 8377
f 8456 8455 8871
f 8455 8454 8868
f 8455 8868 8871
f 8871 8868 8872
f 8456 8871 8872
f 8456 8872 8549
f 8445 8444 8557
f 8444 8452 8449
f 8557 8444 8449
f 8557 8449 8448
f 8549 8872 8873
f 8549 8873 8362
f 8872 8868 8363
f 8872 8363 8873
f 8873 8363 8362
f 8366 8365 8552
f 8365 8364 8869
f 8365 8869 8552
f 8552 8869 8376
f 8552 8376 8374
f 8874 8875 8876
f 8874 8876 8877
f 8875 8878 8879
f 8875 8879 8876
f 8876 8879 8880
f 8876 8880 8881
f 8877 8876 8881
f 8877 8881 8882
f 8874 8883 8884
f 8874 8884 8875
f 8883 8885 8886
f 8883 8886 8884
f 8884 8886 8887
f 8884 8887 8888
f 8875 8884 8888
f 8875 8888 8878
f 7874 7877 8889
f 7874 8889 8890
f 7877 6121 8889
f 8889 6121 6128
f 8889 6128 8891
f 8890 8889 8891
f 8890 8891 8892
f 6124 7884 8893
f 6124 8893 6125
f 7884 6113 8893
f 8893 6113 6120
f 8893 6120 8894
f 6125 8893 8894
f 6125 8894 6126
f 6109 7881 8895
f 7881 7874 8890
f 7881 8890 8895
f 8895 8890 8892
f 8895 8892 8896
f 6109 8895 8896
f 6109 8896 6110
f 6043 8897 8898
f 6043 8898 6044
f 8897 6026 8899
f 8897 8899 8898
f 8898 8899 8900
f 8898 8900 8901
f 6044 8898 8901
f 6044 8901 6045
f 6045 8901 8902
f 6045 8902 8903
f 8901 8900 8904
f 8901 8904 8902
f 8902 8904 6032
f 8902 6032 8905
f 8903 8902 8905
f 8903 8905 8906
f 8900 8907 8908
f 8900 8908 8904
f 8907 6037 8909
f 8907 8909 8908
f 8908 8909 6034
f 8908 6034 6033
f 8904 8908 6033
f 8904 6033 6032
f 6026 6025 8910
f 6026 8910 8899
f 6025 6024 6038
f 6025 6038 8910
f 8910 6038 6037
f 8910 6037 8907
f 8899 8910 8907
f 8899 8907 8900
f 6046 6045 8903
f 6046 8903 7952
f 8903 8906 8911
f 7952 8903 8911
f 7952 8911 7944
f 6036 6035 8912
f 6036 8912 7948
f 6035 6034 8909
f 6035 8909 8912
f 8912 8909 6037
f 7948 8912 6037
f 7944 8911 8913
f 7944 8913 7942
f 8911 8906 8905
f 8911 8905 8913
f 8913 8905 6032
f 8913 6032 6029
f 7942 8913 6029
f 6028 6027 8914
f 6028 8914 7935
f 6027 6026 8897
f 6027 8897 8914
f 8914 8897 6043
f 8914 6043 6040
f 7935 8914 6040
f 7935 6040 6039
f 8915 8916 8917
f 8915 8917 8918
f 8916 5954 8919
f 8916 8919 8917
f 8917 8919 8920
f 8917 8920 8921
f 8918 8917 8921
f 8918 8921 5943
f 5943 8921 8922
f 5943 8922 5944
f 8921 8920 8923
f 8921 8923 8922
f 8922 8923 5958
f 8922 5958 8924
f 5944 8922 8924
f 5944 8924 5945
f 8920 8925 8926
f 8920 8926 8923
f 8925 5941 5940
f 8925 5940 8926
f 8926 5940 5939
f 8926 5939 5959
f 8923 8926 5959
f 8923 5959 5958
f 5954 5953 8927
f 5954 8927 8919
f 5953 5952 8928
f 5953 8928 8927
f 8927 8928 5941
f 8927 5941 8925
f 8919 8927 8925
f 8919 8925 8920
f 5947 5946 8929
f 5947 8929 8011
f 5946 5945 8924
f 5946 8924 8929
f 8929 8924 5958
f 8929 5958 5955
f 8011 8929 5955
f 5954 8930 8005
f 5954 8916 8930
f 8930 8916 8915
f 8930 8915 8931
f 8005 8930 8931
f 8005 8931 8002
f 8002 8931 8021
f 8931 8915 8918
f 8931 8918 8021
f 8021 8918 5943
f 5942 5941 8928
f 5942 8928 8018
f 8928 5952 5949
f 8018 8928 5949
f 8018 5949 5948
f 5894 5893 8932
f 5894 8932 5906
f 5893 5890 8933
f 5893 8933 8932
f 8932 8933 8934
f 8932 8934 8935
f 5906 8932 8935
f 5906 8935 5907
f 5907 8935 8936
f 5907 8936 8937
f 8935 8934 8938
f 8935 8938 8936
f 8936 8938 5903
f 8936 5903 5902
f 8937 8936 5902
f 8937 5902 5901
f 8934 8939 8940
f 8934 8940 8938
f 8939 5915 5914
f 8939 5914 8940
f 8940 5914 5913
f 8940 5913 8941
f 8938 8940 8941
f 8938 8941 5903
f 5890 8942 8943
f 5890 8943 8933
f 8942 8944 8945
f 8942 8945 8943
f 8943 8945 5915
f 8943 5915 8939
f 8933 8943 8939
f 8933 8939 8934
f 5916 5915 8945
f 5916 8945 8088
f 8088 8945 8944
f 8088 8944 8077
f 5908 5907 8937
f 5908 8937 8084
f 8937 5901 5898
f 8084 8937 5898
f 8084 5898 5897
f 5903 8946 8081
f 5903 8941 8946
f 8946 8941 5913
f 8946 5913 5910
f 8081 8946 5910
f 8081 5910 5909
f 8077 8944 8947
f 8077 8947 8073
f 8944 8942 8947
f 8947 8942 5890
f 8073 8947 5890
f 5887 8948 8949
f 5887 8949 5888
f 8948 5872 8950
f 8948 8950 8949
f 5888 8949 5889
f 5889 8949 8951
f 8949 8950 5877
f 8949 5877 8952
f 8951 8949 8952
f 8953 5883 5878
f 8950 8953 5878
f 8950 5878 5877
f 5872 5871 8954
f 5872 8954 8950
f 5871 5870 8954
f 8954 5870 5883
f 8954 5883 8953
f 8950 8954 8953
f 5889 8955 8152
f 5889 8951 8955
f 8955 8951 8956
f 8152 8955 8956
f 8152 8956 8146
f 5883 5870 8150
f 8150 5870 5867
f 8150 5867 5866
f 8146 8956 8957
f 8146 8957 8145
f 8956 8951 8952
f 8956 8952 8957
f 8957 8952 5877
f 8957 5877 5874
f 8145 8957 5874
f 8145 5874 5873
f 5872 8958 8139
f 5872 8948 8958
f 8958 8948 5887
f 8958 5887 5885
f 8139 8958 5885
f 8139 5885 5884
f 6189 8959 8960
f 6189 6191 8959
f 8960 8959 8961
f 8960 8961 8402
f 8962 8963 8964
f 8962 8964 8404
f 8962 8404 8403
f 8961 8962 8403
f 8961 8403 8402
f 6191 8176 8959
f 8959 8176 8175
f 8959 8175 8961
f 8961 8175 8965
f 8961 8965 8962
f 8962 8965 8966
f 8962 8966 8963
f 6193 6192 8967
f 6193 8967 8503
f 6192 6189 8960
f 6192 8960 8967
f 8967 8960 8402
f 8967 8402 8399
f 8503 8967 8399
f 8503 8399 8398
f 8507 8966 8520
f 8507 8963 8966
f 8520 8966 8968
f 8520 8968 8518
f 8518 8968 8969
f 8518 8969 8514
f 8968 8966 8965
f 8968 8965 8969
f 8969 8965 8175
f 8969 8175 8172
f 8514 8969 8172
f 8514 8172 8171
f 8406 8405 8970
f 8405 8404 8964
f 8405 8964 8970
f 8970 8964 8963
f 8970 8963 8507
f 8406 8970 8507
f 8971 8386 8385
f 8385 8382 8462
f 8457 8477 8458
f 8458 8971 8459
f 8459 8971 8972
f 8971 8385 8972
f 8972 8385 8462
f 8972 8462 8461
f 8458 8477 8386
f 8458 8386 8971
f 8462 8382 8570
f 8570 8382 8381
f 8459 8972 8569
f 8569 8972 8461
f 8569 8461 8460
f 8386 8973 8563
f 8386 8477 8973
f 8563 8973 8477
f 8563 8477 8476
f 6162 8270 8974
f 6162 8974 6163
f 8270 6183 8974
f 8974 6183 6187
f 8974 6187 8975
f 6163 8974 8975
f 6163 8975 6164
f 6171 8282 8976
f 8282 8256 8977
f 8282 8977 8976
f 8976 8977 8978
f 8976 8978 8979
f 6171 8976 8979
f 8267 8277 8980
f 8267 8980 8743
f 8277 6158 6161
f 8277 6161 8980
f 8980 6161 6166
f 8980 6166 8981
f 8743 8980 8981
f 8743 8981 8744
f 6080 7852 8982
f 6080 8982 6081
f 7852 6094 8982
f 8982 6094 6098
f 8982 6098 8983
f 6081 8982 8983
f 6081 8983 6082
f 6089 7845 8984
f 6089 8984 6090
f 7845 7826 8985
f 7845 8985 8984
f 8984 8985 8986
f 8984 8986 8987
f 6090 8984 8987
f 6090 8987 6091
f 7833 7835 8988
f 7833 8988 8989
f 7835 6099 6102
f 7835 6102 8988
f 8988 6102 6104
f 8988 6104 8990
f 8989 8988 8990
f 8989 8990 8991
f 6002 6010 8992
f 6002 8992 6003
f 6010 6009 8993
f 6010 8993 8992
f 8992 8993 8994
f 8992 8994 8995
f 6003 8992 8995
f 6003 8995 6004
f 6004 8995 8996
f 6004 8996 8997
f 8995 8994 8998
f 8995 8998 8996
f 8996 8998 6017
f 8996 6017 6016
f 8997 8996 6016
f 8997 6016 6015
f 8994 8999 9000
f 8994 9000 8998
f 8999 5995 5994
f 8999 5994 9000
f 9000 5994 5993
f 9000 5993 9001
f 8998 9000 9001
f 8998 9001 6017
f 6009 9002 9003
f 6009 9003 8993
f 9002 9004 9005
f 9002 9005 9003
f 9003 9005 5995
f 9003 5995 8999
f 8993 9003 8999
f 8993 8999 8994
f 6019 6018 9006
f 6019 9006 7968
f 6018 6017 9001
f 6018 9001 9006
f 9006 9001 5993
f 9006 5993 5990
f 7968 9006 5990
f 7968 5990 5989
f 7963 9007 9008
f 7963 9008 7959
f 9007 9004 9002
f 9007 9002 9008
f 9008 9002 6009
f 9008 6009 6006
f 7959 9008 6006
f 7959 6006 6005
f 6004 9009 7977
f 6004 8997 9009
f 9009 8997 6015
f 9009 6015 6012
f 7977 9009 6012
f 7977 6012 6011
f 5997 5996 9010
f 5997 9010 7970
f 5996 5995 9005
f 5996 9005 9010
f 9010 9005 9004
f 9010 9004 9007
f 7970 9010 9007
f 7970 9007 7963
f 5934 8050 9011
f 8050 8022 9012
f 8050 9012 9011
f 9011 9012 9013
f 5929 8046 9014
f 8046 8037 9015
f 8046 9015 9014
f 9014 9015 9016
f 9014 9016 9017
f 5929 9014 9017
f 5929 9017 5930
f 8037 8040 9018
f 8037 9018 9015
f 8040 5917 9018
f 9018 5917 5924
f 9018 5924 9019
f 9015 9018 9019
f 9015 9019 9016
f 8029 8031 9020
f 8029 9020 9021
f 8031 5925 5928
f 8031 5928 9020
f 9020 5928 5932
f 9020 5932 9022
f 9021 9020 9022
f 9021 9022 9023
f 9024 9025 9026
f 9024 9026 9027
f 9025 6631 6630
f 9025 6630 9026
f 9026 6630 6629
f 9026 6629 9028
f 9027 9026 9028
f 9027 9028 9029
f 9030 9031 9032
f 9030 9032 9033
f 9031 6640 9034
f 9031 9034 9032
f 9032 9034 9029
f 9032 9029 9028
f 9033 9032 9028
f 9033 9028 6629
f 9024 9027 9035
f 9024 9035 9036
f 9027 9029 9037
f 9027 9037 9035
f 9035 9037 6548
f 9035 6548 6547
f 9036 9035 6547
f 9036 6547 6546
f 6638 6646 9038
f 6638 9038 6639
f 6646 6548 9037
f 6646 9037 9038
f 9038 9037 9029
f 9038 9029 9034
f 6639 9038 9034
f 6639 9034 6640
f 6633 6632 9039
f 6633 9039 8103
f 6632 6631 9025
f 6632 9025 9039
f 9039 9025 9024
f 9039 9024 8100
f 8103 9039 8100
f 6640 9031 8098
f 9031 9030 9040
f 8098 9031 9040
f 8098 9040 8094
f 8094 9040 9041
f 8094 9041 8092
f 9040 9030 9033
f 9040 9033 9041
f 9041 9033 6629
f 9041 6629 6626
f 8092 9041 6626
f 8100 9042 8110
f 8100 9024 9036
f 8100 9036 9042
f 9042 9036 6546
f 9042 6546 6543
f 8110 9042 6543
f 8110 6543 6542
f 6529 6528 9043
f 6529 9043 9044
f 6528 6523 6522
f 6528 6522 9043
f 9043 6522 6521
f 9043 6521 9045
f 9044 9043 9045
f 9044 9045 9046
f 6539 6538 9047
f 6539 9047 9048
f 6538 6537 9049
f 6538 9049 9047
f 9047 9049 9046
f 9047 9046 9045
f 9048 9047 9045
f 9048 9045 6521
f 9046 9050 9051
f 9046 9051 9044
f 9050 6300 6299
f 9050 6299 9051
f 9051 6299 6298
f 9051 6298 9052
f 9044 9051 9052
f 9044 9052 6529
f 9053 9054 9055
f 9053 9055 9056
f 9054 6300 9050
f 9054 9050 9055
f 9055 9050 9046
f 9055 9046 9049
f 9056 9055 9049
f 9056 9049 6537
f 8119 9057 9058
f 8119 9058 8115
f 9057 9053 9056
f 9057 9056 9058
f 9058 9056 6537
f 9058 6537 6534
f 8115 9058 6534
f 8115 6534 6533
f 6529 9059 8132
f 6529 9052 9059
f 9059 9052 6298
f 9059 6298 6295
f 8132 9059 6295
f 8132 6295 6294
f 6541 6540 9060
f 6541 9060 8129
f 6540 6539 9048
f 6540 9048 9060
f 9060 9048 6521
f 9060 6521 6518
f 8129 9060 6518
f 8129 6518 6517
f 6302 6301 9061
f 6302 9061 8121
f 6301 6300 9054
f 6301 9054 9061
f 9061 9054 9053
f 9061 9053 9057
f 8121 9061 9057
f 8121 9057 8119
f 6221 6220 9062
f 6221 9062 9063
f 6220 6219 9064
f 6220 9064 9062
f 9062 9064 9065
f 9062 9065 9066
f 9063 9062 9066
f 9063 9066 9067
f 6219 9068 9069
f 6219 9069 9064
f 9068 6212 6211
f 9068 6211 9069
f 9069 6211 6208
f 9069 6208 9070
f 9064 9069 9070
f 9064 9070 9065
f 9065 9071 9072
f 9065 9072 9066
f 9071 8393 9073
f 9071 9073 9072
f 9072 9073 9074
f 9072 9074 9075
f 9066 9072 9075
f 9066 9075 9067
f 6208 8411 9076
f 6208 9076 9070
f 8411 8395 8394
f 8411 8394 9076
f 9076 8394 8393
f 9076 8393 9071
f 9070 9076 9071
f 9070 9071 9065
f 8522 9077 8544
f 8522 9067 9075
f 8522 9075 9077
f 9077 9075 9074
f 9077 9074 9078
f 8544 9077 9078
f 8544 9078 8540
f 8540 9078 9079
f 8540 9079 8536
f 9078 9074 9073
f 9078 9073 9079
f 9079 9073 8393
f 9079 8393 8390
f 8536 9079 8390
f 8536 8390 8389
f 6214 6213 9080
f 6214 9080 8533
f 6213 6212 9068
f 6213 9068 9080
f 9080 9068 6219
f 9080 6219 6216
f 8533 9080 6216
f 8533 6216 6215
f 6223 6222 9081
f 6223 9081 8525
f 6222 6221 9063
f 6222 9063 9081
f 9081 9063 9067
f 9081 9067 8522
f 8525 9081 8522
f 8485 9082 9083
f 8485 9083 9084
f 9083 8438 8436
f 9084 9083 8436
f 9084 8436 8437
f 8483 9085 9086
f 8483 9086 8484
f 8484 9086 9082
f 8484 9082 8485
f 9085 9087 9086
f 9085 9088 9089
f 9085 9089 9087
f 9087 9089 8472
f 9087 8472 9082
f 9086 9087 9082
f 9082 8472 8471
f 9082 8471 9083
f 9083 8471 8440
f 9083 8440 8439
f 9083 8439 8438
f 8485 9090 8580
f 8485 9084 9090
f 9090 9084 8437
f 9090 8437 8435
f 8580 9090 8435
f 8580 8435 8434
f 8474 8473 9091
f 8474 9091 8574
f 8473 8472 9089
f 8473 9089 9091
f 9091 9089 9088
f 8574 9091 9088
f 8574 9088 8572
f 8572 9088 8585
f 9088 9085 8585
f 8585 9085 9092
f 8585 9092 8584
f 9092 9085 8483
f 9092 8483 8480
f 8584 9092 8480
f 8584 8480 8479
f 6249 9093 9094
f 6249 9094 6244
f 9093 9095 9096
f 9093 9096 9094
f 9094 9096 9097
f 9094 9097 9098
f 6244 9094 9098
f 6244 9098 6242
f 6242 9098 9099
f 6242 9099 9100
f 9098 9097 9101
f 9098 9101 9099
f 9099 9101 6344
f 9099 6344 9102
f 9100 9099 9102
f 9100 9102 9103
f 6256 9104 9105
f 6256 9105 6253
f 9104 7972 7971
f 9104 7971 9105
f 9105 7971 7961
f 9105 7961 9106
f 6253 9105 9106
f 6253 9106 6250
f 6257 9107 9108
f 6257 9108 9109
f 9107 7836 7975
f 9107 7975 9108
f 9108 7975 7972
f 9108 7972 9104
f 9109 9108 9104
f 9109 9104 6256
f 6265 9110 9111
f 6265 9111 6260
f 9110 9112 9111
f 9111 7836 9107
f 6260 9111 9107
f 6260 9107 6257
f 9103 9102 9113
f 9103 9113 9114
f 9102 6344 9113
f 9113 9112 9110
f 9114 9113 9110
f 9114 9110 6265
f 6250 9106 9115
f 6250 9115 6269
f 9106 7961 9116
f 9106 9116 9115
f 9115 9116 9117
f 9115 9117 9118
f 6269 9115 9118
f 6269 9118 6266
f 6266 9118 9119
f 6266 9119 9120
f 9118 9117 9121
f 9118 9121 9119
f 9119 9121 9095
f 9119 9095 9093
f 9120 9119 9093
f 9120 9093 6249
f 6559 9122 9123
f 6559 9123 9124
f 9122 8043 8042
f 9122 8042 9123
f 9123 8042 6291
f 9123 6291 9125
f 9124 9123 9125
f 9124 9125 6580
f 6565 9126 9127
f 6565 9127 6561
f 9126 7961 8047
f 9126 8047 9127
f 9127 8047 8043
f 9127 8043 9122
f 6561 9127 9122
f 6561 9122 6559
f 6566 9128 9129
f 6566 9129 9130
f 9128 9117 9116
f 9128 9116 9129
f 9129 9116 7961
f 9129 7961 9126
f 9130 9129 9126
f 9130 9126 6565
f 6551 9131 9132
f 6551 9132 6569
f 9131 9095 9121
f 9131 9121 9132
f 9132 9121 9117
f 9132 9117 9128
f 6569 9132 9128
f 6569 9128 6566
f 6572 9133 9134
f 6572 9134 9135
f 9133 6285 9134
f 9134 6285 6284
f 9134 6284 9136
f 9135 9134 9136
f 9135 9136 9137
f 6580 9125 9138
f 6580 9138 6575
f 9125 6291 7212
f 9125 7212 9138
f 9138 7212 6285
f 9138 6285 9133
f 6575 9138 9133
f 6575 9133 6572
f 6558 9139 9140
f 6558 9140 6554
f 9139 9141 9142
f 9139 9142 9140
f 9140 9142 9095
f 9140 9095 9131
f 6554 9140 9131
f 6554 9131 6551
f 9137 9136 9143
f 9137 9143 9144
f 9136 6284 9143
f 9143 9141 9139
f 9144 9143 9139
f 9144 9139 6558
f 9145 9146 9147
f 9145 9147 9148
f 9146 6263 9149
f 9146 9149 9147
f 9147 9149 9150
f 9147 9150 9151
f 9148 9147 9151
f 9148 9151 6245
f 6245 9151 9152
f 6245 9152 6246
f 9151 9150 9153
f 9151 9153 9152
f 9152 9153 6270
f 9152 6270 9154
f 6246 9152 9154
f 6246 9154 6247
f 9150 9155 9156
f 9150 9156 9153
f 9155 6256 6255
f 9155 6255 9156
f 9156 6255 6254
f 9156 6254 6271
f 9153 9156 6271
f 9153 6271 6270
f 6263 6262 9157
f 6263 9157 9149
f 6262 6261 9158
f 6262 9158 9157
f 9157 9158 6256
f 9157 6256 9155
f 9149 9157 9155
f 9149 9155 9150
f 6249 6248 9159
f 6249 9159 9120
f 6248 6247 9154
f 6248 9154 9159
f 9159 9154 6270
f 9159 6270 6267
f 9120 9159 6267
f 9120 6267 6266
f 6265 6264 9160
f 6265 9160 9114
f 6264 6263 9146
f 6264 9146 9160
f 9160 9146 9145
f 9160 9145 9161
f 9114 9160 9161
f 9114 9161 9103
f 6256 9162 9109
f 6256 9158 9162
f 9162 9158 6261
f 9162 6261 6258
f 9109 9162 6258
f 9109 6258 6257
f 9103 9161 9163
f 9103 9163 9100
f 9161 9145 9148
f 9161 9148 9163
f 9163 9148 6245
f 9163 6245 6242
f 9100 9163 6242
f 6578 6577 9164
f 6578 9164 9165
f 6577 6576 9166
f 6577 9166 9164
f 9164 9166 9167
f 9164 9167 9168
f 9165 9164 9168
f 9165 9168 6559
f 6559 9168 9169
f 6559 9169 6562
f 9168 9167 9170
f 9168 9170 9169
f 9169 9170 6570
f 9169 6570 9171
f 6562 9169 9171
f 6562 9171 6563
f 9167 9172 9173
f 9167 9173 9170
f 9172 6557 6556
f 9172 6556 9173
f 9173 6556 6555
f 9173 6555 6571
f 9170 9173 6571
f 9170 6571 6570
f 6576 9174 9175
f 6576 9175 9166
f 9174 9176 9177
f 9174 9177 9175
f 9175 9177 6557
f 9175 6557 9172
f 9166 9175 9172
f 9166 9172 9167
f 9137 9178 9179
f 9137 9179 9135
f 9178 9176 9174
f 9178 9174 9179
f 9179 9174 6576
f 9179 6576 6573
f 9135 9179 6573
f 9135 6573 6572
f 6565 6564 9180
f 6565 9180 9130
f 6564 6563 9171
f 6564 9171 9180
f 9180 9171 6570
f 9180 6570 6567
f 9130 9180 6567
f 9130 6567 6566
f 6580 6579 9181
f 6580 9181 9124
f 6579 6578 9165
f 6579 9165 9181
f 9181 9165 6559
f 9124 9181 6559
f 6558 6557 9144
f 6557 9177 9144
f 9144 9177 9176
f 9144 9176 9178
f 9144 9178 9137
f 5600 9182 9183
f 5600 9183 5601
f 9182 8292 8315
f 9182 8315 9183
f 9183 8315 8314
f 9183 8314 9184
f 5601 9183 9184
f 5601 9184 5602
f 5602 9184 9185
f 5602 9185 9186
f 9184 8314 8323
f 9184 8323 9185
f 9185 8323 8322
f 9185 8322 9187
f 9186 9185 9187
f 9186 9187 9188
f 9189 9190 9191
f 9189 9191 9192
f 9190 8348 8347
f 9190 8347 9191
f 9191 8347 8346
f 9191 8346 9193
f 9192 9191 9193
f 9192 9193 9194
f 9194 9193 9195
f 9194 9195 9196
f 9193 8346 9195
f 9195 8346 8292
f 9195 8292 9182
f 9196 9195 9182
f 9196 9182 5600
f 7751 9197 9198
f 7751 9198 9199
f 9197 9200 9198
f 9198 9200 8348
f 9198 8348 9190
f 9199 9198 9190
f 9199 9190 9189
f 9201 9202 9203
f 9201 9203 9204
f 9202 8628 8649
f 9202 8649 9203
f 9203 8649 7739
f 9203 7739 9205
f 9204 9203 9205
f 9204 9205 7747
f 7747 9205 9206
f 7747 9206 7748
f 9205 7739 9200
f 9205 9200 9206
f 9206 9200 9197
f 7748 9206 9197
f 7748 9197 7751
f 9188 9187 9207
f 9188 9207 9208
f 9187 8322 8629
f 9187 8629 9207
f 9207 8629 8628
f 9207 8628 9202
f 9208 9207 9202
f 9208 9202 9201
f 9209 9210 9211
f 9209 3352 9210
f 9210 3352 9212
f 9211 9210 9212
f 9211 9212 9213
f 8635 8357 8636
f 8357 8348 9214
f 8636 8357 9214
f 8636 9214 8639
f 9213 9212 9215
f 9213 9215 9216
f 9212 3352 8361
f 9212 8361 9215
f 9215 8361 8357
f 9216 9215 8357
f 9216 8357 8635
f 8587 9217 8588
f 8588 9217 8591
f 8591 9217 9219
f 8591 9219 9220
f 9217 9218 9219
f 9220 9219 9221
f 9220 9221 8595
f 8595 9221 9222
f 8595 9222 8596
f 8596 9222 8599
f 8599 9222 4253
f 9222 4251 4253
f 4253 3352 9209
f 8639 9214 9223
f 9223 9214 9217
f 9223 9217 8587
f 8617 9224 9225
f 8617 9225 9226
f 9224 7739 7742
f 9224 7742 9225
f 9225 7742 7746
f 9225 7746 9227
f 9226 9225 9227
f 9226 9227 9228
f 5617 9229 9230
f 5617 9230 8622
f 9229 9218 9217
f 9229 9217 9230
f 9230 9217 9214
f 8622 9230 9214
f 8622 9214 8608
f 9231 9232 9218
f 9231 9218 9229
f 5620 9231 9229
f 5620 9229 5617
f 8603 9233 8617
f 9233 8348 9200
f 9233 9200 9234
f 8617 9233 9234
f 8608 9214 8603
f 9214 8348 9233
f 8603 9214 9233
f 9228 9227 9235
f 9228 9235 9236
f 9227 7746 8647
f 9227 8647 9235
f 9235 8647 8646
f 9234 9200 7739
f 9234 7739 9224
f 8617 9234 9224
f 9236 9235 9231
f 9236 9231 5620
f 9235 8646 9237
f 9235 9237 9231
f 8615 9238 8613
f 8613 9238 9239
f 8613 9239 8611
f 9239 4270 8611
f 8614 9240 8616
f 8609 9221 8614
f 9221 9219 8614
f 8614 9219 9218
f 8610 9222 9221
f 8610 9221 8609
f 9241 9222 8610
f 9241 4274 9222
f 9222 4274 4251
f 8611 4270 4275
f 4275 4274 9241
f 8616 9240 5522
f 8616 5522 8615
f 9242 9243 9244
f 9242 9244 9245
f 9243 9231 9237
f 9243 9237 9244
f 9244 9237 8646
f 9244 8646 8650
f 9245 9244 8650
f 9245 8650 5637
f 5522 5527 9246
f 5522 9246 8615
f 8615 9246 9247
f 8615 9247 9238
f 9242 5524 5523
f 9242 5523 9248
f 9248 5523 5522
f 9248 5522 9240
f 5640 5641 9246
f 5641 5644 9246
f 9246 5644 9247
f 5640 9246 5527
f 9242 9248 9249
f 9242 9249 9243
f 9248 9240 8614
f 9248 8614 9249
f 9249 8614 9218
f 9249 9218 9232
f 9243 9249 9232
f 9243 9232 9231
f 9247 5644 9250
f 5644 5645 9250
f 9250 5645 630
f 9250 630 4285
f 9247 9250 9239
f 9247 9239 9238
f 9250 4285 9239
f 9239 4285 4270
f 7688 7687 9251
f 7688 9251 8709
f 7687 7686 8763
f 7687 8763 9251
f 9251 8763 8753
f 9251 8753 8756
f 8709 9251 8756
f 8709 8756 7681
f 7733 9252 9253
f 7733 9253 7734
f 9252 7671 7673
f 9252 7673 9253
f 9253 7673 7672
f 9253 7672 9254
f 7734 9253 9254
f 7734 9254 7735
f 7665 7736 9255
f 7665 9255 8765
f 7736 7735 9256
f 7736 9256 9255
f 9255 9256 7664
f 9255 7664 7659
f 8765 9255 7659
f 8765 7659 7663
f 9194 9196 9257
f 9194 9257 9258
f 9196 5600 5597
f 9196 5597 9257
f 9257 5597 9259
f 9258 9257 9259
f 9258 9259 9260
f 7751 9199 9261
f 7751 9261 7752
f 9199 9189 9261
f 9261 9189 9262
f 7752 9261 9262
f 7752 9262 7753
f 9188 9208 9263
f 9208 9201 9264
f 9208 9264 9265
f 9208 9265 9266
f 9263 9208 9266
f 9263 9266 9267
f 9268 9269 8620
f 9268 8620 9270
f 8607 9268 9271
f 8607 9271 5618
f 9271 9268 9270
f 9271 9270 9272
f 5618 9271 9272
f 9268 8607 8606
f 9268 8606 9269
f 9269 8606 8620
f 9228 9273 9226
f 9228 9270 8620
f 9228 8620 9273
f 9273 8620 8618
f 9226 9273 8618
f 9226 8618 8617
f 5619 5618 9274
f 5620 5619 9274
f 5620 9274 9236
f 9274 5618 9272
f 9274 9272 9270
f 9274 9270 9228
f 9236 9274 9228
f 8617 8619 8606
f 8619 8620 8606
f 8617 8606 8604
f 8617 8604 8603
f 8639 9223 9275
f 8639 9275 8640
f 9223 8587 8590
f 9223 8590 9275
f 9275 8590 8594
f 9275 8594 9276
f 8640 9275 9276
f 8640 9276 8641
f 8591 9220 9277
f 8591 9277 8592
f 9220 8595 8598
f 9220 8598 9277
f 9277 8598 8602
f 9277 8602 8593
f 8592 9277 8593
f 9213 9216 9278
f 9213 9278 9279
f 9216 8635 8638
f 9216 8638 9278
f 9278 8638 8642
f 9278 8642 9280
f 9279 9278 9280
f 9279 9280 9281
f 8599 4253 9282
f 8599 9282 8600
f 4253 9209 9283
f 4253 9283 9282
f 9282 9283 9284
f 9282 9284 8601
f 8600 9282 8601
f 9242 9245 5535
f 9242 5535 5524
f 9245 5637 5638
f 9245 5638 5535
f 5535 5638 5517
f 8610 8609 9285
f 8610 9285 9286
f 9286 9285 8611
f 9285 8612 8611
f 9285 8616 8615
f 9285 8615 8612
f 8609 8614 9285
f 9285 8614 8616
f 9241 8611 4275
f 9241 9286 8611
f 8613 8612 8615
f 8610 9286 9241
f 9287 9288 9289
f 9287 9289 9290
f 9288 9095 9291
f 9288 9291 9289
f 9289 9291 9292
f 9289 9292 9293
f 9290 9289 9293
f 9290 9293 6412
f 6412 9293 9294
f 6412 9294 6413
f 9293 9292 9295
f 9293 9295 9294
f 9294 9295 6385
f 9294 6385 9296
f 6413 9294 9296
f 6413 9296 6416
f 6425 9297 9096
f 6425 9096 9298
f 9297 9097 9096
f 9096 9095 9288
f 9298 9096 9288
f 9298 9288 9287
f 6421 9299 9300
f 6421 9300 6422
f 9299 6344 9101
f 9299 9101 9300
f 9300 9101 9097
f 9300 9097 9297
f 6422 9300 9297
f 6422 9297 6425
f 6432 9301 9302
f 6432 9302 9303
f 9301 6407 6409
f 9301 6409 9302
f 9302 6409 6408
f 9302 6408 9304
f 9303 9302 9304
f 9303 9304 6436
f 6416 9296 9305
f 6416 9305 6430
f 9296 6385 6406
f 9296 6406 9305
f 9305 6406 6407
f 9305 6407 9301
f 6430 9305 9301
f 6430 9301 6432
f 6440 9306 9307
f 6440 9307 9308
f 9306 6447 6448
f 9306 6448 9307
f 9307 6448 6344
f 9307 6344 9299
f 9308 9307 9299
f 9308 9299 6421
f 6436 9304 9309
f 6436 9309 6437
f 9304 6408 6447
f 9304 6447 9309
f 9309 6447 9306
f 6437 9309 9306
f 6437 9306 6440
f 9310 9311 9312
f 9310 9312 9313
f 9311 9292 9291
f 9311 9291 9312
f 9312 9291 9095
f 9312 9095 9314
f 9313 9312 9314
f 9313 9314 6581
f 9315 9316 9317
f 9315 9317 9318
f 9316 6385 9295
f 9316 9295 9317
f 9317 9295 9292
f 9317 9292 9311
f 9318 9317 9311
f 9318 9311 9310
f 6602 9319 9320
f 6602 9320 9321
f 9319 7204 7207
f 9319 7207 9320
f 9320 7207 6613
f 9320 6613 9322
f 9321 9320 9322
f 9321 9322 6589
f 6598 9323 9324
f 6598 9324 6599
f 9323 6284 7205
f 9323 7205 9324
f 9324 7205 7204
f 9324 7204 9319
f 6599 9324 9319
f 6599 9319 6602
f 6581 9314 9325
f 6581 9325 6582
f 9314 9095 9142
f 9314 9142 9325
f 9325 9142 9141
f 6582 9325 9141
f 6582 9141 6585
f 6585 9141 9326
f 6585 9326 9327
f 9141 9143 9326
f 9326 9143 6284
f 9326 6284 9323
f 9327 9326 9323
f 9327 9323 6598
f 6589 9322 9328
f 6589 9328 6590
f 9322 6613 6615
f 9322 6615 9328
f 9328 6615 6606
f 9328 6606 9329
f 6590 9328 9329
f 6590 9329 6593
f 6593 9329 9330
f 6593 9330 9331
f 9329 6606 9330
f 9330 6606 6385
f 9330 6385 9316
f 9331 9330 9316
f 9331 9316 9315
f 9315 9318 9332
f 9315 9332 9333
f 9318 9310 9332
f 9332 9310 9334
f 9333 9332 9334
f 9333 9334 9335
f 6440 9308 9336
f 6440 9336 6441
f 9308 6421 6424
f 9308 6424 9336
f 9336 6424 6429
f 9336 6429 9337
f 6441 9336 9337
f 6441 9337 6442
f 6432 9303 9338
f 6432 9338 6433
f 9303 6436 6439
f 9303 6439 9338
f 9338 6439 6444
f 9338 6444 9339
f 6433 9338 9339
f 6433 9339 6434
f 6425 9298 9340
f 6425 9340 6426
f 9298 9287 9341
f 9298 9341 9340
f 9340 9341 9342
f 9340 9342 9343
f 6426 9340 9343
f 6426 9343 6427
f 9321 6589 6592
f 9321 6592 6597
f 6602 9321 6603
f 5773 9344 9345
f 5773 9345 5774
f 9344 9346 9347
f 9344 9347 9345
f 9345 9347 9348
f 9345 9348 9349
f 5774 9345 9349
f 5774 9349 5775
f 6593 9331 9350
f 6593 9350 6594
f 9331 9315 9333
f 9331 9333 9350
f 9350 9333 9335
f 9350 9335 9351
f 6594 9350 9351
f 6594 9351 6595
f 6585 9327 9352
f 9327 6598 6601
f 9327 6601 9352
f 9352 6601 6605
f 9352 6605 9353
f 6585 9352 9353
f 6585 9353 6586
f 9357 9359 9358
f 9358 9360 9361
f 9364 9365 9366
f 9366 9359 9357
f 9367 9368 9369
f 9370 9365 9364
f 9369 9368 9372
f 4416 4418 9374
f 4418 4420 9374
f 9374 9371 9370
f 9373 9372 9375
f 9361 9360 9376
f 8371 9381 8373
f 8372 9379 9380
f 8372 9380 8371
f 8371 9380 9354
f 8371 9354 9381
f 9382 9361 9376
f 9376 9377 9383
f 9382 9376 9383
f 8475 4434 3483
f 8380 9384 9385
f 8380 9385 8475
f 9384 9373 9375
f 9384 9375 9385
f 9385 9375 4422
f 9385 4422 4437
f 8475 9385 4437
f 8475 4437 4434
f 9386 9387 9388
f 8370 9390 9391
f 8370 9391 8379
f 8379 9391 8380
f 9390 9369 9372
f 9390 9372 9391
f 9391 9372 9373
f 9391 9373 9384
f 9391 9384 8380
f 9388 9387 9392
f 9386 9388 9392
f 8369 9395 9396
f 8369 9396 8368
f 8368 9396 9390
f 8368 9390 8370
f 9395 9363 9367
f 9395 9367 9396
f 9396 9367 9369
f 9396 9369 9390
f 8468 9401 9402
f 8468 9402 8478
f 8478 9402 9395
f 8478 9395 8369
f 9401 9356 9362
f 9401 9362 9402
f 9402 9362 9363
f 9402 9363 9395
f 9403 9404 9405
f 9406 9407 9397
f 8373 9381 8467
f 8467 9401 8468
f 9381 9354 9408
f 9381 9408 8467
f 9354 9355 9408
f 9408 9355 9356
f 9408 9356 9401
f 8467 9408 9401
f 31 4422 9375
f 31 9375 9372
f 5085 9372 9368
f 5085 9368 9367
f 5085 9367 9363
f 5086 9363 9362
f 5086 9362 9356
f 9356 9355 9409
f 9354 9409 9355
f 5086 9356 9409
f 9354 9380 9410
f 9379 9410 9380
f 5099 9410 9379
f 5099 9379 9378
f 5203 9377 9376
f 5203 9376 9360
f 5203 9360 9358
f 5198 9359 9366
f 5198 9366 9365
f 5198 9365 9370
f 136 9374 4420
f 5085 5108 9372
f 31 9372 5108
f 5086 5084 9363
f 5085 9363 5084
f 9354 9410 5098
f 9354 5098 9409
f 5099 5098 9410
f 5086 9409 5098
f 5099 9378 5202
f 9377 5202 9378
f 5203 5202 9377
f 5203 9358 5208
f 9359 5208 9358
f 5198 5208 9359
f 5198 9370 9371
f 5198 9371 5199
f 136 5199 9371
f 136 9371 9374
f 9411 8547 8546
f 9411 8546 9389
f 9389 8546 8550
f 8550 3566 9389
f 9393 9412 9411
f 9411 9412 8547
f 9389 3566 4466
f 9389 4466 9392
f 9392 9413 9386
f 9392 4466 9413
f 9413 4466 4416
f 9413 4416 9374
f 9386 9413 9374
f 9386 9374 9370
f 9370 9364 9412
f 9386 9370 9412
f 9386 9412 9393
f 9397 8561 8560
f 9397 8560 9406
f 9406 8560 8562
f 8562 8547 9406
f 9406 8547 9412
f 9414 9406 9400
f 9398 9382 9397
f 9397 9382 8561
f 9403 9361 9382
f 9403 9382 9398
f 9400 9406 9412
f 9400 9412 9399
f 9412 9364 9366
f 9399 9412 9366
f 9399 9366 9357
f 9399 9357 9405
f 9405 9357 9358
f 9405 9358 9403
f 9358 9361 9403
f 9377 9378 9383
f 9378 9379 8372
f 9378 8372 9415
f 9383 9378 9415
f 8372 8576 9415
f 8576 8575 9383
f 9415 8576 9383
f 9389 9392 9416
f 9392 9387 9416
f 9389 9416 9394
f 9416 9387 9394
f 9411 9394 9393
f 9389 9394 9411
f 9393 9394 9387
f 9393 9387 9386
f 9417 9418 9407
f 9400 9399 9404
f 9400 9404 9418
f 9417 9400 9418
f 9407 9418 9398
f 9407 9398 9397
f 9418 9404 9403
f 9418 9403 9398
f 9406 9417 9407
f 9405 9404 9399
f 9400 9417 9414
f 9414 9417 9406
f 8575 8573 9382
f 8575 9382 9383
f 8573 8561 9382
f 5773 9419 9420
f 5773 9420 9344
f 9419 6333 6331
f 9419 6331 9420
f 9420 6331 6318
f 9420 6318 9421
f 9344 9420 9421
f 9344 9421 9346
f 9346 9421 9422
f 9346 9422 9423
f 9421 6318 6315
f 9421 6315 9422
f 9422 6315 5742
f 9422 5742 9424
f 9423 9422 9424
f 9423 9424 9425
f 5763 9426 9427
f 5763 9427 5764
f 9426 8730 8729
f 9426 8729 9427
f 9427 8729 8265
f 9427 8265 9428
f 5764 9427 9428
f 5764 9428 5766
f 5780 9429 9430
f 5780 9430 9431
f 9429 5750 8733
f 9429 8733 9430
f 9430 8733 8730
f 9430 8730 9426
f 9431 9430 9426
f 9431 9426 5763
f 5770 8261 9432
f 5770 9432 5771
f 8261 8260 9432
f 9432 8260 6333
f 9432 6333 9419
f 5771 9432 9419
f 5771 9419 5773
f 5766 9428 9433
f 5766 9433 9434
f 9428 8265 8263
f 9428 8263 9433
f 9433 8263 8261
f 9434 9433 8261
f 9434 8261 5770
f 5778 9435 9436
f 5778 9436 5779
f 9435 5745 9436
f 9436 5745 5750
f 9436 5750 9429
f 5779 9436 9429
f 5779 9429 5780
f 9425 9424 9437
f 9425 9437 9438
f 9424 5742 5745
f 9424 5745 9437
f 9437 5745 9435
f 9438 9437 9435
f 9438 9435 5778
f 6235 9439 9440
f 6235 9440 6236
f 9439 5762 5761
f 9439 5761 9440
f 9440 5761 5760
f 9440 5760 9441
f 6236 9440 9441
f 6236 9441 6237
f 9438 5778 5782
f 9438 5782 9442
f 9425 9438 9442
f 5766 9434 5767
f 9434 5770 5777
f 9434 5777 9443
f 5767 9434 9443
f 5767 9443 5768
f 9431 5763 5765
f 9431 5765 5769
f 9444 9445 9446
f 9444 9446 9447
f 9445 6496 6498
f 9445 6498 9446
f 9446 6498 6497
f 9446 6497 8526
f 9447 9446 8526
f 9447 8526 9448
f 5801 9449 9450
f 5801 9450 9451
f 9449 5796 6494
f 9449 6494 9450
f 9450 6494 6496
f 9450 6496 9445
f 9451 9450 9445
f 9451 9445 9444
f 5798 5797 5796
f 5798 5796 9449
f 5799 5798 9449
f 5799 9449 5801
f 9448 8526 9452
f 5804 8463 9453
f 5804 9453 5805
f 8463 8464 9453
f 9453 8464 8432
f 9453 8432 5807
f 5805 9453 5807
f 9454 8465 8466
f 9454 8466 8463
f 9455 9454 8463
f 9455 8463 5804
f 5807 5798 8388
f 5807 8432 8431
f 5807 8431 5798
f 5798 8431 5797
f 9452 8526 9456
f 9452 9456 9454
f 8526 8523 9456
f 9456 8523 8465
f 9456 8465 9454
f 9452 9454 9457
f 9448 9458 9459
f 9448 9452 9458
f 9458 9452 9457
f 9459 9458 9457
f 5801 9451 9460
f 5801 9460 5802
f 9451 9444 9461
f 9451 9461 9460
f 9460 9461 9462
f 9460 9462 9463
f 5802 9460 9463
f 5802 9463 5803
f 6233 9464 9465
f 6233 9465 9466
f 9464 6344 6343
f 9464 6343 9465
f 9465 6343 6337
f 9465 6337 9467
f 9466 9465 9467
f 9466 9467 6224
f 6224 9467 9468
f 6224 9468 6225
f 9467 6337 6335
f 9467 6335 9468
f 9468 6335 6333
f 9468 6333 9469
f 6225 9468 9469
f 6225 9469 6228
f 9470 9471 9472
f 9470 9472 9473
f 9471 7836 9111
f 9471 9111 9472
f 9472 9111 9112
f 9473 9472 9112
f 9473 9112 6230
f 6230 9112 9113
f 6230 9113 6231
f 9113 6344 9464
f 6231 9113 9464
f 6231 9464 6233
f 6240 9474 9475
f 6240 9475 9476
f 9474 7856 7855
f 9474 7855 9475
f 9475 7855 7836
f 9475 7836 9471
f 9476 9475 9471
f 9476 9471 9470
f 6228 9469 9477
f 6228 9477 6238
f 9469 6333 7859
f 9469 7859 9477
f 9477 7859 7856
f 9477 7856 9474
f 6238 9477 9474
f 6238 9474 6240
f 6240 9476 9478
f 6240 9478 6241
f 9476 9470 9479
f 9476 9479 9478
f 9478 9479 9480
f 6241 9478 9480
f 6241 9480 5758
f 9470 9473 9481
f 9470 9481 9479
f 9473 6230 9481
f 9481 6230 6237
f 9481 6237 9482
f 9479 9481 9482
f 7651 9483 9484
f 7651 9484 9485
f 9483 5593 9486
f 9483 9486 9484
f 9484 9486 8725
f 9484 8725 9487
f 9485 9484 9487
f 9485 9487 9488
f 7649 9489 9490
f 7649 9490 7650
f 9489 5541 5594
f 9489 5594 9490
f 9490 5594 5593
f 9490 5593 9483
f 7650 9490 9483
f 7650 9483 7651
f 7647 9491 5749
f 7647 5749 9492
f 9491 5750 5749
f 9492 5749 5748
f 9492 5748 7653
f 7653 5748 5751
f 7653 5751 7654
f 5751 5739 9493
f 7654 5751 9493
f 7654 9493 7655
f 7655 9493 7644
f 7655 7644 9494
f 9493 5739 7644
f 9494 7644 9495
f 9495 7644 9489
f 9495 9489 9496
f 9489 7644 5541
f 9496 9489 7649
f 7645 8735 7646
f 8735 5750 9491
f 7646 8735 9491
f 7646 9491 7647
f 9488 9487 8735
f 9488 8735 9497
f 9487 8725 8737
f 9487 8737 8735
f 9497 8735 7645
f 7655 9494 7656
f 9494 9495 9498
f 9494 9498 9499
f 7656 9494 9499
f 9492 7653 9500
f 7647 9492 9500
f 9497 7645 7648
f 9497 7648 9501
f 9488 9497 9501
f 9495 9496 9498
f 6174 6177 9502
f 6174 9502 9503
f 6177 6182 9504
f 6177 9504 9502
f 9502 9504 9505
f 9502 9505 9506
f 9503 9502 9506
f 9503 9506 9507
f 8701 8704 8751
f 8704 8695 8757
f 8704 8757 8760
f 8751 8704 8760
f 8751 8760 8752
f 8777 8776 9508
f 8777 9508 9509
f 8776 6144 9510
f 8776 9510 9508
f 9508 9510 9511
f 9508 9511 9512
f 9509 9508 9512
f 9509 9512 6134
f 6134 9512 9513
f 6134 9513 6135
f 9512 9511 9514
f 9512 9514 9513
f 9513 9514 6150
f 9513 6150 8773
f 6135 9513 8773
f 6135 8773 6136
f 9511 9515 9516
f 9511 9516 9514
f 9515 6156 8771
f 9515 8771 9516
f 9516 8771 6152
f 9516 6152 6151
f 9514 9516 6151
f 9514 6151 6150
f 6144 6143 9517
f 6144 9517 9510
f 6143 6142 6157
f 6143 6157 9517
f 9517 6157 6156
f 9517 6156 9515
f 9510 9517 9515
f 9510 9515 9511
f 6133 7909 9518
f 7909 7890 8775
f 7909 8775 9518
f 9518 8775 8777
f 9518 8777 9509
f 6133 9518 9509
f 6133 9509 6134
f 9013 9519 9520
f 9013 9520 9011
f 9519 9023 9521
f 9519 9521 9520
f 9520 9521 9522
f 9520 9522 9523
f 9011 9520 9523
f 9011 9523 5934
f 5934 9523 9524
f 5934 9524 5935
f 9523 9522 9525
f 9523 9525 9524
f 9524 9525 5924
f 9524 5924 5923
f 5935 9524 5923
f 5935 5923 5922
f 9522 9526 9527
f 9522 9527 9525
f 9526 5930 9017
f 9526 9017 9527
f 9527 9017 9016
f 9527 9016 9019
f 9525 9527 9019
f 9525 9019 5924
f 9023 9022 9528
f 9023 9528 9521
f 9022 5932 5931
f 9022 5931 9528
f 9528 5931 5930
f 9528 5930 9526
f 9521 9528 9526
f 9521 9526 9522
f 8022 8025 9529
f 8022 9529 9012
f 8025 8029 9021
f 8025 9021 9529
f 9529 9021 9023
f 9529 9023 9519
f 9012 9529 9519
f 9012 9519 9013
f 5153 5167 5206
f 5166 5184 5167
f 5186 5206 5167
f 5186 5167 5184
f 5175 9530 9531
f 5175 9531 5185
f 9530 4595 4594
f 9530 4594 9531
f 9531 4594 146
f 9531 146 5207
f 5185 9531 5207
f 5185 5207 5186
f 5239 5268 5241
f 5239 5241 5240
f 5181 5241 5268
f 5211 5240 5241
f 5239 5237 9532
f 5239 9532 5267
f 5237 186 4597
f 5237 4597 9532
f 9532 4597 4595
f 9532 4595 9530
f 5267 9532 9530
f 5267 9530 5175
f 5257 9533 5258
f 5257 5262 5259
f 5257 5259 9533
f 9533 5259 5136
f 9533 5136 5135
f 5258 9533 5135
f 5258 5135 5134
f 5134 5131 9534
f 5134 9534 5255
f 5131 5130 5151
f 5131 5151 9534
f 9534 5151 85
f 5255 9534 85
f 5255 85 204
f 5139 5274 5138
f 5274 230 46
f 5274 46 5117
f 5138 5274 5117
f 5138 5117 5105
f 5139 5137 5275
f 5137 5264 5275
f 5275 5264 5262
f 5275 5262 5257
f 9535 9536 9537
f 9535 9537 9538
f 9536 9539 9540
f 9536 9540 9537
f 9537 9540 9541
f 9537 9541 9542
f 9538 9537 9542
f 9538 9542 9543
f 7381 9544 9545
f 7381 9545 9546
f 9544 9547 9548
f 9544 9548 9545
f 9545 9548 9549
f 9545 9549 9550
f 9546 9545 9550
f 9546 9550 7430
f 7627 7432 7632
f 7632 9535 9551
f 7632 9551 7630
f 7630 9551 9552
f 7630 9552 9553
f 9551 9535 9538
f 9551 9538 9552
f 9552 9538 9543
f 9553 9552 9543
f 9553 9543 7389
f 7389 9543 9554
f 7389 9554 7393
f 9543 9555 9554
f 9554 9555 7379
f 9554 7379 7376
f 7393 9554 7376
f 7393 7376 7375
f 7382 7381 9556
f 7382 9556 9557
f 7381 9546 9556
f 9556 9546 7430
f 9556 7430 7427
f 9557 9556 7427
f 9557 7427 7426
f 7441 9558 9559
f 9558 9560 9561
f 9558 9561 9559
f 9559 9561 9562
f 9559 9562 9563
f 7440 9564 7438
f 9564 9565 9566
f 9564 9566 7438
f 7438 9566 9560
f 7438 9560 9558
f 7438 9558 7441
f 7389 9567 9568
f 7389 9568 9553
f 9567 9563 9569
f 9567 9569 9568
f 9568 9569 9570
f 9568 9570 9571
f 9553 9568 9571
f 9553 9571 7630
f 7388 7387 9572
f 7388 9572 7442
f 7387 7386 9573
f 7387 9573 9572
f 9572 9573 7440
f 9572 7440 7437
f 7442 9572 7437
f 7442 7437 7436
f 7630 9571 9574
f 7630 9574 7631
f 9571 9570 9575
f 9571 9575 9574
f 9574 9575 7385
f 9574 7385 7383
f 7631 9574 7383
f 7392 7441 9559
f 7392 9559 7391
f 9559 9563 9567
f 7391 9559 9567
f 7391 9567 7389
f 7372 9576 9577
f 7372 9577 9578
f 9576 9579 9580
f 9576 9580 9577
f 9577 9580 9581
f 9577 9581 9582
f 9578 9577 9582
f 9578 9582 7423
f 9583 9584 9585
f 9583 9585 9586
f 9584 9587 9588
f 9584 9588 9585
f 9585 9588 9589
f 9585 9589 9590
f 9586 9585 9590
f 9586 9590 9591
f 7382 9592 9593
f 7382 9593 7435
f 9592 9591 9594
f 9592 9594 9593
f 9593 9594 7370
f 9593 7370 7367
f 7435 9593 7367
f 7435 7367 7366
f 7624 7425 7628
f 7628 9583 9595
f 7628 9595 7426
f 7363 7373 9596
f 7363 9596 7364
f 7373 7372 9578
f 7373 9578 9596
f 9596 9578 7423
f 9596 7423 7420
f 7364 9596 7420
f 7364 7420 7365
f 7426 9595 9597
f 7426 9597 9557
f 9595 9583 9586
f 9595 9586 9597
f 9597 9586 9591
f 9597 9591 9592
f 9557 9597 9592
f 9557 9592 7382
f 6856 9598 9599
f 6856 9599 9600
f 9598 9601 9602
f 9598 9602 9599
f 9599 9602 9603
f 9599 9603 9604
f 9600 9599 9604
f 9600 9604 6814
f 9605 9606 9607
f 9606 9608 9607
f 9607 9608 9609
f 9607 9609 9610
f 9607 9610 9611
f 6828 9612 6859
f 6828 9611 9612
f 6859 9612 6853
f 6859 6853 6852
f 6817 6816 9613
f 6816 6815 9614
f 6816 9614 9613
f 9613 9614 9605
f 9613 9605 6825
f 6846 6857 9615
f 6846 9615 7170
f 6857 6856 9600
f 6857 9600 9615
f 9615 9600 6814
f 9615 6814 6812
f 7170 9615 6812
f 6825 9605 6829
f 9605 9607 6829
f 6829 9607 9611
f 6829 9611 6828
f 6806 9616 9617
f 6806 9617 9618
f 9616 9619 9620
f 9616 9620 9617
f 9617 9620 9621
f 9617 9621 9622
f 9618 9617 9622
f 9618 9622 6849
f 9623 9624 9625
f 9623 9626 9627
f 9623 9627 9624
f 9624 9627 9628
f 9624 9628 9629
f 9625 9624 9629
f 9625 9629 6805
f 6811 9630 9631
f 6811 9631 6810
f 6810 9631 9623
f 6810 9623 6799
f 6852 6851 9632
f 6852 9632 6860
f 6860 9632 9630
f 6860 9630 6811
f 6807 6806 9618
f 6807 9618 7171
f 9618 6849 6847
f 7171 9618 6847
f 7171 6847 6846
f 6799 9623 9633
f 6799 9633 6800
f 9623 9625 9633
f 9633 9625 6805
f 9633 6805 6802
f 6800 9633 6802
f 6800 6802 6801
f 9634 9635 9636
f 9634 9636 9637
f 9635 9638 9639
f 9635 9639 9636
f 9636 9639 9640
f 9636 9640 9641
f 9637 9636 9641
f 9637 9641 6822
f 9642 9643 9644
f 9642 9644 9645
f 9643 9646 9647
f 9643 9647 9644
f 9644 9647 9648
f 9644 9648 9649
f 9645 9644 9649
f 9645 9649 9650
f 7169 9650 7177
f 7177 9634 9651
f 7177 9651 6863
f 6825 6862 9652
f 6825 9652 9613
f 6862 9653 9652
f 9652 9653 9642
f 9652 9642 9654
f 9613 9652 9654
f 9613 9654 6817
f 6863 9651 9655
f 6863 9655 6864
f 9651 9634 9637
f 9651 9637 9655
f 9655 9637 6822
f 9655 6822 6819
f 6864 9655 6819
f 6864 6819 6818
f 6817 9654 9656
f 6817 9656 7172
f 9654 9642 9645
f 9654 9645 9656
f 9656 9645 9650
f 7172 9656 9650
f 7172 9650 7169
f 9657 9658 9659
f 9657 9659 9660
f 9658 9661 9662
f 9658 9662 9659
f 9659 9662 9541
f 9659 9541 9540
f 9660 9659 9540
f 9660 9540 9539
f 9549 9548 9663
f 9549 9663 9664
f 9548 9547 9665
f 9548 9665 9663
f 9663 9665 9661
f 9663 9661 9658
f 9664 9663 9658
f 9664 9658 9657
f 7432 9666 9667
f 7432 9667 7632
f 9666 9657 9660
f 9666 9660 9667
f 9667 9660 9539
f 9667 9539 9536
f 7632 9667 9536
f 7632 9536 9535
f 7379 9668 9669
f 7379 9669 7380
f 9668 9661 9665
f 9668 9665 9669
f 9669 9665 9547
f 9669 9547 9544
f 7380 9669 9544
f 7380 9544 7381
f 9543 9542 9670
f 9543 9670 9555
f 9542 9541 9662
f 9542 9662 9670
f 9670 9662 9661
f 9670 9661 9668
f 9555 9670 9668
f 9555 9668 7379
f 7430 9550 9671
f 7430 9671 7431
f 9550 9549 9664
f 9550 9664 9671
f 9671 9664 9657
f 9671 9657 9666
f 7431 9671 9666
f 7431 9666 7432
f 9581 9580 9672
f 9581 9672 9673
f 9580 9579 9674
f 9580 9674 9672
f 9672 9674 9675
f 9672 9675 9676
f 9673 9672 9676
f 9673 9676 9677
f 9677 9676 9678
f 9677 9678 9679
f 9676 9675 9680
f 9676 9680 9678
f 9678 9680 9589
f 9678 9589 9588
f 9679 9678 9588
f 9679 9588 9587
f 7425 9681 9682
f 7425 9682 7628
f 9681 9677 9679
f 9681 9679 9682
f 9682 9679 9587
f 9682 9587 9584
f 7628 9682 9584
f 7628 9584 9583
f 9591 9590 9683
f 9591 9683 9594
f 9590 9589 9680
f 9590 9680 9683
f 9683 9680 9675
f 9683 9675 9684
f 9594 9683 9684
f 9594 9684 7370
f 7370 9684 9685
f 7370 9685 7371
f 9684 9675 9674
f 9684 9674 9685
f 9685 9674 9579
f 9685 9579 9576
f 7371 9685 9576
f 7371 9576 7372
f 7423 9582 9686
f 7423 9686 7424
f 9582 9581 9673
f 9582 9673 9686
f 9686 9673 9677
f 9686 9677 9681
f 7424 9686 9681
f 7424 9681 7425
f 9687 9688 9689
f 9687 9689 9690
f 9688 9562 9561
f 9688 9561 9689
f 9689 9561 9560
f 9689 9560 9691
f 9690 9689 9691
f 9690 9691 9692
f 9692 9691 9693
f 9692 9693 9694
f 9691 9560 9566
f 9691 9566 9693
f 9693 9566 9565
f 9693 9565 9695
f 9694 9693 9695
f 9694 9695 9696
f 9570 9697 9698
f 9570 9698 9575
f 9697 9687 9690
f 9697 9690 9698
f 9698 9690 9692
f 9698 9692 9699
f 9575 9698 9699
f 9575 9699 7385
f 7386 9700 9701
f 7386 9701 9573
f 9700 9696 9695
f 9700 9695 9701
f 9701 9695 9565
f 9701 9565 9564
f 9573 9701 9564
f 9573 9564 7440
f 9563 9702 9569
f 9563 9562 9688
f 9563 9688 9702
f 9702 9688 9687
f 9702 9687 9697
f 9569 9702 9697
f 9569 9697 9570
f 7385 9699 9703
f 7385 9703 7384
f 9699 9692 9694
f 9699 9694 9703
f 9703 9694 9696
f 9703 9696 9700
f 7384 9703 9700
f 7384 9700 7386
f 9646 9704 9705
f 9646 9705 9647
f 9704 9706 9707
f 9704 9707 9705
f 9705 9707 9708
f 9705 9708 9709
f 9647 9705 9709
f 9647 9709 9648
f 9648 9709 9710
f 9648 9710 9711
f 9709 9708 9712
f 9709 9712 9710
f 9710 9712 9640
f 9710 9640 9639
f 9711 9710 9639
f 9711 9639 9638
f 6862 9713 9653
f 6862 9706 9704
f 6862 9704 9713
f 9713 9704 9646
f 9713 9646 9643
f 9653 9713 9643
f 9653 9643 9642
f 9650 9649 9714
f 9650 9714 7177
f 9649 9648 9711
f 9649 9711 9714
f 9714 9711 9638
f 9714 9638 9635
f 7177 9714 9635
f 7177 9635 9634
f 6822 9641 6820
f 9641 9640 9712
f 9641 9712 6820
f 6820 9712 9708
f 6820 9708 6823
f 6823 9715 6861
f 6823 9708 9707
f 6823 9707 9715
f 9715 9707 9706
f 9715 9706 6862
f 6861 9715 6862
f 9603 9716 9717
f 9603 9717 9718
f 9716 9609 9608
f 9716 9608 9717
f 9717 9608 9606
f 9717 9606 9719
f 9718 9717 9719
f 9718 9719 9720
f 9601 9721 9722
f 9601 9722 9602
f 9721 9723 9724
f 9721 9724 9722
f 9722 9724 9609
f 9722 9609 9716
f 9602 9722 9716
f 9602 9716 9603
f 6853 9723 9725
f 6853 9725 6855
f 9723 9721 9725
f 9725 9721 9601
f 9725 9601 9598
f 6855 9725 9598
f 6855 9598 6856
f 6815 9726 9727
f 6815 9727 9614
f 9726 9720 9719
f 9726 9719 9727
f 9727 9719 9606
f 9614 9727 9606
f 9614 9606 9605
f 6814 9604 9728
f 6814 9728 6813
f 9604 9603 9718
f 9604 9718 9728
f 9728 9718 9720
f 9728 9720 9726
f 6813 9728 9726
f 6813 9726 6815
f 9611 9610 9729
f 9611 9729 9612
f 9610 9609 9724
f 9610 9724 9729
f 9729 9724 9723
f 9612 9729 9723
f 9612 9723 6853
f 9628 9627 9730
f 9628 9730 9731
f 9627 9626 9732
f 9627 9732 9730
f 9730 9732 9733
f 9730 9733 9734
f 9731 9730 9734
f 9731 9734 9619
f 9619 9734 9735
f 9619 9735 9620
f 9734 9733 9736
f 9734 9736 9735
f 9735 9736 9737
f 9735 9737 9738
f 9620 9735 9738
f 9620 9738 9621
f 6851 9737 9632
f 9737 9736 9632
f 9632 9736 9733
f 9632 9733 9739
f 9632 9739 9630
f 9630 9739 9740
f 9630 9740 9631
f 9739 9733 9732
f 9739 9732 9740
f 9740 9732 9626
f 9740 9626 9623
f 9631 9740 9623
f 6805 9629 9741
f 6805 9741 6803
f 9629 9628 9731
f 9629 9731 9741
f 9741 9731 9619
f 9741 9619 9616
f 6803 9741 9616
f 6803 9616 6806
f 6849 9622 9742
f 6849 9742 6850
f 9622 9621 9738
f 9622 9738 9742
f 9742 9738 9737
f 6850 9742 9737
f 6850 9737 6851
f 8222 8224 6179
f 8222 6179 6178
f 8224 8226 9743
f 8224 9743 6179
f 6179 9743 6180
f 8235 8238 9744
f 8235 9744 9745
f 8238 8227 9746
f 8238 9746 9744
f 9744 9746 9507
f 9744 9507 9506
f 9745 9744 9506
f 9745 9506 9505
f 8226 8248 9743
f 8248 8241 6182
f 8248 6182 6181
f 9743 8248 6181
f 9743 6181 6180
f 8203 9747 8210
f 9747 8878 8888
f 9747 8888 8210
f 8210 8888 8887
f 8210 8887 9748
f 8210 9748 8188
f 8179 9749 8214
f 9749 9750 9751
f 9749 9751 8214
f 8214 9751 9752
f 8214 9752 8211
f 8184 8885 9753
f 8184 9753 8182
f 9753 9750 9749
f 8182 9753 9749
f 8182 9749 8179
f 8196 9754 9755
f 8196 9755 8192
f 9754 9756 9757
f 9754 9757 9755
f 9755 9757 8882
f 9755 8882 9758
f 8192 9755 9758
f 8192 9758 8189
f 8253 8255 9759
f 8255 8217 9760
f 8255 9760 9759
f 9759 9760 9761
f 9759 9761 9762
f 8253 9759 9762
f 8874 8877 9763
f 8874 9763 9764
f 8877 8882 9757
f 8877 9757 9763
f 9763 9757 9756
f 9763 9756 9765
f 9764 9763 9765
f 9764 9765 9752
f 8874 9764 9766
f 8874 9766 8883
f 9764 9752 9751
f 9764 9751 9766
f 9766 9751 9750
f 9766 9750 9753
f 8883 9766 9753
f 8883 9753 8885
f 8189 9758 9767
f 8189 9767 8200
f 9758 8882 8881
f 9758 8881 9767
f 9767 8881 8880
f 9767 8880 9768
f 8200 9767 9768
f 8200 9768 8197
f 8188 9748 8186
f 9748 8887 8886
f 9748 8886 8186
f 8186 8886 8885
f 8186 8885 8184
f 8211 9752 9765
f 8211 9765 8216
f 9765 9756 9754
f 8216 9765 9754
f 8216 9754 8196
f 8197 9768 9769
f 8197 9769 8206
f 9768 8880 8879
f 9768 8879 9769
f 9769 8879 8878
f 9769 8878 9747
f 8206 9769 9747
f 8206 9747 8203
f 8234 8251 9770
f 8234 9770 9771
f 8251 8253 9770
f 9770 8253 9772
f 9771 9770 9772
f 9771 9772 9773
f 8241 8244 9774
f 8241 9774 6182
f 8244 8235 9745
f 8244 9745 9774
f 9774 9745 9505
f 9774 9505 9504
f 6182 9774 9504
f 8227 8230 9775
f 8227 9775 9746
f 8230 8234 9771
f 8230 9771 9775
f 9775 9771 9773
f 9775 9773 9776
f 9746 9775 9776
f 9746 9776 9507
f 6173 6172 9777
f 6173 9777 6186
f 6172 6171 9778
f 6172 9778 9777
f 9777 9778 9779
f 9777 9779 9780
f 6186 9777 9780
f 6186 9780 6187
f 6187 9780 9781
f 6187 9781 8975
f 9780 9779 9782
f 9780 9782 9781
f 9781 9782 6166
f 9781 6166 6165
f 8975 9781 6165
f 8975 6165 6164
f 9779 9783 9784
f 9779 9784 9782
f 9783 8746 8745
f 9783 8745 9784
f 9784 8745 8744
f 9784 8744 8981
f 9782 9784 8981
f 9782 8981 6166
f 6171 8979 9785
f 6171 9785 9778
f 8979 8978 9786
f 8979 9786 9785
f 9785 9786 8746
f 9785 8746 9783
f 9778 9785 9783
f 9778 9783 9779
f 8217 8220 9787
f 8217 9787 9760
f 8220 8222 6178
f 8220 6178 9787
f 9787 6178 9788
f 9760 9787 9788
f 9760 9788 9761
f 6174 9503 9789
f 6174 9789 9790
f 9503 9507 9776
f 9503 9776 9789
f 9789 9776 9773
f 9789 9773 9772
f 9790 9789 9772
f 9790 9772 8253
f 6174 9790 9791
f 6174 9791 6175
f 9790 8253 9762
f 9790 9762 9791
f 9791 9762 9761
f 9791 9761 9788
f 6175 9791 9788
f 6175 9788 6178
f 8256 8259 9792
f 8256 9792 8977
f 8259 8262 9792
f 9792 8262 8746
f 9792 8746 9786
f 8977 9792 9786
f 8977 9786 8978
f 8986 9793 9794
f 8986 9794 8987
f 9793 8991 9795
f 9793 9795 9794
f 9794 9795 9796
f 9794 9796 9797
f 8987 9794 9797
f 8987 9797 6091
f 6091 9797 9798
f 6091 9798 6092
f 9797 9796 9799
f 9797 9799 9798
f 9798 9799 6098
f 9798 6098 6097
f 6092 9798 6097
f 6092 6097 6093
f 9796 9800 9801
f 9796 9801 9799
f 9800 6084 6083
f 9800 6083 9801
f 9801 6083 6082
f 9801 6082 8983
f 9799 9801 8983
f 9799 8983 6098
f 8991 8990 9802
f 8991 9802 9795
f 8990 6104 6103
f 8990 6103 9802
f 9802 6103 6084
f 9802 6084 9800
f 9795 9802 9800
f 9795 9800 9796
f 7826 7829 9803
f 7826 9803 8985
f 7829 7833 8989
f 7829 8989 9803
f 9803 8989 8991
f 9803 8991 9793
f 8985 9803 9793
f 8985 9793 8986
f 7735 9254 9804
f 7735 9804 9256
f 9254 7672 8764
f 9254 8764 9804
f 9804 8764 7674
f 9804 7674 7675
f 9256 9804 7675
f 9256 7675 7664
f 8753 8762 9805
f 8753 9805 8754
f 8762 8757 8758
f 8762 8758 9805
f 9805 8758 8750
f 9805 8750 8749
f 8754 9805 8749
f 8754 8749 7689
f 8717 8720 8759
f 8720 7669 7671
f 8720 7671 9252
f 8759 8720 9252
f 8759 9252 7733
f 9201 9204 9264
f 9204 7747 7750
f 9204 7750 7754
f 9204 7754 9806
f 9264 9204 9806
f 9264 9806 9265
f 8687 8694 9807
f 8687 9807 8688
f 8694 8693 9808
f 8694 9808 9807
f 9807 9808 9809
f 9807 9809 9810
f 8688 9807 9810
f 8688 9810 7704
f 7704 9810 9811
f 7704 9811 7705
f 9810 9809 9812
f 9810 9812 9811
f 9811 9812 7696
f 9811 7696 8690
f 7705 9811 8690
f 7705 8690 7706
f 9809 9813 9814
f 9809 9814 9812
f 9813 7707 7710
f 9813 7710 9814
f 9814 7710 7698
f 9814 7698 7697
f 9812 9814 7697
f 9812 7697 7696
f 8693 9815 9816
f 8693 9816 9808
f 9815 8684 8683
f 9815 8683 9816
f 9816 8683 7707
f 9816 7707 9813
f 9808 9816 9813
f 9808 9813 9809
f 8310 8313 9817
f 8310 9817 8692
f 8313 8317 8682
f 8313 8682 9817
f 9817 8682 8684
f 9817 8684 9815
f 8692 9817 9815
f 8692 9815 8693
f 6118 9818 9819
f 6118 9819 6119
f 9818 8769 9820
f 9818 9820 9819
f 9819 9820 9821
f 9819 9821 9822
f 6119 9819 9822
f 6119 9822 6120
f 6120 9822 9823
f 6120 9823 8894
f 9822 9821 9824
f 9822 9824 9823
f 9823 9824 6128
f 9823 6128 6127
f 8894 9823 6127
f 8894 6127 6126
f 9821 9825 9826
f 9821 9826 9824
f 9825 6110 8896
f 9825 8896 9826
f 9826 8896 8892
f 9826 8892 8891
f 9824 9826 8891
f 9824 8891 6128
f 8769 8768 9827
f 8769 9827 9820
f 8768 6112 6111
f 8768 6111 9827
f 9827 6111 6110
f 9827 6110 9825
f 9820 9827 9825
f 9820 9825 9821
f 6116 7862 9828
f 6116 9828 6117
f 7862 7865 8767
f 7862 8767 9828
f 9828 8767 8769
f 9828 8769 9818
f 6117 9828 9818
f 6117 9818 6118
f 9479 9482 9829
f 9479 9829 9480
f 9482 6237 9441
f 9482 9441 9829
f 9829 9441 5760
f 9829 5760 5759
f 9480 9829 5759
f 9480 5759 5758
f 6233 9466 9830
f 6233 9830 6234
f 9466 6224 6227
f 9466 6227 9830
f 9830 6227 5762
f 9830 5762 9439
f 6234 9830 9439
f 6234 9439 6235
f 9346 9423 9347
f 9347 9423 9348
f 6418 6435 9831
f 6418 9831 6419
f 6435 6434 9832
f 6435 9832 9831
f 9831 9832 9833
f 9831 9833 9834
f 6419 9831 9834
f 6419 9834 6420
f 6420 9834 9835
f 6420 9835 9836
f 9834 9833 9837
f 9834 9837 9835
f 9835 9837 6427
f 9835 6427 9343
f 9836 9835 9343
f 9836 9343 9342
f 9833 9838 9839
f 9833 9839 9837
f 9838 6442 9337
f 9838 9337 9839
f 9839 9337 6429
f 9839 6429 6428
f 9837 9839 6428
f 9837 6428 6427
f 6434 9339 9840
f 6434 9840 9832
f 9339 6444 6443
f 9339 6443 9840
f 9840 6443 6442
f 9840 6442 9838
f 9832 9840 9838
f 9832 9838 9833
f 5775 9349 9841
f 5775 9841 5776
f 9349 9348 9842
f 9349 9842 9841
f 9841 9842 9843
f 9841 9843 9844
f 5776 9841 9844
f 5776 9844 5777
f 5777 9844 9845
f 5777 9845 9443
f 9844 9843 9846
f 9844 9846 9845
f 9845 9846 5769
f 9845 5769 5764
f 9443 9845 5764
f 9443 5764 5768
f 9843 9847 9848
f 9843 9848 9846
f 9847 5782 5781
f 9847 5781 9848
f 9848 5781 5780
f 9848 5780 9431
f 9846 9848 9431
f 9846 9431 5769
f 9348 9423 9849
f 9348 9849 9842
f 9423 9425 9442
f 9423 9442 9849
f 9849 9442 5782
f 9849 5782 9847
f 9842 9849 9847
f 9842 9847 9843
f 9287 9290 9850
f 9287 9850 9341
f 9290 6412 6415
f 9290 6415 9850
f 9850 6415 6420
f 9850 6420 9836
f 9341 9850 9836
f 9341 9836 9342
f 6588 6587 9851
f 6588 9851 9852
f 6587 6586 9853
f 6587 9853 9851
f 9851 9853 9854
f 9851 9854 9855
f 9852 9851 9855
f 9852 9855 9310
f 9310 9855 9856
f 9310 9856 9334
f 9855 9854 9857
f 9855 9857 9856
f 9856 9857 6595
f 9856 6595 9351
f 9334 9856 9351
f 9334 9351 9335
f 9854 9858 9859
f 9854 9859 9857
f 9858 6603 9321
f 9858 9321 9859
f 9859 9321 6597
f 9859 6597 6596
f 9857 9859 6596
f 9857 6596 6595
f 6586 9353 9860
f 6586 9860 9853
f 9353 6605 6604
f 9353 6604 9860
f 9860 6604 6603
f 9860 6603 9858
f 9853 9860 9858
f 9853 9858 9854
f 9310 9313 9861
f 9313 6581 6584
f 9313 6584 9861
f 9861 6584 6588
f 9861 6588 9852
f 9310 9861 9852
f 7649 7650 9862
f 7649 9862 9496
f 7650 7652 9863
f 7650 9863 9862
f 9496 9862 9498
f 9498 9862 9864
f 9498 9864 9499
f 9862 9863 9864
f 9864 9863 7653
f 9864 7653 7657
f 9499 9864 7657
f 9499 7657 7656
f 9865 7648 7646
f 9865 7646 7647
f 9865 7647 9500
f 9863 9865 9500
f 9863 9500 7653
f 7652 9866 9867
f 7652 9867 9863
f 9866 9488 9501
f 9866 9501 9867
f 9867 9501 7648
f 9867 7648 9865
f 9863 9867 9865
f 7651 9485 7652
f 9485 9488 9866
f 7652 9485 9866
f 8289 8309 9868
f 8289 9868 8676
f 8309 8305 9868
f 9868 8305 9869
f 8676 9868 9869
f 8676 9869 8677
f 7725 7724 9870
f 7725 9870 8680
f 7724 7723 9871
f 7724 9871 9870
f 9870 9871 9872
f 9870 9872 9873
f 8680 9870 9873
f 8680 9873 7714
f 7714 9873 9874
f 7714 9874 7715
f 9873 9872 9875
f 9873 9875 9874
f 9874 9875 7730
f 9874 7730 7729
f 7715 9874 7729
f 7715 7729 7716
f 9872 9876 9877
f 9872 9877 9875
f 9876 8305 9878
f 9876 9878 9877
f 9877 9878 8674
f 9877 8674 8673
f 9875 9877 8673
f 9875 8673 7730
f 7723 8678 9879
f 7723 9879 9871
f 8678 8677 9869
f 8678 9869 9879
f 9879 9869 8305
f 9879 8305 9876
f 9871 9879 9876
f 9871 9876 9872
f 8305 8307 9880
f 8307 8293 8672
f 8307 8672 9880
f 9880 8672 8674
f 9880 8674 9878
f 8305 9880 9878
f 9281 9280 9881
f 9281 9881 9882
f 9280 8642 9883
f 9280 9883 9881
f 9882 9881 9284
f 9284 9881 8601
f 9881 9883 8602
f 9881 8602 8601
f 9884 8594 8593
f 9883 9884 8593
f 9883 8593 8602
f 9883 9885 9884
f 9883 8642 8641
f 9883 8641 9885
f 9885 8641 9276
f 9884 9885 9276
f 9884 9276 8594
f 9209 9211 9886
f 9209 9886 9283
f 9211 9213 9279
f 9211 9279 9886
f 9886 9279 9281
f 9886 9281 9882
f 9283 9886 9882
f 9283 9882 9284
f 9887 9888 9889
f 9887 9889 9890
f 9888 9891 9892
f 9888 9892 9889
f 9889 9892 9893
f 9889 9893 9894
f 9890 9889 9894
f 9890 9894 5235
f 5244 9895 9896
f 5244 9896 5245
f 9895 9887 9890
f 9895 9890 9896
f 9896 9890 5235
f 9896 5235 5234
f 5245 9896 5234
f 5245 5234 5233
f 5250 5272 9897
f 5250 9897 9898
f 5272 5271 9899
f 5272 9899 9897
f 9897 9899 9891
f 9897 9891 9888
f 9898 9897 9888
f 9898 9888 9887
f 5252 5251 9900
f 5252 9900 9901
f 5251 5250 9898
f 5251 9898 9900
f 9900 9898 9887
f 9900 9887 9895
f 9901 9900 9895
f 9901 9895 5244
f 5179 9902 9903
f 5179 9903 5228
f 9902 9893 9892
f 9902 9892 9903
f 9903 9892 9891
f 9903 9891 9904
f 5228 9903 9904
f 5228 9904 5160
f 5160 9904 9905
f 5160 9905 5161
f 9904 9891 9899
f 9904 9899 9905
f 9905 9899 5271
f 9905 5271 5269
f 5161 9905 5269
f 5161 5269 5162
f 5173 5236 9906
f 5173 9906 5177
f 5236 5235 9894
f 5236 9894 9906
f 9906 9894 9893
f 9906 9893 9902
f 5177 9906 9902
f 5177 9902 5179
f 5128 5253 9907
f 5128 9907 5123
f 5253 5252 9901
f 5253 9901 9907
f 9907 9901 5244
f 9907 5244 5121
f 5123 9907 5121
f 5589 9908 9909
f 5589 9909 9910
f 9908 8725 9486
f 9908 9486 9909
f 9909 9486 5593
f 9909 5593 9911
f 9910 9909 9911
f 9910 9911 9912
f 5586 9913 9914
f 5586 9914 5587
f 9913 7757 8726
f 9913 8726 9914
f 9914 8726 8725
f 9914 8725 9908
f 5587 9914 9908
f 5587 9908 5589
f 5608 9915 5573
f 5608 5573 5606
f 9915 5574 5573
f 5573 5572 9916
f 5606 5573 9916
f 5606 9916 5609
f 5609 9916 5616
f 5609 5616 9917
f 9916 5572 5616
f 5616 5615 9918
f 9917 5616 9918
f 9917 9918 5580
f 9919 5592 5579
f 9919 5579 9920
f 5579 5574 9915
f 9920 5579 9915
f 9920 9915 5608
f 9912 9911 5596
f 9912 5596 9921
f 9911 5593 5596
f 9921 5596 5592
f 9921 5592 9919
f 5580 9918 7764
f 5580 7764 5581
f 9918 5615 7764
f 5581 7764 7758
f 5581 7758 5583
f 5583 7758 9922
f 7758 7757 9913
f 9922 7758 9913
f 9922 9913 5586
f 5591 5590 5621
f 5590 5589 9910
f 5590 9910 5621
f 5621 9910 9912
f 5621 9912 5624
f 5602 9186 9923
f 5602 9923 5603
f 9186 9188 9263
f 9186 9263 9923
f 9923 9263 9267
f 9923 9267 9924
f 5603 9923 9924
f 5603 9924 5604
f 5583 9922 5584
f 9922 5586 9925
f 5584 9922 9925
f 9912 9921 5625
f 9912 5625 5624
f 9921 9919 9926
f 9921 9926 5625
f 5625 9926 5626
f 5609 9917 5610
f 9917 5580 5582
f 9917 5582 9927
f 5610 9917 9927
f 5610 9927 5611
f 5584 9928 9929
f 5584 9929 5585
f 9928 5628 9930
f 9928 9930 9929
f 9929 9930 5611
f 9929 5611 9927
f 5585 9929 9927
f 5585 9927 5582
f 9189 9192 9931
f 9192 9194 9258
f 9192 9258 9931
f 9931 9258 9260
f 9931 9260 9932
f 9189 9931 9932
f 5604 9933 9934
f 5604 9934 5599
f 9933 9935 9936
f 9933 9936 9934
f 9934 9936 9260
f 9934 9260 9259
f 5599 9934 9259
f 5599 9259 5597
f 9260 9936 9937
f 9260 9937 9932
f 9936 9935 9938
f 9936 9938 9937
f 9937 9938 7753
f 9937 7753 9262
f 9932 9937 9262
f 9932 9262 9189
f 7753 9938 9939
f 7753 9939 7749
f 9938 9935 9940
f 9938 9940 9939
f 9939 9940 9265
f 9939 9265 9806
f 7749 9939 9806
f 7749 9806 7754
f 9935 9933 9941
f 9935 9941 9940
f 9933 5604 9924
f 9933 9924 9941
f 9941 9924 9267
f 9941 9267 9266
f 9940 9941 9266
f 9940 9266 9265
f 5628 5627 9942
f 5628 9942 9930
f 5627 5626 9943
f 5627 9943 9942
f 9942 9943 5605
f 9942 5605 5607
f 9930 9942 5607
f 9930 5607 5611
f 5586 5588 9944
f 5586 9944 9925
f 5588 5591 5623
f 5588 5623 9944
f 9944 5623 5628
f 9944 5628 9928
f 9925 9944 9928
f 9925 9928 5584
f 9919 9920 9943
f 9919 9943 9926
f 9920 5608 5605
f 9920 5605 9943
f 9926 9943 5626
f 7467 6338 6342
f 7467 6342 9945
f 6342 6341 9946
f 9945 6342 9946
f 9945 9946 7466
f 7467 9947 9948
f 7467 9948 6338
f 6330 6336 9948
f 6330 9948 9947
f 6338 9948 6336
f 7507 9949 7505
f 9949 9950 9951
f 7505 9949 9951
f 7505 9951 7502
f 9950 7502 9951
f 7502 9952 9953
f 7502 9953 9954
f 9952 9955 9953
f 9953 9955 7462
f 9953 7462 9956
f 9954 9953 9956
f 7466 9946 7221
f 7466 7221 7464
f 9946 6341 7221
f 7221 7217 9957
f 7464 7221 9957
f 7464 9957 7463
f 7463 9957 9949
f 7463 9949 9958
f 9957 7217 9949
f 9958 9949 7507
f 7475 9959 9960
f 7475 9960 7470
f 9959 6326 6329
f 9959 6329 9960
f 9960 6329 6330
f 9960 6330 9947
f 7470 9960 9947
f 7470 9947 7467
f 9956 7462 7461
f 7461 9961 7501
f 7501 9961 9962
f 7501 9962 7498
f 9961 7461 7478
f 9961 7478 9962
f 9962 7478 6326
f 9962 6326 9959
f 7498 9962 9959
f 7498 9959 7475
f 7561 7260 9963
f 7561 9963 9964
f 7260 7320 9963
f 9963 7320 7319
f 9963 7319 9965
f 9964 9963 9965
f 9964 9965 7549
f 7557 9966 7255
f 7557 7255 7558
f 9966 7256 7254
f 9966 7254 7255
f 7558 7255 7561
f 7561 7255 7259
f 7561 7259 7260
f 7592 9967 7593
f 9967 7217 7609
f 9967 7609 7593
f 7593 7609 7601
f 7596 7593 9968
f 7593 7601 7256
f 7593 7256 9966
f 9968 7593 9966
f 9968 9966 7557
f 9969 9950 9949
f 9969 9949 9970
f 9949 7217 9967
f 9970 9949 9967
f 9970 9967 7592
f 9969 9971 7502
f 9969 7502 9950
f 9952 7502 9971
f 9972 9973 9971
f 9972 9971 9974
f 9973 7462 9955
f 9973 9955 9971
f 9971 9955 9952
f 9974 9971 9969
f 7549 9965 7550
f 9965 7319 7591
f 9965 7591 7550
f 7553 7550 9975
f 7550 7591 7462
f 7550 7462 9973
f 9975 7550 9973
f 9975 9973 9972
f 7466 7465 9945
f 7465 7510 9945
f 9945 7510 7471
f 9945 7471 7468
f 9945 7468 7467
f 7501 7500 7545
f 7501 7545 7461
f 7545 7544 9976
f 7461 7545 9976
f 7461 9976 9956
f 7507 7506 9958
f 7506 7496 7495
f 7506 7495 9958
f 9958 7495 7463
f 9956 9976 9977
f 9956 9977 9954
f 9976 7544 7547
f 9976 7547 9977
f 9977 7547 7489
f 9977 7489 7503
f 9954 9977 7503
f 9954 7503 7502
f 9968 7557 7560
f 9968 7560 7565
f 7596 9968 7597
f 9975 9972 9978
f 9975 9978 9979
f 7553 9975 7554
f 9972 9974 9980
f 9972 9980 9978
f 9974 9969 9981
f 9974 9981 9980
f 9980 9981 9982
f 9980 9982 9983
f 9978 9980 9983
f 9978 9983 9979
f 9969 9970 9984
f 9969 9984 9981
f 9970 7592 7595
f 9970 7595 9984
f 9984 7595 7599
f 9984 7599 9985
f 9981 9984 9985
f 9981 9985 9982
f 7563 9986 9987
f 7563 9987 7564
f 9987 7597 9968
f 7564 9987 9968
f 7564 9968 7565
f 9986 9988 9987
f 9988 9982 9985
f 9988 9985 9987
f 9987 9985 7599
f 9987 7599 7598
f 9987 7598 7597
f 7556 7555 9989
f 7556 9989 9990
f 7555 7554 9989
f 9990 9989 9986
f 9990 9986 7563
f 7554 9975 9991
f 7554 9991 9989
f 9975 9979 9983
f 9975 9983 9991
f 9991 9983 9982
f 9991 9982 9988
f 9989 9991 9988
f 9989 9988 9986
f 7561 9964 9992
f 7561 9992 7562
f 9964 7549 7552
f 9964 7552 9992
f 9992 7552 7556
f 9992 7556 9990
f 7562 9992 9990
f 7562 9990 7563
f 5803 9463 9993
f 9463 9462 9994
f 9463 9994 9993
f 5803 9993 5798
f 9462 9995 9996
f 9462 9996 9994
f 9995 9457 9996
f 9994 9997 9998
f 9994 9998 9993
f 9997 5804 5806
f 9997 5806 9998
f 9998 5806 5807
f 9998 5807 8388
f 9993 9998 8388
f 9993 8388 5798
f 9457 9454 9999
f 9457 9999 9996
f 9454 9455 9999
f 9999 9455 5804
f 9999 5804 9997
f 9996 9999 9997
f 9996 9997 9994
f 9444 9447 10000
f 9444 10000 9461
f 9447 9448 9459
f 9447 9459 10000
f 10000 9459 9457
f 10000 9457 9995
f 9461 10000 9995
f 9461 9995 9462
