v 5.35711098 45.93042755 10.13239574
v 6.27981281 45.32940674 10.37808609
v 6.97338629 44.62084961 10.70324230
v 7.10435486 41.81467056 5.96403027
v 5.63188362 43.33572388 5.77288389
v 7.60537243 44.43385315 14.45605850
v 7.44815588 44.59609985 12.76461220
v 7.35317850 42.21968842 10.27581787
v 7.18750668 46.25984955 14.33320045
v 5.67328835 47.51171112 14.02871323
v 4.30910206 46.39519119 10.02130699
v 4.86162233 48.31300354 15.04575729
v 3.20519328 46.62400055 10.05156040
v 4.17979240 49.19321823 17.25369453
v 7.44122791 40.37612915 7.84998322
v 8.67076015 48.89943695 21.14891815
v 7.84982538 47.93349838 18.50746346
v 7.31473589 48.68033981 18.75776100
v 6.22895575 48.84394455 17.66757202
v 4.00437832 43.76484299 4.69064474
v 2.65264630 44.53825378 5.47170162
v 9.22938919 47.35351562 21.45656586
v 8.60093117 46.92538071 20.17258263
v 8.49129105 47.72993851 19.93613243
v 9.10015869 48.18071747 21.26466751
v 8.19881058 46.24773788 18.64382935
v 7.94735336 46.70599747 17.45948029
v 6.53408718 46.93759918 14.13972282
v 5.59155846 50.03836441 20.06220436
v 11.29300785 48.92512512 31.37384033
v 11.67562962 50.07088470 30.84578133
v 11.61262131 50.85548019 30.07950783
v 9.98096848 50.97718048 31.28671265
v 9.14620781 49.97295380 32.80977249
v 8.65264416 51.35630035 31.81869507
v 9.53361225 51.68082809 30.16524124
v 8.73579597 50.32260895 23.11263847
v 6.71987581 50.78691864 22.38013649
v 8.14000130 48.70575714 33.96795273
v 7.77794313 49.60667419 34.24858475
v 8.09048653 50.52575684 33.49385071
v 6.36657190 50.46628952 34.05165863
v 6.92154169 49.64743423 34.48687744
v 6.96538162 48.57651901 34.42331314
v 6.63827085 51.31812286 32.87959290
v 8.56556892 47.57912445 33.07979965
v 10.05300903 48.44370651 22.19361115
v 10.19424629 47.57764053 22.36844444
v 9.56526184 49.20444870 22.13884354
v 10.78815842 49.56433487 23.15773010
v 11.15489006 48.61180115 22.78552055
v 11.28390980 47.69739532 22.91074944
v 9.81677151 46.43617249 31.23575020
v 11.60925102 47.45146561 30.80444145
v 10.39909840 47.86727905 31.89431572
v 10.05682659 45.99538422 29.77304649
v 11.78545475 46.73674774 29.30970764
v 10.11478043 45.66962433 27.95589638
v 11.66854668 46.26795959 27.57199669
v 9.51418686 45.20392609 25.03725243
v 11.30508041 45.96494675 25.73812485
v 10.77625656 45.94757080 23.98282433
v 7.83207846 44.81166840 30.38499641
v 8.41814423 44.70387268 28.43511200
v 3.75210524 40.47876358 16.36491966
v 4.54343081 39.96240997 15.00333881
v 3.19073772 38.97091675 13.68536282
v 5.49096251 40.34870529 14.65394592
v 7.20633268 43.03127670 16.33603477
v 7.30950928 42.65592194 13.28887749
v 6.74136162 40.89599991 12.16914368
v 3.96854258 38.09821701 12.17282963
v 5.02913761 38.45663071 11.75975609
v 2.82537484 37.98826218 12.40812016
v 2.49266171 36.61001587 11.32877731
v 3.74841905 37.00455093 11.34615517
v 4.84429693 37.03646469 10.63523006
v 6.25732660 40.83367538 14.02176189
v 7.13647795 40.20034790 9.51191616
v 6.65099478 39.83940506 10.69421101
v 6.62940407 38.38701248 9.39400768
v 7.13791943 46.58438873 33.09398270
v 6.72756433 45.15154266 32.02101898
v 7.56771994 45.28467178 31.85418892
v 5.93943787 39.06897354 11.28622723
v 5.84728098 37.92022324 10.35644245
v 5.34947491 43.48297882 23.63505173
v 4.73081255 42.80772781 20.91971016
v 5.75759888 43.14099503 21.11084366
v 6.30638027 43.64838409 23.45621300
v 6.63177347 43.52105331 20.82384300
v 7.39352989 44.08699799 23.64409447
v 8.72331524 45.55777359 21.99802780
v 7.92623663 44.82241058 20.11407471
v 8.47801971 46.03140640 20.47791100
v 9.10068512 46.44300461 21.71112823
v 8.06821156 45.35439682 19.00876999
v 7.28727293 43.89431381 20.06462669
v 8.11465836 44.80124283 22.30693626
v 12.01463604 48.39336395 30.96421623
v 9.59538364 45.78537369 22.96172523
v 10.03889561 46.65459824 22.63069725
v 11.12508392 46.76771545 23.21291924
v 12.85584450 46.88862610 28.98794937
v 13.18323898 47.51408005 29.84721947
v 12.77327251 46.44016266 27.34418488
v 13.71485329 46.74917603 27.11342430
v 13.72359467 47.15298462 28.68346214
v 5.81605244 43.57950592 26.26721191
v 6.72445726 43.72584915 26.09232521
v 8.86981869 45.07033920 23.28548622
v 13.05058575 48.28003693 30.36429977
v 13.80132294 48.13258362 29.63136292
v 13.96583557 49.03319550 29.45421028
v 10.75490284 50.95005798 26.72470474
v 11.77934647 50.96122360 28.41078377
v 12.91408825 50.76258850 28.15369225
v 12.83025169 50.53719711 26.46221542
v 12.90092278 50.63072205 29.41450310
v 13.57424831 50.42197418 28.98036575
v 13.78089046 50.43355942 27.97611809
v 13.77141094 50.20374680 26.36911201
v 6.08825827 52.63700867 30.53092003
v 6.98012686 52.59045410 30.39410591
v 7.23558617 52.19455719 27.46864319
v 5.83042908 52.66112518 29.03871346
v 5.39739704 52.21556091 26.31702995
v 9.99734592 51.46724701 28.61884880
v 10.39983559 50.53077316 24.87651062
v 12.46162319 50.09568787 24.70828438
v 12.50301456 49.42156982 23.56295776
v 13.35022736 49.79330826 24.69427681
v 5.89135838 51.22363663 22.97999954
v 4.93798113 51.28756714 23.10643768
v 10.84183407 -33.05147934 -16.98240852
v 11.48902512 -36.43353271 -17.69737625
v 11.59996223 -37.53974915 -17.29903793
v 11.61654758 -39.34054565 -16.87966156
v 11.44860840 -38.86386871 -15.38881207
v 11.16115379 -34.59652710 -16.35809898
v 11.12416267 -34.58606339 -15.74825668
v 11.54414463 -36.29658508 -17.32695198
v 11.63354015 -37.39308548 -16.80394173
v 11.53316879 -37.87261581 -15.86272907
v 11.17287731 -37.62985992 -14.61815071
v 11.46348476 -38.88518524 -14.14814854
v 10.83591557 -36.57155991 -13.85676765
v 10.83976650 -35.69929504 -13.13847733
v 11.23293400 -37.56465530 -13.57519531
v 10.89130497 -35.09306335 -14.61580753
v 5.93271017 -44.22217178 -26.17453194
v 6.70740509 -44.93043137 -25.80304718
v 6.19813585 -46.36027527 -25.84306526
v 3.91546178 -45.85147476 -26.58503914
v 7.55427790 -44.70153046 -25.15076637
v 7.72222757 -44.72335815 -24.73765564
v 6.78221655 -46.51741791 -25.25817490
v 6.95232201 -46.24805450 -25.44754219
v 10.07578468 -42.22703552 -22.44906998
v 9.05086803 -42.30131531 -23.33951569
v 8.41720581 -41.96617889 -24.29140282
v 8.58355331 -42.71323013 -23.81125450
v 6.76519871 -41.49670410 -25.47262764
v 4.21844578 -41.29485321 -26.59995270
v 3.83578372 -42.35260773 -26.72567940
v 2.86860943 -42.55693054 -26.83953285
v 2.64711666 -41.60629272 -26.87686920
v 11.00217819 -44.62673950 -20.65154266
v 10.40208340 -47.10592651 -21.70097923
v 10.01340771 -48.65743256 -20.59437180
v 9.83209610 -48.68616104 -21.95079041
v 9.28503227 -48.45985031 -22.72665215
v 9.99918938 -46.70175552 -22.50057220
v 7.26864433 -51.54729080 -20.81520462
v 6.28786993 -51.97055435 -21.97414589
v 8.04793644 -50.87807465 -21.91024017
v 5.54208326 -52.39147186 -20.72683334
v 4.78952932 -52.48329163 -21.99797440
v 5.66412544 -51.94727707 -22.54659843
v 5.57493067 -51.48811340 -22.94338608
v 8.02371216 -50.62572098 -22.45107079
v 7.98874569 -50.16683197 -22.84181595
v 8.31633472 -50.45172882 -17.81902695
v 6.34251928 -51.83479691 -18.66476250
v 8.00454426 -50.83457184 -18.78332901
v 5.53728437 -52.09157181 -17.58087540
v 4.73690796 -52.40511322 -18.74090958
v 6.73893881 -40.03226471 -25.70663452
v 8.45712662 -39.84926605 -24.41164398
v 10.45112705 -40.93607330 -22.30235481
v 5.91896582 -47.07688904 -25.11740875
v 4.07333803 -47.77627945 -25.12346458
v 5.03943300 -47.53785706 -25.49156570
v 5.12440825 -47.24105453 -25.82424164
v 7.25418520 -44.49056244 -24.20175934
v 6.89810753 -45.95994568 -24.78411674
v 5.50151587 -46.68442917 -24.74091530
v 6.71468210 -43.85986710 -22.83051682
v 4.77449465 -44.17777252 -23.11084938
v 4.47037983 -44.88413620 -23.64827919
v 3.37452507 -44.83694839 -23.39807510
v 5.04184532 -45.10992813 -22.81371880
v 6.35411787 -49.82787323 -23.14973259
v 3.96964836 -47.73228073 -25.73884964
v 10.76991177 -46.98500824 -19.26566505
v 10.35037327 -48.07668686 -19.09459496
v 9.62177372 -49.16181564 -18.40555000
v 10.48016930 -43.81268692 -21.96542931
v 10.03407764 -43.63946152 -22.36004639
v 10.78340530 -43.88134384 -21.39946747
v 8.88709164 -49.42415237 -22.74181175
v 8.88473511 -47.06537628 -22.95578194
v 9.07027340 -42.97414017 -22.71645546
v 8.27964592 -42.86639404 -23.13629723
v 7.62377787 -43.52818680 -23.64406967
v 8.77700996 -50.26959991 -19.66762161
v 8.65888500 -50.41381454 -21.38900185
v 9.15197659 -49.53784943 -22.32436752
v 3.88352108 -46.97996521 -24.59480095
v 10.27936268 -48.54649353 -17.75579453
v 9.90700626 -48.89611816 -17.09130096
v 5.39375019 -52.10069275 -16.57443047
v 11.10627079 -46.63700867 -18.69731903
v 4.34950638 -40.38425064 -26.73067665
v 2.44587231 -40.73632812 -27.13772583
v 11.00942039 -45.98036575 -16.40820694
v 11.30249310 -45.50295258 -17.52817726
v 8.51500797 -47.03808594 -13.99246407
v 7.60792494 -48.81699371 -14.80179596
v 9.03872967 -48.10686111 -15.49248219
v 8.40258312 -49.99927521 -16.56948280
v 8.33267498 -49.62421036 -16.58672714
v 9.33155155 -48.54397583 -15.98296738
v 9.46897030 -49.11779785 -16.61226845
v 10.41758156 -45.61333084 -14.86981678
v 6.47223663 -35.27486801 -25.24923134
v 2.84479022 -37.11363220 -26.92062759
v 1.63344944 -37.35151672 -27.07080078
v 5.71270514 -29.83136940 -24.46088219
v 4.37748241 -31.57924461 -25.59009552
v 5.77408171 -32.41871643 -25.18497276
v 1.28337801 -29.34306908 -26.15567589
v -0.02964821 -29.87002182 -26.38533211
v 2.08422208 -36.59958649 -7.89582491
v 2.81608009 -36.88477325 -7.79403114
v 3.17675614 -37.28359985 -7.99129963
v 3.40117145 -36.33839035 -7.23353243
v 3.67479873 -37.51541901 -8.26616383
v 4.31105042 -37.46028137 -8.44905663
v 4.26439285 -37.00834274 -7.61585188
v 3.54435730 -34.48477173 -7.82891893
v 2.96055603 -34.74017334 -7.67462158
v 2.51553321 -35.49333954 -7.58686876
v 4.26602554 -35.23092651 -7.37687588
v 5.24815512 -36.74503708 -8.73600674
v 5.38889217 -35.86283493 -8.67586803
v 4.97999144 -35.74044800 -7.83972454
v 10.01654148 -35.41529465 -22.24777222
v 8.69057369 -36.42641068 -23.83107567
v 10.19840622 -38.64220810 -22.30899239
v 11.49721432 -33.26232147 -21.89828682
v 12.10559464 -32.01829529 -22.10112381
v 10.84461117 -32.29928207 -20.65896034
v 11.09385586 -30.82097816 -21.34705544
v 11.44141960 -30.42670250 -22.20672417
v 11.45711231 -30.27677727 -22.90685081
v 9.75073433 -30.45698357 -21.69448853
v 7.31905365 -31.63232613 -23.95958710
v 7.56224298 -30.18335724 -23.13708687
v 9.29658508 -32.99682999 -7.26091623
v 9.39469242 -32.59276199 -7.65582180
v 10.69989872 -32.42292786 -7.20214605
v 9.57000160 -32.28474426 -8.28001404
v 8.46780396 -32.25441360 -9.40317059
v 7.48367262 -33.13069534 -8.66075420
v 11.09538269 -32.63799667 -24.03601074
v 11.25942230 -33.02529526 -23.70637894
v 11.88761711 -32.94322205 -23.43799400
v 10.41731834 -34.15305710 -22.48798561
v 9.51934147 -33.58947754 -23.43556976
v 10.86272621 -39.71149063 -21.25281906
v 9.77752876 -41.15786743 -11.35982132
v 12.56199551 -30.55588150 -23.71793938
v 12.18167686 -30.59379768 -24.11237144
v 11.67665672 -30.30384445 -23.71298981
v 12.71797752 -31.12683296 -23.87845039
v 12.32175541 -31.12957191 -24.28320312
v 10.89579678 -31.50035858 -24.16619110
v 11.43957615 -30.78379822 -24.18441200
v 10.73665619 -30.59411430 -23.64795303
v 11.65294170 -41.36974716 -17.93691063
v 11.31719208 -41.70619202 -20.51840782
v 11.62419319 -40.70805740 -14.96293449
v 11.67160988 -42.64314270 -15.57137203
v 11.43662739 -43.67587280 -14.86539364
v 6.97228193 -49.97124100 -15.21570301
v 7.44424915 -50.77647018 -16.39176369
v 4.15803051 -50.50058365 -14.40992737
v 8.24756145 -48.68669891 -15.69360828
v 0.16872624 15.63053322 -21.23170090
v 3.77007580 17.21664238 -19.68288994
v 0.51481515 20.11181068 -19.18802834
v 0.66837502 24.92938232 -16.32979393
v 2.06656742 24.90951538 -16.08624840
v 4.40549469 23.89707565 -15.90174103
v 7.23082018 22.55874634 -15.34674835
v 8.40866470 8.91318226 -21.04416656
v 4.57277632 9.10005283 -22.46112823
v 5.82021284 4.30962849 -23.10367393
v 2.09940171 7.58289909 -23.50094795
v -0.49980676 7.20238304 -24.03627586
v 10.77846909 1.72584987 -21.57094574
v 4.54149532 1.49236357 -24.18578148
v 9.82424927 -1.97584546 -22.60426140
v 7.27808380 -3.23987055 -23.94290733
v 10.60279083 -4.81859827 -22.65418434
v 4.30452061 -4.74526787 -25.26496506
v 1.57851732 -2.08453798 -25.69228363
v -1.27950740 -1.47886920 -26.03891182
v 7.61084938 -8.35165977 -24.34276390
v 3.82888508 -8.84517384 -25.81817055
v 7.42418528 -13.27350330 -24.39739418
v 3.20632529 -13.31146908 -25.92601967
v 3.49290729 -11.11834335 -25.98531723
v 0.92209631 -10.91728306 -26.58744431
v 1.21183777 -7.40389109 -26.40797615
v 0.75652975 -13.16612434 -26.45768738
v -1.79621828 -14.14282990 -26.53114891
v -1.69015884 -9.01848125 -26.83163452
v 5.77223873 -17.06350136 -24.43503189
v 2.75343966 -16.71935463 -25.37673759
v 6.16682863 -21.03675079 -23.17510796
v 3.23381448 -20.44878960 -24.37831116
v 0.45151651 -19.11546135 -25.34558868
v -1.56914353 -19.10282326 -25.53053474
v 0.61687243 -15.24950409 -26.14582825
v 5.21471548 -23.06991768 -23.50155449
v 3.73957205 -22.45449257 -24.17903900
v 2.10036278 -23.16541862 -24.87385178
v 3.55346751 -25.01732635 -24.55930710
v 5.34884357 -25.83786392 -23.75590897
v 0.53827572 -23.94831848 -25.34847260
v -0.90872037 -25.12027931 -25.64028168
v -1.28277230 -22.35406876 -25.30193329
v 0.40454277 -21.64688301 -25.11156273
v 10.07291508 -23.77449799 -18.92103767
v 9.28610516 -24.50422096 -19.65165901
v 8.57881355 -24.22243309 -20.61398697
v 9.26056480 -23.44462776 -20.15667725
v 7.63386250 -23.81188774 -21.66563034
v 8.37596321 -22.91843796 -21.22475052
v 8.75242424 -25.92617798 -20.32533836
v 7.66748619 -25.99508667 -21.74597740
v 6.31164646 -24.84933662 -22.92257309
v 7.39056778 -22.18507957 -22.15769577
v 16.29666901 -19.00042343 -10.84542656
v 16.84134483 -18.81466103 -10.45660400
v 16.38319206 -18.91903687 -10.25259495
v 16.62201118 -18.60607147 -11.36205864
v 17.17510986 -18.39984894 -10.53901863
v 16.96077919 -18.45972633 -10.10251045
v 16.13373566 -18.48658371 -9.82287979
v 11.05926418 -26.07403755 -17.21224213
v 11.81404972 -25.85050392 -16.44470024
v 10.83039284 -25.82111931 -15.88417530
v 11.53225994 -24.90286827 -15.39421654
v 11.86918545 -24.46965027 -15.47805309
v 12.40659237 -25.43390274 -16.39419937
v 12.53147888 -24.60214615 -16.63198853
v 12.06529617 -24.37272835 -15.80929184
v 11.60893440 -23.91562843 -15.09899807
v 10.57398510 -25.08265305 -18.60954666
v 11.14597797 -25.75376511 -18.33524704
v 11.95365524 -25.17512512 -18.23217773
v 10.08070850 -25.83091354 -18.54092979
v 0.82651639 30.82076645 -12.06413746
v 2.57616901 30.24510193 -12.08908558
v 5.53218317 28.20540428 -12.26311684
v 7.33682728 26.80824471 -11.88730812
v 8.51414585 27.18919373 -10.17649937
v 9.11698341 27.01623726 -9.47563267
v 10.56034660 23.18005943 -11.21176434
v 9.64819336 27.09099960 -8.14791012
v 10.15536880 26.30487061 -7.84620333
v 9.42492962 28.37195778 -6.35367012
v 8.98498917 28.92375374 -6.99671507
v 5.47557211 6.37836838 7.63525772
v 5.80789042 7.19240379 7.25644016
v 5.73105764 8.37617397 7.27602959
v 5.42525434 7.66219378 8.45147896
v 3.61776662 10.92386627 7.10940981
v 2.94272995 10.67851830 7.55568695
v 1.95362246 10.51010799 7.26955271
v 2.53510666 10.09650707 7.97163057
v 2.94607401 9.89091778 8.54110813
v 4.01667452 10.18223953 8.37617302
v 1.93566501 8.40116119 8.40845394
v 2.02160788 7.29996443 8.57536411
v 2.34765935 6.42560530 8.58810806
v 2.97487950 5.80004358 8.37317181
v 3.95248079 5.82724333 8.28838730
v 3.47531843 6.90545368 9.19305325
v 1.91500866 15.73719215 5.83491516
v 2.58818889 15.17124939 5.78203344
v 3.30506492 15.08604431 5.61309719
v 3.24566317 16.07681084 6.03396463
v 3.17333317 19.28921890 4.30994463
v 2.98283148 18.79738998 4.96431160
v 1.91090441 18.17742920 5.13290977
v 2.35016084 18.34913826 5.25189400
v 2.81099820 18.24792290 5.58658218
v 3.41654849 18.52944946 5.37090826
v 4.52725077 17.93814468 4.33897400
v 4.06484652 18.41666222 4.86095095
v 7.68989849 15.81676769 3.21831393
v 8.82084370 15.43055248 2.68271589
v 8.56546402 16.69613075 2.81776524
v 7.42203283 19.48023987 1.69558954
v 7.68424892 19.09890747 2.08164167
v 8.36379814 18.86705971 1.97294903
v 6.88212442 17.02844810 3.15679741
v 7.70074177 17.72583961 2.92553616
v 9.81607628 15.51690006 1.62535930
v 9.07114506 17.15407181 2.18572307
v 9.88291359 10.86293697 3.97686291
v 9.19895077 10.71880341 4.44217634
v 8.84159851 10.11687374 4.91843081
v 10.72185802 9.83657169 4.47651148
v 9.33397388 6.43353081 5.44073725
v 9.99934769 5.79641008 5.09828138
v 10.87999916 5.62278652 4.59989691
v 11.29981422 6.74797010 4.71972704
v 10.43901539 6.99697876 5.34963322
v 8.47464943 9.42112827 5.23082972
v 8.70701694 8.38351917 5.49682093
v 12.57414722 6.02926445 2.96338630
v 12.33860779 7.16186047 3.14723945
v 12.54326153 8.24215031 2.50472116
v 11.91489601 7.65998220 4.16096640
v 17.12345123 -3.91045737 -1.58225620
v 16.85111237 -3.68533087 -0.62837887
v 18.50385666 -3.02780414 -0.57295305
v 17.17079353 -2.96808624 0.19684729
v 15.61476135 -3.64067435 -0.19094925
v 17.56711960 0.77706760 -2.74195957
v 18.24444771 0.20306130 -1.92665994
v 18.58829689 -0.50272942 -2.07861376
v 18.83067131 -0.14186907 -1.33843517
v 18.64209175 -1.40373504 -2.23367429
v 16.86253929 -2.37743926 0.55907685
v 17.15794373 -1.43485773 0.81345642
v 15.37957668 -1.42395687 0.70492184
v 12.69509602 -3.58366871 3.00887251
v 13.14200592 -2.76381373 2.73927379
v 13.66203403 -1.59118223 2.28468990
v 12.81687546 -2.52899790 3.94168520
v 9.25693130 -1.74076617 5.71552277
v 9.32099342 -2.83332658 5.47636223
v 9.63440514 -3.71447873 5.07008171
v 12.94007587 0.89447558 3.09439421
v 12.08014679 0.76958966 3.99613690
v 11.23630524 0.90545541 4.64181519
v 11.65327549 -0.23528992 5.12129450
v 12.25434971 -0.30248550 4.64260483
v 11.18195820 -4.42348194 3.91625023
v 12.07885647 -4.06314802 3.46333814
v 11.62399578 -3.38737440 4.71053791
v 2.08854032 0.50038600 8.37806892
v 1.94588137 -0.63498783 8.68934917
v 2.67950344 -0.14049989 8.80630970
v 1.95409644 -1.69471407 8.77613449
v 3.02259064 -0.78628325 9.25782681
v 3.99292469 0.76569277 8.19075394
v 2.89983749 1.01256812 8.19112206
v 3.45704508 -0.06819616 8.93216991
v 4.27355576 -0.33039591 9.02221966
v 1.88516295 -3.87280464 7.97668600
v 2.89883685 -4.14669514 7.96962929
v 2.74769974 -3.26409459 8.72473812
v 3.78991604 -4.32142448 7.67025089
v 4.14527321 -3.43097758 8.71878624
v 3.47036815 -3.32418084 8.90952492
v 5.55922461 -3.99118686 6.72377253
v 5.94091225 -2.87461305 7.14163828
v 5.31440306 -3.34471869 7.85988379
v 6.03857231 -1.81559765 7.45018005
v 5.49223948 -2.65728045 8.33488750
v 16.14811325 -12.50838661 -5.53837061
v 16.52716827 -11.60746002 -5.59556055
v 17.20238876 -11.58302498 -4.53496552
v 16.89537430 -12.22970390 -4.49652290
v 17.12350273 -10.62580395 -4.89901161
v 18.06402969 -11.07621479 -3.44761872
v 17.86339188 -11.71910191 -3.59380579
v 17.52762413 -12.25313854 -3.56642222
v 15.14986897 -8.66391373 -1.51569259
v 15.35640526 -9.84178543 -1.41400397
v 16.15517044 -9.45298767 -1.57383037
v 15.17414570 -10.82902336 -1.58151901
v 16.92612839 -11.12561035 -1.52748859
v 17.00132942 -10.45744610 -1.43143475
v 16.93803024 -9.93041420 -1.51348078
v 16.60437012 -8.38670540 -2.64674830
v 15.67152977 -8.09801769 -2.03861761
v 16.56192398 -9.03528023 -1.94551265
v 17.38069916 -9.83088398 -1.73076057
v 17.74195480 -9.74652100 -2.16416168
v 14.48855019 -12.77116585 -2.76944852
v 14.84411812 -13.23605824 -3.57906079
v 15.97180367 -12.77822208 -3.06319237
v 15.68753910 -12.40727711 -2.47075462
v 15.82709122 -13.08249855 -4.03315783
v 17.31539917 -12.47226143 -2.93543649
v 16.99048042 -12.41285896 -2.47686338
v 16.59152031 -12.24339581 -2.18680596
v 12.11772060 -9.45459461 1.58365178
v 11.55727386 -8.95154858 2.15299749
v 10.73976326 -8.90683937 2.84875631
v 10.99185181 -10.13284302 3.13870835
v 11.57670593 -10.14600849 2.62968612
v 9.98439121 -13.73591805 1.29520035
v 10.86749172 -13.42339993 0.90466553
v 11.51182747 -13.15896225 -0.03896923
v 11.55722141 -12.61373520 1.16046691
v 10.55581760 -13.01582909 2.21440029
v 12.29194927 -11.18601322 0.81598413
v 12.34095097 -10.21025467 1.15614879
v 9.12469864 -9.69080639 3.70247221
v 8.50587845 -10.41526508 3.72882915
v 8.47443962 -11.50308514 3.49970055
v 9.63361549 -10.92591953 3.70576334
v 3.34040070 -9.14676380 6.58706474
v 2.49455762 -9.48037243 6.88976049
v 1.39994335 -9.30027103 6.75378942
v 2.14083290 -10.54165173 7.11135864
v 3.49806786 -10.53791237 7.12483978
v 1.00677538 -13.67988586 5.17069054
v 2.00070143 -13.97183990 5.11450148
v 1.92497492 -13.22621059 6.08388710
v 2.83985639 -14.11607838 4.80643368
v 3.22423005 -13.41879177 6.08889008
v 2.62431455 -13.32600307 6.27394104
v 4.53865194 -13.65313435 4.03089333
v 4.95678139 -12.68216896 4.71464539
v 4.33401060 -13.30778217 4.96805048
v 5.12555981 -11.72531605 5.26155758
v 4.23571873 -13.01334095 5.75805950
v 1.00824988 -11.59129333 6.46425867
v 1.21262777 -12.65702248 6.11579990
v 2.12814140 -11.94080544 7.05975056
v 14.18680191 -19.59978676 -8.30142117
v 14.54110622 -20.26147270 -7.71738291
v 15.43584538 -20.38046265 -6.57184553
v 14.87044907 -21.00662804 -7.08418512
v 14.16289425 -20.75227547 -7.89232302
v 13.28819275 -20.58270645 -9.05687141
v 11.79251099 -20.80251312 -6.48426962
v 13.10114002 -20.90825844 -6.05982113
v 12.55262280 -20.31813812 -5.57344294
v 14.25241852 -21.22169685 -5.80825901
v 14.37901497 -20.86749840 -5.28401756
v 13.72064495 -19.98876762 -4.96020412
v 12.96980286 -21.18530846 -7.66809177
v 13.27544880 -21.18314934 -6.63740826
v 12.00410366 -21.13343620 -7.29482985
v 14.68497658 -21.37346649 -6.34419107
v 14.77723885 -17.29644203 -7.09187365
v 15.20084476 -18.42707634 -6.50428104
v 15.12311649 -18.97096062 -6.94442272
v 14.62852383 -18.04201698 -7.70937824
v 15.66768551 -19.25069618 -5.85402107
v 10.44480801 -17.76080704 -1.87947559
v 10.33732605 -19.05205917 -1.12031281
v 10.42337418 -19.40896988 -1.69429278
v 10.24482727 -20.12855721 -2.15805292
v 7.03689575 -20.13577080 -0.51505214
v 7.28098011 -19.31436348 -0.01337593
v 8.41956615 -19.53043175 0.33555669
v 7.90927982 -18.92588234 0.19663665
v 7.24248457 -18.04201698 0.16451336
v 8.03929996 -21.66141701 -3.06603599
v 7.55313253 -21.64920044 -2.37551713
v 8.88624954 -21.69701576 -1.60142481
v 7.64676428 -21.42122841 -1.41100216
v 6.47479057 -21.34555626 -2.40261126
v 0.39379990 -21.89902496 -0.48953784
v 1.12420964 -21.95916176 0.67395711
v 0.81761664 -21.48326492 1.08334470
v 0.78293931 -20.78711128 1.75645924
v 2.28580880 -18.37915421 2.49861240
v 3.10229325 -18.67295074 2.21116161
v 2.45822144 -19.83976364 2.74469781
v 3.49501371 -19.54586220 1.98806286
v 3.83204484 -18.31522369 1.50926793
v 3.20853710 -21.64151192 -1.17455375
v 3.10563731 -21.73261452 -0.19505681
v 2.57792020 -22.07380676 -0.81203455
v 3.09078693 -21.90081406 0.51249808
v 2.75238633 -22.13989639 0.63772625
v 2.06676483 -22.23966217 0.01450817
v 3.72013998 -19.93581772 1.48064649
v 3.66779470 -20.67986488 0.93757874
v 10.45852566 -25.86158943 -11.34565544
v 11.57731152 -25.86682892 -10.79350281
v 12.73335457 -26.03071022 -10.35117626
v 12.31996536 -25.95203400 -9.81750774
v 11.21545029 -25.74381256 -9.98002052
v 10.02467728 -25.74676132 -10.27102566
v 10.46334457 -23.71130371 -8.91247463
v 11.95670891 -24.39331818 -9.05239487
v 11.87961292 -23.94143295 -9.30522060
v 10.89527130 -23.34541512 -9.24971581
v 12.81287289 -24.45698547 -9.25435066
v 12.44872189 -23.92439842 -9.76229286
v 8.60398579 -26.53472900 -4.98585033
v 9.01766491 -26.09548378 -5.18556738
v 8.63568783 -25.83818245 -4.62764931
v 8.99409866 -25.94131851 -6.32607555
v 8.88356304 -24.94526100 -5.76681471
v 8.61694050 -24.87421989 -5.29960489
v 8.41693306 -25.23647499 -4.68262720
v 10.56413746 -24.97759438 -9.28894806
v 11.01065159 -24.51114845 -9.01871777
v 12.36109352 -25.55117798 -9.29079247
v 5.40758657 23.96438980 2.61046147
v 6.03042316 23.75170898 2.40000463
v 5.87782431 24.47878647 2.61462498
v 1.76964426 24.37619591 4.72035885
v 1.26399875 23.77562904 4.69500303
v 1.84551573 22.91858673 4.67766762
v 2.84715009 23.19372368 4.69961071
v 8.76241684 25.09498787 -0.95032269
v 8.88940907 24.13048744 -1.39530921
v 9.46003151 24.81483078 -1.44507396
v 9.71718979 24.25839996 -2.56385946
v 9.95666599 24.57707977 -3.05168581
v 9.98334503 24.97244644 -3.47999191
v 10.03689480 24.98917961 -2.06800246
v 15.80202389 -18.46520233 -11.98419762
v 15.31396103 -19.07206917 -11.61104107
v 15.76800537 -19.04500198 -10.80816936
v 14.98756695 -19.25533104 -11.08316612
v 16.83328819 -16.31957817 -10.56540203
v 17.01494217 -16.70242500 -11.22772026
v 17.35784531 -17.26316071 -10.36718559
v 17.12213326 -17.48617935 -11.45226765
v 16.65545082 -16.85198212 -12.00463009
v 15.31280231 -18.92093086 -10.35544205
v 15.11648178 -18.28499603 -9.80855560
v 19.14690018 -10.56687641 -11.00649166
v 18.79075432 -9.46973419 -11.10475731
v 19.68651962 -9.97643948 -10.50041771
v 18.82203484 -8.69182396 -10.63501930
v 19.67388153 -9.44256115 -10.15643501
v 20.53955078 -9.91048241 -9.65223122
v 20.57406998 -10.81943893 -10.01877880
v 18.18346596 -8.55985546 -7.87894726
v 18.53292465 -9.61302567 -7.80806494
v 19.19645500 -9.36620235 -8.11613274
v 18.39848137 -10.43374920 -7.88521385
v 20.12276459 -10.80701065 -8.15942001
v 20.17595100 -10.02533627 -8.24417782
v 17.58765793 -12.10531807 -8.70140839
v 17.69066238 -12.57537174 -9.34840298
v 18.89755058 -12.13607216 -9.13470459
v 18.79359818 -11.78850937 -8.65580368
v 17.88434982 -12.72924709 -10.07186127
v 19.04605484 -12.25951004 -9.66752911
v 20.17553139 -11.94301701 -9.27762699
v 19.79094696 -11.68796539 -8.63884735
v 18.65467644 -8.08885479 -9.14386749
v 18.42612839 -8.16795158 -8.40892887
v 19.40467644 -9.07772541 -8.51330280
v 19.58614731 -8.99757481 -9.05444908
v 20.54099846 -9.70955276 -8.94480801
v 14.47295666 17.70925903 -5.90158749
v 13.73834038 18.62813568 -6.43698025
v 16.10581398 17.55644226 -7.31485415
v 13.84597969 19.01314163 -7.73992205
v 16.56395149 16.55697441 -6.39158630
v 17.27387810 15.01351738 -5.76670599
v 18.52669144 14.10428905 -6.09857321
v 19.49514961 2.00143886 -10.31315517
v 19.16425323 3.27565384 -8.25318336
v 18.32988930 5.66330910 -5.48572922
v 17.51624870 8.19923210 -4.04005623
v 17.28217125 6.37859201 -3.62184787
v 11.81978989 19.92102051 -3.86685371
v 12.22749233 19.65797806 -3.02158999
v 12.58874798 19.30188179 -3.35156465
v 11.20270634 20.27980042 -2.97061419
v 11.94565010 19.77214622 -2.55153680
v 12.80234146 19.30102539 -2.40861464
v 16.10260773 17.87873650 -8.05614567
v 18.23245049 12.20452499 -5.04009104
v 19.34369469 12.26235390 -5.76634073
v 10.66609001 -23.28348541 -18.92051125
v 11.38358402 -23.36703110 -17.74682617
v 11.37764740 -22.95667076 -18.93567657
v 12.37209988 -22.95235062 -16.62448692
v 11.49381733 -23.39354706 -16.24458885
v 12.13912678 -22.63006592 -19.26733780
v 13.26991940 -21.99992180 -20.09680176
v 13.52959156 -22.46323586 -18.95779419
v 13.87388992 -22.42068481 -17.86202240
v 14.27898502 -22.11577797 -16.72311974
v 15.08356857 -21.44592857 -16.30636024
v 14.21829319 -21.74893951 -14.84696198
v 12.41533470 -22.77467346 -14.81626034
v 13.58225250 -21.74082947 -13.86167240
v 12.74810028 -21.90218353 -12.20916653
v 14.97693634 -19.99139977 -13.59751701
v 15.77179718 -19.26786423 -14.12613678
v 16.34569740 -19.79718590 -16.14282036
v 16.79629326 -18.65108299 -15.78240776
v 17.47942543 -17.79913139 -16.89717674
v 16.33058357 -17.27574539 -12.86479759
v 17.27053261 -15.62892723 -13.77909946
v 8.46885681 -20.52088356 -22.43348122
v 8.94391346 -21.55504036 -21.70881271
v 9.60891819 -22.30109215 -20.91689491
v 10.57735729 -19.64163971 -22.29764748
v 11.55924892 -21.47204781 -21.05465508
v 12.10971546 -21.99518204 -20.38793945
v 10.70958805 -22.68725586 -19.90790749
v 9.92936039 -23.01480865 -19.99669266
v 9.65352154 -17.78223991 -23.08152962
v 10.37339973 -14.75206661 -23.00353813
v 10.68125629 -17.08977318 -22.88057518
v 10.73907852 -14.99757290 -23.04061127
v 12.29037476 -7.36492682 -21.81234932
v 10.45905304 -11.91826630 -23.01612282
v 11.81505013 -10.66124535 -22.23689842
v 11.26874352 -11.84706783 -22.58898926
v 11.00280476 -13.08618450 -22.96214676
v 17.43925858 -6.47700262 -17.07768822
v 16.28948212 -8.30610752 -18.84807587
v 15.17893600 -7.42064857 -19.68916893
v 15.56768227 -9.18736553 -19.92939186
v 14.84074783 -8.95428753 -20.38564873
v 14.04703903 -8.96018505 -20.87760925
v 16.39803886 -9.56784916 -19.12666893
v 16.71790695 -10.26428509 -19.03225708
v 17.46148109 -9.28094387 -17.30039215
v 17.58312798 -12.83330536 -17.66496468
v 17.17310905 -11.21597767 -18.52650070
v 17.41279602 -10.93347645 -17.55350685
v 18.61475945 -8.18532944 -14.65348530
v 19.06511879 -8.85612679 -14.78092480
v 18.83070946 -9.27116203 -15.49423313
v 18.29496193 -8.75059414 -15.64171028
v 19.52263832 -9.37146854 -14.91089249
v 19.31844521 -9.55264950 -15.44182205
v 18.22345543 -11.93511105 -14.32961941
v 18.77445412 -11.56451511 -14.53407574
v 19.28579521 -11.27187729 -14.56427670
v 19.46844864 -10.16944218 -14.29612637
v 19.25648880 -10.62785816 -15.77927494
v 18.08962440 -11.71794319 -16.16275215
v 18.66162872 -11.42662144 -15.86121559
v 18.40490532 -11.97887897 -15.70354843
v 18.92975235 -11.11041832 -15.82732677
v 18.85376358 -11.85841656 -15.19297218
v 17.74381065 -13.00111580 -16.25425339
v 17.63231277 -15.72458553 -17.17384720
v 17.54319763 -15.29631901 -15.13492680
v 8.51722622 17.27692986 -17.82065773
v 10.48124981 18.12986946 -15.71797657
v 10.20957088 15.88759899 -17.36932373
v 13.67072296 10.10198402 -18.27583313
v 12.52255535 12.35132694 -17.47571373
v 13.75526428 12.77950573 -16.47572708
v 11.14936161 21.01047325 -12.77311420
v 13.37624168 17.90991783 -12.89965916
v 12.63104725 20.12111855 -11.54766369
v 14.79672337 17.42756844 -11.91500092
v 14.24287033 19.00183868 -8.71627235
v 13.80273438 19.18349075 -10.36636257
v 11.67518234 21.85068130 -10.56729794
v 10.94860554 23.33819389 -9.08566570
v 10.95414639 22.65502739 -5.95860624
v 12.45003796 20.67000580 -7.42494249
v 12.10117149 6.12812281 -20.13523102
v 13.70511055 8.41824913 -18.95094872
v 13.87112522 5.54932404 -19.53632927
v 13.54111099 15.38298702 -2.07513785
v 13.87557507 16.22805214 -2.26000500
v 14.10106945 15.80244541 -3.12238359
v 13.99732780 16.59141350 -2.68466425
v 13.98969173 17.04883003 -2.18743777
v 13.69410419 16.94424438 -1.63597059
v 13.88642311 16.94060898 -3.32107401
v 13.46676636 17.84453964 -3.64936328
v 13.82196617 17.90156937 -2.56375432
v 12.53071499 19.92433739 -5.76734114
v 11.69627285 17.67133522 -1.04948354
v 12.22696590 15.76305485 -0.89787221
v 12.90147591 16.80095291 -1.12681651
v 12.11400795 18.60433388 -1.27655828
v 16.10693169 10.53717518 -2.17100763
v 15.52070808 11.08980083 -1.71338236
v 16.30230522 10.56297970 -0.93294454
v 16.72991371 10.12557602 -1.29451585
v 15.37804985 10.95909595 -0.77659363
v 16.78036308 10.21531105 0.15524501
v 17.12213326 10.12536526 -0.26951966
v 17.25747299 9.92483139 -0.66100246
v 19.40267563 -3.48901033 -9.45319843
v 20.05683327 -2.56391215 -9.38257980
v 20.46937943 -2.98936152 -8.79946327
v 20.41071510 -1.69782114 -9.20827198
v 21.63403320 -2.29202294 -8.37059116
v 21.35061073 -2.72689843 -8.34057426
v 19.64844513 -1.34177923 -5.76631403
v 19.61463737 -2.25423861 -5.98140860
v 18.76031494 -3.25119257 -6.45425272
v 19.96193695 -2.80262518 -6.44003439
v 20.91594696 -2.59956384 -6.37062693
v 19.72722626 -3.66400313 -7.89442921
v 19.30030251 -3.88523269 -8.86802864
v 20.41756058 -3.30543351 -8.31771946
v 21.52355003 -2.85328507 -7.89116430
v 21.46562386 -2.90152264 -7.31273460
v 19.89990234 0.61545056 -7.39346409
v 19.09976959 0.90945762 -6.65457582
v 20.24620247 0.26520142 -6.64109468
v 18.88269997 0.54535860 -5.97156096
v 20.04998589 -0.01885268 -6.11585236
v 20.98061371 -0.33155444 -6.18410158
v 21.33902550 -0.25709161 -6.53556156
v 21.55198669 -0.25414258 -7.09313774
v 19.22046852 -4.08924198 -12.91113853
v 19.90221977 -3.75189471 -13.32537174
v 20.18274498 -3.00434375 -12.99766064
v 20.33430481 -3.79210138 -13.73786640
v 20.28772545 -2.09601808 -12.79449463
v 18.71281433 -1.25186026 -15.53376865
v 19.52221680 -1.57393575 -15.31111717
v 19.51931953 -2.37120867 -15.56296921
v 20.16257668 -1.74129283 -15.22127724
v 19.53485489 -0.28489670 -12.32912827
v 20.13898468 -0.85763907 -12.89576149
v 19.84782028 -0.39137751 -13.17233753
v 20.65316772 -1.18445408 -13.25585842
v 20.78861237 -1.17413247 -13.66598320
v 20.24190903 -0.89205313 -14.08629894
v 15.84586430 -3.89924049 -18.75818253
v 17.31792641 -3.82325053 -17.15541649
v 13.71576118 -2.21804714 -20.34253311
v 13.81259251 -3.91061521 -20.47643661
v 17.72004700 -0.17883718 -17.36869240
v 17.32782745 -1.84524584 -17.28306580
v 16.18750381 -2.22156239 -18.41475296
v 12.61865902 0.14550273 -20.84403801
v 14.70035362 2.34889698 -19.65060425
v 15.36335659 1.30020320 -19.34611702
v 14.98261738 -0.12333236 -19.41489410
v 16.27723885 0.43940443 -18.78538322
v 16.62137985 5.68113518 -0.51528913
v 17.15065002 5.98635864 -1.07742035
v 17.03113556 5.84707022 -2.23399019
v 17.43346596 6.62161016 -1.33495951
v 17.82663345 7.13695192 -0.67037612
v 17.53699684 7.01488352 0.32744688
v 14.05156803 10.55097294 0.24139860
v 14.64806080 9.50780773 0.79581493
v 15.18272972 10.14621925 0.52850705
v 14.85949516 8.42030334 1.02399564
v 16.45354843 8.68529415 1.24385583
v 16.26470566 9.44666862 1.07860518
v 16.02572823 9.94715977 0.80213428
v 19.44095993 6.20617962 -6.86385775
v 18.65964127 8.14413548 -5.12243986
v 14.36953640 11.07747841 -0.39559039
v 15.92209148 10.34464645 0.31644070
v 21.15381050 9.89440250 -34.20507812
v 17.97429466 12.54804039 -24.38647079
v 17.30800056 11.76265240 -24.19955254
v 16.67451286 10.73038864 -23.61686897
v 17.50466347 11.90836525 -22.21851921
v 16.33735085 9.80700207 -23.57464790
v 16.44033051 9.19800282 -24.79549217
v 15.93394089 8.50624657 -22.56697845
v 15.24702930 8.14056683 -20.54905701
v 15.44524479 9.14902782 -20.45337105
v 15.81113434 10.05911732 -20.37248421
v 16.60568619 10.96115017 -21.26335335
v 16.52669334 11.19130611 -19.83465576
v 24.86626816 12.34155655 -29.04582214
v 24.21305847 12.97659683 -28.98647499
v 23.45342255 13.46529198 -28.94008064
v 23.28917313 13.61585045 -26.56495857
v 24.04733467 13.12573338 -26.62451744
v 24.69922638 12.48863792 -26.70208740
v 22.61711121 13.78931522 -28.90943146
v 21.73630142 13.93534470 -28.89484406
v 21.57515907 14.08727264 -26.51045418
v 22.45433617 13.94087410 -26.52677917
v 21.20313263 13.67659473 -23.94256592
v 22.07980919 13.52456188 -23.95699310
v 22.91209221 13.19263935 -23.99388504
v 23.66785812 12.69464874 -24.05294228
v 24.31745911 12.04862881 -24.13043404
v 24.46488380 5.54239941 -29.88200378
v 24.98376846 6.31499052 -28.63439560
v 25.45885086 7.07258654 -28.82674026
v 24.29026222 5.70641232 -27.51106644
v 25.84278297 7.82752371 -30.04491615
v 25.93363380 8.86269188 -28.80873680
v 25.29082108 7.58354425 -24.67208099
v 24.97848892 6.68712044 -24.77648163
v 24.50988388 5.86884546 -24.87158775
v 23.90264893 5.16384506 -24.95297432
v 18.05744743 5.83035040 -30.34244537
v 18.71086693 5.19862747 -30.38691711
v 19.47121429 4.71024799 -30.42725754
v 19.28213501 4.95793962 -27.59058571
v 18.52307892 5.44563437 -27.53586960
v 17.87034416 6.08051729 -27.46393585
v 20.29014778 4.47940826 -29.93585014
v 21.17235184 4.34067249 -29.93790245
v 20.99773026 4.49352121 -27.64056206
v 20.11776161 4.63623285 -27.62576294
v 20.60469246 3.93610311 -25.10508537
v 19.72696304 4.08726692 -25.09252548
v 18.89491653 4.42040157 -25.05856133
v 18.09790421 4.85422373 -24.86237144
v 17.44996262 5.50951242 -24.79126549
v 18.43560600 12.72445488 -29.00190353
v 17.74977493 12.10371208 -27.90771103
v 17.32367897 11.23542309 -28.69570541
v 18.27957153 12.86985207 -26.66785622
v 16.98334503 10.34280300 -28.49693680
v 16.83872414 9.41504574 -28.58743477
v 25.96119690 9.76816463 -29.55495071
v 25.75629234 10.67804432 -29.47345734
v 25.58667183 10.87231064 -26.90035629
v 25.71012306 9.84272003 -26.51272392
v 25.38634872 11.58286762 -29.11707497
v 25.21815109 11.72752762 -26.79571915
v 24.83427620 11.27659035 -24.22456551
v 25.20103455 10.40928745 -24.33020401
v 22.06345940 4.38151121 -29.94135284
v 22.94998169 4.51653433 -30.43884087
v 22.75608253 4.75956535 -27.61301994
v 21.88817596 4.53512335 -27.63713837
v 23.75951576 4.91070271 -30.41788292
v 23.56706619 5.15373373 -27.57162857
v 23.17747688 4.60100269 -25.01924706
v 22.36428642 4.20001459 -25.06735420
v 21.49516487 3.97491455 -25.09666061
v 16.87059784 8.47717762 -28.67781448
v 17.16726494 7.43261766 -30.24749756
v 16.98137093 7.69510698 -27.27825356
v 17.53702354 6.58545828 -30.29415512
v 17.35057831 6.84073257 -27.37688637
v 16.93455505 6.29114819 -24.70307159
v 16.56915092 7.16753483 -24.60181618
v 16.47118759 8.24657440 -24.91060829
v 20.84416962 13.89495468 -28.89789963
v 19.98134422 13.61577129 -29.20285988
v 19.81606483 13.82333469 -26.54952812
v 20.68439484 14.04672337 -26.51914406
v 19.16883469 13.22131348 -29.23653603
v 19.00397873 13.42600727 -26.59960938
v 18.69696426 13.10835457 -24.31311607
v 19.41669655 13.37962532 -23.86038780
v 20.31484604 13.64136505 -23.95499229
v 21.11151314 13.06474781 -32.90343857
v 18.88212013 12.21628189 -32.97614670
v 17.11577415 8.84571266 -33.54828262
v 17.00198746 8.14175224 -32.73075867
v 17.05422592 6.35897589 -34.05816269
v 17.15193939 7.02983904 -32.15203857
v 17.88331032 5.16862392 -34.35966110
v 17.53552246 6.23992205 -31.89147186
v 17.93661690 5.36840677 -32.20880890
v 22.96983528 3.68596292 -34.26554108
v 22.62969589 3.30222130 -34.15010834
v 20.77614403 2.99740553 -34.38046265
v 25.65502548 6.23054838 -32.54302597
v 25.23733139 5.59473133 -32.30908966
v 24.64306259 4.98998404 -32.26299667
v 23.01070023 4.05543327 -32.30517960
v 23.96136475 4.44612598 -32.30910110
v 21.22117043 3.91904092 -31.94750404
v 22.10229683 3.94558215 -31.98752594
v 25.86421967 8.28251553 -33.46158600
v 25.52255630 10.40959740 -33.11028290
v 24.22265053 12.05575085 -32.94107819
v 17.70099068 10.87302208 -33.04505920
v 19.44659615 3.88944554 -34.23826218
v 19.39999008 3.86232495 -33.42794037
v 18.86289978 3.85442591 -34.11993408
v 19.46018219 4.25849485 -32.27968979
v 18.88549232 4.16939163 -32.86954498
v 18.69664764 3.83294010 -33.60591125
v 19.78936768 3.77480221 -32.87002182
v 19.78565407 3.40654302 -34.12048721
v 19.72459412 3.41217756 -33.59500885
v 20.37424850 3.86814404 -32.28811646
v 18.51211166 4.73884296 -32.29614639
v 23.55553246 3.90713978 -32.90498734
v 25.53811836 6.18231106 -34.15010834
v 24.57489395 6.62184668 -19.97296906
v 24.63574409 7.87723541 -20.50600624
v 24.43573761 8.88461685 -20.46980095
v 24.09831047 8.31274319 -17.85264778
v 24.31595993 7.24343252 -18.05381393
v 24.07066345 9.81295300 -20.43488693
v 23.55224037 10.63396645 -20.40207863
v 23.18594933 10.19235992 -17.73282051
v 23.68327141 9.34575653 -17.67553329
v 24.23259735 6.23428726 -16.87588882
v 23.84900284 7.75489378 -15.43453789
v 19.47284698 1.86457253 -20.98782921
v 20.42954063 1.85872710 -20.89998817
v 21.96960258 2.63310909 -21.40202141
v 20.90288544 1.06501865 -18.68321991
v 19.82112122 0.79813200 -18.88312149
v 18.73451233 0.78707319 -19.14137077
v 23.17439842 3.43621755 -21.31548691
v 22.74054909 2.16711068 -18.50164413
v 21.89186287 1.52243316 -18.56209946
v 21.83941078 1.47082531 -17.31676865
v 20.78187180 0.96222413 -17.49634361
v 22.70958328 2.13182783 -17.24957275
v 22.68283272 2.36964536 -15.98633766
v 21.13133621 2.01513720 -14.18145752
v 20.76217651 1.14200914 -16.23921776
v 19.55023193 0.62266517 -17.81641769
v 18.26214218 0.51281404 -18.29552841
v 19.46723938 0.67932850 -16.60974121
v 15.40911961 6.27678490 -20.72967148
v 14.86391830 5.65485716 -19.72427750
v 14.56975365 8.28306866 -19.31420517
v 16.23058128 3.96296024 -20.89482880
v 15.48258209 3.61034155 -19.84513474
v 14.64598083 4.53367519 -19.58696365
v 14.20491791 7.26202154 -19.30172539
v 20.39620781 12.49925041 -20.34465218
v 19.49443817 12.54040432 -20.36108208
v 18.54888153 12.32523155 -20.14298630
v 18.26329994 12.21243095 -18.80655289
v 19.15285110 12.28478718 -18.76484489
v 20.06778526 12.16535187 -18.73145676
v 17.71688843 11.99652004 -20.18843269
v 17.03961372 11.73110867 -18.90513229
v 17.47566032 12.08363533 -18.05753899
v 16.75316238 12.22135735 -17.35373688
v 18.31850433 12.98020077 -16.75112152
v 19.04152679 12.40411758 -17.93522072
v 20.58026695 12.12833023 -17.43239403
v 19.69330215 12.98948765 -16.25405502
v 22.89634705 11.32411766 -20.37464333
v 22.13062859 11.87305641 -20.35360336
v 22.02470016 11.22342873 -18.69032860
v 21.28612709 12.27099037 -20.34344101
v 22.43326759 11.06542110 -16.87692451
v 23.70161438 3.87501621 -20.65085030
v 24.03932953 4.38247204 -19.25650215
v 23.41756058 3.00252676 -18.49205971
v 24.35700798 5.41648674 -19.25949097
v 23.77008629 5.68193483 -15.08124828
v 23.51408958 4.64799118 -14.93402672
v 23.37774849 2.98346353 -17.25189018
v 23.32255936 3.22370362 -16.00971985
v 16.86025047 3.10779619 -20.90330696
v 17.71109581 2.57102156 -21.14107132
v 16.83934212 1.70400870 -19.67661858
v 16.08776283 2.55817223 -19.81122017
v 18.76889801 2.42657208 -21.61768150
v 17.42588234 0.95885378 -19.15127182
v 16.18803024 1.50421238 -19.30788612
v 15.45572472 2.43052173 -19.56129074
v 15.95658398 7.51637554 -22.66966629
v 18.23365021 12.46083355 -22.15690613
v 17.67973709 16.71563911 -10.45966530
v 15.58958244 18.15852737 -9.44983482
v 16.09489822 16.75113487 -11.95181084
v 19.36631393 15.51162434 -10.01964855
v 18.46100998 16.26103210 -8.54640102
v 20.55842972 7.60726786 -7.20859718
v 20.97670937 9.30391407 -7.60341263
v 20.30002213 9.87527752 -6.23760509
v 19.63259315 8.67829037 -5.70296288
v 20.48175430 11.54068565 -6.92872953
v 20.00127602 11.27564240 -6.11487818
v 19.23429108 9.78333187 -5.18588352
v 19.90435219 13.54767990 -7.29159117
v 23.59988785 7.11962652 -14.20984745
v 23.37803841 9.10485172 -14.62140083
v 21.67305374 11.41287708 -10.24640656
v 21.88422585 10.00603580 -9.75247192
v 20.89913368 13.29283333 -10.44717121
v 15.63605404 12.90495110 -16.15154457
v 15.17293453 11.17532253 -17.66349030
v 14.46980286 10.70969296 -17.88972092
v 14.45754623 12.64198780 -16.31478500
v 15.37030888 15.05360413 -13.89511204
v 22.87718964 4.15336990 -13.61494827
v 22.25557137 3.31566787 -13.42913151
v 16.77730751 15.50942516 -13.28035927
v 15.79096508 16.22131157 -12.73274994
v 15.41907215 10.24617004 -19.09787369
v 14.95354843 9.41149139 -19.20182610
v 14.68192196 9.93462658 -18.54356194
v 15.26709270 10.59868336 -18.37451935
v 14.19375324 9.15871811 -18.75673485
v 14.90588951 15.70812893 -13.44306850
v 18.42444229 11.16473770 -34.10887527
v 21.31832886 12.57368660 -34.05347824
v 17.69415855 9.48886490 -34.19469070
v 17.30950165 8.00717640 -34.24742508
v 20.47993851 3.83596158 -34.41861343
v 23.29233170 4.06991529 -34.43089676
v 25.13278580 6.18952560 -34.38259506
v 25.61579514 8.37891197 -34.28413391
v 25.10719872 10.00194740 -34.21665955
v 24.29731560 11.42293549 -34.12836075
v 22.89845276 12.14224052 -34.09642792
v 19.94070244 4.46571589 -8.86962128
v 20.51164055 3.17696667 -11.04330158
v 18.90734482 4.64428997 -6.94168425
v 19.62953949 1.59194589 -12.18546867
v 19.44870186 1.02583873 -13.72212029
v 19.75466347 1.03184211 -15.13501835
v 18.92567062 0.46742016 -15.31375027
v 18.18575668 9.38296223 -4.58057022
v 17.26565933 -12.06245708 -34.24978256
v 18.23970795 -17.06015015 -19.23595047
v 18.66240883 -15.27989483 -20.04351234
v 18.17445946 -13.48527622 -19.25696373
v 19.67619705 -8.62499714 -28.32563019
v 19.04405403 -8.06973839 -28.33953094
v 18.31951523 -7.71709299 -28.70110321
v 18.21253395 -7.45860577 -26.10738564
v 18.92346001 -7.88968992 -26.07726288
v 19.54833603 -8.45706081 -26.06830978
v 17.53749847 -7.45605183 -28.71187401
v 16.72467232 -7.35986614 -28.72193146
v 16.63891411 -7.07628632 -26.18901062
v 17.44104958 -7.18508387 -26.14161491
v 17.91688919 -7.68039465 -24.40425301
v 16.47240067 -7.17686892 -24.54672050
v 16.03884125 -7.84750843 -22.52232170
v 16.77693939 -8.04166985 -22.32484245
v 18.07619476 -8.61812496 -22.43832779
v 19.59026909 -14.84410477 -27.79112053
v 20.19226265 -14.35881996 -29.17547417
v 20.57391167 -13.60569954 -29.16169167
v 20.82028770 -12.78664780 -29.30820656
v 20.89841080 -11.75912476 -28.31135941
v 20.66712189 -11.68787384 -25.51299858
v 20.51527405 -12.66881943 -25.45067596
v 19.94922066 -13.94670677 -24.96378326
v 19.84905815 -13.17331219 -22.60278702
v 19.21572876 -15.04259777 -24.72287178
v 13.77104282 -15.03114414 -29.35112572
v 14.40808392 -15.58498096 -29.38870049
v 15.12026691 -15.97324562 -29.27886200
v 14.27885342 -14.98451233 -26.75585365
v 13.64686775 -14.42946434 -26.69192314
v 15.90718842 -16.22327423 -29.27464867
v 16.72153282 -16.31044197 -29.26944923
v 16.29219437 -16.05848312 -25.99511147
v 15.24193382 -16.60213089 -25.51575089
v 13.98797989 -15.48866081 -25.69940567
v 13.77283287 -8.74345875 -29.38211823
v 13.19148064 -9.18091488 -27.59416771
v 12.66743660 -10.10355091 -26.91332436
v 13.65013218 -8.30602932 -25.73570442
v 12.56103516 -10.74921513 -27.69625092
v 12.54035187 -11.71633720 -28.70821190
v 12.41233253 -11.34189034 -26.21781731
v 11.93311691 -12.05376339 -24.58279228
v 11.92413807 -11.39821148 -24.13198662
v 12.60886383 -9.74128151 -23.52849007
v 13.22889614 -8.90325832 -23.43414879
v 20.81689072 -10.89753532 -28.30103683
v 20.57923126 -10.06538486 -28.30145836
v 20.44631386 -9.91472054 -26.10085487
v 20.68560600 -10.74771500 -26.16025734
v 20.18980217 -9.36014652 -28.64928436
v 20.06178284 -9.14218235 -26.07062721
v 20.34688950 -10.51237202 -24.50006294
v 19.66039848 -10.31641960 -22.79816055
v 19.76108742 -12.28744698 -22.30024910
v 17.53468704 -16.22756004 -29.25839043
v 18.24637032 -15.76626778 -27.98175240
v 18.96436501 -15.37228298 -27.88955688
v 18.55994034 -15.63250732 -24.97656631
v 17.89835739 -15.90081596 -25.46607780
v 17.07968903 -16.04837227 -25.83712769
v 12.61900139 -12.59248638 -28.71979904
v 12.85881996 -13.58899307 -29.31694984
v 12.73630333 -13.00340176 -26.48154259
v 12.49427319 -12.18799686 -26.35341644
v 13.24872303 -14.35676575 -29.32482147
v 13.12604904 -13.76051044 -26.59750175
v 12.03569984 -12.85758305 -24.89112473
v 15.91142750 -7.43493462 -28.72674942
v 15.12843609 -7.67575407 -28.72972488
v 15.06034470 -7.36813402 -26.30012512
v 15.83551693 -7.13874245 -26.24061775
v 14.40663624 -8.20362949 -29.40049553
v 14.27969646 -7.78184032 -25.63227654
v 14.92458439 -7.43343401 -24.77906036
v 13.78760433 -8.50901127 -23.02060127
v 14.48768139 -8.14762402 -22.77649117
v 15.68564320 -7.22142029 -24.65341187
v 15.22132969 -7.98429585 -22.52334785
v 16.63006783 -8.02892590 -33.49985123
v 15.79086018 -8.12008190 -33.47230530
v 14.98403931 -8.38117599 -33.43849564
v 15.07456303 -8.26316261 -31.78383255
v 15.86342716 -8.01228523 -31.82122231
v 16.68357086 -7.92750072 -31.84839630
v 14.24067497 -8.79914761 -33.39642334
v 13.59046745 -9.36056805 -33.35234451
v 13.71000862 -9.21822453 -31.67872238
v 14.34720802 -8.67033863 -31.73433113
v 12.41742802 -12.18525791 -33.05736542
v 12.51059914 -13.68370438 -32.46337128
v 12.58558750 -14.32266808 -33.91176605
v 12.75631523 -14.14288235 -31.53105927
v 13.64539337 -15.61549759 -31.48218918
v 13.19234943 -14.87740040 -31.20424461
v 12.93610096 -15.23180962 -31.90821838
v 12.55119991 -14.77076149 -32.22234344
v 13.31199551 -15.95052814 -32.04619217
v 16.76114082 -17.03703308 -31.69696808
v 15.97646427 -16.98355484 -31.74905205
v 15.09594345 -16.59299469 -31.76877213
v 15.42012596 -17.15251923 -32.46911240
v 20.80936050 -14.22503376 -34.02266693
v 21.11195183 -14.90515232 -33.96429443
v 20.49823952 -16.26333618 -34.36317444
v 18.41138268 -16.54875946 -31.75908279
v 19.13410378 -16.01224709 -31.33305359
v 19.75255585 -15.43624020 -31.25543213
v 17.54484367 -16.95996475 -31.74109840
v 20.91268539 -12.31392860 -33.51887512
v 20.42522430 -10.38798618 -33.46148682
v 20.57675552 -10.52990818 -31.05126381
v 20.84206200 -12.02981567 -31.13907623
v 19.68488693 -9.33049774 -33.50427246
v 19.66877174 -9.09952641 -31.13194084
v 20.18258667 -9.89365673 -31.77319527
v 13.06053925 -10.04400349 -33.30284500
v 12.66852951 -10.82428360 -33.25908279
v 12.80107689 -10.65545273 -31.55180931
v 13.18834686 -9.88933849 -31.61426544
v 12.56157398 -11.49065781 -31.48956299
v 13.02839279 -15.47263718 -34.27468491
v 12.27254391 -15.02229786 -33.86181641
v 15.01916409 -16.81922722 -34.25353622
v 15.93479633 -17.32995987 -34.47914886
v 15.37352085 -17.48291397 -34.12828064
v 16.77910042 -17.96571159 -34.51794815
v 14.26442432 -16.15985680 -31.59204292
v 20.66654396 -14.07263279 -31.64091110
v 20.25926208 -14.79503822 -31.28018188
v 20.56635475 -15.22180367 -32.06388474
v 20.88013649 -14.68050003 -32.33840561
v 20.03787422 -15.73582840 -31.96756744
v 19.02793884 -8.77697659 -33.51670074
v 18.27988815 -8.36701012 -33.52275848
v 18.29342270 -8.26800728 -31.86124611
v 19.03273201 -8.55158710 -31.15542793
v 17.47017097 -8.11302567 -33.51522827
v 17.50382042 -8.01481247 -31.86050797
v 14.77544785 -20.04803848 -22.44048500
v 15.39050388 -20.15994263 -22.05995750
v 16.03333855 -20.11246872 -21.57926559
v 17.79329872 -18.67911911 -18.26055527
v 17.21775246 -19.36596489 -17.50271606
v 16.75297928 -20.51227188 -17.66520119
v 16.41572380 -20.95807457 -18.03976631
v 15.80642128 -21.29467583 -18.70037651
v 14.21544933 -21.80138969 -19.90706444
v 14.82358074 -21.71323586 -19.40657234
v 11.44007301 -16.49026489 -23.19347382
v 12.94101143 -18.09071541 -23.56031036
v 17.94845200 -19.55656624 -19.53259087
v 17.96779251 -20.12013054 -19.00416183
v 17.62282753 -18.92480278 -20.94807625
v 17.91535568 -18.68073082 -19.43955231
v 17.66556931 -20.28488159 -18.26200867
v 13.63125420 -19.19176865 -23.14459229
v 12.41754627 -19.92523193 -22.19856071
v 14.16863346 -19.79041862 -22.74349785
v 11.61620235 -11.53226089 -22.92196465
v 12.78254032 -9.70386600 -22.44006538
v 11.21455574 -13.67551517 -23.55490112
v 11.97334957 -10.69378948 -22.41215324
v 12.59106445 -9.85742569 -22.05721855
v 13.59666824 -16.75095177 -24.82663918
v 15.72292709 -17.47414589 -24.79493904
v 17.40005302 -20.39416695 -19.81376266
v 17.57001495 -20.62151718 -19.28513527
v 18.81459427 -16.15240097 -23.99110222
v 19.64534760 -15.05943298 -23.05588722
v 19.66632462 -15.95911884 -23.17299461
v 19.31631088 -15.29500294 -23.77734184
v 17.34320450 -20.86623383 -18.71639633
v 18.32978439 -9.88046455 -21.42180824
v 16.90179825 -9.59380436 -20.48433495
v 17.49002457 -10.28819370 -20.23398399
v 17.87842560 -11.49739838 -19.74426270
v 15.53508472 -8.94465065 -20.78655624
v 16.26122856 -9.09173298 -20.76733589
v 16.14210892 -9.47163010 -20.08042526
v 16.73317909 -10.07028198 -19.70147514
v 13.28355885 -9.32512665 -21.66868401
v 14.02681732 -9.02011395 -21.27456856
v 14.77355194 -8.95028496 -20.86296844
v 11.87318802 -14.88203430 -24.34018326
v 11.53605175 -14.10833740 -24.06107903
v 11.32182598 -15.01947975 -23.57722855
v 16.45560074 -17.51045609 -24.57155037
v 17.37694740 -17.24973106 -24.20623970
v 18.94346046 -16.67790222 -21.67801094
v 16.68367767 -18.54630089 -23.37890625
v 19.13779068 -12.19952869 -21.11784744
v 13.45892048 -9.93125629 -34.17659378
v 16.20825195 -8.37854290 -34.30635071
v 12.86942482 -11.41086292 -34.13275909
v 12.58832645 -13.01619816 -34.10840225
v 14.44126034 -16.06901550 -34.40361786
v 17.01624298 -16.29913330 -34.44189072
v 18.49300766 -16.78942108 -34.23773575
v 20.25093460 -11.78366089 -34.30607224
v 20.61530304 -13.51400375 -34.28300095
v 19.87815285 -10.06691170 -34.32331085
v 16.32913399 -8.80861378 -34.30263519
v 18.89734077 -9.04307365 -34.34210968
v -0.40812373 -27.94589043 -26.18237495
v 3.49369216 -30.92855453 -25.72845078
v 8.37000561 -27.68176842 -22.05323601
v 8.41277313 -27.98075104 -22.73533440
v 8.01278496 -26.80430222 -21.98283386
v 6.69262362 -28.68030357 -23.89970016
v 7.43992472 -28.84310341 -23.55383492
v 7.24919891 -29.41387177 -23.26550102
v 7.45973825 -26.61029816 -22.84260750
v 7.03671122 -26.95118713 -23.59308052
v 6.23640394 -27.04901695 -23.69887543
v 10.91210938 -27.08578873 -18.51284790
v 11.38525677 -27.53876686 -19.59644318
v 9.86616707 -27.20968819 -19.38498116
v 10.41610718 -28.07264519 -20.01346588
v 10.81243515 -28.69303322 -19.92903709
v 9.92693806 -29.09148026 -19.92570686
v 11.18543339 -29.15096092 -17.75554085
v 11.73804665 -28.39865875 -17.59567451
v 10.96561337 -27.91965294 -16.84218788
v 11.15454769 -27.31466866 -17.13366508
v 11.54624176 -27.18628120 -17.81849861
v 10.45707798 -27.89338684 -11.80788803
v 11.20870972 -27.70180702 -12.12527657
v 11.67976379 -27.62923813 -12.56568241
v 10.30809975 -27.21600723 -12.68237877
v 11.19012070 -27.58334541 -13.80664062
v 11.81834126 -28.29118919 -13.96707344
v 10.69284153 -28.43353271 -14.88319302
v 10.43249130 -29.06218147 -12.01058102
v 6.04676104 -28.92791557 -8.28464794
v 6.92441130 -29.21502304 -7.90780544
v 6.92119932 -28.70057678 -8.26611137
v 7.79995537 -29.26873779 -7.54834032
v 7.93566322 -28.77224922 -8.18867397
v 8.13772392 -28.35622597 -9.79981422
v 8.51751614 -28.76993179 -9.09320736
v 8.95042992 -29.29358101 -9.16264057
v 8.87087250 -28.98457909 -8.54542637
v 8.58745003 -29.23187447 -10.47387695
v 6.56971264 -30.03142929 -8.03700924
v 6.53313923 -29.53070068 -7.94640589
v 3.54683208 -29.43493652 -7.21878719
v 3.61871457 -30.04759598 -6.33250046
v 4.00607681 -30.49200249 -6.57231903
v 4.23342800 -30.36377335 -7.69947815
v 4.07565498 -31.50683594 -7.87578726
v 3.94800472 -31.51431465 -6.78117323
v 3.54835916 -31.89526367 -7.36539602
v 3.65805244 -31.76350594 -6.25835371
v 3.04631448 -32.03860855 -6.63925171
v 2.09807181 -29.62094879 -6.51536608
v 3.21375060 -29.99224854 -6.08288670
v 2.59482431 -30.33212471 -5.56765032
v 12.17949104 -28.17810059 -19.52198029
v 11.84032726 -28.89294815 -19.55391884
v 12.41672993 -28.20029640 -19.03249550
v 11.64948368 -29.14156151 -19.04816246
v 11.86465740 -40.30155945 -14.22872066
v 11.52204418 -36.77484512 -11.31150436
v 11.99810028 -38.17120743 -11.79324818
v 11.98898983 -36.92442703 -12.21072006
v 12.20474243 -39.40084457 -12.13544083
v 12.43192291 -39.25792313 -12.74536133
v 12.06640148 -38.10098267 -13.20596218
v 11.34057331 -35.28411484 -9.41620445
v 11.03735065 -35.67722702 -9.22909927
v 11.08527279 -35.43735504 -8.08917046
v 9.88670540 -36.41527557 -9.85100079
v 10.29034615 -30.85149193 -14.53223896
v 10.48167038 -30.58705711 -16.60015678
v 10.11633110 -30.36799431 -18.86933708
v 10.62219715 -32.56387711 -19.54494095
v 10.93896294 -35.40156937 -20.17911530
v 11.31733227 -38.58956146 -19.79064941
v 11.09738445 -34.93131256 -12.79225636
v 10.56466484 -33.98148727 -12.89660454
v 11.20507622 -34.36336136 -12.38376427
v 10.50850105 -33.64169693 -13.60041332
v 11.54100227 -36.51485443 -18.67853355
v 11.15312672 -34.51468277 -18.70993233
v 11.79781723 -35.88578033 -16.87091255
v 11.73790169 -37.59872818 -15.52850151
v 11.97583771 -37.08438492 -16.22572327
v 11.37759399 -36.94553375 -14.51057529
v 11.47749901 -35.22388077 -15.45215034
v 11.59371567 -37.51710129 -15.04043865
v 11.99070835 -36.39251709 -16.34493065
v 11.83993626 -36.63527298 -15.85732174
v 11.92964077 -35.76290894 -16.25327682
v 11.80683517 -35.61366653 -15.58116341
v 12.01221371 -36.86189270 -16.09455681
v 11.90530491 -36.98999786 -15.46295929
v 11.68342400 -36.39960861 -14.87837410
v 11.80173302 -36.04181290 -15.28684044
v 11.86106300 -36.86518478 -15.64866161
v 8.81842136 -48.58778763 -15.95263481
v 7.86961269 -49.97496033 -16.33407211
v 17.01775932 10.64776421 -3.93994761
v 16.07881165 13.11651707 -3.85216141
v 15.03706837 15.54335308 -4.50273705
v 13.13989925 -17.56617165 -4.51684999
v 13.72275257 -17.09538078 -4.88547802
v 13.65637302 -15.29713631 -4.14095497
v 12.67627048 -16.61795616 -3.85774350
v 14.57133389 -17.54063225 -5.48128605
v 14.39981651 -15.17972755 -5.21376753
v 12.31301403 -15.18936443 -2.30613613
v 14.64369011 -16.95119476 -6.34608698
v 14.94664955 -15.29179001 -6.44551134
v 14.99188519 -16.18339539 -7.51874495
v 15.93199158 -14.51825142 -8.00301647
v 10.98763847 -20.28654099 -5.65538359
v 10.45918465 -20.79872131 -5.87237406
v 11.24962711 -19.15711784 -4.49525928
v 9.58874893 -22.30398750 -6.72672176
v 12.64656925 -18.35651016 -4.58436155
v 11.80646706 -17.65764427 -3.74683905
v 11.54210758 -21.44413757 -8.50735188
v 10.94624710 -22.10250664 -8.71583748
v 12.82403755 -21.00125694 -8.76407528
v 12.87006283 -20.87318611 -10.26670742
v 11.42061806 -22.46097183 -10.14213753
v 14.71678352 -17.27853775 -8.28538609
v 13.86567402 -19.24695778 -9.39458656
v 14.56712151 -18.38468361 -9.59591103
v 15.16124344 -16.92175865 -8.95065308
v 13.72022438 -19.86103821 -10.54286289
v 8.34178543 -18.04923248 0.08899730
v 7.84171581 -16.13305283 0.70402658
v 6.69912720 -17.17563629 0.65573633
v 9.19647503 -17.87676811 -0.31333369
v 9.26138020 -15.76653099 0.03609920
v 5.84886074 -15.75915813 1.99048519
v 9.96701336 -18.15571404 -0.84734386
v 10.47569370 -15.66002274 -0.86746043
v 10.99753857 -16.77551842 -2.11950493
v 6.89971352 -22.06069183 -4.02999830
v 5.04683161 -21.45361710 -2.31529903
v 5.53710651 -22.86896324 -4.13023853
v 9.15703297 -21.00978851 -4.10925293
v 8.68250275 -21.48421288 -3.41965556
v 8.33488750 -21.82972145 -4.89990711
v 9.20548058 -21.31037712 -5.17490339
v 7.61898565 -23.01638794 -5.60904217
v 9.83828259 -20.59502983 -3.07672620
v 10.55908203 -19.25943756 -3.82741070
v 10.97478962 -17.90309715 -3.03096390
v 6.73198795 -20.79087639 -1.31047213
v 5.48834276 -20.89351273 -1.86757421
v 5.38702297 -19.68662453 -0.61571389
v 5.71378517 -18.20668793 0.37305143
v 0.56821358 -18.45688248 2.46201301
v 1.46798158 -18.50975418 2.63853312
v 2.01106262 -16.30602455 3.13280368
v -0.04655243 -17.52920341 2.91173911
v -1.15169883 -15.98012447 4.00687981
v 4.44997072 -17.34036064 1.59162986
v 1.28611636 -22.19755936 -0.24740198
v 0.53909194 -22.49338341 -1.64684510
v -1.39910078 -23.54605293 -2.34299874
v 1.23808944 -23.33543587 -2.75968003
v 3.57316279 -22.00266075 -2.19818068
v 3.54130268 -21.18388557 -0.02619889
v 4.47114038 -19.80132103 -0.26667595
v 4.64976692 -18.46720314 0.68933415
v 0.15155873 -19.27302361 1.95404375
v -1.12070787 -18.67060661 2.18904400
v -1.18358517 -20.14964867 1.02802420
v -1.21873641 -21.46501732 -0.26680759
v 1.91586113 -7.56872082 6.80517006
v -0.29511294 -6.41075468 7.53380585
v 4.22447586 -9.30611610 6.21401262
v 5.08643293 -9.37504959 5.52457333
v 5.74385452 -8.35173893 5.30476570
v 7.11272764 -6.59706974 5.17248106
v 2.52194142 -15.10984612 3.74610186
v 0.20084953 -14.44694805 4.70706224
v 3.69986534 -14.19596481 4.10061646
v 5.42833519 -13.72678089 3.30230021
v 6.41257191 -11.40281868 3.97746873
v 5.43568134 -10.35222912 5.09696531
v 6.43855953 -9.56141663 4.63070345
v 1.21589279 -10.54639053 6.76084614
v 0.18052234 -9.65120506 6.69754744
v -0.58174747 -11.33280563 6.18660307
v -0.54967684 -9.25856304 6.86995983
v -0.13165282 -13.05911636 5.46127462
v -0.94421399 -13.35033321 5.37701702
v 9.60423088 -8.66391373 3.37526226
v 8.73274231 -7.57568455 4.02475834
v 11.56542301 -7.11263561 2.22033787
v 13.87578583 -6.18262672 0.44561845
v 9.14233971 -13.68941784 1.86857474
v 7.76693678 -14.47048759 1.73355162
v 8.10096645 -13.50957966 2.28665137
v 12.21996117 -13.17971039 -0.97936529
v 12.03348923 -12.16609001 0.38484752
v 13.19906330 -9.93483734 -0.29929951
v 7.80753851 -12.58421898 2.93891215
v 7.02225590 -12.96169376 2.94712734
v 7.48546314 -9.67416477 4.07449675
v 15.29089546 -6.30901337 -1.44623244
v 14.54658318 -7.77457285 -0.93189126
v 16.05866814 -6.17838764 -2.60970116
v 16.64186287 -7.97826576 -3.68575215
v 16.65866280 -6.39295530 -3.93478680
v 16.88157654 -8.44631767 -4.46555805
v 16.91738701 -7.46503067 -4.97900438
v 17.53826141 -5.75386000 -5.74237967
v 13.55170918 -13.55191994 -2.68740249
v 15.75936890 -13.08776474 -5.09222555
v 15.35798550 -13.79805756 -5.84907150
v 15.89333820 -13.12230968 -6.56220818
v 16.94087410 -9.34229469 -5.03945923
v 16.92391586 -8.74406433 -5.71836615
v 16.53596306 -11.08795834 -6.37636709
v 16.95780373 -10.73815632 -7.28625917
v 14.43799591 -11.86971283 -2.07537508
v 13.57024574 -12.28078556 -1.87410414
v 13.96441460 -9.88997078 -1.10762143
v 2.39517617 2.25099993 8.02586555
v 0.10995643 3.38537312 8.42588520
v 4.88205481 0.59923095 7.87826300
v 5.71425867 0.43329576 7.24922514
v 6.22823143 1.45765996 6.83235979
v 7.37529612 3.28921390 6.31196260
v 1.10356653 -4.73012781 7.73328638
v 4.70632505 -4.50515938 6.96685648
v 4.88305569 -5.40850830 6.41981268
v 6.48782444 -4.23348045 6.01284742
v 7.24503899 -1.70948541 6.15387392
v 6.17209482 -0.54620123 7.02004433
v 7.23432255 0.13649765 6.33300066
v 0.85848171 0.13776150 8.41050816
v 0.35193431 -1.54813182 8.35447693
v 0.04697372 0.55199391 8.48549747
v 1.48156810 -2.86223745 8.25568485
v 0.71345294 -3.29110980 8.09285641
v -0.11185223 -3.59559631 8.09843826
v 9.25424480 0.56579113 5.50909090
v 10.08576393 1.12578952 5.08485317
v 9.04926205 2.11700368 5.47520351
v 11.53343201 3.00730586 3.89538312
v 13.93150139 3.34724641 1.83955848
v 10.25559711 -4.29240847 4.51500654
v 8.40640068 -4.93413687 4.92370987
v 12.10289574 -5.34657860 2.39365888
v 13.46621323 -4.00182438 1.50889921
v 13.57659149 0.00023697 2.30060673
v 8.00227928 -3.46404886 5.48560429
v 9.17899227 -0.62682539 5.73047829
v 15.65351963 0.76800984 0.49016976
v 16.64418030 0.95011199 -0.04291882
v 15.42131042 3.05613565 0.05650539
v 14.88951206 1.65313804 0.85068786
v 17.16636848 1.08376598 -0.80313480
v 16.22531509 3.06058574 -1.11638963
v 17.21460533 1.29114544 -1.96794629
v 16.94250679 2.73569274 -2.41303825
v 17.42819977 1.61248374 -3.34198046
v 14.83369160 -4.47809172 -0.11933012
v 17.46442986 -3.48890495 -3.37115455
v 17.53378487 -3.75231600 -2.32993889
v 16.82017517 -4.82207394 -3.47026300
v 17.26737213 -4.20256853 -4.34875584
v 17.81512833 0.36125532 -4.38390684
v 17.59755707 -2.10533929 -4.32126665
v 17.93832779 -1.73526311 -5.14917850
v 18.20500374 -2.39739776 -2.79699039
v 14.63136768 -3.11838126 0.57948303
v 16.29616928 -0.38832313 0.78817910
v 14.66338539 0.27278462 1.09640467
v 3.00864196 12.63474083 6.02630234
v 0.82194799 10.68388939 7.09667921
v 0.24940309 13.00319099 6.51123238
v 4.39725685 10.78694725 6.88912868
v 5.10202074 10.51274109 6.31849241
v 5.41746092 11.35616112 5.64832687
v 6.23065376 13.05153370 4.76730633
v 1.30968225 5.08264112 8.18785763
v 4.83039427 5.38702250 7.47429895
v 6.14249897 5.01586676 6.71524143
v 5.62852669 9.53050518 6.41728497
v 6.48993111 10.05822277 5.58505487
v 6.76766586 8.27614307 5.94315052
v 6.79686642 6.31575394 6.27194023
v 0.49280280 6.37815762 8.12066174
v 0.45530811 8.30418491 7.79474211
v 1.88853335 9.45793819 7.96362638
v 7.81262016 12.08224010 4.28562832
v 10.07174301 12.39112377 2.70098925
v 10.93884850 10.44014740 3.26704359
v 11.81283855 13.03763103 0.87175226
v 8.95755291 4.70227003 5.40076685
v 11.69150734 5.35879612 3.78222752
v 8.08090210 6.76921892 5.67865992
v 12.24176311 9.73558140 2.03572106
v 16.07164955 5.84559536 0.23144566
v 15.09478569 5.97282505 0.70597506
v 14.56059074 5.03998566 0.94105434
v 16.74771309 4.36402750 -2.18996549
v 17.13814163 4.92033958 -3.07825351
v 14.64474297 7.02973366 0.98781741
v 14.02081394 6.49164248 1.25175500
v 13.61900997 8.25084019 1.17402720
v 13.11651707 11.35036850 0.33829507
v 17.18327332 8.26974583 -2.02366185
v 17.29949570 7.12215424 -2.00733685
v 13.72664928 12.67741585 -1.09761584
v 15.02758980 12.53587532 -2.45516706
v 15.92619896 11.37733078 -2.91668916
v 16.60921478 9.49796104 -2.41630316
v 16.53791046 9.94926643 -3.16672421
v 11.37072182 15.98949432 -0.36550114
v 9.93802357 19.87051773 -1.08800519
v 10.81269836 19.62775040 -1.72338808
v 8.71194077 21.93693924 -0.56568581
v 10.92834187 20.11223221 -2.31213951
v 10.53893948 21.05482674 -3.03428149
v 9.90152931 22.27460289 -2.89364982
v 13.99169254 14.20507526 -2.26790404
v 14.68982124 14.82621384 -3.46489143
v 12.89397144 18.76205444 -3.81435061
v 13.02836227 18.48621559 -4.79047728
v 14.31339931 16.08776283 -4.08397579
v 6.62074804 21.03738976 1.81136501
v 4.90053892 21.23886490 3.04455042
v 7.98160982 21.12635231 0.53098214
v 5.89514971 17.79856491 3.25123215
v 4.65587568 15.37525845 4.80954075
v 4.01904440 15.21432590 5.32646227
v 4.70811558 14.31913948 4.94656515
v 1.99606407 20.04076958 4.42963982
v 0.56895083 20.83864021 4.72001696
v 4.64971399 19.16670227 3.50180674
v 1.50768805 15.98602200 5.58997869
v 1.08660972 18.28109932 4.96141529
v 4.77847052 16.40141296 4.68278551
v 5.78052616 25.49842453 2.34401250
v 6.42781687 25.40888786 2.11018395
v 0.48516694 -25.68978119 -2.96819162
v 1.08874249 -25.39006233 -2.83614397
v 0.40875566 -24.09889030 -3.09141874
v -0.49838489 -24.56367683 -3.19842625
v 1.78689730 -25.04273605 -3.05271292
v 2.10196877 -23.90293884 -3.44335294
v 2.58571386 -25.02988434 -3.34540343
v 3.24866486 -24.86416054 -4.08050013
v 3.55557394 -24.15576363 -4.10661983
v 2.28588772 -27.82492828 -5.52907610
v 1.16259968 -27.99044037 -4.94387913
v 1.45708072 -28.13012505 -6.30311537
v 0.23118235 -27.76557922 -5.18143368
v -0.25330001 -28.02919960 -5.79904318
v -0.97717988 -29.00037766 -6.27868080
v 1.47643363 -28.63103867 -6.65478659
v 3.27215171 -27.32069778 -5.92753649
v 3.58127260 -27.43750000 -6.70028591
v 4.42795801 -28.12546539 -7.48304081
v 3.70607948 -26.13677025 -5.30392313
v 3.54330397 -26.96370888 -5.17953777
v 4.13545179 -26.29304314 -6.19742441
v 3.54361963 -25.75013161 -4.30267715
v 4.12115431 -24.79912567 -4.97052574
v 0.18331337 -26.92047310 -3.72324681
v 0.04929082 -26.13977242 -3.44298434
v -0.87902611 -26.12226868 -4.33660412
v -0.19832180 -27.30711174 -4.78257799
v -1.17676556 -27.54050446 -5.42693949
v 5.86149931 -24.47425842 -5.11718702
v 6.88059759 -24.39958382 -4.99711943
v 6.09131241 -23.43915176 -4.91991854
v 5.23093510 -23.94332886 -4.80817127
v 7.57119560 -24.22401428 -5.28749275
v 8.00291157 -23.80620003 -6.06266499
v 8.48486614 -24.01926613 -6.67458725
v 8.66960144 -23.39786530 -6.78591251
v 7.42877340 -26.71652985 -7.57377577
v 6.53774738 -27.07777214 -8.21345043
v 5.81410408 -26.75764465 -6.85479355
v 5.17290258 -27.07108307 -7.31336641
v 6.26304007 -27.65604401 -8.44184208
v 8.12761307 -26.22713661 -8.31045246
v 8.44228649 -25.80838203 -9.06696224
v 7.59605169 -27.56394005 -9.42992210
v 8.66401958 -27.05128288 -10.31147003
v 8.49782085 -25.45854759 -8.04956913
v 8.76902485 -24.79201698 -6.93099451
v 8.76628685 -24.06961060 -7.70558643
v 5.97429943 -26.43936157 -6.01684952
v 4.80848742 -25.88046837 -6.19645023
v 6.06615400 -25.64500618 -5.33361101
v 11.77776623 -23.42977715 -11.51109028
v 12.00089169 -24.18151665 -11.84812069
v 11.12876415 -24.25424004 -13.20275021
v 11.78671837 -22.98026276 -11.68455601
v 11.77993870 -25.01166534 -12.13807392
v 11.57491589 -23.61177444 -13.04352951
v 10.90959454 -25.46376038 -12.55462360
v 10.46597767 -25.65144539 -13.53433037
v 10.39025116 -26.43030357 -14.89193439
v 10.52880192 -25.44348717 -9.64657021
v 9.17925549 -25.52705956 -9.74251938
v 9.28542042 -26.02976227 -10.46713638
v 9.70065308 -23.58059883 -8.39007568
v 9.81666565 -26.17784691 -11.61578083
v 9.65015125 -26.65205956 -11.93227386
v 10.26902485 -25.99395370 -12.87690926
v 10.17170715 -26.46832466 -13.43774986
v 10.49062252 -22.78130913 -8.77671432
v 11.66759872 -23.16331291 -10.73918343
v 2.02650547 -32.31655502 -7.31199741
v 2.78133678 -32.73336792 -7.92809296
v 1.34507048 -32.14403534 -7.07881403
v 0.94674170 -32.62567520 -7.33590555
v 0.28225046 -33.54658508 -7.39846706
v 4.69044733 -31.41233444 -8.42764950
v 5.49950695 -32.45842361 -8.91279030
v 0.75842553 -29.95501709 -6.55515146
v 1.37629855 -29.09995842 -6.77027273
v -0.06319005 -30.24163818 -6.74281645
v 2.90004826 -28.85429573 -7.14948511
v 4.16687059 -29.54121590 -7.80780172
v 4.18453217 -31.08396721 -7.26370716
v 0.60865730 -31.10745430 -6.71197653
v 0.53703815 -30.48068047 -6.59506893
v 1.17244732 -31.69636345 -6.59575367
v 0.37947607 -32.00300980 -7.12842083
v 7.86599255 -30.93835831 -9.38136959
v 7.02889109 -31.11851311 -9.32323074
v 6.71934891 -31.55559921 -9.57484627
v 7.49936581 -31.41994476 -10.11430645
v 6.49353838 -30.93946457 -8.94133282
v 6.02243185 -31.38318825 -9.10626698
v 7.41700363 -31.88265228 -10.02433491
v 8.47854710 -30.34386826 -10.49704742
v 8.12582207 -30.78453636 -10.17865849
v 8.23493671 -31.11577415 -10.68167782
v 8.76239014 -30.60433006 -11.13824940
v 9.76316261 -31.48650932 -11.90710163
v 6.41623163 -28.07506943 -8.70172501
v 5.28238487 -29.19493294 -8.27959251
v 8.08503628 -28.50894356 -8.87842846
v 8.14204216 -27.98391151 -10.08313084
v 8.69894028 -28.91697502 -11.00660992
v 8.81886959 -29.88798141 -9.90811157
v 9.31659603 -29.88129234 -11.81368065
v 6.52265978 -30.51096153 -8.36695766
v 2.17107344 -34.39538956 -7.91712618
v 4.17481613 -34.41657257 -8.04709435
v 4.73307657 -34.31609726 -8.52667904
v 5.19180775 -34.00881958 -8.91200066
v 6.02618361 -35.96674728 -9.37848568
v 7.93732214 -37.68572235 -10.19519424
v 5.19175529 -34.78341293 -8.74606514
v 1.87011504 -38.40837479 -8.50787926
v 4.89011240 -37.32978821 -8.91500187
v 4.54843712 -38.13049316 -9.12035465
v 1.75968468 28.44098473 5.79359961
v 1.88416243 27.47159767 5.48428774
v 2.17711639 28.39777565 5.98314667
v 6.20430994 34.40061569 -5.65280342
v 4.93298149 36.50141525 -4.45357752
v 7.98401117 33.26124954 0.73679167
v 8.27654552 32.60305786 -2.48190570
v 2.12678528 27.20792961 5.14341211
v 3.60534024 27.76748276 4.73678255
v 2.51588511 27.54303169 5.60440731
v 3.13135576 38.81000519 -3.10399818
v 5.94207239 30.31530571 4.14632750
v 5.74349880 29.40245819 4.34067249
v 8.76558971 27.07616615 -1.60832345
v 8.62445068 26.31664085 -0.83206552
v 9.49801350 26.71183014 -1.66946304
v 6.75523090 23.46925735 1.56299210
v 6.63104963 24.15739632 2.09210801
v 1.12966013 34.69088745 -8.38995743
v 2.51381826 34.40305328 -8.29823494
v 5.73337460 32.30760193 -8.40010834
v 3.42131448 23.15904617 3.99399114
v 3.56889725 24.31825066 3.84694791
v 3.30573630 23.83480835 4.47237778
v 2.57070541 25.13594437 4.25907421
v 2.40213728 24.75209808 4.59431458
v 2.53052521 24.51364899 4.85145903
v 8.08166599 31.96908188 -5.44192171
v 8.39731693 30.22990799 -0.34292924
v 8.34917164 30.86971474 -0.05412247
v 8.59777164 30.56588745 0.38547945
v 8.19819546 31.50163460 0.99345213
v 3.31612372 28.44925117 5.53197241
v 2.98108053 29.21502113 5.80568838
v 4.92892027 27.69692612 3.87382150
v 5.72700262 27.94868279 3.47995257
v 5.72235537 28.37971306 3.96484303
v 6.22656536 28.83815956 3.39367151
v 8.66421318 30.25557137 -4.71998405
v 8.67865849 29.09485054 -2.81199884
v 7.55939913 36.46664429 -0.85658586
v 7.83305311 36.00251389 -0.23168263
v 8.10407352 31.06969452 1.97921574
v 1.17268431 39.16004944 -3.19316006
v 5.14106226 29.35381317 4.55820894
v 5.42962551 29.58362579 4.55905819
v 7.11619043 36.10224533 -2.33488894
v 7.79410362 29.44059181 1.04221630
v 8.17951012 29.63173103 -0.10827129
v 8.39755344 30.04916000 0.87129313
v 3.75788808 22.57498550 3.50994968
v 0.39734137 23.20257187 4.63345528
v 1.99216378 25.76847839 4.50001192
v 0.66468871 26.09969711 4.91654825
v 3.63493443 25.09346199 3.72006083
v 4.11083269 26.38490868 3.81814241
v 0.78828442 24.63808823 4.61611605
v 5.35869074 22.61826897 2.55511785
v 7.58486080 23.07992363 0.41586491
v 7.21511412 25.17280769 0.75331080
v 5.08099031 26.20153618 2.95336270
v 7.04974508 27.51743889 1.08524048
v 7.57003689 26.06236076 0.08125611
v 9.63266754 25.89816284 -3.49518466
v 9.99519348 24.61468697 -4.82569456
v 9.39320469 26.83661079 -4.44297981
v 8.44895172 24.02000427 -0.91477644
v 9.40359211 24.21653557 -1.92023528
v 9.56439304 23.26500130 -2.77840114
v 8.34255600 28.15793991 -1.63839626
v 8.93490791 27.21432304 -2.64422059
v 7.55745077 28.33213234 0.36641613
v 4.01384592 30.20411682 5.59722948
v 1.85996461 29.34980965 6.12272501
v 0.91980553 28.12367439 5.65617371
v 7.38757896 31.58231163 2.53245378
v 8.19166183 29.82160759 -0.91538864
v 7.16762686 30.03502274 2.27502656
v 6.60602570 -41.48942184 -10.08831120
v 5.98642492 -41.14914322 -9.38807011
v 5.34675789 -42.68682861 -9.95275879
v 5.55547237 -42.04444504 -9.43284512
v 8.88114071 -38.94248581 -10.63431072
v 8.94875813 -40.58414078 -10.88888550
v 5.72545910 -45.19443893 -10.98258972
v 6.22751474 -46.58676910 -11.99805069
v 7.00917292 -45.17765808 -11.50266933
v 11.16861057 -38.53247070 -11.31238270
v 10.63143826 -39.35382080 -10.97973919
v 12.34724331 -40.46291351 -13.68567848
v 12.00415611 -42.12453079 -14.27838039
v 10.89748955 -33.98920441 -11.19511032
v 10.43148518 -33.02900314 -12.47784328
v 5.67262363 -39.74283600 -9.55043793
v 5.38728571 -40.61665726 -9.08354378
v 6.08207035 -40.16366577 -9.70457649
v 11.71362495 -37.70136261 -13.36939621
v 12.20600605 -41.40919495 -13.44396400
v 12.15471458 -40.61162949 -12.56452370
v 11.84622574 -41.85074615 -13.02309608
v 11.38586235 -35.30907440 -11.28527927
v 3.88602257 -36.06839752 -7.13221216
v 4.40181160 -36.27714539 -7.30415106
v 4.04089880 -36.68058014 -7.28661489
v 4.82849884 -36.25566101 -7.48630571
v 4.66356421 -35.63852310 -7.36286783
v 4.71622515 -34.85882187 -8.06810570
v 1.67346525 -30.42285919 -5.83832836
v 2.41514468 -32.02765656 -6.31130457
v 1.84787893 -31.95635033 -6.47015667
v 7.23763990 -30.72534561 -8.39428902
v 7.90511942 -30.58966255 -7.81438446
v 8.96408176 -30.41343307 -8.75770378
v 8.72752857 -30.26550865 -9.60875988
v 8.47707176 -30.61970711 -9.34650707
v 8.62273312 -30.69638062 -8.26684856
v 11.15644360 -30.04796600 -13.58672810
v 11.02239513 -30.07756042 -13.03576183
v 10.03289223 -30.64087677 -13.24142933
v 10.19235039 -30.04433060 -12.65826035
v 9.79844475 -30.40232086 -12.49469471
v 10.67135620 -29.67191124 -14.89246082
v 11.02281666 -29.94127274 -14.21055222
v 10.39930820 -29.90551567 -15.53145123
v 9.52544975 -27.12521935 -11.82526684
v 9.09936905 -27.90407753 -11.34094143
v 9.90513611 -26.93816757 -12.59854221
v 11.15288925 -27.40161133 -13.25301552
v 10.16623020 -26.88308334 -13.53527832
v 10.29935741 -27.14091301 -14.36753464
v 10.37233925 -28.49862862 -15.54111481
v 11.30207825 -29.07681465 -14.54434490
v 10.44680882 -29.56838036 -18.83256721
v 10.59489155 -29.57670021 -18.11353111
v 10.11314774 -29.89487839 -18.83878136
v 10.41026211 -29.68128586 -17.12013245
v 10.61274433 -29.29385757 -19.47034454
v 9.77569580 -29.73352432 -19.66566658
v 9.43982315 -29.36342239 -20.27579689
v 9.04191494 -29.75722313 -21.06940079
v 10.05722141 -26.74571800 -17.44289207
v 10.34985924 -27.46203995 -16.04194832
v 10.02717876 -26.45960999 -17.24894142
v 9.02112675 -27.28403091 -20.21910858
v 10.19398308 -27.62802696 -19.82723045
v 9.16590595 -27.96081924 -20.27814674
v 13.15380192 -25.20603752 -11.05883694
v 12.76337242 -25.82696533 -10.97721195
v 11.89772797 -25.53769684 -11.74395752
v 11.08105946 -29.79461288 -12.56768322
v 11.78271675 -29.68128586 -12.42665672
v 11.86223507 -29.36921501 -12.17103958
v 12.02271938 -29.50974083 -13.78270626
v 12.60696793 -28.73728180 -12.67858791
v 12.53661346 -28.23521042 -12.54956722
v 12.33613205 -28.57924652 -12.19247246
v 12.62097645 -29.15056610 -13.28429604
v 12.63846016 -28.42673874 -13.09071350
v 12.57642460 -29.25567818 -12.83815098
v 9.57695198 -19.39446068 0.03444038
v 1.23990619 -19.61958694 2.65132952
v 1.85440886 -19.88557816 2.84275293
v 3.20053267 -11.33546543 7.24459124
v 3.13628602 -12.07071972 7.04974508
v 3.21906948 -12.77192974 6.66394949
v 4.09313869 -12.08478069 6.70681572
v 4.12705231 -11.36332321 6.90619087
v 4.11293936 -10.61479759 6.85226583
v 4.72823191 -10.77370262 6.19771433
v 3.98892236 -1.07476091 9.33423710
v 3.95685172 -1.86478317 9.32122993
v 2.54642892 -2.60556722 8.96424007
v 3.57021379 -2.64200878 9.26972771
v 4.27113342 -2.70235825 9.09141731
v 4.95793962 -2.68540144 8.81378746
v 5.04040718 -1.89780164 8.94059563
v 4.76114511 -3.63151121 8.10470581
v 5.01702547 -1.12052345 8.97461414
v 4.93002939 -0.42581788 8.76397038
v 5.55998802 -0.71105683 8.16315937
v 2.86539721 9.35935688 8.87761307
v 3.50491381 9.43855858 9.01958752
v 3.50554585 8.60514355 9.26688385
v 4.21520710 8.60904121 9.10984802
v 4.15770102 9.47942448 8.86929226
v 3.53503609 7.71843576 9.37167931
v 4.24280167 7.68367958 9.22349072
v 4.92444706 7.70221615 8.95091724
v 4.90380430 8.59113598 8.84190845
v 4.82676077 6.52134323 8.46137905
v 4.79216242 9.43034363 8.62726212
v 4.61427307 10.08987141 8.16889954
v 5.35247707 9.34829807 7.73181200
v 5.01328659 9.99787331 7.57151175
v 4.32179308 16.13155174 5.39097214
v 3.65799975 17.31656456 5.78090143
v 3.94189596 17.99788857 5.48507738
v 3.04212785 16.69125938 6.11827517
v 2.28749394 16.50989342 5.94465113
v 3.70270920 18.81508255 4.68820953
v 2.84572172 23.79943275 4.83972216
v 2.95997667 24.55293465 4.67525482
v 3.09110284 24.64930344 4.30894375
v 2.83392549 28.25421524 5.80040598
v 2.36727548 -27.31859016 -2.48613167
v 2.94454670 -27.58763695 -2.92927504
v 2.01160240 -28.14758301 -3.43992996
v 2.76813197 -27.91466331 -4.20625496
v 3.16725087 -27.76557922 -3.92999458
v 3.39587903 -27.22061539 -3.72427392
v 2.90678883 -26.88013458 -2.49150324
v 3.23494649 -26.29143524 -3.09671116
v 2.78524709 -26.26031303 -2.53131509
v 2.21208334 -26.29549026 -2.30034328
v 9.38663483 -21.11995506 -3.00937271
v 9.60707474 -21.31827736 -2.20987153
v 9.33839798 -21.56883812 -1.91718102
v 8.03303337 -21.19220734 -0.62213856
v 10.30515099 -11.32003593 3.41960287
v 10.16623020 -9.86964321 3.45973086
v 10.88810921 -11.82839966 2.83611751
v 9.09241772 -12.67769241 2.94923377
v 10.15085316 -12.39211082 3.03370214
v 9.92904472 -12.98486423 2.61367702
v 11.45800781 -11.93817234 2.30782127
v 11.60493279 -10.85988235 2.62484121
v 10.43095779 -0.57735026 5.64328480
v 11.10091209 -1.41763759 5.58666086
v 11.78355885 -2.00733685 5.10599661
v 11.08200741 -2.59514022 5.40892982
v 10.94277096 -3.31754565 5.11381674
v 12.41080570 -2.17527318 4.60342503
v 12.38979340 -1.01288414 4.74297714
v 12.94126129 -0.87859821 3.77064204
v 10.27513409 8.83953857 5.30123806
v 10.92436600 8.27243042 5.04619980
v 9.44961739 7.59447193 5.57333803
v 10.44701958 7.74813700 5.42367458
v 11.47796631 8.08264065 4.66298485
v 11.22861576 9.15492630 4.53549194
v 11.49560738 9.38418579 3.80100107
v 9.01058197 18.44408607 1.35607672
v 8.51282883 19.07880974 1.32637572
v 6.25353479 24.44526863 2.42325449
v 6.86680031 24.59856415 1.85135460
v 6.97945547 25.01785278 1.47802663
v 6.54656792 25.61573982 1.69721544
v 5.96597910 28.89963531 3.97981191
v 12.45130157 -23.79693031 -10.43585587
v 13.27639675 -24.33238983 -10.23669147
v 13.15464401 -24.34787178 -10.72085762
v 12.50828171 -24.01105118 -11.03313828
v 13.85503674 -21.08899117 -7.67557001
v 14.87160778 -21.25339890 -6.74346781
v 14.24330711 -19.50662804 -4.72270250
v 14.77629089 -19.33105659 -4.70063734
v 14.04187870 -18.61002159 -4.69579268
v 15.13006783 -18.18525696 -5.95723724
v 15.53018761 -19.29293060 -5.20576286
v 17.67844582 -10.54949856 -1.66904175
v 17.63599968 -11.22313881 -1.79195285
v 18.00768280 -11.22661495 -2.25189519
v 18.04401970 -10.52106094 -2.10412788
v 16.23384476 -11.76818275 -1.87299824
v 17.47822762 -11.87813854 -2.05136156
v 17.82758141 -11.90362644 -2.49466276
v 18.02221680 -11.84032726 -2.96692777
v 18.21348190 -11.19786167 -2.76597309
v 18.24160385 -10.51832294 -2.61515164
v 17.95217705 -9.78801823 -2.68455887
v 17.86215401 -10.01775265 -3.43658614
v 16.63312149 -12.67595482 -4.16349411
v 17.26768875 -8.95407677 -3.13186240
v 17.42282867 -9.30806446 -3.71513724
v 17.19001389 0.03043813 0.61782038
v 18.78116989 -2.76018023 -1.65608704
v 18.17008972 -3.02517104 -2.38976192
v 18.77326965 -2.93617368 -1.16138852
v 18.39927101 0.30327541 -1.05775130
v 18.51638985 0.08330990 -0.17156994
v 17.87897873 8.57533741 -0.61708307
v 17.88824654 8.70024967 0.05160790
v 17.98767090 7.87336493 0.03644150
v 17.95017624 7.75392962 -0.62150663
v 17.58007431 8.74901390 0.55778664
v 17.71162224 7.89327097 0.55483764
v 16.30140877 6.98212814 0.97675860
v 17.11339188 7.10777760 0.82551581
v 17.28569794 7.93413591 1.02246845
v 16.12273026 7.70242739 1.17976713
v 17.14867401 8.75733471 1.01720226
v 17.38391113 9.36467552 -1.03958333
v 17.63294601 9.49100971 0.00537144
v 17.31982231 9.55388641 0.46541902
v 16.91475296 9.52365971 0.88828790
v 13.44678211 18.17561531 -1.85021245
v 12.30822182 19.26407242 -1.65587652
v 11.64263821 19.28376770 -1.64060473
v 13.10672283 16.20867348 -1.36581898
v 11.74121952 19.64291573 -2.07232070
v 9.99954510 25.82161903 -1.97899199
v 9.73143387 25.65478897 -1.37558758
v 9.63511658 26.60698128 -2.42077923
v 9.30121899 26.87855530 -2.38986731
v 8.07000160 30.51865005 1.95048916
v 18.49914360 -8.84909725 -12.00497246
v 18.57695007 -7.71380186 -10.95477772
v 18.13164711 -11.27283859 -12.38999176
v 18.80054855 -5.98577976 -11.65095806
v 18.96885300 -11.41777515 -11.05446529
v 18.24276161 -12.29658318 -11.22830009
v 17.69445419 -13.19845772 -11.97387600
v 17.32793236 -9.48979855 -7.24553919
v 17.73658371 -7.55139494 -7.16760063
v 17.65516853 -11.31508541 -8.14593887
v 16.83697319 -13.47190094 -9.23875618
v 18.05897522 -12.67995644 -10.73665619
v 17.22950935 -14.36592865 -11.45848179
v 18.05191803 -7.06912422 -7.94192982
v 18.43134117 -7.08065701 -9.51433849
v 18.44113541 -5.87392759 -9.01998234
v 18.78632927 -8.23367214 -9.95632362
v 19.37170982 -0.41159937 -5.74190617
v 18.26487923 1.41521513 -5.44442320
v 18.03548813 -2.79251409 -5.65180254
v 18.08193588 -4.03858185 -6.34524441
v 18.93778419 -3.78075290 -7.20488453
v 18.31480217 -4.63428450 -7.31010151
v 18.68279839 -4.76567364 -8.95986938
v 18.91345406 -4.30104494 -10.28745651
v 19.54433441 0.71545404 -8.32793617
v 19.01572227 1.61553800 -8.04604053
v 19.65713501 0.20285065 -9.01000309
v 19.31188774 0.93410307 -9.47868633
v 18.55662155 1.78405368 -6.38505602
v 19.10083580 -2.67428994 -10.53562164
v 19.67061615 -0.65763217 -9.48426914
v 19.29053497 -0.24390002 -10.47998524
v 20.29170036 -11.59260941 -9.97035694
v 20.77523613 -11.44610691 -9.52734566
v 20.94438362 -10.90927887 -9.45340919
v 20.91215515 -10.92075920 -8.96745300
v 20.74090004 -11.47507000 -9.07477570
v 20.95228195 -10.35707474 -9.38305378
v 20.92595100 -10.34412003 -8.90626049
v 20.73163223 -10.35191345 -8.46359062
v 20.71572876 -10.90338135 -8.51140690
v 20.55532265 -11.43557453 -8.64685154
v 19.67166901 -9.11490345 -9.64899254
v 19.16685867 -12.19526386 -10.16180706
v 19.27702713 -11.89741230 -10.54022980
v 21.17072105 -0.78644127 -6.02095699
v 21.80138969 -0.84794945 -6.43497896
v 21.85131264 -1.51527131 -6.43276739
v 22.08776093 -1.57541025 -7.04985046
v 22.03246689 -0.88344306 -7.01635790
v 21.76347351 -2.19891810 -6.54082775
v 21.26677513 -2.78945994 -6.73988676
v 21.98760033 -2.27790976 -7.12989521
v 22.03078270 -2.28844190 -7.74076414
v 22.13884354 -1.63059914 -7.69463301
v 22.08786774 -0.96812212 -7.62533092
v 21.63066292 -0.37642172 -7.66956663
v 21.20089531 -0.96907008 -8.56132984
v 21.46909904 -0.54209363 -8.12919235
v 20.58734131 0.11922479 -7.94013929
v 20.64726830 -0.28373814 -8.48560333
v 20.13329697 -3.22212362 -7.01635790
v 7.11009455 -32.43135452 -9.45793819
v 6.53893185 -33.02473831 -9.12027550
v 7.87547159 -32.12360382 -9.98886776
v 9.60022831 -32.23550797 -9.25029469
v 8.71920776 -31.97520447 -10.54760265
v 10.36162949 -32.55205536 -9.33086681
v 9.54661942 -32.24988556 -10.96604729
v 8.22398281 -36.25592041 -9.15618992
v 7.67019844 -35.66127396 -8.86887074
v 6.92083073 -36.09119797 -9.44098186
v 7.52590704 -36.85794449 -9.72651005
v 6.99392414 -34.93112564 -8.93580341
v 7.99469614 -33.81044388 -8.04224968
v 6.43445253 -33.97032166 -9.07403851
v 9.52492332 -36.16007996 -8.93464470
v 8.50550938 -37.03593826 -10.10451126
v 9.55641460 -36.86731720 -10.44449139
v 10.94793224 -34.08786392 -10.24058819
v 11.37011623 -34.74855042 -9.66989994
v 11.08874798 -35.17794800 -10.85988235
v 11.00259399 -36.03305817 -10.83323669
v 10.47614098 -36.97414017 -10.83407879
v 10.80327129 -33.18482971 -9.65826130
v 10.27608109 -33.07971954 -10.98342609
v 3.66958523 -41.36057663 -9.25348186
v 3.93461704 -40.12412643 -9.07629013
v 8.05873203 -42.98380280 -11.26432037
v 2.87316465 -44.22145844 -10.20759583
v 11.35776711 -40.12792587 -11.77220058
v 9.58412743 -43.24128723 -12.29370022
v 3.63332796 -47.44360733 -11.80774403
v 8.52427006 -44.64350891 -12.27931023
v 5.21050596 -46.38828278 -11.43896484
v 10.23266220 -43.94591904 -13.29572296
v 10.72622871 -44.20617294 -14.10781002
v 6.16577530 -48.55013657 -13.44027805
v 4.84366512 -49.37392807 -13.49878502
v 12.48239899 -28.21936035 -18.50074959
v 11.74179935 -29.13145065 -18.51386261
v 8.71488953 -34.42773819 -7.55413342
v 10.09450626 -34.03288651 -6.58874941
v 9.99265957 -33.38051987 -6.59749126
v 10.88547611 -35.13181686 -7.20709658
v 9.80376339 -35.36831665 -7.60437202
v 11.73268795 -33.01241684 -7.89832640
v 11.81152153 -33.76610565 -8.48934269
v 10.17805958 -40.10707474 -10.92615700
v 10.78710556 -39.85436249 -11.10844326
v 10.73504925 -40.44843292 -11.42519951
v 4.71306562 -41.85548401 -9.14602661
v 5.75977755 -45.92504501 -11.18536854
v 18.68880272 -8.72236729 -13.64249706
v 18.69775391 -8.30118370 -14.05493832
v 18.65408516 -7.14213896 -13.20127583
v 18.29296112 -6.84370184 -15.09084225
v 17.92905998 -12.54888344 -13.84121323
v 18.10163116 -10.99111462 -16.33453369
v 18.98159790 -4.88695240 -14.37290668
v 19.11988640 -4.69315958 -13.59057236
v 19.02288246 -3.60225797 -12.05902958
v 18.56768036 -4.48072481 -15.52207756
v 19.17296982 -4.60395193 -14.99967861
v 18.31627655 -5.47222805 -15.30121708
v 18.00852585 -5.08464241 -15.99034023
v 19.61358261 -0.96859610 -14.79232597
v 18.74177933 -0.11975140 -15.05486774
v 19.20614433 0.37020773 -13.74992561
v 18.07445717 -1.76649106 -16.22322083
v 19.38466644 0.70881873 -12.52355289
v 19.37760925 0.58580238 -11.60440540
v 19.98518753 -1.17818737 -12.49308872
v 18.92672539 -3.65963221 -15.66320992
v 19.40699387 -4.06628132 -15.31080151
v 20.19933510 -3.87601686 -15.10189438
v 20.12413216 -4.18434763 -14.47938728
v 19.05627060 -9.84036350 -13.95414543
v 19.08849907 -9.30448341 -14.06062603
v 11.97735214 -24.31853867 -16.54617882
v 11.48003960 -24.02284813 -16.32284355
v 7.50338125 39.63176346 3.92773008
v 6.99587822 40.01989746 2.71056557
v 7.52108860 39.98933029 6.02237892
v 5.66670275 35.65570068 8.11658669
v 4.31299591 34.35569000 8.17825031
v 4.56682396 41.29883957 1.03837204
v 2.89581227 33.84246826 8.41211128
v 3.01413846 35.57476044 10.12623405
v 1.79026771 33.41938400 8.34426117
v 2.09844041 34.86898422 9.61131382
v 2.62139034 41.57030869 0.21605380
v 7.34616137 37.89206696 6.36059523
v 7.73647261 37.86927414 2.88559270
v 6.73879766 34.40280151 5.39263773
v 2.82983780 32.76968765 7.68761253
v 2.93232942 32.46300507 7.63786411
v 3.05296612 31.89497757 7.28751183
v 2.43164563 32.02358627 7.46804571
v 3.45621967 31.92880058 6.97568941
v 6.03593445 32.42425537 5.23041677
v 5.65100193 33.30763245 6.20389605
v 5.33916664 32.09552002 5.83493185
v 5.65988588 32.55714798 6.04095554
v 1.33351803 31.49414444 7.26090288
v 5.36862755 32.46388626 6.19357347
v 5.47707319 33.07034683 6.47552824
v 11.58997631 -23.43251610 -15.01305485
v 11.74859238 -23.42187881 -13.93971634
v 10.97168255 -23.81573105 -16.80758667
v 11.19151592 -24.48202515 -17.96007729
v 10.26807690 -24.12195587 -18.26487923
v 10.32747841 -26.20828438 -16.40457344
v 10.09808731 -26.25904846 -17.39807701
v 10.60516071 -25.62016487 -15.19836998
v 9.78717518 -26.18047905 -18.34060669
v 9.54908180 -25.46582794 -19.09984779
v 11.41450977 -23.83990288 -14.01596928
v 11.34325981 -25.43005753 -15.64488316
v 10.77673054 -24.70059776 -18.37809944
v 17.39649773 -18.00662994 -10.81364632
v 16.94092560 -18.03875160 -11.50977325
v 17.36500549 -17.86697197 -10.34296131
v 10.13299751 25.62506485 -7.26074076
v 10.38348389 24.50667191 -7.48161888
v 9.38587093 27.99323273 -5.38660145
v 10.13854408 27.08022118 -6.37531424
v 9.82256413 27.64832878 -5.93627787
v 10.19055367 26.05888367 -6.69638872
v 16.29640770 -17.63705444 -12.17051315
v 16.74592209 -16.24953842 -12.39379597
v 15.52945042 -18.52776337 -12.35272026
v 14.72089100 -19.50273132 -12.03243542
v 14.13782692 -19.91243553 -11.52562428
v 15.92609406 -16.54117584 -9.40211773
v 16.54249191 -16.41331291 -9.87970161
v 16.31294250 -15.36125088 -9.67195320
v 15.81698036 -15.85131454 -9.05476475
v 15.76063251 -17.56285477 -9.45646381
v 14.25399780 -19.38466644 -10.61184883
v 16.67040634 -17.98050880 -9.61392021
v 16.57672119 -17.29665184 -9.55436039
v 17.11181259 -17.33425140 -9.86332321
v 8.14608383 -29.34087753 -22.41374779
v 8.28309536 -28.77867317 -22.41454887
v 8.14670277 -27.27406693 -23.01509666
v 8.49034309 -26.90167236 -5.79983330
v 8.82916451 -26.60187340 -6.33692408
v 1.02868247 -20.19548988 2.37259436
v 1.87915969 -20.63473511 2.64906526
v 1.83155394 -21.30500603 2.18533134
v 2.43747282 -21.33765602 2.04304099
v 2.48170829 -20.63842201 2.52878737
v 1.80237973 -21.87932968 1.61616993
v 2.36564302 -21.92072105 1.47356367
v 2.90815806 -21.84004402 1.29725420
v 3.02696157 -21.28204536 1.82607722
v 3.07288194 -20.61072159 2.28949523
v 18.48595047 -0.67795932 0.54799169
v 18.09215164 0.00947900 0.38263574
v 18.53903389 -1.45629084 0.51692164
v 18.99370956 -1.45702803 -0.06508915
v 18.92661858 -0.65025961 -0.00810981
v 18.48163223 -2.25895166 0.34840602
v 18.92008972 -2.28254390 -0.21580529
v 19.17970848 -2.24420667 -0.83015001
v 19.26839066 -1.45586956 -0.71218908
v 19.19782448 -0.68248820 -0.64035928
v 7.16760063 44.17288971 28.74960518
v 6.52576685 44.51992798 30.65920258
v 6.25308752 44.02859879 28.92759895
v 7.10925198 52.21392822 31.47250175
v 18.16487694 -17.44505119 -34.12696457
v 18.25840378 -17.47862244 -33.37622452
v 18.01987267 -17.40176392 -32.61345673
v 17.71575546 -18.05897331 -33.23522568
v 17.86149597 -18.13691330 -34.02456284
v 15.21961784 -17.33696365 -33.32301331
v 15.71687126 -17.86586761 -32.89635086
v 15.70618057 -18.17609215 -34.00739670
v 15.69996643 -18.12469673 -33.51153946
v 18.75894547 -16.88223648 -33.20035172
v 15.00578785 -16.84966469 -33.14080429
v 19.71687889 -16.39048576 -32.24103546
v 20.41292763 -16.09113312 -32.38216782
v 19.12696838 -16.70079231 -32.46706009
v 19.99155807 -16.91009331 -33.15702438
v 20.79788017 -16.09687424 -32.79356003
v 21.12848663 -15.38621140 -32.78091812
v 19.20474815 -16.95480347 -34.05702972
v 21.12219429 -14.66770363 -33.17811584
v 19.70963860 -16.64444351 -34.36583328
v 12.26725197 -14.78155613 -33.05952454
v 12.17667389 -15.58858871 -32.62035370
v 11.91068268 -15.82803917 -33.73534775
v 11.94080544 -15.79791641 -33.23127747
v 14.10873222 -17.15615273 -34.03946686
v 14.29528427 -17.13598251 -33.29539108
v 14.16792297 -16.88586998 -32.53151703
v 13.47176933 -17.15278244 -32.83926773
v 13.46976852 -17.34330940 -33.35534668
v 13.45965767 -17.38975716 -33.85994720
v 13.66603565 -16.57282448 -32.23834991
v 20.87922859 2.83496571 -33.97392654
v 22.41447067 3.36838984 -33.07679367
v 21.58704567 3.46402264 -32.71115494
v 21.28723335 3.01567888 -33.22861862
v 23.10080338 3.67811632 -33.45803452
v 22.64696884 3.24376726 -33.61923218
v 18.16503525 4.12723684 -34.33645248
v 17.45073891 4.56561422 -34.31483078
v 18.20676804 3.88502860 -33.93029404
v 17.51577568 4.29045963 -34.10434723
v 16.98226547 6.30796003 -32.83953094
v 16.84911156 6.36938953 -33.43613052
v 16.88162231 5.21129227 -33.89013290
v 17.33103943 5.90699816 -32.53936386
v 25.71645546 5.56062031 -34.11985397
v 25.83789253 5.87232113 -33.51409531
v 25.76761436 5.24204683 -33.26845932
v 25.69818115 4.78110361 -33.81692123
v 23.61064339 3.57313633 -34.16050720
v 24.55643654 4.02644348 -34.41061020
v 24.90732384 3.97049403 -34.08516312
v 23.67412567 3.54504180 -33.64724731
v 16.78720856 -18.38094521 -34.19128799
v 17.45695305 -18.29826736 -34.16485214
v 16.93997955 -18.31685638 -33.54345322
v 16.49725723 -18.12648582 -32.88213348
v 16.11514664 -18.32280731 -34.15390015
v 17.53583908 -18.06381989 -34.44406128
v 16.45655060 -17.78308296 -32.47911835
v 17.42704201 -17.74342918 -32.49381256
v 12.08172607 -16.24406242 -33.89754486
v 12.30774784 -16.54233551 -33.28904724
v 12.51702309 -16.78710365 -33.96537399
v 12.80052471 -16.65637207 -32.65982437
v 13.05216503 -17.22366333 -33.97264099
v 12.97033024 -17.16384125 -33.33849335
v 13.34938526 -17.07221031 -34.27786255
v 12.75104904 -16.57077217 -34.27849579
v 12.77132416 -16.02941513 -32.25652313
v 12.24834633 -15.96569538 -34.18802261
v 20.11017799 -17.00490952 -33.95863342
v 20.55674362 -16.64428711 -33.43333817
v 20.99962425 -16.13472366 -33.91360855
v 21.10426140 -16.01277351 -33.40842819
v 21.07350731 -15.78011703 -34.26069641
v 24.96911430 3.96517205 -33.76173019
v 25.18058777 4.48975611 -33.21646500
v 25.51410484 4.71053791 -34.35622406
v 21.87027168 2.83443236 -34.34084702
v 17.20339012 4.70666742 -33.68503189
v 17.42225075 4.84498167 -33.07871628
v 17.12118530 5.47686243 -32.92657852
v 17.02428818 5.17174387 -34.26596451
v 8.49918938 -26.36584663 -7.18813848
v 8.14804554 -26.66980553 -6.97001600
v 1.11294019 -26.88740158 -2.46432996
v 0.80750573 -27.84288597 -4.20593882
v 1.03642356 -27.84204292 -3.45522809
v 7.25217438 -25.56492233 -4.56516695
v 1.77023005 -27.36501122 -2.41327500
v 3.19526649 -27.50595856 -4.80090427
v 6.69733667 -26.77270508 -6.01821899
v 7.37645483 -26.90667534 -5.32962179
v 7.41268539 -26.72531128 -4.97458076
v 7.15348721 -26.90056801 -6.31333160
v 7.83660746 -27.00473022 -5.37575293
v 13.13431644 -25.00171280 -9.27162361
v 13.02867794 -25.65033913 -9.52876759
v 13.38140297 -25.43553543 -9.88428307
v 13.44017220 -24.93999290 -9.71471405
v 13.23637390 -25.83165169 -10.06122398
v 13.32273865 -25.75013161 -10.54444218
v 13.48619843 -25.37676430 -10.42037296
v 13.56287289 -24.89965439 -10.25491142
v 13.26344204 -24.74493599 -10.88189507
v 7.90359259 -25.36338806 -4.45302486
v 8.11760712 -26.26397324 -4.57159138
v 15.39558601 -20.09316826 -4.92455244
v 15.20568943 -19.34411621 -4.85777807
v 15.25329494 -20.63283920 -5.13930464
v 15.55672836 -20.65453720 -5.50393009
v 15.70470619 -20.09264183 -5.26674461
v 15.00336552 -21.08772659 -5.46464491
v 15.28636646 -21.12195587 -5.82979727
v 15.44361210 -21.02958870 -6.22475576
v 15.71755600 -20.58028412 -5.90931559
v 15.85974121 -20.03882217 -5.67023420
v 14.48159885 -18.28446960 -4.94024563
v 12.38400078 -29.31508064 -12.42855263
v 12.15292454 -34.28607941 -7.95909739
v 9.13575745 -30.20020866 -8.21239758
v 9.14650059 -29.79071426 -8.07284546
v 8.81557751 -29.92005157 -7.69747686
v 8.83063889 -30.35050201 -7.86346483
v 9.04633904 -29.39017487 -7.98047781
v 8.72384262 -29.48528099 -7.61395645
v 8.33041096 -29.82241821 -7.40999985
v 8.40850735 -30.42991638 -7.61585188
v 7.66356325 -30.87511253 -8.68066025
v 8.98914909 -20.21123505 0.18147025
v 8.96081734 -19.47418976 0.30880484
v 8.84538364 -20.83189964 -0.17683606
v 9.43582058 -20.82610703 -0.48132271
v 9.58695793 -20.17953300 -0.10384774
v 8.69161320 -21.36188126 -0.65647358
v 9.22917843 -21.37683678 -0.95116526
v 9.69249058 -21.27888680 -1.31831861
v 9.93820763 -20.75185394 -0.89745092
v 10.08650112 -20.13350677 -0.53377318
v 17.12434578 -17.93501091 -9.91040230
v 19.63114548 -10.16925907 -15.22003937
v 19.54149055 -9.46552181 -14.53320694
v 19.65971565 -10.37105560 -14.67844677
v 19.53606796 -10.98442650 -15.31032753
v 12.74783707 -25.17275620 -16.86267090
v 12.57144833 -25.51268387 -17.43325424
v 12.55441284 -25.74423409 -16.98142242
v 12.33565807 -25.60357475 -17.93801117
v 12.48763847 -25.06932831 -17.81641769
v 19.11240768 -8.97651005 -14.35563374
v 20.98685455 -2.59163833 -13.84850693
v 20.93342972 -2.73556113 -14.41909027
v 20.71704483 -2.85573387 -14.95404816
v 7.70492840 -27.85237694 -23.68668365
v 7.47503614 -27.26087379 -23.73426437
v 8.19059563 -28.35575104 -23.20933723
v 1.87960732 -31.48111153 -5.81818533
v 3.70033932 -31.26449013 -5.79593611
v 3.18086362 -31.29071426 -5.58566046
v 3.55546856 -30.64445686 -5.63252878
v 2.57718277 -31.06874657 -5.39060354
v 1.59615862 -30.80438995 -5.80225563
v 2.70709777 -31.69167709 -5.59050512
v 5.24248075 -41.31071091 -9.04870892
v 5.77039576 -41.50518417 -9.24992657
v 14.51730347 48.48910141 26.60724449
v 14.30834389 47.48854065 26.85464668
v 13.82870674 47.16151428 25.16432953
v 14.02723885 48.13732529 24.90892410
v 13.28850842 46.45912170 25.43153191
v 12.43987465 46.32230759 24.26882744
v 13.04531956 46.94002151 23.92510796
v 13.20267105 47.85295486 23.63673592
v 14.26179123 47.84294891 28.44396019
v 14.45895481 48.80180359 28.21214485
v 14.34088898 49.47491837 26.42672157
v 13.86472702 49.09765244 24.73598480
v 13.08460426 48.76736450 23.51024437
v 13.83586788 49.90789795 29.24798965
v 14.29517841 49.74717712 28.03330803
v 12.14702606 46.83048630 23.44736671
v 12.28699970 47.74194336 23.13666534
v 12.18704891 48.65814209 23.02723694
v 12.39748192 46.15684509 25.58224869
v 9.93610096 -30.45319176 -22.67040253
v 8.64990616 -30.33733749 -22.10166359
v 9.19589615 -30.31806374 -21.26214027
v 8.99588966 -30.82097816 -22.89305496
v 8.21260834 -30.64372063 -22.79858208
v 9.67753506 -30.45413971 -20.47422409
v 10.03141785 -30.86531830 -19.89442635
v 9.44698429 -34.61594772 -22.95698547
v 11.18169498 -33.70590973 -22.24927330
v 10.42869377 -34.74517822 -21.44045067
v 8.99294090 -32.11138535 -23.54394722
v 9.18852425 -32.91678619 -23.59060478
v 9.53819370 -31.25221825 -23.53215027
v 10.65639973 -33.56620026 -20.29022598
v 11.35639858 -31.30501175 -21.29436874
v 11.07884789 -32.42798615 -7.60700512
v 12.55262184 -32.50813293 -23.28590775
v 12.92514706 -31.81227112 -23.45673943
v 12.91471958 -31.18770981 -23.36163330
v 12.74609947 -31.77877808 -23.94912148
v 9.58342934 -34.88710022 -7.25780916
v 10.81764889 -33.11952972 -6.43413639
v 11.32772446 -32.96228409 -6.75084019
v 11.01934052 -33.79769897 -6.40991211
v 11.61135674 -33.67847443 -6.72872257
v 11.13540554 -34.46818161 -6.59959745
v 11.73332024 -34.38360977 -6.90113544
v 12.14365578 -34.27428436 -7.28819466
v 12.04654884 -33.60885620 -7.16170263
v 11.72089195 -32.93163681 -7.18561077
v 12.36514854 -31.74718094 -24.32512283
v 11.01207352 -32.11554718 -24.18909836
v 12.75526237 -30.63845444 -23.22503090
v 18.17261124 -17.87285805 -20.71713066
v 16.93102646 -19.81623650 -20.83638763
v 19.73657417 -14.19441128 -23.59926796
v 18.13421440 -17.94163322 -22.02680588
v 17.86264038 -18.01055336 -22.91189384
v 18.75971031 -17.70767212 -22.72580338
v 19.13686943 -17.39399529 -22.53093147
v 19.49475479 -16.87096596 -23.15773010
v 10.00487709 27.58473969 -7.03415728
v 1.04421747 46.25850677 10.67027664
v -0.53316760 44.48877716 8.37206554
v 0.12491219 44.17236328 6.20158482
v -1.39846897 43.75878906 8.80612469
v -0.00826780 45.07159042 16.47338676
v -0.36437550 45.31750488 14.55561447
v 0.53840733 46.93212128 16.47350693
v -0.21443610 45.85088348 13.19793129
v 1.95383322 48.05001450 15.70270538
v 2.88177466 48.38893890 15.37768078
v 2.09838796 46.56425858 10.29564476
v -2.24926186 42.16033936 8.06031227
v -2.01813245 41.84089661 9.69027996
v 1.01456928 48.65424728 22.47397804
v 1.48849308 49.34479141 22.45712662
v 1.21868384 48.39336395 20.98093033
v 2.59911609 49.64427567 20.80888557
v 1.52222252 48.20999527 18.03638268
v 1.10483038 47.89392471 19.32284164
v 1.34722948 44.41223526 5.62742090
v 0.69017673 47.07441330 22.93413162
v 0.69449496 47.90866852 22.71937943
v 0.92483473 47.68296432 21.25697899
v 0.91419715 46.87893295 21.51449203
v 0.81287712 47.19858932 19.64007187
v 0.79223400 46.40287781 19.94835091
v 0.92283356 47.18289566 15.07277298
v 3.59414816 50.01269150 20.40982056
v 1.85709465 48.44221878 32.99651337
v 2.03175855 50.07384491 32.57892609
v 4.13962221 49.31411362 33.70800781
v 3.79265428 50.26388550 33.18367004
v 0.93473500 50.30896378 31.91580200
v 4.30612993 51.14782715 32.57423401
v 4.63694382 52.28014755 30.81910706
v 2.57291722 51.18203354 31.39645767
v 1.69248247 50.20732880 24.45000839
v 5.69956636 48.58084488 34.38763809
v 6.04328537 49.51788712 34.54685593
v 5.48665762 50.18531418 34.19223785
v 4.88175869 47.40098953 33.65369034
v 4.13042259 47.95638275 33.62033844
v 0.06266674 47.19100571 24.11837387
v 0.07098719 48.06180954 23.91763115
v -0.80518860 47.17004395 24.99497223
v -0.80687380 48.08361053 24.84741592
v -0.42329013 49.06321335 25.08986664
v 0.45267504 48.85467529 23.71267319
v 3.44203663 46.10989761 32.33205032
v 2.97356319 47.48727417 33.17124176
v 1.51695645 46.93496704 32.54004669
v 0.92451870 46.18096542 31.17749405
v 2.77329302 45.62259674 31.02559280
v 0.50164992 45.69647980 29.49244308
v 2.47792983 45.11412811 29.30425835
v 0.26678127 45.43349075 27.63834953
v 1.74349475 44.91645813 26.86030197
v 0.17936380 45.46877670 25.80879593
v 5.18048573 44.67601395 30.84099007
v 3.06158614 41.38816833 17.81957817
v 2.14470339 41.82481003 17.80865097
v 1.08903205 39.68099976 13.76056290
v 2.10728765 39.18893433 13.79416084
v 0.45417589 42.84440613 16.52745819
v 0.01242802 43.81871796 16.15914536
v -1.23474538 41.86185455 12.01858521
v -0.76679868 40.82933044 12.51180935
v 0.60960519 38.75827408 12.36167240
v 1.68462944 38.25357056 12.48479462
v 0.16030046 37.45691299 11.13624859
v 1.36023688 37.21920013 11.60166740
v 1.10072291 42.02033997 16.76998901
v 0.20190276 40.39245224 13.60647678
v -1.58330941 39.12342453 10.26470661
v 5.87108374 45.19788742 32.14603806
v -0.55960345 38.83531570 11.41395664
v 4.37914133 43.57144547 23.78892708
v 3.85758543 43.16090012 21.44434738
v 3.03393912 44.06901550 24.12337685
v 2.94644260 43.55828094 21.47062683
v 1.46545386 45.31321335 23.25346756
v 0.95569414 46.17264175 23.12034035
v 1.14664340 45.99096298 21.75799751
v 1.59931839 45.12553024 21.95821571
v 1.00424767 45.51269531 20.25367928
v 1.42774844 44.63673019 20.52014542
v 2.19596887 44.58975601 23.33014297
v 2.25315905 44.39059067 22.08470726
v 2.04398894 43.88841629 20.70540619
v 1.09672058 47.83462906 32.84169006
v -0.47700447 46.25258255 25.21267319
v 0.36515224 46.27922821 24.30121422
v 0.95927507 45.44465637 24.45266724
v -0.28400147 46.82485199 32.16315079
v -0.20137614 46.22045898 31.23341942
v -1.14253581 46.39213562 31.24005508
v -1.61753917 45.96452713 29.75016594
v -0.62719399 45.75430298 29.64863586
v 4.75508928 43.54169464 25.58477592
v 3.60231066 43.85536957 25.14905739
v 1.80627668 44.78228378 24.50438118
v -0.06329867 47.60892487 32.61946106
v -1.29936063 48.25202179 32.07936859
v -0.99676979 47.37521362 32.17615891
v -0.24318908 50.10643005 28.67261314
v -1.37972152 49.81131744 28.90590286
v -0.91746217 50.05545425 30.53239441
v 0.21306692 50.37036896 30.39989853
v -2.26116347 49.38328552 29.12623787
v -1.75730181 49.63837814 30.64824867
v -1.22774148 49.66449738 31.52579308
v -0.47247562 49.94633865 31.71432114
v 4.67986250 52.29420853 27.85950089
v 3.41412616 51.77404785 28.17475510
v 1.90211987 51.05317307 30.01099777
v 1.36421287 50.57788086 27.32361984
v -0.45046327 49.70894241 26.81272888
v -1.89395738 48.75640869 26.04292679
v -1.55065954 49.41814804 27.12026978
v -2.36480045 49.02498245 27.39884758
v 4.00182438 51.14585495 23.30597115
v 0.44498652 46.47039032 12.71945286
v -9.17280102 -36.95806885 -17.54085922
v -9.20453262 -36.57778549 -15.42686653
v -7.84706736 -40.98363495 -18.08722305
v -6.44457293 -43.72171021 -16.32413673
v -6.47336864 -43.75541687 -17.99383163
v -7.39586020 -42.07059479 -18.38231468
v -6.69251823 -43.05258942 -15.61793423
v -8.52058315 -39.26991272 -17.15602112
v -8.52625751 -38.73694611 -16.07767868
v -8.76574707 -37.61239243 -15.19747448
v -8.33370209 -39.72946167 -17.62926102
v -7.41303110 -41.97147751 -16.71188927
v -7.76841784 -41.20405960 -17.52121162
v -7.04348469 -41.91098785 -14.83637714
v -6.71608400 -43.08059311 -14.29117680
v -7.29985905 -40.84968948 -14.05597210
v -7.22384262 -41.73468018 -13.73254681
v -7.83281612 -39.79522324 -13.31431293
v -8.25323296 -38.36862946 -13.86692810
v -7.49795675 -41.69977951 -14.98735046
v -8.09565449 -39.38916016 -14.59172821
v -8.40647316 -40.43479919 -17.06645012
v -7.48837280 -42.05016708 -15.72109699
v 0.80139041 -45.25625992 -26.24338913
v 2.34070802 -46.09460068 -26.49973679
v 1.44726932 -46.87364197 -26.02148438
v 1.63836658 -47.65288162 -25.77853012
v 2.45903778 -44.58164597 -26.77583885
v -0.87836128 -45.82284927 -25.13821030
v 0.16014250 -47.05013657 -25.48271942
v -0.55496925 -46.65449524 -24.80032349
v 0.72956723 -47.69944763 -25.35991287
v -3.80284429 -45.46501160 -22.55415535
v -2.69096375 -44.57577133 -24.07416534
v -2.83811879 -45.07508087 -23.42956734
v -2.22998810 -45.23611832 -23.89319611
v -0.99588770 -44.03436661 -25.52361107
v -1.32095993 -43.05781937 -25.50277901
v 1.90928185 -42.80206680 -26.74026680
v 1.60337329 -41.87223053 -26.76580811
v -3.15460229 -49.01842117 -20.14837456
v -1.74853373 -50.27466965 -21.67328644
v -1.07970452 -50.98141479 -21.50007057
v -1.10248697 -50.39514542 -22.60615730
v -2.49387288 -48.97205353 -22.13489342
v -2.10017824 -48.88327026 -22.55491829
v 2.81501365 -52.58633423 -20.84892273
v 1.79522443 -52.34928894 -21.63014221
v 4.46145058 -52.63890457 -20.93016434
v 3.82930636 -52.27612305 -22.55023193
v 2.64227200 -51.74211121 -22.91859627
v 1.75366819 -52.08859634 -22.49862289
v 2.13569498 -52.23258972 -17.79154205
v 2.76652598 -52.47330856 -19.08847427
v 3.90097833 -52.60691071 -19.78362656
v -3.10528183 -42.61105347 -24.72753143
v -0.89550900 -41.95915604 -26.13074684
v -2.85855126 -40.61435318 -25.41710281
v -4.51794291 -43.90710831 -22.92573166
v 1.27281284 -47.91398239 -25.28052330
v 2.09285855 -47.93205261 -25.08381081
v 2.77639985 -48.05401230 -25.36754990
v 0.75410074 -47.07263565 -24.68124771
v 1.18802190 -46.48440170 -24.28514481
v -0.33244967 -45.27165222 -22.94904709
v -0.21410696 -45.13545609 -23.16190338
v 1.54557121 -45.50026703 -23.69564056
v 3.80666852 -48.04510117 -23.05542374
v 0.02306558 -46.27606201 -22.86907768
v 1.47497892 -50.60958481 -23.15154266
v -2.04184628 -50.31958771 -19.54477501
v -0.96466625 -51.16894150 -18.92141342
v -3.14165735 -46.71350098 -22.45981216
v -3.53919625 -47.21063614 -21.87665749
v -3.85463977 -47.36484146 -21.10437202
v -0.11284621 -50.83837128 -22.84406090
v -0.51776421 -49.44208527 -23.04366493
v -1.77678645 -46.44729614 -22.82254219
v -2.56672955 -45.68913651 -22.80458450
v -2.09828258 -45.25344467 -23.21871185
v -1.64692402 -45.38083267 -23.59218407
v -1.13368869 -45.72086334 -23.94922638
v 1.04728496 -52.09882355 -19.09082985
v 0.30106366 -51.84795761 -21.57157707
v 0.25882944 -51.61269760 -22.39172173
v -0.00327815 -51.79677200 -17.52731133
v -1.25634956 -51.23787308 -17.84313965
v -1.35760391 -51.02578735 -17.02044487
v 3.78436017 -52.40694427 -17.23311615
v 3.76328254 -52.33423996 -16.70127296
v -4.52253771 -46.25428009 -21.38261604
v -2.86036801 -49.87011337 -18.70463943
v 1.36479211 -41.01417160 -27.01676369
v -3.13880062 -48.92874146 -15.82573509
v -3.40614629 -49.00064850 -16.98221779
v -3.20853710 -49.47101974 -18.14397049
v -0.78334743 -48.69831085 -13.74248028
v -0.37102395 -50.30217361 -15.56378555
v 0.07593735 -50.08626175 -15.02832699
v 1.50246143 -50.03516769 -14.28899097
v 0.67886442 -51.46665192 -16.51964378
v 1.29936063 -51.49333954 -16.60519791
v -1.20696664 -50.56360626 -16.13739586
v -2.71968389 -48.67836380 -14.96929359
v -3.76971555 -37.35055161 -25.33020973
v 0.59488642 -38.27255249 -26.99514580
v -5.64327145 -31.72351074 -24.51664925
v -2.48363042 -31.68069649 -25.96679306
v -3.76263738 -34.38887405 -25.55328369
v -0.51954806 -33.96550369 -26.63468170
v -0.11070027 -37.38074493 -7.84936476
v -1.14011335 -37.09776306 -7.25522900
v 0.04349809 -38.11275101 -8.30497551
v -1.23880029 -38.42113495 -8.03814125
v -2.13203835 -35.65026474 -7.89358711
v -1.13606513 -35.93375397 -7.63735104
v -2.46780562 -36.63697433 -7.56937551
v -2.57323003 -38.25911331 -8.75602245
v -7.14573288 -39.29506302 -21.96744347
v -5.78337669 -39.99967957 -23.31098747
v -5.81097078 -38.30307007 -23.90767860
v -5.52936554 -42.28967667 -22.43032265
v -9.28328800 -37.75189209 -22.10166359
v -9.42081261 -37.23968124 -21.56252098
v -9.98308849 -36.08403778 -21.40863037
v -10.91149044 -37.00297165 -22.99911499
v -10.25383186 -35.06901932 -21.51486015
v -10.21617985 -34.67985153 -21.93041039
v -9.74552059 -34.30856705 -22.23947716
v -11.12445259 -35.04008102 -23.52066994
v -6.43970537 -34.70847321 -23.91540527
v -7.42037392 -32.63278580 -23.17610931
v -6.44645929 -32.51585007 -23.96373367
v -7.92939615 -36.60864639 -7.44607258
v -8.20036411 -36.25968933 -7.84613895
v -6.25572062 -35.95259476 -8.81642056
v -7.58920574 -35.46863937 -9.58674717
v -8.51730537 -36.00714874 -8.47865200
v -9.40843678 -36.67383957 -7.41352797
v -9.13502026 -36.98738480 -24.23580742
v -9.12535667 -37.41701889 -23.90643883
v -7.28735209 -37.24626541 -23.59776688
v -8.81247139 -37.87477875 -23.15620232
v -5.93805218 -43.85171509 -20.35177422
v -5.23996639 -45.28930664 -20.73113251
v -3.85323215 -44.15629959 -11.30098915
v -10.28766727 -34.72948456 -23.53689194
v -11.06189060 -35.46558380 -24.32385826
v -11.43936539 -35.58354568 -23.93690491
v -9.82182598 -34.82217026 -23.82173538
v -9.68011570 -35.22850418 -24.15681648
v -10.14569283 -35.88592529 -24.56315041
v -10.93276596 -36.04559326 -24.49942970
v -11.31182098 -36.20199585 -24.10204887
v -5.71710920 -45.38999176 -18.22479820
v -5.79921770 -45.15764999 -15.55615616
v -4.88650513 -46.97319794 -15.54003525
v -4.49083567 -47.39185333 -14.98598766
v 2.25432396 -51.32273865 -15.64003849
v 2.08164167 -51.98411942 -16.48742867
v 3.44772387 -50.95443344 -14.87525463
v 0.14344890 -51.69068527 -16.85577393
v 0.72778004 -50.41169357 -15.50166130
v -1.77799761 16.57877541 -20.74669266
v -3.97894621 15.84094048 -20.62736702
v -4.10671234 20.64665413 -18.11159706
v -1.17581761 20.36026573 -18.96316719
v -0.73217398 25.03223038 -16.14023972
v -3.32229161 24.52408218 -15.75366211
v -4.30587673 27.34261703 -13.10743332
v -8.29973125 14.39737701 -20.36029053
v -8.09433079 16.53622627 -19.28819084
v -8.98572636 10.06417274 -22.07431984
v -2.60820007 11.09519863 -22.78891754
v -3.51223373 4.93013477 -24.62255287
v -9.75664520 3.66955900 -23.91608429
v -11.32158947 -0.51081294 -24.23994255
v -7.14495611 -1.69084346 -25.57345390
v -13.73539066 -2.91689968 -23.65706253
v -4.05890894 0.41465372 -25.67319489
v -4.31884432 -3.24160838 -26.27052879
v -9.51254749 -6.65324640 -25.24612617
v -11.69171810 -9.27657318 -24.41601562
v -8.56816483 -11.62883949 -25.34443283
v -7.75471926 -13.42495441 -25.44427490
v -4.42153311 -7.73244381 -26.53296661
v -4.29788494 -13.15727711 -26.40165520
v -7.11837578 -16.98429298 -24.87745857
v -10.09085941 -18.78119469 -23.33933258
v -5.24378443 -20.59724045 -24.59243011
v -7.15917492 -21.03717232 -23.80430412
v -10.07986641 -21.25856018 -22.45380974
v -3.96588302 -16.69131279 -25.77090836
v -3.35714674 -20.39228439 -25.08870888
v -6.19821453 -23.62540054 -24.09237289
v -7.75716829 -23.98961830 -23.27590179
v -4.67899370 -22.73201752 -24.70054436
v -3.97012234 -25.61660957 -25.04099655
v -7.05827618 -27.26145363 -23.67549515
v -2.60511971 -24.54595757 -25.37891006
v -12.93757439 -24.44318771 -18.45856667
v -12.23547077 -24.16194534 -19.71724701
v -11.77671337 -25.93549919 -19.41897392
v -11.41564178 -23.65502167 -20.75178146
v -9.49576187 -28.00510788 -21.66199684
v -10.88547611 -28.29208565 -19.95024681
v -8.98933983 -24.76700211 -22.43739319
v -10.89653492 -22.43711662 -21.50138092
v -19.19943047 -17.61735725 -10.22515869
v -19.26902199 -17.49802780 -9.63951397
v -19.72443581 -17.38417435 -9.83720398
v -18.98596764 -17.06373215 -9.24097443
v -19.96557045 -16.84568977 -9.67362499
v -19.51063156 -17.25246811 -10.75140095
v -13.41910839 -27.73948479 -17.15857506
v -13.61103153 -27.61902428 -16.49499130
v -13.76606560 -27.30855942 -15.92949009
v -14.41693115 -25.68206787 -15.14074516
v -14.49192047 -24.46656990 -14.71351910
v -15.05076027 -25.48361397 -15.72245312
v -14.97756195 -26.78676605 -16.09882164
v -13.13026237 -26.40318298 -18.31475067
v -12.93599510 -26.96391869 -18.35219193
v -13.05227089 -27.43168068 -18.16182137
v -14.39581394 -26.87212944 -17.95796967
v -0.97887820 30.37561607 -12.06351852
v -5.95354748 27.09315491 -12.13778687
v -7.59768724 27.09288788 -10.28004742
v -8.75122643 25.39445877 -10.59657669
v -8.03826618 28.53913879 -7.36344576
v -8.31024170 27.60280228 -7.65482140
v -7.57416439 29.89322662 -5.62331963
v -5.30157995 6.83917952 7.69092035
v -5.41677618 7.88431835 7.88458204
v -5.30634546 8.90236282 7.92681599
v -5.73774576 8.80925846 6.65836763
v -3.23681617 11.20491886 7.12863159
v -2.55087876 10.89384937 7.57372284
v -3.62961555 10.48693657 8.40787506
v -2.56628203 10.09998226 8.56291008
v -2.16647863 10.27945232 7.99016714
v -1.57941246 10.64881706 7.28240204
v -1.63768196 8.51159191 8.40561104
v -1.76664913 7.41961050 8.57262516
v -2.49608469 7.02610016 8.93838406
v -1.73402560 6.12375164 8.24673271
v -3.00531793 6.57750607 8.79980564
v -3.82949066 6.52387094 8.62497139
v -0.69245434 15.34534645 5.73100519
v -1.46894264 16.08915901 6.01042509
v -2.09643936 15.55241680 5.91373920
v -1.71646309 19.33906174 4.59615803
v -1.94201076 18.84541512 5.09606981
v -1.93957508 18.39825821 5.65723991
v -1.10801637 17.92592621 5.51023626
v -0.78886366 18.73293114 4.95951939
v -3.62539601 17.37489128 4.79117489
v -3.38774300 17.23356438 5.51493645
v -2.96734905 18.67247772 4.77952385
v -3.03454471 19.12367821 4.18634892
v -0.55783933 16.46397400 5.52552128
v -7.05560017 17.43740845 3.13189220
v -6.06009102 20.42260933 1.94901466
v -6.53650951 19.98263359 2.32954383
v -6.56203699 18.77321815 3.03846788
v -8.61185169 18.40088654 1.60870850
v -10.30894852 12.94881821 3.33213282
v -8.89815044 11.54532433 4.77206755
v -9.43192387 7.57467079 5.55469561
v -10.80024433 7.71869946 5.11781883
v -8.08790684 9.28236580 5.51951790
v -12.99684429 7.84713984 3.01581049
v -12.28994846 9.70090389 3.74121761
v -13.04118538 10.37411022 2.20051098
v -18.76968956 -1.66135311 -1.73681664
v -18.40264130 -1.47366893 -0.73894095
v -17.82492256 -1.16378462 -0.05213452
v -20.07621193 -0.53524768 -0.76137459
v -19.49022484 3.12541151 -2.62152362
v -19.65223694 2.38165212 -3.25114012
v -19.81843567 1.29072428 -3.48879957
v -20.63557816 1.25186026 -1.77815557
v -20.48770523 2.03071833 -1.66893637
v -17.30887032 -0.40896633 0.41855064
v -17.46885300 0.74549723 0.70734429
v -19.12799644 0.13734022 0.53767008
v -13.64102268 -2.03229809 3.22812700
v -13.80579853 -0.61904472 3.69904923
v -14.66882229 0.16921337 2.10327220
v -9.61307812 -0.68780696 6.01887703
v -10.46416092 -1.91985345 5.65893841
v -9.72608852 -2.97524834 5.29065275
v -13.62983227 2.53633094 3.21863484
v -12.28145695 1.68002152 4.82412767
v -11.99825859 -3.07261872 4.27650452
v -12.97296333 -2.60009050 3.75102568
v -12.32828522 -2.02945447 5.02818966
v -1.94224763 0.71208376 8.45347977
v -2.56691384 0.13344330 8.90278435
v -2.37720203 -0.59596598 9.09726238
v -2.98409534 -0.20127082 9.29626846
v -2.48355126 -1.51126897 9.19647598
v -1.40952766 -1.49167907 8.49013233
v -3.89323711 1.18398011 8.32435513
v -3.34682512 0.29395443 9.05639648
v -2.75702071 1.30947161 8.28896618
v -4.17939758 0.12838782 9.18009853
v -2.12076879 -3.66890073 8.04967403
v -2.88919997 -2.98098850 8.82331848
v -3.39258766 -3.40422583 8.56019783
v -4.20472765 -3.46254802 8.34847355
v -5.90626144 -3.36767912 6.96032619
v -5.53500032 -2.77271366 8.07252979
v -5.89907312 -2.14415026 7.96349430
v -5.87603378 -1.23464012 8.26174068
v -6.44709110 -1.07281244 7.10114241
v -18.53302956 -10.86630726 -5.21861219
v -19.22204781 -10.48556709 -4.18603277
v -19.50704956 -9.77990818 -4.29567337
v -18.89017868 -9.88565159 -5.38839197
v -19.81548691 -10.42179489 -3.25229859
v -20.12518692 -9.83952045 -3.31859875
v -19.84213448 -8.98035431 -3.98702669
v -17.04809189 -6.93999910 -1.30115116
v -18.13586044 -7.66387892 -1.34591305
v -17.32124519 -8.16115856 -1.14806521
v -19.18887329 -8.03714180 -1.39051712
v -19.05426979 -8.64695740 -1.16602266
v -18.10249901 -9.27538872 -1.24812138
v -18.60449028 -6.50580835 -2.50614309
v -18.54956627 -7.19803858 -1.74940264
v -17.58807945 -6.30322075 -1.87336695
v -19.79152489 -7.84977293 -1.94624996
v -16.68567848 -11.30581760 -2.34921288
v -18.33697319 -10.64802647 -1.96810424
v -17.67955208 -11.43167686 -2.91911149
v -19.23026276 -10.63164902 -2.14151740
v -18.86708641 -11.06615639 -3.11748600
v -13.99341774 -7.19289112 1.60249126
v -13.00977325 -8.18901634 2.83100939
v -12.23373222 -8.24033451 3.44029880
v -12.06292629 -12.71081638 1.61595929
v -13.22530174 -11.74965858 1.50064456
v -12.47773743 -11.88087654 2.57849932
v -13.59067822 -11.99262333 0.31638804
v -14.06562901 -9.83120060 1.23927426
v -13.99000740 -8.79970074 1.57856989
v -10.44022655 -8.64695644 4.10585642
v -10.63770580 -10.11826897 4.00344372
v -9.46710110 -10.54328442 3.81571984
v -4.41890049 -8.74127293 6.76353168
v -3.63367057 -9.16793346 7.02760124
v -4.79669142 -10.12030983 7.30399275
v -3.44427466 -10.26270580 7.23200512
v -2.51836038 -9.10163307 6.84352398
v -2.90520906 -13.51010704 5.23672771
v -3.70060253 -12.96695900 6.18583965
v -4.16246700 -13.36389256 5.80754805
v -4.90999174 -13.42455864 5.58350134
v -6.47215796 -13.19729996 4.21815634
v -6.08678341 -12.76458263 5.50366735
v -6.41941786 -12.15671635 5.54906082
v -6.38705778 -11.32872486 6.07061672
v -6.98128557 -10.93360806 4.93698072
v -2.52299452 -11.41335106 6.53566694
v -2.90518260 -12.46438789 6.19439650
v -3.65636730 -11.65738297 7.17697430
v -17.43109703 -18.45417976 -7.18405390
v -16.25080299 -19.58382988 -8.59282112
v -17.09222221 -19.58572578 -7.40162659
v -18.44903564 -18.58021355 -5.85749722
v -14.72721100 -20.06420517 -6.19115782
v -15.41117287 -19.30151367 -5.22709036
v -16.49520302 -19.86898994 -5.44779348
v -15.60696793 -18.42402267 -4.63138819
v -17.43009567 -18.96990776 -4.47019243
v -17.24872971 -19.51452827 -4.81617594
v -15.95237064 -20.33198547 -7.26749849
v -15.87772465 -20.25120544 -6.39995956
v -17.60366631 -20.04134941 -5.82958651
v -17.48096657 -15.90418720 -6.62519121
v -17.91858101 -17.56575012 -6.45667553
v -17.95396805 -17.00806999 -6.03012037
v -18.44914246 -17.80267334 -5.38333607
v -13.02035809 -16.85103416 -1.63291621
v -13.14263725 -18.05855370 -2.03593183
v -12.97738647 -18.19789314 -0.91135347
v -12.99718761 -18.94921112 -2.60430336
v -12.99455452 -19.75929642 -1.34991527
v -13.08228779 -19.10661507 -0.95285040
v -9.52408123 -19.64544296 -0.59470212
v -9.93420601 -18.83696365 0.04441966
v -9.80350018 -17.51098251 0.26941434
v -10.52369404 -18.34155464 0.30248550
v -11.06262779 -18.90976715 0.44667166
v -10.86725521 -20.12518692 -0.06003368
v -10.94998550 -21.34523964 -3.05076432
v -10.43622398 -21.33217812 -2.38665485
v -9.91917133 -21.10371017 -1.95022583
v -11.74480057 -21.18041039 -1.52738333
v -3.21601510 -21.94926262 -0.62614077
v -3.17341208 -21.34376526 0.50354570
v -3.94084287 -22.01245499 0.50886446
v -3.05866361 -20.54184151 1.29109287
v -3.98939633 -21.18251610 1.91044033
v -4.04479599 -21.74841309 1.34370124
v -4.88632059 -18.35824776 2.42725658
v -5.71999884 -18.64027405 2.11529207
v -6.42581606 -18.25529480 1.41795349
v -6.16909313 -19.51905632 1.84240210
v -5.15520811 -19.86725235 2.59903717
v -6.04370689 -21.70207214 -1.44807565
v -5.41509104 -22.13642120 -1.06607187
v -5.91584587 -21.83767319 -0.06661633
v -4.73607826 -22.30730438 -0.96980727
v -5.06284046 -22.27649879 0.56779224
v -5.57144165 -22.15179825 0.43287447
v -6.58674812 -19.40214920 0.93552488
v -6.55915403 -20.25162697 0.26804513
v -6.22654629 -21.03432846 1.21699858
v -6.23971176 -20.38965034 1.70021713
v -13.69036579 -27.07334709 -11.22482491
v -12.85426521 -27.04991341 -10.88695049
v -14.06504917 -26.98724747 -10.42237377
v -12.64520073 -26.78924179 -10.31031132
v -13.87567997 -26.77639198 -9.98928928
v -15.02208614 -26.80190659 -9.57763672
v -15.39737606 -27.05012512 -10.30757332
v -14.10988998 -24.55459213 -8.90091515
v -14.32208920 -24.05101967 -9.17446327
v -14.93319416 -24.09562492 -9.69854736
v -15.66868591 -25.28134346 -9.20032024
v -11.26237202 -26.93521881 -5.09528017
v -11.65369701 -26.85762215 -5.47196484
v -10.89685154 -25.48356056 -5.13456535
v -11.37027454 -25.45780945 -5.54426908
v -11.61962509 -25.52173996 -5.99931335
v -11.73945522 -26.40431595 -6.29008198
v -13.42912674 -25.52332115 -9.22655869
v -15.27720356 -25.76866913 -8.99947071
v -15.16103268 -26.25736427 -9.13249207
v -4.23525143 24.51899338 2.93974161
v -4.63217783 24.95410728 2.95249867
v -4.52627659 23.86344147 2.73606133
v -0.44772491 24.68564034 4.59505177
v -0.95163918 24.54055977 4.84361267
v -0.72245800 23.94040680 4.87276030
v -1.00952530 23.06580162 4.67560387
v -7.44034910 26.10295105 -0.54085279
v -7.42932653 25.19076538 -0.91051090
v -7.98966694 25.34986687 -1.97100067
v -8.40281963 26.07915878 -2.35848117
v -8.48490524 26.45359993 -1.67871821
v -8.34331322 26.24372482 -3.05624127
v -18.69185638 -17.20618057 -11.39207649
v -18.23338890 -17.79219437 -11.00027752
v -17.91405106 -17.94543648 -10.47672081
v -18.67510986 -17.68171120 -10.19772148
v -19.57766914 -14.93653870 -10.06243515
v -19.79615974 -15.34126568 -10.69842339
v -19.70532036 -15.84215260 -11.17548084
v -20.15130615 -15.82129860 -9.81319046
v -18.20368767 -17.56253815 -9.76632214
v -17.95933914 -16.92044067 -9.26056480
v -21.82329750 -8.77402782 -11.06336594
v -22.11619759 -7.88892651 -10.81430435
v -23.19827843 -8.88993549 -9.99571323
v -22.88886833 -7.72849417 -9.79757595
v -21.48932076 -6.67880011 -11.02039433
v -20.59976959 -6.59254122 -8.06126022
v -21.67679405 -7.37645483 -8.22177124
v -21.57157707 -7.95256710 -7.98205757
v -20.42124748 -7.42964220 -7.77836418
v -22.69560242 -8.04098511 -8.26134586
v -21.78422356 -8.70909691 -7.99967241
v -20.12655640 -10.44923115 -8.49223900
v -21.36103821 -10.00498199 -8.51109123
v -21.50311852 -10.37687492 -8.97408772
v -20.27706146 -10.96088696 -9.11058521
v -22.40058136 -9.78874207 -8.55582714
v -22.82617569 -10.04195023 -9.18589115
v -21.67595100 -10.52737999 -9.49680233
v -20.49897575 -11.16099930 -9.81371689
v -21.20726776 -6.02685547 -9.51597118
v -22.13831711 -6.96833086 -9.26203918
v -21.91176796 -7.06701803 -8.67223454
v -20.89698792 -6.15429497 -8.68940163
v -23.06789017 -7.72180605 -8.97556210
v -12.73809433 20.75701523 -5.27875137
v -12.61886978 21.55001259 -6.40698290
v -12.26951599 21.97632980 -7.08207893
v -13.91517639 21.37852097 -6.94115782
v -15.52930546 20.03203583 -6.09417248
v -17.63593483 18.12682915 -5.75511026
v -15.56889343 18.65862656 -5.04201317
v -21.11063004 6.28586721 -10.58882904
v -20.87813568 8.20355034 -9.81050491
v -20.02994919 8.92438221 -7.44944906
v -19.28271484 6.43613768 -5.14351749
v -18.42928696 9.56779003 -4.25012159
v -18.22211838 12.03549004 -4.48788643
v -10.16275501 22.27502441 -3.62471795
v -10.96130848 21.87616920 -3.16356444
v -10.56266308 22.09787178 -2.81547451
v -11.40792656 21.65906143 -2.89442658
v -10.92465591 21.97632980 -1.97868919
v -10.29061604 22.09924126 -2.33646894
v -9.55799484 22.38508606 -2.70414877
v -15.39455509 21.38857079 -7.96944237
v -15.97791195 20.93171692 -7.29896355
v -18.27995682 16.41093826 -5.30237961
v -17.58974457 15.15633583 -4.57779217
v -14.07157898 -23.83495331 -17.06799889
v -13.60479164 -23.68339348 -18.33902740
v -15.01205444 -23.19342041 -15.86279488
v -15.57594967 -22.63433075 -17.39852524
v -14.92703342 -22.67603874 -18.38326263
v -17.25410271 -21.69480324 -17.21123505
v -16.36768341 -21.93537331 -14.87068558
v -17.14801598 -20.82215691 -13.90690804
v -15.16419220 -22.75129128 -14.03124142
v -15.82666969 -21.22011757 -11.64200592
v -18.15224838 -18.66163635 -12.90898323
v -19.45891762 -19.18924141 -15.92261791
v -19.90472794 -16.91012001 -14.85145760
v -20.49012756 -17.48209763 -16.61974716
v -19.17997169 -16.06032753 -12.31743813
v -20.13656235 -13.63112164 -12.70586586
v -12.91862297 -21.66820335 -20.62259102
v -14.20354843 -21.28976059 -20.38201523
v -14.31663799 -22.44504166 -19.23492432
v -13.77928352 -17.27618027 -22.34206200
v -13.85198307 -13.81906891 -22.81753922
v -14.03829765 -14.88919640 -22.81711769
v -11.81810474 -19.38263702 -22.41110039
v -14.76818752 -8.43405437 -22.99100113
v -15.77013779 -4.73355055 -22.65364456
v -13.20946407 -11.35550308 -23.46586418
v -14.72510433 -11.74585342 -22.64207268
v -16.43353653 -9.24797821 -21.83862305
v -14.41798401 -13.00345325 -22.91654205
v -20.43372726 -2.00765276 -18.63603592
v -19.20388031 -3.84844875 -20.09274864
v -19.98721504 -5.84559584 -19.43132401
v -17.89972687 -4.12120724 -21.23359680
v -18.40697289 -7.53270674 -20.84749413
v -19.79389572 -8.87640190 -19.69431305
v -20.19733238 -9.82635593 -19.22973633
v -20.36224747 -8.73998260 -18.86309624
v -20.81805038 -7.51210976 -18.03427696
v -20.86931419 -10.80861759 -17.53357506
v -20.56532860 -10.79363537 -18.58274269
v -21.99805260 -6.48184729 -15.55399036
v -21.48577309 -6.75359869 -16.38684654
v -22.00719070 -6.86806393 -15.98802280
v -22.14208221 -7.36850262 -16.19084740
v -21.21432304 -10.00640392 -14.11702633
v -21.79612541 -9.63311577 -14.51053619
v -22.39365768 -9.20118904 -14.79027271
v -22.36860275 -8.80391312 -16.20003700
v -21.24560547 -10.45734119 -16.34201050
v -21.48479271 -10.66071892 -15.83188248
v -21.79349136 -10.02141190 -16.10724831
v -21.43376160 -10.87678719 -15.28473377
v -22.30688477 -9.87709427 -15.67848110
v -20.64337158 -14.65264225 -16.29037285
v -20.81138802 -12.19381523 -16.20722580
v -20.58738708 -13.17610359 -14.88460827
v -6.60061169 24.14820671 -14.45786190
v -8.62895107 21.08874702 -15.73552322
v -9.57979679 17.57775688 -17.99166107
v -13.58836079 15.20642662 -18.45677757
v -13.15359116 17.27353287 -16.34112930
v -12.43200779 16.36074448 -17.50615692
v -11.26017284 17.75381088 -16.75311661
v -11.69277191 14.64548111 -19.21720314
v -13.35154438 19.84446335 -13.04281807
v -11.46975136 22.48158836 -11.40202904
v -13.30493927 21.13280487 -11.45347881
v -11.67817783 22.74932289 -8.82878590
v -12.63024426 22.11920166 -9.83491230
v -11.62337017 22.65558624 -10.69364452
v -9.81066227 24.45520592 -9.23174858
v -8.84554863 25.79341316 -8.31084061
v -9.15060806 24.64308929 -5.47159624
v -10.62139988 23.37813568 -7.07073021
v -13.36149693 13.77541351 -19.44433022
v -14.67163944 11.75409508 -20.46479797
v -15.26632881 9.42657852 -21.29939842
v -12.62971783 18.44304466 -2.02866459
v -12.76410866 19.32526398 -2.18912292
v -12.56315422 20.02560425 -1.81391251
v -12.79981327 19.71084976 -2.60209155
v -13.07554722 19.00624275 -3.06498289
v -12.46338749 20.41384888 -2.95615196
v -10.90317059 22.46965981 -5.48412991
v -9.83417606 20.60213852 -1.04532337
v -11.38900852 19.74942398 -0.96251374
v -11.09454060 20.86770821 -1.01909816
v -11.49318504 19.30830765 -0.98602694
v -11.27095509 18.42423248 -0.84236735
v -16.26512527 14.01828671 -2.24936724
v -17.19322586 13.52416706 -1.04584992
v -15.98381042 14.19296360 -1.36134279
v -17.27221680 13.57603836 -0.31164855
v -16.16736031 13.89426899 -0.33492479
v -21.98349190 -0.15176937 -10.74634552
v -22.94487381 0.54198831 -10.08070850
v -23.25233650 1.29993987 -10.20530510
v -23.75343323 0.99382079 -9.62339973
v -23.49802589 2.18459415 -10.03800106
v -22.02677917 2.05252004 -11.17037296
v -21.73322105 1.91615415 -6.85018587
v -21.82519341 0.95100731 -7.07923508
v -22.73933792 0.65399855 -7.55365896
v -21.05560303 -0.28405410 -7.47682667
v -22.19740105 -0.45757252 -9.04976177
v -22.89452934 0.14418617 -9.56125927
v -21.86405754 -0.67543161 -10.08555317
v -23.85707092 0.74346977 -8.56796551
v -23.92479134 0.85258365 -9.16124535
v -21.86595345 4.35812950 -8.64932632
v -22.21615028 3.90187359 -7.82691765
v -20.99841309 4.42880058 -7.83587027
v -23.57670212 3.55525804 -8.28011990
v -23.35626221 3.46257448 -7.70790386
v -23.00238037 3.29448009 -7.34749079
v -22.03594208 3.50870562 -7.26860476
v -20.79303551 3.91093111 -7.09113646
v -22.50296783 -0.17046407 -14.81741905
v -22.40377998 0.87485927 -14.33925629
v -22.38082123 2.17885423 -14.14140892
v -23.40344620 2.15668368 -15.04117584
v -23.40260506 1.22963727 -15.18441486
v -21.82032204 3.33371258 -17.44004822
v -21.57311821 1.61722326 -17.70183945
v -22.95419502 1.45299947 -17.24654579
v -21.88796425 4.29925442 -14.20207405
v -22.21456909 4.31700134 -15.07351017
v -22.84713554 3.56779146 -14.92490005
v -22.13573647 4.32189846 -15.90250206
v -23.21481514 3.42128801 -16.10008621
v -23.25420570 3.45614982 -15.50469971
v -18.97404099 0.56011695 -20.29272842
v -16.52387619 1.26626313 -21.96672058
v -17.78218842 0.66690052 -21.22769928
v -19.98679352 5.64948559 -19.71137619
v -19.96962547 3.11079812 -19.53833199
v -15.70160007 5.60898924 -21.89586258
v -14.92389965 7.24000978 -21.78769684
v -17.22914124 7.14895868 -21.33870888
v -16.63712311 8.50213909 -21.43081474
v -15.52484322 2.94538951 -22.32407761
v -18.35703659 6.30869770 -20.96965981
v -17.50203133 8.72347355 -0.70639634
v -18.03290749 9.23094273 -1.32060945
v -18.22738457 10.37445259 0.16514529
v -18.37773132 10.29493427 -1.22905803
v -17.99715042 9.12975407 -2.57133746
v -14.16184044 13.42300510 0.25224680
v -15.77953815 13.17170620 0.64973295
v -15.72168922 12.50880814 0.91219604
v -16.06848907 11.55948639 1.08618832
v -20.55288696 10.55571842 -8.09200096
v -19.47055626 12.19880486 -5.89453125
v -15.21990776 13.82033348 -0.04742134
v -16.63601875 20.52277756 -23.62999535
v -16.17173195 19.22504997 -23.08887482
v -16.53206444 19.18086624 -21.63029480
v -15.81750679 17.69279671 -22.39467049
v -15.88858604 18.74111366 -25.07814407
v -15.76294899 15.94232655 -23.17343521
v -15.53940392 15.98386383 -21.54208565
v -15.48632050 16.44269943 -20.37148285
v -15.64993858 13.75246620 -21.38826752
v -15.96495724 17.78281975 -20.95791626
v -15.96385193 17.54131699 -19.61579514
v -22.31454659 23.11705017 -27.69164276
v -22.99711418 22.58598900 -26.26768494
v -21.46035767 23.39562798 -27.60585785
v -20.57177925 23.49908066 -27.54898262
v -19.68357086 23.42164230 -27.52418137
v -21.32880974 23.20596695 -25.35685921
v -20.44589233 23.30665588 -25.26533318
v -21.28373146 22.79626465 -24.10794830
v -20.40608025 22.89315987 -23.99514771
v -19.52653503 22.81237793 -23.93237495
v -19.56213379 23.22829628 -25.21751785
v -22.17739105 22.92991829 -25.48271942
v -22.90474701 22.08154678 -24.44729614
v -22.12873268 22.52053070 -24.25687408
v -24.61520576 16.51870155 -29.49704361
v -24.20042038 16.11124992 -27.86194801
v -24.93087006 17.76470566 -27.88477707
v -25.16768646 18.47069550 -29.24804497
v -25.15137482 19.58962250 -29.79598045
v -24.75704956 17.28854179 -26.08421516
v -24.91235924 19.32811546 -26.86190987
v -24.51289749 16.35504532 -26.44716835
v -24.04865074 15.64277649 -26.58228302
v -18.13585854 14.83727264 -30.00225639
v -18.82906342 14.45346451 -29.23722076
v -17.88376999 14.89577866 -27.81291962
v -19.67195892 14.20175838 -29.19317055
v -20.57766533 14.08616638 -29.33994865
v -21.34586525 14.14556122 -28.55201340
v -19.45291519 14.13245583 -27.65109444
v -20.33783150 14.03461170 -27.73198128
v -19.35865211 13.76003647 -26.83115959
v -20.23988342 13.65892696 -26.93679810
v -21.12469482 13.73423195 -26.98187637
v -18.60412216 14.40429211 -27.52312660
v -17.74269104 14.46401024 -26.45905685
v -18.51512527 14.03155708 -26.67149162
v -16.98175240 21.16536331 -30.61104393
v -16.37060738 20.62850761 -28.03656006
v -16.69183922 21.37372780 -26.13403320
v -16.11006546 19.74763298 -28.19091034
v -16.01075363 18.35972786 -27.80413246
v -16.23679352 20.47759438 -25.64702225
v -24.78201103 20.52029037 -28.39262772
v -24.27572632 21.27059174 -27.07053185
v -23.78934860 22.07799339 -27.93904495
v -23.60118294 21.38696098 -24.79967690
v -24.13564682 20.77586746 -24.92177200
v -24.56706047 19.90710449 -25.36186218
v -22.32001114 14.43782425 -29.32798195
v -22.98018265 14.84078789 -28.42743683
v -23.79366684 15.43979454 -29.22537041
v -23.56343079 15.35229778 -27.57810593
v -22.77109146 14.39828873 -26.89277267
v -23.47022057 14.95712948 -26.76312256
v -22.07828331 14.36974716 -27.74830627
v -21.97917366 13.98395157 -26.96723557
v -16.36332703 17.02463150 -28.70639610
v -16.68129349 16.17936707 -27.82139969
v -17.33662224 15.50754356 -28.88923645
v -17.09240532 14.97097874 -26.31351471
v -16.52853775 15.74093723 -25.90643120
v -16.13413239 16.43749237 -25.68768311
v -18.82951355 23.16460228 -27.53015709
v -18.05218124 22.71820831 -27.71943474
v -17.36045074 22.14226532 -27.79582024
v -17.93016624 22.54296494 -25.22036171
v -17.23725128 21.97180176 -25.31578255
v -17.91205025 22.10261154 -23.89888382
v -17.18886757 20.95986557 -23.09265518
v -18.71429062 22.96804428 -25.19497871
v -18.68827438 22.53875160 -23.88750839
v -19.68637466 22.65069580 -32.65447998
v -19.09523964 22.69365311 -31.79249763
v -18.33581352 22.21583366 -32.11933517
v -17.71833611 21.48400116 -32.88389969
v -17.23788261 20.63494682 -33.65151215
v -16.69470215 16.71585846 -33.28786850
v -17.04198265 15.81034470 -31.66039658
v -17.19709587 14.99347782 -34.12154007
v -17.92158127 14.06637955 -34.40265656
v -17.61214447 15.11727142 -31.56107712
v -18.26595879 14.25462914 -32.28514099
v -22.07612419 12.72324371 -34.40761948
v -23.35686874 13.41510677 -34.12275314
v -23.61883163 13.94403458 -34.23299789
v -25.47010612 17.13482475 -32.18713760
v -25.21260834 15.87104321 -32.47978210
v -24.51655769 15.32329464 -32.09425735
v -23.52572632 14.27990723 -32.27821732
v -23.35299683 14.61441040 -31.23468399
v -21.85810661 13.57440662 -32.19416809
v -22.68651962 13.81975460 -32.22192001
v -25.34408188 18.51510429 -33.47068024
v -25.02685738 19.89734840 -33.10552216
v -24.59382439 20.89659309 -32.06288528
v -24.59969711 20.57249069 -33.72039413
v -24.03413010 21.44864082 -32.82181168
v -23.25312614 22.43649673 -30.31352234
v -23.36626816 21.86321449 -33.60569763
v -16.76345825 19.97507668 -33.01070404
v -16.43827629 19.23131752 -32.39012146
v -16.59847069 18.96337700 -33.78179550
v -16.43033600 18.20200157 -33.02622604
v -20.16436577 13.21889019 -34.27091217
v -19.60505295 13.03420830 -34.16985703
v -19.80882645 13.11201477 -33.53502655
v -19.52158356 13.32621479 -32.92089081
v -20.04345703 13.55181408 -32.32003021
v -20.76498032 13.29569626 -32.60715103
v -20.39067650 12.97736073 -33.55458832
v -20.61709404 12.83922958 -34.15061188
v -19.94034576 13.90938282 -31.28744888
v -18.99463081 13.78328609 -32.36145782
v -24.35337448 14.28693771 -33.01913452
v -25.43764114 17.02249908 -34.05300140
v -25.57021523 17.41274261 -33.10648346
v -22.57544327 22.47476768 -32.70837784
v -21.70480919 22.93099785 -31.81003189
v -21.33007240 22.61405563 -33.52544403
v -20.82199860 23.03244972 -31.78557205
v -24.77066231 15.25945663 -20.96139336
v -24.52301025 15.93384838 -20.04726219
v -24.09258461 16.73599625 -19.54863930
v -23.49565887 17.55389786 -19.19631958
v -22.84979439 18.30313873 -19.44164467
v -22.87246513 17.51235199 -17.49065590
v -24.77553368 13.99880219 -18.07472038
v -24.12625694 15.05736256 -16.28741074
v -20.86531258 10.35604763 -23.58583832
v -21.71802711 9.75289345 -22.82880974
v -20.50065994 8.12329483 -21.56178284
v -21.56978607 8.33214855 -21.33312798
v -22.57308578 8.79303932 -21.09625816
v -22.60468292 10.16243935 -22.70421410
v -23.38390923 10.75998497 -22.54291153
v -23.43251610 9.43687344 -20.91383934
v -24.06539726 10.87428570 -21.53739929
v -22.56971550 8.37290859 -19.93939781
v -23.49233818 9.06140041 -19.67524910
v -22.59983826 8.23862267 -18.64172363
v -23.48217583 8.97793293 -17.60566902
v -24.20368576 9.79444313 -18.13154221
v -24.19188881 9.87311840 -19.47503281
v -20.25146866 7.07291603 -20.64832306
v -21.46920395 7.60163355 -20.24609566
v -21.49300766 7.13516140 -18.95811081
v -14.79556465 14.05841446 -19.82754517
v -15.28773594 12.54925156 -20.55221558
v -16.32294846 10.63243961 -21.30400658
v -17.25252151 11.18174839 -22.65178871
v -14.43043900 13.41450024 -19.74418259
v -18.92008972 19.83185005 -19.74484253
v -19.26333427 19.04921532 -18.32470322
v -18.34703064 18.94410324 -18.32954788
v -17.49792290 18.66615677 -18.39179230
v -17.63410568 19.23653030 -19.58119774
v -16.90042877 18.72550583 -19.71285057
v -16.73549461 18.21769524 -18.54977608
v -16.08460426 17.62652206 -18.75389099
v -17.41292763 18.57831955 -17.64748001
v -16.19590187 17.71728325 -17.93598557
v -17.21975517 18.73197746 -16.50778961
v -19.11730576 18.94831467 -17.16889572
v -18.25603294 18.82982826 -17.57775688
v -22.04052353 19.23679352 -19.87604713
v -22.06301117 18.37936592 -18.62813568
v -20.69413757 18.86479568 -18.43444824
v -20.71830940 19.65881920 -19.65078926
v -20.55845833 18.73623276 -17.01614189
v -21.90980530 18.16353035 -16.91410065
v -24.52949905 11.91223621 -21.42058563
v -24.84489441 12.39844322 -20.11119843
v -24.84692764 14.80862522 -21.85120773
v -24.89986420 12.92851734 -18.24539566
v -24.83361816 11.80546570 -17.78966522
v -24.64993668 10.82986641 -19.26775742
v -24.63013458 10.75477123 -17.95323181
v -18.04820633 10.55218410 -22.89460754
v -17.49012947 9.30395699 -21.71955490
v -18.67115974 9.37194252 -22.43603706
v -19.62672234 8.91360664 -22.32800102
v -17.92500496 7.86599255 -21.38452530
v -19.02572823 7.28471899 -21.12806511
v -24.09370232 19.53238106 -23.14564323
v -22.86898994 20.86007309 -22.60012817
v -21.05254936 12.60828495 -25.64997101
v -21.91182137 12.85315895 -25.63527870
v -22.68430710 12.53095245 -24.85618210
v -23.41134644 13.57688046 -25.17233467
v -23.99838638 14.27530003 -24.97438049
v -21.83604050 11.38691521 -24.24518204
v -16.46323776 14.71315002 -24.44598007
v -17.67317772 13.39814949 -25.05342674
v -19.50267792 21.80970955 -22.25538254
v -18.65815353 21.54766846 -22.24016380
v -17.85512352 20.95333672 -22.05995560
v -22.09500313 21.30777168 -22.38308525
v -21.25026512 21.59329987 -22.21288490
v -20.37087631 21.70062256 -22.09065819
v -24.71307755 16.19835091 -24.67421150
v -18.86361122 12.80368328 -25.38240051
v -20.16542053 12.54446030 -25.59441376
v -20.05198860 11.12666416 -24.22274971
v -15.88132572 21.28871536 -9.15198994
v -13.48952961 21.88955879 -9.03545094
v -13.28590202 21.79928398 -7.72067404
v -18.58802223 19.90040207 -9.03052711
v -18.85806084 19.35700607 -8.38507366
v -17.03760529 20.85236359 -8.61619568
v -21.09545517 12.27938938 -7.91902208
v -21.09118843 13.74547482 -7.49121618
v -20.20331001 13.19645691 -6.30830288
v -20.54175568 14.89604187 -6.86479902
v -20.83637428 15.61699963 -7.63020229
v -20.56137848 16.55831718 -7.79827023
v -19.55607796 14.14993954 -5.56646538
v -20.19251442 17.45742607 -7.98906136
v -19.34760666 18.27726746 -7.52083826
v -24.09376144 14.14878750 -15.23325062
v -23.38755035 16.07660484 -15.18958187
v -20.24675179 18.84066772 -11.58744240
v -21.91170883 15.49144173 -10.20063114
v -15.47680855 18.34425926 -15.82150936
v -14.47801781 17.64037132 -16.02064705
v -14.80915165 16.54749489 -17.67096710
v -13.85697174 17.39302254 -16.12908936
v -14.23282814 15.94241905 -17.97408485
v -14.21134186 19.13631630 -13.81501484
v -15.77269840 19.56245613 -14.11368847
v -23.67138672 9.49538040 -16.06006432
v -24.46088219 10.79121304 -16.60668564
v -23.13169289 10.22080421 -13.43076897
v -23.78007317 11.28389740 -14.06092930
v -24.30353165 12.01649189 -15.38239479
v -24.25537300 13.09913921 -15.26489353
v -22.62519455 13.33808899 -10.75632381
v -20.57719040 18.84715271 -15.14177227
v -18.74841499 19.28682137 -15.48305607
v -19.10540390 19.72870064 -11.89988804
v -17.30595398 20.31314659 -12.28663731
v -14.50949001 21.05507088 -11.13288498
v -14.21795082 20.15757370 -12.54532814
v -15.17609406 16.10177040 -19.20340538
v -15.21316719 15.31827927 -20.24830818
v -14.91289330 15.20853329 -19.47977257
v -14.99430752 16.20214272 -18.45119476
v -14.57681084 15.44013691 -18.74451637
v -14.27674770 14.60240364 -19.10145378
v -18.51398087 20.27717400 -34.03532410
v -18.29300117 21.32828331 -33.94188690
v -16.86462021 18.82171822 -34.12830734
v -22.35806084 17.08259010 -34.29340363
v -20.87004471 13.54109097 -34.43088913
v -23.83131790 14.40176487 -34.39003372
v -24.99842072 18.40652466 -34.21140671
v -25.11114120 17.03008080 -34.28429031
v -25.35011864 15.98541641 -34.32125854
v -23.59262657 21.00546074 -34.02437973
v -23.25315285 21.56610107 -33.96453094
v -24.81613541 19.57919693 -34.12799072
v -21.32770348 22.27186394 -33.89191055
v -22.17909050 9.04665470 -12.70586586
v -21.20000076 9.00173473 -10.23632240
v -21.71492004 8.12582207 -12.27204323
v -22.63891220 8.20207596 -17.10465050
v -22.60584259 8.33446598 -15.48089695
v -21.97559357 7.38656569 -15.63108635
v -21.94873619 7.69842482 -13.90295887
v -21.53555679 6.44909239 -15.78875351
v -21.60759735 6.69407177 -14.01828671
v -21.76631737 7.16233444 -17.35710716
v -21.10299873 6.10658407 -17.51614380
v -18.82782745 13.07096577 -5.05378294
v -21.51881790 -16.91044235 -19.44556808
v -21.31631851 -14.99654293 -18.37806511
v -23.55116081 -9.15971851 -28.21957207
v -22.86915970 -8.53581524 -27.29121971
v -23.36879539 -9.07014179 -25.99869347
v -22.18091774 -8.06714439 -27.31697083
v -21.42283630 -7.75092793 -27.35176659
v -20.62412453 -7.59857941 -27.39730644
v -21.86384583 -8.11244678 -24.41338158
v -21.13164520 -7.77088642 -24.49163628
v -21.24881744 -8.75069904 -22.29445648
v -20.46108627 -8.48244381 -22.21575356
v -20.06188774 -7.87568188 -23.17521286
v -20.35963440 -7.59299707 -24.59990883
v -22.81901360 -8.91700363 -24.36440849
v -22.33399200 -9.74953651 -22.33391190
v -23.25764847 -15.07321358 -26.82431221
v -24.35714149 -13.19566727 -27.29660606
v -24.31306267 -12.42532730 -25.98298645
v -23.82373619 -13.61058426 -24.44624138
v -23.19462013 -14.75459480 -23.62462425
v -23.29138565 -13.69370937 -22.43922234
v -22.29304695 -15.88029099 -24.85161591
v -17.28114510 -15.04691696 -28.95745850
v -17.81757545 -15.48331928 -27.91984940
v -17.09622383 -14.75891304 -26.76980972
v -18.40878296 -15.89464188 -27.27627754
v -19.27534103 -16.25675201 -27.91155624
v -19.95973206 -16.38171196 -27.18999863
v -19.05079460 -16.15474892 -26.43556976
v -18.03769875 -16.08807945 -25.89347649
v -18.44540215 -17.05605698 -25.14479256
v -19.54401779 -16.64649773 -25.70979309
v -17.61967468 -15.33955383 -26.46305847
v -16.59120560 -15.30785179 -25.44580460
v -17.17927170 -15.91629887 -25.51273537
v -17.58716965 -8.71939278 -27.62584305
v -16.83250999 -9.69062805 -27.80020332
v -16.21291924 -11.21188927 -27.25652122
v -15.82603741 -11.10188675 -24.93992805
v -16.33706093 -9.92040825 -24.41983414
v -15.49553585 -12.17230320 -24.62824059
v -16.45370483 -9.68797493 -23.31546402
v -24.45772362 -11.47701836 -27.16977119
v -24.26964378 -10.62833118 -27.13390923
v -23.93467903 -9.85206699 -27.28270149
v -23.92218590 -10.99798679 -24.51220131
v -23.50487328 -11.22198105 -22.98394775
v -23.19138145 -12.58719349 -22.10882568
v -20.89568520 -16.40887833 -27.97170830
v -21.55458641 -16.20035362 -26.98312569
v -22.42700386 -15.84915543 -27.66718292
v -21.15018272 -16.56855965 -25.14168549
v -20.63547325 -16.34085274 -26.22861099
v -19.99735260 -17.21968842 -24.89865494
v -16.22244453 -12.56114006 -27.91883469
v -16.30936050 -13.31045532 -27.00025558
v -16.74618530 -14.20656300 -28.00910950
v -16.55370903 -14.02407932 -26.31307983
v -15.75052166 -13.83381462 -25.12230682
v -16.10761642 -14.60814381 -25.31083298
v -16.02267456 -12.40180016 -26.02481270
v -15.53850842 -13.01767254 -24.88764763
v -19.81389236 -7.61942005 -27.44936180
v -18.91195297 -7.77084684 -26.10410690
v -18.27862358 -8.13390541 -27.40400887
v -17.81423187 -8.37525177 -24.10259056
v -18.55072403 -7.99732924 -23.56353760
v -19.57403564 -7.59004831 -24.72460938
v -19.00853348 -8.18988514 -22.68707085
v -20.71262169 -8.18195915 -33.47925949
v -19.87978554 -8.18656731 -32.61701202
v -20.71530724 -8.11444759 -31.76161003
v -19.07341194 -8.34755230 -32.27181625
v -18.31477547 -8.71570587 -32.26123047
v -17.63002396 -9.28091812 -32.57719803
v -16.18579292 -12.62668991 -33.06544876
v -16.21675682 -13.60418510 -32.62675476
v -16.45370483 -13.94803715 -31.02809525
v -16.27544785 -14.26337147 -34.05342102
v -17.27095413 -15.51638985 -31.32136345
v -16.98463440 -15.79502010 -32.00643158
v -16.52253342 -15.16945839 -32.03544998
v -16.78889275 -14.83126926 -31.34232330
v -16.00124168 -14.99080563 -32.50821304
v -20.20446777 -17.22598076 -31.68432999
v -19.44896507 -17.34251976 -32.09774399
v -19.39830589 -16.76798630 -30.89938927
v -18.95471382 -17.55953598 -32.61079788
v -18.57589722 -16.66840553 -31.80289650
v -24.03901482 -16.75924492 -34.30082321
v -24.74048615 -15.42810345 -33.91839981
v -24.48805618 -14.72373486 -33.99475861
v -21.88828087 -16.85261345 -31.73433113
v -22.60731506 -16.25222397 -30.81555367
v -23.29949379 -15.82087708 -31.24458313
v -20.99267387 -17.20399475 -31.71566200
v -24.71826363 -13.36236572 -33.60749054
v -24.67231750 -11.93466949 -32.15588379
v -24.58210754 -13.12331104 -30.92058563
v -24.47752380 -11.08772087 -32.18310928
v -24.13435745 -10.34011745 -32.54686737
v -23.64286995 -9.58801079 -32.23031998
v -17.07271194 -9.87696266 -32.22900391
v -16.62614441 -10.67809677 -32.53178024
v -16.34556580 -11.44810772 -32.19092941
v -15.91213894 -14.94304276 -33.99383545
v -16.43985558 -15.03504086 -34.35706711
v -16.52624702 -16.33374405 -34.39827347
v -18.52154922 -16.95161629 -34.25058746
v -18.82566833 -17.63489342 -34.10118484
v -19.40237236 -17.53160095 -34.44507599
v -20.20480919 -18.13657188 -34.45225143
v -17.89351463 -16.00034523 -30.89017296
v -24.26603699 -14.39386559 -30.94462585
v -24.49579620 -15.15376568 -32.30612946
v -24.13936043 -15.67316246 -32.03015518
v -23.82062721 -15.10579109 -30.76073265
v -23.48270226 -16.56808472 -32.16791534
v -24.66818237 -14.58460426 -33.01041794
v -23.03292274 -9.04173088 -32.59241867
v -22.32091904 -8.58644962 -32.60824203
v -21.53792572 -8.28420067 -32.61659241
v -17.72057343 -20.06038666 -21.59685516
v -18.32343864 -20.17142296 -21.19820976
v -18.17181969 -20.96004295 -19.06464386
v -19.52195358 -19.80124283 -20.72428513
v -20.75860214 -18.66765785 -17.50368881
v -20.18998718 -18.88746643 -16.84466171
v -19.69581413 -19.96114731 -16.79610825
v -19.30061722 -20.47084427 -17.16292572
v -18.88796616 -20.69582176 -17.56448746
v -16.56329346 -21.40632629 -19.51958466
v -17.12961197 -21.47773552 -18.91092682
v -14.83248043 -18.49283600 -21.96318436
v -14.66477108 -16.62767792 -22.67878342
v -15.83571434 -18.43595505 -22.62771606
v -20.91818428 -19.55486679 -18.74241066
v -20.68891144 -20.12928009 -18.25723076
v -21.12996101 -19.18950272 -18.27456856
v -19.19045067 -20.71256828 -18.09789085
v -18.81908607 -20.71796608 -18.67574120
v -20.61948395 -18.97348022 -20.19479179
v -20.94670677 -18.75835991 -18.68507576
v -20.45329285 -20.26724052 -17.67762947
v -20.52720261 -19.78520584 -17.22534943
v -15.95266151 -20.27079391 -21.14488983
v -16.94492912 -18.62697792 -23.18463898
v -17.13801003 -19.79739761 -21.93499184
v -16.03415489 -21.15218353 -20.09706497
v -15.14533997 -11.50376987 -23.00064278
v -14.62383652 -13.65429306 -23.45215797
v -16.17886734 -9.79202080 -22.21772957
v -15.52418423 -10.62933254 -22.53759193
v -16.25622559 -16.51718903 -24.38781548
v -17.48549652 -17.10143852 -24.76837158
v -18.84438896 -17.88964272 -24.27935982
v -20.31755829 -20.23422241 -18.92051125
v -21.99170303 -16.75926018 -23.58720016
v -22.11409187 -17.71904564 -22.89621544
v -23.00496674 -15.38706779 -22.77745819
v -22.59394073 -15.90839958 -23.42166710
v -22.71295357 -16.42058182 -23.08948135
v -22.87318230 -16.93141556 -22.61359024
v -21.56894493 -11.19501781 -20.19564819
v -21.07666779 -10.35612679 -20.33140755
v -20.52067184 -9.64983559 -20.61841011
v -19.43358803 -8.60187912 -21.71781731
v -20.27484894 -9.87038040 -19.85556221
v -19.72748947 -9.23160076 -20.31603050
v -19.10556221 -8.81947517 -20.77091789
v -21.45132446 -12.17001247 -19.43961716
v -20.73858261 -10.76351261 -19.40530968
v -17.98725128 -8.65538216 -22.32858086
v -17.66433144 -8.77766228 -21.57894897
v -16.90474892 -9.17040825 -21.91134644
v -18.40527344 -8.68771648 -21.16987801
v -14.92700672 -14.14656925 -23.91784096
v -15.20895481 -14.96113110 -24.12016487
v -15.03064442 -15.78896427 -23.47475052
v -14.63663387 -14.99409676 -23.34604645
v -20.00925255 -18.28328514 -23.31969070
v -22.05777359 -16.80282021 -21.11562920
v -22.29262733 -17.24755859 -21.45129967
v -22.86361885 -16.73612785 -21.85468292
v -19.05384827 -18.97085571 -22.93160248
v -22.59889030 -11.13930225 -21.51364899
v -19.23381805 -8.98679924 -34.33098984
v -19.10903740 -8.72995090 -34.32283783
v -17.12279129 -10.54165173 -34.29682159
v -16.48209000 -11.70941162 -34.26617432
v -19.15811920 -16.14477539 -34.43288422
v -17.57744026 -16.56861305 -34.42226028
v -22.32205009 -16.74134064 -34.38218689
v -21.99349785 -17.15667915 -34.18655014
v -21.07306099 -17.58207512 -34.42215347
v -24.51380539 -13.39093399 -34.24948120
v -22.63432693 -12.49876404 -34.30101013
v -23.53151894 -9.90366173 -34.30619431
v -24.53366089 -12.15281868 -34.25711441
v -22.04078674 -8.86858177 -34.32623291
v -4.67610884 -30.44999886 -24.98771095
v -9.43172646 -30.59789848 -21.95312119
v -9.65965652 -29.28666878 -21.97743797
v -9.38305378 -30.59395599 -22.73833656
v -7.27916336 -30.97985649 -23.90649223
v -7.61448288 -31.36264992 -23.67673302
v -8.05712605 -31.61105347 -23.32105827
v -9.01179314 -28.67901230 -22.77462006
v -8.43620777 -28.47202682 -23.13956261
v -7.97692347 -28.65270805 -23.53417778
v -8.71288872 -29.33519554 -23.61951637
v -12.50312042 -29.70587730 -18.04549217
v -12.34600544 -29.91805077 -18.85070801
v -11.96402836 -30.10312653 -19.41865921
v -13.43448544 -30.62276077 -18.72724533
v -11.48260021 -31.10519028 -20.05225182
v -11.07163334 -31.64359665 -20.12097359
v -11.20202255 -32.18908691 -19.96204185
v -12.51028252 -31.85808563 -19.97615623
v -11.82513523 -32.58717728 -17.85799408
v -11.93922615 -32.05187607 -17.31803322
v -12.39845657 -31.39869499 -17.19404221
v -13.07944393 -32.12802505 -18.13775635
v -12.70462799 -30.20031357 -17.16331291
v -12.75979137 -29.96289062 -17.58757782
v -12.01869106 -30.58863640 -11.97042656
v -12.38829327 -30.28809929 -12.27193832
v -12.51781273 -29.95733452 -12.77479935
v -13.55244637 -31.09829140 -12.71018410
v -12.75320816 -30.45961571 -13.92870998
v -12.47205067 -30.90807915 -14.44652748
v -12.43539810 -31.68675232 -14.58252430
v -13.54412556 -31.55854988 -13.72117233
v -11.41868973 -32.12404251 -12.18683720
v -7.49030781 -30.68237305 -8.51698971
v -8.39149761 -30.70296478 -8.51393509
v -8.47717762 -31.50114822 -7.97373724
v -8.97087574 -30.60812187 -8.85038662
v -9.61528969 -31.64954758 -8.05746841
v -9.18610191 -31.68167114 -7.81901884
v -9.78217316 -31.04918480 -9.55175400
v -9.79918194 -31.44522095 -10.04079151
v -9.68564510 -32.06720352 -10.26349545
v -10.10772419 -32.30475616 -8.91052628
v -7.43851566 -32.16283417 -8.24947071
v -7.66024542 -31.57555962 -8.17087364
v -4.86296511 -30.91537285 -6.92325306
v -5.05531025 -31.32873535 -7.28682566
v -4.93869209 -31.98831749 -7.26849937
v -4.80016708 -31.81722069 -6.20011044
v -4.24985838 -32.96744537 -7.99596024
v -3.69770646 -33.14006805 -7.47577381
v -4.29883289 -32.86907578 -7.20678043
v -3.01658726 -33.15628815 -7.27355480
v -3.89384270 -32.99214172 -6.35285378
v -4.07020473 -30.54033279 -6.60802317
v -3.51753950 -31.30318832 -5.71061850
v -12.09478569 -32.44947052 -19.61300468
v -13.12636471 -31.80884743 -19.64570618
v -12.26935768 -32.63188553 -19.15311432
v -13.39862251 -31.77690887 -19.12515068
v -6.20969486 -45.18506241 -14.34312630
v -7.98184681 -41.10053635 -11.48865700
v -8.27443218 -41.44849396 -12.39076805
v -7.67293692 -42.62612915 -11.95955276
v -8.22745800 -41.31568146 -13.00426960
v -7.01809549 -44.22908020 -13.75845623
v -7.43322325 -43.85049820 -12.90071201
v -7.17518377 -43.88188553 -12.28699970
v -8.62389183 -39.60996246 -9.61176109
v -8.17806244 -39.84841156 -9.41630936
v -7.56827259 -39.85238647 -9.14505196
v -9.52275372 -35.59486389 -14.13243389
v -10.37561131 -34.17412186 -16.73718071
v -10.00306606 -33.96471786 -18.87023926
v -7.67777491 -39.94804382 -20.27772141
v -8.49982166 -38.40074158 -19.46611977
v -7.93353033 -40.93174362 -13.30687428
v -9.06656075 -37.65302277 -12.45909595
v -8.42262077 -38.04492569 -13.08902836
v -8.29745007 -39.65094757 -18.62468910
v -8.00417519 -41.69181442 -16.33045197
v -7.90580416 -40.53172684 -14.59902000
v -8.61538696 -39.64509964 -15.76738644
v -8.39698315 -40.96940613 -16.34404755
v -8.22701168 -41.01016998 -16.07089043
v -8.67955399 -40.21926498 -16.19039917
v -8.19333363 -41.41565704 -16.26781082
v -8.12985134 -41.33623505 -15.69510078
v -8.09836006 -41.30491257 -16.08847427
v -8.33896828 -40.87901688 -15.64219761
v 0.04597317 -50.63451767 -16.01909447
v -19.24722099 11.11918640 -5.89299059
v -17.00691032 14.28369904 -3.89913511
v -15.64046001 16.82986450 -3.84047055
v -14.04840851 18.97306633 -4.42658901
v -15.77569389 -16.34601402 -4.14664221
v -15.22928143 -15.42254829 -3.50459790
v -16.12230873 -13.97742081 -3.74681282
v -16.34085274 -15.80528927 -4.48841333
v -14.71320248 -14.02481651 -1.95920455
v -16.89666557 -13.78220654 -4.78465843
v -17.23940849 -16.16280556 -5.04667377
v -17.50071335 -13.86088276 -6.01584911
v -17.30054855 -15.56863022 -5.90036345
v -18.49585152 -13.04784679 -7.58573008
v -17.64242554 -14.76965523 -7.07249451
v -13.73570728 -20.71056747 -6.54904318
v -13.45568180 -19.74355125 -5.13806677
v -12.55725574 -22.14737320 -6.64414883
v -13.73057270 -17.57964134 -3.43915343
v -14.42778015 -16.58283043 -3.43729687
v -15.33049679 -17.20460129 -4.23827267
v -14.70288086 -20.98556328 -8.49413395
v -14.11971188 -21.02990532 -7.50157738
v -14.47949219 -21.67500305 -9.26654148
v -15.88291168 -20.02102280 -9.77558994
v -15.28615570 -20.66801834 -9.33439541
v -16.31231117 -20.08116150 -7.77620554
v -17.10980988 -16.97341919 -8.34639359
v -17.69816589 -16.15956688 -8.76822281
v -9.19157791 -16.67188072 0.76695663
v -10.23621750 -15.46351814 0.89023632
v -10.89800930 -17.38501740 0.24218851
v -8.19164848 -15.34913826 2.12024236
v -11.62683964 -14.90483665 0.28905693
v -11.74616909 -17.09696198 -0.11332674
v -12.85950470 -14.67223167 -0.58101022
v -12.54432774 -17.31484604 -0.63285512
v -13.51305580 -15.76632023 -1.83144867
v -9.81303215 -21.95700455 -4.11773157
v -10.34872723 -22.56158066 -5.20244551
v -7.27955818 -23.14804077 -3.93115306
v -8.52299309 -21.79064751 -3.22012258
v -12.07898808 -20.60492897 -4.01541090
v -12.16219234 -21.02369118 -5.09212017
v -11.27927589 -21.62150002 -4.88453007
v -11.59418964 -21.10057640 -3.36304498
v -12.67479610 -19.96575546 -2.93061805
v -7.78447294 -20.91183853 -1.91302073
v -9.53419209 -20.47717285 -1.34543920
v -7.60882187 -19.55618286 -0.54396313
v -8.30160522 -17.87213326 0.39153546
v -3.18378639 -18.48984718 2.40071535
v -2.46664715 -17.51403809 2.90183878
v -4.04109621 -15.89501095 3.44871140
v -4.08086872 -18.52960777 2.56270099
v -6.50062084 -16.54860115 2.15231299
v -4.19798708 -22.70089531 -2.21176744
v -4.11586189 -22.25798798 -0.43869349
v -4.03992462 -23.41532135 -2.94180846
v -2.55132627 -22.39783096 -1.37477136
v -6.42634249 -22.08112526 -2.47075462
v -6.32581234 -21.17822456 -0.25264177
v -7.25712442 -18.28878784 0.63045901
v -2.82800770 -19.33390045 1.86715293
v -2.53313184 -7.29509354 6.97809935
v -6.18468046 -7.11099005 5.89391232
v -5.35242462 -8.80267620 6.42913342
v -8.43868256 -4.82117891 5.39381599
v -6.25066519 -8.77186871 5.77818918
v -2.26653481 -14.34036160 4.74245024
v -7.03921270 -13.90601254 3.39063931
v -5.70446396 -13.81564617 4.24964762
v -7.98511171 -10.67757034 4.27381897
v -7.84055758 -12.58479786 3.62145305
v -7.86786175 -8.86684322 4.83558178
v -6.78717661 -9.71703148 5.36121845
v -1.36918926 -9.57358170 6.73219824
v -2.54916716 -10.35875988 6.84189177
v -1.68241763 -12.98960400 5.48865843
v -9.73103905 -6.52276516 4.41029024
v -10.81269836 -7.52674961 3.80255461
v -11.79559135 -5.45190144 3.43621755
v -13.32042122 -5.42983627 2.25737190
v -15.36219883 -4.43754244 0.63846350
v -9.93710232 -13.76451302 1.97495031
v -11.17353249 -12.74409771 2.18164515
v -10.08344746 -12.69259548 2.58566141
v -14.36950970 -11.95323277 -0.62356043
v -14.98893642 -8.44710827 0.05144991
v -13.95951653 -10.88710880 0.78064853
v -8.91479111 -12.26783085 3.22623134
v -9.61939716 -11.76101971 3.25772262
v -16.29998779 -6.02032518 -0.73062044
v -17.00999260 -4.41763639 -1.36308062
v -17.90525818 -4.18542719 -2.61812687
v -18.68853760 -4.31247234 -4.08350182
v -18.68027115 -6.08025360 -3.60728717
v -20.28049088 -2.88087964 -7.39050865
v -19.14379311 -5.39513254 -5.19249249
v -19.01603889 -6.54261827 -4.42985392
v -15.82477379 -12.23117828 -2.30055404
v -18.34429359 -11.56543636 -6.21980572
v -17.80546379 -12.28152275 -5.45485020
v -18.13786125 -11.49192142 -4.71190691
v -19.42027855 -7.06144238 -6.42421675
v -19.15906525 -7.48283005 -4.97742414
v -19.06058884 -8.52099133 -6.15682268
v -18.78253937 -10.19119167 -6.35019445
v -15.69196224 -10.88379097 -1.51179564
v -16.53917503 -10.36234093 -1.70822155
v -15.74946880 -9.20484924 -0.95400894
v -15.93767929 -7.47461510 -0.64172846
v -2.06125522 2.58875513 8.13651943
v -5.69015312 2.77376676 7.14876127
v -4.81849289 1.11552060 8.03687763
v -7.38372183 4.02973461 6.46731281
v -5.72268438 1.04658723 7.42521858
v -1.45955575 -4.58994389 7.78278780
v -6.92791319 -3.48097944 6.29013443
v -5.39829206 -4.84166384 6.63561773
v -5.08169317 -3.98476219 7.16433573
v -7.47611570 -0.89824080 6.42278814
v -7.37353182 0.91527671 6.54999065
v -6.24181795 0.12554413 7.23279524
v -0.70313138 -1.50021017 8.35700512
v -0.76021600 0.21843836 8.43883991
v -0.89523917 -3.20801044 8.12213612
v -1.60605907 -2.70825648 8.31034660
v -9.48806000 1.60532176 5.75617695
v -9.23497105 3.09921265 5.66320372
v -10.38677502 2.28117466 5.30613518
v -11.21155357 4.81636000 4.50263166
v -12.66576385 4.54004717 3.53292966
v -14.63747597 5.26590204 1.86831141
v -10.97041893 -3.05797911 4.87915850
v -14.64432240 -2.30800557 1.66980541
v -13.21246624 -3.84099722 2.68792915
v -14.45516300 1.71373785 2.33067608
v -8.45874596 -2.52689147 5.80430937
v -9.47189331 0.41080946 6.00410557
v -16.70094872 2.96492672 0.40738648
v -15.82888126 3.73915052 0.81508893
v -16.36439133 5.06889677 -0.03749473
v -17.76607323 3.33755684 -0.20279801
v -17.24535942 6.22962713 -1.33448553
v -18.36846542 3.62766719 -1.03605509
v -18.24844933 5.54405832 -2.92722130
v -19.10906410 3.44245791 -1.83321285
v -18.99792290 4.54939461 -4.07892036
v -16.24701118 -2.59366584 -0.03212329
v -19.29387856 -1.09872174 -3.77137923
v -19.23563576 -1.88526833 -4.75645828
v -18.71049881 -2.61367702 -3.72314167
v -19.26986504 -1.40052259 -2.59608817
v -19.55376053 2.57353616 -5.20056295
v -19.48082542 1.39931142 -4.92528963
v -19.47640228 -0.36820659 -5.02081728
v -19.92870903 0.18023270 -3.22528338
v -15.89765644 -1.22890007 0.62234920
v -17.42988396 1.83123791 0.71226805
v -0.90819377 11.40081787 6.87533140
v -2.46841788 12.74334717 6.09832954
v -4.64636993 12.43913746 5.64793205
v -4.04374266 11.15984058 6.91403723
v -5.85960340 13.88421154 4.78710699
v -4.82123137 10.99806595 6.34229517
v -1.06280684 5.16542435 8.19596672
v -6.03349066 5.59534979 6.81961584
v -4.68547106 5.80136013 7.54454899
v -6.77374125 9.47463894 5.75623655
v -5.39565897 10.04879570 6.43992901
v -6.70844793 6.97923183 6.33903027
v -0.60328585 6.58295679 8.08084965
v -0.49354008 8.33151722 7.78647423
v -1.54923773 9.57637310 7.96831322
v -7.57877874 13.09105587 4.34359503
v -7.67121172 15.09536457 3.48884559
v -12.32104492 15.80729008 -0.11019342
v -11.30265713 12.45256615 2.73353386
v -9.06150532 5.70320034 5.54158306
v -12.06066132 6.91630173 3.86395741
v -8.42462158 8.01470757 5.64611530
v -12.39105797 11.94317436 2.05890536
v -16.22647285 6.94726658 -0.05403031
v -16.90006065 8.75859833 0.08541635
v -15.25624466 7.33379889 0.92125374
v -15.84299469 8.64095402 0.61992675
v -18.29552841 8.10296726 -3.62118959
v -17.88740540 7.35391569 -2.59672022
v -14.62820721 8.88403702 1.23227036
v -15.26761913 9.70449734 0.93125933
v -13.46281719 14.56274986 -0.31615105
v -17.76417732 11.78324223 -2.26063681
v -17.65653801 11.73100281 -3.60918283
v -18.06424141 10.57187843 -2.28359699
v -14.75138187 15.92214489 -2.45500898
v -15.90155411 14.95449638 -2.95797539
v -16.82786369 13.55234051 -3.31849360
v -16.96962738 13.00635052 -2.56807256
v -10.25220680 18.36519623 -0.15456699
v -8.53068161 20.97761154 -0.54067177
v -7.27460814 22.99742889 -0.17451897
v -8.70104027 22.41938210 -1.89208138
v -9.26709461 21.60549164 -1.50684547
v -9.30353546 22.13315582 -2.06547475
v -8.19238663 23.72241402 -2.18053913
v -8.77418613 24.21305847 -3.91008854
v -13.14516449 17.34886551 -2.02189755
v -13.88263130 18.17440796 -3.41180897
v -11.51977921 21.29410553 -4.61801243
v -11.15467930 21.51049042 -4.01941299
v -13.22047043 19.32231522 -4.00119257
v -8.58081532 17.26779366 2.22640705
v -4.96944618 21.26177216 2.48865938
v -3.70544744 21.52270699 3.33966327
v -6.18454885 22.48597908 1.18842340
v -4.50417185 18.65729713 3.48630476
v -2.64874935 14.08674622 5.59082127
v -3.91366959 15.72671890 4.87241793
v -4.50168371 15.13744068 4.75129747
v -3.28536963 15.43729401 5.37870216
v -0.28511390 19.17350769 4.82460165
v -1.65255880 20.84798813 4.29156590
v -2.84596515 20.44997406 3.86644578
v -4.44215202 26.05893707 2.68073273
v -5.09680033 25.91860199 2.46086764
v -3.18441820 -25.80800629 -3.11414194
v -2.24726081 -24.59769630 -3.25551081
v -4.02589035 -24.10541916 -3.45849299
v -3.81103325 -25.54138374 -3.02780414
v -4.39109516 -24.76463127 -3.52913809
v -5.30634594 -25.24906158 -3.62282205
v -6.31133080 -24.33691788 -4.40952682
v -5.94839001 -25.10735130 -4.38846207
v -4.23516607 -28.31604576 -5.36795902
v -3.60125732 -28.51863289 -6.44079781
v -3.48595595 -28.25896072 -5.11534405
v -3.41337585 -29.34763718 -6.85185766
v -1.96204829 -28.15390205 -5.86739731
v -2.56733513 -27.92777443 -5.30160618
v -5.60135317 -27.84994125 -6.17704487
v -5.80936480 -28.13273239 -6.93641806
v -4.91075516 -28.18265533 -6.10995436
v -6.42181349 -29.08526611 -7.72496605
v -6.22939014 -26.54805374 -5.60872602
v -6.63265562 -26.03405380 -5.89742088
v -5.98562145 -27.42865372 -5.47275496
v -6.16714430 -26.08858681 -4.62054014
v -2.17964411 -26.71119690 -4.40805244
v -1.70487761 -26.72641563 -4.79595375
v -2.69072008 -26.24077606 -3.56705403
v -2.23915100 -27.40811539 -4.88558340
v -9.20698166 -25.31886292 -5.15586662
v -8.01070499 -24.16250420 -5.10170460
v -8.92848301 -23.61346054 -5.13361740
v -9.66442204 -24.79601669 -5.23841286
v -10.44270134 -23.30502319 -5.82984972
v -10.11293697 -24.14976120 -5.67349911
v -10.82091331 -24.12406158 -6.23802614
v -11.88802528 -24.02321625 -7.68412733
v -11.28833389 -24.37041092 -6.82962132
v -9.76021290 -27.79201508 -7.44781017
v -9.39995861 -28.15274429 -8.85749626
v -8.12982464 -28.26807213 -8.07389832
v -9.35851383 -27.79607010 -6.83088541
v -8.99807549 -28.86977768 -9.13141251
v -7.43006372 -28.00329208 -7.58478212
v -8.87042522 -27.60712051 -6.55262375
v -10.58457088 -27.21453285 -8.52236080
v -10.51000214 -27.61412621 -9.41191292
v -10.32968998 -27.60685921 -7.77583647
v -10.79500389 -28.62227058 -10.49441433
v -11.23946381 -25.81911850 -8.05694199
v -11.51232147 -25.22838593 -8.45124149
v -10.97542095 -26.59576416 -8.42346287
v -11.49550247 -25.35559654 -7.12720966
v -7.32895422 -26.44610023 -6.49340677
v -8.58906269 -26.66862869 -5.97294998
v -14.71425629 -23.76122665 -11.32024670
v -14.82031536 -22.79447365 -11.29044056
v -14.47664928 -23.84453583 -12.48179340
v -14.85091114 -24.84662628 -11.71183395
v -13.74797726 -25.32025909 -13.49462414
v -14.50646877 -25.94252968 -12.04596996
v -13.08631611 -26.84132385 -13.66119099
v -12.54377460 -28.31567764 -14.87571526
v -13.52769566 -26.65221786 -12.50849247
v -11.73163509 -27.36061478 -10.58320141
v -11.79272175 -26.51435089 -9.82898903
v -12.87216949 -23.30539131 -8.15046787
v -12.41960049 -27.61991882 -12.07066727
v -12.04570580 -27.61591530 -11.27832794
v -12.10408115 -28.33386993 -12.75581455
v -12.69091034 -27.50143051 -12.88154316
v -13.33179569 -26.96091652 -12.09699821
v -13.92007351 -22.66874504 -9.30187702
v -15.18723106 -24.11034393 -10.40991974
v -2.18762136 -33.64190292 -7.91007233
v -2.34147167 -32.98845673 -7.04648018
v -0.79381382 -32.94901276 -7.36055088
v -1.99867404 -32.68457413 -6.71395111
v -4.37255859 -33.41401291 -8.51024818
v -4.85188007 -34.48661423 -9.04360008
v -2.11318564 -30.35176659 -6.59454203
v -1.69874263 -29.88403130 -6.67353392
v -2.99610209 -30.42085838 -6.40101242
v -5.41861916 -30.04190826 -7.66946125
v -5.50387430 -31.60865974 -8.29912376
v -4.69695091 -32.54080963 -7.40112638
v -1.84411371 -31.66084290 -6.34442854
v -0.73299021 -31.72806358 -7.03736973
v -1.61901367 -30.80633736 -6.62634945
v -1.62901926 -32.16378403 -6.64167404
v -8.14272690 -33.56698990 -9.60396767
v -7.38919878 -34.05910873 -10.30694103
v -6.58622169 -33.94736481 -9.74915409
v -7.64270926 -33.46272278 -9.21211624
v -6.94534445 -34.59338379 -10.19998646
v -5.96871758 -33.56883621 -9.26519871
v -6.79117870 -33.18272400 -9.12522507
v -8.86002350 -33.21716309 -10.72370148
v -8.83980179 -33.71976089 -11.35205364
v -8.17279625 -34.02193069 -10.88768768
v -8.36679935 -33.53945160 -10.39836025
v -9.23770905 -35.06588364 -12.12027454
v -7.02478361 -30.06318283 -8.44610786
v -8.42140961 -29.63275719 -9.08651924
v -9.52150059 -30.83877754 -9.13270283
v -9.93725967 -29.85201263 -10.27397537
v -10.11941147 -30.77390099 -11.12448502
v -9.46968174 -32.96496964 -11.62073135
v -9.43197632 -32.67517471 -10.36518383
v -6.04649782 -32.28864288 -8.77271175
v -7.13568830 -32.67955017 -8.56712246
v -0.00563474 -35.28142929 -7.78810644
v -3.43171501 -35.18700409 -8.70362091
v -2.69872475 -35.83842087 -8.12387371
v -3.22675776 -35.96628571 -8.61504459
v -3.63904190 -37.03227615 -9.27212334
v -3.94092155 -37.64501953 -9.48824501
v -3.23939657 -40.20266342 -9.97991562
v -2.01801062 -39.36468887 -9.41235065
v -3.37768459 -36.59095001 -8.83695793
v -1.83682013 -38.81030273 -8.97798443
v -0.34487772 -39.25626373 -8.94341278
v 0.11823739 28.33412170 5.79314518
v -0.35265839 28.60587883 6.07592249
v -0.45499212 27.80762863 5.74045753
v -0.05476757 27.51322746 5.41114140
v -3.61227012 37.05570984 -2.85975266
v -1.56150770 38.98162079 -2.19972110
v -5.04721975 34.85583878 2.25805640
v -0.81928867 27.62289429 5.35906935
v -0.92999548 27.86468697 5.69203568
v -1.69516826 27.99982452 4.96192074
v -0.81938076 37.71686554 -4.34208107
v -3.81978130 30.89248085 4.43209171
v -7.12258196 28.07798195 -0.79925442
v -7.87045860 27.91464233 -1.21170616
v -6.97686195 27.30819130 -0.22550811
v -5.49622869 24.06759644 1.89265406
v -5.59067631 24.52938271 2.18317223
v -0.79465640 33.57447052 -9.20013618
v -2.37388468 34.44561768 -7.52182579
v -2.22713327 23.20955086 4.17969179
v -4.32474232 31.62416458 -9.20326900
v -4.83630562 33.41676331 -6.46495628
v -1.27239811 25.15876007 4.49450874
v -1.72936499 24.78287888 4.73772383
v -6.35185337 31.85027885 -6.16502476
v -6.26360989 31.43062210 0.31803370
v -5.92628574 32.75249481 1.38958228
v -5.58507442 32.99582672 1.83403563
v 0.27354822 35.91594315 -6.96061611
v -1.63629973 29.27834892 5.33778429
v -0.98708016 29.94717216 5.83690643
v -0.82989329 29.51501465 6.00128174
v -3.50799942 28.75843811 4.17543316
v -4.58186197 29.42241478 2.95283127
v -6.33901739 32.70923233 -3.54895163
v -6.52854061 31.47336578 -1.72802591
v -4.72781086 37.21232605 0.33940098
v -4.30878592 37.89565659 0.02055095
v -2.71227312 30.56161499 5.15131092
v -5.91340780 30.88041878 1.45764577
v -2.79535794 22.65144539 3.62413859
v -2.40171266 24.92093658 3.86121392
v -0.18325907 25.96188164 4.79928827
v -2.04807019 26.05798912 4.09421825
v -2.71942067 26.94385529 3.99160814
v -3.91166830 23.56424713 2.99096775
v -6.42501259 24.44904709 0.41962358
v -5.86780548 25.90087509 1.15959799
v -3.67913842 26.93308640 3.27396202
v -5.71357441 27.73176956 1.18182099
v -7.85361385 27.56421852 -2.91012287
v -8.23088169 26.61414337 -4.62285709
v -8.38891697 25.56918907 -4.27187061
v -7.25354338 24.45287895 -0.79097009
v -7.96762848 24.63276863 -2.30737352
v -6.50362301 29.53121376 -0.68920249
v -7.28377104 28.77604103 -2.54437494
v -7.32590008 28.41499519 -2.05504775
v -6.00568533 28.56771469 0.63074368
v 0.10950882 29.88219643 6.22338009
v -3.19799161 31.95702362 5.10283661
v -3.71345687 33.87729645 5.06270218
v -4.37972069 30.77142334 3.48363876
v -4.85611963 32.58443832 3.15170264
v -4.84024191 33.69753647 3.04734135
v -6.37378693 31.12946701 -0.90629798
v -1.51399910 -43.30097580 -10.30281353
v -0.47795239 -43.54411697 -9.89555264
v -0.66787475 -42.74915695 -9.33863449
v 0.79130912 -43.59693146 -9.79750729
v 0.03833730 -43.37170410 -9.44108677
v -4.37037468 -41.92774963 -10.71229553
v -4.27071190 -43.34863663 -10.87167931
v -3.74346876 -43.17317200 -10.90885735
v 1.29880774 -46.24445343 -11.02320862
v 1.35828841 -47.41481400 -11.66075325
v 2.20880628 -47.46802521 -11.80077076
v -0.04432914 -46.48936844 -11.41155243
v 0.55619037 -47.53331757 -12.04631329
v 0.54406184 -47.12055206 -11.54013252
v -6.80584764 -42.64690781 -11.49337482
v -8.73734951 -38.88069534 -11.56608200
v -9.06140041 -36.91744995 -11.66580868
v -5.38375759 -46.68135071 -14.50824547
v -8.94122791 -36.96874237 -12.68290615
v -0.57372320 -41.56932449 -9.32991219
v -1.86483908 -41.86917114 -9.98719883
v -0.01036107 -41.95396042 -9.00596046
v -6.42392015 -45.52270126 -13.49888897
v -4.88026476 -46.15139389 -13.05400848
v -6.55746889 -44.95785522 -12.70849895
v -4.19219446 -47.15765762 -14.00830746
v -1.86283469 -37.28750229 -7.23906183
v -1.68742049 -37.92738342 -7.39425421
v -2.45751047 -37.49129868 -7.49768066
v -2.60767365 -30.90681458 -6.12333059
v -7.71001005 -33.13616943 -8.60914612
v -8.55145645 -33.10112762 -8.06054878
v -9.25140095 -33.13048553 -9.85731983
v -9.63311577 -33.18495941 -8.99496841
v -8.90162659 -33.39747620 -9.59043407
v -9.18420601 -33.40821838 -8.53215599
v -11.61112022 -33.45887756 -13.77270126
v -10.05237675 -34.06237411 -13.42964077
v -11.23588276 -33.51459122 -13.30235863
v -9.89755344 -33.81002426 -12.69185829
v -11.35624027 -33.24036026 -12.76663685
v -11.88851261 -32.89803696 -14.63902950
v -10.73539162 -33.28646469 -15.67121410
v -11.51330185 -33.29931641 -14.38070011
v -11.02945137 -29.55890083 -11.47896671
v -11.51530361 -29.12128639 -11.95649815
v -11.94586086 -28.96541023 -12.69143677
v -12.16493034 -29.01301575 -13.60015678
v -12.80265713 -30.22116661 -13.38666916
v -12.19947624 -29.34393883 -14.39786816
v -11.58051109 -31.14842415 -15.53916645
v -12.17612171 -32.35225677 -14.69529819
v -10.00782585 -32.86896896 -12.17619991
v -10.83407879 -32.90657043 -18.93578339
v -10.28671932 -33.27877808 -18.94252396
v -11.48228455 -32.84027100 -18.36577797
v -10.74645042 -33.12089920 -17.23682976
v -9.81798172 -32.09996033 -20.52491188
v -10.02246571 -32.98366547 -19.75539970
v -10.64155006 -32.65031815 -19.55655098
v -9.17662239 -32.89740372 -21.14007187
v -12.21137810 -29.25430870 -15.99497414
v -12.17788506 -28.96551514 -16.67230225
v -12.20748043 -28.42052650 -16.85603714
v -11.96892643 -28.90327072 -17.55637741
v -11.54911137 -28.93412971 -18.58484840
v -11.61409569 -28.39846039 -18.55104065
v -11.06610394 -29.16331100 -19.46249962
v -10.04385948 -30.39891052 -20.70110130
v -11.49513435 -30.46161842 -19.83423424
v -11.45182037 -31.47552872 -16.39072227
v -12.44224453 -30.66304588 -16.92723465
v -14.96165752 -26.72399330 -11.40503025
v -15.89175892 -26.19343376 -11.00438499
v -12.73240757 -32.76848984 -12.36051464
v -13.64818382 -32.30107117 -12.87532902
v -13.42753410 -32.17378998 -12.43279171
v -13.76867294 -31.72537994 -12.74230766
v -12.77737999 -33.21768951 -12.87427616
v -12.98454857 -33.07876968 -13.69621086
v -13.60637093 -32.48585892 -13.41652775
v -13.43638134 -32.83221054 -13.03773594
v -13.42437458 -31.12967682 -17.89688301
v -12.80939770 -30.98622704 -19.79005051
v -12.21443272 -18.64014244 0.20169212
v -3.92483354 -19.68120003 2.52941918
v -4.55297565 -19.94540215 2.69804025
v -4.61927605 -10.94698429 7.40762997
v -5.15810442 -11.64340115 7.05501127
v -4.88129139 -12.38584423 6.81951094
v -5.59908867 -13.11425304 5.62615681
v -5.76303625 -10.17482758 6.74279642
v -5.55848742 -10.87683964 7.10746145
v -3.93283820 -0.65700018 9.47926617
v -4.51677084 -1.41068625 9.29545307
v -3.64099026 -2.27780437 9.39874744
v -2.61836386 -2.34731722 9.05418491
v -4.35992002 -2.26242733 9.24897861
v -5.06758022 -2.16447759 9.00126076
v -4.98800945 -3.12796569 8.29154682
v -4.86662531 0.10627015 8.94270229
v -4.99459171 -0.58453852 9.15861225
v -5.56962490 -0.10824494 8.35995388
v -3.13976169 9.67827225 9.03780746
v -2.50287795 9.54577732 8.88972473
v -3.79876304 9.77822304 8.89372730
v -3.90197873 8.89583302 9.12269783
v -3.18325973 8.82916451 9.27330875
v -3.25551081 7.94961834 9.37905216
v -3.97128081 7.97721291 9.23834133
v -4.60637426 8.94649315 8.86086655
v -4.66703987 8.06273460 8.97250843
v -4.62296200 6.89318371 8.49650383
v -4.24638271 10.45102215 8.20186520
v -4.45018101 9.79065132 8.65506649
v -4.69695091 10.41800308 7.59826326
v -5.06184006 9.78612232 7.75772095
v -3.43774462 16.27739525 5.49750566
v -2.72533178 17.28209114 5.92398167
v -1.99598837 17.15952301 6.13733816
v -1.54924428 23.99712181 4.94903994
v -2.13456631 24.81060410 4.28377199
v -1.07397759 28.52956581 5.87055016
v -0.14526571 29.09048080 6.12720108
v -4.95675468 -27.62049675 -2.76913261
v -5.50640535 -27.57902527 -3.01845670
v -5.90910482 -27.61741638 -4.04308414
v -5.60535574 -28.17854691 -4.23574495
v -5.16563511 -28.31741524 -4.48046160
v -4.73455143 -28.47702980 -3.76916742
v -4.77436304 -26.10880852 -2.81163025
v -5.46127462 -26.55900764 -2.83506441
v -5.87495422 -26.62154198 -3.41965556
v -12.36662292 -20.67723274 -2.49987626
v -12.19684315 -21.01147270 -1.82133770
v -10.83197212 -20.70930481 -0.57790321
v -11.55132389 -8.69192982 3.88333678
v -11.91637039 -10.16212273 3.82256579
v -12.60944366 -10.03852654 3.44366884
v -11.93975163 -11.27969742 3.40970254
v -10.92333984 -11.70169735 3.29426932
v -12.60875893 -11.20133781 3.03349161
v -11.82389736 -11.91457939 2.96734905
v -13.21591568 -10.10693359 2.88917375
v -10.79721642 0.61770183 5.91858387
v -11.56254101 -0.14086850 5.87587595
v -12.32186127 -0.02870031 5.47322893
v -11.64484978 -1.31178868 5.72289515
v -12.39916706 -1.25080705 5.31887913
v -13.01474953 -0.14131612 4.93418932
v -13.60826683 0.67774868 3.98023295
v -10.61186218 10.23058224 5.21006775
v -10.56150436 9.16535282 5.50171852
v -9.52492237 8.80946922 5.64916945
v -11.45579624 10.28427029 4.66316938
v -11.83116436 8.18701458 4.50152540
v -11.26491261 11.37872696 4.02520561
v -7.57676458 19.05786324 2.50021863
v -7.57498693 20.06904984 1.33538091
v -5.22347021 24.94399643 2.56185842
v -5.76470804 25.42510796 1.90317309
v -5.21592665 26.27858734 2.09554410
v -4.04484844 29.63822174 4.25350475
v -15.70054531 -24.89791679 -10.76804161
v -14.42967510 -26.91910362 -11.35668755
v -15.49279785 -26.95828438 -10.74171162
v -17.78871727 -19.91854477 -6.22243881
v -17.01475716 -18.14449692 -4.30257225
v -16.75813866 -17.27590370 -4.29367208
v -17.54352760 -17.89783096 -4.26597261
v -17.85359573 -16.76740837 -5.50192928
v -18.30111122 -17.83484840 -4.74697924
v -19.75992966 -8.67244530 -1.40594673
v -20.14972687 -8.60756683 -1.85272372
v -20.16815758 -9.32881355 -1.97363365
v -19.76530075 -9.36536026 -1.50073683
v -19.66598129 -10.04321384 -1.73423624
v -18.37415123 -10.06338406 -1.54281306
v -20.04608917 -10.03341866 -2.18691134
v -20.40176201 -9.27499390 -2.50140357
v -20.26210594 -9.94916153 -2.67034030
v -20.03250313 -7.87062645 -2.47854853
v -20.37553787 -8.58302593 -2.37680721
v -19.78429794 -7.74982166 -3.42941093
v -18.96148109 -10.96288776 -3.81614113
v -19.33674431 -7.04648018 -2.99262643
v -18.33897400 2.41140580 0.50370371
v -20.15093803 -0.36341444 -2.33078146
v -20.38196182 -0.38347831 -1.39362407
v -19.74707985 2.68234706 -0.35567325
v -18.32143784 12.13986397 -0.75052637
v -18.53808594 11.29360008 -0.79086477
v -18.53608513 11.38249207 -0.10658612
v -18.29173660 12.22991467 -0.05708466
v -18.24676514 11.32066727 0.43161058
v -17.96639633 12.19136715 0.46868402
v -16.95688248 10.02241325 0.87433267
v -16.67372513 10.75719357 1.10030162
v -17.80830765 11.25747395 0.91914731
v -17.78113556 10.36423588 0.68796498
v -17.52941513 12.09246922 0.94389802
v -17.89182854 13.00234795 -0.06487851
v -17.70340729 12.89781570 -1.14738059
v -17.56227493 12.98159981 0.41033548
v -17.16120720 12.85057831 0.84310466
v -11.93047714 21.01367950 -1.69677436
v -10.73320675 21.52791977 -1.34425426
v -10.14374447 21.28009796 -1.31642282
v -12.02316666 19.09418678 -1.29820204
v -10.10830307 21.90597534 -1.87020719
v -8.47699356 26.99146080 -1.42996025
v -8.22882748 26.75095749 -0.82936013
v -8.15610313 27.55161667 -1.09645736
v -8.02839947 25.70263100 -1.32969344
v -6.28675127 31.83880424 1.61747992
v -5.97524738 32.00248337 2.28623009
v -5.66020203 32.16588974 2.53968811
v -21.36535645 -5.39597511 -11.71025467
v -21.17975235 -7.87099504 -12.53985786
v -21.59453773 -3.30385375 -12.70007324
v -20.75090599 -10.40078354 -12.02042866
v -21.65588760 -9.69975853 -11.01286316
v -20.40102577 -11.78808784 -11.68508244
v -20.93111229 -10.72296429 -11.06884193
v -19.63280487 -8.42040920 -7.39067316
v -20.11623383 -5.39249945 -7.48925495
v -19.31989288 -11.32456493 -8.23830700
v -19.43469429 -10.02141190 -7.71211672
v -20.16984367 -9.57000160 -8.04166985
v -19.71804428 -12.80918694 -10.31227970
v -20.72173119 -11.11160278 -10.52085018
v -20.51361465 -4.85303879 -8.40766525
v -21.08835793 -4.40981627 -10.19358826
v -21.38599968 -6.19263268 -10.33600998
v -20.06420517 1.64776659 -6.22401857
v -21.36893654 2.88999009 -6.84089088
v -20.04577446 4.76625299 -6.46573305
v -20.29675674 -1.41879606 -7.07291603
v -20.16510391 -0.02801572 -6.51049519
v -21.36072159 -0.76495552 -8.28812408
v -21.57031250 -1.30999815 -11.46948814
v -21.40516853 -1.86199212 -10.56740284
v -22.08454895 4.28603649 -9.44946003
v -21.38041687 5.20397234 -11.06905270
v -21.76768684 4.19319487 -10.45449734
v -20.34541512 5.32983255 -7.52917194
v -21.68619347 2.06705451 -12.28002167
v -21.67479324 0.01616697 -12.20995617
v -21.56399345 4.02109814 -11.92174149
v -22.41884041 3.11753869 -10.58683491
v -22.94819260 -9.70489216 -9.89931774
v -23.41166306 -9.50259495 -9.45804405
v -23.36352921 -9.51691914 -9.00231457
v -23.50392532 -8.93438148 -8.92437553
v -23.55321503 -8.93669891 -9.41486168
v -23.53225708 -8.36764240 -9.37884140
v -23.48580933 -8.34183884 -8.89562321
v -23.28948784 -8.91594982 -8.46769810
v -23.27653313 -8.34636688 -8.45326900
v -23.15994263 -9.47510624 -8.57512760
v -22.25890923 -7.10261679 -9.86311340
v -21.82382393 -10.46755695 -10.01351357
v -21.94441795 -10.17244434 -10.42342758
v -23.89224815 2.89794183 -7.61701059
v -23.24556923 2.81305194 -7.18360949
v -24.14007187 2.95755410 -8.21892738
v -24.29057693 2.23620200 -8.27243137
v -24.03074646 2.19744349 -7.63038635
v -24.03833008 1.46998262 -7.75729990
v -24.29005051 1.48040962 -8.37206554
v -23.62472916 0.77590901 -7.96804953
v -24.36503983 2.25842500 -8.94333363
v -24.35113716 1.53728354 -9.00431538
v -23.68792343 3.51312900 -8.88814449
v -24.22264290 2.94997096 -8.85633755
v -23.17321205 3.53140259 -9.62055588
v -23.86770821 2.91068578 -9.51386452
v -22.51821327 0.06930204 -8.17079544
v -5.50171852 -35.44093704 -9.26456642
v -6.32396936 -35.07683945 -9.61813354
v -7.20541143 -35.03702545 -10.16791534
v -7.99838257 -35.23208237 -10.73928833
v -8.55516911 -35.95269775 -9.44993305
v -8.62041569 -35.81893921 -11.16700268
v -9.07274818 -36.58073425 -9.53961563
v -6.31628084 -39.13224792 -8.53078651
v -4.37898350 -39.49110413 -9.83604527
v -4.25217533 -38.51992798 -9.54956818
v -5.17532492 -38.42787552 -8.99715328
v -4.90785885 -37.46860123 -9.05813503
v -4.90938616 -36.32016754 -9.20010948
v -6.37884235 -36.82803345 -8.19628334
v -6.42854786 -40.56452942 -10.74833012
v -5.18406677 -40.06300354 -10.23047733
v -6.59749079 -39.66773224 -9.09078503
v -9.29484749 -38.34677887 -9.57547760
v -8.39481544 -39.40484619 -11.04977894
v -8.89857197 -39.11505127 -9.87180233
v -7.88747835 -40.18549347 -11.00996685
v -8.78198051 -36.99149323 -11.18564415
v -9.15071392 -37.37639236 -9.86764240
v 1.34324050 -41.90161514 -9.27133369
v 0.54409474 -40.91849899 -9.11404800
v -1.81996858 -45.28857040 -11.33920479
v 0.06437823 -44.60264587 -10.51526833
v -6.08409786 -44.19678497 -11.94055462
v -3.69660687 -45.56403351 -12.17443657
v 2.01015425 -48.66899109 -12.83557034
v -1.55703151 -47.30807114 -12.63940811
v -2.80715394 -47.47126770 -13.52611542
v -2.46580458 -46.53737640 -12.41149044
v -13.83312988 -31.69578362 -13.21214962
v -12.83772945 -32.54910660 -18.72208405
v -13.47858906 -31.81063843 -18.59630203
v -13.35675716 -31.10608482 -19.45807457
v -6.73146105 -37.71684647 -7.71338034
v -8.37712097 -37.27459717 -6.78917789
v -8.17974758 -37.92464828 -6.77696037
v -8.38143921 -39.27203369 -7.40046787
v -10.06227779 -37.64638519 -8.12382126
v -4.96903133 -43.62650299 -11.02603531
v -5.59319067 -43.83380508 -11.29870796
v -5.48328686 -44.17789459 -11.63184261
v 0.62993240 -42.63918686 -9.11058521
v 1.54175317 -46.90915680 -11.21734619
v -21.65383339 -6.58190346 -14.39281273
v -21.58611107 -4.57563305 -14.23542118
v -21.68648338 -6.09384012 -14.87929630
v -21.50827789 -3.82917476 -15.68809128
v -21.13962364 -5.26953554 -16.97920990
v -21.56062317 -7.54813004 -14.06304836
v -20.77539444 -11.06152248 -13.56940365
v -21.28678513 -9.56799984 -16.69547272
v -21.09183502 -11.14530563 -14.67096806
v -22.44491005 -0.87757134 -16.09060669
v -22.01171875 -1.24206531 -15.17746353
v -21.69627953 -1.55645227 -13.80711555
v -21.51228142 -0.87491196 -17.24483299
v -21.04644012 -2.00354528 -17.47517395
v -21.32828331 -2.37922978 -16.76772308
v -22.09987450 -0.94558316 -16.70410919
v -21.44434738 5.47970629 -15.79559994
v -21.06276512 5.09106684 -17.19080353
v -22.07162094 3.84813285 -16.77548981
v -20.66591072 4.42848492 -18.35134888
v -21.60470200 4.58225489 -13.23974514
v -21.55967522 5.58292198 -14.41335011
v -21.76810837 0.16925286 -13.35180759
v -22.46626282 3.19621444 -14.30460548
v -20.65727615 2.04146123 -18.42955208
v -20.86518097 -0.53019220 -18.04875755
v -22.29208755 -0.19716325 -17.08790398
v -22.86598778 0.32067993 -17.01646805
v -21.71386719 -10.46460819 -14.90457344
v -21.83351326 -9.36578178 -16.38340378
v -22.28672791 -7.81169891 -14.73223972
v -22.09366035 -7.24764538 -14.73216057
v -14.61757660 -24.99513245 -15.93655682
v -15.25845623 -25.87815094 -16.62395859
v -2.64996052 41.65624237 5.72697639
v -1.36826766 36.57881165 9.00001812
v -1.89238739 42.33453369 4.90376139
v -0.70376658 34.86194992 8.42649460
v -0.94957882 42.40050125 3.18121910
v -0.27692840 42.32750702 2.36134124
v 0.85130495 34.82219315 9.25819492
v 0.94562268 42.05281067 1.02247500
v -2.32384992 39.34041595 8.87472916
v -3.47458601 39.62623596 4.96962547
v -3.93492985 36.83053207 4.86170006
v 1.11536264 41.18500137 -0.57147855
v 0.44367161 32.92256165 7.80479860
v 0.13994037 32.85981369 7.79434681
v 0.35039890 31.79554176 7.28741455
v -2.88701463 39.80986404 0.64962763
v -3.05014563 33.37842941 5.78890419
v -2.81749535 33.86625290 6.36108208
v -2.10760355 33.33806610 6.74472380
v -2.59136200 34.55028534 6.66463757
v -2.10844612 34.49988556 7.08481741
v -2.47497749 32.87936401 6.20566463
v -3.95916891 39.14448929 2.57828879
v -0.47193152 32.55395508 7.33829355
v 0.41584516 32.34034348 7.63620567
v -2.53669310 33.54581451 6.57409000
v -14.56759453 -23.82926559 -13.54823303
v -14.58723736 -23.63326073 -14.52562332
v -13.87083530 -24.32949257 -16.33432388
v -13.07691574 -24.88322449 -17.83727074
v -13.91699219 -25.51934433 -17.59508324
v -12.29110718 -28.06184959 -17.22387505
v -12.57000065 -27.94641685 -16.25849152
v -12.83930874 -27.55388069 -15.41896725
v -11.69234943 -27.67215729 -18.92419624
v -11.95291710 -27.97380066 -18.16924667
v -13.21886444 -27.66481209 -17.73405647
v -13.25627995 -26.62988853 -14.68803024
v -13.90374851 -26.69387245 -15.39268875
v -12.25953674 -26.03131676 -18.71228981
v -13.43732834 -25.85945702 -18.04496574
v -19.80016136 -16.68593979 -10.91860008
v -20.24030304 -16.58246231 -10.21962833
v -8.47424889 27.35299873 -6.45804453
v -8.24620533 26.76091003 -9.08404446
v -7.87075806 28.39582634 -4.52546024
v -7.57561874 29.46963310 -4.32707262
v -8.41015339 27.93264580 -5.71084881
v -8.57184887 28.05246353 -6.40630484
v -19.53432846 -14.98135281 -11.87729549
v -19.14779663 -16.36528778 -11.60830307
v -18.05618286 -17.85707283 -11.59508514
v -17.14003754 -18.92872620 -10.96689034
v -19.00605965 -15.49158669 -8.97003269
v -18.49637794 -14.42735767 -8.59661293
v -18.97991180 -13.95740986 -9.22222710
v -19.27650070 -15.00320816 -9.38463402
v -17.54689789 -16.97089005 -9.18757629
v -18.55251312 -16.15422249 -8.93027401
v -17.20017624 -18.22780609 -10.05490494
v -19.48819733 -16.52337646 -9.04612827
v -19.89790154 -15.87638187 -9.31491089
v -8.50115108 -32.09500885 -22.42526627
v -8.89491177 -31.51175880 -22.44698906
v -9.41128063 -28.84534264 -22.24026871
v -7.38284636 -29.51673317 -23.85851097
v -8.14920330 -29.65400696 -23.91336441
v -9.44129753 -29.38069534 -22.88641930
v -11.41058636 -27.23114777 -6.74707556
v -11.20228577 -27.65499115 -6.24919033
v -10.82502079 -27.78253555 -5.91458178
v -4.61511564 -20.69434738 2.47918057
v -3.74568057 -20.27142715 2.23019862
v -5.21829653 -20.66622734 2.35553217
v -5.20165539 -21.36314392 1.84598315
v -4.59447241 -21.36188126 1.99332893
v -4.60310888 -21.92851448 1.42385149
v -5.16837358 -21.94663048 1.27408326
v -5.78587818 -21.28352165 1.62312126
v -5.70562220 -21.84731102 1.08903205
v -5.80515194 -20.61282921 2.11034203
v -19.28661156 2.51972961 0.22970784
v -19.74455261 1.85651529 0.40685987
v -20.22734833 1.97173786 -0.18252346
v -20.37869644 1.14580083 -0.23665909
v -19.87862778 1.06038439 0.37958139
v -19.91538429 0.23012912 0.20558904
v -20.40270996 0.28616056 -0.39443183
v -20.70435333 1.21426022 -0.93252325
v -20.70730209 0.38642734 -1.05596089
v -20.55205727 2.00670481 -0.86090410
v 5.17479801 43.90479279 28.14884567
v -21.61399651 -17.79214096 -34.05205154
v -21.69290733 -17.81104660 -33.30273819
v -21.20000458 -18.37060356 -33.51365662
v -18.73830414 -17.73537254 -33.38726044
v -19.24553490 -18.24958038 -33.17779922
v -19.10619354 -18.34608269 -33.95568466
v -22.23754311 -17.23815918 -33.15636826
v -18.54635239 -17.06146812 -33.19473267
v -24.14171982 -16.68018723 -32.73948288
v -24.70133209 -15.88923168 -32.72909927
v -22.34601212 -16.94424438 -32.26315308
v -22.69265366 -17.35966110 -34.00104904
v -23.22466278 -17.08882523 -34.30885315
v -15.73451328 -14.96128941 -33.28014374
v -15.84855080 -15.97475243 -32.79037094
v -15.51438904 -15.68501091 -33.35545349
v -15.49142838 -15.72240067 -33.85625839
v -17.59181786 -17.21131516 -34.07003784
v -17.76717949 -17.18627357 -33.32975388
v -16.92697144 -17.39333725 -33.90786743
v -16.93149948 -17.33667564 -33.40727234
v -16.93807602 -16.96364975 -32.75119781
v -17.52941513 -16.34948921 -32.07783890
v -16.08365631 -14.41535091 -33.12416458
v -21.29305267 12.69085789 -34.38300323
v -21.29821396 12.51385021 -33.95497131
v -22.40430641 12.60380840 -34.14162827
v -23.14566994 13.47427082 -33.05968094
v -22.28975296 12.93235779 -33.23266220
v -23.55595398 13.74558067 -33.48047256
v -18.86126709 13.12191486 -34.40035248
v -18.31884384 13.08415127 -34.14923859
v -17.11623573 14.91465759 -32.91046524
v -16.96778297 14.68197441 -33.59742737
v -17.35741043 14.07895184 -33.26755905
v -17.31334686 13.82591534 -34.09939957
v -17.55305862 14.61072445 -32.61050797
v -16.99995995 15.20800686 -33.41348648
v -25.77151299 16.46802902 -34.02677536
v -25.91917419 16.57640457 -33.50780106
v -25.93667030 15.68564701 -33.88712692
v -24.26216698 14.00183010 -34.12238312
v -24.82105827 14.37135315 -34.34887695
v -25.07052612 14.27697086 -33.95324707
v -25.61626816 14.87982273 -34.12556839
v -25.54900551 15.30440331 -34.31650543
v -24.08756828 13.99348354 -33.53065491
v -20.17300224 -18.63161087 -34.11345673
v -20.31858444 -18.56099319 -33.46351242
v -20.84590721 -18.59664536 -34.07385635
v -20.16720963 -18.36356735 -32.80229950
v -19.50620842 -18.52534103 -34.09049606
v -20.94638443 -18.37588882 -34.35896301
v -19.85729980 -17.96508026 -32.42977524
v -20.82895088 -17.99430656 -32.42777252
v -15.82877541 -16.45496941 -33.38789368
v -15.63540459 -16.15327454 -34.00444794
v -16.03215408 -16.72759628 -34.04973602
v -16.44627953 -17.12244987 -33.40748215
v -16.53496170 -17.20101929 -34.03520203
v -16.84692574 -17.07747650 -34.33410645
v -16.62896156 -16.31449509 -32.38638306
v -15.82656384 -15.89218044 -34.29671860
v -23.58668137 -17.44934273 -33.77431870
v -24.05439186 -17.12397575 -33.36619568
v -24.49711418 -16.75445175 -33.93846130
v -24.76297188 -16.31905174 -33.44502640
v -24.90534210 -15.64414597 -33.26045227
v -24.64572334 -16.31030846 -34.19834518
v -25.37954330 14.81173134 -33.43075943
v -25.89189529 15.47963238 -33.66836548
v -23.17547607 13.10153580 -33.74985886
v -22.78246689 12.83509636 -34.33558273
v -17.76825905 13.42429543 -33.76510239
v -18.27480698 13.38015270 -33.24419022
v -17.48328400 13.83723736 -34.34326935
v -19.24753571 12.91271877 -33.71028137
v -11.00269985 -27.28404617 -7.43185425
v -3.51597285 -27.23040962 -2.99757671
v -3.46015191 -28.15506172 -4.02046633
v -4.16718006 -28.42858315 -3.62529731
v -10.11314774 -26.51129532 -4.76677990
v -4.33406305 -27.99123192 -2.88277531
v -3.31617641 -27.85657692 -3.66173863
v -4.39309645 -27.25150108 -2.44358158
v -5.59145308 -27.97359085 -5.07737494
v -9.99086857 -27.44244957 -5.25126219
v -15.93588829 -25.89958382 -9.22443867
v -16.23911095 -25.87904739 -9.66352749
v -16.12409973 -26.41787529 -9.83794117
v -15.75505066 -26.61783028 -9.48806095
v -15.93220234 -26.84706306 -10.01667309
v -16.22152328 -26.37806320 -10.37129307
v -16.01466942 -26.78397560 -10.49620533
v -16.35549355 -25.84924126 -10.19782734
v -16.05985260 -25.67524719 -10.81701660
v -10.63607311 -26.00753975 -4.72854805
v -10.71106243 -27.34055138 -5.03240252
v -10.81196117 -26.62241173 -4.68441772
v -17.97461128 -17.89193344 -4.40973759
v -18.20758438 -18.63076973 -4.45239305
v -18.52197075 -18.62423897 -4.78278875
v -18.40906525 -19.20235252 -5.00596666
v -18.09836578 -19.18644905 -4.65376902
v -17.88635063 -19.69526100 -4.96931458
v -18.17672539 -19.71685219 -5.31803656
v -18.57273674 -19.13241959 -5.40461159
v -18.33439255 -19.62574768 -5.70625448
v -18.68121910 -18.57368469 -5.17858982
v -17.18427277 -16.91159439 -4.52190542
v -9.87764740 -39.00872803 -8.18185425
v -9.92509460 -32.86891556 -8.42356873
v -9.52776718 -33.12563705 -8.13688087
v -9.67005730 -32.69318390 -7.97247314
v -10.07165146 -32.20775604 -8.26463699
v -9.75210381 -32.20996857 -7.89095402
v -9.22201633 -32.67053986 -7.70558643
v -9.31417370 -32.20838928 -7.64481592
v -9.10826874 -33.08403778 -7.87768316
v -11.59924507 -18.79012108 0.44677699
v -11.68950653 -19.56381989 0.29827261
v -12.29100132 -19.46586990 0.04233954
v -12.19568539 -20.16110229 -0.35693711
v -11.59861279 -20.22945595 -0.08215135
v -11.50161171 -20.82178879 -0.58569705
v -12.04707527 -20.78460884 -0.85279429
v -12.70239067 -20.04040146 -0.75200087
v -12.51207256 -20.64368820 -1.19846189
v -12.79602146 -19.37150002 -0.36831191
v -19.94561195 -16.47018814 -9.33249950
v -22.66192627 -8.35600471 -15.90229130
v -22.71679878 -8.51833248 -15.52413082
v -22.69689369 -8.56520081 -15.13038445
v -22.58962250 -9.29742718 -15.85710812
v -15.35714245 -26.53330803 -16.55486870
v -15.25308514 -26.63568306 -17.06710243
v -15.05455208 -27.20989799 -16.68694115
v -14.95407486 -27.29721069 -17.19101334
v -14.96650314 -26.76788712 -17.56730461
v -22.13357735 -6.87912273 -15.08098793
v -23.64992714 1.80661893 -15.67903423
v -23.04335022 -0.10400572 -15.66062927
v -23.61564636 1.69197559 -16.26575851
v -23.42190552 1.58378339 -16.82320213
v -8.67814541 -30.28652000 -23.68215561
v -9.21880436 -30.40171432 -23.16515541
v -8.84412003 -31.19613457 -23.21808052
v -2.65643787 -32.47474670 -5.83738041
v -4.32647991 -32.54304886 -5.92579842
v -3.84821177 -32.40460205 -5.69948721
v -4.46102953 -31.88230896 -5.76460266
v -3.30553889 -32.32616425 -5.58734560
v 0.03579640 -42.60501099 -9.07793522
v -2.71110010 47.60744858 29.56995964
v -2.77081776 47.31591797 27.79980850
v -2.40724540 46.36485672 27.95842361
v -2.33351994 46.63679886 29.71656799
v -2.38681293 47.12528229 26.32171631
v -2.06041932 46.22993851 26.52646255
v -1.32079363 45.67794418 26.63873482
v -1.74487376 45.71891403 28.01845741
v -2.15257621 47.95164108 31.06890678
v -1.79553378 47.02111816 31.20529747
v -2.76734209 48.28435516 27.59843254
v -2.70362234 48.60263824 29.35784149
v -2.40134740 48.04463959 26.17731857
v -2.15247083 48.90544128 30.86173630
v -1.33295846 49.13156509 31.85661125
v -1.36518705 46.21298218 25.77530479
v -1.67978466 47.11138153 25.54327965
v -1.70464063 48.02726364 25.42078972
v -0.82888615 45.51279831 27.85868454
v -8.97756386 -33.61570358 -21.35261154
v -8.33646679 -33.51964951 -22.19445229
v -8.78145313 -34.03857040 -22.46218300
v -7.69347477 -33.71913147 -22.89421463
v -8.26663876 -34.25079727 -23.01575661
v -9.54946327 -34.47471237 -20.01523018
v -9.37694550 -33.93904114 -20.58207512
v -8.79030037 -38.03892517 -22.44253922
v -8.14930916 -35.67206573 -23.92558289
v -7.30304480 -36.45866776 -23.74901009
v -7.83123589 -34.81627274 -23.43746567
v -9.74041271 -36.82897949 -7.82575941
v -11.31024075 -35.83168411 -22.75687408
v -10.55139351 -37.45417404 -23.51540375
v -11.49055290 -36.33133316 -23.58818245
v -11.20828915 -36.93851471 -23.68844986
v -11.04072094 -36.83572006 -24.17756653
v -7.31057596 -38.50665665 -7.42890549
v -9.75147152 -37.44037628 -6.96948957
v -9.23644543 -37.37528610 -6.64277983
v -9.69207001 -38.22618484 -6.94663429
v -9.11880016 -38.09169006 -6.61655474
v -8.92216396 -38.76164246 -6.80318546
v -9.48953533 -38.92952728 -7.11609793
v -9.89534187 -38.99693298 -7.51126719
v -10.10029888 -38.34077454 -7.38761854
v -10.10777664 -37.57086945 -7.41163206
v -10.69210434 -36.65235519 -24.54682541
v -9.30011272 -36.44866180 -24.38399696
v -11.60661793 -35.72941589 -23.44673538
v -21.06531906 -18.30721855 -20.04221916
v -20.13990593 -19.60513115 -20.04622078
v -18.20210838 -21.06044769 -17.42230225
v -21.63899040 -18.01533127 -21.52972412
v -20.75884438 -18.55810928 -22.03415298
v -22.15643120 -18.00668144 -22.15032387
v -22.53443336 -17.67254829 -22.07554436
v -8.46016788 28.54430580 -6.54814768
v -8.28812408 28.99985123 -5.92922163
f 2 3 4
f 2 4 5
f 1 2 5
f 6 8 7
f 7 3 9
f 10 1 11
f 10 11 12
f 12 11 13
f 12 13 14
f 7 8 15
f 3 7 4
f 16 17 18
f 11 1 5
f 11 5 20
f 13 11 20
f 13 20 21
f 22 23 24
f 22 24 25
f 23 26 27
f 23 27 24
f 24 27 17
f 25 24 17
f 25 17 16
f 18 17 9
f 18 9 28
f 19 18 28
f 19 28 10
f 27 26 6
f 27 6 7
f 17 27 7
f 17 7 9
f 31 32 33
f 31 33 34
f 30 31 34
f 14 29 12
f 29 19 12
f 12 19 10
f 19 38 37
f 39 34 40
f 34 41 40
f 42 43 40
f 42 40 41
f 44 39 40
f 44 40 43
f 41 35 45
f 41 45 42
f 22 25 47
f 22 47 48
f 25 16 49
f 25 49 47
f 47 49 50
f 47 50 51
f 48 47 51
f 48 51 52
f 16 18 37
f 16 37 49
f 18 19 37
f 49 37 50
f 53 54 55
f 53 55 46
f 54 53 56
f 54 56 57
f 57 56 58
f 57 58 59
f 59 58 60
f 59 60 61
f 61 60 62
f 53 63 56
f 56 63 64
f 56 64 58
f 65 67 66
f 69 71 70
f 70 8 6
f 68 66 72
f 68 72 73
f 66 67 74
f 66 74 72
f 72 74 75
f 72 75 76
f 73 72 76
f 73 76 77
f 78 71 69
f 8 70 79
f 70 71 80
f 70 80 79
f 79 80 81
f 8 79 15
f 82 83 84
f 82 84 53
f 71 78 85
f 71 85 80
f 78 68 73
f 78 73 85
f 85 73 77
f 85 77 86
f 80 85 86
f 80 86 81
f 87 88 89
f 87 89 90
f 90 89 91
f 90 91 92
f 93 94 95
f 93 95 96
f 94 97 95
f 95 97 26
f 95 26 23
f 96 95 23
f 96 23 22
f 91 89 66
f 91 66 68
f 89 88 66
f 66 88 65
f 92 91 98
f 92 98 99
f 99 98 94
f 99 94 93
f 26 97 70
f 26 70 6
f 97 94 69
f 97 69 70
f 44 82 46
f 44 46 39
f 94 98 69
f 98 91 68
f 98 68 78
f 69 98 78
f 46 55 30
f 46 30 34
f 55 54 100
f 55 100 30
f 62 101 102
f 62 102 103
f 101 93 96
f 101 96 102
f 102 96 22
f 102 22 48
f 103 102 48
f 103 48 52
f 39 46 34
f 54 57 104
f 54 104 105
f 57 59 106
f 57 106 104
f 104 106 107
f 104 107 108
f 105 104 108
f 109 87 90
f 109 90 110
f 110 90 92
f 92 99 111
f 92 111 60
f 99 93 101
f 99 101 111
f 111 101 62
f 111 62 60
f 30 100 112
f 100 54 105
f 100 105 112
f 112 105 113
f 30 112 113
f 30 113 114
f 115 116 117
f 115 117 118
f 116 32 119
f 116 119 117
f 117 119 120
f 117 120 121
f 118 117 121
f 118 121 122
f 123 124 125
f 123 125 126
f 124 36 125
f 126 125 127
f 36 32 116
f 36 116 128
f 128 116 115
f 129 50 37
f 58 64 60
f 50 129 130
f 50 130 131
f 129 115 118
f 129 118 130
f 130 118 122
f 130 122 132
f 131 130 132
f 125 37 133
f 127 125 133
f 127 133 134
f 32 36 33
f 36 35 33
f 33 35 34
f 34 35 41
f 9 3 2
f 9 2 28
f 28 2 1
f 28 1 10
f 143 137 136
f 143 136 142
f 144 139 137
f 145 146 139
f 145 139 144
f 147 148 149
f 147 149 145
f 145 149 146
f 150 148 147
f 141 140 150
f 137 143 144
f 151 152 154
f 152 153 154
f 156 157 158
f 156 158 155
f 155 158 153
f 155 153 152
f 159 160 161
f 160 162 161
f 162 156 161
f 156 155 161
f 161 155 152
f 161 152 163
f 163 152 151
f 163 151 154
f 163 154 165
f 165 154 166
f 164 163 165
f 164 165 166
f 164 166 167
f 170 171 169
f 168 170 169
f 169 171 172
f 169 172 173
f 174 175 176
f 177 178 175
f 174 177 175
f 175 178 179
f 176 175 179
f 176 179 181
f 181 179 180
f 181 180 182
f 183 184 185
f 183 186 184
f 186 187 184
f 184 187 177
f 185 184 177
f 185 177 174
f 161 163 189
f 163 188 189
f 159 161 189
f 159 189 190
f 192 193 191
f 193 194 191
f 153 158 157
f 157 191 194
f 156 195 196
f 195 197 196
f 197 192 191
f 196 197 191
f 196 191 157
f 156 196 157
f 199 201 200
f 182 180 203
f 153 157 194
f 192 204 193
f 193 204 194
f 154 153 194
f 205 206 168
f 170 168 206
f 170 206 207
f 159 208 209
f 159 210 208
f 168 169 210
f 173 209 208
f 173 208 169
f 169 208 210
f 211 182 172
f 182 203 172
f 172 203 212
f 212 203 2751
f 173 172 209
f 212 2751 202
f 212 202 198
f 209 172 213
f 172 212 198
f 172 198 213
f 209 213 159
f 159 213 214
f 159 214 160
f 160 214 215
f 160 215 162
f 213 198 214
f 198 199 214
f 214 199 200
f 214 200 215
f 215 200 195
f 162 215 195
f 162 195 156
f 207 183 185
f 207 185 216
f 216 185 174
f 207 216 170
f 216 217 170
f 216 174 217
f 217 174 176
f 217 176 181
f 217 181 218
f 218 181 182
f 218 182 211
f 171 170 218
f 170 217 218
f 218 211 172
f 171 218 172
f 192 197 219
f 195 200 197
f 219 197 200
f 207 220 183
f 183 220 221
f 186 183 222
f 210 159 168
f 168 159 190
f 206 205 223
f 206 223 220
f 207 206 220
f 205 168 223
f 163 164 224
f 163 224 188
f 164 167 225
f 164 225 224
f 220 223 226
f 221 220 226
f 168 227 223
f 223 227 226
f 230 233 234
f 230 234 228
f 233 231 234
f 228 234 221
f 228 221 226
f 235 228 226
f 188 224 236
f 236 224 237
f 237 224 225
f 237 225 238
f 1339 236 237
f 239 241 240
f 241 236 240
f 240 236 1339
f 1339 237 242
f 242 237 238
f 242 238 243
f 244 245 247
f 248 249 250
f 246 248 250
f 251 252 253
f 251 253 254
f 255 256 257
f 258 260 259
f 260 190 189
f 260 189 259
f 259 189 188
f 259 188 236
f 265 266 267
f 268 236 241
f 268 241 239
f 271 272 273
f 271 273 274
f 270 271 275
f 277 278 279
f 276 277 280
f 281 190 260
f 1411 1412 281
f 1411 281 260
f 1411 260 258
f 266 283 284
f 266 284 285
f 283 286 287
f 283 287 284
f 284 287 288
f 284 288 289
f 285 284 289
f 285 289 290
f 291 292 1412
f 190 281 292
f 190 292 168
f 281 1412 292
f 168 292 291
f 295 226 227
f 295 227 294
f 227 168 291
f 294 227 291
f 296 222 183
f 296 298 222
f 297 296 183
f 234 231 297
f 221 234 297
f 221 297 183
f 228 229 299
f 230 228 299
f 300 302 301
f 302 303 304
f 302 304 301
f 301 304 305
f 301 307 308
f 307 309 308
f 308 309 310
f 301 308 310
f 301 310 311
f 301 311 300
f 307 312 309
f 312 314 315
f 312 315 309
f 314 316 315
f 309 315 317
f 309 317 313
f 313 317 318
f 309 313 310
f 313 318 310
f 310 318 319
f 310 319 311
f 316 320 315
f 320 321 317
f 315 320 317
f 322 323 324
f 320 322 324
f 320 324 321
f 321 324 325
f 321 325 326
f 324 323 327
f 324 327 325
f 325 327 328
f 325 328 329
f 326 325 329
f 317 326 318
f 317 321 326
f 318 326 329
f 318 329 319
f 322 330 331
f 322 331 323
f 330 332 333
f 330 333 331
f 331 333 334
f 323 331 336
f 323 336 327
f 331 334 336
f 336 334 335
f 336 335 328
f 327 336 328
f 332 337 338
f 332 338 333
f 333 338 339
f 337 340 338
f 337 341 340
f 340 1339 339
f 338 340 339
f 339 1339 342
f 342 343 344
f 333 339 345
f 333 345 334
f 339 342 345
f 345 342 344
f 334 345 344
f 334 344 335
f 346 347 348
f 346 348 349
f 349 348 350
f 349 350 351
f 347 352 348
f 348 352 353
f 348 353 350
f 350 353 354
f 354 341 337
f 351 350 354
f 351 354 355
f 355 354 337
f 355 337 332
f 356 357 358
f 356 359 360
f 356 360 357
f 357 360 361
f 358 357 361
f 358 361 362
f 363 364 365
f 366 368 367
f 367 369 370
f 367 370 371
f 372 374 373
f 303 376 304
f 304 377 305
f 305 378 306
f 306 378 379
f 380 381 382
f 388 389 390
f 387 388 390
f 392 393 394
f 392 394 395
f 391 392 396
f 400 401 402
f 399 400 402
f 404 405 406
f 403 404 406
f 407 409 410
f 407 410 408
f 408 410 411
f 408 411 412
f 410 409 411
f 415 416 417
f 418 421 419
f 419 421 422
f 425 426 427
f 425 427 428
f 430 431 432
f 430 432 433
f 429 430 433
f 434 435 427
f 437 438 439
f 436 437 439
f 440 442 441
f 441 443 444
f 445 446 447
f 446 448 447
f 444 443 450
f 450 451 452
f 454 455 456
f 453 454 456
f 461 462 463
f 461 463 464
f 460 461 464
f 465 466 467
f 468 469 470
f 469 471 472
f 470 469 472
f 473 474 475
f 474 468 470
f 474 470 475
f 475 470 472
f 473 475 476
f 477 478 479
f 478 480 481
f 478 481 482
f 479 478 482
f 483 484 485
f 484 486 487
f 485 484 487
f 488 489 490
f 488 490 491
f 489 492 490
f 490 492 493
f 490 493 494
f 491 490 494
f 491 494 495
f 496 497 498
f 497 499 500
f 497 500 501
f 498 497 501
f 498 501 502
f 503 504 505
f 504 496 498
f 504 498 505
f 505 498 502
f 505 502 506
f 503 505 506
f 503 506 507
f 508 509 510
f 508 510 511
f 509 512 510
f 510 512 513
f 510 513 514
f 511 510 514
f 511 514 515
f 517 518 519
f 517 519 520
f 516 517 520
f 522 523 524
f 521 522 525
f 529 530 531
f 528 529 531
f 533 534 535
f 532 533 536
f 537 538 539
f 538 540 541
f 538 541 542
f 539 538 542
f 543 544 545
f 544 546 547
f 545 544 547
f 549 537 539
f 548 549 550
f 551 553 552
f 552 553 554
f 552 554 555
f 551 552 555
f 551 555 556
f 557 558 559
f 558 560 561
f 558 561 559
f 559 561 562
f 563 564 565
f 563 566 560
f 563 560 564
f 564 560 558
f 565 564 558
f 565 558 557
f 567 568 569
f 567 569 570
f 568 571 553
f 568 553 569
f 569 553 551
f 570 569 551
f 572 573 574
f 577 578 579
f 577 579 580
f 581 583 582
f 582 584 585
f 586 587 588
f 590 592 591
f 591 593 594
f 595 596 597
f 596 598 599
f 596 599 597
f 597 599 600
f 594 593 601
f 604 605 606
f 604 606 607
f 603 604 607
f 603 607 608
f 609 610 611
f 609 611 612
f 610 613 611
f 611 613 614
f 612 611 614
f 615 616 617
f 616 618 619
f 616 619 620
f 617 616 620
f 617 620 621
f 622 624 623
f 623 610 609
f 625 626 627
f 632 633 634
f 635 636 638
f 639 359 356
f 639 356 640
f 640 356 641
f 640 641 642
f 643 645 644
f 644 646 647
f 642 641 648
f 641 356 358
f 641 358 648
f 648 358 362
f 648 362 649
f 650 651 652
f 651 653 654
f 651 654 652
f 652 654 655
f 650 652 655
f 650 655 656
f 657 658 659
f 658 660 661
f 658 661 662
f 659 658 662
f 663 664 665
f 663 665 666
f 664 667 668
f 664 668 665
f 665 668 669
f 665 669 670
f 666 665 670
f 671 672 673
f 671 673 674
f 672 657 659
f 672 659 673
f 673 659 662
f 674 673 662
f 674 662 675
f 679 677 676
f 679 676 678
f 680 681 682
f 686 687 685
f 688 689 690
f 688 691 692
f 688 692 689
f 689 692 693
f 690 689 693
f 346 697 698
f 697 699 698
f 698 700 701
f 699 702 698
f 702 703 704
f 702 704 698
f 698 704 705
f 698 705 700
f 700 705 706
f 706 707 708
f 701 700 709
f 700 706 709
f 709 706 708
f 709 708 710
f 709 710 711
f 711 710 712
f 710 708 712
f 708 707 712
f 712 714 713
f 713 714 715
f 712 713 715
f 712 715 717
f 715 716 718
f 717 715 718
f 332 719 720
f 332 720 355
f 355 720 721
f 355 721 351
f 719 722 720
f 720 722 723
f 720 723 721
f 721 723 724
f 721 724 725
f 724 703 702
f 725 724 702
f 725 702 699
f 351 721 726
f 351 726 349
f 721 725 726
f 726 725 699
f 726 699 697
f 349 726 697
f 349 697 346
f 322 727 330
f 322 728 729
f 728 730 729
f 322 729 727
f 727 729 722
f 330 727 722
f 330 722 719
f 330 719 332
f 316 731 320
f 320 731 732
f 731 733 734
f 731 734 735
f 731 735 732
f 732 735 730
f 732 730 728
f 322 732 728
f 320 732 322
f 736 737 738
f 737 739 740
f 737 740 738
f 738 740 741
f 739 737 742
f 736 744 737
f 737 744 742
f 745 746 747
f 746 743 742
f 746 742 747
f 747 742 744
f 748 749 750
f 748 750 751
f 749 752 753
f 749 753 750
f 755 756 757
f 750 753 758
f 759 760 761
f 760 762 761
f 761 762 763
f 745 764 765
f 718 716 766
f 716 765 766
f 765 764 766
f 305 306 767
f 305 767 301
f 768 769 767
f 768 767 306
f 770 771 772
f 771 301 767
f 771 767 769
f 771 769 768
f 382 773 380
f 773 768 306
f 773 306 380
f 380 306 379
f 771 768 774
f 774 768 773
f 773 382 775
f 774 773 775
f 772 771 774
f 774 775 776
f 776 775 778
f 382 779 775
f 779 778 775
f 382 780 779
f 779 780 778
f 781 782 780
f 777 778 780
f 301 771 307
f 307 771 783
f 771 770 784
f 771 784 785
f 771 785 783
f 786 788 789
f 786 789 787
f 787 789 790
f 786 787 790
f 786 790 791
f 788 792 789
f 792 793 794
f 789 792 794
f 789 794 790
f 676 677 782
f 676 782 795
f 677 679 782
f 795 782 781
f 796 797 798
f 777 780 679
f 679 780 782
f 800 801 802
f 800 802 803
f 801 804 802
f 802 804 805
f 802 805 806
f 803 802 806
f 803 806 807
f 808 809 810
f 809 811 812
f 810 809 812
f 810 812 813
f 815 816 817
f 815 817 818
f 819 820 821
f 820 808 810
f 820 810 821
f 821 810 813
f 821 813 822
f 819 821 822
f 819 822 823
f 824 825 826
f 825 827 828
f 825 828 826
f 826 828 829
f 826 829 830
f 824 826 830
f 824 830 831
f 832 833 834
f 833 835 834
f 837 838 839
f 838 840 839
f 841 842 843
f 842 844 845
f 842 845 843
f 843 845 846
f 736 738 847
f 736 847 848
f 316 849 850
f 316 850 731
f 850 849 847
f 731 850 847
f 731 847 738
f 851 852 853
f 851 853 849
f 852 848 847
f 852 847 853
f 853 847 849
f 307 783 312
f 783 785 855
f 783 855 312
f 312 855 856
f 312 856 854
f 854 857 849
f 854 856 858
f 854 858 857
f 857 858 851
f 857 851 849
f 312 854 314
f 314 854 849
f 314 849 316
f 860 861 862
f 860 862 863
f 859 860 864
f 865 866 867
f 866 868 869
f 866 869 870
f 867 866 870
f 867 870 871
f 804 874 875
f 874 865 867
f 874 867 875
f 875 867 871
f 804 875 805
f 877 878 880
f 881 882 883
f 881 883 884
f 881 884 885
f 879 881 885
f 879 885 886
f 880 878 887
f 878 879 887
f 887 879 886
f 880 887 888
f 890 891 892
f 890 892 893
f 889 890 893
f 889 893 894
f 895 896 897
f 895 897 898
f 891 895 898
f 891 898 892
f 898 897 899
f 898 899 900
f 892 898 900
f 892 900 901
f 893 892 901
f 893 901 902
f 894 893 902
f 894 902 903
f 904 905 907
f 908 909 910
f 906 908 910
f 906 910 911
f 905 906 911
f 905 911 912
f 907 905 912
f 907 912 913
f 915 916 917
f 915 917 918
f 914 915 918
f 914 918 919
f 920 921 922
f 920 922 923
f 916 920 923
f 916 923 917
f 923 922 924
f 923 924 925
f 917 923 925
f 917 925 926
f 918 917 926
f 918 926 927
f 919 918 927
f 919 927 928
f 929 930 932
f 931 933 879
f 933 934 882
f 933 882 881
f 879 933 881
f 930 931 879
f 930 879 878
f 932 930 878
f 932 878 877
f 935 936 937
f 935 937 938
f 909 935 938
f 939 889 894
f 939 894 940
f 936 939 940
f 936 940 937
f 940 894 903
f 940 903 941
f 937 940 941
f 937 941 942
f 938 937 942
f 943 944 945
f 943 945 946
f 921 943 946
f 921 946 922
f 947 904 907
f 947 907 948
f 944 947 948
f 944 948 945
f 948 907 913
f 948 913 949
f 945 948 949
f 945 949 950
f 946 945 950
f 946 950 951
f 922 946 951
f 922 951 924
f 952 953 954
f 955 914 919
f 955 919 956
f 953 955 956
f 953 956 954
f 956 919 928
f 956 928 957
f 954 956 957
f 954 957 958
f 952 954 958
f 952 958 959
f 934 952 959
f 934 959 882
f 960 961 962
f 960 962 963
f 896 960 963
f 896 963 897
f 964 929 932
f 964 932 965
f 961 964 965
f 961 965 962
f 965 932 877
f 965 877 966
f 962 965 966
f 962 966 967
f 963 962 967
f 963 967 968
f 897 963 968
f 897 968 899
f 969 970 964
f 969 964 961
f 964 970 929
f 969 961 960
f 969 960 896
f 971 973 972
f 974 976 955
f 974 955 953
f 976 977 914
f 976 914 955
f 972 952 934
f 972 974 953
f 972 953 952
f 1115 978 979
f 984 985 947
f 984 947 944
f 985 983 904
f 985 904 947
f 986 987 943
f 986 943 921
f 987 984 944
f 987 944 943
f 989 990 889
f 989 889 939
f 936 989 939
f 988 989 936
f 988 936 935
f 988 935 909
f 991 971 933
f 991 933 931
f 971 972 934
f 971 934 933
f 991 931 930
f 970 991 930
f 970 930 929
f 992 993 994
f 993 995 996
f 993 996 997
f 994 993 997
f 995 993 998
f 993 992 999
f 993 999 1000
f 998 993 1000
f 995 1001 920
f 995 920 916
f 1001 986 921
f 1001 921 920
f 977 1002 915
f 977 915 914
f 1002 995 916
f 1002 916 915
f 985 984 1003
f 981 988 908
f 981 908 906
f 908 988 909
f 983 982 905
f 983 905 904
f 982 981 906
f 982 906 905
f 990 969 896
f 990 896 895
f 990 895 891
f 990 891 890
f 990 890 889
f 1006 1007 1008
f 1006 1008 1009
f 1005 1006 1009
f 1010 1011 1012
f 1010 1012 1013
f 1007 1010 1013
f 1007 1013 1008
f 1005 1009 1014
f 1009 1008 1015
f 1014 1009 1015
f 1017 1018 1019
f 1017 1019 1020
f 1016 1017 1020
f 1016 1020 1021
f 1018 1022 1023
f 1018 1023 1024
f 1018 1024 1019
f 1019 1024 1025
f 1019 1025 1026
f 1024 1023 1027
f 1024 1027 1025
f 1025 1027 1028
f 1025 1028 1029
f 1026 1025 1029
f 1026 1029 1030
f 1021 1020 1031
f 1021 1031 1032
f 1020 1019 1026
f 1020 1026 1031
f 1031 1026 1030
f 1031 1030 1033
f 1032 1031 1033
f 1032 1033 851
f 884 1034 1035
f 884 1035 1036
f 1034 1037 1038
f 1034 1038 1035
f 1035 1038 1039
f 1036 1035 1040
f 1035 1039 1040
f 785 1040 1039
f 1042 1043 1044
f 1042 1044 1045
f 1041 1042 1045
f 1041 1045 1046
f 1047 888 1048
f 1043 1047 1048
f 1043 1048 1044
f 1044 1048 1049
f 1049 1050 1051
f 1046 1045 1052
f 1046 1052 1053
f 1045 1044 1049
f 1045 1049 1052
f 1052 1049 1051
f 1053 1052 1051
f 1053 1051 1054
f 1055 1056 1057
f 1011 1055 1057
f 1011 1057 1012
f 1058 1041 1046
f 1058 1046 1057
f 1056 1058 1057
f 1057 1046 1053
f 1012 1057 1059
f 1057 1053 1059
f 1060 1061 1062
f 1022 1060 1062
f 1022 1062 1023
f 1063 1005 1014
f 1063 1014 1064
f 1061 1063 1064
f 1061 1064 1065
f 1023 1062 1066
f 1023 1066 1027
f 1062 1061 1066
f 1066 1061 1065
f 1066 1065 1067
f 1027 1066 1067
f 1027 1067 1028
f 1068 1069 1070
f 1068 1070 1071
f 1037 1068 1071
f 1037 1071 1038
f 1072 1016 1021
f 1072 1021 1073
f 1069 1072 1073
f 1069 1073 1070
f 1070 1073 1074
f 1073 1021 1032
f 1073 1032 851
f 1073 851 858
f 1074 1073 858
f 1074 858 856
f 1038 1071 1075
f 1038 1075 1039
f 1071 1070 1074
f 1071 1074 1075
f 1075 1074 856
f 1075 856 855
f 1039 1075 855
f 1039 855 785
f 942 941 1010
f 942 1010 1007
f 941 903 1011
f 941 1011 1010
f 909 938 1006
f 938 942 1007
f 938 1007 1006
f 909 1006 1005
f 950 949 1018
f 949 913 1022
f 949 1022 1018
f 924 951 1017
f 924 1017 1016
f 951 950 1018
f 951 1018 1017
f 959 958 1076
f 882 959 1076
f 882 1076 883
f 957 928 1037
f 957 1037 1034
f 958 957 1034
f 1076 958 1034
f 883 1076 1034
f 883 1034 884
f 966 877 880
f 966 880 1077
f 967 966 1077
f 1077 880 888
f 1077 888 1047
f 967 1077 1047
f 967 1047 1043
f 899 968 1042
f 899 1042 1041
f 968 967 1042
f 1042 967 1043
f 901 900 1058
f 901 1058 1056
f 900 899 1041
f 900 1041 1058
f 903 902 1055
f 903 1055 1011
f 902 901 1056
f 902 1056 1055
f 911 910 1063
f 911 1063 1061
f 910 909 1063
f 1063 909 1005
f 913 912 1060
f 913 1060 1022
f 912 911 1061
f 912 1061 1060
f 926 925 1072
f 926 1072 1069
f 925 924 1016
f 925 1016 1072
f 927 926 1069
f 927 1069 1068
f 928 927 1068
f 928 1068 1037
f 1080 776 778
f 1080 778 1078
f 1078 778 1079
f 1079 778 777
f 1079 777 694
f 1095 1081 1082
f 1078 1079 1082
f 1081 1078 1082
f 1082 1079 694
f 1082 694 678
f 1082 678 682
f 1083 1084 1085
f 1083 1085 1086
f 1084 1087 1085
f 1085 1087 1088
f 1088 696 695
f 1085 1088 695
f 1085 695 1089
f 1086 1085 1089
f 1084 1090 1087
f 1084 1095 1082
f 1084 1082 1090
f 1090 1082 682
f 1087 1090 1088
f 1088 1090 682
f 1088 682 696
f 1014 1015 1091
f 1015 1008 1092
f 1008 1013 1092
f 1015 1092 1093
f 1091 1015 1093
f 1091 1093 1094
f 1013 1012 1095
f 1092 1013 1095
f 1092 1095 1093
f 1093 1095 1084
f 1094 1093 1084
f 1050 1097 1096
f 1097 1098 1099
f 1097 1099 1096
f 1098 770 772
f 1098 772 1099
f 1096 1099 1100
f 1028 1067 1101
f 1028 1101 1102
f 1067 1065 1101
f 1064 1014 1091
f 1064 1091 1094
f 1065 1064 1084
f 1064 1094 1084
f 1102 1101 1083
f 1101 1065 1084
f 1083 1101 1084
f 1012 1059 1095
f 1053 1054 1078
f 1053 1078 1081
f 1095 1059 1081
f 1059 1053 1081
f 1051 1050 1096
f 1051 1096 1103
f 1103 1104 1080
f 1080 1104 776
f 1054 1051 1078
f 1051 1103 1080
f 1051 1080 1078
f 887 886 888
f 888 886 1105
f 885 884 1036
f 885 1036 1106
f 886 885 1106
f 886 1106 1105
f 1105 1106 1107
f 1105 1107 1108
f 1106 1036 1109
f 1106 1109 1107
f 1107 1109 770
f 1107 770 1098
f 1108 1107 1098
f 1108 1098 1097
f 1048 888 1049
f 888 1105 1108
f 888 1108 1049
f 1049 1108 1097
f 1049 1097 1050
f 1100 1103 1096
f 1104 1103 1100
f 1100 1099 1110
f 772 1110 1099
f 876 1111 970
f 876 970 969
f 1121 876 1112
f 1112 876 969
f 1113 1114 971
f 1113 971 991
f 876 1113 1111
f 1111 1113 991
f 1111 991 970
f 876 975 1113
f 1113 975 973
f 1114 1113 973
f 1114 973 971
f 876 1115 975
f 1115 992 975
f 876 1116 978
f 876 978 1115
f 1117 1118 988
f 1117 988 1004
f 1119 1120 990
f 1119 990 989
f 1117 876 1118
f 876 1119 1118
f 1118 1119 989
f 1118 989 988
f 876 1121 1119
f 1121 1112 969
f 1121 969 990
f 1119 1121 1120
f 1120 1121 990
f 1102 1122 1123
f 1083 872 1102
f 1102 872 1122
f 872 685 1124
f 1122 872 1124
f 1122 1124 684
f 1123 1122 684
f 1123 684 683
f 1028 1102 1029
f 1102 1123 1029
f 1029 1123 683
f 1029 683 1125
f 1029 1125 1126
f 1030 1029 1127
f 1030 1127 1033
f 1127 1029 1126
f 1127 1126 1128
f 1033 1127 1128
f 1033 1128 851
f 1083 1086 872
f 872 1086 873
f 1086 1089 1129
f 1086 1129 873
f 686 873 1129
f 684 1124 685
f 745 765 1132
f 745 1132 1133
f 716 1132 765
f 716 1131 1132
f 1135 1136 1137
f 1135 1137 1138
f 1134 1135 1138
f 1134 1138 1139
f 1140 1141 1142
f 1140 1142 1143
f 1136 1140 1143
f 1136 1143 1137
f 1137 1143 1144
f 1143 1142 1145
f 1143 1145 1144
f 1144 1145 1146
f 1144 1146 1147
f 1144 1147 1148
f 1139 1138 1144
f 1138 1137 1144
f 1152 1153 1154
f 1152 1154 1155
f 1151 1152 1155
f 1151 1155 1156
f 1155 1154 1157
f 1149 1150 1156
f 1150 1151 1156
f 1149 1156 1158
f 1160 1161 1162
f 1159 1160 1162
f 1159 1162 1163
f 1164 1165 1166
f 1164 1166 1167
f 1161 1164 1167
f 1161 1167 1168
f 1162 1161 1168
f 1163 1162 1168
f 1169 1170 1172
f 1173 1174 1175
f 1173 1175 1176
f 1173 1176 1177
f 1171 1173 1177
f 1170 1171 1178
f 1172 1170 1178
f 1172 1178 1179
f 1180 1181 1182
f 1180 1182 1183
f 1153 1180 1183
f 1153 1183 1154
f 1184 1134 1139
f 1184 1139 1185
f 1181 1184 1185
f 1181 1185 1182
f 1182 1185 1144
f 1182 1144 1186
f 1185 1139 1144
f 1144 1148 1187
f 1186 1144 1187
f 1154 1183 1186
f 1183 1182 1186
f 1186 1187 1188
f 1154 1186 1188
f 1154 1188 1157
f 1191 1149 1158
f 1191 1158 1192
f 1190 1191 1192
f 1190 1192 1193
f 1189 1190 1193
f 1189 1193 1194
f 1165 1189 1194
f 1165 1194 1166
f 1195 1196 1197
f 1195 1197 1198
f 1174 1195 1198
f 1174 1198 1175
f 1199 1159 1163
f 1199 1163 1200
f 1196 1199 1200
f 1196 1200 1197
f 1200 1163 1168
f 1197 1200 1168
f 1198 1197 1168
f 1198 1168 1201
f 1175 1198 1201
f 1175 1201 1176
f 1202 1203 1204
f 1202 1204 1205
f 1141 1202 1205
f 1141 1205 1142
f 1206 1169 1172
f 1206 1172 1207
f 1203 1206 1207
f 1203 1207 1204
f 1204 1207 1208
f 1207 1172 1179
f 1207 1179 1209
f 1208 1207 1209
f 1208 1209 1210
f 1142 1205 1211
f 1142 1211 1145
f 1205 1204 1208
f 1205 1208 1211
f 1211 1208 1210
f 1211 1210 1212
f 1145 1211 1212
f 1145 1212 1146
f 1214 1215 1216
f 1214 1216 1217
f 1213 1214 1217
f 1213 1217 1218
f 1219 1220 1221
f 1219 1221 1222
f 1215 1219 1222
f 1215 1222 1216
f 1216 1222 1206
f 1216 1206 1203
f 1222 1221 1169
f 1222 1169 1206
f 1218 1217 1202
f 1218 1202 1141
f 1217 1216 1203
f 1217 1203 1202
f 1223 1225 1224
f 1227 1228 1229
f 1228 1226 1230
f 1228 1230 1229
f 1227 1229 1231
f 1226 1228 1199
f 1226 1199 1196
f 1228 1227 1159
f 1228 1159 1199
f 1223 1224 1195
f 1223 1195 1174
f 1224 1226 1196
f 1224 1196 1195
f 1233 1234 1235
f 1331 1236 1237
f 1239 1240 1191
f 1239 1191 1190
f 1240 1241 1149
f 1240 1149 1191
f 1232 1242 1189
f 1232 1189 1165
f 1242 1239 1190
f 1242 1190 1189
f 1243 1244 1245
f 1243 1245 1246
f 1244 1247 1248
f 1244 1248 1249
f 1244 1249 1245
f 1245 1249 1184
f 1249 1248 1184
f 1184 1248 1134
f 1245 1184 1181
f 1246 1245 1181
f 1246 1181 1180
f 1246 1180 1153
f 1250 1251 1252
f 1250 1252 1253
f 1220 1250 1253
f 1220 1253 1221
f 1251 1223 1254
f 1251 1254 1252
f 1252 1254 1173
f 1252 1173 1171
f 1254 1223 1174
f 1254 1174 1173
f 1221 1253 1170
f 1221 1170 1169
f 1253 1252 1171
f 1253 1171 1170
f 1225 1255 1256
f 1257 1258 1259
f 1258 1331 1260
f 1234 1233 1164
f 1234 1164 1161
f 1233 1232 1165
f 1233 1165 1164
f 1227 1261 1160
f 1227 1160 1159
f 1261 1234 1161
f 1261 1161 1160
f 1262 1263 1264
f 1262 1264 1265
f 1263 1241 1266
f 1263 1266 1264
f 1243 1246 1262
f 1262 1246 1152
f 1262 1152 1151
f 1152 1246 1153
f 1241 1263 1150
f 1241 1150 1149
f 1263 1262 1151
f 1263 1151 1150
f 1267 1268 1269
f 1267 1269 1270
f 1247 1267 1270
f 1247 1270 1248
f 1271 1213 1218
f 1271 1218 1272
f 1268 1271 1272
f 1268 1272 1269
f 1269 1272 1140
f 1269 1140 1136
f 1272 1218 1141
f 1272 1141 1140
f 1270 1269 1136
f 1270 1136 1135
f 1248 1270 1135
f 1248 1135 1134
f 1273 1274 1281
f 1273 1281 703
f 1274 1275 1282
f 1274 1282 1281
f 1281 1282 705
f 1281 705 704
f 703 1281 704
f 730 1283 729
f 729 1283 722
f 1284 722 1283
f 1286 1285 1276
f 1287 1288 1285
f 1286 1276 1289
f 1289 1276 1277
f 1284 1290 1291
f 1284 1291 722
f 1290 1292 724
f 1290 724 723
f 1292 1273 703
f 1292 703 724
f 1291 1290 723
f 1291 723 722
f 1178 1171 1293
f 1179 1178 1294
f 1177 1176 1295
f 1171 1177 1293
f 1293 1177 735
f 1177 1295 735
f 735 1295 730
f 1293 735 734
f 1294 1178 1296
f 1294 1296 1297
f 1178 1293 1296
f 1296 1293 734
f 1296 734 733
f 1297 1296 733
f 1297 733 731
f 1167 1166 1299
f 1168 1167 1298
f 1298 1167 1290
f 1167 1299 1273
f 1167 1273 1292
f 1290 1167 1292
f 1298 1290 1284
f 1300 1285 1286
f 1300 1286 1301
f 1300 1301 1280
f 1303 1304 1305
f 1280 1301 1306
f 1301 1286 1289
f 1301 1289 1306
f 1306 1289 1278
f 1306 1278 1279
f 1280 1306 1279
f 1307 1148 1308
f 1307 1308 1309
f 1307 1309 1310
f 1147 1146 1311
f 1147 1311 1312
f 1148 1147 1312
f 1148 1312 1308
f 1308 1312 1313
f 1308 1313 1314
f 1312 1311 1313
f 1313 1311 739
f 1313 739 742
f 1314 1313 742
f 1314 742 743
f 1309 1308 1314
f 1309 1314 1310
f 1310 1314 743
f 1310 743 746
f 1310 746 745
f 1146 1212 1311
f 1209 1179 1294
f 1210 1209 1315
f 1210 1315 1316
f 1209 1294 1297
f 1209 1297 1315
f 1315 1297 731
f 1315 731 738
f 1316 1315 738
f 1316 738 741
f 1311 1212 1317
f 1212 1210 1316
f 1212 1316 1317
f 1317 1316 741
f 1317 741 740
f 1311 1317 740
f 1311 740 739
f 1201 1168 1318
f 1201 1318 1319
f 1176 1201 1319
f 1176 1319 1295
f 1168 1298 1318
f 1318 1298 1283
f 1298 1284 1283
f 1295 1319 1320
f 1319 1318 1283
f 1319 1283 1320
f 1295 1320 1283
f 1295 1283 730
f 1166 1194 1321
f 1166 1321 1299
f 1194 1193 1322
f 1194 1322 1321
f 1321 1322 1324
f 1321 1324 1275
f 1321 1275 1274
f 1299 1321 1274
f 1299 1274 1273
f 1188 1187 1325
f 1187 1307 1325
f 1187 1148 1307
f 1325 1307 1310
f 1325 1310 1133
f 1133 1310 745
f 1157 1188 1132
f 1188 1325 1133
f 1188 1133 1132
f 1336 1130 1326
f 1336 1326 1220
f 1336 1220 1219
f 1336 1219 1215
f 1327 1336 1215
f 1327 1215 1214
f 1327 1214 1213
f 1130 1255 1328
f 1328 1329 1223
f 1328 1223 1251
f 1130 1328 1326
f 1326 1328 1251
f 1326 1251 1250
f 1326 1250 1220
f 1328 1255 1329
f 1329 1255 1225
f 1329 1225 1223
f 1331 1258 1257
f 1255 1331 1330
f 1330 1331 1257
f 1330 1257 1255
f 1255 1130 1333
f 1334 1243 1236
f 1255 1333 1334
f 1255 1334 1236
f 1255 1236 1331
f 1335 1247 1244
f 1333 1335 1244
f 1333 1244 1243
f 1334 1333 1243
f 1130 1336 1333
f 1336 1327 1213
f 1336 1213 1271
f 1336 1271 1268
f 1333 1336 1337
f 1333 1337 1335
f 1337 1336 1268
f 1337 1268 1267
f 1335 1337 1267
f 1335 1267 1247
f 243 1338 242
f 1338 343 342
f 1338 342 242
f 242 342 1339
f 340 341 1339
f 240 1339 239
f 1349 1350 1351
f 1361 1362 1363
f 1368 1369 1370
f 1369 1371 1370
f 1370 1371 1372
f 1373 1374 1375
f 1374 1376 1375
f 1379 1371 1369
f 1379 1369 1368
f 1380 1381 1382
f 1384 1385 1386
f 1385 1387 1386
f 1386 1387 1388
f 1389 1391 1390
f 1389 1390 1381
f 1389 1381 1380
f 1353 1392 1393
f 1353 1352 1392
f 1393 1392 1394
f 1393 1394 1395
f 146 1396 293
f 1397 1398 1399
f 1398 1400 1401
f 1398 1401 1399
f 1399 1401 1402
f 1404 1405 1406
f 135 1410 1409
f 1408 135 1409
f 294 291 293
f 138 293 291
f 135 1418 1410
f 148 1414 1413
f 1413 1415 1402
f 146 293 139
f 138 139 293
f 140 135 1416
f 140 1416 150
f 138 137 139
f 138 1417 137
f 1417 1418 137
f 1411 1418 1417
f 1412 1411 1417
f 138 1412 1417
f 140 142 135
f 142 136 137
f 142 137 1418
f 135 142 1418
f 1408 1407 135
f 138 291 1412
f 142 140 1419
f 144 143 1421
f 1420 144 1421
f 147 145 1422
f 141 150 1423
f 140 1423 1419
f 140 141 1423
f 142 1419 1421
f 143 142 1421
f 145 1424 1422
f 145 144 1420
f 145 1420 1424
f 150 147 1422
f 150 1422 1423
f 1427 1419 1423
f 1427 1423 1428
f 1425 1427 1428
f 1425 1419 1427
f 1429 1421 1425
f 1421 1419 1425
f 1430 1420 1421
f 1430 1421 1429
f 1430 1422 1424
f 1430 1424 1420
f 1431 1422 1430
f 1432 1431 1430
f 1432 1423 1431
f 1431 1423 1422
f 1425 1428 1432
f 1428 1423 1432
f 1432 1426 1425
f 1429 1425 1426
f 1430 1433 1432
f 1432 1433 1426
f 1430 1429 1426
f 1430 1426 1433
f 299 231 1434
f 299 1434 230
f 229 1435 299
f 299 1435 232
f 299 232 231
f 231 233 1434
f 233 230 1434
f 297 231 1435
f 1435 231 232
f 296 297 1435
f 296 1435 229
f 676 681 680
f 873 685 872
f 686 685 873
f 695 1436 1129
f 1437 1436 695
f 686 1129 1436
f 695 1129 1089
f 682 681 695
f 682 695 696
f 1437 695 681
f 676 1438 681
f 1437 681 1438
f 678 676 680
f 678 680 682
f 679 678 777
f 678 694 777
f 1439 1440 1441
f 1439 1441 1442
f 1440 1443 1444
f 1440 1444 1441
f 1442 1441 1445
f 1443 1446 1447
f 1443 1447 1444
f 1446 567 1448
f 1446 1448 1447
f 1447 1448 1449
f 557 559 1450
f 557 1450 1451
f 559 562 1452
f 559 1452 1450
f 1450 1452 1451
f 562 1454 1455
f 562 1455 1452
f 1454 1439 1442
f 1454 1442 1455
f 1455 1442 1445
f 563 565 1456
f 565 557 1451
f 565 1451 1456
f 1456 1451 1453
f 1456 1453 1457
f 556 1458 1456
f 556 1456 1459
f 1458 563 1456
f 1456 1457 1460
f 1459 1456 1460
f 1459 1460 711
f 567 570 1461
f 567 1461 1448
f 570 551 1462
f 570 1462 1461
f 1461 1462 1463
f 1461 1463 1464
f 1448 1461 1464
f 1448 1464 1449
f 551 556 1459
f 551 1459 1462
f 1462 1459 711
f 1462 711 1465
f 1462 1465 1463
f 580 1466 1467
f 580 1467 1468
f 1466 1469 1470
f 1466 1470 1467
f 1468 1467 1471
f 1469 1472 1473
f 1469 1473 1470
f 1472 572 1474
f 1472 1474 1473
f 1473 1474 1445
f 581 582 1475
f 582 585 1476
f 582 1476 1475
f 1475 1476 1477
f 1478 1479 1480
f 1478 1480 1481
f 1479 581 1475
f 1479 1475 1480
f 1480 1475 1477
f 1480 1477 1482
f 1481 1480 1482
f 1481 1482 1453
f 575 1483 1451
f 575 1451 1484
f 1483 1478 1481
f 1483 1481 1451
f 1451 1481 1453
f 1484 1451 1452
f 572 574 1485
f 572 1485 1474
f 574 575 1484
f 574 1484 1485
f 1485 1484 1452
f 1485 1452 1455
f 1474 1485 1455
f 1474 1455 1445
f 585 1486 1487
f 585 1487 1476
f 1486 576 1488
f 1486 1488 1487
f 1487 1488 1476
f 576 577 1489
f 576 1489 1488
f 577 580 1468
f 577 1468 1489
f 1489 1468 1471
f 1490 1491 1492
f 1490 1492 1493
f 1491 590 1492
f 1493 1492 1494
f 590 591 1492
f 591 594 1495
f 591 1495 1492
f 1492 1495 1471
f 600 1496 1497
f 1496 586 1497
f 1497 1498 1499
f 595 597 1497
f 595 1497 1500
f 597 600 1497
f 1500 1497 1499
f 1500 1499 1477
f 602 1501 1476
f 602 1476 1502
f 1501 595 1500
f 1501 1500 1476
f 1476 1500 1477
f 1502 1476 1488
f 594 601 1503
f 594 1503 1495
f 601 602 1502
f 601 1502 1503
f 1503 1502 1488
f 1503 1488 1489
f 1495 1503 1489
f 1495 1489 1471
f 589 1504 1505
f 589 1505 1506
f 1504 1490 1493
f 1504 1493 1505
f 1505 1493 1494
f 586 588 1507
f 586 1507 1497
f 588 589 1506
f 588 1506 1507
f 1497 1507 1498
f 534 533 1508
f 533 532 1508
f 532 1510 1508
f 1510 1511 1512
f 1510 1512 1508
f 1508 1512 1513
f 540 538 1492
f 540 1492 1514
f 538 537 1515
f 538 1515 1492
f 1492 1515 1494
f 543 1516 1492
f 543 1492 1517
f 1516 540 1514
f 1516 1514 1492
f 1517 1492 1471
f 546 544 1517
f 546 1517 1518
f 544 543 1517
f 1511 1519 1520
f 1511 1520 1512
f 1519 546 1518
f 1519 1518 1520
f 1512 1520 1513
f 548 1521 1522
f 548 1522 1523
f 1521 534 1508
f 1521 1508 1522
f 1522 1508 1509
f 1522 1509 1524
f 1523 1522 1524
f 537 549 1525
f 537 1525 1515
f 549 548 1523
f 549 1523 1525
f 1525 1523 1526
f 1515 1525 1526
f 1515 1526 1494
f 528 1527 1528
f 1527 518 1529
f 1527 1529 1528
f 518 517 1529
f 517 516 1529
f 521 1531 1532
f 521 1532 1470
f 1531 1533 1532
f 1532 1471 1467
f 1470 1532 1467
f 523 522 1473
f 523 1473 1534
f 522 521 1470
f 522 1470 1473
f 1534 1473 1445
f 526 1535 1534
f 526 1534 1536
f 1535 523 1534
f 516 527 1536
f 516 1536 1529
f 527 526 1536
f 1529 1536 1530
f 1533 1537 1538
f 1533 1538 1532
f 1537 530 1518
f 1537 1518 1538
f 1538 1518 1517
f 1532 1538 1517
f 1532 1517 1471
f 530 529 1539
f 530 1539 1518
f 529 528 1528
f 529 1528 1539
f 1539 1528 1513
f 1539 1513 1520
f 1518 1539 1520
f 496 504 1540
f 496 1540 1541
f 504 503 1542
f 504 1542 1540
f 1541 1540 1530
f 503 1543 1544
f 503 1544 1542
f 1543 1545 1546
f 1543 1546 1544
f 1544 1546 1547
f 512 509 1441
f 512 1441 1444
f 509 508 1548
f 509 1548 1441
f 1441 1548 1445
f 488 1549 1550
f 488 1550 1551
f 1549 512 1444
f 1549 1444 1550
f 1550 1444 1447
f 1551 1550 1447
f 1551 1447 1449
f 1545 1552 1553
f 1545 1553 1546
f 1552 492 1554
f 1552 1554 1553
f 1553 1554 1555
f 1546 1553 1555
f 1546 1555 1547
f 492 489 1554
f 489 488 1551
f 489 1551 1554
f 1554 1551 1449
f 1554 1449 1555
f 508 1556 1557
f 508 1557 1548
f 1556 499 1558
f 1556 1558 1557
f 1557 1558 1536
f 1557 1536 1534
f 1548 1557 1534
f 1548 1534 1445
f 499 497 1558
f 497 496 1541
f 497 1541 1558
f 1558 1541 1530
f 1558 1530 1536
f 468 474 1559
f 474 473 1559
f 473 1561 1559
f 1561 1562 1563
f 1561 1563 1559
f 1559 1563 1564
f 480 478 1508
f 478 477 1565
f 478 1565 1508
f 1508 1565 1509
f 483 1566 1567
f 483 1567 1568
f 1566 480 1508
f 1566 1508 1567
f 1568 1567 1508
f 1568 1508 1513
f 486 484 1568
f 486 1568 1569
f 484 483 1568
f 1562 1570 1571
f 1562 1571 1563
f 1570 486 1569
f 1570 1569 1571
f 1563 1571 1564
f 471 469 1572
f 471 1572 1573
f 469 468 1559
f 469 1559 1572
f 1572 1559 1560
f 1572 1560 1574
f 1573 1572 1574
f 477 1575 1576
f 477 1576 1565
f 1575 471 1573
f 1575 1573 1576
f 1576 1573 1577
f 1565 1576 1577
f 1565 1577 1509
f 1578 1579 1580
f 1579 462 1581
f 1579 1581 1580
f 462 461 1581
f 461 460 1581
f 1581 460 1582
f 465 1583 1528
f 465 1528 1529
f 1583 459 1584
f 1583 1584 1528
f 1528 1584 1513
f 453 466 1585
f 453 1585 1586
f 466 465 1529
f 466 1529 1585
f 1586 1585 1529
f 1586 1529 1530
f 455 454 1586
f 454 453 1586
f 460 1587 1582
f 459 458 1588
f 459 1588 1584
f 458 457 1569
f 458 1569 1588
f 1588 1569 1568
f 1584 1588 1568
f 1584 1568 1513
f 457 1589 1571
f 457 1571 1569
f 1589 1578 1580
f 1589 1580 1571
f 1571 1580 1564
f 1590 1591 1592
f 1590 1592 1593
f 1591 1594 1595
f 1591 1595 1592
f 1593 1592 1582
f 1594 1596 1597
f 1594 1597 1595
f 1596 445 1598
f 1596 1598 1597
f 1597 1598 687
f 440 441 1540
f 440 1540 1542
f 441 444 1599
f 441 1599 1540
f 1540 1599 1530
f 1600 1601 1602
f 1600 1602 1603
f 1601 440 1542
f 1601 1542 1602
f 1602 1542 1544
f 1603 1602 1544
f 1603 1544 1547
f 445 447 1604
f 445 1604 1598
f 447 449 1605
f 447 1605 1604
f 1604 1605 1606
f 1598 1604 687
f 449 1607 1605
f 1607 1600 1603
f 1607 1603 1605
f 1605 1603 1547
f 1605 1547 1606
f 444 450 1608
f 444 1608 1599
f 450 452 455
f 450 455 1608
f 1608 455 1586
f 1599 1608 1586
f 1599 1586 1530
f 452 1609 1610
f 452 1610 455
f 1609 1590 1593
f 1609 1593 1610
f 1610 1593 1582
f 1610 1582 1587
f 455 1610 1587
f 393 392 1611
f 393 1611 1612
f 392 391 1611
f 1612 1611 1613
f 391 1614 1611
f 1614 1615 1616
f 1614 1616 1611
f 1611 1616 1617
f 401 400 1559
f 400 399 1618
f 400 1618 1559
f 1559 1618 1560
f 387 1619 1559
f 387 1559 1620
f 1619 401 1559
f 1620 1559 1564
f 1615 1621 1622
f 1615 1622 1616
f 1621 389 1623
f 1621 1623 1622
f 1616 1622 1617
f 389 388 1624
f 389 1624 1623
f 388 387 1620
f 388 1620 1624
f 1624 1620 1564
f 399 398 1625
f 399 1625 1618
f 398 397 1626
f 398 1626 1625
f 1618 1625 1560
f 397 1627 1612
f 397 1612 1626
f 1627 393 1612
f 427 426 1628
f 426 425 1629
f 426 1629 1628
f 425 1630 1629
f 431 430 1632
f 431 1632 1581
f 430 429 1632
f 1632 1564 1580
f 1581 1632 1580
f 436 1633 1581
f 1633 431 1581
f 436 1581 1582
f 435 434 1622
f 435 1622 1623
f 434 427 1628
f 434 1628 1622
f 1622 1628 1617
f 429 1634 1632
f 1634 435 1623
f 1634 1623 1624
f 1632 1634 1624
f 1632 1624 1564
f 438 437 436
f 1630 1635 1629
f 1629 1635 1631
f 859 1636 1592
f 859 1592 1595
f 1636 1637 1638
f 1636 1638 1592
f 1592 1638 1582
f 861 860 1639
f 861 1639 1640
f 860 859 1595
f 860 1595 1639
f 1639 1595 1597
f 1640 1639 1597
f 1640 1597 687
f 1637 1641 1642
f 1637 1642 1638
f 1641 868 1643
f 1641 1643 1642
f 1642 1643 438
f 1642 438 436
f 1638 1642 436
f 1638 436 1582
f 868 866 1635
f 868 1635 1643
f 866 865 1644
f 866 1644 1635
f 1635 1644 1631
f 1643 1635 438
f 1645 1646 687
f 1646 861 1640
f 1646 1640 687
f 865 874 1647
f 865 1647 1644
f 874 804 1647
f 1644 1647 1631
f 804 801 1648
f 804 1648 1647
f 801 800 1649
f 801 1649 1648
f 1648 1649 1437
f 800 1650 1651
f 800 1651 1649
f 1650 1645 687
f 1650 687 1651
f 1651 687 686
f 1651 686 1436
f 1649 1651 1436
f 1649 1436 1437
f 797 796 1652
f 796 1653 1652
f 796 1654 1653
f 1654 1656 1657
f 1654 1657 1653
f 1656 691 1657
f 1653 1657 1658
f 1653 1658 1655
f 691 688 1657
f 1657 781 1658
f 786 1647 1659
f 786 797 1652
f 786 1652 1647
f 1647 1652 1631
f 788 786 1659
f 788 1659 1660
f 1659 1647 1648
f 1660 1659 1648
f 1660 1648 1437
f 688 1661 1662
f 688 1662 1657
f 1661 793 1662
f 1662 676 795
f 1657 1662 795
f 1657 795 781
f 793 792 1663
f 793 1663 1662
f 792 788 1660
f 792 1660 1663
f 1663 1660 1437
f 1663 1437 1438
f 1662 1663 1438
f 1662 1438 676
f 416 415 1628
f 416 1628 1629
f 1628 415 1617
f 423 416 1629
f 423 1629 1631
f 418 1666 1664
f 421 418 1667
f 418 1664 1667
f 1667 1664 1665
f 415 421 1667
f 1652 423 1631
f 418 423 1666
f 423 1652 1653
f 1666 423 1653
f 1666 1653 1655
f 405 404 1611
f 404 403 1611
f 1611 403 1613
f 1668 1669 1670
f 1669 405 1611
f 1669 1611 1670
f 1670 1611 1617
f 409 407 1671
f 407 413 1673
f 407 1673 1671
f 1671 1673 1665
f 1674 409 403
f 409 1675 403
f 409 1671 1675
f 1675 1671 1672
f 1675 1672 403
f 413 415 1673
f 1673 415 1667
f 1673 1667 1665
f 413 1676 415
f 1676 1668 1670
f 1676 1670 415
f 415 1670 1617
f 1679 1680 1681
f 1679 1681 1682
f 1680 1683 1684
f 1680 1684 1681
f 1681 1684 1499
f 1682 1681 1499
f 1682 1499 1498
f 1683 1685 1684
f 1685 1686 1687
f 1685 1687 1684
f 1684 1687 1477
f 1684 1477 1499
f 1688 1689 1690
f 1689 1691 1692
f 1689 1692 1690
f 1690 1692 1693
f 1690 1693 1694
f 1695 1688 1690
f 1695 1690 1696
f 1696 1690 1694
f 1696 1694 1697
f 1698 1699 1700
f 1699 1695 1696
f 1699 1696 1700
f 1700 1696 1697
f 1686 1701 1702
f 1686 1702 1687
f 1701 1698 1700
f 1701 1700 1702
f 1687 1702 1477
f 1703 1704 1705
f 1704 1679 1682
f 1704 1682 1705
f 1705 1682 1498
f 1691 1706 1705
f 1691 1705 1692
f 1706 1703 1705
f 1692 1705 1707
f 1692 1707 1693
f 1708 1709 1710
f 1708 1710 1711
f 1709 1712 1482
f 1709 1482 1710
f 1710 1482 1477
f 1711 1710 1477
f 1712 1713 1482
f 1713 1714 1715
f 1713 1715 1482
f 1482 1715 1453
f 1716 1718 1719
f 1716 1719 1717
f 1717 1719 1697
f 1717 1697 1720
f 1721 1716 1717
f 1721 1717 1722
f 1717 1720 1723
f 1722 1717 1723
f 1722 1723 1724
f 1725 1721 1722
f 1714 1726 1727
f 1714 1727 1715
f 1726 1725 1722
f 1726 1722 1727
f 1715 1727 1722
f 1715 1722 1453
f 1718 1728 1729
f 1718 1729 1719
f 1728 1730 1729
f 1719 1729 1700
f 1719 1700 1697
f 1730 1708 1711
f 1730 1711 1729
f 1729 1711 1477
f 1729 1477 1702
f 1729 1702 1700
f 1731 1732 1733
f 1731 1733 1734
f 1732 1735 1733
f 1734 1733 1736
f 1734 1736 711
f 1735 1737 1738
f 1735 1738 1733
f 1733 1738 1739
f 608 1740 1741
f 608 1741 1742
f 1740 622 1722
f 1740 1722 1741
f 1742 1741 1722
f 1742 1722 1724
f 622 623 1743
f 622 1743 1722
f 623 609 1743
f 1743 1453 1722
f 603 608 1742
f 603 1742 1744
f 1744 1742 1724
f 1744 1724 1745
f 1737 603 1746
f 1737 1746 1738
f 603 1744 1746
f 1746 1744 1745
f 1746 1745 1747
f 1738 1746 1747
f 1738 1747 1739
f 609 612 1748
f 609 1748 1743
f 612 614 1460
f 612 1460 1748
f 1748 1460 1457
f 1743 1748 1457
f 1743 1457 1453
f 614 1749 1460
f 1749 1731 1734
f 1749 1734 1460
f 1460 1734 711
f 1388 1750 1751
f 1750 1752 1753
f 1750 1753 1751
f 1751 1753 1754
f 1384 1386 1751
f 1384 1751 1755
f 1386 1388 1751
f 1755 1751 1756
f 1757 1389 1758
f 1757 1758 1759
f 1759 1758 1694
f 1759 1694 1693
f 1389 1760 1758
f 1389 1380 1761
f 1389 1761 1760
f 1760 1761 1697
f 1760 1697 1694
f 1758 1760 1694
f 1380 1382 1761
f 1382 1383 1761
f 1383 1762 1755
f 1383 1755 1761
f 1762 1384 1755
f 1763 1764 1759
f 1764 1757 1759
f 1752 1765 1766
f 1752 1766 1753
f 1765 1763 1759
f 1765 1759 1766
f 1766 1759 1754
f 1753 1766 1754
f 1767 1768 1769
f 1767 1769 1770
f 1768 1771 1772
f 1768 1772 1769
f 1769 1772 1756
f 1769 1756 1773
f 1770 1769 1773
f 1774 1775 1776
f 1774 1776 1777
f 1775 1767 1770
f 1775 1770 1776
f 1776 1770 1773
f 1777 1776 1773
f 1777 1773 1778
f 1368 1370 1779
f 1368 1779 1780
f 1370 1372 1779
f 1780 1779 1720
f 1780 1720 1697
f 1372 1781 1723
f 1372 1723 1779
f 1781 1373 1782
f 1781 1782 1723
f 1723 1782 1724
f 1779 1723 1720
f 1373 1375 1783
f 1373 1783 1782
f 1375 1377 1783
f 1782 1783 1724
f 1377 1784 1783
f 1784 1774 1777
f 1784 1777 1783
f 1783 1777 1778
f 1783 1778 1785
f 1378 1379 1780
f 1379 1368 1780
f 1780 1697 1761
f 1771 1786 1761
f 1771 1761 1772
f 1786 1378 1780
f 1786 1780 1761
f 1772 1761 1755
f 1772 1755 1756
f 253 252 1787
f 252 251 1787
f 1787 1751 1754
f 251 1788 1787
f 1788 1789 1790
f 1788 1790 1787
f 1787 1790 1756
f 1787 1756 1751
f 256 255 1791
f 1789 1793 1790
f 1793 256 1791
f 1793 1791 1790
f 1790 1791 1756
f 244 253 1787
f 244 1787 1754
f 246 245 244
f 246 244 1794
f 244 1754 1794
f 255 1795 1796
f 255 1796 1791
f 1795 249 1796
f 1791 1796 1792
f 249 248 1796
f 248 246 1794
f 248 1794 1796
f 1677 625 627
f 383 386 385
f 1810 1811 1812
f 304 376 377
f 377 376 1815
f 377 1815 1816
f 305 377 1816
f 378 305 1816
f 378 1816 1817
f 1818 1819 1820
f 379 378 1817
f 1821 628 1822
f 1822 628 1823
f 380 379 1817
f 381 380 1824
f 1825 1826 1827
f 1817 1816 1801
f 1817 1801 1800
f 1831 1832 1833
f 380 1817 1800
f 1836 1835 1802
f 1835 1803 1802
f 1835 1824 1837
f 1835 1837 1838
f 1803 1835 1838
f 1816 1815 1840
f 1816 1840 1807
f 1801 1816 1807
f 1824 380 1843
f 380 1800 1843
f 1843 1800 1801
f 1824 1843 1837
f 1844 1845 1846
f 1671 630 1672
f 1818 630 1847
f 630 1671 1847
f 1847 1671 1665
f 1819 1818 1847
f 630 629 1848
f 630 1848 1672
f 628 1821 1849
f 1821 1851 1849
f 1849 1851 1852
f 1851 1819 1847
f 629 628 1853
f 628 1849 1853
f 1853 1849 1850
f 629 1853 1848
f 1813 625 1854
f 1813 1854 1664
f 1664 1854 1665
f 1813 1664 1855
f 1855 1664 1666
f 1855 1666 1655
f 1854 625 1847
f 1854 1847 1665
f 1856 1813 1855
f 625 1677 1851
f 1677 1857 1851
f 1851 1857 1852
f 625 1851 1847
f 1677 1856 1857
f 1857 1856 1859
f 1857 1859 1858
f 1860 637 1861
f 633 632 1863
f 1863 1856 1855
f 1863 1855 1655
f 635 1864 1865
f 1864 633 1863
f 1864 1863 1865
f 1865 1863 1655
f 1865 1655 1658
f 637 636 1865
f 637 1865 1861
f 636 635 1865
f 1861 1865 1658
f 1861 1658 781
f 1810 1867 1866
f 1811 1810 1866
f 1866 1868 1858
f 1867 1860 1861
f 1867 1861 1866
f 1866 1861 1862
f 1866 1862 1836
f 632 1811 1859
f 632 1859 1863
f 1811 1866 1859
f 1859 1866 1858
f 1863 1859 1856
f 1870 1830 1869
f 1804 1850 1849
f 1805 1804 1849
f 1805 1849 1852
f 1798 1797 1804
f 1804 1871 1850
f 1830 1805 1869
f 1797 1870 1804
f 1870 2267 1871
f 1804 1870 1871
f 1832 1831 1857
f 1857 1831 1852
f 1834 1832 1857
f 1834 1857 1858
f 1831 1841 1805
f 1831 1805 1852
f 1841 1869 1805
f 1841 1808 1869
f 1828 1802 1872
f 1825 1845 1873
f 1873 1866 1836
f 1845 1844 1868
f 1845 1868 1873
f 1873 1868 1866
f 1826 1825 1873
f 1873 1836 1802
f 1844 1834 1868
f 1844 1874 1834
f 1868 1834 1858
f 1828 1873 1802
f 1828 1826 1873
f 1872 2257 1808
f 1874 1872 1808
f 1874 1808 1834
f 1104 1100 1110
f 1110 772 774
f 1104 1110 774
f 1104 774 776
f 785 784 1040
f 770 1109 784
f 1036 1040 784
f 1036 784 1109
f 135 1407 1416
f 1880 282 1879
f 146 1402 1396
f 1402 1886 1396
f 1396 1886 1887
f 1396 1887 293
f 1778 1888 1415
f 293 1887 294
f 295 294 1887
f 1414 148 150
f 1414 150 1416
f 1778 1889 1407
f 1414 1416 1407
f 1414 1407 1889
f 1402 1893 1413
f 1893 1402 146
f 1893 146 149
f 1413 1893 149
f 1413 149 148
f 1887 1886 1894
f 1886 1402 1401
f 1886 1401 1894
f 1894 1401 1400
f 1894 1400 1895
f 1894 1895 1896
f 1402 1415 1399
f 1415 1888 1399
f 1399 1888 1897
f 1399 1897 1397
f 1778 1415 1889
f 1415 1413 1889
f 1414 1889 1413
f 295 1887 1894
f 253 247 1898
f 253 1898 1899
f 253 1899 254
f 247 245 1900
f 247 1900 1898
f 245 246 250
f 245 250 1900
f 1900 250 1899
f 1898 1900 1899
f 1899 250 257
f 1899 257 1901
f 254 1899 1902
f 1899 1901 1902
f 1902 1901 257
f 254 1902 257
f 256 1793 257
f 1793 1789 1903
f 1793 1903 257
f 1789 1788 1903
f 1788 251 254
f 1903 1788 254
f 1903 254 257
f 249 1795 257
f 1795 255 257
f 249 257 250
f 253 244 247
f 1757 1904 1389
f 1904 1391 1389
f 1388 1905 1750
f 1750 1905 1906
f 1750 1906 1752
f 1383 1382 1762
f 1762 1385 1384
f 1771 1907 1786
f 1907 1908 1786
f 1786 1908 1378
f 1377 1375 1784
f 1784 1909 1910
f 1784 1910 1774
f 1781 1376 1374
f 1781 1374 1373
f 1774 1910 1911
f 1774 1911 1775
f 1910 1909 1911
f 1911 1909 1912
f 1911 1912 1767
f 1775 1911 1767
f 1913 1914 1915
f 1913 1915 1407
f 1914 1916 1917
f 1914 1917 1915
f 1915 1917 1778
f 1915 1778 1407
f 1918 1919 1407
f 1918 1407 1920
f 1919 1913 1407
f 1920 1407 1408
f 1360 1361 1921
f 1360 1921 1922
f 1361 1363 1923
f 1361 1923 1921
f 1921 1923 1745
f 1922 1921 1745
f 1922 1745 1724
f 1363 1924 1925
f 1363 1925 1923
f 1924 1364 1926
f 1924 1926 1925
f 1925 1926 1739
f 1925 1739 1747
f 1923 1925 1747
f 1923 1747 1745
f 1364 1365 1927
f 1364 1927 1926
f 1365 1366 1927
f 1926 1927 1739
f 1366 1928 1927
f 1928 1918 1920
f 1928 1920 1927
f 1927 1920 1408
f 1367 1922 1783
f 1367 1360 1922
f 1922 1724 1783
f 1916 1367 1785
f 1916 1785 1917
f 1367 1783 1785
f 1917 1785 1778
f 1929 1930 1409
f 1929 1409 1931
f 1930 1355 1932
f 1930 1932 1409
f 1409 1932 1408
f 1354 1933 1934
f 1354 1934 1935
f 1933 1929 1931
f 1933 1931 1934
f 1934 1931 1409
f 1935 1934 1409
f 1935 1409 1936
f 1358 1359 1937
f 1358 1937 1938
f 1359 1349 1937
f 1938 1937 1939
f 1938 1939 1739
f 1349 1351 1940
f 1349 1940 1937
f 1937 1940 352
f 1937 352 1939
f 1351 1941 1942
f 1351 1942 1940
f 1941 1352 1942
f 1352 1353 1942
f 1353 1354 1935
f 1353 1935 1942
f 1942 1935 1936
f 1357 1358 1938
f 1938 1739 1927
f 1355 1356 1927
f 1355 1927 1932
f 1356 1357 1938
f 1356 1938 1927
f 1932 1927 1408
f 1735 1944 1945
f 1735 1945 1737
f 1916 1946 1367
f 1946 1947 1948
f 1946 1948 1367
f 1366 1365 1928
f 1928 1949 1918
f 1363 1362 1924
f 1950 1951 1952
f 1951 1362 1361
f 1951 1361 1952
f 1952 1361 1360
f 1952 1360 1367
f 1914 1947 1946
f 1914 1946 1916
f 1354 1353 1933
f 1353 1393 1933
f 1933 1393 1395
f 1933 1395 1929
f 1949 1928 1953
f 1928 1365 1954
f 1928 1954 1953
f 1953 1954 1950
f 1953 1950 1955
f 1949 1953 1955
f 1949 1955 1913
f 1351 1350 1941
f 1941 1350 1352
f 1469 1956 1472
f 1472 573 572
f 1501 598 596
f 1501 596 595
f 1496 587 586
f 1490 1957 1491
f 1957 1958 1491
f 1491 1958 592
f 1491 592 590
f 535 1959 533
f 535 550 1960
f 535 1960 1959
f 533 1959 536
f 550 549 1961
f 550 1961 1960
f 549 539 542
f 549 542 1961
f 1961 542 541
f 1960 1961 1962
f 1961 541 547
f 1962 1961 547
f 1962 547 546
f 536 1959 1963
f 536 1963 1964
f 1959 1960 1962
f 1959 1962 1963
f 1963 1962 546
f 1963 546 1965
f 1964 1963 1965
f 534 1521 535
f 1521 548 550
f 1521 550 535
f 546 1519 1965
f 1519 1511 1965
f 540 1516 547
f 1516 543 545
f 1516 545 547
f 540 547 541
f 1511 1510 1965
f 1510 532 536
f 1510 536 1964
f 1965 1510 1964
f 472 1966 475
f 472 471 1967
f 472 1967 1966
f 475 1966 476
f 471 1968 1969
f 471 1969 1967
f 1968 479 482
f 1968 482 1969
f 1969 482 481
f 1969 481 1970
f 1967 1969 1970
f 1967 1970 1971
f 1967 1971 1972
f 1970 481 1973
f 1970 1973 1971
f 1971 1973 485
f 1971 485 487
f 1972 1971 487
f 1972 487 486
f 476 1966 1974
f 476 1974 1975
f 1966 1967 1972
f 1966 1972 1974
f 1974 1972 486
f 1974 486 1976
f 1975 1974 1976
f 486 1570 1976
f 1570 1562 1976
f 480 1566 1973
f 1566 483 485
f 1566 485 1973
f 480 1973 481
f 1562 1561 1976
f 1561 473 476
f 1561 476 1975
f 1976 1561 1975
f 471 1575 1968
f 1575 477 479
f 1575 479 1968
f 395 1977 1978
f 395 1978 392
f 1977 397 1979
f 1977 1979 1978
f 1978 1979 1980
f 1978 1980 1981
f 392 1978 1981
f 392 1981 396
f 397 398 1982
f 397 1982 1979
f 398 399 402
f 398 402 1982
f 1982 402 401
f 1982 401 1983
f 1979 1982 1983
f 1979 1983 1980
f 1980 1983 1984
f 1980 1984 1985
f 1983 401 1986
f 1983 1986 1984
f 1984 1986 387
f 1984 387 390
f 1985 1984 390
f 1985 390 389
f 396 1981 1987
f 396 1987 1988
f 1981 1980 1985
f 1981 1985 1987
f 1987 1985 389
f 1987 389 1989
f 1988 1987 1989
f 1988 1989 1990
f 401 1619 1986
f 1619 387 1986
f 393 1627 394
f 1627 397 1977
f 394 1627 1977
f 394 1977 395
f 1615 1614 1990
f 1614 391 396
f 1614 396 1988
f 1990 1614 1988
f 389 1621 1989
f 1621 1615 1990
f 1621 1990 1989
f 1991 413 1992
f 1991 1992 406
f 413 414 1993
f 413 1993 1992
f 1993 414 412
f 1993 412 1992
f 1992 412 411
f 1992 411 409
f 406 1992 1994
f 1994 1992 409
f 1994 409 1995
f 406 1994 1995
f 406 1995 403
f 1668 1676 1991
f 1676 413 1991
f 409 1674 1995
f 1674 403 1995
f 413 407 1996
f 413 1996 414
f 407 408 1996
f 1996 408 412
f 1996 412 414
f 1669 1668 1991
f 405 1669 1991
f 405 1991 406
f 1997 631 1820
f 1997 628 630
f 1997 630 631
f 628 1997 1823
f 1997 1820 1998
f 1997 1998 1823
f 1851 1821 1999
f 1821 1822 1999
f 1999 1822 1823
f 1999 1823 1998
f 1999 1998 1820
f 1818 1820 631
f 630 1818 631
f 629 630 628
f 1819 1851 1999
f 1819 1999 1820
f 2000 1829 1830
f 1799 2000 1830
f 1798 1806 2000
f 1798 2000 1797
f 1797 2000 1799
f 1806 1804 2000
f 1804 1805 1829
f 1804 1829 2000
f 1805 1830 1829
f 1870 1797 1799
f 1870 1799 1830
f 1798 1804 1806
f 2001 2003 2004
f 2001 2004 2002
f 2002 2004 2005
f 2002 2005 2006
f 2001 2002 2007
f 2002 2006 2008
f 2002 2008 2007
f 2007 2008 2009
f 2001 2007 2009
f 2001 2009 2010
f 1478 2011 1479
f 2011 2012 2013
f 2011 2013 1479
f 1479 2013 583
f 1479 583 581
f 585 584 1486
f 584 2014 1486
f 1486 2014 576
f 1483 2012 2011
f 1483 2011 1478
f 528 531 2015
f 528 2015 2016
f 531 530 2015
f 2016 2015 2017
f 2016 2017 519
f 530 2018 2019
f 530 2019 2015
f 2018 2020 2019
f 2019 2020 525
f 2019 525 2017
f 2015 2019 2017
f 2017 525 522
f 2017 522 2021
f 2021 522 524
f 2021 524 526
f 519 2017 2022
f 519 2022 520
f 2017 2021 2022
f 2022 2021 526
f 2022 526 527
f 520 2022 527
f 520 527 516
f 530 1537 2018
f 1537 1533 2018
f 523 1535 524
f 1535 526 524
f 1533 1531 2018
f 1531 521 525
f 1531 525 2020
f 2018 1531 2020
f 518 1527 2016
f 1527 528 2016
f 518 2016 519
f 2023 457 2024
f 2023 2024 2025
f 2023 2025 463
f 457 458 2026
f 457 2026 2024
f 458 459 2027
f 458 2027 2026
f 2026 2027 467
f 2026 467 2025
f 2024 2026 2025
f 2025 467 466
f 2025 466 2028
f 2028 466 453
f 2028 453 456
f 2028 456 455
f 463 2025 2029
f 463 2029 464
f 2025 2028 2029
f 2029 2028 455
f 2029 455 2030
f 464 2029 2030
f 464 2030 460
f 1583 465 467
f 1583 467 2027
f 459 1583 2027
f 462 1579 2023
f 1579 1578 2023
f 462 2023 463
f 1578 1589 2023
f 1589 457 2023
f 455 1587 2030
f 1587 460 2030
f 427 435 2031
f 427 2031 2032
f 427 2032 428
f 435 2033 2034
f 435 2034 2031
f 2033 429 433
f 2033 433 2034
f 2034 433 432
f 2034 432 2032
f 2031 2034 2032
f 2032 432 2035
f 2035 432 436
f 2035 436 439
f 2035 439 438
f 428 2032 2036
f 2032 2035 2036
f 2036 2035 438
f 2036 438 2037
f 428 2036 2037
f 438 1635 2037
f 1635 1630 2037
f 435 1634 2033
f 1634 429 2033
f 431 1633 432
f 1633 436 432
f 1630 425 428
f 1630 428 2037
f 423 2038 424
f 2038 420 424
f 424 420 419
f 424 419 422
f 417 424 422
f 417 422 415
f 423 418 2038
f 418 2039 2038
f 421 415 422
f 418 419 2039
f 2039 419 420
f 2039 420 2038
f 416 423 424
f 416 424 417
f 626 1814 2040
f 626 2040 627
f 1814 1813 2041
f 2041 1813 2042
f 627 2040 1677
f 2040 1814 1678
f 2040 1678 1677
f 2041 2042 1678
f 1814 2041 1678
f 625 1813 626
f 1813 1814 626
f 1856 1677 2043
f 1856 2043 2042
f 2043 1677 1678
f 2043 1678 2042
f 1813 1856 2042
f 2044 1834 1809
f 1831 1833 1841
f 1833 1834 2044
f 1841 1833 1809
f 1833 2044 1809
f 1841 1809 1842
f 1834 1808 1809
f 1832 1834 1833
f 1808 1841 1842
f 1808 1842 1809
f 608 607 1740
f 607 606 624
f 607 624 1740
f 1740 624 622
f 614 2045 1749
f 614 2046 2045
f 2045 2046 2047
f 2045 2047 2048
f 1749 2045 2048
f 1749 2048 1731
f 1737 1945 604
f 1737 604 603
f 1945 1944 604
f 604 1944 605
f 556 555 2049
f 556 2049 1458
f 555 554 2050
f 555 2050 2049
f 2049 2050 566
f 2049 566 563
f 1458 2049 563
f 562 2051 1454
f 2051 2052 2053
f 1454 2051 2053
f 1454 2053 1439
f 1443 2054 1446
f 1443 2055 571
f 1443 571 2054
f 2054 571 568
f 1446 2054 568
f 1446 568 567
f 502 501 2056
f 502 2056 506
f 501 500 2057
f 501 2057 2056
f 2056 2057 2058
f 2056 2058 2059
f 506 2056 2059
f 506 2059 507
f 500 2060 2061
f 500 2061 2057
f 2060 515 514
f 2060 514 2061
f 2061 514 513
f 2061 513 2062
f 2057 2061 2062
f 2057 2062 2058
f 2058 2062 2063
f 2058 2063 2064
f 2062 513 495
f 2062 495 2063
f 2063 495 494
f 2064 2063 494
f 2064 494 493
f 507 2059 2065
f 507 2065 2066
f 2059 2058 2064
f 2059 2064 2065
f 2065 2064 493
f 2065 493 2067
f 2066 2065 2067
f 512 1549 2068
f 1549 488 491
f 1549 491 2068
f 2068 491 495
f 512 2068 495
f 512 495 513
f 1545 1543 2069
f 1545 2069 2070
f 1543 503 2069
f 2069 503 507
f 2069 507 2066
f 2070 2069 2066
f 2070 2066 2067
f 499 1556 2060
f 1556 508 511
f 1556 511 2060
f 2060 511 515
f 499 2060 500
f 492 1552 2067
f 1552 1545 2070
f 1552 2070 2067
f 492 2067 493
f 452 451 1609
f 1609 2071 1590
f 1607 2072 2073
f 1607 2073 1600
f 1600 2073 1601
f 2073 2072 2074
f 2073 2074 1601
f 1601 2074 442
f 1601 442 440
f 1594 2075 1596
f 1594 2076 2075
f 2075 448 446
f 1596 2075 446
f 1596 446 445
f 2077 2078 2079
f 2077 2079 2080
f 2078 2081 2082
f 2078 2082 2079
f 2079 2082 864
f 2079 864 860
f 2080 2079 860
f 2080 860 863
f 2083 2084 2085
f 2083 2085 2086
f 2084 864 2082
f 2084 2082 2085
f 2085 2082 2081
f 2085 2081 2087
f 2086 2085 2087
f 2086 2087 869
f 2077 2088 2089
f 2077 2089 2078
f 2088 807 806
f 2088 806 2089
f 2089 806 805
f 2089 805 2090
f 2078 2089 2090
f 2078 2090 2081
f 871 870 2091
f 871 2091 875
f 870 869 2087
f 870 2087 2091
f 2091 2087 2081
f 2091 2081 2090
f 875 2091 2090
f 875 2090 805
f 861 1646 862
f 1646 1645 2077
f 1646 2077 2080
f 862 1646 2080
f 862 2080 863
f 868 1641 2086
f 1641 1637 2083
f 1641 2083 2086
f 868 2086 869
f 1637 1636 2083
f 1636 859 864
f 1636 864 2084
f 2083 1636 2084
f 1645 1650 2088
f 1650 800 803
f 1650 803 2088
f 2088 803 807
f 1645 2088 2077
f 2092 791 790
f 794 2092 790
f 798 2092 796
f 798 791 2092
f 796 2092 799
f 2092 794 693
f 2093 799 2092
f 2093 2092 693
f 1654 796 799
f 1654 799 2094
f 2094 799 2093
f 1661 688 690
f 1661 690 693
f 793 1661 693
f 793 693 794
f 797 786 2095
f 797 2095 798
f 2095 786 791
f 2095 791 798
f 691 1656 2096
f 691 2096 692
f 1656 1654 2094
f 1656 2094 2096
f 2096 2094 2093
f 692 2096 2093
f 692 2093 693
f 637 2097 636
f 636 2097 638
f 638 2097 2098
f 638 2098 634
f 2098 632 634
f 2097 637 2099
f 2097 2099 1812
f 632 2098 1811
f 2098 2097 1812
f 2098 1812 1811
f 1860 1867 2100
f 1860 2100 2099
f 1860 2099 637
f 1867 1810 2100
f 2100 1810 1812
f 2100 1812 2099
f 633 1864 634
f 1864 635 638
f 1864 638 634
f 1846 1825 1827
f 1846 1827 1826
f 2101 1846 1839
f 1846 1826 1828
f 1846 1828 1839
f 1845 1825 1846
f 1828 1872 1839
f 1839 1872 2101
f 1872 1874 2101
f 1874 1844 2101
f 2101 1844 1846
f 653 651 2102
f 653 2102 2103
f 651 650 2104
f 651 2104 2102
f 2103 2102 2105
f 650 2106 2104
f 2106 2107 2108
f 2106 2108 2104
f 2104 2108 718
f 660 658 2109
f 658 657 2110
f 658 2110 2109
f 2109 2110 1547
f 2109 1547 1555
f 663 2111 1555
f 663 1555 2112
f 2111 660 2109
f 2111 2109 1555
f 2112 1555 1449
f 667 664 2112
f 664 663 2112
f 2107 2113 2114
f 2107 2114 2108
f 2113 667 2112
f 2113 2112 2114
f 2108 2114 718
f 657 672 2115
f 657 2115 2110
f 672 671 2116
f 672 2116 2115
f 2115 2116 2117
f 2110 2115 2117
f 2110 2117 1547
f 671 2118 2116
f 2118 653 2103
f 2118 2103 2116
f 2116 2103 2105
f 2116 2105 2117
f 814 2119 1604
f 814 1604 1606
f 2119 827 2120
f 2119 2120 1604
f 1604 2120 687
f 816 815 2121
f 816 2121 2122
f 815 814 1606
f 815 1606 2121
f 2122 2121 1606
f 2122 1606 1547
f 819 2123 2124
f 819 2124 2125
f 2123 816 2122
f 2123 2122 2124
f 2124 2122 1547
f 2124 1547 2117
f 2125 2124 2117
f 808 820 2125
f 808 2125 2126
f 820 819 2125
f 2126 2125 2117
f 2126 2117 2105
f 824 2127 2128
f 2127 2129 2130
f 2127 2130 2128
f 2128 2130 683
f 2128 683 684
f 827 825 2131
f 827 2131 2120
f 825 824 2128
f 825 2128 2131
f 2131 2128 684
f 2131 684 685
f 2120 2131 685
f 2120 685 687
f 811 809 2132
f 809 808 2126
f 809 2126 2132
f 2132 2126 2105
f 2129 2133 2134
f 2129 2134 2130
f 2133 811 2132
f 2133 2132 2134
f 2130 2134 683
f 2135 656 2137
f 2135 2137 2136
f 2136 2137 2138
f 2136 2138 2139
f 2135 2136 2139
f 2135 2139 669
f 656 655 2140
f 656 2140 2137
f 2140 655 675
f 2140 675 2141
f 2137 2140 2141
f 2137 2141 2138
f 2138 2141 2142
f 2138 2142 2143
f 2141 675 662
f 2141 662 2142
f 2143 2142 662
f 2143 662 661
f 669 2139 2144
f 669 2144 670
f 2139 2138 2143
f 2139 2143 2144
f 2144 2143 661
f 2144 661 670
f 653 2118 2145
f 653 2145 654
f 2118 671 674
f 2118 674 2145
f 2145 674 675
f 2145 675 655
f 654 2145 655
f 667 2113 2146
f 667 2146 668
f 2113 2107 2147
f 2113 2147 2146
f 2146 2147 2135
f 668 2146 2135
f 668 2135 669
f 660 2111 670
f 2111 663 666
f 2111 666 670
f 660 670 661
f 2107 2106 2147
f 2106 650 656
f 2106 656 2135
f 2147 2106 2135
f 829 2148 2149
f 829 2149 830
f 2148 814 2150
f 2148 2150 2149
f 2149 2150 2151
f 2149 2151 2152
f 830 2149 2152
f 830 2152 831
f 814 815 2153
f 814 2153 2150
f 815 818 2154
f 815 2154 2153
f 2153 2154 823
f 2153 823 2155
f 2150 2153 2155
f 2150 2155 2151
f 2151 2155 2156
f 2151 2156 2157
f 2155 823 822
f 2155 822 2156
f 2156 822 813
f 2156 813 812
f 2157 2156 812
f 2157 812 811
f 831 2152 2158
f 831 2158 2159
f 2152 2151 2157
f 2152 2157 2158
f 2158 2157 811
f 2158 811 2160
f 2159 2158 2160
f 2159 2160 2161
f 2129 2127 2162
f 2129 2162 2163
f 2127 824 2162
f 2162 824 831
f 2162 831 2159
f 2163 2162 2159
f 2163 2159 2161
f 816 2123 2164
f 816 2164 817
f 2123 819 2164
f 2164 819 823
f 2164 823 2154
f 817 2164 2154
f 817 2154 818
f 827 2119 828
f 2119 814 2148
f 828 2119 2148
f 828 2148 829
f 811 2133 2160
f 2133 2129 2163
f 2133 2163 2160
f 2160 2163 2161
f 275 271 2165
f 275 2165 2166
f 271 274 2167
f 271 2167 2165
f 2165 2167 1773
f 2166 2165 1773
f 2166 1773 1756
f 274 2168 2169
f 274 2169 2167
f 2168 2170 2171
f 2168 2171 2169
f 2169 2171 1778
f 2169 1778 1773
f 2167 2169 1773
f 2172 2173 2174
f 2172 2174 2175
f 2173 2176 2174
f 2174 2176 1791
f 2175 2174 1791
f 2175 1791 1792
f 2176 2177 2178
f 2177 275 2166
f 2177 2166 2178
f 2178 2166 1756
f 2178 1756 1791
f 2176 2178 1791
f 1406 2179 2180
f 1406 2180 2181
f 2179 2172 2175
f 2179 2175 2180
f 2180 2175 1792
f 2181 2180 1792
f 2182 2183 2184
f 2182 2184 1888
f 2183 1403 2185
f 2183 2185 2184
f 2184 2185 1397
f 2184 1397 1897
f 1888 2184 1897
f 1403 1404 2186
f 1403 2186 2185
f 1404 1406 2181
f 1404 2181 2186
f 2186 2181 1792
f 2185 2186 1397
f 2170 2187 2188
f 2170 2188 2171
f 2187 2182 1888
f 2187 1888 2188
f 2171 2188 1888
f 2171 1888 1778
f 1890 1792 1796
f 1890 1796 2190
f 2189 2190 1796
f 2189 1796 1794
f 1875 1877 2191
f 1877 2189 1794
f 1877 1794 2192
f 1892 1875 1890
f 1884 2193 1400
f 1884 1400 1398
f 1884 1398 1397
f 282 1880 1875
f 282 1875 2191
f 282 2191 2194
f 1880 1879 1890
f 1880 1890 1875
f 1890 1879 1792
f 2193 1896 1895
f 2193 1895 1400
f 1884 2186 1879
f 2186 1884 1397
f 1879 2186 1792
f 2193 282 2194
f 2193 2194 1896
f 1882 2197 2195
f 1883 2196 2191
f 1881 1883 1877
f 1883 2191 1877
f 2197 1881 1877
f 2197 1877 2192
f 2197 2192 2195
f 1883 1882 228
f 1883 228 2196
f 2199 295 1894
f 2199 1894 2198
f 2198 1894 1896
f 2198 1896 2194
f 1882 2200 229
f 228 1882 229
f 2198 2196 228
f 296 229 2200
f 2198 2194 2196
f 2194 2191 2196
f 2200 2201 296
f 296 2201 298
f 2200 1882 2201
f 1882 2195 2201
f 1364 1924 1954
f 1364 1954 1365
f 1924 1362 1951
f 1924 1951 1954
f 1954 1951 1950
f 1395 1394 2202
f 1395 2202 2203
f 2203 2202 1356
f 2203 1356 1355
f 1352 1350 1392
f 1350 1349 1392
f 1392 1349 1394
f 2176 2204 2177
f 2204 2205 2206
f 2204 2206 2177
f 2177 2206 270
f 2177 270 275
f 1406 1405 2179
f 1405 2207 2179
f 2179 2207 2208
f 2179 2208 2172
f 2170 2209 2187
f 2187 2209 2210
f 2187 2210 2182
f 2211 2212 1885
f 2211 1885 1884
f 1879 282 2211
f 282 2213 2211
f 2211 2213 2212
f 2211 1884 1879
f 2193 1884 1885
f 2193 1885 2212
f 282 2193 2213
f 2193 2212 2213
f 1890 1891 1876
f 1890 1876 1892
f 1892 1876 1875
f 1875 1876 1878
f 1875 1878 1877
f 1890 2190 1891
f 1877 1878 2214
f 1877 2214 2189
f 2198 228 235
f 2198 235 2199
f 2199 235 226
f 2199 226 295
f 1881 2215 1883
f 2215 1882 1883
f 2197 1882 2215
f 1881 2197 2215
f 2216 2217 2218
f 2217 748 2219
f 2217 2219 2218
f 748 751 2219
f 754 2102 2104
f 754 2216 2218
f 754 2218 2102
f 2102 2218 2105
f 754 2104 2220
f 2220 2104 718
f 751 2221 747
f 751 747 744
f 2221 759 764
f 2221 764 747
f 747 764 745
f 751 744 2219
f 2219 744 736
f 763 754 2220
f 763 2220 764
f 2220 718 766
f 764 2220 766
f 759 761 764
f 761 763 764
f 2222 2223 2218
f 2222 2218 2219
f 2223 832 2224
f 2223 2224 2218
f 2218 2224 2105
f 2225 2226 2227
f 2225 2227 2228
f 2226 2222 2219
f 2226 2219 2227
f 2228 2227 2219
f 2228 2219 736
f 846 2229 2230
f 846 2230 2231
f 2229 837 2232
f 2229 2232 2230
f 2230 2232 851
f 2230 851 1128
f 2231 2230 1128
f 2231 1128 1126
f 841 843 2233
f 841 2233 2234
f 843 846 2231
f 843 2231 2233
f 2233 2231 1126
f 2233 1126 1125
f 2234 2233 1125
f 2234 1125 683
f 832 834 2224
f 834 836 2224
f 2224 2132 2105
f 836 2235 2134
f 836 2134 2224
f 2235 841 2234
f 2235 2234 2134
f 2134 2234 683
f 2224 2134 2132
f 837 839 2232
f 2232 848 852
f 2232 852 851
f 839 2236 2232
f 2236 2225 2228
f 2236 2228 2232
f 2232 2228 736
f 2232 736 848
f 2225 2237 2226
f 2237 2238 2226
f 2226 2238 2239
f 2226 2239 2222
f 763 755 754
f 763 756 755
f 751 750 762
f 751 762 2221
f 750 758 762
f 2221 762 760
f 2221 760 759
f 754 755 2240
f 755 757 2240
f 2240 757 2241
f 754 2240 2241
f 754 2241 2216
f 2229 840 838
f 2229 838 837
f 371 370 2242
f 371 2242 2243
f 370 369 2242
f 2236 839 2238
f 2236 2238 2237
f 2236 2237 2225
f 2235 844 842
f 2235 842 841
f 2256 2244 2246
f 2250 2248 2251
f 2252 2250 2253
f 2253 2250 2251
f 2255 2256 2246
f 1802 1803 2256
f 1802 2256 2255
f 1807 1840 2254
f 1801 1807 2249
f 1807 2254 2249
f 1801 2249 2245
f 1837 1843 2245
f 1843 1801 2245
f 2265 2263 2266
f 1803 1838 2256
f 2256 1838 2244
f 1838 1837 2245
f 1838 2245 2244
f 21 20 2254
f 2249 2254 20
f 5 2249 20
f 5 2245 2249
f 2245 4 2244
f 15 2255 2246
f 81 2257 2255
f 81 2247 2257
f 77 2248 2247
f 77 2251 2248
f 75 2253 2251
f 4 2245 5
f 2246 2244 7
f 4 7 2244
f 15 2246 7
f 15 79 2255
f 81 2255 79
f 81 86 2247
f 77 2247 86
f 77 76 2251
f 75 2251 76
f 2262 2261 1869
f 2261 1870 1869
f 1870 2261 2267
f 2258 2250 2261
f 2261 2250 2252
f 2261 2252 2267
f 2248 2262 1869
f 2258 2262 2248
f 2258 2248 2250
f 2263 2265 1808
f 2263 1808 2257
f 2265 1869 1808
f 2265 2264 1869
f 2264 2263 2257
f 2264 2247 2248
f 2264 2248 1869
f 2247 2264 2257
f 2255 2257 1872
f 2255 1872 1802
f 2261 2260 2259
f 2261 2259 2258
f 2260 2262 2259
f 2261 2262 2260
f 2258 2259 2262
f 2264 2268 2269
f 2268 2266 2269
f 2269 2266 2264
f 2266 2263 2264
f 2265 2266 2268
f 2264 2265 2268
f 371 2243 2270
f 371 2270 2271
f 2243 2272 2270
f 2270 2272 701
f 2270 701 709
f 2271 2270 709
f 2271 709 711
f 2243 2273 2274
f 2243 2274 2272
f 2272 2274 346
f 2272 346 698
f 2272 698 701
f 363 2275 2276
f 363 365 2277
f 363 2277 2275
f 2275 2277 1739
f 2275 1739 1939
f 2276 2275 1939
f 375 363 2278
f 375 2278 2279
f 363 2276 2278
f 2278 2276 1939
f 2279 2278 1939
f 2279 1939 352
f 366 367 2280
f 366 2280 1733
f 367 371 2271
f 367 2271 2280
f 2280 2271 711
f 2280 711 1736
f 1733 2280 1736
f 365 2281 2277
f 2281 366 1733
f 2281 1733 2277
f 2277 1733 1739
f 372 373 2279
f 373 375 2279
f 2279 352 347
f 2273 2282 2279
f 2273 2279 2274
f 2282 372 2279
f 2274 2279 347
f 2274 347 346
f 646 644 2283
f 646 2283 2284
f 644 645 2285
f 644 2285 2283
f 2283 2285 360
f 2284 2283 360
f 2284 360 359
f 2273 374 2282
f 2282 374 372
f 365 364 2281
f 364 368 2281
f 2281 368 366
f 375 373 363
f 2287 781 780
f 384 2286 780
f 2286 2287 780
f 383 384 780
f 780 382 381
f 383 780 381
f 2286 1862 2287
f 2287 1862 1861
f 2287 1861 781
f 385 386 1835
f 1835 386 1824
f 2288 385 1835
f 386 383 381
f 386 381 1824
f 2286 2288 1835
f 2286 1835 1862
f 1862 1835 1836
f 2286 2290 2288
f 2288 2290 385
f 2291 2289 2286
f 647 2292 717
f 647 717 2293
f 2292 639 2294
f 2292 2294 717
f 717 2294 712
f 2293 717 718
f 639 640 2295
f 639 2295 2294
f 640 642 2296
f 640 2296 2295
f 2295 2296 711
f 2295 711 712
f 2294 2295 712
f 2297 2298 2299
f 2297 2299 2300
f 2298 643 2112
f 2298 2112 2299
f 2300 2299 2112
f 2300 2112 1449
f 643 644 2114
f 643 2114 2112
f 644 647 2293
f 644 2293 2114
f 2114 2293 718
f 649 2301 1464
f 649 1464 1463
f 2301 2297 2300
f 2301 2300 1464
f 1464 2300 1449
f 642 648 2302
f 642 2302 2296
f 648 649 1463
f 648 1463 2302
f 2302 1463 1465
f 2296 2302 1465
f 2296 1465 711
f 649 362 2301
f 362 2303 2301
f 2301 2303 2304
f 2301 2304 2297
f 2297 2304 2298
f 2304 2305 2298
f 2298 2305 645
f 2298 645 643
f 1345 2306 269
f 1343 1344 1345
f 1343 1345 239
f 1345 269 268
f 239 1345 268
f 1342 1346 353
f 1346 1347 354
f 1346 354 353
f 1347 1348 341
f 1347 341 354
f 1348 1339 341
f 1348 1343 239
f 1348 239 1339
f 1340 1342 353
f 1340 353 1940
f 1940 353 352
f 2307 1340 2306
f 1340 1940 2306
f 2306 1940 1942
f 2306 1942 1936
f 1340 2308 1342
f 1342 2308 1346
f 2307 1341 1340
f 615 2309 616
f 616 2309 2310
f 616 2310 618
f 1918 1949 1919
f 1919 1949 1913
f 1957 2311 2312
f 1957 2312 1958
f 2311 589 2313
f 2311 2313 2312
f 2312 2313 2314
f 2312 2314 2315
f 1958 2312 2315
f 1958 2315 592
f 589 588 2316
f 589 2316 2313
f 588 587 1496
f 588 1496 2316
f 2316 1496 600
f 2316 600 2317
f 2313 2316 2317
f 2313 2317 2314
f 2314 2317 2318
f 2314 2318 2319
f 2317 600 599
f 2317 599 2318
f 2318 599 598
f 2318 598 1501
f 2319 2318 1501
f 2319 1501 602
f 592 2315 2320
f 592 2320 591
f 2315 2314 2319
f 2315 2319 2320
f 2320 2319 602
f 2320 602 601
f 591 2320 601
f 591 601 593
f 589 2311 1504
f 1504 2311 1957
f 1504 1957 1490
f 2071 1609 2321
f 2071 2321 2322
f 1609 451 2323
f 1609 2323 2321
f 2321 2323 2324
f 2321 2324 2325
f 2322 2321 2325
f 2322 2325 2076
f 451 450 2326
f 451 2326 2323
f 450 443 441
f 450 441 2326
f 2326 441 442
f 2326 442 2327
f 2323 2326 2327
f 2323 2327 2324
f 2324 2327 2328
f 2324 2328 2329
f 2327 442 2074
f 2327 2074 2328
f 2328 2074 2072
f 2328 2072 1607
f 2329 2328 1607
f 2329 1607 449
f 2076 2325 2330
f 2076 2330 2075
f 2325 2324 2329
f 2325 2329 2330
f 2330 2329 449
f 2330 449 447
f 2075 2330 447
f 2075 447 448
f 1590 2071 1591
f 2071 2322 1591
f 1591 2322 2076
f 1591 2076 1594
f 53 46 82
f 64 63 2331
f 63 53 84
f 63 84 83
f 63 83 2332
f 2331 63 2332
f 2331 2332 2333
f 92 60 110
f 60 64 2331
f 60 2331 110
f 110 2331 2333
f 110 2333 109
f 125 36 128
f 125 128 115
f 36 124 2334
f 36 2334 35
f 124 123 45
f 124 45 2334
f 35 2334 45
f 37 38 133
f 38 19 29
f 38 29 133
f 133 29 14
f 133 14 134
f 125 115 129
f 37 125 129
f 2336 2337 2338
f 2335 2336 2338
f 2335 2338 2339
f 1235 2340 2341
f 2340 1259 2342
f 2340 2342 2343
f 2341 2340 2343
f 1331 1332 2335
f 1332 2344 2336
f 1332 2336 2335
f 2344 1239 2337
f 2344 2337 2336
f 1239 1242 2337
f 1234 2345 2340
f 1234 2340 1235
f 2345 1257 1259
f 2345 1259 2340
f 1266 2346 2347
f 2346 2348 2349
f 2347 2346 2349
f 2347 2349 2350
f 1265 1264 2351
f 1264 1266 2347
f 1264 2347 2350
f 2351 1264 2350
f 1239 2344 2348
f 2344 1332 2352
f 1236 1243 2353
f 1236 2353 1237
f 1243 1262 1265
f 1243 1265 2353
f 1332 1331 2354
f 1332 2354 2352
f 2354 1331 1238
f 1241 1240 2346
f 1241 2346 1266
f 1240 1239 2348
f 1240 2348 2346
f 1230 2355 2356
f 2355 1256 2357
f 2355 2357 2358
f 2356 2355 2358
f 2360 2361 2362
f 2360 2362 2363
f 2359 2360 2363
f 2359 2363 2364
f 1234 1261 2361
f 1261 1227 1231
f 1261 1231 2365
f 2361 1261 2365
f 1255 1257 2359
f 1226 1224 2355
f 1226 2355 1230
f 1224 1225 1256
f 1224 1256 2355
f 1257 2345 2360
f 1257 2360 2359
f 2345 1234 2361
f 2345 2361 2360
f 999 980 2366
f 2367 2368 2369
f 986 1001 2368
f 1001 995 998
f 978 2370 979
f 2370 984 2367
f 2370 2367 2371
f 979 2370 2371
f 992 1115 980
f 992 980 999
f 984 987 2368
f 984 2368 2367
f 987 986 2368
f 975 2372 2373
f 2372 994 2374
f 2372 2374 2375
f 2373 2372 2375
f 2377 973 2378
f 2376 2377 2378
f 977 976 2379
f 976 974 2376
f 976 2376 2379
f 995 1002 996
f 975 992 994
f 975 994 2372
f 974 972 2377
f 974 2377 2376
f 972 973 2377
f 2381 981 2382
f 2381 2382 2383
f 2380 2381 2383
f 2384 2385 2386
f 876 1117 2385
f 1117 1004 2380
f 984 2370 1003
f 2370 978 2384
f 2370 2384 2387
f 1003 2370 2387
f 1004 988 2381
f 1004 2381 2380
f 988 981 2381
f 978 1116 2385
f 978 2385 2384
f 1116 876 2385
f 2388 2389 2390
f 2389 2339 2338
f 2389 2338 2390
f 2390 2338 2391
f 2342 2392 2390
f 2342 2390 2343
f 2392 2388 2390
f 2343 2390 2391
f 2343 2391 2341
f 1260 1331 2393
f 1331 2335 2393
f 2393 2335 2339
f 2393 2339 2389
f 1260 2393 2389
f 1260 2389 2388
f 1232 1233 2394
f 1233 1235 2341
f 1233 2341 2394
f 2394 2341 2391
f 2337 1242 2395
f 1242 1232 2394
f 1242 2394 2395
f 2395 2394 2391
f 2395 2391 2338
f 2337 2395 2338
f 1258 1260 2388
f 1258 2388 2392
f 1259 1258 2392
f 1259 2392 2342
f 2357 2396 2397
f 2357 2397 2358
f 2396 2398 2397
f 2358 2397 2399
f 2358 2399 2356
f 2398 2400 2401
f 2398 2401 2397
f 2400 2364 2363
f 2400 2363 2401
f 2401 2363 2362
f 2401 2362 2399
f 2397 2401 2399
f 1255 2402 2403
f 1255 2359 2402
f 2402 2359 2364
f 2402 2364 2400
f 2403 2402 2400
f 2403 2400 2398
f 2365 1231 2404
f 2365 2404 2399
f 2361 2365 2399
f 2361 2399 2362
f 1231 1229 2404
f 1229 1230 2356
f 1229 2356 2404
f 2404 2356 2399
f 1256 1255 2405
f 1255 2403 2405
f 2405 2403 2398
f 2405 2398 2396
f 1256 2405 2396
f 1256 2396 2357
f 2406 2407 2349
f 2406 2408 2407
f 2407 2350 2349
f 2408 2409 2407
f 2409 2408 2351
f 2409 2351 2350
f 2407 2409 2350
f 2354 1238 2408
f 2354 2408 2406
f 2352 2354 2406
f 2353 1265 2351
f 2353 2351 2408
f 1237 2353 2408
f 2344 2352 2406
f 2344 2406 2349
f 2348 2344 2349
f 1238 1331 2410
f 1331 1237 2410
f 2410 1237 2408
f 1238 2410 2408
f 2386 2411 2412
f 2386 2383 2411
f 2383 2382 2412
f 2411 2383 2412
f 1003 2387 2386
f 2387 2384 2386
f 2385 1117 2413
f 1117 2380 2413
f 2413 2380 2383
f 2413 2383 2386
f 2385 2413 2386
f 981 982 2382
f 982 983 2412
f 2382 982 2412
f 983 985 2412
f 985 1003 2386
f 985 2386 2412
f 2366 2367 2369
f 998 1000 2366
f 1000 999 2366
f 979 2371 2366
f 2371 2367 2366
f 980 1115 2414
f 1115 979 2366
f 1115 2366 2414
f 980 2414 2366
f 2368 1001 2369
f 1001 998 2366
f 1001 2366 2369
f 2378 2375 2415
f 2415 2416 2378
f 2375 2374 2415
f 2415 2374 2416
f 996 1002 2374
f 1002 977 2416
f 1002 2416 2374
f 977 2379 2417
f 977 2417 2416
f 2379 2376 2417
f 2417 2376 2378
f 2416 2417 2378
f 973 975 2418
f 975 2373 2418
f 2418 2373 2375
f 2418 2375 2378
f 973 2418 2378
f 994 997 2374
f 997 996 2374
f 1712 620 1713
f 1712 621 620
f 1713 620 619
f 1713 619 1714
f 1721 2419 2420
f 1721 2420 1716
f 2419 2310 2309
f 2419 2309 2420
f 2420 2309 1716
f 1714 619 1726
f 619 618 1726
f 1726 618 1725
f 1698 1701 2006
f 1701 1686 2008
f 2006 1701 2008
f 1704 1703 2421
f 1679 1704 2421
f 1683 1680 2010
f 1691 1689 2422
f 1689 1688 2003
f 2422 1689 2003
f 2422 2003 2423
f 1730 2424 1708
f 2425 1703 2423
f 2425 2423 2003
f 2001 2425 2003
f 2001 2010 1680
f 2001 1680 2425
f 2425 1680 1679
f 2425 1679 2421
f 2425 2421 1703
f 1688 1695 2426
f 1688 2426 2004
f 2004 2426 2005
f 1688 2004 2003
f 1686 1685 2008
f 1685 1683 2010
f 1685 2010 2009
f 2008 1685 2009
f 1703 1706 2423
f 1706 1691 2422
f 1706 2422 2423
f 1695 1699 2426
f 1699 1698 2006
f 2426 1699 2006
f 2426 2006 2005
f 1718 2427 1728
f 2427 2428 2429
f 2427 2429 1728
f 1728 2429 1730
f 618 2310 2419
f 1725 618 2419
f 1725 2419 1721
f 1716 2309 2431
f 1716 2431 2430
f 2430 2431 2428
f 2430 2428 2427
f 1716 2430 2427
f 1716 2427 1718
f 610 623 2432
f 610 2432 613
f 623 624 2433
f 623 2433 2432
f 2432 2433 2434
f 2432 2434 2435
f 613 2432 2435
f 613 2435 614
f 624 606 2433
f 2433 606 605
f 2433 605 2436
f 2433 2436 2434
f 2434 2436 2437
f 2434 2437 2438
f 2436 605 1944
f 2436 1944 2437
f 2437 1944 1735
f 2438 2437 1735
f 2438 1735 1943
f 614 2435 2439
f 614 2439 2046
f 2435 2434 2438
f 2435 2438 2439
f 2439 2438 1943
f 2439 1943 2440
f 2046 2439 2440
f 2046 2440 2047
f 1708 2424 1709
f 2424 2441 1709
f 1709 2441 621
f 1709 621 1712
f 2442 1730 2429
f 2442 2429 2428
f 2442 2428 2431
f 615 2442 2431
f 615 2431 2309
f 615 617 2442
f 617 621 2441
f 617 2441 2442
f 2442 2441 2424
f 2442 2424 1730
f 1731 2048 1732
f 2048 2047 2440
f 2048 2440 1732
f 1732 2440 1943
f 1732 1943 1735
f 2052 2051 2443
f 2052 2443 2444
f 2051 562 2445
f 2051 2445 2443
f 2443 2445 2446
f 2443 2446 2447
f 2444 2443 2447
f 2444 2447 2055
f 562 561 2448
f 562 2448 2445
f 561 560 2448
f 2448 560 566
f 2448 566 2449
f 2445 2448 2449
f 2445 2449 2446
f 2446 2449 2450
f 2446 2450 2451
f 2449 566 2050
f 2449 2050 2450
f 2450 2050 554
f 2450 554 553
f 2451 2450 553
f 2055 2447 2452
f 2055 2452 571
f 2447 2446 2451
f 2447 2451 2452
f 2452 2451 553
f 571 2452 553
f 1439 2053 2453
f 1439 2453 1440
f 2053 2052 2444
f 2053 2444 2453
f 2453 2444 2055
f 2453 2055 1443
f 1440 2453 1443
f 1394 1349 1359
f 1394 1359 2202
f 2202 1359 1358
f 2202 1358 1357
f 2202 1357 1356
f 1950 1952 2454
f 1950 2454 1955
f 1952 1367 1948
f 1952 1948 2454
f 2454 1948 1947
f 2454 1947 1914
f 1955 2454 1914
f 1955 1914 1913
f 1929 1395 2203
f 1929 2203 1930
f 1930 2203 1355
f 2182 2210 2183
f 2210 2455 2183
f 2183 2455 1403
f 1909 1784 2456
f 1784 1375 2457
f 1784 2457 2456
f 2456 2457 2458
f 2456 2458 2459
f 1909 2456 2459
f 1909 2459 1912
f 1375 2460 2457
f 1375 1376 1781
f 1375 1781 2460
f 2460 1781 1372
f 2460 1372 2461
f 2457 2460 2461
f 2457 2461 2458
f 2458 2461 2462
f 2461 1372 1371
f 2461 1371 2462
f 2462 1371 1379
f 2462 1379 1378
f 1912 2459 2463
f 1912 2463 1908
f 2459 2458 2462
f 2459 2462 2463
f 2463 2462 1378
f 2463 1378 1908
f 1767 2464 1768
f 1767 1912 1908
f 1767 1908 2464
f 2464 1908 1907
f 1768 2464 1907
f 1768 1907 1771
f 578 577 2465
f 578 2465 2466
f 577 576 2467
f 577 2467 2465
f 2465 2467 2468
f 2465 2468 2469
f 2466 2465 2469
f 2466 2469 1956
f 576 2014 2470
f 576 2470 2467
f 2014 584 582
f 2014 582 2470
f 2470 582 583
f 2470 583 2471
f 2467 2470 2471
f 2467 2471 2468
f 2468 2471 2472
f 2468 2472 2473
f 2471 583 2013
f 2471 2013 2472
f 2472 2013 2012
f 2472 2012 1483
f 2473 2472 1483
f 2473 1483 575
f 1956 2469 2474
f 1956 2474 1472
f 2469 2468 2473
f 2469 2473 2474
f 2474 2473 575
f 2474 575 574
f 1472 2474 574
f 1472 574 573
f 580 579 1466
f 579 578 2466
f 579 2466 1466
f 1466 2466 1956
f 1466 1956 1469
f 2304 2303 2475
f 2304 2475 2305
f 2303 362 361
f 2303 361 2475
f 2475 361 360
f 2475 360 2285
f 2305 2475 2285
f 2305 2285 645
f 647 646 2284
f 647 2284 2292
f 2292 2284 359
f 2292 359 639
f 2242 369 2243
f 753 752 2476
f 753 2476 758
f 752 2477 2478
f 752 2478 2476
f 2477 757 2478
f 2476 2478 2479
f 2478 757 756
f 2479 2478 756
f 2479 756 763
f 758 2476 2479
f 2479 763 762
f 758 2479 762
f 369 367 2480
f 367 368 2480
f 369 2480 2481
f 368 2482 2480
f 368 364 363
f 368 363 2482
f 2482 363 2481
f 2480 2482 2481
f 2481 363 373
f 2481 373 2483
f 2483 373 374
f 369 2481 2484
f 369 2484 2243
f 2481 2483 2484
f 2484 2483 374
f 2243 2484 374
f 2243 374 2273
f 2216 2241 2485
f 2216 2485 2217
f 2241 757 2477
f 2241 2477 2485
f 2485 2477 752
f 2485 752 749
f 2217 2485 749
f 2217 749 748
f 835 2486 834
f 835 2239 2487
f 835 2487 2486
f 834 2486 836
f 2239 2238 2488
f 2239 2488 2487
f 2238 839 2488
f 2488 839 840
f 2488 840 2229
f 2487 2488 2229
f 2487 2229 846
f 836 2486 2235
f 2486 2487 846
f 2486 846 845
f 2235 2486 845
f 2235 845 844
f 2222 2239 835
f 2222 835 2223
f 2223 835 833
f 2223 833 832
f 1343 1348 2489
f 1343 2489 1344
f 1348 1347 2489
f 1347 2490 2489
f 2490 1347 1346
f 2490 1346 2489
f 2489 1346 2308
f 2308 1340 1341
f 1344 2489 2491
f 2489 2308 2491
f 2491 2308 1341
f 2491 1341 2307
f 1345 1344 2306
f 1344 2491 2306
f 2306 2491 2307
f 1752 1906 1765
f 1906 1905 2492
f 1906 2492 1765
f 1765 2492 1763
f 1385 1762 2493
f 1385 2493 1387
f 1762 1382 2493
f 1387 2493 2494
f 1387 2494 1388
f 1382 2495 2493
f 1382 1381 1390
f 1382 1390 2495
f 2495 1390 1391
f 2495 1391 2494
f 2493 2495 2494
f 2494 1391 2496
f 2496 1391 1904
f 2496 1904 2497
f 2496 2497 2492
f 1388 2494 2498
f 1388 2498 1905
f 2494 2496 2498
f 2498 2496 2492
f 1905 2498 2492
f 1763 2492 2497
f 1763 2497 1764
f 1764 2497 1904
f 1764 1904 1757
f 2190 2214 2499
f 2190 2499 1891
f 2214 1878 2499
f 2499 1878 2500
f 2500 1878 1876
f 2500 1876 2499
f 2499 1876 1891
f 2189 2214 2190
f 2501 2502 2503
f 2501 2503 2504
f 2502 107 2505
f 2502 2505 2503
f 2503 2505 2506
f 2503 2506 2507
f 2504 2503 2507
f 2504 2507 2508
f 114 113 2509
f 114 2509 2510
f 113 105 108
f 113 108 2509
f 2509 108 107
f 2509 107 2502
f 2510 2509 2502
f 2510 2502 2501
f 122 2511 2512
f 122 2512 132
f 2511 2501 2504
f 2511 2504 2512
f 2512 2504 2508
f 2512 2508 2513
f 132 2512 2513
f 132 2513 131
f 120 2514 2515
f 120 2515 121
f 2514 114 2510
f 2514 2510 2515
f 2515 2510 2501
f 2515 2501 2511
f 121 2515 2511
f 121 2511 122
f 62 103 2516
f 62 2516 2506
f 103 52 2517
f 103 2517 2516
f 2516 2517 2508
f 2516 2508 2507
f 2506 2516 2507
f 52 51 2518
f 52 2518 2517
f 51 50 131
f 51 131 2518
f 2518 131 2513
f 2517 2518 2513
f 2517 2513 2508
f 59 61 2519
f 59 2519 106
f 61 62 2506
f 61 2506 2519
f 2519 2506 2505
f 106 2519 2505
f 106 2505 107
f 32 31 119
f 31 30 114
f 31 114 2514
f 119 31 2514
f 119 2514 120
f 267 2520 2521
f 267 2521 2522
f 2520 2523 2524
f 2520 2524 2521
f 2521 2524 269
f 2521 269 2306
f 2522 2521 2306
f 2522 2306 1936
f 264 265 2525
f 264 2525 2526
f 265 267 2522
f 265 2522 2525
f 2525 2522 1936
f 2525 1936 1409
f 2526 2525 1409
f 280 277 2527
f 280 2527 259
f 277 279 258
f 277 258 2527
f 2527 258 259
f 279 2528 2529
f 279 2529 258
f 2528 261 1411
f 2528 1411 2529
f 258 2529 1411
f 2530 2531 236
f 2530 236 268
f 2531 280 259
f 2531 259 236
f 2523 2532 268
f 2523 268 2524
f 2532 2530 268
f 2524 268 269
f 261 262 2533
f 261 2533 1411
f 262 263 1410
f 262 1410 2533
f 2533 1410 1418
f 1411 2533 1418
f 263 2534 1409
f 263 1409 1410
f 2534 264 2526
f 2534 2526 1409
f 266 285 2520
f 285 290 2520
f 2520 290 2523
f 266 2520 267
f 274 273 2168
f 273 272 2535
f 273 2535 2168
f 2168 2535 2170
f 263 262 2534
f 2523 290 2532
f 290 289 2532
f 2532 289 288
f 2532 288 2530
f 279 278 2528
f 278 2536 2528
f 2528 2536 261
f 262 2537 2538
f 262 261 2536
f 262 2536 2537
f 2537 2536 278
f 2537 278 2539
f 2538 2537 2539
f 2538 2539 286
f 2172 2208 2540
f 2172 2540 2173
f 2540 2205 2204
f 2173 2540 2204
f 2173 2204 2176
f 272 271 2541
f 272 2541 2542
f 271 270 2206
f 271 2206 2541
f 2541 2206 2205
f 2541 2205 2543
f 2542 2541 2543
f 2542 2543 2544
f 2205 2540 2545
f 2205 2545 2543
f 2540 2208 2207
f 2540 2207 2545
f 2545 2207 1405
f 2545 1405 2546
f 2543 2545 2546
f 2543 2546 2544
f 1405 1404 2547
f 1405 2547 2546
f 1404 1403 2455
f 1404 2455 2547
f 2547 2455 2210
f 2547 2210 2548
f 2546 2547 2548
f 2546 2548 2544
f 2544 2548 2549
f 2544 2549 2542
f 2548 2210 2209
f 2548 2209 2549
f 2549 2209 2170
f 2549 2170 2535
f 2542 2549 2535
f 2542 2535 272
f 286 2539 2550
f 286 2550 287
f 2539 278 277
f 2539 277 2550
f 2550 277 276
f 2550 276 2551
f 287 2550 2551
f 287 2551 288
f 264 2534 2552
f 264 2552 265
f 2534 262 2538
f 2534 2538 2552
f 2552 2538 286
f 2552 286 283
f 265 2552 283
f 265 283 266
f 2530 288 2551
f 2530 2551 2531
f 2531 2551 276
f 2531 276 280
f 1278 1277 714
f 1277 716 715
f 714 1277 715
f 714 712 1278
f 707 1279 1278
f 707 1278 712
f 1288 1287 2553
f 1276 1131 716
f 1277 1276 716
f 1288 2553 1276
f 1276 2553 1131
f 1279 707 706
f 1280 1279 706
f 1280 706 705
f 2554 1280 1275
f 1280 705 1282
f 1280 1282 1275
f 1305 1302 1192
f 1305 1192 1158
f 1303 1305 2555
f 2555 1156 1155
f 2555 1155 1157
f 1305 1158 1156
f 1305 1156 2555
f 1323 1157 1132
f 1323 1132 1131
f 1303 2555 1323
f 1323 2555 1157
f 2556 1323 2553
f 2553 1323 1131
f 2556 2553 1287
f 2556 1287 2554
f 2557 2556 2554
f 2557 2554 1275
f 1302 1322 1192
f 1192 1322 1193
f 1302 2557 1322
f 1322 2557 1275
f 1322 1275 1324
f 1277 1278 1289
f 1280 2554 1300
f 1288 1276 1285
f 2554 1287 1285
f 2554 1285 1300
f 2557 2558 2556
f 2556 2558 2559
f 2556 2559 1323
f 1304 1303 1323
f 2560 1304 2559
f 2559 1304 1323
f 1302 1304 2560
f 1302 2560 2559
f 1302 2559 2557
f 2557 2559 2558
f 1305 1304 1302
f 384 2289 2291
f 384 383 2561
f 2561 383 385
f 384 2561 385
f 2289 384 385
f 2289 385 2290
f 2286 2289 2290
f 2286 384 2291
f 2562 2564 2563
f 2567 2568 2569
f 2567 2569 2565
f 2570 2571 2572
f 2570 2572 2562
f 2571 14 13
f 2571 13 2572
f 2565 2573 2567
f 2567 2573 2574
f 2567 2574 2566
f 2575 2576 2577
f 2576 2578 2579
f 2577 2576 2579
f 2577 2579 2580
f 13 21 2581
f 13 2581 2572
f 2572 2581 2564
f 2572 2564 2562
f 2582 2583 2584
f 2582 2584 2585
f 2583 2575 2577
f 2583 2577 2584
f 2584 2577 2580
f 2584 2580 2586
f 2585 2584 2586
f 2585 2586 2587
f 2578 2570 2579
f 2570 2588 2579
f 2579 2588 2568
f 2579 2568 2580
f 2580 2568 2567
f 2580 2567 2586
f 2586 2567 2566
f 2586 2566 2587
f 2590 2592 2591
f 2591 2592 2593
f 14 2571 2589
f 2589 2571 2570
f 2589 2570 2578
f 2597 2595 2596
f 44 43 2600
f 44 2600 2599
f 42 2600 43
f 42 2601 2600
f 2592 2600 2601
f 2599 2600 2592
f 2602 2599 2603
f 2582 2604 2605
f 2582 2605 2583
f 2604 2606 2607
f 2604 2607 2605
f 2605 2607 2608
f 2605 2608 2609
f 2583 2605 2609
f 2583 2609 2575
f 2575 2609 2576
f 2609 2608 2598
f 2609 2598 2576
f 2576 2598 2578
f 2602 2603 2611
f 2610 2602 2611
f 2610 2611 2612
f 2612 2613 2614
f 2612 2614 2610
f 2613 2615 2616
f 2613 2616 2614
f 2615 2617 2618
f 2615 2618 2616
f 2617 2619 2618
f 2614 2616 2620
f 2610 2614 2620
f 2621 2622 2623
f 2621 2623 2624
f 65 2621 2624
f 65 2624 67
f 2626 2566 2627
f 2625 2626 2627
f 2625 2627 2628
f 2623 2629 2630
f 2623 2630 2624
f 2629 2631 2632
f 2629 2632 2630
f 2630 2632 75
f 2630 75 74
f 2624 2630 74
f 2624 74 67
f 2633 2625 2628
f 2633 2628 2634
f 2622 2633 2634
f 2622 2634 2623
f 2566 2574 2627
f 2574 4706 2627
f 2627 4706 2635
f 2627 2635 2628
f 82 2610 2636
f 82 2636 83
f 2628 2637 2634
f 2628 2635 2637
f 2637 2631 2629
f 2634 2637 2629
f 2634 2629 2623
f 87 2638 2639
f 87 2639 88
f 2638 2640 2641
f 2638 2641 2639
f 2642 2643 2644
f 2642 2644 2645
f 2643 2582 2585
f 2643 2585 2644
f 2644 2585 2587
f 2644 2587 2646
f 2645 2644 2646
f 2645 2646 2647
f 2641 2622 2621
f 2641 2621 2639
f 2621 65 88
f 2639 2621 88
f 2640 2648 2649
f 2640 2649 2641
f 2648 2642 2645
f 2648 2645 2649
f 2649 2645 2647
f 2649 2647 2650
f 2641 2649 2650
f 2587 2566 2626
f 2587 2626 2646
f 2646 2626 2625
f 2646 2625 2647
f 44 2599 82
f 2599 2602 82
f 2647 2625 2633
f 2647 2633 2650
f 2650 2633 2622
f 2650 2622 2641
f 2603 2592 2590
f 2603 2590 2611
f 2611 2590 2651
f 2611 2651 2612
f 2619 2652 2653
f 2619 2653 2654
f 2652 2606 2604
f 2652 2604 2653
f 2653 2604 2582
f 2653 2582 2643
f 2654 2653 2643
f 2654 2643 2642
f 2599 2592 2603
f 2612 2655 2656
f 2612 2656 2613
f 2655 2657 2656
f 2656 2657 2658
f 2656 2658 2659
f 2613 2656 2659
f 2613 2659 2615
f 109 2660 2638
f 109 2638 87
f 2660 2661 2638
f 2638 2661 2640
f 2640 2662 2648
f 2640 2618 2662
f 2662 2618 2619
f 2662 2619 2654
f 2648 2662 2654
f 2648 2654 2642
f 2590 2663 2651
f 2590 2664 2665
f 2590 2665 2663
f 2663 2665 2655
f 2651 2663 2655
f 2651 2655 2612
f 2666 2667 2668
f 2666 2668 2669
f 2667 2670 2671
f 2667 2671 2668
f 2668 2671 2672
f 2668 2672 2673
f 2669 2668 2673
f 2669 2673 2594
f 123 126 2674
f 123 2674 2596
f 126 127 2674
f 2596 2674 2675
f 2676 2677 2666
f 2676 2666 2669
f 2597 2676 2669
f 2597 2669 2594
f 2677 2598 2608
f 2677 2608 2678
f 2677 2678 2666
f 2608 2679 2680
f 2608 2680 2678
f 2679 2681 2680
f 2680 2681 2670
f 2680 2670 2667
f 2678 2680 2667
f 2678 2667 2666
f 127 134 2682
f 127 2682 2674
f 2674 2682 2598
f 2674 2598 2675
f 2594 2591 2597
f 2591 2593 2595
f 2597 2591 2595
f 2593 2592 45
f 2593 45 2595
f 2592 2601 45
f 45 2601 42
f 2568 2588 2683
f 2568 2683 2569
f 2588 2570 2562
f 2588 2562 2683
f 2683 2562 2563
f 2569 2683 2563
f 2569 2563 2565
f 2688 2687 2689
f 2705 2694 2686
f 2696 2705 2686
f 2695 2696 2686
f 2706 2695 2690
f 2697 2706 2690
f 2697 2690 2698
f 2699 2697 2698
f 2699 2698 2700
f 2699 2700 2701
f 2704 2699 2701
f 2692 2704 2702
f 2692 2702 2693
f 2697 2699 2703
f 2707 2708 2709
f 2708 154 2709
f 2711 154 2708
f 2707 2711 2708
f 2712 2713 2714
f 2714 2713 2715
f 2713 2709 2710
f 2713 2710 2715
f 2712 2707 2709
f 2712 2709 2713
f 2716 2717 2718
f 2718 2717 2719
f 2719 2717 2712
f 2719 2712 2714
f 2717 2720 2712
f 2720 2707 2712
f 2717 2721 2720
f 2720 2721 2707
f 2721 2722 2711
f 2721 2711 2707
f 2722 166 154
f 2722 154 2711
f 2721 2723 2722
f 2723 167 166
f 2723 166 2722
f 2725 2727 2726
f 2728 2729 2727
f 2728 2727 2725
f 2724 2728 2725
f 2730 2731 178
f 2730 178 2732
f 2732 178 177
f 2731 2733 178
f 2733 2734 180
f 2733 180 179
f 178 2733 179
f 2731 2735 2733
f 2735 2734 2733
f 2736 2737 187
f 2737 2738 187
f 2738 2730 2732
f 2738 2732 177
f 187 2738 177
f 2737 2730 2738
f 2717 2739 2721
f 2721 2739 2741
f 2721 2741 2740
f 2716 2742 2717
f 2717 2742 2739
f 192 2744 2745
f 2744 2743 2745
f 2710 2743 2715
f 2746 2744 192
f 2714 2743 2746
f 2714 2715 2743
f 2743 2744 2746
f 2748 2749 199
f 2748 199 198
f 2749 2750 199
f 199 2750 201
f 2750 200 201
f 2751 2752 202
f 2752 2748 198
f 2752 198 202
f 2734 2753 203
f 2734 203 180
f 2753 2751 203
f 2710 2709 2743
f 192 2745 204
f 2745 2743 2709
f 2745 2709 204
f 154 194 2709
f 194 204 2709
f 2724 2725 2754
f 2755 2754 2726
f 2726 2754 2725
f 2716 2756 2757
f 2716 2757 2758
f 2758 2757 2724
f 2729 2728 2757
f 2729 2757 2756
f 2728 2724 2757
f 2759 2753 2734
f 2759 2760 2753
f 2760 2751 2753
f 2727 2729 2759
f 2729 2756 2759
f 2759 2761 2760
f 2760 2761 2752
f 2760 2752 2751
f 2761 2762 2748
f 2761 2748 2752
f 2756 2762 2759
f 2756 2716 2762
f 2759 2762 2761
f 2716 2718 2763
f 2716 2763 2762
f 2718 2719 2764
f 2718 2764 2763
f 2762 2763 2749
f 2762 2749 2748
f 2763 2764 2750
f 2763 2750 2749
f 2764 2765 2750
f 2765 2746 2747
f 2765 2747 2750
f 2719 2714 2765
f 2719 2765 2764
f 2714 2746 2765
f 2766 2737 2736
f 2766 2730 2737
f 2726 2767 2755
f 2755 2767 2766
f 2766 2767 2731
f 2766 2731 2730
f 2767 2768 2735
f 2767 2735 2731
f 2768 2759 2734
f 2768 2734 2735
f 2726 2768 2767
f 2726 2727 2759
f 2726 2759 2768
f 192 219 2746
f 2747 2746 2750
f 200 2750 219
f 219 2750 2746
f 2736 2769 2766
f 2766 2769 2755
f 2769 2770 2755
f 2769 2771 2770
f 186 2772 187
f 187 2772 2736
f 2772 2773 2736
f 186 222 2773
f 186 2773 2772
f 2758 2774 2716
f 2774 2742 2716
f 2755 2770 2775
f 2755 2775 2754
f 2754 2775 2724
f 2721 2740 2776
f 2721 2776 2723
f 2723 2776 225
f 2723 225 167
f 2771 2777 2778
f 2771 2778 2770
f 2770 2778 2775
f 2724 2775 2779
f 2724 2779 2778
f 2775 2778 2779
f 2780 2781 2782
f 2780 2782 2783
f 2781 2786 2784
f 2786 2777 2771
f 2780 2787 2786
f 2787 2777 2786
f 2780 2786 2781
f 2741 2788 2740
f 2789 238 225
f 2789 225 2776
f 2788 2789 2776
f 2788 2776 2740
f 2788 2793 2789
f 2793 238 2789
f 3836 2791 2792
f 2790 3836 2792
f 2792 2791 2788
f 2791 2793 2788
f 2793 243 238
f 2796 2794 2797
f 2798 2800 2799
f 2802 2803 2805
f 2805 2803 2742
f 2803 2804 2739
f 2803 2739 2742
f 2804 2741 2739
f 2804 2788 2741
f 2807 2808 2809
f 2806 2807 2809
f 2811 2812 2813
f 2814 2792 2788
f 2815 2816 2814
f 2816 2790 2792
f 2816 2792 2814
f 2817 2819 2818
f 2818 2820 2821
f 2818 2821 2822
f 2823 2825 2824
f 2827 2805 2742
f 2827 2742 2828
f 2802 2805 2827
f 3911 2802 2827
f 2813 2830 2831
f 2813 2831 2832
f 2830 2833 2834
f 2830 2834 2831
f 2831 2834 2835
f 2831 2835 2836
f 2832 2831 2836
f 2832 2836 2837
f 2724 2838 2758
f 2838 2827 2758
f 2758 2827 2774
f 2742 2774 2828
f 2774 2827 2828
f 2841 2840 2778
f 2841 2778 2777
f 2840 2839 2778
f 2839 2838 2778
f 2778 2838 2724
f 2842 2773 2844
f 2844 2773 222
f 2844 222 298
f 2843 2736 2773
f 2842 2843 2773
f 2736 2843 2769
f 2771 2769 2845
f 2771 2845 2786
f 2769 2843 2845
f 2845 2843 2784
f 2786 2845 2784
f 2781 2846 2782
f 2782 2846 2783
f 2847 2848 2849
f 2847 2849 2850
f 300 2847 2850
f 300 2850 302
f 302 2850 2851
f 302 2851 303
f 2850 2849 2852
f 2850 2852 2851
f 2848 2854 2849
f 2854 2848 2856
f 2857 311 2858
f 2848 2857 2858
f 2848 2847 2857
f 2847 300 2857
f 2857 300 311
f 2856 2848 2859
f 2859 2861 2860
f 2859 2863 2861
f 2863 319 2864
f 2861 2863 2864
f 2848 2858 2859
f 2858 311 319
f 2858 319 2863
f 2859 2858 2863
f 2862 2860 2865
f 2860 2861 2865
f 2866 2865 2867
f 2865 2869 2867
f 2869 329 328
f 2869 328 2870
f 2867 2869 2870
f 2867 2870 2868
f 2861 2864 2869
f 2861 2869 2865
f 2864 319 329
f 2864 329 2869
f 2867 2868 2871
f 2867 2871 2872
f 2871 2873 2874
f 2872 2871 2874
f 2872 2874 2875
f 2876 335 2877
f 2871 2876 2877
f 2871 2877 2873
f 2868 2870 2876
f 2868 2876 2871
f 2870 328 2876
f 2876 328 335
f 2875 2874 2878
f 2875 2878 2879
f 2874 2873 2880
f 2874 2880 2878
f 2878 2880 2881
f 2879 2878 2882
f 2880 2883 2881
f 2883 344 343
f 2873 2877 2883
f 2873 2883 2880
f 2877 335 344
f 2877 344 2883
f 2884 2885 2886
f 2885 2887 2888
f 2886 2885 2888
f 2886 2888 2889
f 2890 2879 2882
f 2887 2890 2888
f 2887 2891 2890
f 2891 2875 2879
f 2891 2879 2890
f 2892 2893 2894
f 2893 2895 2896
f 2893 2896 2894
f 2892 2894 2896
f 2892 2896 2897
f 2901 2902 2903
f 2906 2907 2908
f 2905 2906 2908
f 2851 2852 2909
f 303 2851 2909
f 303 2909 376
f 2852 2853 2909
f 2917 2918 2919
f 2920 2922 2921
f 2921 2923 2924
f 2921 2924 2925
f 2927 2928 2929
f 2929 2928 2930
f 2932 2933 2934
f 2936 2937 2938
f 2935 2936 2938
f 2935 2938 2939
f 2940 2942 2943
f 2946 2947 2948
f 2958 2959 2961
f 2963 2964 2965
f 2963 2965 2966
f 2962 2963 2966
f 2967 2968 2969
f 2960 2967 2969
f 2978 2980 2979
f 2981 2982 2983
f 2982 2984 2983
f 2983 2985 2986
f 2987 2988 2989
f 2987 2990 2988
f 2988 2984 2982
f 2989 2988 2982
f 2989 2982 2981
f 2991 2992 2993
f 2995 2996 2997
f 2997 2998 2999
f 3000 3001 3002
f 3000 3002 3003
f 3001 3004 3005
f 3001 3005 3002
f 3002 3005 3006
f 3003 3002 3006
f 3007 3008 3009
f 3008 3010 3011
f 3008 3011 3009
f 3009 3011 3012
f 3013 3014 3015
f 3013 3016 3010
f 3013 3010 3014
f 3014 3010 3008
f 3015 3014 3008
f 3015 3008 3007
f 3017 3018 3019
f 3018 3020 3019
f 3019 3020 3021
f 3025 3027 3026
f 3034 3036 3035
f 3035 3037 3038
f 3039 3040 3041
f 3043 3044 3045
f 3045 3046 3047
f 3048 3050 3049
f 3049 3040 3039
f 3051 3052 3053
f 3055 3056 3057
f 3056 3058 3059
f 3056 3059 3060
f 3057 3056 3060
f 3062 3055 3057
f 3061 3062 3063
f 3064 3051 3065
f 3064 3065 3066
f 3065 3051 3054
f 3066 3065 3054
f 3066 3054 3067
f 3068 3069 3070
f 3069 3071 3072
f 3069 3072 3073
f 3070 3069 3073
f 3075 3076 3077
f 3075 3077 3078
f 3074 3075 3079
f 3080 3081 3083
f 3084 3085 3086
f 3085 3087 3088
f 3085 3088 3089
f 3086 3085 3089
f 3091 3092 3093
f 3090 3091 3094
f 3095 3096 3097
f 3096 3098 3099
f 3096 3099 3100
f 3097 3096 3100
f 3092 3101 3093
f 3101 3102 3103
f 3101 3103 3104
f 3093 3101 3104
f 3105 3106 3107
f 3106 3108 3109
f 3106 3109 3107
f 3107 3109 3110
f 3105 3107 3110
f 3105 3110 3111
f 3113 3114 3115
f 3112 3113 3115
f 3116 3118 3119
f 3116 3119 3117
f 3117 3119 3120
f 3117 3120 3121
f 3122 3112 3123
f 3122 3123 3124
f 3128 3129 3130
f 3134 3136 3135
f 3135 3136 3137
f 3134 3135 3137
f 3138 3139 2892
f 3138 2892 2897
f 3139 3140 3141
f 3139 3141 2892
f 3142 3143 3145
f 3140 3146 3141
f 3146 3147 2895
f 3146 2895 2893
f 3141 3146 2893
f 3141 2893 2892
f 3148 3150 3149
f 3149 3151 3152
f 3153 3154 3155
f 3153 3155 3156
f 3154 3157 3155
f 3155 3157 3158
f 3156 3155 3158
f 3159 3160 3161
f 3159 3161 3162
f 3160 3163 3161
f 3161 3163 3164
f 3161 3164 3165
f 3162 3161 3165
f 3162 3165 3166
f 3167 3168 3169
f 3167 3169 3170
f 3168 3171 3157
f 3168 3157 3169
f 3169 3157 3154
f 3170 3169 3154
f 3170 3154 3153
f 3182 3183 3181
f 3184 3181 3183
f 3185 3186 3187
f 3186 3188 3187
f 3187 3188 3189
f 3187 3189 3190
f 3185 3187 3190
f 3185 3190 3191
f 3172 3173 3176
f 2884 3196 3197
f 3196 3198 3199
f 3197 3196 3199
f 3197 3199 3200
f 3199 3198 3201
f 3198 3202 3201
f 3198 3204 3202
f 3204 3205 3203
f 3204 3203 3202
f 3205 3206 3203
f 3206 3208 3207
f 3206 3210 3208
f 3210 3211 3208
f 2891 2887 3212
f 2875 2891 3212
f 3212 3214 3213
f 2885 2884 3197
f 2885 3197 3200
f 2885 3200 3214
f 2887 2885 3214
f 2887 3214 3212
f 2867 3215 3216
f 2867 2872 3215
f 3216 3215 3217
f 2872 3218 3215
f 3218 3212 3215
f 2872 2875 3218
f 3218 2875 3212
f 2862 2865 3219
f 2862 3219 3220
f 2865 2866 3221
f 2865 3221 3219
f 3219 3221 3222
f 3221 2867 3216
f 3216 3217 3224
f 3221 3216 3224
f 3221 3224 3222
f 2866 2867 3221
f 3225 3226 3227
f 3226 3228 3229
f 3227 3226 3229
f 3229 3219 3223
f 3228 3220 3219
f 3228 3219 3229
f 3230 3231 3232
f 3229 3230 3232
f 3225 3227 3232
f 3225 3232 3233
f 3227 3229 3232
f 3234 3233 3232
f 3235 3234 3232
f 3235 3232 3231
f 3236 3237 3238
f 3237 3239 3238
f 3236 3238 3239
f 3239 3237 3243
f 3244 3245 3246
f 3245 3247 3248
f 3246 3245 3248
f 3234 3249 3250
f 3211 3251 3208
f 3251 3250 3249
f 3209 3208 3251
f 3209 3251 3249
f 2853 2852 3252
f 3252 2852 2849
f 3252 2849 3253
f 3253 2849 3254
f 2855 3254 2849
f 2855 2849 2854
f 3255 3256 3257
f 3257 3258 3259
f 3259 3258 3254
f 3258 3253 3254
f 2853 3252 2910
f 3252 3253 2910
f 2911 2910 3253
f 3256 3260 3257
f 3258 3257 3253
f 3257 3261 2912
f 3257 2912 2911
f 3253 3257 2911
f 3260 3262 3261
f 3260 3261 3257
f 3264 3263 3265
f 3262 3264 3265
f 3262 3265 3261
f 2912 3261 3265
f 2912 3265 3266
f 3266 3265 3263
f 2912 3266 3267
f 3268 3267 3266
f 3268 3266 3269
f 3269 3266 3263
f 2855 2854 3254
f 3254 2854 3259
f 3259 3270 3257
f 3259 2854 3270
f 3270 2854 3271
f 3257 3270 3255
f 2854 3272 3271
f 3273 3275 3274
f 3274 3275 3276
f 3273 3274 3276
f 3273 3276 3277
f 3277 3276 3278
f 3276 3275 3278
f 3172 3279 3269
f 3172 3269 3173
f 3279 3268 3269
f 3173 3269 3174
f 3280 3282 3281
f 3281 3283 3284
f 3174 3269 3263
f 3285 3286 3287
f 3286 3288 3287
f 3287 3288 3289
f 3290 3291 3292
f 3291 3293 3292
f 3292 3294 3295
f 3297 3298 3299
f 3300 3301 3302
f 3300 3303 3304
f 3300 3304 3301
f 3301 3304 3293
f 3301 3293 3291
f 3302 3301 3291
f 3302 3291 3290
f 3305 3306 3307
f 3305 3308 3309
f 3305 3309 3306
f 3306 3309 3310
f 3306 3310 3311
f 3307 3306 3311
f 3307 3311 3312
f 3314 3315 3316
f 3314 3316 3317
f 3313 3314 3317
f 3318 3319 3320
f 3321 3322 3323
f 3322 3324 3325
f 3322 3325 3326
f 3323 3322 3326
f 3225 3327 3226
f 3226 3327 3228
f 2862 3220 3328
f 3220 3228 3327
f 3220 3327 3329
f 3328 3220 3329
f 3330 3328 3327
f 3330 3327 3331
f 3328 3329 3327
f 3331 3327 3225
f 2856 2859 2854
f 2859 3332 3333
f 2854 2859 3333
f 2854 3333 3272
f 3333 3332 3334
f 3333 3334 3335
f 3272 3333 3335
f 3336 3328 3330
f 3336 3330 3337
f 3332 3336 3337
f 3332 3337 3334
f 2859 2860 3336
f 2860 2862 3328
f 2860 3328 3336
f 2859 3336 3332
f 3338 3340 3339
f 3339 3341 3342
f 3343 3344 3345
f 3349 3344 3343
f 3350 3352 3351
f 3351 3353 3354
f 3353 3356 3354
f 3353 3357 3356
f 3356 3358 3355
f 3354 3356 3355
f 3352 3359 3351
f 3352 3360 3359
f 3359 3357 3353
f 3351 3359 3353
f 3459 3362 3361
f 3363 3366 3367
f 3363 3367 3364
f 3366 3368 3369
f 3366 3369 3367
f 3367 3369 3370
f 3367 3370 3371
f 3364 3367 3371
f 3364 3371 3365
f 3362 3372 3361
f 3362 3373 3374
f 3362 3374 3372
f 3372 3374 3368
f 3372 3368 3366
f 3361 3372 3366
f 3361 3366 3363
f 3378 3381 3379
f 3377 3380 3378
f 3376 3382 3375
f 3376 3383 3382
f 3382 3380 3377
f 3375 3382 3377
f 3384 3386 3385
f 3387 3390 3391
f 3387 3391 3388
f 3390 3392 3393
f 3390 3393 3391
f 3391 3393 3394
f 3391 3394 3389
f 3388 3391 3389
f 3386 3395 3385
f 3386 3396 3397
f 3386 3397 3395
f 3395 3397 3392
f 3395 3392 3390
f 3385 3395 3390
f 3385 3390 3387
f 3398 3400 3399
f 3401 3354 3402
f 3354 3355 3402
f 3400 3403 3399
f 3400 3350 3351
f 3400 3351 3403
f 3403 3351 3354
f 3399 3403 3354
f 3399 3354 3401
f 3379 3381 3404
f 3406 3362 3459
f 3405 3407 3406
f 3405 3408 3407
f 3407 3373 3362
f 3406 3407 3362
f 3381 3409 3404
f 3409 3408 3405
f 3404 3409 3405
f 3412 3376 3375
f 3411 3413 3412
f 3411 3414 3415
f 3411 3415 3413
f 3413 3415 3383
f 3413 3383 3376
f 3412 3413 3376
f 3389 3416 3410
f 3389 3394 3417
f 3389 3417 3416
f 3416 3417 3414
f 3416 3414 3411
f 3410 3416 3411
f 3420 3386 3384
f 3419 3421 3420
f 3419 3422 3421
f 3421 3396 3386
f 3420 3421 3386
f 3402 3423 3418
f 3402 3355 3423
f 3423 3422 3419
f 3418 3423 3419
f 3426 3400 3398
f 3425 3427 3428
f 3425 3428 3426
f 3427 3429 3430
f 3427 3430 3428
f 3428 3430 3350
f 3428 3350 3400
f 3426 3428 3400
f 3365 3371 3431
f 3365 3431 3424
f 3371 3370 3432
f 3371 3432 3431
f 3431 3432 3429
f 3431 3429 3427
f 3424 3431 3427
f 3424 3427 3425
f 3433 3434 3435
f 3433 3435 3436
f 3436 3398 3437
f 3435 3425 3426
f 3435 3426 3436
f 3436 3426 3398
f 3433 3365 3424
f 3433 3424 3434
f 3434 3424 3425
f 3434 3425 3435
f 3439 3419 3420
f 3439 3420 3442
f 3442 3420 3384
f 3442 3384 3443
f 3438 3402 3418
f 3418 3419 3439
f 3438 3418 3439
f 3614 3445 3446
f 3450 3451 3412
f 3450 3412 3449
f 3451 3411 3412
f 3449 3412 3375
f 3452 3389 3410
f 3452 3410 3453
f 3410 3411 3451
f 3453 3410 3451
f 3453 3451 3450
f 3455 3456 3457
f 3457 3456 3458
f 3458 3459 3460
f 3456 3405 3406
f 3456 3406 3458
f 3458 3406 3459
f 3454 3404 3455
f 3454 3379 3404
f 3404 3405 3456
f 3455 3404 3456
f 3437 3398 3461
f 3461 3462 3463
f 3463 3462 3464
f 3462 3401 3464
f 3401 3402 3464
f 3464 3402 3438
f 3398 3399 3461
f 3461 3399 3401
f 3461 3401 3462
f 3465 3466 3467
f 3467 3468 3469
f 3469 3470 3471
f 3469 3471 3467
f 3467 3471 3472
f 3467 3472 3465
f 3469 3473 3388
f 3469 3388 3470
f 3473 3387 3388
f 3470 3388 3389
f 3470 3389 3452
f 3443 3384 3385
f 3443 3385 3474
f 3385 3387 3473
f 3474 3385 3473
f 3474 3473 3469
f 3449 3475 3450
f 3476 3477 3454
f 3447 3378 3477
f 3447 3377 3378
f 3378 3379 3454
f 3477 3378 3454
f 3449 3375 3448
f 3375 3377 3447
f 3448 3375 3447
f 3460 3459 3478
f 3478 3479 3480
f 3480 3479 3481
f 3480 3481 3433
f 3479 3363 3364
f 3479 3364 3481
f 3481 3364 3365
f 3481 3365 3433
f 3459 3361 3478
f 3478 3361 3363
f 3478 3363 3479
f 3485 3487 3486
f 3482 3488 3483
f 3488 3489 3483
f 3483 3489 3484
f 3490 3492 3493
f 3490 3493 3491
f 3491 3493 3494
f 3491 3494 3495
f 3495 3494 3497
f 3495 3497 3496
f 3496 3497 3498
f 3494 3499 3500
f 3494 3500 3497
f 3499 3501 3502
f 3499 3502 3500
f 3500 3502 3503
f 3500 3503 3504
f 3497 3500 3504
f 3497 3504 3498
f 3492 3505 3506
f 3492 3506 3493
f 3505 3330 3507
f 3505 3507 3506
f 3506 3507 3501
f 3506 3501 3499
f 3493 3506 3499
f 3493 3499 3494
f 3358 3508 3509
f 3358 3509 3510
f 3358 3510 3511
f 3509 3271 3510
f 3510 3271 3272
f 3508 3512 3509
f 3509 3512 3271
f 3513 3514 3515
f 3513 3515 3516
f 3513 3516 3517
f 3517 3516 3519
f 3517 3519 3518
f 3518 3519 3520
f 3518 3520 3360
f 3516 3521 3522
f 3516 3522 3519
f 3521 3523 3522
f 3519 3522 3520
f 3514 3524 3525
f 3514 3525 3515
f 3524 3523 3525
f 3525 3523 3521
f 3515 3525 3521
f 3515 3521 3516
f 3486 3527 3526
f 3526 3527 3528
f 3526 3528 3529
f 3529 3528 3514
f 3529 3514 3513
f 3528 3530 3524
f 3528 3524 3514
f 3486 3487 3531
f 3486 3531 3527
f 3527 3531 3530
f 3527 3530 3528
f 3533 3535 3534
f 3533 3536 3535
f 3534 3535 3488
f 3534 3488 3482
f 3498 3504 3537
f 3498 3537 3532
f 3504 3503 3538
f 3504 3538 3537
f 3537 3538 3536
f 3537 3536 3533
f 3532 3537 3533
f 3511 3510 3540
f 3511 3540 3539
f 3539 3540 3541
f 3542 3492 3490
f 3541 3543 3544
f 3541 3544 3542
f 3543 3334 3337
f 3543 3337 3544
f 3544 3337 3330
f 3544 3330 3505
f 3542 3544 3505
f 3542 3505 3492
f 3510 3272 3335
f 3510 3335 3540
f 3335 3334 3543
f 3540 3335 3543
f 3540 3543 3541
f 3409 3545 3408
f 3408 3545 3407
f 3407 3546 3373
f 3545 3484 3485
f 3545 3485 3407
f 3407 3485 3486
f 3407 3486 3546
f 3381 3483 3409
f 3381 3482 3483
f 3483 3484 3545
f 3409 3483 3545
f 3394 3547 3548
f 3394 3548 3417
f 3417 3548 3549
f 3417 3549 3414
f 3414 3549 3550
f 3414 3550 3415
f 3415 3550 3551
f 3415 3551 3383
f 3549 3495 3496
f 3549 3496 3550
f 3550 3496 3498
f 3550 3498 3551
f 3547 3490 3552
f 3547 3552 3548
f 3490 3491 3552
f 3552 3491 3495
f 3552 3495 3549
f 3548 3552 3549
f 3423 3553 3422
f 3422 3553 3421
f 3421 3554 3396
f 3553 3358 3421
f 3421 3358 3511
f 3421 3511 3554
f 3355 3358 3423
f 3423 3358 3553
f 3370 3555 3556
f 3370 3556 3432
f 3432 3556 3557
f 3432 3557 3429
f 3429 3557 3430
f 3430 3352 3350
f 3557 3517 3518
f 3557 3518 3430
f 3430 3518 3360
f 3430 3360 3352
f 3555 3513 3556
f 3513 3517 3557
f 3556 3513 3557
f 3373 3546 3558
f 3373 3558 3374
f 3374 3558 3559
f 3374 3559 3368
f 3368 3559 3560
f 3368 3560 3369
f 3369 3560 3555
f 3369 3555 3370
f 3559 3529 3560
f 3560 3529 3513
f 3560 3513 3555
f 3546 3486 3526
f 3546 3526 3558
f 3558 3526 3529
f 3558 3529 3559
f 3383 3551 3382
f 3382 3561 3380
f 3380 3561 3378
f 3561 3533 3534
f 3561 3534 3378
f 3534 3482 3381
f 3378 3534 3381
f 3551 3532 3382
f 3551 3498 3532
f 3382 3532 3533
f 3382 3533 3561
f 3396 3554 3562
f 3396 3562 3397
f 3397 3562 3392
f 3392 3562 3563
f 3392 3563 3393
f 3393 3563 3547
f 3393 3547 3394
f 3562 3541 3564
f 3562 3564 3563
f 3541 3542 3564
f 3564 3542 3490
f 3563 3564 3490
f 3563 3490 3547
f 3554 3511 3539
f 3554 3539 3562
f 3562 3539 3541
f 3601 3565 3566
f 3601 3566 3602
f 3602 3264 3262
f 3566 3263 3264
f 3602 3566 3264
f 3565 3192 3567
f 3565 3567 3566
f 3570 3192 3565
f 3570 3193 3192
f 3569 3176 3193
f 3569 3193 3570
f 3568 3569 3570
f 3571 3573 3572
f 3575 3574 3576
f 3573 3574 3572
f 3573 3577 3574
f 3574 3577 3194
f 3579 3177 3176
f 3579 3176 3569
f 3576 3574 3579
f 3576 3579 3578
f 3574 3194 3177
f 3574 3177 3579
f 3488 3580 3489
f 3489 3581 3484
f 3484 3581 3485
f 3485 3582 3487
f 3580 3583 3489
f 3489 3583 3581
f 3581 3583 3582
f 3581 3582 3485
f 3583 3579 3569
f 3583 3569 3582
f 3582 3569 3568
f 3583 3576 3578
f 3583 3578 3579
f 3523 3584 3585
f 3523 3585 3586
f 3586 3585 3587
f 3586 3587 3588
f 3588 3587 3256
f 3588 3256 3255
f 3585 3589 3587
f 3584 3589 3585
f 3503 3591 3592
f 3503 3592 3538
f 3591 3593 3594
f 3591 3594 3592
f 3592 3594 3595
f 3538 3592 3595
f 3538 3595 3536
f 3536 3595 3596
f 3536 3596 3535
f 3535 3596 3580
f 3535 3580 3488
f 3594 3597 3595
f 3595 3597 3596
f 3597 3583 3596
f 3596 3583 3580
f 3597 3574 3575
f 3597 3575 3583
f 3583 3575 3576
f 3593 3571 3572
f 3593 3572 3594
f 3572 3574 3597
f 3594 3572 3597
f 3487 3582 3531
f 3531 3598 3530
f 3530 3599 3524
f 3530 3601 3599
f 3531 3582 3600
f 3531 3600 3598
f 3598 3600 3530
f 3600 3570 3565
f 3600 3565 3530
f 3530 3565 3601
f 3582 3568 3570
f 3582 3570 3600
f 3524 3599 3523
f 3523 3590 3584
f 3599 3601 3523
f 3523 3602 3590
f 3590 3602 3603
f 3602 3262 3603
f 3523 3601 3602
f 3360 3604 3357
f 3359 3360 3357
f 3357 3605 3356
f 3357 3604 3606
f 3357 3606 3605
f 3605 3606 3508
f 3605 3508 3358
f 3356 3605 3358
f 3604 3607 3608
f 3604 3608 3606
f 3607 3586 3588
f 3607 3588 3608
f 3608 3588 3255
f 3608 3255 3609
f 3606 3608 3609
f 3606 3609 3508
f 3520 3522 3360
f 3522 3523 3586
f 3522 3586 3607
f 3360 3522 3607
f 3360 3607 3604
f 3589 3584 3590
f 3589 3590 3603
f 3256 3587 3260
f 3589 3260 3587
f 3611 3433 3436
f 3611 3436 3437
f 3611 3437 3610
f 3610 3433 3611
f 3612 3463 3464
f 3612 3464 3610
f 3610 3464 3438
f 3610 3437 3461
f 3610 3461 3463
f 3610 3463 3612
f 3610 3441 3614
f 3610 3614 3613
f 3610 3438 3440
f 3610 3440 3441
f 3613 3614 3446
f 3613 3446 3615
f 3613 3617 3616
f 3617 3476 3454
f 3617 3454 3616
f 3613 3618 3476
f 3613 3476 3617
f 3619 3457 3458
f 3619 3458 3460
f 3619 3460 3620
f 3616 3621 3613
f 3616 3454 3455
f 3616 3455 3621
f 3621 3455 3457
f 3621 3457 3619
f 3613 3621 3619
f 3613 3619 3610
f 3622 3480 3433
f 3622 3433 3610
f 3619 3622 3610
f 3620 3460 3478
f 3620 3478 3619
f 3619 3478 3480
f 3619 3480 3622
f 3593 3623 3347
f 3623 3624 3347
f 3624 3180 3181
f 3624 3181 3347
f 3623 3625 3624
f 3625 3179 3180
f 3625 3180 3624
f 3503 3502 3591
f 3502 3501 3626
f 3502 3626 3627
f 3502 3627 3591
f 3591 3627 3623
f 3591 3623 3593
f 3627 3628 3629
f 3627 3629 3623
f 3628 3630 3631
f 3628 3631 3629
f 3629 3631 3179
f 3629 3179 3625
f 3623 3629 3625
f 3501 3507 3632
f 3501 3632 3626
f 3507 3330 3633
f 3507 3633 3632
f 3632 3633 3630
f 3632 3630 3628
f 3626 3632 3628
f 3626 3628 3627
f 3593 3347 3571
f 3571 3347 3348
f 3571 3348 3573
f 3573 3348 3634
f 3573 3634 3577
f 3184 3634 3348
f 3179 3181 3180
f 3184 3195 3634
f 3174 3263 3566
f 3174 3566 3567
f 3234 3636 3249
f 3209 3249 3636
f 3209 3636 3635
f 3637 3639 3638
f 3640 3643 3644
f 3640 3644 3641
f 3643 3645 3646
f 3643 3646 3644
f 3644 3646 3647
f 3644 3647 3648
f 3641 3644 3648
f 3641 3648 3642
f 3639 3649 3638
f 3649 3650 3645
f 3649 3645 3643
f 3638 3649 3643
f 3638 3643 3640
f 3651 3654 3652
f 3651 3655 3654
f 3654 3656 3653
f 3652 3654 3653
f 3658 3660 3659
f 3661 3664 3662
f 3661 3665 3666
f 3661 3666 3664
f 3664 3666 3667
f 3664 3667 3663
f 3662 3664 3663
f 3660 3668 3659
f 3660 3669 3670
f 3660 3670 3668
f 3668 3670 3665
f 3668 3665 3661
f 3659 3668 3661
f 3672 3674 3673
f 3672 3675 3674
f 3674 3676 3673
f 3671 3675 3672
f 3671 3677 3675
f 3680 3639 3637
f 3679 3681 3680
f 3681 3682 3650
f 3681 3650 3649
f 3680 3681 3649
f 3680 3649 3639
f 3653 3681 3678
f 3653 3656 3683
f 3653 3683 3681
f 3681 3683 3682
f 3678 3681 3679
f 3685 3657 3686
f 3685 3687 3657
f 3686 3657 3651
f 3663 3688 3684
f 3663 3667 3689
f 3663 3689 3688
f 3688 3689 3687
f 3688 3687 3685
f 3684 3688 3685
f 3692 3660 3658
f 3691 3693 3692
f 3691 3694 3695
f 3691 3695 3693
f 3693 3695 3669
f 3693 3669 3660
f 3692 3693 3660
f 3673 3696 3690
f 3673 3676 3697
f 3673 3697 3696
f 3696 3697 3694
f 3696 3694 3691
f 3690 3696 3691
f 3699 3701 3700
f 3699 3702 3701
f 3701 3677 3671
f 3700 3701 3671
f 3642 3648 3703
f 3642 3703 3698
f 3648 3647 3704
f 3648 3704 3703
f 3703 3704 3702
f 3703 3702 3699
f 3698 3703 3699
f 3705 3707 3706
f 3708 3699 3700
f 3708 3700 3709
f 3709 3700 3671
f 3709 3671 3710
f 3707 3642 3698
f 3707 3698 3706
f 3698 3699 3708
f 3706 3698 3708
f 3711 3712 3714
f 3715 3716 3717
f 3715 3717 3718
f 3718 3717 3719
f 3718 3719 3713
f 3713 3692 3718
f 3713 3691 3692
f 3718 3692 3658
f 3718 3658 3715
f 3711 3673 3690
f 3711 3690 3712
f 3690 3691 3713
f 3712 3690 3713
f 3720 3721 3722
f 3722 3721 3723
f 3722 3723 3724
f 3832 3726 3727
f 3728 3685 3729
f 3685 3686 3729
f 3729 3686 3651
f 3729 3651 3730
f 3720 3663 3684
f 3720 3684 3731
f 3731 3684 3685
f 3731 3685 3728
f 3732 3734 3733
f 3735 3680 3736
f 3735 3679 3680
f 3680 3637 3737
f 3736 3680 3737
f 3734 3653 3678
f 3734 3678 3733
f 3733 3678 3679
f 3733 3679 3735
f 3739 3672 3740
f 3672 3673 3740
f 3740 3673 3711
f 3710 3671 3738
f 3671 3672 3738
f 3738 3672 3739
f 3714 3741 3742
f 3742 3743 3826
f 3744 3745 3746
f 3746 3747 3826
f 3724 3661 3722
f 3661 3662 3722
f 3722 3662 3663
f 3722 3663 3720
f 3715 3658 3748
f 3658 3659 3748
f 3748 3659 3661
f 3748 3661 3724
f 3749 3750 3751
f 3749 3751 3752
f 3752 3751 3753
f 3752 3753 3730
f 3727 3754 3732
f 3754 3749 3734
f 3754 3734 3732
f 3749 3651 3652
f 3749 3652 3734
f 3734 3652 3653
f 3730 3651 3752
f 3752 3651 3749
f 3757 3707 3705
f 3756 3640 3641
f 3756 3641 3757
f 3757 3641 3642
f 3757 3642 3707
f 3737 3638 3755
f 3737 3637 3638
f 3755 3638 3640
f 3755 3640 3756
f 3759 3760 3761
f 3758 3767 3768
f 3758 3768 3759
f 3767 3200 3199
f 3767 3199 3768
f 3768 3199 3201
f 3768 3201 3760
f 3759 3768 3760
f 3212 3769 3215
f 3217 3215 3770
f 3215 3769 3770
f 3771 3770 3769
f 3773 3762 3774
f 3772 3773 3774
f 3766 3765 3775
f 3775 3765 3776
f 3777 3772 3778
f 3778 3772 3774
f 3779 3764 3780
f 3779 3780 3762
f 3773 3779 3762
f 3771 3781 3782
f 3782 3781 3783
f 3781 3784 3783
f 3781 3213 3214
f 3781 3214 3784
f 3784 3214 3200
f 3784 3200 3767
f 3783 3784 3767
f 3783 3767 3758
f 3769 3212 3213
f 3769 3213 3771
f 3771 3213 3781
f 3677 3785 3675
f 3675 3785 3674
f 3674 3786 3676
f 3785 3224 3674
f 3785 3222 3224
f 3224 3217 3786
f 3674 3224 3786
f 3677 3787 3788
f 3787 3223 3219
f 3787 3219 3788
f 3788 3219 3222
f 3788 3222 3785
f 3677 3788 3785
f 3669 3789 3670
f 3670 3789 3790
f 3670 3790 3665
f 3665 3790 3666
f 3666 3791 3667
f 3790 3782 3666
f 3782 3783 3666
f 3666 3783 3758
f 3666 3758 3791
f 3789 3771 3782
f 3789 3782 3790
f 3792 3765 3773
f 3792 3773 3772
f 3795 3796 3797
f 3795 3797 3798
f 3765 3779 3773
f 3779 3765 3764
f 3650 3799 3800
f 3650 3800 3801
f 3650 3801 3645
f 3645 3801 3646
f 3646 3802 3647
f 3801 3803 3804
f 3801 3804 3646
f 3803 3231 3230
f 3803 3230 3804
f 3804 3230 3229
f 3804 3229 3805
f 3646 3804 3805
f 3646 3805 3802
f 3799 3806 3807
f 3799 3807 3800
f 3806 3234 3235
f 3806 3235 3807
f 3807 3235 3231
f 3807 3231 3803
f 3800 3807 3803
f 3800 3803 3801
f 3647 3802 3704
f 3704 3808 3702
f 3702 3808 3701
f 3808 3809 3810
f 3808 3810 3701
f 3809 3229 3223
f 3809 3223 3810
f 3810 3223 3787
f 3701 3810 3787
f 3701 3787 3677
f 3802 3805 3811
f 3802 3811 3704
f 3805 3229 3811
f 3811 3229 3809
f 3704 3811 3809
f 3704 3809 3808
f 3676 3786 3812
f 3676 3812 3697
f 3697 3812 3813
f 3697 3813 3694
f 3694 3813 3789
f 3694 3789 3695
f 3695 3789 3669
f 3813 3814 3770
f 3813 3770 3789
f 3789 3770 3771
f 3786 3815 3812
f 3786 3217 3770
f 3786 3770 3815
f 3815 3770 3814
f 3812 3815 3814
f 3812 3814 3813
f 3667 3791 3689
f 3689 3816 3687
f 3818 3817 3819
f 3791 3820 3689
f 3791 3758 3759
f 3791 3759 3820
f 3820 3759 3761
f 3820 3761 3816
f 3689 3820 3816
f 3682 3683 3821
f 3682 3821 3650
f 3683 3806 3821
f 3821 3806 3799
f 3821 3799 3650
f 3683 3636 3806
f 3806 3636 3234
f 3656 3635 3636
f 3656 3636 3683
f 3823 3708 3709
f 3823 3709 3822
f 3822 3709 3710
f 3822 3705 3706
f 3822 3706 3708
f 3822 3708 3823
f 3824 3825 3832
f 3824 3739 3740
f 3824 3740 3825
f 3825 3740 3711
f 3825 3711 3832
f 3832 3822 3824
f 3822 3710 3738
f 3822 3738 3824
f 3824 3738 3739
f 3832 3711 3714
f 3832 3714 3742
f 3832 3742 3826
f 3826 3744 3746
f 3826 3827 3744
f 3826 3828 3832
f 3826 3830 3829
f 3826 3829 3828
f 3832 3727 3732
f 3832 3732 3831
f 3832 3735 3736
f 3832 3736 3737
f 3832 3737 3833
f 3832 3831 3834
f 3831 3732 3733
f 3831 3733 3834
f 3834 3733 3735
f 3834 3735 3832
f 3832 3835 3822
f 3835 3756 3757
f 3835 3757 3705
f 3835 3705 3822
f 3832 3833 3835
f 3833 3737 3755
f 3833 3755 3835
f 3835 3755 3756
f 243 2793 1338
f 1338 2793 2883
f 1338 2883 343
f 2793 2791 2881
f 2793 2881 2883
f 2791 3836 2881
f 3836 2882 2878
f 2881 3836 2878
f 3844 3845 3846
f 3843 3844 3846
f 3847 3848 3850
f 3852 3853 3854
f 3851 3852 3854
f 3856 3857 3858
f 3855 3856 3858
f 3860 3847 3850
f 3862 3863 3864
f 3866 3867 3868
f 3865 3866 3868
f 3870 3871 3872
f 3871 3873 3874
f 3871 3874 3875
f 3872 3871 3875
f 3877 3878 3879
f 3876 3877 3879
f 3881 3870 3872
f 3883 3884 3885
f 3882 3883 3885
f 3886 3887 3888
f 3887 3889 3890
f 3888 3887 3890
f 3853 3893 3894
f 3853 3894 3854
f 3893 3895 3896
f 3893 3896 3894
f 3854 3894 3851
f 2698 2839 3897
f 3898 3899 3900
f 3899 3901 3902
f 3899 3902 3903
f 3900 3899 3903
f 3900 3903 3904
f 3909 3910 2684
f 2687 2688 2838
f 2687 2838 2839
f 2684 3910 3912
f 3913 3901 3914
f 2701 3913 3915
f 3915 3908 2702
f 2687 2839 2690
f 2698 2690 2839
f 2702 3908 2693
f 2687 2690 2686
f 2687 2686 2689
f 2689 2686 3916
f 2695 2686 2690
f 3911 3916 3912
f 3912 3916 2684
f 2693 3916 2692
f 2692 3916 2691
f 2688 2689 3911
f 3911 2689 3916
f 2691 3916 2694
f 2694 3916 2686
f 2685 2684 2693
f 2693 2684 3916
f 3909 2684 3908
f 2685 3908 2684
f 2838 2688 2827
f 2688 3911 2827
f 2694 2705 2691
f 2706 3917 2695
f 2699 3918 2703
f 2692 3919 2704
f 2691 2705 3919
f 2691 3919 2692
f 2695 3917 2705
f 2695 2705 2696
f 2697 2703 2706
f 2704 3919 3918
f 2704 3918 2699
f 3922 3919 2705
f 3920 3922 2705
f 3923 3920 2705
f 3923 2705 3917
f 3924 3917 2706
f 3924 3923 3917
f 3924 2706 2703
f 3924 2703 3918
f 3924 3918 3919
f 3920 3924 3919
f 3920 3919 3922
f 3924 3921 3925
f 3923 3925 3921
f 3923 3921 3920
f 3920 3926 3924
f 3920 3921 3926
f 3926 3921 3924
f 3924 3925 3923
f 2846 2781 3927
f 2846 3927 2784
f 2846 2784 2785
f 2784 3927 2781
f 2843 2785 2784
f 2842 2846 2785
f 2842 2785 2843
f 2783 2846 2842
f 3181 3928 3347
f 3184 3348 3928
f 3184 3928 3181
f 3348 3347 3928
f 3184 3929 3195
f 3930 3195 3929
f 3577 3634 3195
f 3194 3577 3195
f 3176 3177 3178
f 3930 3194 3195
f 3930 3178 3177
f 3930 3177 3194
f 3930 3931 3178
f 3172 3176 3178
f 3172 3178 3931
f 3193 3176 3173
f 3192 3193 3173
f 3192 3173 3175
f 3175 3173 3567
f 3174 3567 3173
f 3175 3567 3192
f 3932 3933 3934
f 3932 3934 3935
f 3933 3936 3934
f 3935 3934 3937
f 3935 3937 3938
f 3938 3937 3939
f 3938 3939 3940
f 3939 3941 3942
f 3940 3939 3942
f 3940 3942 3064
f 3055 3943 3944
f 3055 3944 3056
f 3943 3945 3944
f 3056 3944 3946
f 3056 3946 3058
f 3058 3946 3947
f 3058 3947 3948
f 3947 3936 3933
f 3948 3947 3933
f 3948 3933 3932
f 3061 3949 3950
f 3061 3950 3062
f 3949 3951 3950
f 3950 3951 3945
f 3950 3945 3943
f 3062 3950 3943
f 3062 3943 3055
f 3052 3952 3953
f 3052 3953 3954
f 3952 3205 3951
f 3952 3951 3953
f 3953 3951 3949
f 3954 3953 3949
f 3954 3949 3061
f 3064 3942 3955
f 3064 3955 3051
f 3942 3941 3956
f 3942 3956 3955
f 3955 3956 3205
f 3955 3205 3952
f 3051 3955 3952
f 3051 3952 3052
f 3076 3957 3958
f 3076 3958 3959
f 3957 3960 3958
f 3959 3958 3961
f 3959 3961 3962
f 3962 3961 3963
f 3962 3963 3964
f 3963 3936 3965
f 3964 3963 3965
f 3964 3965 3068
f 3080 3966 3081
f 3966 3967 3968
f 3966 3968 3969
f 3081 3966 3969
f 3081 3969 3082
f 3970 3971 3972
f 3970 3972 3973
f 3971 3945 3967
f 3971 3967 3972
f 3972 3967 3966
f 3973 3972 3966
f 3973 3966 3080
f 3071 3946 3944
f 3071 3944 3974
f 3944 3945 3971
f 3974 3944 3971
f 3974 3971 3970
f 3068 3965 3946
f 3068 3946 3069
f 3965 3936 3947
f 3965 3947 3946
f 3069 3946 3071
f 3082 3969 3975
f 3082 3975 3976
f 3969 3968 3975
f 3976 3975 3977
f 3976 3977 3074
f 3074 3977 3978
f 3074 3978 3075
f 3978 3960 3957
f 3075 3978 3957
f 3075 3957 3076
f 3979 3980 3981
f 3979 3981 3982
f 3980 1494 3981
f 3982 3981 3090
f 3090 3981 3983
f 3090 3983 3091
f 3091 3983 3092
f 3098 3984 3985
f 3984 3986 1498
f 3984 1498 3987
f 3985 3984 3987
f 3985 3987 3084
f 3095 3988 3984
f 3095 3984 3096
f 3988 3968 3986
f 3988 3986 3984
f 3096 3984 3098
f 3102 3977 3975
f 3102 3975 3989
f 3975 3968 3988
f 3989 3975 3988
f 3989 3988 3095
f 3092 3983 3990
f 3092 3990 3101
f 3983 3960 3978
f 3983 3978 3990
f 3990 3978 3977
f 3101 3990 3977
f 3101 3977 3102
f 3087 1506 1505
f 3087 1505 3991
f 1505 1494 3980
f 3991 1505 3980
f 3991 3980 3979
f 3084 3987 1507
f 3084 1507 3085
f 3987 1498 1507
f 3085 1507 1506
f 3085 1506 3087
f 3038 3992 3035
f 3035 3992 3034
f 3034 3992 3993
f 3034 3993 3994
f 3994 3993 3996
f 3042 3981 3041
f 3981 1494 3997
f 3041 3981 3997
f 3041 3997 3039
f 3043 3998 3983
f 3043 3983 3999
f 3998 3960 3983
f 3999 3983 3981
f 3999 3981 3042
f 3047 4000 4001
f 3047 4001 3045
f 4001 3960 3998
f 3045 4001 3998
f 3045 3998 3043
f 3996 3993 4002
f 3996 4002 4003
f 3993 3995 4002
f 4003 4002 4000
f 4003 4000 3047
f 3048 1523 4004
f 3048 4004 4005
f 1523 1524 4004
f 4004 1524 1509
f 4004 1509 3992
f 4005 4004 3992
f 4005 3992 3038
f 3039 3997 4006
f 3039 4006 3049
f 3997 1494 1526
f 3997 1526 4006
f 4006 1526 1523
f 3049 4006 1523
f 3049 1523 3048
f 3031 4007 4008
f 4008 4007 4009
f 4008 4009 3024
f 3024 4009 4010
f 3024 4010 3023
f 4010 4011 3022
f 3023 4010 3022
f 3025 3961 4012
f 3025 4012 4013
f 3961 3958 4012
f 4012 3958 3960
f 4013 4012 4014
f 3028 4015 3963
f 3028 3963 3026
f 4015 3936 3963
f 3026 3963 3961
f 3026 3961 3025
f 3029 4016 4015
f 3029 4015 4017
f 4017 4015 3028
f 3022 4016 3030
f 3022 4011 4016
f 3030 4016 3029
f 4014 4012 4018
f 4014 4018 4019
f 4012 3960 4001
f 4012 4001 4018
f 4018 4001 4000
f 4019 4018 4000
f 4019 4000 3033
f 3033 4000 4002
f 3033 4002 3032
f 4002 3995 4007
f 3032 4002 4007
f 3032 4007 3031
f 3007 4020 4021
f 3007 4021 3015
f 4020 4011 4021
f 3015 4021 4022
f 3015 4022 3013
f 3013 4022 4023
f 3013 4023 4024
f 4023 4025 4026
f 4024 4023 4026
f 4024 4026 4027
f 3021 3937 3934
f 3021 3934 3019
f 3934 3936 4028
f 3019 3934 4028
f 3019 4028 3017
f 3000 4029 4030
f 3000 4030 4031
f 4029 3941 3939
f 4029 3939 4030
f 4030 3939 3937
f 4031 4030 3937
f 4031 3937 3021
f 4027 4026 4032
f 4027 4032 4033
f 4026 4025 4032
f 4033 4032 4034
f 4033 4034 3006
f 3006 4034 4035
f 3006 4035 3003
f 4034 4032 4035
f 4035 4032 3941
f 4035 3941 4029
f 3003 4035 4029
f 3003 4029 3000
f 3017 4028 4036
f 3017 4036 4037
f 4028 3936 4015
f 4028 4015 4036
f 4036 4015 4016
f 4036 4016 4038
f 4037 4036 4038
f 4037 4038 3012
f 3012 4038 4039
f 3012 4039 3009
f 4038 4016 4039
f 4039 4016 4011
f 4039 4011 4020
f 3009 4039 4020
f 3009 4020 3007
f 2981 4040 2989
f 2989 4040 2987
f 2987 4040 4041
f 2987 4041 4042
f 4042 4041 4044
f 2994 3992 2993
f 3992 1509 4045
f 2993 3992 4045
f 2993 4045 2991
f 2995 4046 4047
f 2995 4047 4048
f 4046 3995 3993
f 4046 3993 4047
f 4047 3993 3992
f 4048 4047 3992
f 4048 3992 2994
f 2999 4049 4046
f 2999 4046 2997
f 2997 4046 2995
f 4044 4041 4050
f 4044 4050 4051
f 4041 4043 4050
f 4051 4050 4049
f 4051 4049 2999
f 2986 4052 4053
f 2986 4053 2983
f 4052 1573 1574
f 4052 1574 4053
f 4053 1574 1560
f 4053 1560 4040
f 2983 4053 4040
f 2983 4040 2981
f 2991 4045 4054
f 2991 4054 4055
f 4045 1509 1577
f 4045 1577 4054
f 4054 1577 1573
f 4054 1573 4052
f 4055 4054 4052
f 4055 4052 2986
f 4056 4057 4058
f 4058 4057 4059
f 4058 4059 2977
f 2977 4059 4060
f 4060 4061 2976
f 2977 4060 2976
f 2978 4009 4007
f 2978 4007 4062
f 4062 4007 3995
f 4062 3995 2975
f 2970 4063 4064
f 2970 4064 2979
f 4063 4011 4010
f 4063 4010 4064
f 4064 4010 4009
f 2979 4064 4009
f 2979 4009 2978
f 2972 4063 2971
f 2971 4063 2970
f 2976 4061 4065
f 2975 3995 4066
f 2975 4066 2974
f 3995 4046 4066
f 4066 4046 4049
f 2974 4066 4049
f 2974 4049 2973
f 2973 4049 4050
f 2973 4050 4067
f 4050 4043 4057
f 4067 4050 4057
f 4067 4057 4056
f 4068 4069 4070
f 4068 4070 4071
f 4069 4061 4070
f 4071 4070 4072
f 4071 4072 4073
f 4073 4072 4074
f 4073 4074 4075
f 4074 3182 4076
f 4075 4074 4076
f 4075 4076 2962
f 2958 4022 4021
f 2958 4021 2959
f 4021 4011 4077
f 2959 4021 4077
f 2959 4077 2960
f 4078 4079 4080
f 4078 4080 4081
f 4079 4025 4023
f 4079 4023 4080
f 4080 4023 4022
f 4081 4080 4022
f 4081 4022 2958
f 2962 4076 4082
f 2962 4082 2963
f 4076 3182 4082
f 2963 4082 4083
f 2963 4083 2964
f 2964 4083 4084
f 2964 4084 4085
f 4083 4082 4084
f 4084 4082 4025
f 4084 4025 4079
f 4085 4084 4079
f 4085 4079 4078
f 2960 4077 4086
f 2960 4086 2967
f 4077 4011 4063
f 4077 4063 4086
f 4086 4063 2972
f 2967 4086 2972
f 2967 2972 2968
f 2968 2972 4065
f 2968 4065 4087
f 4065 4061 4069
f 4087 4065 4069
f 4087 4069 4068
f 2925 4088 4089
f 2925 4089 2921
f 4088 1613 4089
f 2921 4089 2920
f 2920 4089 4090
f 2920 4090 4091
f 4091 4090 4093
f 2931 4040 2930
f 4040 1560 4094
f 2930 4040 4094
f 2930 4094 2929
f 2916 4095 4041
f 2916 4041 4096
f 4095 4043 4041
f 4096 4041 4040
f 4096 4040 2931
f 4093 4090 4097
f 4093 4097 4098
f 4090 4092 4097
f 4098 4097 2919
f 2919 4097 4099
f 2919 4099 2917
f 4099 4043 4095
f 2917 4099 4095
f 2917 4095 2916
f 2929 4094 4100
f 2929 4100 2927
f 4094 1560 1625
f 4094 1625 4100
f 4100 1625 1626
f 4100 1626 4101
f 2927 4100 4101
f 2927 4101 2926
f 2926 4101 1612
f 2926 1612 4102
f 4101 1626 1612
f 1612 1613 4088
f 4102 1612 4088
f 4102 4088 2925
f 2951 4103 4104
f 2951 4104 2950
f 2953 4059 4107
f 4059 4057 4107
f 4107 4057 4043
f 2953 4107 2952
f 2955 4060 4108
f 2955 4061 4060
f 4108 4060 4059
f 4108 4059 2953
f 2954 4097 2951
f 4097 4092 4103
f 2951 4097 4103
f 2952 4107 4097
f 2952 4097 4109
f 4107 4043 4099
f 4107 4099 4097
f 4109 4097 2954
f 2957 2955 2956
f 4106 2950 4110
f 2950 4105 4110
f 3338 4072 4111
f 3338 4111 4112
f 4072 4070 4111
f 4111 4070 4061
f 4111 4061 4113
f 4112 4111 4113
f 4112 4113 4114
f 3342 4115 4116
f 3342 4116 3339
f 4115 3182 4074
f 4115 4074 4116
f 4116 4074 4072
f 3339 4116 4072
f 3339 4072 3338
f 4114 4113 4117
f 4114 4117 4118
f 4113 4061 2955
f 4113 2955 4117
f 4117 2955 2957
f 4118 4117 2957
f 4118 2957 3346
f 3346 2957 4110
f 3346 4110 3345
f 4110 4105 4119
f 3345 4110 4119
f 3345 4119 3343
f 4120 4121 3183
f 4120 3183 4122
f 4121 3184 3183
f 3183 3182 4115
f 4122 3183 4115
f 4122 4115 3342
f 3343 4119 3349
f 3349 4119 3289
f 3289 4119 4123
f 3289 4123 3287
f 4119 4105 4123
f 4123 3930 4124
f 3287 4123 4124
f 3287 4124 3285
f 3285 4124 4125
f 3285 4125 4126
f 4124 3930 3929
f 4124 3929 4125
f 4125 3929 3184
f 4125 3184 4121
f 4126 4125 4121
f 4126 4121 4120
f 3284 4127 3281
f 3281 4127 3280
f 3280 4127 4128
f 4128 4129 4130
f 3280 4128 4130
f 3280 4130 4131
f 4131 4130 4132
f 4130 4129 4133
f 4132 4130 3191
f 3191 4130 3185
f 4130 4133 4134
f 4130 4134 3268
f 4135 4105 4127
f 3273 4135 4127
f 3273 4127 3284
f 3277 4136 4135
f 3277 4135 3273
f 4136 3930 4123
f 4136 4123 4135
f 4135 4123 4105
f 3185 4130 4137
f 3185 4137 4138
f 4130 3268 3279
f 4130 3279 4137
f 4137 3279 3172
f 4138 4137 3278
f 3278 4137 4139
f 4137 3172 3931
f 4137 3931 4139
f 4139 3931 3930
f 4139 3930 4136
f 3278 4139 4136
f 3278 4136 3277
f 4104 4103 4092
f 2949 2950 4140
f 2949 4105 2950
f 4140 2950 4104
f 4140 4104 2945
f 2946 4141 4143
f 2948 4144 2946
f 4144 4142 4141
f 2946 4144 4141
f 2945 4104 4144
f 2945 4144 2948
f 4127 4105 2949
f 2946 4143 4127
f 4143 4129 4128
f 4143 4128 4127
f 2946 4127 2949
f 2934 4145 4089
f 4089 1613 2932
f 2934 4089 2932
f 4146 4147 4089
f 4146 4089 4148
f 4147 4092 4090
f 4147 4090 4089
f 4148 4089 4145
f 4148 4145 2934
f 2939 4149 2935
f 2935 4149 4150
f 2935 4150 4151
f 2935 4151 2943
f 2932 1613 403
f 2944 2932 4149
f 2944 4149 2938
f 2932 403 4149
f 4149 403 1672
f 2938 4149 2939
f 2943 4151 4144
f 2943 4144 2940
f 4151 4142 4144
f 2940 4144 4104
f 4104 4092 4147
f 2940 4104 4147
f 2940 4147 4146
f 4154 4155 4156
f 4154 4156 4157
f 4155 1498 3986
f 4155 3986 4156
f 4157 4156 4158
f 4158 4156 4159
f 4156 3986 3968
f 4156 3968 4160
f 4159 4156 4160
f 4159 4160 4161
f 4162 4163 4164
f 4163 4165 1693
f 4163 1693 4166
f 4164 4163 4166
f 4164 4166 4167
f 4168 4169 4163
f 4168 4163 4170
f 4169 4171 4165
f 4169 4165 4163
f 4170 4163 4162
f 4172 4173 4174
f 4173 4171 4169
f 4174 4173 4169
f 4174 4169 4168
f 4161 4160 4173
f 4161 4173 4175
f 4160 3968 4173
f 4175 4173 4172
f 4176 4177 4178
f 4177 1705 1498
f 4177 1498 4155
f 4178 4177 4155
f 4178 4155 4154
f 4167 4166 4177
f 4167 4177 4179
f 4166 1693 1707
f 4166 1707 4177
f 4177 1707 1705
f 4179 4177 4176
f 4180 4181 4182
f 4180 4182 4183
f 4181 3968 3967
f 4181 3967 4182
f 4182 3967 4184
f 4183 4182 4184
f 4183 4184 4185
f 4185 4184 4186
f 4184 3967 3945
f 4184 3945 4187
f 4186 4184 4187
f 4186 4187 4188
f 4189 4190 4191
f 4189 4191 4192
f 4190 4193 4191
f 4191 4193 4171
f 4191 4171 4194
f 4192 4191 4194
f 4192 4194 4195
f 4196 4197 4190
f 4196 4190 4198
f 4197 4199 4193
f 4197 4193 4190
f 4198 4190 4189
f 4200 4201 4202
f 4201 4199 4197
f 4202 4201 4197
f 4202 4197 4196
f 4188 4187 4201
f 4188 4201 4203
f 4203 4201 4200
f 4195 4194 4204
f 4195 4204 4205
f 4194 4171 4173
f 4194 4173 4204
f 4204 4173 3968
f 4204 3968 4181
f 4205 4204 4181
f 4205 4181 4180
f 4206 4207 4208
f 4206 4208 4209
f 4207 3205 4208
f 4209 4208 4210
f 4209 4210 4211
f 4211 4210 4212
f 4211 4212 4214
f 3108 4215 4216
f 3108 4216 3122
f 4215 4199 4201
f 4215 4201 4216
f 4216 4201 4187
f 3122 4216 4187
f 4187 3945 4217
f 3122 4187 4217
f 3122 4217 3112
f 3105 4218 4219
f 3105 4219 3106
f 4218 4220 4219
f 4219 4220 4199
f 4219 4199 4215
f 3106 4219 4215
f 3106 4215 3108
f 4214 4212 4221
f 4214 4221 4222
f 4212 4213 4220
f 4212 4220 4221
f 4221 4220 4218
f 4222 4221 4218
f 4222 4218 3105
f 3112 4217 4223
f 3112 4223 3113
f 4217 3945 3951
f 4217 3951 4223
f 3113 4223 3114
f 3114 4223 4224
f 4223 3951 3205
f 4223 3205 4207
f 4224 4223 4207
f 4224 4207 4206
f 3889 4225 4226
f 4225 1754 4227
f 4226 4225 4227
f 4226 4227 4228
f 3886 4229 4225
f 3886 4225 3887
f 4229 4230 4225
f 3887 4225 3889
f 4231 4232 4165
f 4231 4165 4233
f 4232 1693 4165
f 4233 4165 3891
f 4165 4171 4234
f 3891 4165 4234
f 3891 4234 3882
f 3882 4234 4235
f 3882 4235 3883
f 4234 4171 4235
f 3883 4235 3884
f 3884 4235 4236
f 4235 4230 4229
f 4236 4235 4229
f 4236 4229 3886
f 4237 4238 1759
f 4237 1759 4239
f 1759 1693 4232
f 4239 1759 4232
f 4239 4232 4231
f 4228 4227 4238
f 4228 4238 4240
f 4227 1754 4238
f 4238 1754 1759
f 4240 4238 4237
f 4241 4242 4243
f 4241 4243 4244
f 4242 4245 4243
f 4243 4245 4230
f 4243 4230 4246
f 4244 4243 4246
f 4244 4246 4247
f 4248 4249 4250
f 4248 4250 4251
f 4249 4252 4245
f 4249 4245 4250
f 4250 4245 4242
f 4251 4250 4242
f 4251 4242 4241
f 3870 4253 4254
f 3870 4254 3871
f 4253 4171 4193
f 4253 4193 4254
f 3871 4254 3873
f 3873 4254 4255
f 4254 4193 4199
f 4254 4199 4256
f 4255 4254 4256
f 4255 4256 3876
f 3876 4256 4257
f 3876 4257 3877
f 4256 4199 4257
f 3877 4257 3878
f 3878 4257 4258
f 3878 4258 4259
f 4258 4252 4249
f 4259 4258 4249
f 4259 4249 4248
f 3880 4260 4235
f 3880 4235 3881
f 4235 4171 4253
f 3881 4235 4253
f 3881 4253 3870
f 4247 4246 4260
f 4247 4260 4261
f 4246 4230 4235
f 4246 4235 4260
f 4261 4260 3880
f 2799 4262 4225
f 4262 1754 4225
f 2799 4225 2798
f 2798 4225 4263
f 2798 4263 4264
f 4263 4225 4230
f 4264 4263 4265
f 4266 4267 4268
f 4266 4268 4269
f 2801 4266 4269
f 4265 4263 4266
f 4265 4266 4270
f 4263 4230 4267
f 4263 4267 4266
f 4270 4266 2801
f 2794 4262 2799
f 2794 1754 4262
f 2796 1794 2794
f 2794 1794 1754
f 2801 4269 4271
f 4271 4269 4272
f 4271 4272 2797
f 2797 4272 1794
f 2797 1794 2796
f 4273 4275 4276
f 4152 4153 3126
f 4152 3126 3125
f 2909 4290 1815
f 2909 1815 376
f 2853 4291 4290
f 2853 4290 2909
f 2910 4294 4293
f 4293 4294 4291
f 4293 4291 2853
f 2910 4293 2853
f 4295 4296 3129
f 4295 3129 3128
f 4297 4294 2911
f 2911 4294 2910
f 4290 4283 4301
f 4290 4301 1815
f 4291 4278 4283
f 4290 4291 4283
f 4277 4278 4291
f 4294 4277 4291
f 4308 4707 4307
f 4707 4309 4307
f 4307 4309 4310
f 4307 4310 4297
f 4283 1840 4301
f 4301 1840 1815
f 4297 4310 4277
f 4297 4277 4294
f 3131 4150 4149
f 4149 1672 1848
f 3131 4149 1848
f 4292 4313 4151
f 4313 4142 4151
f 4292 4151 4150
f 4292 4150 3131
f 4314 4142 4313
f 4292 4314 4313
f 3128 4315 4295
f 4295 4315 4316
f 4295 4316 4314
f 4316 4317 4314
f 3130 3131 4315
f 3130 4315 3128
f 3131 1848 1853
f 3131 1853 4315
f 4315 1853 1850
f 4288 4143 4141
f 4141 4142 4318
f 4288 4141 4318
f 4288 4318 3127
f 4288 4319 4143
f 4319 4129 4143
f 3127 4318 3125
f 4318 4142 4314
f 4320 4319 4288
f 4321 4322 4152
f 3125 4318 4321
f 3125 4321 4152
f 4318 4314 4321
f 4321 4314 4317
f 4152 4322 4320
f 4324 3268 4325
f 4323 4324 4325
f 4323 4325 3137
f 3133 4326 4319
f 3133 4319 3132
f 4326 4129 4319
f 4327 4133 4129
f 4327 4129 4326
f 3134 4327 4326
f 3134 4326 3133
f 3137 4325 4327
f 3137 4327 3134
f 4325 3268 4134
f 4325 4134 4327
f 4327 4134 4133
f 4328 4308 4329
f 4285 4328 4329
f 4285 4329 4330
f 4287 4331 4285
f 4285 4331 4328
f 4330 4329 4323
f 4329 4308 4323
f 3132 4319 4331
f 3132 4331 4287
f 4319 4320 4322
f 4319 4322 4331
f 4332 4721 4303
f 4280 4315 4276
f 4282 4317 4316
f 4282 4316 4315
f 4280 4282 4315
f 4276 4315 4273
f 4315 1850 1871
f 4273 4315 4332
f 4315 1871 4332
f 4332 1871 2267
f 4333 4334 4284
f 4311 4333 4284
f 4321 4317 4305
f 4306 4322 4321
f 4306 4321 4305
f 4305 4317 4282
f 4305 4282 4311
f 4282 4302 4303
f 4282 4303 4311
f 4311 4303 4721
f 4284 4334 4335
f 4336 4337 4300
f 4300 4337 4279
f 4298 4338 4328
f 4338 4308 4328
f 4298 4328 4312
f 4312 4328 4331
f 4298 4308 4338
f 4331 4322 4306
f 4331 4306 4335
f 4300 4279 4308
f 4300 4308 4299
f 4299 4308 4298
f 4331 4335 4334
f 4331 4334 4336
f 4312 4331 4336
f 3603 3262 3260
f 3603 3260 3589
f 3271 3512 3270
f 3508 3609 3512
f 3255 3270 3512
f 3255 3512 3609
f 2685 2693 3908
f 4344 4345 4346
f 4346 4345 2829
f 2698 3897 3902
f 4252 3914 4354
f 4252 4354 4355
f 2839 2840 3897
f 2841 4356 2840
f 3897 2840 4356
f 3915 2702 2704
f 3915 2704 2701
f 3915 4357 3908
f 4252 3908 4357
f 3913 2701 2700
f 3913 2700 2698
f 3913 2698 3902
f 3901 3913 3902
f 3897 4361 3902
f 4361 4362 4363
f 4361 4363 3904
f 4361 3904 3903
f 3902 4361 3903
f 3899 3898 4354
f 3901 3899 4354
f 3901 4354 3914
f 4252 4357 3914
f 3915 3913 4357
f 3914 4357 3913
f 2841 4364 4356
f 4362 4361 4364
f 3897 4356 4364
f 3897 4364 4361
f 2799 4365 2795
f 2799 2800 4365
f 2795 4365 4366
f 2795 4366 2794
f 2794 4366 2797
f 4365 4367 4366
f 4366 4367 2801
f 4366 2801 2797
f 2800 4367 4365
f 4367 2800 2801
f 2801 2800 4270
f 4270 2800 4265
f 4265 2800 4264
f 4264 2800 2798
f 2797 2801 4271
f 2799 2795 2794
f 4231 4233 4368
f 4233 3891 3892
f 4368 4233 3892
f 3889 4226 4228
f 3889 4228 3890
f 4236 3886 3888
f 4236 3888 3890
f 4247 4261 4369
f 4261 3880 4370
f 4369 4261 4370
f 4259 4248 4371
f 4259 4371 4372
f 3878 4259 4372
f 3878 4372 3879
f 3873 4255 3874
f 4248 4251 4373
f 4248 4373 4371
f 4251 4241 4373
f 4373 4241 4374
f 4373 4374 4372
f 4371 4373 4372
f 4375 3908 4376
f 4375 4376 4377
f 4376 3908 4252
f 4376 4252 4378
f 4377 4376 4378
f 4377 4378 4379
f 4380 4381 3908
f 4380 3908 4382
f 4381 3909 3908
f 4382 3908 4375
f 3861 4383 4384
f 3861 4384 3862
f 4383 4199 4220
f 4383 4220 4384
f 4384 4220 4385
f 3862 4384 4385
f 3862 4385 3863
f 3863 4385 4386
f 3863 4386 4387
f 4385 4220 4386
f 4386 4220 4213
f 4386 4213 4388
f 4387 4386 4388
f 4387 4388 3865
f 3865 4388 4389
f 3865 4389 3866
f 4388 4213 4389
f 3866 4389 3867
f 3867 4389 4390
f 4389 3909 4381
f 4390 4389 4381
f 4390 4381 4380
f 4257 4199 4383
f 3869 4257 4383
f 3869 4383 3861
f 4379 4378 4391
f 4379 4391 3869
f 4378 4252 4258
f 4378 4258 4391
f 4391 4258 4257
f 3869 4391 4257
f 4392 4393 3910
f 4392 3910 4394
f 3910 3909 4395
f 4394 3910 4395
f 4394 4395 3855
f 3853 4396 4397
f 3853 4397 4398
f 4396 4399 3910
f 4396 3910 4397
f 4397 3910 4393
f 4398 4397 4393
f 4398 4393 4392
f 3859 4400 4401
f 3859 4401 3860
f 4400 4213 4402
f 4400 4402 4401
f 4401 4402 4403
f 3860 4401 4403
f 3860 4403 3847
f 3847 4403 4404
f 3847 4404 3848
f 4403 4402 4405
f 4403 4405 4404
f 4404 4405 2889
f 4404 2889 4406
f 3848 4404 4406
f 3848 4406 3849
f 3849 4406 4407
f 3849 4407 4408
f 4406 2889 4407
f 4408 4407 3851
f 3851 4407 4396
f 3851 4396 3852
f 3852 4396 3853
f 3857 4409 4410
f 4409 4389 4213
f 4409 4213 4400
f 4410 4409 4400
f 4410 4400 3859
f 3855 4395 4409
f 3855 4409 3856
f 4395 3909 4389
f 4395 4389 4409
f 3856 4409 3857
f 4211 4214 4411
f 4379 3869 4413
f 3863 4387 3864
f 4414 4415 4416
f 4415 3869 3861
f 4415 3861 3862
f 4416 4415 3862
f 4416 3862 3864
f 4377 4379 4417
f 4375 4377 4417
f 3853 4398 3893
f 4398 4392 3895
f 4398 3895 3893
f 4380 4418 4419
f 4380 4419 4390
f 4418 4375 4420
f 4418 4420 4419
f 4419 4420 4414
f 4390 4419 3867
f 4410 3859 4421
f 3857 4410 4421
f 4408 3851 4422
f 3849 4408 4422
f 3964 3068 3070
f 3962 3964 4423
f 3989 3095 3097
f 3102 3989 3103
f 3985 3084 3086
f 3098 3985 3099
f 3979 3982 4424
f 3982 3090 3094
f 3982 3094 4425
f 4424 3982 4425
f 3037 3035 4426
f 3035 3036 4426
f 3037 4426 4427
f 3037 4427 3050
f 3050 4427 4428
f 3050 4428 3049
f 4428 3042 3041
f 3049 4428 3041
f 3049 3041 3040
f 4427 3046 3045
f 4427 3045 4428
f 4428 3045 3044
f 4428 3044 4429
f 4428 4429 3042
f 3036 4430 4431
f 3036 4431 4426
f 4431 4430 3046
f 4431 3046 4427
f 4426 4431 4427
f 3038 3037 4005
f 4005 3037 3050
f 4005 3050 3048
f 3047 3046 4430
f 3047 4430 4003
f 4003 4430 3996
f 3042 4429 3999
f 3999 4429 3044
f 3999 3044 3043
f 3996 4430 3994
f 3994 4430 3036
f 3994 3036 3034
f 2984 2988 4432
f 2984 4432 2983
f 2988 2990 4432
f 2983 4432 4433
f 2983 4433 2985
f 2985 4433 4434
f 2985 4434 4435
f 4433 4436 4434
f 4434 4436 2994
f 4434 2994 2993
f 4435 4434 2993
f 4435 2993 2992
f 4433 4437 4436
f 4433 2998 2997
f 4433 2997 4437
f 4437 2997 2996
f 4437 2996 4438
f 4436 4437 4438
f 4436 4438 2994
f 2990 4439 4440
f 2990 4440 4432
f 4439 4441 4440
f 4440 4441 2998
f 4440 2998 4433
f 4432 4440 4433
f 2999 2998 4441
f 2999 4441 4051
f 4051 4441 4044
f 2994 4438 4048
f 4048 4438 2996
f 4048 2996 2995
f 4044 4441 4042
f 4441 4439 4042
f 4042 4439 2990
f 4042 2990 2987
f 2986 2985 4435
f 2986 4435 4055
f 4055 4435 2992
f 4055 2992 2991
f 2923 2921 4442
f 2923 4442 4443
f 2921 2922 4444
f 2921 4444 4442
f 4442 4444 4445
f 4442 4445 4446
f 4443 4442 4446
f 4443 4446 2926
f 2926 4446 4447
f 2926 4447 2927
f 4446 4445 4448
f 4446 4448 4447
f 4447 4448 2931
f 4447 2931 2930
f 2927 4447 2930
f 2927 2930 2928
f 4445 4449 4450
f 4445 4450 4448
f 4449 2918 2917
f 4449 2917 4450
f 4450 2917 2916
f 4450 2916 4451
f 4448 4450 4451
f 4448 4451 2931
f 2922 4452 4453
f 2922 4453 4444
f 4452 4454 4455
f 4452 4455 4453
f 4453 4455 2918
f 4453 2918 4449
f 4444 4453 4449
f 4444 4449 4445
f 2931 4451 4096
f 4096 4451 2916
f 2925 2924 4102
f 2924 2923 4443
f 2924 4443 4102
f 4102 4443 2926
f 4093 4454 4091
f 4454 4452 4091
f 4091 4452 2922
f 4091 2922 2920
f 2919 2918 4455
f 2919 4455 4098
f 4098 4455 4454
f 4098 4454 4093
f 4456 4457 2941
f 4456 2934 4457
f 2941 4457 2940
f 4457 2937 2940
f 4458 2938 2937
f 4457 4458 2937
f 2934 4458 4457
f 2934 2933 4458
f 4458 2933 2938
f 4146 4456 2940
f 4456 2941 2940
f 2944 2938 2933
f 2944 2933 2932
f 2943 2942 2936
f 2943 2936 2935
f 2942 2940 2936
f 2936 2940 2937
f 2934 4456 4148
f 4148 4456 4146
f 4459 4292 3131
f 4459 3131 3130
f 3130 3129 4459
f 4459 3129 4296
f 4459 4296 4292
f 4314 4460 4295
f 4460 4296 4295
f 4292 4460 4314
f 4292 4296 4460
f 4461 4304 4282
f 4274 4462 4304
f 4274 4304 4461
f 4275 4273 4274
f 4275 4274 4461
f 4275 4461 4281
f 4281 4461 4280
f 4280 4461 4282
f 4303 4304 4462
f 4303 4462 4332
f 4302 4282 4304
f 4302 4304 4303
f 4332 4462 4273
f 4462 4274 4273
f 4276 4275 4280
f 4280 4275 4281
f 4464 4465 4466
f 4464 4466 4467
f 4463 4464 4467
f 4463 4467 4468
f 4463 4469 4470
f 4463 4470 4464
f 4464 4470 4471
f 4464 4471 4465
f 3970 3973 4472
f 3973 3080 3083
f 3973 3083 4473
f 4472 3973 4473
f 3976 3074 3079
f 3976 3079 4474
f 3082 3976 4474
f 3974 3970 4472
f 3071 3974 3072
f 3031 4475 4476
f 3031 4476 3032
f 4475 3024 4477
f 4475 4477 4476
f 3032 4476 4478
f 3032 4478 4479
f 4476 4477 4480
f 4476 4480 4478
f 4478 4480 3027
f 4478 3027 4481
f 4479 4478 4481
f 4477 4482 4480
f 4482 3029 3026
f 4480 4482 3026
f 4480 3026 3027
f 3024 3023 4482
f 3024 4482 4477
f 3023 3022 3030
f 3023 3030 4482
f 4482 3030 3029
f 3033 3032 4479
f 3033 4479 4019
f 4019 4479 4014
f 3028 3026 4017
f 4017 3026 3029
f 4014 4479 4013
f 4479 4481 4013
f 4013 4481 3027
f 4013 3027 3025
f 3024 4475 4008
f 4008 4475 3031
f 4483 2977 4485
f 4483 4485 4484
f 4483 4484 2973
f 2973 4484 4486
f 2973 4486 2974
f 4484 4485 4487
f 4484 4487 4486
f 4486 4487 2980
f 4486 2980 2974
f 4485 4488 4487
f 4488 2971 2970
f 4488 2970 2979
f 4487 4488 2979
f 4487 2979 2980
f 2977 4488 4485
f 2977 2976 4489
f 2977 4489 4488
f 4488 4489 2971
f 2975 2974 4062
f 4062 2974 2980
f 4062 2980 2978
f 2977 4483 4058
f 4058 4483 4056
f 4056 4483 4067
f 4067 4483 2973
f 2972 2971 4489
f 2972 4489 4065
f 4065 4489 2976
f 2951 2950 4490
f 2951 4490 4491
f 2951 4491 4492
f 4491 4490 2953
f 4492 4491 2953
f 4492 2953 2952
f 4493 2956 2955
f 4493 2955 4494
f 4490 4493 4494
f 4490 4494 2953
f 2950 4495 4493
f 2950 4493 4490
f 4493 4495 2956
f 2957 2956 4495
f 2957 4495 4110
f 4110 4495 4106
f 2954 2951 4492
f 2954 4492 4109
f 4109 4492 2952
f 2953 4494 4108
f 4108 4494 2955
f 4106 4495 2950
f 2949 2945 4496
f 2949 4496 2947
f 4496 2948 2947
f 2945 2948 4496
f 2949 4497 2946
f 2946 4497 2947
f 4497 2949 2947
f 2945 2949 4140
f 3125 3126 4498
f 4498 4499 4289
f 3126 4153 4498
f 4498 4153 4499
f 3127 3125 4498
f 3127 4498 4288
f 4288 4498 4289
f 4320 4499 4153
f 4320 4153 4500
f 4320 4500 4152
f 4500 4153 4152
f 4288 4289 4499
f 4288 4499 4320
f 4501 4284 4306
f 4305 4311 4284
f 4305 4284 4501
f 4306 4284 4335
f 4305 4501 4306
f 3108 3122 3109
f 3122 3124 3110
f 3109 3122 3110
f 4224 4206 4502
f 4214 4222 4503
f 4214 4503 4411
f 4222 3105 4503
f 4503 3105 3111
f 4503 3111 4504
f 4411 4503 4504
f 3052 3954 3053
f 3954 3061 3063
f 3954 3063 4505
f 3053 3954 4505
f 3053 4505 3051
f 3058 3948 4506
f 3948 3932 4507
f 3948 4507 4506
f 4506 4507 4508
f 3058 4506 3059
f 3938 3940 4509
f 3940 3064 3066
f 3940 3066 4509
f 4509 3066 3067
f 3938 4509 3067
f 3938 3067 4510
f 3010 4511 3011
f 3010 3016 4512
f 3010 4512 4511
f 4511 4512 4513
f 4511 4513 4514
f 3011 4511 4514
f 3011 4514 3012
f 3012 4514 4515
f 3012 4515 4516
f 4514 4513 4517
f 4514 4517 4515
f 4515 4517 3021
f 4515 3021 3020
f 4516 4515 3020
f 4516 3020 3018
f 4513 4518 4519
f 4513 4519 4517
f 4518 3006 3005
f 4518 3005 4519
f 4519 3005 3004
f 4517 4519 3004
f 4517 3004 3021
f 3016 4520 4521
f 3016 4521 4512
f 4520 4522 4521
f 4521 4522 3006
f 4521 3006 4518
f 4512 4521 4518
f 4512 4518 4513
f 3021 4523 4031
f 3021 3004 4523
f 4523 3004 3001
f 4031 4523 3001
f 4031 3001 3000
f 4027 4522 4524
f 4027 4524 4024
f 4522 4520 4524
f 4524 4520 3016
f 4524 3016 3013
f 4024 4524 3013
f 3012 4516 4037
f 4037 4516 3018
f 4037 3018 3017
f 3006 4522 4033
f 4033 4522 4027
f 4087 4068 4525
f 4085 4078 4526
f 2964 4085 2965
f 4078 4081 4526
f 4081 2958 2961
f 4081 2961 4527
f 4526 4081 4527
f 4073 4075 4528
f 4529 4530 4531
f 4529 4531 4532
f 4530 3341 3339
f 4530 3339 4531
f 4531 3339 3340
f 4531 3340 4533
f 4532 4531 4533
f 4532 4533 4534
f 4535 4536 4537
f 4535 4537 4538
f 4536 3346 4539
f 4536 4539 4537
f 4537 4539 4534
f 4537 4534 4533
f 4538 4537 4533
f 4538 4533 3340
f 4529 4532 4540
f 4529 4540 4541
f 4532 4534 4542
f 4532 4542 4540
f 4540 4542 3289
f 4540 3289 3288
f 4541 4540 3288
f 4541 3288 3286
f 3344 3349 4543
f 3344 4543 3345
f 3349 3289 4542
f 3349 4542 4543
f 4543 4542 4534
f 4543 4534 4539
f 3345 4543 4539
f 3345 4539 3346
f 3342 3341 4122
f 3341 4530 4122
f 4122 4530 4529
f 4122 4529 4120
f 3346 4536 4118
f 4118 4536 4535
f 4118 4535 4114
f 4114 4535 4112
f 4535 4538 4112
f 4112 4538 3340
f 4112 3340 3338
f 4120 4541 4126
f 4120 4529 4541
f 4126 4541 3286
f 4126 3286 3285
f 3278 3275 4544
f 3281 3282 4544
f 3281 4544 3275
f 4544 3189 3188
f 4544 3188 3278
f 4545 3189 4544
f 4545 4544 3282
f 4131 4546 3280
f 4546 4545 3282
f 4546 3282 3280
f 3278 3188 4138
f 4138 3188 3186
f 4138 3186 3185
f 3284 3283 4547
f 3284 4547 3273
f 3283 3281 4547
f 4547 3281 3275
f 4547 3275 3273
f 3191 3190 4548
f 3191 4548 4132
f 3190 3189 4545
f 3190 4545 4548
f 4548 4545 4546
f 4132 4548 4546
f 4132 4546 4131
f 3136 4550 4549
f 3136 3132 4550
f 4549 4551 4286
f 4549 4286 3136
f 3132 4287 4551
f 3132 4551 4550
f 4287 4285 4551
f 4551 4285 4286
f 4550 4551 4549
f 4323 3136 4286
f 4323 4286 4330
f 4330 4286 4285
f 3133 3132 4552
f 3133 4552 3134
f 3132 3136 4552
f 4552 3136 3134
f 3137 3136 4323
f 4312 4553 4298
f 4312 4554 4553
f 4312 4555 4554
f 4554 4555 4300
f 4554 4300 4553
f 4553 4300 4299
f 4553 4299 4298
f 4300 4555 4336
f 4336 4555 4312
f 3152 4556 4557
f 3152 4557 3149
f 4556 4558 4557
f 3149 4557 3148
f 3148 4557 4559
f 3148 4559 4560
f 4559 4557 3211
f 4559 3211 4561
f 4560 4559 4561
f 4560 4561 4562
f 3158 4563 4032
f 3158 4032 3156
f 4032 4025 4564
f 3156 4032 4564
f 3156 4564 3153
f 3159 4565 4566
f 3159 4566 4567
f 4565 3941 4032
f 4565 4032 4566
f 4566 4032 4563
f 4567 4566 4563
f 4567 4563 3158
f 3166 4568 3162
f 4568 3941 4565
f 3162 4568 4565
f 3162 4565 3159
f 4562 4561 4568
f 4562 4568 4569
f 4561 3211 4568
f 4569 4568 3166
f 3153 4564 4570
f 3153 4570 3170
f 4564 4025 4570
f 4570 4025 4571
f 3170 4570 4571
f 3170 4571 3167
f 3167 4571 4572
f 4571 4558 4556
f 4572 4571 4556
f 4572 4556 3152
f 3296 4573 4082
f 3296 4082 4574
f 4082 3182 4575
f 4574 4082 4575
f 4574 4575 3312
f 3299 4576 4577
f 3299 4577 3297
f 4576 4025 4082
f 4576 4082 4577
f 4577 4082 4573
f 3297 4577 4573
f 3297 4573 3296
f 3300 4025 4578
f 4578 4025 4576
f 4578 4576 3299
f 3290 4579 4580
f 3290 4580 3302
f 4579 4558 4571
f 4579 4571 4580
f 4580 4571 4025
f 3302 4580 4025
f 3302 4025 3300
f 3305 3179 4581
f 4581 3179 4582
f 4581 4582 4583
f 3312 4575 4584
f 3312 4584 3307
f 4575 3182 3181
f 4575 3181 4584
f 4584 3181 3179
f 3307 4584 3179
f 3307 3179 3305
f 3295 4585 4586
f 3295 4586 3292
f 4586 4558 4579
f 3292 4586 4579
f 3292 4579 3290
f 4583 4582 4587
f 4583 4587 4588
f 4582 3179 4587
f 4588 4587 4585
f 4588 4585 3295
f 4589 3164 4591
f 4589 4591 4590
f 4590 4591 4592
f 4590 4592 4593
f 4589 4590 4593
f 4589 4593 3150
f 3150 4593 4594
f 3150 4594 3149
f 4593 4592 4595
f 4593 4595 4594
f 4594 4595 3171
f 4594 3171 3151
f 3149 4594 3151
f 4592 4596 4597
f 4592 4597 4595
f 4596 3158 3157
f 4596 3157 4597
f 4595 4597 3157
f 4595 3157 3171
f 3164 3163 4598
f 3164 4598 4591
f 4598 3163 3158
f 4598 3158 4596
f 4591 4598 4596
f 4591 4596 4592
f 3152 3151 4599
f 3152 4599 4572
f 4599 3151 3171
f 4599 3171 3168
f 4572 4599 3168
f 4572 3168 3167
f 3166 3165 4600
f 3166 4600 4569
f 3165 3164 4589
f 3165 4589 4600
f 4600 4589 4601
f 4569 4600 4601
f 4569 4601 4562
f 3158 3163 4567
f 4567 3163 3160
f 4567 3160 3159
f 4562 4601 4560
f 4601 4589 4560
f 4560 4589 3150
f 4560 3150 3148
f 3310 3309 4602
f 3310 4602 4603
f 3309 3308 4604
f 3309 4604 4602
f 4602 4604 4605
f 4602 4605 4606
f 4603 4602 4606
f 4603 4606 3296
f 3296 4606 4607
f 3296 4607 3297
f 4606 4605 4608
f 4606 4608 4607
f 4607 4608 3303
f 4607 3303 4609
f 3297 4607 4609
f 3297 4609 3298
f 4605 4610 4611
f 4605 4611 4608
f 4610 3294 3292
f 4610 3292 4611
f 4611 3292 3293
f 4611 3293 3304
f 4608 4611 3304
f 4608 3304 3303
f 3308 4612 4613
f 3308 4613 4604
f 4612 4614 4615
f 4612 4615 4613
f 4613 4615 3294
f 4613 3294 4610
f 4604 4613 4610
f 4604 4610 4605
f 4583 4614 4581
f 4614 4612 4581
f 4581 4612 3308
f 4581 3308 3305
f 3299 3298 4616
f 3299 4616 4578
f 3298 4609 4616
f 4616 4609 3303
f 4616 3303 3300
f 4578 4616 3300
f 3312 3311 4574
f 3311 3310 4603
f 3311 4603 4574
f 4574 4603 3296
f 3295 3294 4588
f 3294 4615 4588
f 4588 4615 4614
f 4588 4614 4583
f 2819 4617 4618
f 2819 4618 2818
f 4617 4230 4245
f 4617 4245 4618
f 4618 4245 4619
f 2818 4618 4619
f 2818 4619 2820
f 2820 4619 4620
f 2820 4620 4621
f 4619 4245 4620
f 4620 4245 4252
f 4620 4252 4622
f 4621 4620 4622
f 4621 4622 4623
f 4624 4625 4626
f 4624 4626 4627
f 4625 4268 4267
f 4625 4267 4626
f 4626 4267 4628
f 4627 4626 4628
f 4628 4629 4630
f 4628 4267 4629
f 4629 4267 4230
f 4629 4230 4617
f 4630 4629 4617
f 4630 4617 2819
f 3907 4631 4632
f 3907 4632 4633
f 4632 4631 4268
f 4632 4268 4625
f 4633 4632 4625
f 4633 4625 4624
f 4634 4354 4635
f 4634 4635 4636
f 4635 4354 3898
f 4635 3898 4637
f 4636 4635 4637
f 4636 4637 3905
f 3905 4637 4631
f 3905 4631 3906
f 4637 3898 4631
f 3906 4631 3907
f 4623 4622 4638
f 4623 4638 4639
f 4622 4252 4355
f 4622 4355 4638
f 4638 4355 4354
f 4639 4638 4354
f 4639 4354 4634
f 4269 4268 4359
f 4358 4269 4359
f 4640 1794 4272
f 4640 4272 4641
f 4641 4272 4269
f 4358 4641 4269
f 4339 4642 4643
f 2192 1794 4640
f 4353 3898 3900
f 4353 3900 3904
f 4353 3904 4644
f 2829 4642 4339
f 2829 4339 4359
f 2829 4359 4346
f 4645 4642 2829
f 4344 4268 4631
f 4353 4344 4631
f 4346 4359 4344
f 4359 4268 4344
f 4644 3904 4363
f 4644 4363 4362
f 4631 3898 4353
f 4644 4645 2829
f 4644 4362 4645
f 4351 4646 4349
f 4350 4647 4352
f 4347 4643 4350
f 4350 4643 4642
f 4347 4342 4643
f 4349 4342 4347
f 4349 2192 4342
f 2195 2192 4349
f 4352 4647 2780
f 4352 2780 4351
f 4648 4362 4364
f 2780 2783 4351
f 4351 2783 4646
f 4648 2780 4647
f 2842 2844 2783
f 4648 4647 4649
f 4648 4649 4362
f 4647 4350 4649
f 4649 4350 4642
f 4649 4642 4645
f 4362 4649 4645
f 2783 2844 298
f 2783 298 4349
f 2783 4349 4646
f 298 2201 4349
f 4349 2201 2195
f 3865 3868 4650
f 3865 4650 4387
f 3868 3867 4419
f 3868 4419 4650
f 4650 4419 4414
f 4650 4414 4416
f 4387 4650 4416
f 4387 4416 3864
f 3895 4651 4652
f 3895 4652 3896
f 4651 3855 3858
f 4651 3858 4652
f 4652 3858 3857
f 3851 3894 4653
f 3851 4653 4422
f 3894 3896 4653
f 4653 3896 3850
f 4653 3850 3848
f 4422 4653 3848
f 4422 3848 3849
f 4628 4630 4654
f 4630 2819 2817
f 4630 2817 4655
f 4654 4630 4655
f 4654 4655 4656
f 4633 4624 4657
f 3907 4633 4657
f 4639 4634 4658
f 4623 4639 4658
f 4659 4353 4660
f 4345 4659 2829
f 2829 4659 4660
f 4659 4345 4344
f 4659 4344 4353
f 4644 4660 4353
f 2829 4661 4644
f 4661 2829 4660
f 4661 4660 4644
f 4359 4339 4341
f 4359 4341 4358
f 4339 4643 4340
f 4643 4342 4340
f 4340 4342 4343
f 4340 4343 4339
f 4641 4358 4360
f 2192 4640 4342
f 4342 4640 4662
f 4648 4364 2787
f 4648 2787 2780
f 4364 2841 2777
f 4364 2777 2787
f 4663 4348 4349
f 4663 4352 4351
f 4663 4351 4348
f 4347 4350 4663
f 4663 4350 4352
f 4349 4348 4351
f 4347 4663 4349
f 4664 4665 4666
f 4666 4665 4667
f 4666 4667 3236
f 3236 4667 4668
f 3236 4668 3237
f 3240 4557 4669
f 4557 4558 4665
f 4669 4557 4665
f 4669 4665 4664
f 4670 3211 4557
f 3240 4670 4557
f 3237 3234 4671
f 4671 3234 3250
f 4671 3250 3244
f 4668 3225 3233
f 4668 3233 3234
f 3237 4668 3234
f 3247 3251 4672
f 3251 3211 4670
f 4672 3251 4670
f 4672 4670 3240
f 3244 3250 3251
f 3244 3251 3245
f 3245 3251 3247
f 4673 4667 4665
f 4673 4665 4674
f 4665 4558 4675
f 4674 4665 4675
f 4674 4675 3313
f 4676 4677 4678
f 4676 4678 4679
f 4677 3225 4668
f 4677 4668 4678
f 4678 4668 4667
f 4679 4678 4667
f 4679 4667 4673
f 3324 4680 4681
f 3324 4681 4682
f 4680 3630 3633
f 4680 3633 4681
f 4681 3633 3330
f 4681 3330 4683
f 4682 4681 4683
f 4682 4683 3318
f 3321 4684 4685
f 3321 4685 3322
f 4684 3179 3631
f 4684 3631 4685
f 4685 3631 3630
f 4685 3630 4680
f 3322 4685 4680
f 3322 4680 3324
f 3313 4675 4686
f 3313 4686 3314
f 4675 4558 4586
f 4675 4586 4686
f 4686 4586 4585
f 3314 4686 4585
f 3314 4585 3315
f 3315 4585 4684
f 3315 4684 4687
f 4585 4587 4684
f 4684 4587 3179
f 4687 4684 3321
f 3318 4683 4688
f 3318 4688 3319
f 4683 3330 3331
f 4683 3331 4688
f 4688 3331 3225
f 3319 4688 4689
f 4688 3225 4689
f 4689 3225 4677
f 3319 4689 4677
f 3319 4677 4676
f 4676 4679 4690
f 4679 4673 4691
f 4690 4679 4691
f 3247 4672 4692
f 4672 3240 3241
f 4672 3241 4692
f 4692 3241 3242
f 3247 4692 3242
f 3247 3242 3248
f 3237 4671 4693
f 4671 3244 3246
f 4671 3246 4693
f 4693 3246 3248
f 4693 3248 3243
f 3237 4693 3243
f 3240 4669 4694
f 3240 4694 3241
f 4669 4664 4695
f 4669 4695 4694
f 3241 4694 3242
f 3324 4682 3325
f 2902 4696 2903
f 2903 4696 4697
f 3319 4676 4690
f 3319 4690 4691
f 3319 4691 3320
f 4687 3321 3323
f 3315 4687 3316
f 2252 2253 4704
f 4279 4708 4707
f 4279 4707 4308
f 4334 4706 4708
f 4283 4705 4709
f 4283 4709 1840
f 4709 4705 2254
f 1840 4709 2254
f 4278 4703 4705
f 4278 4705 4283
f 4710 4711 4722
f 4277 4713 4278
f 4713 4700 4702
f 4713 4702 4703
f 4713 4703 4278
f 4310 4713 4277
f 4310 4698 4700
f 4310 4700 4713
f 4717 4723 4718
f 4719 4723 4714
f 4707 4720 4309
f 4720 4707 4698
f 4720 4698 4310
f 4309 4720 4310
f 21 2254 4705
f 21 4705 4703
f 2564 4703 4702
f 2564 4702 4700
f 2565 4700 4698
f 2635 4706 4334
f 2635 4334 4699
f 2631 4699 4701
f 2631 4701 4704
f 75 4704 2253
f 2564 2581 4703
f 21 4703 2581
f 2565 2563 4700
f 2564 4700 2563
f 4707 4708 2573
f 4707 2573 4698
f 2574 2573 4708
f 2565 4698 2573
f 2574 4708 4706
f 2635 4699 2637
f 2631 2637 4699
f 2631 4704 2632
f 75 2632 4704
f 4721 4332 4712
f 4332 2267 4712
f 4712 2267 4722
f 4722 2267 4710
f 2267 2252 4704
f 4710 2267 4704
f 4704 4701 4721
f 4710 4704 4721
f 4714 4334 4333
f 4714 4333 4719
f 4719 4333 4311
f 4311 4721 4719
f 4715 4334 4714
f 4717 4334 4715
f 4716 4719 4721
f 4721 4701 4699
f 4721 4699 4718
f 4718 4699 4717
f 4699 4334 4717
f 4279 4337 4708
f 4712 4722 4721
f 4722 4711 4721
f 4721 4711 4710
f 4716 4721 4723
f 4723 4715 4714
f 4723 4717 4715
f 4719 4716 4723
f 4718 4723 4721
f 4337 4336 4334
f 4337 4334 4708
f 2902 4724 4725
f 2902 4725 4696
f 4724 3205 3204
f 4724 3204 4725
f 4725 3204 3198
f 4725 3198 4726
f 4696 4725 4726
f 4726 3198 3196
f 4726 3196 2884
f 4726 2884 4727
f 4696 4726 4727
f 4696 4727 4728
f 2898 4729 4730
f 2898 4730 2899
f 4729 4402 4730
f 4730 4402 4213
f 4730 4213 4731
f 2899 4730 4731
f 2899 4731 2900
f 2907 4732 4733
f 2907 4733 4734
f 4732 2889 4405
f 4732 4405 4733
f 4733 4405 4402
f 4733 4402 4729
f 4734 4733 4729
f 4734 4729 2898
f 2901 4210 4724
f 4210 4208 4724
f 4724 4208 3205
f 2901 4724 2902
f 2900 4731 4735
f 2900 4735 4736
f 4731 4213 4212
f 4731 4212 4735
f 4735 4212 4210
f 4736 4735 4210
f 4736 4210 2901
f 2905 4737 2906
f 4737 2886 2889
f 4737 2889 4732
f 2906 4737 4732
f 2906 4732 2907
f 4728 4727 4737
f 4728 4737 4738
f 4727 2884 2886
f 4727 2886 4737
f 4738 4737 2905
f 3144 4739 4740
f 3144 4740 3143
f 4739 2897 2896
f 4739 2896 4740
f 3143 4740 2896
f 3143 2896 3145
f 4738 2905 2908
f 4728 4738 2908
f 4736 2901 2904
f 2900 4736 2904
f 3267 3268 4324
f 4741 3267 4324
f 2914 4742 3267
f 4742 2912 3267
f 2914 3267 4741
f 2913 2911 2912
f 2913 2912 4742
f 2913 4742 2914
f 4741 4324 4743
f 2915 4307 4297
f 4744 4308 4307
f 2915 4744 4307
f 2915 4297 2913
f 2913 4297 2911
f 4324 4323 4743
f 4743 4323 4308
f 4743 4308 4744
f 4743 4744 4745
f 4741 4743 4745
f 2914 4741 4746
f 2914 4746 2913
f 3144 4747 3210
f 3144 3210 4748
f 4747 3211 3210
f 3210 3206 4749
f 4748 3210 4749
f 4748 4749 3138
f 3138 4749 3139
f 4749 3206 3205
f 4749 3205 4750
f 3139 4749 4750
f 3139 4750 3140
f 4751 4752 4753
f 4751 4753 4754
f 4752 3941 4568
f 4752 4568 4753
f 4754 4753 4568
f 4754 4568 3142
f 3142 4568 3143
f 4568 3211 4747
f 3143 4568 4747
f 3143 4747 3144
f 3147 4755 3956
f 3147 3956 4756
f 3956 3941 4752
f 4756 3956 4752
f 4756 4752 4751
f 3140 4750 4757
f 3140 4757 3146
f 4750 3205 3956
f 4750 3956 4757
f 4757 3956 4755
f 3146 4757 4755
f 3146 4755 3147
f 3147 4756 2895
f 4756 4751 4758
f 2895 4756 4758
f 4754 3142 3145
f 4754 3145 4759
f 4751 4754 4759
f 3842 2815 4760
f 3840 2790 2816
f 3840 2816 3841
f 3841 2816 2815
f 3841 2815 3842
f 3838 2888 4762
f 4762 2888 3843
f 3843 2888 2890
f 3843 2890 3844
f 3844 2890 2882
f 3844 2882 3845
f 3845 2882 3836
f 3845 3836 4763
f 4763 3836 2790
f 4763 2790 3840
f 4407 2889 2888
f 3837 4407 2888
f 3837 2888 3838
f 4761 4760 4407
f 4761 4407 3837
f 4760 4399 4396
f 4760 4396 4407
f 3845 4763 4764
f 4762 3843 4765
f 3838 4762 4765
f 4761 3837 3839
f 3117 3121 4766
f 3117 4766 4767
f 3116 3117 4767
f 3116 4767 4768
f 4382 4375 4418
f 4380 4382 4418
f 4424 4425 4769
f 4424 4769 4770
f 4425 3094 4771
f 4425 4771 4769
f 4769 4771 4772
f 4769 4772 4773
f 4770 4769 4773
f 4770 4773 3088
f 3088 4773 4774
f 3088 4774 3089
f 4773 4772 4775
f 4773 4775 4774
f 4774 4775 3099
f 4774 3099 3985
f 3089 4774 3985
f 3089 3985 3086
f 4772 4776 4777
f 4772 4777 4775
f 4776 3103 3989
f 4776 3989 4777
f 4777 3989 3097
f 4777 3097 3100
f 4775 4777 3100
f 4775 3100 3099
f 3094 3091 4778
f 3094 4778 4771
f 3091 3093 3104
f 3091 3104 4778
f 4778 3104 3103
f 4778 3103 4776
f 4771 4778 4776
f 4771 4776 4772
f 3087 3991 4770
f 3991 3979 4424
f 3991 4424 4770
f 3087 4770 3088
f 4525 4779 4780
f 4525 4780 4087
f 4779 4528 4781
f 4779 4781 4780
f 4780 4781 4782
f 4780 4782 4783
f 4087 4780 4783
f 4087 4783 2968
f 2968 4783 4784
f 2968 4784 2969
f 4783 4782 4785
f 4783 4785 4784
f 4784 4785 2961
f 4784 2961 2959
f 2969 4784 2959
f 2969 2959 2960
f 4782 4786 4787
f 4782 4787 4785
f 4786 2965 4085
f 4786 4085 4787
f 4787 4085 4526
f 4787 4526 4527
f 4785 4787 4527
f 4785 4527 2961
f 4528 4075 4788
f 4528 4788 4781
f 4075 2962 2966
f 4075 2966 4788
f 4788 2966 2965
f 4788 2965 4786
f 4781 4788 4786
f 4781 4786 4782
f 4068 4071 4525
f 4071 4073 4528
f 4071 4528 4779
f 4525 4071 4779
f 2610 82 2602
f 2616 4789 2620
f 4789 2333 2332
f 4789 2332 2620
f 2620 2332 83
f 2620 83 2636
f 2620 2636 2610
f 2618 2640 2661
f 2661 2660 4789
f 2661 4789 2618
f 2660 109 4789
f 4789 109 2333
f 2618 4789 2616
f 2675 2677 2676
f 2675 2676 2597
f 2675 2597 2596
f 2596 2595 45
f 2596 45 123
f 2682 134 14
f 2682 14 2589
f 2598 2682 2589
f 2598 2589 2578
f 2598 2677 2675
f 4790 4792 4791
f 3723 4794 4793
f 4793 4794 4795
f 4793 4795 3745
f 3826 3747 3830
f 3830 4790 3829
f 3829 4790 4791
f 3829 4791 4796
f 4796 4791 4792
f 4796 4792 3728
f 3728 4792 3731
f 3724 3723 4797
f 3723 4793 4797
f 4797 4793 3745
f 4797 3745 3744
f 3750 4799 3751
f 4799 4798 3751
f 3751 4798 3753
f 3728 4800 4796
f 4800 4798 4796
f 4796 4801 3829
f 3727 3726 3754
f 3754 3750 3749
f 3829 4801 4802
f 3829 4802 3828
f 4802 3725 3832
f 3828 4802 3832
f 3730 3753 3729
f 3753 4798 4800
f 3729 3753 4800
f 3729 4800 3728
f 3719 4804 4805
f 3719 4805 4803
f 4803 4805 4806
f 4803 4806 3741
f 4807 4809 4810
f 4807 4810 4808
f 4808 4810 4811
f 3724 4811 4812
f 3724 4812 3748
f 3748 4812 3716
f 3748 3716 3715
f 3826 3743 3827
f 3827 4807 3744
f 3713 3719 4813
f 3713 4813 3712
f 3719 4803 4813
f 4813 4803 3741
f 3712 4813 3741
f 3712 3741 3714
f 3744 4807 4808
f 3744 4808 4797
f 4797 4808 4811
f 4797 4811 3724
f 3472 4815 4814
f 4814 4815 4816
f 4814 4816 3444
f 3452 4818 3470
f 3446 3445 4819
f 4819 4817 3450
f 3465 3472 4814
f 3465 4814 3614
f 4814 3444 3614
f 3450 4817 3453
f 4817 4818 3453
f 3453 4818 3452
f 3441 4821 4820
f 4820 4821 3466
f 4822 4824 4823
f 4823 4824 4825
f 4823 4825 3440
f 3443 4826 3442
f 3442 4826 4822
f 3442 4822 3439
f 3469 3468 3474
f 3614 3441 4820
f 3614 4820 3466
f 3614 3466 3465
f 3439 4822 4827
f 3439 4827 3438
f 4822 4823 4827
f 4827 4823 3440
f 3438 4827 3440
f 4828 4830 4829
f 4829 4830 3447
f 4831 4833 4832
f 4832 4833 4834
f 4832 4834 4835
f 3613 4835 3618
f 3618 4828 3476
f 3450 3475 4836
f 3450 4836 4819
f 4819 4836 4831
f 4819 4831 3446
f 3476 4828 3477
f 4828 4829 3477
f 3477 4829 3447
f 3446 4831 4832
f 3446 4832 3615
f 3615 4832 4835
f 3615 4835 3613
f 4837 4838 4839
f 4838 4840 4792
f 4839 4838 4792
f 4795 4794 4838
f 4795 4838 4841
f 4838 4794 4840
f 4841 4838 4837
f 3747 4842 3830
f 3747 4837 4839
f 3747 4839 4842
f 4842 4839 4792
f 4842 4792 4790
f 3830 4842 4790
f 3720 4843 3721
f 4843 4840 4794
f 4843 4794 3723
f 3721 4843 3723
f 4792 4844 3731
f 4844 4792 4840
f 4844 4840 4843
f 3731 4844 4843
f 3731 4843 3720
f 3745 4795 4841
f 3745 4841 3746
f 3746 4841 4837
f 3746 4837 3747
f 4806 4805 4845
f 4806 4845 4846
f 4805 4804 4845
f 4846 4845 4847
f 4847 4845 4848
f 4847 4848 4849
f 4845 4804 4811
f 4845 4811 4848
f 4848 4811 4810
f 4849 4848 4810
f 4849 4810 4809
f 3743 4850 3827
f 3743 4847 4849
f 3743 4849 4850
f 4850 4849 4809
f 4850 4809 4807
f 3827 4850 4807
f 4811 4851 4812
f 4851 4811 4804
f 4812 4851 3716
f 3716 4851 3717
f 4851 4804 3719
f 3717 4851 3719
f 3741 4852 3742
f 3741 4806 4846
f 3741 4846 4852
f 4852 4846 4847
f 4852 4847 3743
f 3742 4852 3743
f 4853 4798 4854
f 4853 4854 4855
f 4855 4854 4856
f 4854 4798 4856
f 4856 4798 4799
f 4801 4853 4802
f 4802 4853 4855
f 4802 4855 3725
f 3726 4857 3754
f 3726 4856 4857
f 4857 4856 4799
f 3754 4857 4799
f 3754 4799 3750
f 4798 4853 4796
f 4796 4853 4801
f 3725 4858 3832
f 3725 4855 4858
f 4858 4855 4856
f 4858 4856 3726
f 3832 4858 3726
f 4833 4859 4834
f 4834 4859 4860
f 4834 4860 4830
f 4859 4830 4860
f 3475 4833 4836
f 4836 4833 4831
f 4835 4834 4830
f 4835 4830 4828
f 3618 4835 4828
f 3447 4830 3448
f 3448 4830 4859
f 3448 4859 3449
f 4859 4833 3475
f 3449 4859 3475
f 4818 4817 4861
f 4816 4818 4861
f 4815 4818 4816
f 3470 4815 3471
f 3471 4815 3472
f 3445 4861 4819
f 4819 4861 4817
f 3444 4862 3614
f 3444 4816 4862
f 4862 4816 4861
f 4862 4861 3445
f 3614 4862 3445
f 3470 4818 4815
f 4825 4824 4863
f 4863 4824 4864
f 4825 4863 4821
f 4863 4864 4821
f 3468 4864 3474
f 3474 4864 3443
f 3443 4864 4824
f 3443 4824 4826
f 4826 4824 4822
f 3440 4865 3441
f 3440 4825 4865
f 4865 4825 4821
f 4865 4821 3441
f 3466 4821 4866
f 3466 4866 3467
f 4866 4821 4864
f 3467 4866 4864
f 3467 4864 3468
f 4185 4186 3119
f 4185 3119 3118
f 4186 4188 3120
f 4186 3120 3119
f 4196 4198 4867
f 4198 4189 4768
f 4198 4768 4767
f 4867 4198 4767
f 4867 4767 4766
f 4188 4203 3120
f 4203 4200 3121
f 3120 4203 3121
f 4172 4465 4175
f 4465 4471 4175
f 4175 4471 4161
f 4154 4868 4178
f 4178 4868 4176
f 4158 4469 4157
f 4167 4869 4164
f 4869 4870 4164
f 4164 4870 4468
f 4164 4468 4162
f 4205 4180 4871
f 4463 4468 4870
f 4463 4870 4872
f 4872 4870 4869
f 4872 4869 4873
f 4872 4873 4868
f 4463 4872 4874
f 4872 4868 4874
f 4874 4868 4154
f 4874 4154 4157
f 4463 4874 4157
f 4463 4157 4469
f 4162 4467 4170
f 4162 4468 4467
f 4467 4466 4875
f 4170 4467 4875
f 4170 4875 4168
f 4161 4471 4159
f 4471 4470 4159
f 4159 4470 4469
f 4159 4469 4158
f 4176 4868 4873
f 4176 4873 4179
f 4179 4873 4869
f 4179 4869 4167
f 4168 4875 4174
f 4875 4466 4465
f 4875 4465 4174
f 4174 4465 4172
f 4195 4205 4876
f 4200 4202 4766
f 4200 4766 3121
f 4202 4196 4867
f 4202 4867 4766
f 4189 4192 4768
f 3112 3115 4877
f 3112 4877 3123
f 3115 3114 4878
f 3115 4878 4877
f 4877 4878 4879
f 4877 4879 4880
f 3123 4877 4880
f 3123 4880 3124
f 3124 4880 3110
f 4880 4879 4881
f 4880 4881 3111
f 4880 3111 3110
f 4879 4882 4883
f 4879 4883 4881
f 4882 4412 4211
f 4882 4211 4883
f 4883 4211 4411
f 4883 4411 4504
f 4881 4883 4504
f 4881 4504 3111
f 3114 4224 4884
f 3114 4884 4878
f 4224 4502 4885
f 4224 4885 4884
f 4884 4885 4412
f 4884 4412 4882
f 4878 4884 4882
f 4878 4882 4879
f 4183 4185 3118
f 4183 3118 4886
f 4180 4183 4886
f 3116 4768 4192
f 3116 4192 4887
f 4887 4192 4195
f 4887 4195 4876
f 4887 4876 4205
f 3116 4887 4888
f 4887 4205 4871
f 4887 4871 4888
f 4888 4871 4180
f 4888 4180 4886
f 3116 4888 4886
f 3116 4886 3118
f 4206 4209 4502
f 4209 4211 4412
f 4209 4412 4885
f 4502 4209 4885
f 4508 4889 4890
f 4508 4890 4506
f 4889 4510 4891
f 4889 4891 4890
f 4890 4891 4892
f 4890 4892 4893
f 4506 4890 4893
f 4506 4893 3059
f 3059 4893 4894
f 3059 4894 3060
f 4893 4892 4895
f 4893 4895 4894
f 4894 4895 3063
f 4894 3063 3062
f 3060 4894 3062
f 3060 3062 3057
f 4892 4896 4897
f 4892 4897 4895
f 4896 3054 3051
f 4896 3051 4897
f 4897 3051 4505
f 4895 4897 4505
f 4895 4505 3063
f 4510 3067 4898
f 4510 4898 4891
f 3067 3054 4898
f 4898 3054 4896
f 4891 4898 4896
f 4891 4896 4892
f 3932 3935 4899
f 3932 4899 4507
f 3935 3938 4899
f 4899 3938 4510
f 4899 4510 4889
f 4507 4899 4889
f 4507 4889 4508
f 4652 3857 4421
f 4652 4421 3859
f 4652 3859 3860
f 3896 4652 3860
f 3896 3860 3850
f 4414 4420 4415
f 4420 4375 4417
f 4420 4417 4415
f 4415 4417 4379
f 4415 4379 4413
f 4415 4413 3869
f 4392 4394 3895
f 4394 3855 4651
f 3895 4394 4651
f 4636 3905 4900
f 4634 4636 4900
f 4372 4374 4902
f 4372 4902 4901
f 4901 4902 4903
f 4372 4901 3879
f 3879 4901 4904
f 4901 4903 4905
f 4901 4905 4904
f 4904 4905 3874
f 4904 3874 4255
f 3879 4904 4255
f 3879 4255 3876
f 4903 4906 4907
f 4903 4907 4905
f 4906 3880 3881
f 4906 3881 4907
f 4907 3881 3872
f 4907 3872 3875
f 4905 4907 3875
f 4905 3875 3874
f 4374 4370 4908
f 4374 4908 4902
f 4908 4370 3880
f 4908 3880 4906
f 4902 4908 4906
f 4902 4906 4903
f 4244 4247 4369
f 4244 4369 4370
f 4241 4244 4370
f 4241 4370 4374
f 3078 4909 4910
f 3078 4910 3075
f 4909 4423 4911
f 4909 4911 4910
f 4910 4911 4912
f 4910 4912 4913
f 3075 4910 4913
f 3075 4913 3079
f 3079 4913 4914
f 3079 4914 4474
f 4913 4912 4915
f 4913 4915 4914
f 4914 4915 3083
f 4914 3083 3081
f 4474 4914 3081
f 4474 3081 3082
f 4912 4916 4917
f 4912 4917 4915
f 4916 3072 3974
f 4916 3974 4917
f 4917 3974 4472
f 4917 4472 4473
f 4915 4917 4473
f 4915 4473 3083
f 4423 3964 4918
f 4423 4918 4911
f 3964 3070 3073
f 3964 3073 4918
f 4918 3073 3072
f 4918 3072 4916
f 4911 4918 4916
f 4911 4916 4912
f 3076 3959 3077
f 3959 3962 4423
f 3959 4423 4909
f 3077 3959 4909
f 3077 4909 3078
f 4751 4759 4919
f 4751 4919 4758
f 4759 3145 2896
f 4759 2896 4919
f 4758 4919 2896
f 4758 2896 2895
f 3144 4748 4739
f 4748 3138 2897
f 4748 2897 4739
f 3239 3243 4920
f 3239 4920 4921
f 3239 4921 3236
f 3236 4921 4922
f 3236 4922 4694
f 4922 3242 4694
f 4921 3248 3242
f 4921 3242 4922
f 3243 4923 4920
f 3243 3248 4923
f 4923 3248 4921
f 4920 4923 4921
f 2903 4697 4924
f 2903 4924 2901
f 4697 4925 4924
f 2901 4924 2904
f 2904 4924 4926
f 4924 4925 4927
f 4924 4927 4926
f 4926 4927 2898
f 4926 2898 2899
f 2904 4926 2899
f 2904 2899 2900
f 4925 4928 4927
f 4928 2908 2907
f 4928 2907 4734
f 4927 4928 4734
f 4927 4734 2898
f 4697 4696 4928
f 4697 4928 4925
f 4696 4728 2908
f 4696 2908 4928
f 4664 4666 4929
f 4664 4929 4695
f 4666 3236 4929
f 4929 3236 4694
f 4695 4929 4694
f 3313 3317 4930
f 3313 4930 4931
f 3317 3316 4930
f 4931 4930 4932
f 4931 4932 4673
f 4673 4932 4933
f 4673 4933 4691
f 4691 4933 3320
f 4932 3325 4682
f 4932 4682 4933
f 4933 4682 3318
f 4933 3318 3320
f 3316 4687 4930
f 4687 3323 3326
f 4687 3326 4930
f 4930 3326 3325
f 4930 3325 4932
f 4673 4674 4931
f 4674 3313 4931
f 3840 3841 4934
f 3840 4934 4763
f 3841 3842 4934
f 4763 4934 4764
f 4764 4934 3846
f 3846 4934 3843
f 4764 3846 3845
f 4935 3839 3837
f 4935 3837 3838
f 4935 3838 4765
f 4934 4935 4765
f 4934 4765 3843
f 3842 4936 4935
f 3842 4935 4934
f 4936 4761 3839
f 4936 3839 4935
f 4760 4761 4936
f 3842 4760 4936
f 4240 4237 4937
f 4228 4240 4937
f 3890 4938 4236
f 3890 4939 4938
f 4236 4938 3884
f 3884 4938 4940
f 3884 4940 3885
f 4938 4939 4940
f 4940 4939 3892
f 4940 3892 3891
f 3885 4940 3891
f 3885 3891 3882
f 4941 4237 3892
f 4939 4941 3892
f 3890 4228 4941
f 3890 4941 4939
f 4228 4937 4941
f 4941 4937 4237
f 4237 4239 3892
f 4239 4231 4368
f 4239 4368 3892
f 4360 4942 4662
f 4662 4942 4342
f 4942 4343 4342
f 4942 4341 4339
f 4942 4339 4343
f 4942 4360 4358
f 4942 4358 4341
f 4640 4641 4360
f 4640 4360 4662
f 4943 4944 4945
f 4943 4945 4946
f 4944 4947 4948
f 4944 4948 4945
f 4945 4948 4949
f 4945 4949 4950
f 4946 4945 4950
f 4946 4950 2658
f 2664 4951 4952
f 2664 4952 2665
f 4951 4943 4946
f 4951 4946 4952
f 4952 4946 2658
f 4952 2658 2657
f 2665 4952 2657
f 2665 2657 2655
f 2670 2681 4953
f 2670 4953 4954
f 2681 2679 4955
f 2681 4955 4953
f 4953 4955 4947
f 4953 4947 4944
f 4954 4953 4944
f 4954 4944 4943
f 2672 2671 4956
f 2672 4956 4957
f 2671 2670 4954
f 2671 4954 4956
f 4956 4954 4943
f 4956 4943 4951
f 4957 4956 4951
f 4957 4951 2664
f 2619 4949 4958
f 2619 4958 2652
f 4949 4948 4958
f 4958 4948 4947
f 4958 4947 4959
f 2652 4958 4959
f 2652 4959 2606
f 2606 4959 4960
f 2606 4960 2607
f 4959 4947 4955
f 4959 4955 4960
f 4960 4955 2679
f 2607 4960 2679
f 2607 2679 2608
f 2615 2659 4961
f 2615 4961 2617
f 2659 2658 4950
f 2659 4950 4961
f 4961 4950 4949
f 2617 4961 4949
f 2617 4949 2619
f 2594 2673 2591
f 2673 2672 4957
f 2673 4957 2591
f 2591 4957 2664
f 2591 2664 2590
f 2812 4962 4963
f 2812 4963 4964
f 4962 4399 4760
f 4962 4760 4963
f 4963 4760 2815
f 4963 2815 4965
f 4964 4963 4965
f 4964 4965 4966
f 2810 4967 4968
f 2810 4968 2811
f 4967 3910 4968
f 4968 3910 4399
f 4968 4399 4962
f 2811 4968 4962
f 2811 4962 2812
f 2825 2804 2803
f 2825 2803 2824
f 2824 2803 2802
f 2824 2802 2826
f 2826 2802 4969
f 4969 2802 3911
f 4969 3911 2806
f 4970 2814 2788
f 4970 2788 4971
f 4971 2788 2804
f 4971 2804 2825
f 4966 4965 2814
f 4966 2814 4972
f 4965 2815 2814
f 4972 2814 4970
f 2806 3911 3912
f 2806 3912 2807
f 2807 3912 3910
f 2807 3910 2808
f 2808 3910 4967
f 2808 4967 2810
f 2813 2812 2830
f 2812 4964 2830
f 2830 4964 4966
f 2830 4966 2833
f 2820 4621 2821
f 4621 4623 4973
f 2821 4621 4973
f 2821 4973 2822
f 2808 2810 4974
f 4966 4972 2834
f 4966 2834 2833
f 4972 4970 2834
f 2834 4970 2835
f 4969 2806 4975
f 2826 4969 4975
f 2808 4976 4977
f 2808 4977 2809
f 4976 2837 4978
f 4976 4978 4977
f 4977 4978 2826
f 4977 2826 4975
f 2809 4977 4975
f 2809 4975 2806
f 4624 4627 4979
f 4627 4628 4654
f 4627 4654 4979
f 4979 4654 4656
f 2822 4980 4981
f 2822 4981 2818
f 4980 4982 4983
f 4980 4983 4981
f 4981 4983 4656
f 4981 4656 4655
f 2818 4981 4655
f 2818 4655 2817
f 4656 4983 4984
f 4656 4984 4979
f 4983 4982 4985
f 4983 4985 4984
f 4984 4985 3907
f 4984 3907 4657
f 4979 4984 4657
f 4979 4657 4624
f 3907 4985 4986
f 3907 4986 3906
f 4985 4982 4987
f 4985 4987 4986
f 4986 4987 4634
f 4986 4634 4900
f 3906 4986 4900
f 3906 4900 3905
f 4982 4980 4988
f 4982 4988 4987
f 4980 2822 4973
f 4980 4973 4988
f 4988 4973 4623
f 4988 4623 4658
f 4987 4988 4658
f 4987 4658 4634
f 2837 2836 4989
f 2837 4989 4978
f 2836 2835 4990
f 2836 4990 4989
f 4989 4990 2823
f 4989 2823 2824
f 4978 4989 2824
f 4978 2824 2826
f 2810 2811 4991
f 2810 4991 4974
f 2811 2813 2832
f 2811 2832 4991
f 4991 2832 2837
f 4991 2837 4976
f 4974 4991 4976
f 4974 4976 2808
f 4970 4971 4990
f 4971 2825 2823
f 4971 2823 4990
f 4970 4990 2835
f 3764 3207 3208
f 3764 3208 3763
f 3208 3209 3763
f 3203 3206 3764
f 3203 3764 3765
f 3207 3764 3206
f 3778 3635 4992
f 3778 4992 3777
f 3763 3209 3762
f 3209 3635 3762
f 3762 3635 3778
f 3766 4994 3765
f 4994 3201 3202
f 4994 3202 3765
f 3765 3202 3203
f 3776 3760 3201
f 3776 3201 4994
f 3775 3776 4994
f 3775 4994 3766
f 3796 3657 3793
f 3657 3687 3793
f 3795 3656 3654
f 3795 3654 3655
f 3795 3655 3796
f 3796 3655 3651
f 3796 3651 3657
f 3817 3635 3656
f 3817 3656 3795
f 4995 4992 3635
f 4995 3635 3817
f 4995 3777 4992
f 4996 3761 4993
f 4996 4993 4995
f 4995 4993 3777
f 3793 3687 3816
f 3793 3816 3761
f 3793 3761 4996
f 3762 3780 3763
f 3763 3780 3764
f 3776 3765 3792
f 3776 3792 3760
f 3760 3792 3761
f 3778 3774 3762
f 3761 3792 4993
f 4993 3792 3772
f 4993 3772 3777
f 4996 4995 4997
f 4995 3817 3818
f 3798 3819 3817
f 3798 3817 3795
f 4998 4995 3818
f 4998 3818 3798
f 3798 3818 3819
f 3793 3794 3798
f 3794 3793 4997
f 3794 4997 3798
f 3793 4996 4997
f 4997 4995 4998
f 3798 4997 4998
f 3796 3793 3797
f 3797 3793 3798
f 2913 4746 4999
f 5000 2915 2913
f 4999 5000 2913
f 4745 4744 5000
f 4745 5000 4746
f 4744 2915 5000
f 4746 5000 4999
f 4741 4745 4746
