v 5.49449730 44.63307571 7.95263958
v 6.27981281 45.32940674 10.37808609
v 7.08044672 45.44034958 12.51822090
v 7.10435486 41.81467056 5.96403027
v 7.60537243 44.43385315 14.45605850
v 7.44815588 44.59609985 12.76461220
v 7.35317850 42.21968842 10.27581787
v 5.67328835 47.51171112 14.02871323
v 4.58536243 47.35409546 12.53353214
v 3.20519328 46.62400055 10.05156040
v 4.17979240 49.19321823 17.25369453
v 7.44122791 40.37612915 7.84998322
v 8.67076015 48.89943695 21.14891815
v 7.84982538 47.93349838 18.50746346
v 6.77184582 48.76214218 18.21266747
v 4.00437832 43.76484299 4.69064474
v 2.65264630 44.53825378 5.47170162
v 9.22938919 47.35351562 21.45656586
v 8.39987087 46.58655930 19.40820694
v 8.21932220 47.21796799 18.69780540
v 9.10015869 48.18071747 21.26466751
v 6.53408718 46.93759918 14.13972282
v 5.59155846 50.03836441 20.06220436
v 11.29300785 48.92512512 31.37384033
v 10.82829952 50.52403259 31.06624603
v 11.61262131 50.85548019 30.07950783
v 9.14620781 49.97295380 32.80977249
v 8.65264416 51.35630035 31.81869507
v 9.53361225 51.68082809 30.16524124
v 8.73579597 50.32260895 23.11263847
v 6.71987581 50.78691864 22.38013649
v 8.14000130 48.70575714 33.96795273
v 7.77794313 49.60667419 34.24858475
v 8.09048653 50.52575684 33.49385071
v 6.64405680 50.05686188 34.26926804
v 6.96538162 48.57651901 34.42331314
v 6.63827085 51.31812286 32.87959290
v 8.56556892 47.57912445 33.07979965
v 10.05300903 48.44370651 22.19361115
v 10.19424629 47.57764053 22.36844444
v 9.56526184 49.20444870 22.13884354
v 10.78815842 49.56433487 23.15773010
v 11.15489006 48.61180115 22.78552055
v 11.28390980 47.69739532 22.91074944
v 9.81677151 46.43617249 31.23575020
v 11.60925102 47.45146561 30.80444145
v 10.39909840 47.86727905 31.89431572
v 10.92114067 46.36606598 29.54137802
v 10.11478043 45.66962433 27.95589638
v 11.66854668 46.26795959 27.57199669
v 9.51418686 45.20392609 25.03725243
v 11.30508041 45.96494675 25.73812485
v 10.77625656 45.94757080 23.98282433
v 7.83207846 44.81166840 30.38499641
v 7.79287243 44.43838120 28.59235954
v 3.75210524 40.47876358 16.36491966
v 4.54343081 39.96240997 15.00333881
v 3.19073772 38.97091675 13.68536282
v 5.49096251 40.34870529 14.65394592
v 7.20633268 43.03127670 16.33603477
v 7.30950928 42.65592194 13.28887749
v 6.74136162 40.89599991 12.16914368
v 3.96854258 38.09821701 12.17282963
v 5.02913761 38.45663071 11.75975609
v 2.82537484 37.98826218 12.40812016
v 2.49266171 36.61001587 11.32877731
v 3.74841905 37.00455093 11.34615517
v 4.84429693 37.03646469 10.63523006
v 6.25732660 40.83367538 14.02176189
v 7.13647795 40.20034790 9.51191616
v 6.65099478 39.83940506 10.69421101
v 6.62940407 38.38701248 9.39400768
v 7.13791943 46.58438873 33.09398270
v 6.93352222 45.22969437 31.96885872
v 5.89335966 38.49459839 10.82133484
v 5.34947491 43.48297882 23.63505173
v 4.73081255 42.80772781 20.91971016
v 5.75759888 43.14099503 21.11084366
v 6.30638027 43.64838409 23.45621300
v 6.63177347 43.52105331 20.82384300
v 7.39352989 44.08699799 23.64409447
v 8.72331524 45.55777359 21.99802780
v 7.92623663 44.82241058 20.11407471
v 8.27311611 45.69290161 19.74334145
v 9.10068512 46.44300461 21.71112823
v 7.28727293 43.89431381 20.06462669
v 8.11465836 44.80124283 22.30693626
v 12.53261089 48.33670044 30.66425705
v 9.59538364 45.78537369 22.96172523
v 10.03889561 46.65459824 22.63069725
v 11.12508392 46.76771545 23.21291924
v 12.85584450 46.88862610 28.98794937
v 13.18323898 47.51408005 29.84721947
v 12.77327251 46.44016266 27.34418488
v 13.71485329 46.74917603 27.11342430
v 13.72359467 47.15298462 28.68346214
v 5.81605244 43.57950592 26.26721191
v 6.72445726 43.72584915 26.09232521
v 8.86981869 45.07033920 23.28548622
v 13.80132294 48.13258362 29.63136292
v 13.96583557 49.03319550 29.45421028
v 11.79257679 50.74362946 26.59346008
v 10.88834667 51.21423340 28.51481628
v 12.91408825 50.76258850 28.15369225
v 13.23758602 50.52634811 29.19743347
v 13.78089046 50.43355942 27.97611809
v 13.77141094 50.20374680 26.36911201
v 6.53419256 52.61373138 30.46251297
v 7.23558617 52.19455719 27.46864319
v 5.61391306 52.43834305 27.67787170
v 10.39983559 50.53077316 24.87651062
v 12.46162319 50.09568787 24.70828438
v 12.50301456 49.42156982 23.56295776
v 13.35022736 49.79330826 24.69427681
v 5.41466951 51.25560379 23.04321861
v 10.84183407 -33.05147934 -16.98240852
v 11.54449368 -36.98664093 -17.49820709
v 11.53257751 -39.10220718 -16.13423729
v 11.16115379 -34.59652710 -16.35809898
v 11.12416267 -34.58606339 -15.74825668
v 11.54414463 -36.29658508 -17.32695198
v 11.63354015 -37.39308548 -16.80394173
v 11.53316879 -37.87261581 -15.86272907
v 11.17287731 -37.62985992 -14.61815071
v 11.66407108 -39.59337234 -14.18843460
v 10.83591557 -36.57155991 -13.85676765
v 10.83976650 -35.69929504 -13.13847733
v 11.23293400 -37.56465530 -13.57519531
v 10.89130497 -35.09306335 -14.61580753
v 5.93271017 -44.22217178 -26.17453194
v 6.70740509 -44.93043137 -25.80304718
v 6.19813585 -46.36027527 -25.84306526
v 3.91546178 -45.85147476 -26.58503914
v 7.55427790 -44.70153046 -25.15076637
v 7.25222206 -45.62038803 -24.99791527
v 6.95232201 -46.24805450 -25.44754219
v 10.07578468 -42.22703552 -22.44906998
v 8.50684166 -42.50006866 -23.47587776
v 8.58355331 -42.71323013 -23.81125450
v 6.76519871 -41.49670410 -25.47262764
v 4.21844578 -41.29485321 -26.59995270
v 3.35219669 -42.45476913 -26.78260612
v 2.12524509 -41.73926163 -26.82133865
v 11.00217819 -44.62673950 -20.65154266
v 10.40208340 -47.10592651 -21.70097923
v 10.01340771 -48.65743256 -20.59437180
v 9.83209610 -48.68616104 -21.95079041
v 9.28503227 -48.45985031 -22.72665215
v 9.99918938 -46.70175552 -22.50057220
v 7.26864433 -51.54729080 -20.81520462
v 6.28786993 -51.97055435 -21.97414589
v 8.03582478 -50.75189590 -22.18065643
v 5.54208326 -52.39147186 -20.72683334
v 4.62548971 -52.56109619 -21.46406937
v 5.66412544 -51.94727707 -22.54659843
v 5.57493067 -51.48811340 -22.94338608
v 7.98874569 -50.16683197 -22.84181595
v 8.31633472 -50.45172882 -17.81902695
v 6.34251928 -51.83479691 -18.66476250
v 8.00454426 -50.83457184 -18.78332901
v 5.53728437 -52.09157181 -17.58087540
v 4.73690796 -52.40511322 -18.74090958
v 6.73893881 -40.03226471 -25.70663452
v 8.45712662 -39.84926605 -24.41164398
v 10.45112705 -40.93607330 -22.30235481
v 5.91896582 -47.07688904 -25.11740875
v 4.07333803 -47.77627945 -25.12346458
v 5.08192062 -47.38945389 -25.65790367
v 7.25418520 -44.49056244 -24.20175934
v 6.89810753 -45.95994568 -24.78411674
v 5.50151587 -46.68442917 -24.74091530
v 6.71468210 -43.85986710 -22.83051682
v 4.77449465 -44.17777252 -23.11084938
v 3.92245245 -44.86054230 -23.52317810
v 5.04184532 -45.10992813 -22.81371880
v 6.35411787 -49.82787323 -23.14973259
v 3.96964836 -47.73228073 -25.73884964
v 10.56014252 -47.53084564 -19.18013000
v 9.62177372 -49.16181564 -18.40555000
v 10.25712395 -43.72607422 -22.16273689
v 10.78340530 -43.88134384 -21.39946747
v 8.88709164 -49.42415237 -22.74181175
v 8.88473511 -47.06537628 -22.95578194
v 9.07027340 -42.97414017 -22.71645546
v 7.62377787 -43.52818680 -23.64406967
v 8.77700996 -50.26959991 -19.66762161
v 8.65888500 -50.41381454 -21.38900185
v 9.15197659 -49.53784943 -22.32436752
v 3.88352108 -46.97996521 -24.59480095
v 10.27936268 -48.54649353 -17.75579453
v 9.90700626 -48.89611816 -17.09130096
v 5.39375019 -52.10069275 -16.57443047
v 11.10627079 -46.63700867 -18.69731903
v 4.34950638 -40.38425064 -26.73067665
v 2.44587231 -40.73632812 -27.13772583
v 10.71350098 -45.79684830 -15.63901138
v 11.30249310 -45.50295258 -17.52817726
v 8.51500797 -47.03808594 -13.99246407
v 7.60792494 -48.81699371 -14.80179596
v 9.18514061 -48.32541656 -15.73772430
v 8.40258312 -49.99927521 -16.56948280
v 8.33267498 -49.62421036 -16.58672714
v 9.46897030 -49.11779785 -16.61226845
v 6.47223663 -35.27486801 -25.24923134
v 2.84479022 -37.11363220 -26.92062759
v 1.63344944 -37.35151672 -27.07080078
v 5.04509401 -30.70530701 -25.02548790
v 5.77408171 -32.41871643 -25.18497276
v 1.28337801 -29.34306908 -26.15567589
v -0.02964821 -29.87002182 -26.38533211
v 2.45015097 -36.74217987 -7.84492779
v 3.09911704 -37.68070221 -8.25787640
v 3.40117145 -36.33839035 -7.23353243
v 4.31105042 -37.46028137 -8.44905663
v 4.26439285 -37.00834274 -7.61585188
v 3.41007137 -34.59542465 -7.80631447
v 2.51553321 -35.49333954 -7.58686876
v 4.26602554 -35.23092651 -7.37687588
v 5.31852341 -36.30393600 -8.70593739
v 4.97999144 -35.74044800 -7.83972454
v 9.35355759 -35.92085266 -23.03942299
v 10.19840622 -38.64220810 -22.30899239
v 11.49721432 -33.26232147 -21.89828682
v 12.10559464 -32.01829529 -22.10112381
v 11.10050488 -31.80214691 -20.97666359
v 11.09385586 -30.82097816 -21.34705544
v 11.44141960 -30.42670250 -22.20672417
v 11.45711231 -30.27677727 -22.90685081
v 9.75073433 -30.45698357 -21.69448853
v 7.31905365 -31.63232613 -23.95958710
v 7.88742542 -30.41353989 -22.96783447
v 9.29658508 -32.99682999 -7.26091623
v 9.39469242 -32.59276199 -7.65582180
v 10.13494968 -32.35383606 -7.74107981
v 8.46780396 -32.25441360 -9.40317059
v 7.48367262 -33.13069534 -8.66075420
v 11.15657520 -32.70103455 -23.90946770
v 11.88761711 -32.94322205 -23.43799400
v 10.41731834 -34.15305710 -22.48798561
v 9.51934147 -33.58947754 -23.43556976
v 10.86272621 -39.71149063 -21.25281906
v 9.77752876 -41.15786743 -11.35982132
v 12.56199551 -30.55588150 -23.71793938
v 12.18167686 -30.59379768 -24.11237144
v 11.67665672 -30.30384445 -23.71298981
v 12.71797752 -31.12683296 -23.87845039
v 12.32175541 -31.12957191 -24.28320312
v 10.99195671 -31.09465790 -24.04118729
v 11.65294170 -41.36974716 -17.93691063
v 11.31719208 -41.70619202 -20.51840782
v 11.62419319 -40.70805740 -14.96293449
v 11.67160988 -42.64314270 -15.57137203
v 11.43662739 -43.67587280 -14.86539364
v 6.97228193 -49.97124100 -15.21570301
v 7.44424915 -50.77647018 -16.39176369
v 4.15803051 -50.50058365 -14.40992737
v 8.24756145 -48.68669891 -15.69360828
v 0.16872624 15.63053322 -21.23170090
v 3.77007580 17.21664238 -19.68288994
v 0.59159511 22.52059555 -17.75891113
v 2.06656742 24.90951538 -16.08624840
v 4.40549469 23.89707565 -15.90174103
v 7.23082018 22.55874634 -15.34674835
v 8.40866470 8.91318226 -21.04416656
v 3.33608890 8.34147644 -22.98103905
v 5.82021284 4.30962849 -23.10367393
v -0.49980676 7.20238304 -24.03627586
v 10.77846909 1.72584987 -21.57094574
v 4.54149532 1.49236357 -24.18578148
v 8.55116653 -2.60785794 -23.27358437
v 11.44658279 -6.09176254 -22.23326683
v 4.30452061 -4.74526787 -25.26496506
v 1.57851732 -2.08453798 -25.69228363
v -1.27950740 -1.47886920 -26.03891182
v 7.61084938 -8.35165977 -24.34276390
v 3.66089630 -9.98175907 -25.90174484
v 7.42418528 -13.27350330 -24.39739418
v 3.20632529 -13.31146908 -25.92601967
v 1.06696701 -9.16058731 -26.49770927
v 0.68670112 -14.20781422 -26.30175781
v -1.79621828 -14.14282990 -26.53114891
v -1.69015884 -9.01848125 -26.83163452
v 5.77223873 -17.06350136 -24.43503189
v 1.60247803 -17.91740799 -25.36116409
v 5.33521080 -20.74307251 -23.50071907
v -1.56914353 -19.10282326 -25.53053474
v 5.21471548 -23.06991768 -23.50155449
v 2.91996741 -22.80995560 -24.52644539
v 3.55346751 -25.01732635 -24.55930710
v 5.34884357 -25.83786392 -23.75590897
v 0.53827572 -23.94831848 -25.34847260
v -0.65842205 -26.53308487 -25.91132736
v -1.28277230 -22.35406876 -25.30193329
v 0.40454277 -21.64688301 -25.11156273
v 10.07291508 -23.77449799 -18.92103767
v 9.68548679 -24.14541626 -19.14168739
v 6.97275448 -24.33061218 -22.29410172
v 8.37596321 -22.91843796 -21.22475052
v 8.75242424 -25.92617798 -20.32533836
v 7.66748619 -25.99508667 -21.74597740
v 7.39056778 -22.18507957 -22.15769577
v 16.05396843 -19.00236702 -10.67858982
v 16.84134483 -18.81466103 -10.45660400
v 16.62201118 -18.60607147 -11.36205864
v 17.17510986 -18.39984894 -10.53901863
v 16.96077919 -18.45972633 -10.10251045
v 16.13373566 -18.48658371 -9.82287979
v 11.05926418 -26.07403755 -17.21224213
v 11.81404972 -25.85050392 -16.44470024
v 10.71777630 -25.72064209 -15.54127216
v 11.65347290 -24.81805611 -15.49880123
v 12.40659237 -25.43390274 -16.39419937
v 12.29838753 -24.48743820 -16.22064018
v 11.60893440 -23.91562843 -15.09899807
v 10.85998154 -25.41820908 -18.47239685
v 11.95365524 -25.17512512 -18.23217773
v 10.08070850 -25.83091354 -18.54092979
v 0.82651639 30.82076645 -12.06413746
v 2.57616901 30.24510193 -12.08908558
v 5.53218317 28.20540428 -12.26311684
v 7.33682728 26.80824471 -11.88730812
v 8.81556511 27.10271454 -9.82606602
v 11.59569740 21.65058899 -11.37971401
v 9.31659126 28.00737762 -7.57231283
v 10.15536880 26.30487061 -7.84620333
v 9.42492962 28.37195778 -6.35367012
v 5.47557211 6.37836838 7.63525772
v 5.80789042 7.19240379 7.25644016
v 5.73105764 8.37617397 7.27602959
v 5.42525434 7.66219378 8.45147896
v 3.61776662 10.92386627 7.10940981
v 2.94272995 10.67851830 7.55568695
v 1.95362246 10.51010799 7.26955271
v 2.74059033 9.99371243 8.25636959
v 4.31547403 10.13605595 8.27253628
v 1.93566501 8.40116119 8.40845394
v 2.02160788 7.29996443 8.57536411
v 2.34765935 6.42560530 8.58810806
v 2.97487950 5.80004358 8.37317181
v 3.95248079 5.82724333 8.28838730
v 3.47531843 6.90545368 9.19305325
v 1.71134841 15.86160660 5.71244717
v 2.94662690 15.12864685 5.69756556
v 3.24566317 16.07681084 6.03396463
v 3.17333317 19.28921890 4.30994463
v 2.73874712 18.41059303 5.34734249
v 1.91090441 18.17742920 5.13290977
v 3.41654849 18.52944946 5.37090826
v 4.65286064 17.16977882 4.51087952
v 3.88377786 18.61587143 4.77458048
v 7.68989849 15.81676769 3.21831393
v 8.82084370 15.43055248 2.68271589
v 8.56546402 16.69613075 2.81776524
v 7.76737547 20.20796394 1.20979881
v 8.36379814 18.86705971 1.97294903
v 6.38863707 17.41350746 3.20401478
v 7.70074177 17.72583961 2.92553616
v 9.81607628 15.51690006 1.62535930
v 9.07114506 17.15407181 2.18572307
v 10.41088104 10.65154266 3.62195325
v 8.86434555 10.62337208 4.52118635
v 10.72185802 9.83657169 4.47651148
v 9.40621185 5.84143543 5.34513044
v 10.87999916 5.62278652 4.59989691
v 10.86941433 6.87247467 5.03468037
v 8.70701694 8.38351917 5.49682093
v 12.57414722 6.02926445 2.96338630
v 12.33860779 7.16186047 3.14723945
v 12.54326153 8.24215031 2.50472116
v 11.69643116 7.87131119 4.41197538
v 17.12345123 -3.91045737 -1.58225620
v 16.85111237 -3.68533087 -0.62837887
v 18.50385666 -3.02780414 -0.57295305
v 17.17079353 -2.96808624 0.19684729
v 15.61476135 -3.64067435 -0.19094925
v 17.56711960 0.77706760 -2.74195957
v 18.53755951 0.03059611 -1.63254750
v 18.61519432 -0.95323223 -2.15614390
v 16.86253929 -2.37743926 0.55907685
v 17.15794373 -1.43485773 0.81345642
v 15.37957668 -1.42395687 0.70492184
v 12.69509602 -3.58366871 3.00887251
v 13.14200592 -2.76381373 2.73927379
v 13.66203403 -1.59118223 2.28468990
v 12.81687546 -2.52899790 3.94168520
v 9.25693130 -1.74076617 5.71552277
v 8.66163635 -3.14868784 5.48098326
v 9.63440514 -3.71447873 5.07008171
v 12.94007587 0.89447558 3.09439421
v 12.08014679 0.76958966 3.99613690
v 11.38486862 1.95638061 4.26859903
v 11.95381260 -0.26888770 4.88194990
v 11.18195820 -4.42348194 3.91625023
v 12.07885647 -4.06314802 3.46333814
v 11.28338337 -3.35245991 4.91217756
v 2.08854032 0.50038600 8.37806892
v 1.94588137 -0.63498783 8.68934917
v 2.67950344 -0.14049989 8.80630970
v 1.95409644 -1.69471407 8.77613449
v 3.02259064 -0.78628325 9.25782681
v 3.99292469 0.76569277 8.19075394
v 3.17844129 0.47218597 8.56164551
v 4.60179281 -0.37810689 8.89309502
v 2.31643128 -3.56844950 8.35071182
v 2.89883685 -4.14669514 7.96962929
v 3.78991604 -4.32142448 7.67025089
v 4.28448296 -3.50454521 8.45943069
v 5.43681383 -3.66795278 7.29182816
v 5.94091225 -2.87461305 7.14163828
v 6.03857231 -1.81559765 7.45018005
v 5.49223948 -2.65728045 8.33488750
v 16.14811325 -12.50838661 -5.53837061
v 16.86477852 -11.59524250 -5.06526327
v 16.89537430 -12.22970390 -4.49652290
v 17.12350273 -10.62580395 -4.89901161
v 18.06402969 -11.07621479 -3.44761872
v 17.69550896 -11.98612022 -3.58011389
v 15.14986897 -8.66391373 -1.51569259
v 15.35640526 -9.84178543 -1.41400397
v 16.15517044 -9.45298767 -1.57383037
v 15.17414570 -10.82902336 -1.58151901
v 16.92612839 -11.12561035 -1.52748859
v 17.08034706 -10.16904736 -1.52677774
v 16.60437012 -8.38670540 -2.64674830
v 15.67152977 -8.09801769 -2.03861761
v 16.56192398 -9.03528023 -1.94551265
v 17.74195480 -9.74652100 -2.16416168
v 14.48855019 -12.77116585 -2.76944852
v 15.40796089 -13.00714016 -3.32112646
v 15.68753910 -12.40727711 -2.47075462
v 15.82709122 -13.08249855 -4.03315783
v 17.31539917 -12.47226143 -2.93543649
v 16.70158195 -12.20932388 -2.25338268
v 12.11772060 -9.45459461 1.58365178
v 11.55727386 -8.95154858 2.15299749
v 10.73976326 -8.90683937 2.84875631
v 11.07787323 -10.07362556 2.96445274
v 9.98439121 -13.73591805 1.29520035
v 10.86749172 -13.42339993 0.90466553
v 11.78400707 -12.52621937 0.47279817
v 10.24243069 -13.00034618 2.41403866
v 12.74550629 -10.56042576 0.25834233
v 12.34095097 -10.21025467 1.15614879
v 9.12469864 -9.69080639 3.70247221
v 8.50587845 -10.41526508 3.72882915
v 8.47443962 -11.50308514 3.49970055
v 9.63361549 -10.92591953 3.70576334
v 3.34040070 -9.14676380 6.58706474
v 2.49455762 -9.48037243 6.88976049
v 1.39994335 -9.30027103 6.75378942
v 2.14083290 -10.54165173 7.11135864
v 3.80550361 -10.57635498 6.98855257
v 0.83336234 -13.94999790 5.16717529
v 2.00070143 -13.97183990 5.11450148
v 2.83985639 -14.11607838 4.80643368
v 2.92427230 -13.37239742 6.18141556
v 4.43633127 -13.48045826 4.49947214
v 4.95678139 -12.68216896 4.71464539
v 5.12555981 -11.72531605 5.26155758
v 4.23571873 -13.01334095 5.75805950
v 1.00824988 -11.59129333 6.46425867
v 0.24507171 -12.88578224 5.78142786
v 2.12814140 -11.94080544 7.05975056
v 14.55686474 -19.75832176 -7.66050196
v 15.27948093 -19.67571068 -6.75813389
v 14.16289425 -20.75227547 -7.89232302
v 13.28819275 -20.58270645 -9.05687141
v 11.79251099 -20.80251312 -6.48426962
v 13.10114002 -20.90825844 -6.05982113
v 12.55262280 -20.31813812 -5.57344294
v 14.31571674 -21.04459763 -5.54613829
v 13.72064495 -19.98876762 -4.96020412
v 12.96980286 -21.18530846 -7.66809177
v 13.27544880 -21.18314934 -6.63740826
v 12.00410366 -21.13343620 -7.29482985
v 14.68497658 -21.37346649 -6.34419107
v 14.77723885 -17.29644203 -7.09187365
v 15.43426514 -18.83888626 -6.17915106
v 10.39106750 -18.40643311 -1.49989414
v 10.33410072 -19.76876259 -1.92617285
v 7.03689575 -20.13577080 -0.51505214
v 7.28098011 -19.31436348 -0.01337593
v 8.16442299 -19.22815704 0.26609668
v 7.24248457 -18.04201698 0.16451336
v 8.03929996 -21.66141701 -3.06603599
v 7.69651556 -21.47795868 -1.69604373
v 8.88624954 -21.69701576 -1.60142481
v 6.47479057 -21.34555626 -2.40261126
v 0.75900477 -21.92909431 0.09220963
v 0.80027795 -21.13518715 1.41990197
v 2.28580880 -18.37915421 2.49861240
v 3.10229325 -18.67295074 2.21116161
v 2.45822144 -19.83976364 2.74469781
v 3.49501371 -19.54586220 1.98806286
v 3.83204484 -18.31522369 1.50926793
v 3.20853710 -21.64151192 -1.17455375
v 3.09821200 -21.81671524 0.15872064
v 2.66515326 -22.10685158 -0.08715416
v 2.06676483 -22.23966217 0.01450817
v 3.69396734 -20.30784225 1.20911264
v 11.01791859 -25.86420822 -11.06957912
v 12.52665997 -25.99137306 -10.08434200
v 11.21545029 -25.74381256 -9.98002052
v 10.02467728 -25.74676132 -10.27102566
v 10.46334457 -23.71130371 -8.91247463
v 11.95670891 -24.39331818 -9.05239487
v 12.10015774 -24.05020523 -9.26590919
v 12.44872189 -23.92439842 -9.76229286
v 8.61983681 -26.18645668 -4.80674982
v 9.01766491 -26.09548378 -5.18556738
v 8.99409866 -25.94131851 -6.32607555
v 8.75025177 -24.90974045 -5.53320980
v 8.41693306 -25.23647499 -4.68262720
v 10.77856064 -24.86084366 -9.24323845
v 12.36109352 -25.55117798 -9.29079247
v 5.40758657 23.96438980 2.61046147
v 6.03042316 23.75170898 2.40000463
v 5.87782431 24.47878647 2.61462498
v 1.27896428 24.50714111 4.66823769
v 1.26399875 23.77562904 4.69500303
v 1.84551573 22.91858673 4.67766762
v 2.84715009 23.19372368 4.69961071
v 8.76241684 25.09498787 -0.95032269
v 9.12887859 24.45579338 -1.36567414
v 9.83692741 24.41773987 -2.80777264
v 9.98334503 24.97244644 -3.47999191
v 10.03689480 24.98917961 -2.06800246
v 15.80202389 -18.46520233 -11.98419762
v 15.31396103 -19.07206917 -11.61104107
v 14.98756695 -19.25533104 -11.08316612
v 16.83328819 -16.31957817 -10.56540203
v 17.01494217 -16.70242500 -11.22772026
v 17.35784531 -17.26316071 -10.36718559
v 17.03153038 -17.76246643 -11.48102093
v 16.65545082 -16.85198212 -12.00463009
v 15.31280231 -18.92093086 -10.35544205
v 15.11648178 -18.28499603 -9.80855560
v 19.14690018 -10.56687641 -11.00649166
v 19.23863602 -9.72308731 -10.80258751
v 18.82203484 -8.69182396 -10.63501930
v 19.67388153 -9.44256115 -10.15643501
v 20.53955078 -9.91048241 -9.65223122
v 20.57406998 -10.81943893 -10.01877880
v 18.18346596 -8.55985546 -7.87894726
v 18.53292465 -9.61302567 -7.80806494
v 19.19645500 -9.36620235 -8.11613274
v 18.39848137 -10.43374920 -7.88521385
v 20.14935875 -10.41617298 -8.20179939
v 17.58765793 -12.10531807 -8.70140839
v 17.69066238 -12.57537174 -9.34840298
v 18.89755058 -12.13607216 -9.13470459
v 18.79359818 -11.78850937 -8.65580368
v 17.88434982 -12.72924709 -10.07186127
v 19.04605484 -12.25951004 -9.66752911
v 19.98323822 -11.81549168 -8.95823669
v 18.65467644 -8.08885479 -9.14386749
v 18.42612839 -8.16795158 -8.40892887
v 19.40467644 -9.07772541 -8.51330280
v 19.58614731 -8.99757481 -9.05444908
v 20.54099846 -9.70955276 -8.94480801
v 14.47295666 17.70925903 -5.90158749
v 13.79216003 18.82063866 -7.08845091
v 16.10581398 17.55644226 -7.31485415
v 16.56395149 16.55697441 -6.39158630
v 17.27387810 15.01351738 -5.76670599
v 18.52669144 14.10428905 -6.09857321
v 19.32970047 2.63854623 -9.28316975
v 18.61861801 5.15379953 -6.21370649
v 17.39920998 7.28891230 -3.83095217
v 12.35688114 19.34153748 -3.84060216
v 12.17688465 19.62603760 -2.86905718
v 11.06552410 20.19601631 -2.64137673
v 12.80234146 19.30102539 -2.40861464
v 16.10260773 17.87873650 -8.05614567
v 18.23245049 12.20452499 -5.04009104
v 19.67248535 11.76899815 -5.94060946
v 11.21223831 -23.03842735 -19.01100922
v 12.35456371 -22.95054817 -17.21031380
v 11.49381733 -23.39354706 -16.24458885
v 13.26991940 -21.99992180 -20.09680176
v 13.52959156 -22.46323586 -18.95779419
v 13.87388992 -22.42068481 -17.86202240
v 15.08356857 -21.44592857 -16.30636024
v 14.21829319 -21.74893951 -14.84696198
v 12.41533470 -22.77467346 -14.81626034
v 13.58225250 -21.74082947 -13.86167240
v 12.74810028 -21.90218353 -12.20916653
v 15.63049030 -19.47543716 -14.27589512
v 16.34569740 -19.79718590 -16.14282036
v 17.47942543 -17.79913139 -16.89717674
v 16.33058357 -17.27574539 -12.86479759
v 17.40686607 -15.46262360 -14.45701313
v 9.60891819 -22.30109215 -20.91689491
v 10.57735729 -19.64163971 -22.29764748
v 11.55924892 -21.47204781 -21.05465508
v 11.21459484 -22.42310715 -20.17012024
v 9.65352154 -17.78223991 -23.08152962
v 10.49319077 -13.91959286 -22.97908974
v 10.73907852 -14.99757290 -23.04061127
v 11.58147144 -11.26229286 -22.45675659
v 11.00280476 -13.08618450 -22.96214676
v 17.45037079 -7.87897348 -17.18903923
v 16.28948212 -8.30610752 -18.84807587
v 15.17893600 -7.42064857 -19.68916893
v 15.56768227 -9.18736553 -19.92939186
v 14.84074783 -8.95428753 -20.38564873
v 14.04703903 -8.96018505 -20.87760925
v 16.39803886 -9.56784916 -19.12666893
v 16.71790695 -10.26428509 -19.03225708
v 17.58312798 -12.83330536 -17.66496468
v 17.17310905 -11.21597767 -18.52650070
v 17.41279602 -10.93347645 -17.55350685
v 18.56745148 -8.63566113 -15.17945766
v 18.83070946 -9.27116203 -15.49423313
v 19.48101616 -9.46378994 -14.85478210
v 18.22345543 -11.93511105 -14.32961941
v 18.77445412 -11.56451511 -14.53407574
v 19.28579521 -11.27187729 -14.56427670
v 19.46844864 -10.16944218 -14.29612637
v 19.25648880 -10.62785816 -15.77927494
v 18.09562683 -11.35452938 -16.24864197
v 18.71251297 -11.59358406 -15.64626598
v 17.74381065 -13.00111580 -16.25425339
v 17.63231277 -15.72458553 -17.17384720
v 10.48124981 18.12986946 -15.71797657
v 9.36339855 16.58226395 -17.59498978
v 13.67072296 10.10198402 -18.27583313
v 12.52255535 12.35132694 -17.47571373
v 13.75526428 12.77950573 -16.47572708
v 12.26280212 19.46019554 -12.83638668
v 15.44581127 17.08935165 -11.93340588
v 14.24287033 19.00183868 -8.71627235
v 13.80273438 19.18349075 -10.36636257
v 11.67518234 21.85068130 -10.56729794
v 10.94860554 23.33819389 -9.08566570
v 10.95414639 22.65502739 -5.95860624
v 12.45003796 20.67000580 -7.42494249
v 12.10117149 6.12812281 -20.13523102
v 13.70511055 8.41824913 -18.95094872
v 13.87112522 5.54932404 -19.53632927
v 13.54111099 15.38298702 -2.07513785
v 13.93263340 16.63844109 -2.22372150
v 14.10106945 15.80244541 -3.12238359
v 13.99732780 16.59141350 -2.68466425
v 13.40041351 16.57645798 -1.50089478
v 13.67659473 17.39257431 -3.48521876
v 13.82196617 17.90156937 -2.56375432
v 12.53071499 19.92433739 -5.76734114
v 11.69627285 17.67133522 -1.04948354
v 12.22696590 15.76305485 -0.89787221
v 12.90147591 16.80095291 -1.12681651
v 12.11400795 18.60433388 -1.27655828
v 16.10693169 10.53717518 -2.17100763
v 15.91150665 10.82639027 -1.32316351
v 17.02530289 9.88516426 -1.07240438
v 15.37804985 10.95909595 -0.77659363
v 16.95124817 10.17033863 -0.05713733
v 19.40267563 -3.48901033 -9.45319843
v 20.05683327 -2.56391215 -9.38257980
v 20.46937943 -2.98936152 -8.79946327
v 20.41071510 -1.69782114 -9.20827198
v 21.53555679 -2.54105735 -8.24322987
v 19.64844513 -1.34177923 -5.76631403
v 19.61463737 -2.25423861 -5.98140860
v 18.76031494 -3.25119257 -6.45425272
v 19.96193695 -2.80262518 -6.44003439
v 20.91594696 -2.59956384 -6.37062693
v 19.72722626 -3.66400313 -7.89442921
v 19.30030251 -3.88523269 -8.86802864
v 20.41756058 -3.30543351 -8.31771946
v 21.46562386 -2.90152264 -7.31273460
v 19.89990234 0.61545056 -7.39346409
v 19.09976959 0.90945762 -6.65457582
v 20.24620247 0.26520142 -6.64109468
v 18.88269997 0.54535860 -5.97156096
v 20.04998589 -0.01885268 -6.11585236
v 21.15982056 -0.29432303 -6.35983133
v 21.55198669 -0.25414258 -7.09313774
v 19.22046852 -4.08924198 -12.91113853
v 20.11826134 -3.77199817 -13.53161907
v 20.23523521 -2.55018091 -12.89607811
v 18.71281433 -1.25186026 -15.53376865
v 19.84239769 -1.65761423 -15.26619720
v 19.51931953 -2.37120867 -15.56296921
v 19.53485489 -0.28489670 -12.32912827
v 20.39607620 -1.02104652 -13.07580948
v 19.84782028 -0.39137751 -13.17233753
v 20.78861237 -1.17413247 -13.66598320
v 20.24190903 -0.89205313 -14.08629894
v 16.58189583 -3.86124539 -17.95679855
v 13.76417732 -3.06433129 -20.40948486
v 17.72004700 -0.17883718 -17.36869240
v 17.32782745 -1.84524584 -17.28306580
v 16.18750381 -2.22156239 -18.41475296
v 12.61865902 0.14550273 -20.84403801
v 14.70035362 2.34889698 -19.65060425
v 15.36335659 1.30020320 -19.34611702
v 14.98261738 -0.12333236 -19.41489410
v 16.27723885 0.43940443 -18.78538322
v 16.62137985 5.68113518 -0.51528913
v 17.15065002 5.98635864 -1.07742035
v 17.03113556 5.84707022 -2.23399019
v 17.63004875 6.87928104 -1.00266778
v 17.53699684 7.01488352 0.32744688
v 14.05156803 10.55097294 0.24139860
v 14.64806080 9.50780773 0.79581493
v 15.60422897 10.04668903 0.66532069
v 14.85949516 8.42030334 1.02399564
v 16.35912704 9.06598091 1.16123056
v 19.44095993 6.20617962 -6.86385775
v 18.65964127 8.14413548 -5.12243986
v 15.14581394 10.71106243 -0.03957484
v 21.15381050 9.89440250 -34.20507812
v 17.97429466 12.54804039 -24.38647079
v 16.90696716 11.01567364 -23.89765549
v 17.86915779 12.18459988 -22.18771362
v 16.44033051 9.19800282 -24.79549217
v 15.94526291 8.01131058 -22.61832237
v 15.57745075 8.51912880 -20.63750458
v 17.12179184 11.59391308 -20.01154327
v 24.47977448 12.59157848 -29.02236366
v 23.28917313 13.61585045 -26.56495857
v 24.04733467 13.12573338 -26.62451744
v 24.69922638 12.48863792 -26.70208740
v 21.79503822 13.79268074 -28.94312668
v 21.57515907 14.08727264 -26.51045418
v 22.45433617 13.94087410 -26.52677917
v 21.20313263 13.67659473 -23.94256592
v 22.07980919 13.52456188 -23.95699310
v 23.53989983 12.63142776 -24.06115532
v 24.79944038 6.15909719 -28.71355057
v 25.88820839 8.34510803 -29.42682648
v 25.13465500 7.13533258 -24.72428131
v 24.50988388 5.86884546 -24.87158775
v 23.90264893 5.16384506 -24.95297432
v 18.05744743 5.83035040 -30.34244537
v 18.71086693 5.19862747 -30.38691711
v 19.47121429 4.71024799 -30.42725754
v 19.28213501 4.95793962 -27.59058571
v 18.52307892 5.44563437 -27.53586960
v 17.87034416 6.08051729 -27.46393585
v 21.11543846 4.46176338 -29.99861526
v 20.99773026 4.49352121 -27.64056206
v 20.11776161 4.63623285 -27.62576294
v 20.60469246 3.93610311 -25.10508537
v 18.98553085 4.53730011 -25.01375580
v 17.94362450 12.08543396 -28.62696075
v 18.27957153 12.86985207 -26.66785622
v 16.85466003 8.94611168 -28.63262558
v 25.85874557 10.22310448 -29.51420403
v 25.43327332 11.04252148 -26.75112915
v 23.16157341 4.95664978 -27.59232330
v 21.88817596 4.53512335 -27.63713837
v 23.17747688 4.60100269 -25.01924706
v 22.36428642 4.20001459 -25.06735420
v 21.49516487 3.97491455 -25.09666061
v 17.35214424 7.00903797 -30.27082634
v 17.16597366 7.26792002 -27.32756996
v 19.81606483 13.82333469 -26.54952812
v 20.68439484 14.04672337 -26.51914406
v 19.00397873 13.42600727 -26.59960938
v 18.69696426 13.10835457 -24.31311607
v 19.41669655 13.37962532 -23.86038780
v 20.31484604 13.64136505 -23.95499229
v 21.11151314 13.06474781 -32.90343857
v 18.88212013 12.21628189 -32.97614670
v 17.11577415 8.84571266 -33.54828262
v 17.00198746 8.14175224 -32.73075867
v 17.05422592 6.35897589 -34.05816269
v 17.15193939 7.02983904 -32.15203857
v 17.88331032 5.16862392 -34.35966110
v 17.43328094 6.07346010 -32.21541595
v 18.22436333 5.05362511 -32.25247955
v 22.96983528 3.68596292 -34.26554108
v 22.62969589 3.30222130 -34.15010834
v 21.32320786 2.91591883 -34.36065292
v 25.65502548 6.23054838 -32.54302597
v 24.76977348 5.15639305 -32.29756927
v 23.01070023 4.05543327 -32.30517960
v 21.45000267 3.91958737 -32.05266953
v 25.86421967 8.28251553 -33.46158600
v 25.52255630 10.40959740 -33.11028290
v 24.22265053 12.05575085 -32.94107819
v 17.70099068 10.87302208 -33.04505920
v 19.44659615 3.88944554 -34.23826218
v 19.39999008 3.86232495 -33.42794037
v 18.86289978 3.85442591 -34.11993408
v 19.17283630 4.21394348 -32.57461929
v 18.69664764 3.83294010 -33.60591125
v 19.78936768 3.77480221 -32.87002182
v 19.78565407 3.40654302 -34.12048721
v 19.72459412 3.41217756 -33.59500885
v 23.55553246 3.90713978 -32.90498734
v 25.53811836 6.18231106 -34.15010834
v 24.45616341 6.45893669 -19.74496269
v 23.94520378 8.56192207 -17.81438255
v 23.49898338 10.48948574 -20.40835953
v 23.18594933 10.19235992 -17.73282051
v 24.23259735 6.23428726 -16.87588882
v 23.84900284 7.75489378 -15.43453789
v 19.47284698 1.86457253 -20.98782921
v 21.19957161 2.24591804 -21.15100479
v 20.90288544 1.06501865 -18.68321991
v 19.82112122 0.79813200 -18.88312149
v 18.73451233 0.78707319 -19.14137077
v 23.17439842 3.43621755 -21.31548691
v 22.74054909 2.16711068 -18.50164413
v 21.89186287 1.52243316 -18.56209946
v 21.83941078 1.47082531 -17.31676865
v 20.78187180 0.96222413 -17.49634361
v 22.70958328 2.13182783 -17.24957275
v 22.46920204 2.84265661 -14.70773411
v 21.13133621 2.01513720 -14.18145752
v 20.76217651 1.14200914 -16.23921776
v 19.55023193 0.62266517 -17.81641769
v 18.26214218 0.51281404 -18.29552841
v 19.46723938 0.67932850 -16.60974121
v 14.86391830 5.65485716 -19.72427750
v 14.56975365 8.28306866 -19.31420517
v 16.54541588 3.53537822 -20.89906883
v 15.48258209 3.61034155 -19.84513474
v 14.64598083 4.53367519 -19.58696365
v 14.20491791 7.26202154 -19.30172539
v 19.94532204 12.51982784 -20.35286713
v 18.54888153 12.32523155 -20.14298630
v 18.93680954 12.21875000 -18.77735138
v 17.03961372 11.73110867 -18.90513229
v 17.47566032 12.08363533 -18.05753899
v 16.19460869 12.56315422 -16.75263977
v 18.31850433 12.98020077 -16.75112152
v 19.58915520 12.48151302 -17.38922310
v 22.02470016 11.22342873 -18.69032860
v 22.43326759 11.06542110 -16.87692451
v 23.70161438 3.87501621 -20.65085030
v 24.03932953 4.38247204 -19.25650215
v 23.39765549 2.99299526 -17.87197495
v 23.77008629 5.68193483 -15.08124828
v 23.51408958 4.64799118 -14.93402672
v 23.09987450 3.68853664 -14.81233406
v 17.71109581 2.57102156 -21.14107132
v 16.83934212 1.70400870 -19.67661858
v 16.08776283 2.55817223 -19.81122017
v 18.76889801 2.42657208 -21.61768150
v 17.42588234 0.95885378 -19.15127182
v 16.18803024 1.50421238 -19.30788612
v 15.45572472 2.43052173 -19.56129074
v 17.67973709 16.71563911 -10.45966530
v 15.58958244 18.15852737 -9.44983482
v 19.36631393 15.51162434 -10.01964855
v 18.46100998 16.26103210 -8.54640102
v 20.76756859 8.45559120 -7.40600491
v 20.30002213 9.87527752 -6.23760509
v 19.63259315 8.67829037 -5.70296288
v 20.48175430 11.54068565 -6.92872953
v 19.23429108 9.78333187 -5.18588352
v 19.90435219 13.54767990 -7.29159117
v 23.59988785 7.11962652 -14.20984745
v 23.37803841 9.10485172 -14.62140083
v 21.67305374 11.41287708 -10.24640656
v 21.88422585 10.00603580 -9.75247192
v 20.89913368 13.29283333 -10.44717121
v 15.17293453 11.17532253 -17.66349030
v 14.46367455 11.67584038 -17.10225296
v 16.77730751 15.50942516 -13.28035927
v 15.58063698 15.63745785 -13.31393051
v 15.18630981 9.82883072 -19.14985085
v 14.68192196 9.93462658 -18.54356194
v 15.26709270 10.59868336 -18.37451935
v 14.19375324 9.15871811 -18.75673485
v 14.90588951 15.70812893 -13.44306850
v 18.42444229 11.16473770 -34.10887527
v 21.31832886 12.57368660 -34.05347824
v 17.69415855 9.48886490 -34.19469070
v 17.30950165 8.00717640 -34.24742508
v 20.47993851 3.83596158 -34.41861343
v 23.29233170 4.06991529 -34.43089676
v 25.13278580 6.18952560 -34.38259506
v 25.61579514 8.37891197 -34.28413391
v 25.10719872 10.00194740 -34.21665955
v 24.29731560 11.42293549 -34.12836075
v 22.89845276 12.14224052 -34.09642792
v 19.94070244 4.46571589 -8.86962128
v 20.51164055 3.17696667 -11.04330158
v 19.62953949 1.59194589 -12.18546867
v 19.44870186 1.02583873 -13.72212029
v 19.75466347 1.03184211 -15.13501835
v 18.92567062 0.46742016 -15.31375027
v 18.18575668 9.38296223 -4.58057022
v 17.26565933 -12.06245708 -34.24978256
v 18.45105743 -16.17002296 -19.63973045
v 18.17445946 -13.48527622 -19.25696373
v 19.17899132 -8.25920677 -28.42297363
v 18.08263206 -7.50053740 -26.11585045
v 16.78478813 -7.48982096 -28.76040268
v 16.63891411 -7.07628632 -26.18901062
v 17.19464493 -7.42863178 -24.47548676
v 15.97701740 -8.03649902 -22.48764992
v 19.73479080 -14.73350716 -28.50790596
v 20.69709969 -13.19617367 -29.23494911
v 20.85765076 -11.32833004 -28.30619812
v 20.59119797 -12.17834663 -25.48183632
v 19.94922066 -13.94670677 -24.96378326
v 19.84905815 -13.17331219 -22.60278702
v 18.88783455 -15.33755302 -24.84972000
v 13.98588276 -14.98412991 -28.68314171
v 17.30603027 -16.15367699 -28.94476128
v 15.31125832 -16.40585518 -25.50130081
v 13.65803051 -8.61839008 -27.00096130
v 12.48416615 -11.25912285 -27.55769348
v 11.95427322 -11.92694187 -24.43447304
v 12.91888046 -9.32227039 -23.48131943
v 20.38451576 -9.71276569 -28.47537231
v 20.46982765 -10.13808346 -26.12299919
v 20.34688950 -10.51237202 -24.50006294
v 19.66039848 -10.31641960 -22.79816055
v 19.76108742 -12.28744698 -22.30024910
v 17.89835739 -15.90081596 -25.46607780
v 16.76764488 -16.77941513 -25.20433807
v 12.73891068 -13.09074020 -29.01837349
v 12.71272469 -12.78497601 -26.44647026
v 15.37652206 -7.29043293 -25.49330330
v 14.13764286 -8.32831764 -22.89854622
v 17.05011940 -8.07097626 -33.50753784
v 15.38744926 -8.25062943 -33.45540237
v 15.28715611 -8.23951817 -31.79015160
v 16.68357086 -7.92750072 -31.84839630
v 13.73408794 -9.34825134 -33.35653687
v 13.71000862 -9.21822453 -31.67872238
v 12.41742802 -12.18525791 -33.05736542
v 12.51059914 -13.68370438 -32.46337128
v 12.58558750 -14.32266808 -33.91176605
v 12.75631523 -14.14288235 -31.53105927
v 13.50956631 -15.47114086 -31.54667473
v 12.55119991 -14.77076149 -32.22234344
v 13.31199551 -15.95052814 -32.04619217
v 16.56472778 -16.99102783 -31.73404312
v 15.09594345 -16.59299469 -31.76877213
v 15.42012596 -17.15251923 -32.46911240
v 20.80936050 -14.22503376 -34.02266693
v 21.11195183 -14.90515232 -33.96429443
v 20.49823952 -16.26333618 -34.36317444
v 18.41138268 -16.54875946 -31.75908279
v 19.44333076 -15.72424412 -31.29424286
v 20.91268539 -12.31392860 -33.51887512
v 20.42522430 -10.38798618 -33.46148682
v 20.44599724 -10.58675957 -31.43418312
v 19.16940117 -8.95124626 -33.51200104
v 19.35075188 -8.82555676 -31.14368439
v 12.99471188 -10.27239513 -31.58303642
v 13.02839279 -15.47263718 -34.27468491
v 12.27254391 -15.02229786 -33.86181641
v 15.01916409 -16.81922722 -34.25353622
v 15.93479633 -17.32995987 -34.47914886
v 15.37352085 -17.48291397 -34.12828064
v 16.77910042 -17.96571159 -34.51794815
v 20.66654396 -14.07263279 -31.64091110
v 20.41280937 -15.00842094 -31.67203331
v 20.88013649 -14.68050003 -32.33840561
v 20.03787422 -15.73582840 -31.96756744
v 17.89862251 -8.14140987 -31.86087799
v 14.77544785 -20.04803848 -22.44048500
v 15.39050388 -20.15994263 -22.05995750
v 16.35850716 -19.32938576 -22.47908592
v 17.79329872 -18.67911911 -18.26055527
v 17.21775246 -19.36596489 -17.50271606
v 16.75297928 -20.51227188 -17.66520119
v 16.11107254 -21.12637520 -18.37007141
v 14.51951504 -21.75731277 -19.65681839
v 11.44007301 -16.49026489 -23.19347382
v 12.94101143 -18.09071541 -23.56031036
v 17.94845200 -19.55656624 -19.53259087
v 17.96779251 -20.12013054 -19.00416183
v 17.83340645 -18.60079956 -20.51320839
v 17.66556931 -20.28488159 -18.26200867
v 13.89994431 -19.49109459 -22.94404411
v 12.41754627 -19.92523193 -22.19856071
v 11.61620235 -11.53226089 -22.92196465
v 12.68680191 -9.78064537 -22.24864197
v 11.21455574 -13.67551517 -23.55490112
v 13.59666824 -16.75095177 -24.82663918
v 17.48503494 -20.50784302 -19.54944992
v 18.81459427 -16.15240097 -23.99110222
v 19.64534760 -15.05943298 -23.05588722
v 19.66632462 -15.95911884 -23.17299461
v 19.31631088 -15.29500294 -23.77734184
v 17.34320450 -20.86623383 -18.71639633
v 18.32978439 -9.88046455 -21.42180824
v 16.77712059 -9.66751671 -20.50203323
v 15.53508472 -8.94465065 -20.78655624
v 16.14210892 -9.47163010 -20.08042526
v 16.73317909 -10.07028198 -19.70147514
v 13.28355885 -9.32512665 -21.66868401
v 14.02681732 -9.02011395 -21.27456856
v 14.77355194 -8.95028496 -20.86296844
v 11.87318802 -14.88203430 -24.34018326
v 11.42893887 -14.56390858 -23.81915474
v 17.37694740 -17.24973106 -24.20623970
v 18.94346046 -16.67790222 -21.67801094
v 19.13779068 -12.19952869 -21.11784744
v 13.45892048 -9.93125629 -34.17659378
v 16.20825195 -8.37854290 -34.30635071
v 12.86942482 -11.41086292 -34.13275909
v 12.58832645 -13.01619816 -34.10840225
v 14.44126034 -16.06901550 -34.40361786
v 17.01624298 -16.29913330 -34.44189072
v 18.49300766 -16.78942108 -34.23773575
v 20.25093460 -11.78366089 -34.30607224
v 20.61530304 -13.51400375 -34.28300095
v 19.87815285 -10.06691170 -34.32331085
v 16.32913399 -8.80861378 -34.30263519
v 18.89734077 -9.04307365 -34.34210968
v 3.49369216 -30.92855453 -25.72845078
v 8.37000561 -27.68176842 -22.05323601
v 8.41277313 -27.98075104 -22.73533440
v 8.01278496 -26.80430222 -21.98283386
v 6.69262362 -28.68030357 -23.89970016
v 7.43992472 -28.84310341 -23.55383492
v 7.73189449 -29.23682404 -22.83982468
v 7.45973825 -26.61029816 -22.84260750
v 7.03671122 -26.95118713 -23.59308052
v 6.23640394 -27.04901695 -23.69887543
v 10.91210938 -27.08578873 -18.51284790
v 11.38525677 -27.53876686 -19.59644318
v 9.86616707 -27.20968819 -19.38498116
v 10.41610718 -28.07264519 -20.01346588
v 10.81243515 -28.69303322 -19.92903709
v 9.92693806 -29.09148026 -19.92570686
v 11.18543339 -29.15096092 -17.75554085
v 11.73804665 -28.39865875 -17.59567451
v 10.96561337 -27.91965294 -16.84218788
v 11.15454769 -27.31466866 -17.13366508
v 11.54624176 -27.18628120 -17.81849861
v 10.45707798 -27.89338684 -11.80788803
v 11.44423676 -27.66552162 -12.34547901
v 10.30809975 -27.21600723 -12.68237877
v 11.19012070 -27.58334541 -13.80664062
v 11.81834126 -28.29118919 -13.96707344
v 10.99746037 -28.75517273 -14.71376896
v 10.43249130 -29.06218147 -12.01058102
v 6.04676104 -28.92791557 -8.28464794
v 7.36218357 -29.24188042 -7.72807312
v 6.92119932 -28.70057678 -8.26611137
v 7.93566322 -28.77224922 -8.18867397
v 8.13772392 -28.35622597 -9.79981422
v 8.82231236 -29.08541870 -8.99097919
v 8.70315933 -29.55992699 -10.19099426
v 6.55142593 -29.78106499 -7.99170780
v 3.58277321 -29.74126625 -6.77564383
v 4.00607681 -30.49200249 -6.57231903
v 4.23342800 -30.36377335 -7.69947815
v 4.01182985 -31.51057434 -7.32848024
v 3.45027137 -31.89816093 -6.90709925
v 2.65591121 -29.80659866 -6.29912663
v 2.59482431 -30.33212471 -5.56765032
v 12.17949104 -28.17810059 -19.52198029
v 11.84032726 -28.89294815 -19.55391884
v 12.41672993 -28.20029640 -19.03249550
v 11.64948368 -29.14156151 -19.04816246
v 11.52204418 -36.77484512 -11.31150436
v 11.99810028 -38.17120743 -11.79324818
v 12.21045685 -38.09117508 -12.47804070
v 12.20474243 -39.40084457 -12.13544083
v 12.20682240 -39.28194809 -13.44581985
v 11.34057331 -35.28411484 -9.41620445
v 11.03735065 -35.67722702 -9.22909927
v 11.08527279 -35.43735504 -8.08917046
v 9.88670540 -36.41527557 -9.85100079
v 10.29034615 -30.85149193 -14.53223896
v 10.48167038 -30.58705711 -16.60015678
v 10.11633110 -30.36799431 -18.86933708
v 10.63929844 -33.06503677 -19.91758347
v 11.12814808 -36.99556732 -19.98488235
v 11.15123081 -34.64733505 -12.58801079
v 10.49807453 -33.50524521 -12.68722439
v 10.50850105 -33.64169693 -13.60041332
v 11.54100227 -36.51485443 -18.67853355
v 11.15312672 -34.51468277 -18.70993233
v 11.79781723 -35.88578033 -16.87091255
v 11.66580868 -37.55791473 -15.28447056
v 11.97583771 -37.08438492 -16.22572327
v 11.37759399 -36.94553375 -14.51057529
v 11.47749901 -35.22388077 -15.45215034
v 11.96017456 -36.07771301 -16.29910469
v 11.83993626 -36.63527298 -15.85732174
v 11.80683517 -35.61366653 -15.58116341
v 11.95875931 -36.92594528 -15.77875805
v 11.68342400 -36.39960861 -14.87837410
v 11.80173302 -36.04181290 -15.28684044
v 11.86106300 -36.86518478 -15.64866161
v 8.81842136 -48.58778763 -15.95263481
v 7.86961269 -49.97496033 -16.33407211
v 17.01775932 10.64776421 -3.93994761
v 16.07881165 13.11651707 -3.85216141
v 14.67523384 15.81555748 -4.29335642
v 13.13989925 -17.56617165 -4.51684999
v 13.72275257 -17.09538078 -4.88547802
v 13.65637302 -15.29713631 -4.14095497
v 12.67627048 -16.61795616 -3.85774350
v 14.57133389 -17.54063225 -5.48128605
v 14.67323303 -15.23575878 -5.82963943
v 12.31301403 -15.18936443 -2.30613613
v 14.64369011 -16.95119476 -6.34608698
v 14.99188519 -16.18339539 -7.51874495
v 15.93199158 -14.51825142 -8.00301647
v 10.98763847 -20.28654099 -5.65538359
v 10.45918465 -20.79872131 -5.87237406
v 11.24962711 -19.15711784 -4.49525928
v 9.58874893 -22.30398750 -6.72672176
v 13.44493866 -18.93157005 -4.65353203
v 11.80646706 -17.65764427 -3.74683905
v 11.54210758 -21.44413757 -8.50735188
v 10.94624710 -22.10250664 -8.71583748
v 12.82403755 -21.00125694 -8.76407528
v 12.14534092 -21.66707802 -10.20442295
v 14.71678352 -17.27853775 -8.28538609
v 13.86567402 -19.24695778 -9.39458656
v 14.65245819 -18.02231026 -9.51002026
v 8.34178543 -18.04923248 0.08899730
v 7.84171581 -16.13305283 0.70402658
v 6.69912720 -17.17563629 0.65573633
v 9.19647503 -17.87676811 -0.31333369
v 9.26138020 -15.76653099 0.03609920
v 5.84886074 -15.75915813 1.99048519
v 9.96701336 -18.15571404 -0.84734386
v 10.47569370 -15.66002274 -0.86746043
v 10.99753857 -16.77551842 -2.11950493
v 5.97327280 -21.75715446 -3.17264867
v 5.53710651 -22.86896324 -4.13023853
v 9.15703297 -21.00978851 -4.10925293
v 8.68250275 -21.48421288 -3.41965556
v 7.97693634 -22.42305374 -5.25447464
v 9.20548058 -21.31037712 -5.17490339
v 9.83828259 -20.59502983 -3.07672620
v 10.55908203 -19.25943756 -3.82741070
v 10.97478962 -17.90309715 -3.03096390
v 6.73198795 -20.79087639 -1.31047213
v 5.48834276 -20.89351273 -1.86757421
v 5.38702297 -19.68662453 -0.61571389
v 5.71378517 -18.20668793 0.37305143
v 0.56821358 -18.45688248 2.46201301
v 1.46798158 -18.50975418 2.63853312
v 0.98225510 -16.91761398 3.02227139
v -1.15169883 -15.98012447 4.00687981
v 4.54986858 -17.90378189 1.14048195
v 1.28611636 -22.19755936 -0.24740198
v 0.53909194 -22.49338341 -1.64684510
v -1.39910078 -23.54605293 -2.34299874
v 1.23808944 -23.33543587 -2.75968003
v 3.57316279 -22.00266075 -2.19818068
v 3.54130268 -21.18388557 -0.02619889
v 4.47114038 -19.80132103 -0.26667595
v 0.15155873 -19.27302361 1.95404375
v -1.12070787 -18.67060661 2.18904400
v -1.18358517 -20.14964867 1.02802420
v -1.21873641 -21.46501732 -0.26680759
v 1.91586113 -7.56872082 6.80517006
v -0.29511294 -6.41075468 7.53380585
v 4.22447586 -9.30611610 6.21401262
v 5.08643293 -9.37504959 5.52457333
v 5.74385452 -8.35173893 5.30476570
v 7.11272764 -6.59706974 5.17248106
v 2.52194142 -15.10984612 3.74610186
v 3.69986534 -14.19596481 4.10061646
v 5.42833519 -13.72678089 3.30230021
v 6.41257191 -11.40281868 3.97746873
v 5.43568134 -10.35222912 5.09696531
v 6.43855953 -9.56141663 4.63070345
v 1.21589279 -10.54639053 6.76084614
v -0.18457726 -9.45488358 6.78375387
v -0.58174747 -11.33280563 6.18660307
v 9.60423088 -8.66391373 3.37526226
v 10.14908314 -7.34416008 3.12254810
v 13.87578583 -6.18262672 0.44561845
v 8.45463848 -14.07995319 1.80106318
v 8.10096645 -13.50957966 2.28665137
v 12.21996117 -13.17971039 -0.97936529
v 7.41489744 -12.77295589 2.94301963
v 7.48546314 -9.67416477 4.07449675
v 15.29089546 -6.30901337 -1.44623244
v 14.54658318 -7.77457285 -0.93189126
v 16.05866814 -6.17838764 -2.60970116
v 16.64186287 -7.97826576 -3.68575215
v 16.65866280 -6.39295530 -3.93478680
v 16.88157654 -8.44631767 -4.46555805
v 16.91738701 -7.46503067 -4.97900438
v 17.53826141 -5.75386000 -5.74237967
v 13.55170918 -13.55191994 -2.68740249
v 15.75936890 -13.08776474 -5.09222555
v 15.35798550 -13.79805756 -5.84907150
v 15.89333820 -13.12230968 -6.56220818
v 16.94087410 -9.34229469 -5.03945923
v 16.73841095 -10.41453457 -6.43934011
v 14.43799591 -11.86971283 -2.07537508
v 13.57024574 -12.28078556 -1.87410414
v 13.96441460 -9.88997078 -1.10762143
v 2.39517617 2.25099993 8.02586555
v 0.10995643 3.38537312 8.42588520
v 4.88205481 0.59923095 7.87826300
v 5.71425867 0.43329576 7.24922514
v 6.22823143 1.45765996 6.83235979
v 7.37529612 3.28921390 6.31196260
v 1.10356653 -4.73012781 7.73328638
v 4.70632505 -4.50515938 6.96685648
v 5.68544006 -4.82099438 6.21633005
v 7.24503899 -1.70948541 6.15387392
v 6.17209482 -0.54620123 7.02004433
v 7.23432255 0.13649765 6.33300066
v 0.32609087 -0.07659563 8.43399525
v 1.48156810 -2.86223745 8.25568485
v 0.30080035 -3.44335294 8.09564686
v 9.25424480 0.56579113 5.50909090
v 9.56751251 1.62139654 5.28002834
v 13.93150139 3.34724641 1.83955848
v 10.25559711 -4.29240847 4.51500654
v 8.40640068 -4.93413687 4.92370987
v 12.78455448 -4.67420149 1.95127904
v 13.57659149 0.00023697 2.30060673
v 9.17899227 -0.62682539 5.73047829
v 15.65351963 0.76800984 0.49016976
v 16.64418030 0.95011199 -0.04291882
v 15.42131042 3.05613565 0.05650539
v 14.88951206 1.65313804 0.85068786
v 17.16636848 1.08376598 -0.80313480
v 16.22531509 3.06058574 -1.11638963
v 17.80693817 0.79721045 -1.51284885
v 16.94250679 2.73569274 -2.41303825
v 17.42819977 1.61248374 -3.34198046
v 14.83369160 -4.47809172 -0.11933012
v 17.46442986 -3.48890495 -3.37115455
v 17.53378487 -3.75231600 -2.32993889
v 16.82017517 -4.82207394 -3.47026300
v 17.26737213 -4.20256853 -4.34875584
v 17.81512833 0.36125532 -4.38390684
v 17.76794243 -1.92030120 -4.73522282
v 18.20500374 -2.39739776 -2.79699039
v 14.63136768 -3.11838126 0.57948303
v 16.29616928 -0.38832313 0.78817910
v 14.66338539 0.27278462 1.09640467
v 1.91529500 11.65931511 6.56149101
v 0.24940309 13.00319099 6.51123238
v 4.39725685 10.78694725 6.88912868
v 5.10202074 10.51274109 6.31849241
v 5.41746092 11.35616112 5.64832687
v 6.23065376 13.05153370 4.76730633
v 1.30968225 5.08264112 8.18785763
v 4.83039427 5.38702250 7.47429895
v 6.14249897 5.01586676 6.71524143
v 5.62852669 9.53050518 6.41728497
v 6.48993111 10.05822277 5.58505487
v 6.76766586 8.27614307 5.94315052
v 6.79686642 6.31575394 6.27194023
v 0.49280280 6.37815762 8.12066174
v 0.45530811 8.30418491 7.79474211
v 1.88853335 9.45793819 7.96362638
v 12.61721039 12.52576160 0.24604593
v 11.69150734 5.35879612 3.78222752
v 8.08090210 6.76921892 5.67865992
v 12.24176311 9.73558140 2.03572106
v 16.07164955 5.84559536 0.23144566
v 15.09478569 5.97282505 0.70597506
v 14.56059074 5.03998566 0.94105434
v 16.74771309 4.36402750 -2.18996549
v 17.13814163 4.92033958 -3.07825351
v 14.64474297 7.02973366 0.98781741
v 14.02081394 6.49164248 1.25175500
v 13.61900997 8.25084019 1.17402720
v 17.18327332 8.26974583 -2.02366185
v 17.29949570 7.12215424 -2.00733685
v 15.02758980 12.53587532 -2.45516706
v 15.92619896 11.37733078 -2.91668916
v 16.60921478 9.49796104 -2.41630316
v 16.53791046 9.94926643 -3.16672421
v 11.37072182 15.98949432 -0.36550114
v 9.93802357 19.87051773 -1.08800519
v 10.81269836 19.62775040 -1.72338808
v 8.71194077 21.93693924 -0.56568581
v 10.53893948 21.05482674 -3.03428149
v 9.90152931 22.27460289 -2.89364982
v 13.99169254 14.20507526 -2.26790404
v 14.68982124 14.82621384 -3.46489143
v 13.02836227 18.48621559 -4.79047728
v 6.62074804 21.03738976 1.81136501
v 4.90053892 21.23886490 3.04455042
v 4.65587568 15.37525845 4.80954075
v 4.01904440 15.21432590 5.32646227
v 4.70811558 14.31913948 4.94656515
v 1.99606407 20.04076958 4.42963982
v 0.56895083 20.83864021 4.72001696
v 4.64971399 19.16670227 3.50180674
v 1.08660972 18.28109932 4.96141529
v 5.78052616 25.49842453 2.34401250
v 6.42781687 25.40888786 2.11018395
v 0.48516694 -25.68978119 -2.96819162
v 1.08874249 -25.39006233 -2.83614397
v 1.25536227 -24.00091362 -3.26738596
v -0.68870550 -25.34297180 -3.76751518
v 1.78689730 -25.04273605 -3.05271292
v 2.58571386 -25.02988434 -3.34540343
v 3.24866486 -24.86416054 -4.08050013
v 3.55557394 -24.15576363 -4.10661983
v 1.72424376 -27.90768433 -5.23647738
v 1.45708072 -28.13012505 -6.30311537
v 0.23118235 -27.76557922 -5.18143368
v -0.25330001 -28.02919960 -5.79904318
v -0.97717988 -29.00037766 -6.27868080
v 1.47643363 -28.63103867 -6.65478659
v 3.23370910 -27.41332817 -5.36422014
v 3.85836220 -26.86527061 -6.44885540
v 5.34549904 -27.89075470 -7.96244144
v 3.70607948 -26.13677025 -5.30392313
v 3.54330397 -26.96370888 -5.17953777
v 3.54361963 -25.75013161 -4.30267715
v 4.12115431 -24.79912567 -4.97052574
v 0.02089330 -26.62678146 -3.84794855
v -1.17676556 -27.54050446 -5.42693949
v 5.86149931 -24.47425842 -5.11718702
v 6.88059759 -24.39958382 -4.99711943
v 6.09131241 -23.43915176 -4.91991854
v 5.23093510 -23.94332886 -4.80817127
v 7.57119560 -24.22401428 -5.28749275
v 8.00291157 -23.80620003 -6.06266499
v 8.48486614 -24.01926613 -6.67458725
v 8.66960144 -23.39786530 -6.78591251
v 7.42877340 -26.71652985 -7.57377577
v 6.53774738 -27.07777214 -8.21345043
v 5.81410408 -26.75764465 -6.85479355
v 5.17290258 -27.07108307 -7.31336641
v 8.12761307 -26.22713661 -8.31045246
v 8.44228649 -25.80838203 -9.06696224
v 7.59605169 -27.56394005 -9.42992210
v 8.66401958 -27.05128288 -10.31147003
v 8.63342285 -25.12528229 -7.49028158
v 8.76628685 -24.06961060 -7.70558643
v 6.02022648 -26.04218292 -5.67523050
v 4.80848742 -25.88046837 -6.19645023
v 11.77776623 -23.42977715 -11.51109028
v 12.00089169 -24.18151665 -11.84812069
v 11.35184002 -23.93300819 -13.12313938
v 11.78671837 -22.98026276 -11.68455601
v 11.77993870 -25.01166534 -12.13807392
v 10.90959454 -25.46376038 -12.55462360
v 10.46597767 -25.65144539 -13.53433037
v 10.39025116 -26.43030357 -14.89193439
v 9.36514950 -25.81543159 -10.39198875
v 9.70065308 -23.58059883 -8.39007568
v 9.65015125 -26.65205956 -11.93227386
v 10.26902485 -25.99395370 -12.87690926
v 10.17170715 -26.46832466 -13.43774986
v 10.49062252 -22.78130913 -8.77671432
v 11.66759872 -23.16331291 -10.73918343
v 2.22082496 -32.17210388 -6.81165075
v 1.72222292 -32.52385330 -7.58012819
v 1.34507048 -32.14403534 -7.07881403
v 0.28225046 -33.54658508 -7.39846706
v 4.69044733 -31.41233444 -8.42764950
v 5.49950695 -32.45842361 -8.91279030
v 1.21594536 -30.18893814 -6.19673967
v 0.65655422 -29.67079926 -6.75654459
v 2.90004826 -28.85429573 -7.14948511
v 4.16687059 -29.54121590 -7.80780172
v 4.18453217 -31.08396721 -7.26370716
v 0.87264752 -31.24521637 -6.62463808
v 7.86599255 -30.93835831 -9.38136959
v 7.02889109 -31.11851311 -9.32323074
v 6.56589460 -31.43548012 -9.47542191
v 6.49353838 -30.93946457 -8.94133282
v 7.41700363 -31.88265228 -10.02433491
v 8.47854710 -30.34386826 -10.49704742
v 8.30144691 -30.70212173 -9.76258278
v 8.23493671 -31.11577415 -10.68167782
v 8.76239014 -30.60433006 -11.13824940
v 9.76316261 -31.48650932 -11.90710163
v 6.41623163 -28.07506943 -8.70172501
v 5.28238487 -29.19493294 -8.27959251
v 8.08503628 -28.50894356 -8.87842846
v 8.42049122 -28.45044327 -10.54487038
v 9.31659603 -29.88129234 -11.81368065
v 6.52265978 -30.51096153 -8.36695766
v 2.17107344 -34.39538956 -7.91712618
v 4.95820284 -34.68543625 -8.52172852
v 5.19180775 -34.00881958 -8.91200066
v 6.02618361 -35.96674728 -9.37848568
v 7.93732214 -37.68572235 -10.19519424
v 4.89011240 -37.32978821 -8.91500187
v 4.54843712 -38.13049316 -9.12035465
v 1.88416243 27.47159767 5.48428774
v 2.17711639 28.39777565 5.98314667
v 6.20430994 34.40061569 -5.65280342
v 4.93298149 36.50141525 -4.45357752
v 7.98401117 33.26124954 0.73679167
v 8.05479908 34.30278778 -1.35679412
v 2.12678528 27.20792961 5.14341211
v 3.60534024 27.76748276 4.73678255
v 2.51588511 27.54303169 5.60440731
v 3.13135576 38.81000519 -3.10399818
v 5.94207239 30.31530571 4.14632750
v 5.74349880 29.40245819 4.34067249
v 8.76558971 27.07616615 -1.60832345
v 8.62445068 26.31664085 -0.83206552
v 9.49801350 26.71183014 -1.66946304
v 6.75523090 23.46925735 1.56299210
v 6.63104963 24.15739632 2.09210801
v 1.12966013 34.69088745 -8.38995743
v 2.51381826 34.40305328 -8.29823494
v 5.73337460 32.30760193 -8.40010834
v 3.42131448 23.15904617 3.99399114
v 3.56889725 24.31825066 3.84694791
v 3.30573630 23.83480835 4.47237778
v 2.48642135 24.94402122 4.42669439
v 2.53052521 24.51364899 4.85145903
v 8.08166599 31.96908188 -5.44192171
v 8.29448986 30.02575874 -0.62915891
v 8.34917164 30.86971474 -0.05412247
v 8.59777164 30.56588745 0.38547945
v 8.19819546 31.50163460 0.99345213
v 3.31612372 28.44925117 5.53197241
v 4.92892027 27.69692612 3.87382150
v 5.72700262 27.94868279 3.47995257
v 5.72235537 28.37971306 3.96484303
v 6.22656536 28.83815956 3.39367151
v 8.66421318 30.25557137 -4.71998405
v 8.67865849 29.09485054 -2.81199884
v 7.55939913 36.46664429 -0.85658586
v 8.10407352 31.06969452 1.97921574
v 1.17268431 39.16004944 -3.19316006
v 5.14106226 29.35381317 4.55820894
v 5.42962551 29.58362579 4.55905819
v 7.11619043 36.10224533 -2.33488894
v 7.79410362 29.44059181 1.04221630
v 8.17951012 29.63173103 -0.10827129
v 8.39755344 30.04916000 0.87129313
v 3.75788808 22.57498550 3.50994968
v 0.39734137 23.20257187 4.63345528
v 1.99216378 25.76847839 4.50001192
v 0.66468871 26.09969711 4.91654825
v 3.36301851 24.87138176 4.01450253
v 4.11083269 26.38490868 3.81814241
v 5.35869074 22.61826897 2.55511785
v 7.58486080 23.07992363 0.41586491
v 7.21511412 25.17280769 0.75331080
v 5.08099031 26.20153618 2.95336270
v 7.04974508 27.51743889 1.08524048
v 7.57003689 26.06236076 0.08125611
v 9.63266754 25.89816284 -3.49518466
v 9.99519348 24.61468697 -4.82569456
v 9.39320469 26.83661079 -4.44297981
v 9.56439304 23.26500130 -2.77840114
v 8.34255600 28.15793991 -1.63839626
v 9.11806393 27.04643822 -2.51704407
v 7.55745077 28.33213234 0.36641613
v 3.49746323 29.70956802 5.70145893
v 1.80982471 28.89539719 5.95816231
v 7.38757896 31.58231163 2.53245378
v 7.16762686 30.03502274 2.27502656
v 6.60602570 -41.48942184 -10.08831120
v 5.98642492 -41.14914322 -9.38807011
v 5.34675789 -42.68682861 -9.95275879
v 5.55547237 -42.04444504 -9.43284512
v 8.88114071 -38.94248581 -10.63431072
v 8.94875813 -40.58414078 -10.88888550
v 6.22751474 -46.58676910 -11.99805069
v 6.36731625 -45.18605042 -11.24263000
v 11.16861057 -38.53247070 -11.31238270
v 10.63143826 -39.35382080 -10.97973919
v 12.00415611 -42.12453079 -14.27838039
v 10.89748955 -33.98920441 -11.19511032
v 5.67262363 -39.74283600 -9.55043793
v 5.38728571 -40.61665726 -9.08354378
v 6.08207035 -40.16366577 -9.70457649
v 11.71362495 -37.70136261 -13.36939621
v 12.20600605 -41.40919495 -13.44396400
v 12.15471458 -40.61162949 -12.56452370
v 11.84622574 -41.85074615 -13.02309608
v 11.23730564 -35.24351120 -11.07258034
v 4.14391708 -36.17277145 -7.21818161
v 4.04089880 -36.68058014 -7.28661489
v 4.82849884 -36.25566101 -7.48630571
v 4.66356421 -35.63852310 -7.36286783
v 1.84787893 -31.95635033 -6.47015667
v 7.23763990 -30.72534561 -8.39428902
v 7.78434134 -30.73238754 -8.24752235
v 8.96408176 -30.41343307 -8.75770378
v 8.72752857 -30.26550865 -9.60875988
v 8.62273312 -30.69638062 -8.26684856
v 11.08963013 -29.99461937 -13.89864063
v 11.02239513 -30.07756042 -13.03576183
v 10.03289223 -30.64087677 -13.24142933
v 10.82205868 -29.85213089 -12.54576302
v 9.79844475 -30.40232086 -12.49469471
v 10.67135620 -29.67191124 -14.89246082
v 10.39930820 -29.90551567 -15.53145123
v 9.52544975 -27.12521935 -11.82526684
v 9.09936905 -27.90407753 -11.34094143
v 9.90513611 -26.93816757 -12.59854221
v 11.15288925 -27.40161133 -13.25301552
v 10.16623020 -26.88308334 -13.53527832
v 10.33584881 -27.81977081 -14.95432472
v 10.44680882 -29.56838036 -18.83256721
v 10.59489155 -29.57670021 -18.11353111
v 10.11314774 -29.89487839 -18.83878136
v 10.41026211 -29.68128586 -17.12013245
v 10.61274433 -29.29385757 -19.47034454
v 9.77569580 -29.73352432 -19.66566658
v 9.43982315 -29.36342239 -20.27579689
v 9.04191494 -29.75722313 -21.06940079
v 10.04220009 -26.60266304 -17.34591675
v 10.34985924 -27.46203995 -16.04194832
v 9.09351635 -27.62242508 -20.24862862
v 10.19398308 -27.62802696 -19.82723045
v 13.20862198 -24.97548676 -10.97036648
v 12.76337242 -25.82696533 -10.97721195
v 11.89772797 -25.53769684 -11.74395752
v 12.02271938 -29.50974083 -13.78270626
v 12.57410812 -28.87096214 -12.72611427
v 12.33613205 -28.57924652 -12.19247246
v 12.62971783 -28.78865242 -13.18750477
v 9.57695198 -19.39446068 0.03444038
v 1.23990619 -19.61958694 2.65132952
v 1.85440886 -19.88557816 2.84275293
v 3.16840935 -11.70309258 7.14716816
v 3.21906948 -12.77192974 6.66394949
v 4.11009550 -11.72405148 6.80650330
v 4.72823191 -10.77370262 6.19771433
v 3.97288704 -1.46977198 9.32773399
v 2.54642892 -2.60556722 8.96424007
v 4.09237528 -2.66794443 9.11116505
v 5.02871609 -1.50916255 8.95760441
v 5.55998802 -0.71105683 8.16315937
v 2.86539721 9.35935688 8.87761307
v 3.83130741 9.45899200 8.94443989
v 3.86037636 8.60709190 9.18836594
v 4.05933046 7.70569181 9.22944164
v 4.90380430 8.59113598 8.84190845
v 4.82676077 6.52134323 8.46137905
v 4.79216242 9.43034363 8.62726212
v 5.18288183 9.67308521 7.65166187
v 4.32179308 16.13155174 5.39097214
v 3.65799975 17.31656456 5.78090143
v 3.94189596 17.99788857 5.48507738
v 3.04212785 16.69125938 6.11827517
v 2.28749394 16.50989342 5.94465113
v 2.84572172 23.79943275 4.83972216
v 2.95997667 24.55293465 4.67525482
v 2.83392549 28.25421524 5.80040598
v 2.36727548 -27.31859016 -2.48613167
v 2.94454670 -27.58763695 -2.92927504
v 2.48964691 -27.99385262 -3.75402737
v 3.39587903 -27.22061539 -3.72427392
v 2.90678883 -26.88013458 -2.49150324
v 3.23494649 -26.29143524 -3.09671116
v 2.78524709 -26.26031303 -2.53131509
v 2.21208334 -26.29549026 -2.30034328
v 9.38663483 -21.11995506 -3.00937271
v 9.47273636 -21.44355774 -2.06352639
v 10.30515099 -11.32003593 3.41960287
v 10.88810921 -11.82839966 2.83611751
v 9.09241772 -12.67769241 2.94923377
v 10.15085316 -12.39211082 3.03370214
v 11.45800781 -11.93817234 2.30782127
v 11.60493279 -10.85988235 2.62484121
v 10.43095779 -0.57735026 5.64328480
v 11.10091209 -1.41763759 5.58666086
v 11.78355885 -2.00733685 5.10599661
v 11.08200741 -2.59514022 5.40892982
v 12.41080570 -2.17527318 4.60342503
v 12.38979340 -1.01288414 4.74297714
v 12.94126129 -0.87859821 3.77064204
v 10.27513409 8.83953857 5.30123806
v 10.92436600 8.27243042 5.04619980
v 9.94831848 7.67130423 5.49850607
v 11.36211205 9.26955605 4.16824627
v 9.01058197 18.44408607 1.35607672
v 8.51282883 19.07880974 1.32637572
v 6.25353479 24.44526863 2.42325449
v 6.86680031 24.59856415 1.85135460
v 6.97945547 25.01785278 1.47802663
v 6.54656792 25.61573982 1.69721544
v 5.96597910 28.89963531 3.97981191
v 12.86384869 -24.06465912 -10.33627319
v 13.15464401 -24.34787178 -10.72085762
v 12.50828171 -24.01105118 -11.03313828
v 13.85503674 -21.08899117 -7.67557001
v 14.99098969 -19.33758545 -4.77920771
v 14.04187870 -18.61002159 -4.69579268
v 15.13006783 -18.18525696 -5.95723724
v 15.53018761 -19.29293060 -5.20576286
v 17.67844582 -10.54949856 -1.66904175
v 17.63599968 -11.22313881 -1.79195285
v 18.00768280 -11.22661495 -2.25189519
v 18.04401970 -10.52106094 -2.10412788
v 17.47822762 -11.87813854 -2.05136156
v 17.82758141 -11.90362644 -2.49466276
v 18.02221680 -11.84032726 -2.96692777
v 18.21348190 -11.19786167 -2.76597309
v 18.24160385 -10.51832294 -2.61515164
v 17.95217705 -9.78801823 -2.68455887
v 17.86215401 -10.01775265 -3.43658614
v 16.63312149 -12.67595482 -4.16349411
v 17.26768875 -8.95407677 -3.13186240
v 17.42282867 -9.30806446 -3.71513724
v 17.19001389 0.03043813 0.61782038
v 18.47562981 -2.89267564 -2.02292442
v 18.77326965 -2.93617368 -1.16138852
v 18.51638985 0.08330990 -0.17156994
v 17.87897873 8.57533741 -0.61708307
v 17.88824654 8.70024967 0.05160790
v 17.98767090 7.87336493 0.03644150
v 17.95017624 7.75392962 -0.62150663
v 17.36437416 8.75317478 0.78749442
v 17.71162224 7.89327097 0.55483764
v 16.30140877 6.98212814 0.97675860
v 17.11339188 7.10777760 0.82551581
v 17.28569794 7.93413591 1.02246845
v 16.12273026 7.70242739 1.17976713
v 17.63294601 9.49100971 0.00537144
v 17.31982231 9.55388641 0.46541902
v 16.91475296 9.52365971 0.88828790
v 13.44678211 18.17561531 -1.85021245
v 11.85832500 19.45841789 -1.86028063
v 9.99954510 25.82161903 -1.97899199
v 9.73143387 25.65478897 -1.37558758
v 9.63511658 26.60698128 -2.42077923
v 8.07000160 30.51865005 1.95048916
v 18.31539536 -10.06096745 -12.19748211
v 18.57695007 -7.71380186 -10.95477772
v 18.80054855 -5.98577976 -11.65095806
v 18.96885300 -11.41777515 -11.05446529
v 18.24276161 -12.29658318 -11.22830009
v 17.69445419 -13.19845772 -11.97387600
v 17.53225899 -8.52059650 -7.20656967
v 17.65516853 -11.31508541 -8.14593887
v 16.83697319 -13.47190094 -9.23875618
v 18.05897522 -12.67995644 -10.73665619
v 17.22950935 -14.36592865 -11.45848179
v 18.34138298 -6.47440910 -8.87405777
v 18.78632927 -8.23367214 -9.95632362
v 19.37170982 -0.41159937 -5.74190617
v 18.26487923 1.41521513 -5.44442320
v 18.03548813 -2.79251409 -5.65180254
v 18.08193588 -4.03858185 -6.34524441
v 18.93778419 -3.78075290 -7.20488453
v 18.49880028 -4.69997931 -8.13498592
v 19.00714493 -3.48766756 -10.41153908
v 20.06583786 0.41733941 -8.13403797
v 19.01572227 1.61553800 -8.04604053
v 19.65713501 0.20285065 -9.01000309
v 19.31188774 0.93410307 -9.47868633
v 18.55662155 1.78405368 -6.38505602
v 19.67061615 -0.65763217 -9.48426914
v 19.29053497 -0.24390002 -10.47998524
v 20.29170036 -11.59260941 -9.97035694
v 20.77523613 -11.44610691 -9.52734566
v 20.94438362 -10.90927887 -9.45340919
v 20.91215515 -10.92075920 -8.96745300
v 20.74090004 -11.47507000 -9.07477570
v 20.95228195 -10.35707474 -9.38305378
v 20.92595100 -10.34412003 -8.90626049
v 20.73163223 -10.35191345 -8.46359062
v 20.71572876 -10.90338135 -8.51140690
v 20.55532265 -11.43557453 -8.64685154
v 19.67166901 -9.11490345 -9.64899254
v 19.16685867 -12.19526386 -10.16180706
v 19.27702713 -11.89741230 -10.54022980
v 21.17072105 -0.78644127 -6.02095699
v 21.80138969 -0.84794945 -6.43497896
v 21.85131264 -1.51527131 -6.43276739
v 22.08776093 -1.57541025 -7.04985046
v 22.03246689 -0.88344306 -7.01635790
v 21.76347351 -2.19891810 -6.54082775
v 21.26677513 -2.78945994 -6.73988676
v 21.98760033 -2.27790976 -7.12989521
v 22.03078270 -2.28844190 -7.74076414
v 22.13884354 -1.63059914 -7.69463301
v 22.08786774 -0.96812212 -7.62533092
v 21.63066292 -0.37642172 -7.66956663
v 21.33499718 -0.75558186 -8.34526157
v 20.64726830 -0.28373814 -8.48560333
v 20.13329697 -3.22212362 -7.01635790
v 7.11009455 -32.43135452 -9.45793819
v 6.53893185 -33.02473831 -9.12027550
v 7.87547159 -32.12360382 -9.98886776
v 9.60022831 -32.23550797 -9.25029469
v 8.71920776 -31.97520447 -10.54760265
v 10.36162949 -32.55205536 -9.33086681
v 9.54661942 -32.24988556 -10.96604729
v 8.22398281 -36.25592041 -9.15618992
v 7.29551458 -35.87623596 -9.15492630
v 7.52590704 -36.85794449 -9.72651005
v 6.99392414 -34.93112564 -8.93580341
v 7.99469614 -33.81044388 -8.04224968
v 6.43445253 -33.97032166 -9.07403851
v 9.52492332 -36.16007996 -8.93464470
v 9.03096199 -36.95162582 -10.27450180
v 10.94793224 -34.08786392 -10.24058819
v 11.37011623 -34.74855042 -9.66989994
v 11.00259399 -36.03305817 -10.83323669
v 10.47614098 -36.97414017 -10.83407879
v 10.80327129 -33.18482971 -9.65826130
v 10.27608109 -33.07971954 -10.98342609
v 3.66958523 -41.36057663 -9.25348186
v 3.93461704 -40.12412643 -9.07629013
v 8.82143021 -43.11254501 -11.77901077
v 2.87316465 -44.22145844 -10.20759583
v 11.35776711 -40.12792587 -11.77220058
v 3.63332796 -47.44360733 -11.80774403
v 8.52427006 -44.64350891 -12.27931023
v 5.21050596 -46.38828278 -11.43896484
v 10.47944546 -44.07604599 -13.70176601
v 6.16577530 -48.55013657 -13.44027805
v 4.84366512 -49.37392807 -13.49878502
v 12.48239899 -28.21936035 -18.50074959
v 11.74179935 -29.13145065 -18.51386261
v 8.71488953 -34.42773819 -7.55413342
v 10.09450626 -34.03288651 -6.58874941
v 9.99265957 -33.38051987 -6.59749126
v 10.34461975 -35.25006485 -7.40573454
v 11.73268795 -33.01241684 -7.89832640
v 11.81152153 -33.76610565 -8.48934269
v 10.17805958 -40.10707474 -10.92615700
v 10.78710556 -39.85436249 -11.10844326
v 10.73504925 -40.44843292 -11.42519951
v 4.71306562 -41.85548401 -9.14602661
v 5.75977755 -45.92504501 -11.18536854
v 18.68880272 -8.72236729 -13.64249706
v 18.69775391 -8.30118370 -14.05493832
v 18.47352219 -6.99292040 -14.14605904
v 17.92905998 -12.54888344 -13.84121323
v 18.98159790 -4.88695240 -14.37290668
v 19.11988640 -4.69315958 -13.59057236
v 19.02288246 -3.60225797 -12.05902958
v 18.74720383 -4.07017851 -15.59264374
v 19.17296982 -4.60395193 -14.99967861
v 18.31627655 -5.47222805 -15.30121708
v 18.00852585 -5.08464241 -15.99034023
v 19.61358261 -0.96859610 -14.79232597
v 18.74177933 -0.11975140 -15.05486774
v 19.20614433 0.37020773 -13.74992561
v 18.07445717 -1.76649106 -16.22322083
v 19.38113785 0.64731055 -12.06397915
v 19.98518753 -1.17818737 -12.49308872
v 19.80316353 -3.97114921 -15.20634842
v 20.12413216 -4.18434763 -14.47938728
v 19.07238579 -9.57242298 -14.00738525
v 11.97735214 -24.31853867 -16.54617882
v 11.48003960 -24.02284813 -16.32284355
v 7.24962997 39.82582855 3.31914783
v 5.66670275 35.65570068 8.11658669
v 4.31299591 34.35569000 8.17825031
v 4.56682396 41.29883957 1.03837204
v 2.95497537 34.70861435 9.26917267
v 1.94435418 34.14418411 8.97778797
v 2.62139034 41.57030869 0.21605380
v 7.34616137 37.89206696 6.36059523
v 7.62878036 38.92930222 4.45398569
v 6.38736582 33.41352844 5.31152725
v 2.82983780 32.76968765 7.68761253
v 2.93232942 32.46300507 7.63786411
v 3.05296612 31.89497757 7.28751183
v 3.45621967 31.92880058 6.97568941
v 5.65100193 33.30763245 6.20389605
v 5.33916664 32.09552002 5.83493185
v 5.65988588 32.55714798 6.04095554
v 1.77915370 30.91624832 6.96329212
v 5.36862755 32.46388626 6.19357347
v 5.47707319 33.07034683 6.47552824
v 11.58997631 -23.43251610 -15.01305485
v 11.58155155 -23.63088989 -13.97784328
v 10.97168255 -23.81573105 -16.80758667
v 10.98412323 -24.59131050 -18.16908836
v 10.13505459 -26.21402359 -17.13695717
v 9.54908180 -25.46582794 -19.09984779
v 17.39649773 -18.00662994 -10.81364632
v 17.36500549 -17.86697197 -10.34296131
v 10.13299751 25.62506485 -7.26074076
v 10.38348389 24.50667191 -7.48161888
v 9.38587093 27.99323273 -5.38660145
v 10.13854408 27.08022118 -6.37531424
v 9.82256413 27.64832878 -5.93627787
v 10.19055367 26.05888367 -6.69638872
v 16.29640770 -17.63705444 -12.17051315
v 16.74592209 -16.24953842 -12.39379597
v 15.52945042 -18.52776337 -12.35272026
v 14.72089100 -19.50273132 -12.03243542
v 14.13782692 -19.91243553 -11.52562428
v 15.92609406 -16.54117584 -9.40211773
v 16.54249191 -16.41331291 -9.87970161
v 16.31294250 -15.36125088 -9.67195320
v 15.81698036 -15.85131454 -9.05476475
v 15.76063251 -17.56285477 -9.45646381
v 14.25399780 -19.38466644 -10.61184883
v 16.62356377 -17.63858032 -9.58413982
v 17.11181259 -17.33425140 -9.86332321
v 8.14670277 -27.27406693 -23.01509666
v 8.16347504 -26.95320129 -5.58779287
v 8.66417694 -26.48386002 -6.76253128
v 1.02868247 -20.19548988 2.37259436
v 2.15747380 -20.97895432 2.35155630
v 2.21964002 -21.87985611 1.50078940
v 3.02696157 -21.28204536 1.82607722
v 3.07288194 -20.61072159 2.28949523
v 18.48595047 -0.67795932 0.54799169
v 18.09215164 0.00947900 0.38263574
v 18.53903389 -1.45629084 0.51692164
v 18.99370956 -1.45702803 -0.06508915
v 18.92661858 -0.65025961 -0.00810981
v 18.48163223 -2.25895166 0.34840602
v 18.92008972 -2.28254390 -0.21580529
v 19.17970848 -2.24420667 -0.83015001
v 19.26839066 -1.45586956 -0.71218908
v 19.19782448 -0.68248820 -0.64035928
v 6.52576685 44.51992798 30.65920258
v 6.25308752 44.02859879 28.92759895
v 7.10925198 52.21392822 31.47250175
v 18.16487694 -17.44505119 -34.12696457
v 18.25840378 -17.47862244 -33.37622452
v 18.01987267 -17.40176392 -32.61345673
v 17.71575546 -18.05897331 -33.23522568
v 17.65922356 -18.21759033 -34.09470749
v 15.21961784 -17.33696365 -33.32301331
v 15.71687126 -17.86586761 -32.89635086
v 15.90911007 -18.23660088 -33.95668411
v 18.75894547 -16.88223648 -33.20035172
v 15.00578785 -16.84966469 -33.14080429
v 19.71687889 -16.39048576 -32.24103546
v 20.60540390 -16.09400368 -32.58786392
v 19.12696838 -16.70079231 -32.46706009
v 19.99155807 -16.91009331 -33.15702438
v 21.12848663 -15.38621140 -32.78091812
v 19.20474815 -16.95480347 -34.05702972
v 21.12219429 -14.66770363 -33.17811584
v 19.70963860 -16.64444351 -34.36583328
v 12.26725197 -14.78155613 -33.05952454
v 12.17667389 -15.58858871 -32.62035370
v 11.99620438 -16.03605080 -33.81644821
v 11.94080544 -15.79791641 -33.23127747
v 14.10873222 -17.15615273 -34.03946686
v 14.29528427 -17.13598251 -33.29539108
v 14.16792297 -16.88586998 -32.53151703
v 13.47076893 -17.24804497 -33.09730530
v 13.25591087 -17.30671120 -33.91629410
v 13.66603565 -16.57282448 -32.23834991
v 20.87922859 2.83496571 -33.97392654
v 22.41447067 3.36838984 -33.07679367
v 21.58704567 3.46402264 -32.71115494
v 21.28723335 3.01567888 -33.22861862
v 23.10080338 3.67811632 -33.45803452
v 22.64696884 3.24376726 -33.61923218
v 18.16503525 4.12723684 -34.33645248
v 17.23751450 4.86867905 -34.29039764
v 18.20676804 3.88502860 -33.93029404
v 17.51577568 4.29045963 -34.10434723
v 16.98226547 6.30796003 -32.83953094
v 16.84911156 6.36938953 -33.43613052
v 17.04250717 4.95897961 -33.78758240
v 25.71645546 5.56062031 -34.11985397
v 25.83789253 5.87232113 -33.51409531
v 25.76761436 5.24204683 -33.26845932
v 25.69818115 4.78110361 -33.81692123
v 23.61064339 3.57313633 -34.16050720
v 24.55643654 4.02644348 -34.41061020
v 24.90732384 3.97049403 -34.08516312
v 23.67412567 3.54504180 -33.64724731
v 16.78720856 -18.38094521 -34.19128799
v 16.93997955 -18.31685638 -33.54345322
v 16.49725723 -18.12648582 -32.88213348
v 17.53583908 -18.06381989 -34.44406128
v 16.45655060 -17.78308296 -32.47911835
v 17.42704201 -17.74342918 -32.49381256
v 12.30774784 -16.54233551 -33.28904724
v 12.51702309 -16.78710365 -33.96537399
v 12.80052471 -16.65637207 -32.65982437
v 12.97033024 -17.16384125 -33.33849335
v 13.34938526 -17.07221031 -34.27786255
v 12.75104904 -16.57077217 -34.27849579
v 12.77132416 -16.02941513 -32.25652313
v 12.24834633 -15.96569538 -34.18802261
v 20.11017799 -17.00490952 -33.95863342
v 20.55674362 -16.64428711 -33.43333817
v 20.99962425 -16.13472366 -33.91360855
v 21.10426140 -16.01277351 -33.40842819
v 21.07350731 -15.78011703 -34.26069641
v 24.96911430 3.96517205 -33.76173019
v 25.18058777 4.48975611 -33.21646500
v 25.51410484 4.71053791 -34.35622406
v 17.42225075 4.84498167 -33.07871628
v 17.12118530 5.47686243 -32.92657852
v 8.14804554 -26.66980553 -6.97001600
v 1.11294019 -26.88740158 -2.46432996
v 0.92196465 -27.84246445 -3.83058357
v 7.25217438 -25.56492233 -4.56516695
v 1.77023005 -27.36501122 -2.41327500
v 6.69733667 -26.77270508 -6.01821899
v 7.27402878 -26.85828018 -5.73271656
v 13.08149719 -25.32602692 -9.40019512
v 13.30888844 -25.63359451 -9.97275352
v 13.44017220 -24.93999290 -9.71471405
v 13.40446854 -25.56344795 -10.48240757
v 13.56287289 -24.89965439 -10.25491142
v 7.90359259 -25.36338806 -4.45302486
v 8.11760712 -26.26397324 -4.57159138
v 15.39558601 -20.09316826 -4.92455244
v 15.25329494 -20.63283920 -5.13930464
v 15.55672836 -20.65453720 -5.50393009
v 15.70470619 -20.09264183 -5.26674461
v 15.00336552 -21.08772659 -5.46464491
v 15.28636646 -21.12195587 -5.82979727
v 15.44361210 -21.02958870 -6.22475576
v 15.71755600 -20.58028412 -5.90931559
v 15.85974121 -20.03882217 -5.67023420
v 14.48159885 -18.28446960 -4.94024563
v 12.38400078 -29.31508064 -12.42855263
v 12.15292454 -34.28607941 -7.95909739
v 9.14112949 -29.99546051 -8.14262199
v 8.80017471 -30.02658463 -7.75959063
v 9.04633904 -29.39017487 -7.98047781
v 8.33041096 -29.82241821 -7.40999985
v 8.40850735 -30.42991638 -7.61585188
v 8.98914909 -20.21123505 0.18147025
v 8.96081734 -19.47418976 0.30880484
v 8.84538364 -20.83189964 -0.17683606
v 9.43582058 -20.82610703 -0.48132271
v 9.58695793 -20.17953300 -0.10384774
v 8.69161320 -21.36188126 -0.65647358
v 9.22917843 -21.37683678 -0.95116526
v 9.69249058 -21.27888680 -1.31831861
v 9.93820763 -20.75185394 -0.89745092
v 10.08650112 -20.13350677 -0.53377318
v 17.12434578 -17.93501091 -9.91040230
v 19.63114548 -10.16925907 -15.22003937
v 19.65971565 -10.37105560 -14.67844677
v 19.53606796 -10.98442650 -15.31032753
v 12.74783707 -25.17275620 -16.86267090
v 12.57144833 -25.51268387 -17.43325424
v 12.55441284 -25.74423409 -16.98142242
v 12.33565807 -25.60357475 -17.93801117
v 12.48763847 -25.06932831 -17.81641769
v 19.11240768 -8.97651005 -14.35563374
v 20.98685455 -2.59163833 -13.84850693
v 20.93342972 -2.73556113 -14.41909027
v 20.71704483 -2.85573387 -14.95404816
v 7.70492840 -27.85237694 -23.68668365
v 7.47503614 -27.26087379 -23.73426437
v 8.19059563 -28.35575104 -23.20933723
v 1.87960732 -31.48111153 -5.81818533
v 3.70033932 -31.26449013 -5.79593611
v 3.18086362 -31.29071426 -5.58566046
v 3.55546856 -30.64445686 -5.63252878
v 2.57718277 -31.06874657 -5.39060354
v 1.59615862 -30.80438995 -5.80225563
v 2.70709777 -31.69167709 -5.59050512
v 5.24248075 -41.31071091 -9.04870892
v 5.77039576 -41.50518417 -9.24992657
v 14.51730347 48.48910141 26.60724449
v 14.30834389 47.48854065 26.85464668
v 13.82870674 47.16151428 25.16432953
v 14.02723885 48.13732529 24.90892410
v 13.28850842 46.45912170 25.43153191
v 12.43987465 46.32230759 24.26882744
v 13.04531956 46.94002151 23.92510796
v 13.20267105 47.85295486 23.63673592
v 14.26179123 47.84294891 28.44396019
v 14.45895481 48.80180359 28.21214485
v 14.34088898 49.47491837 26.42672157
v 13.86472702 49.09765244 24.73598480
v 13.08460426 48.76736450 23.51024437
v 13.83586788 49.90789795 29.24798965
v 14.29517841 49.74717712 28.03330803
v 12.14702606 46.83048630 23.44736671
v 12.28699970 47.74194336 23.13666534
v 12.18704891 48.65814209 23.02723694
v 12.39748192 46.15684509 25.58224869
v 9.93610096 -30.45319176 -22.67040253
v 8.64990616 -30.33733749 -22.10166359
v 9.19589615 -30.31806374 -21.26214027
v 8.99588966 -30.82097816 -22.89305496
v 9.67753506 -30.45413971 -20.47422409
v 10.03141785 -30.86531830 -19.89442635
v 9.44698429 -34.61594772 -22.95698547
v 11.18169498 -33.70590973 -22.24927330
v 10.42869377 -34.74517822 -21.44045067
v 8.99294090 -32.11138535 -23.54394722
v 9.18852425 -32.91678619 -23.59060478
v 9.53819370 -31.25221825 -23.53215027
v 11.07884789 -32.42798615 -7.60700512
v 12.55262184 -32.50813293 -23.28590775
v 12.92514706 -31.81227112 -23.45673943
v 12.91471958 -31.18770981 -23.36163330
v 12.74609947 -31.77877808 -23.94912148
v 9.58342934 -34.88710022 -7.25780916
v 10.81764889 -33.11952972 -6.43413639
v 11.32772446 -32.96228409 -6.75084019
v 11.01934052 -33.79769897 -6.40991211
v 11.61135674 -33.67847443 -6.72872257
v 11.13540554 -34.46818161 -6.59959745
v 11.73332024 -34.38360977 -6.90113544
v 12.14365578 -34.27428436 -7.28819466
v 12.04654884 -33.60885620 -7.16170263
v 11.72089195 -32.93163681 -7.18561077
v 12.36514854 -31.74718094 -24.32512283
v 12.75526237 -30.63845444 -23.22503090
v 16.93102646 -19.81623650 -20.83638763
v 19.73657417 -14.19441128 -23.59926796
v 18.13421440 -17.94163322 -22.02680588
v 17.86264038 -18.01055336 -22.91189384
v 18.75971031 -17.70767212 -22.72580338
v 19.13686943 -17.39399529 -22.53093147
v 19.49475479 -16.87096596 -23.15773010
v 10.00487709 27.58473969 -7.03415728
v 1.04421747 46.25850677 10.67027664
v -0.53316760 44.48877716 8.37206554
v 0.12491219 44.17236328 6.20158482
v -1.39846897 43.75878906 8.80612469
v -0.00826780 45.07159042 16.47338676
v -0.36437550 45.31750488 14.55561447
v 0.16198562 46.39150238 14.83571911
v 1.95383322 48.05001450 15.70270538
v 2.49008131 47.47660065 12.83666325
v -2.24926186 42.16033936 8.06031227
v -2.01813245 41.84089661 9.69027996
v 1.01456928 48.65424728 22.47397804
v 1.48849308 49.34479141 22.45712662
v 1.16175711 48.14364243 20.15188599
v 2.59911609 49.64427567 20.80888557
v 1.52222252 48.20999527 18.03638268
v 1.34722948 44.41223526 5.62742090
v 0.69017673 47.07441330 22.93413162
v 0.69449496 47.90866852 22.71937943
v 0.92483473 47.68296432 21.25697899
v 0.91419715 46.87893295 21.51449203
v 0.81287712 47.19858932 19.64007187
v 0.79223400 46.40287781 19.94835091
v 0.68391001 46.82664108 13.89611340
v 3.59414816 50.01269150 20.40982056
v 1.94442654 49.25803375 32.78771973
v 4.13962221 49.31411362 33.70800781
v 3.79265428 50.26388550 33.18367004
v 0.93473500 50.30896378 31.91580200
v 4.30612993 51.14782715 32.57423401
v 4.63694382 52.28014755 30.81910706
v 2.57291722 51.18203354 31.39645767
v 1.69248247 50.20732880 24.45000839
v 5.69956636 48.58084488 34.38763809
v 6.04328537 49.51788712 34.54685593
v 5.48665762 50.18531418 34.19223785
v 4.88175869 47.40098953 33.65369034
v 4.13042259 47.95638275 33.62033844
v 0.06266674 47.19100571 24.11837387
v 0.07098719 48.06180954 23.91763115
v -0.80518860 47.17004395 24.99497223
v -0.80687380 48.08361053 24.84741592
v -0.42329013 49.06321335 25.08986664
v 0.45267504 48.85467529 23.71267319
v 3.44203663 46.10989761 32.33205032
v 2.97356319 47.48727417 33.17124176
v 1.51695645 46.93496704 32.54004669
v 1.84890580 45.90178299 31.10154343
v 0.50164992 45.69647980 29.49244308
v 2.11071229 45.01529312 28.08227921
v 0.26678127 45.43349075 27.63834953
v 0.17936380 45.46877670 25.80879593
v 5.18048573 44.67601395 30.84099007
v 3.06158614 41.38816833 17.81957817
v 2.14470339 41.82481003 17.80865097
v 1.08903205 39.68099976 13.76056290
v 2.10728765 39.18893433 13.79416084
v 0.45417589 42.84440613 16.52745819
v 0.01242802 43.81871796 16.15914536
v -1.23474538 41.86185455 12.01858521
v -0.76679868 40.82933044 12.51180935
v 0.60960519 38.75827408 12.36167240
v 1.68462944 38.25357056 12.48479462
v 0.16030046 37.45691299 11.13624859
v 1.10072291 42.02033997 16.76998901
v -0.17885035 39.61388397 12.51021671
v -1.58330941 39.12342453 10.26470661
v 4.11836338 43.36617279 22.61663818
v 3.03393912 44.06901550 24.12337685
v 2.94644260 43.55828094 21.47062683
v 1.46545386 45.31321335 23.25346756
v 0.95569414 46.17264175 23.12034035
v 1.14664340 45.99096298 21.75799751
v 1.59931839 45.12553024 21.95821571
v 1.00424767 45.51269531 20.25367928
v 1.42774844 44.63673019 20.52014542
v 2.19596887 44.58975601 23.33014297
v 2.14857411 44.13950348 21.39505768
v 0.51671094 47.72177887 32.73057556
v -0.47700447 46.25258255 25.21267319
v 0.36515224 46.27922821 24.30121422
v 0.95927507 45.44465637 24.45266724
v -0.28400147 46.82485199 32.16315079
v -0.20137614 46.22045898 31.23341942
v -1.14253581 46.39213562 31.24005508
v -1.61753917 45.96452713 29.75016594
v -0.62719399 45.75430298 29.64863586
v 4.17869997 43.69853210 25.36691666
v 1.80627668 44.78228378 24.50438118
v -1.29936063 48.25202179 32.07936859
v -0.99676979 47.37521362 32.17615891
v -0.81145531 49.95887375 28.78925705
v -0.91746217 50.05545425 30.53239441
v 0.21306692 50.37036896 30.39989853
v -2.26116347 49.38328552 29.12623787
v -1.75730181 49.63837814 30.64824867
v -0.85010856 49.80541992 31.62005806
v 4.67986250 52.29420853 27.85950089
v 3.41412616 51.77404785 28.17475510
v 1.63316631 50.81552505 28.66730881
v -1.00056136 49.56354523 26.96649933
v -1.89395738 48.75640869 26.04292679
v -2.36480045 49.02498245 27.39884758
v 4.00182438 51.14585495 23.30597115
v -9.17280102 -36.95806885 -17.54085922
v -9.20453262 -36.57778549 -15.42686653
v -7.84706736 -40.98363495 -18.08722305
v -6.45897102 -43.73856354 -17.15898514
v -7.39586020 -42.07059479 -18.38231468
v -8.47669983 -39.11831665 -16.73515892
v -8.76574707 -37.61239243 -15.19747448
v -7.59072447 -41.58776855 -17.11655045
v -6.46288919 -44.13282776 -14.31715202
v -7.29985905 -40.84968948 -14.05597210
v -7.22384262 -41.73468018 -13.73254681
v -7.83281612 -39.79522324 -13.31431293
v -8.25323296 -38.36862946 -13.86692810
v -7.18297911 -42.09078217 -15.10725307
v -8.09565449 -39.38916016 -14.59172821
v -8.40647316 -40.43479919 -17.06645012
v -7.48837280 -42.05016708 -15.72109699
v 0.80139041 -45.25625992 -26.24338913
v 2.34070802 -46.09460068 -26.49973679
v 1.44726932 -46.87364197 -26.02148438
v 1.63836658 -47.65288162 -25.77853012
v 2.18415976 -43.69185638 -26.75805283
v -0.87836128 -45.82284927 -25.13821030
v 0.16014250 -47.05013657 -25.48271942
v -0.55496925 -46.65449524 -24.80032349
v 0.72956723 -47.69944763 -25.35991287
v -3.80284429 -45.46501160 -22.55415535
v -2.69096375 -44.57577133 -24.07416534
v -2.46820068 -45.16426086 -23.32413864
v -2.22998810 -45.23611832 -23.89319611
v -0.99588770 -44.03436661 -25.52361107
v -1.32095993 -43.05781937 -25.50277901
v -3.15460229 -49.01842117 -20.14837456
v -1.74853373 -50.27466965 -21.67328644
v -1.07970452 -50.98141479 -21.50007057
v -2.04760289 -49.30562973 -22.35771561
v 2.81501365 -52.58633423 -20.84892273
v 1.77444625 -52.21894073 -22.06438255
v 3.82930636 -52.27612305 -22.55023193
v 2.64227200 -51.74211121 -22.91859627
v 2.13569498 -52.23258972 -17.79154205
v 2.76652598 -52.47330856 -19.08847427
v 3.90097833 -52.60691071 -19.78362656
v -3.10528183 -42.61105347 -24.72753143
v -0.89550900 -41.95915604 -26.13074684
v -2.85855126 -40.61435318 -25.41710281
v -4.51794291 -43.90710831 -22.92573166
v 1.27281284 -47.91398239 -25.28052330
v 2.09285855 -47.93205261 -25.08381081
v 2.77639985 -48.05401230 -25.36754990
v 0.75410074 -47.07263565 -24.68124771
v 1.18802190 -46.48440170 -24.28514481
v -0.33244967 -45.27165222 -22.94904709
v 0.66573209 -45.31785965 -23.42877197
v 3.80666852 -48.04510117 -23.05542374
v 0.02306558 -46.27606201 -22.86907768
v 1.47497892 -50.60958481 -23.15154266
v -2.04184628 -50.31958771 -19.54477501
v -0.96466625 -51.16894150 -18.92141342
v -3.34042692 -46.96206665 -22.16823387
v -3.85463977 -47.36484146 -21.10437202
v -0.31530520 -50.14022827 -22.94386292
v -1.77678645 -46.44729614 -22.82254219
v -2.56672955 -45.68913651 -22.80458450
v -1.39030635 -45.55084610 -23.77070618
v 1.04728496 -52.09882355 -19.09082985
v 0.30106366 -51.84795761 -21.57157707
v 0.25882944 -51.61269760 -22.39172173
v -0.00327815 -51.79677200 -17.52731133
v -1.25634956 -51.23787308 -17.84313965
v -1.35760391 -51.02578735 -17.02044487
v 3.78436017 -52.40694427 -17.23311615
v 3.76328254 -52.33423996 -16.70127296
v -4.52253771 -46.25428009 -21.38261604
v -2.86036801 -49.87011337 -18.70463943
v 1.36479211 -41.01417160 -27.01676369
v -3.16769433 -48.90210342 -16.18986511
v -3.20853710 -49.47101974 -18.14397049
v -0.78334743 -48.69831085 -13.74248028
v -0.37102395 -50.30217361 -15.56378555
v 0.78919941 -50.06071472 -14.65865898
v 0.41115665 -51.57866669 -16.68770981
v 1.29936063 -51.49333954 -16.60519791
v -1.20696664 -50.56360626 -16.13739586
v -3.76971555 -37.35055161 -25.33020973
v 0.59488642 -38.27255249 -26.99514580
v -6.04486513 -32.11967850 -24.24019241
v -2.48363042 -31.68069649 -25.96679306
v -3.76263738 -34.38887405 -25.55328369
v -0.51954806 -33.96550369 -26.63468170
v -0.11070027 -37.38074493 -7.84936476
v -1.14011335 -37.09776306 -7.25522900
v 0.04349809 -38.11275101 -8.30497551
v -1.23880029 -38.42113495 -8.03814125
v -1.77572334 -35.83905029 -7.82304049
v -2.46780562 -36.63697433 -7.56937551
v -2.57323003 -38.25911331 -8.75602245
v -6.46455479 -39.64736938 -22.63921547
v -5.81097078 -38.30307007 -23.90767860
v -5.52936554 -42.28967667 -22.43032265
v -9.28328800 -37.75189209 -22.10166359
v -9.70195007 -36.66185760 -21.48557472
v -10.91149044 -37.00297165 -22.99911499
v -10.25383186 -35.06901932 -21.51486015
v -10.21617985 -34.67985153 -21.93041039
v -9.74552059 -34.30856705 -22.23947716
v -11.12445259 -35.04008102 -23.52066994
v -6.43970537 -34.70847321 -23.91540527
v -7.55692434 -33.17595673 -23.03516197
v -7.92939615 -36.60864639 -7.44607258
v -8.20036411 -36.25968933 -7.84613895
v -6.25572062 -35.95259476 -8.81642056
v -7.58920574 -35.46863937 -9.58674717
v -8.96287155 -36.34049225 -7.94609022
v -9.21756649 -36.71802139 -24.30990219
v -9.12535667 -37.41701889 -23.90643883
v -7.28735209 -37.24626541 -23.59776688
v -8.81247139 -37.87477875 -23.15620232
v -5.93805218 -43.85171509 -20.35177422
v -5.23996639 -45.28930664 -20.73113251
v -3.85323215 -44.15629959 -11.30098915
v -10.01931858 -34.87741089 -23.76308441
v -11.06189060 -35.46558380 -24.32385826
v -11.43936539 -35.58354568 -23.93690491
v -10.14569283 -35.88592529 -24.56315041
v -10.93276596 -36.04559326 -24.49942970
v -11.31182098 -36.20199585 -24.10204887
v -5.71710920 -45.38999176 -18.22479820
v -5.79921770 -45.15764999 -15.55615616
v -4.88650513 -46.97319794 -15.54003525
v -4.49083567 -47.39185333 -14.98598766
v 2.25432396 -51.32273865 -15.64003849
v 2.08164167 -51.98411942 -16.48742867
v 3.44772387 -50.95443344 -14.87525463
v 0.72778004 -50.41169357 -15.50166130
v -1.77799761 16.57877541 -20.74669266
v -3.97894621 15.84094048 -20.62736702
v -2.64126492 20.50345993 -18.53738213
v -2.02723289 24.77815628 -15.94695091
v -5.70339584 26.41928291 -12.96021748
v -8.29973125 14.39737701 -20.36029053
v -8.09433079 16.53622627 -19.28819084
v -8.98572636 10.06417274 -22.07431984
v -2.60820007 11.09519863 -22.78891754
v -3.51223373 4.93013477 -24.62255287
v -9.75664520 3.66955900 -23.91608429
v -11.32158947 -0.51081294 -24.23994255
v -7.14495611 -1.69084346 -25.57345390
v -13.73539066 -2.91689968 -23.65706253
v -4.05890894 0.41465372 -25.67319489
v -4.31884432 -3.24160838 -26.27052879
v -9.51254749 -6.65324640 -25.24612617
v -10.50937843 -10.97243881 -24.64268684
v -7.75471926 -13.42495441 -25.44427490
v -4.42153311 -7.73244381 -26.53296661
v -4.29788494 -13.15727711 -26.40165520
v -7.11837578 -16.98429298 -24.87745857
v -10.09085941 -18.78119469 -23.33933258
v -5.44023657 -21.77461243 -24.44945526
v -10.07986641 -21.25856018 -22.45380974
v -3.96588302 -16.69131279 -25.77090836
v -3.35714674 -20.39228439 -25.08870888
v -6.19821453 -23.62540054 -24.09237289
v -7.75716829 -23.98961830 -23.27590179
v -3.97012234 -25.61660957 -25.04099655
v -7.05827618 -27.26145363 -23.67549515
v -2.60511971 -24.54595757 -25.37891006
v -12.35714340 -25.18934250 -18.93877029
v -12.23547077 -24.16194534 -19.71724701
v -11.41564178 -23.65502167 -20.75178146
v -9.49576187 -28.00510788 -21.66199684
v -10.88547611 -28.29208565 -19.95024681
v -8.98933983 -24.76700211 -22.43739319
v -10.89653492 -22.43711662 -21.50138092
v -18.93726921 -17.64953423 -10.21144009
v -19.26902199 -17.49802780 -9.63951397
v -19.84500313 -17.11493111 -9.75541496
v -18.98596764 -17.06373215 -9.24097443
v -19.51063156 -17.25246811 -10.75140095
v -13.41910839 -27.73948479 -17.15857506
v -13.61103153 -27.61902428 -16.49499130
v -13.76606560 -27.30855942 -15.92949009
v -14.16033936 -26.18796921 -15.26671696
v -14.77134037 -24.97509193 -15.21798611
v -14.97756195 -26.78676605 -16.09882164
v -13.03312874 -26.68354988 -18.33347130
v -13.05227089 -27.43168068 -18.16182137
v -14.39581394 -26.87212944 -17.95796967
v -0.97887820 30.37561607 -12.06351852
v -7.59768724 27.09288788 -10.28004742
v -8.75122643 25.39445877 -10.59657669
v -8.03826618 28.53913879 -7.36344576
v -8.31024170 27.60280228 -7.65482140
v -7.57416439 29.89322662 -5.62331963
v -5.30157995 6.83917952 7.69092035
v -5.36156082 8.39334106 7.90569878
v -5.73774576 8.80925846 6.65836763
v -3.23681617 11.20491886 7.12863159
v -2.55087876 10.89384937 7.57372284
v -4.09625244 10.38173962 8.17390156
v -2.43462920 9.86774731 8.58313179
v -1.57941246 10.64881706 7.28240204
v -1.63768196 8.51159191 8.40561104
v -1.76664913 7.41961050 8.57262516
v -2.49608469 7.02610016 8.93838406
v -1.73402560 6.12375164 8.24673271
v -3.00531793 6.57750607 8.79980564
v -3.82949066 6.52387094 8.62497139
v -1.08069849 15.71725273 5.87071514
v -2.09643936 15.55241680 5.91373920
v -1.82923687 19.09223938 4.84611368
v -1.93957508 18.39825821 5.65723991
v -1.10801637 17.92592621 5.51023626
v -0.78886366 18.73293114 4.95951939
v -3.62539601 17.37489128 4.79117489
v -3.38774300 17.23356438 5.51493645
v -2.96734905 18.67247772 4.77952385
v -3.03454471 19.12367821 4.18634892
v -0.55783933 16.46397400 5.52552128
v -7.05560017 17.43740845 3.13189220
v -6.06009102 20.42260933 1.94901466
v -6.53650951 19.98263359 2.32954383
v -6.56203699 18.77321815 3.03846788
v -8.59633350 17.83434105 1.91755784
v -10.30894852 12.94881821 3.33213282
v -8.89815044 11.54532433 4.77206755
v -9.43192387 7.57467079 5.55469561
v -10.80024433 7.71869946 5.11781883
v -8.08790684 9.28236580 5.51951790
v -12.99684429 7.84713984 3.01581049
v -12.28994846 9.70090389 3.74121761
v -13.04118538 10.37411022 2.20051098
v -18.76968956 -1.66135311 -1.73681664
v -18.40264130 -1.47366893 -0.73894095
v -17.82492256 -1.16378462 -0.05213452
v -20.07621193 -0.53524768 -0.76137459
v -19.49022484 3.12541151 -2.62152362
v -19.65223694 2.38165212 -3.25114012
v -19.81843567 1.29072428 -3.48879957
v -20.63557816 1.25186026 -1.77815557
v -20.48770523 2.03071833 -1.66893637
v -17.30887032 -0.40896633 0.41855064
v -17.46885300 0.74549723 0.70734429
v -19.12799644 0.13734022 0.53767008
v -13.64102268 -2.03229809 3.22812700
v -13.80579853 -0.61904472 3.69904923
v -14.66882229 0.16921337 2.10327220
v -9.61307812 -0.68780696 6.01887703
v -10.46416092 -1.91985345 5.65893841
v -9.72608852 -2.97524834 5.29065275
v -13.62983227 2.53633094 3.21863484
v -12.28145695 1.68002152 4.82412767
v -11.99825859 -3.07261872 4.27650452
v -12.97296333 -2.60009050 3.75102568
v -12.32828522 -2.02945447 5.02818966
v -1.94224763 0.71208376 8.45347977
v -2.77550459 -0.03391376 9.09952641
v -2.43037677 -1.05361748 9.14686966
v -1.40952766 -1.49167907 8.49013233
v -3.89323711 1.18398011 8.32435513
v -3.05192304 0.80171299 8.67268181
v -4.69876146 0.06370021 8.91571331
v -2.50498438 -3.32494450 8.43649673
v -3.79865766 -3.43338704 8.45433617
v -5.72063065 -3.07019639 7.51642799
v -5.88755369 -1.68939519 8.11261749
v -6.44709110 -1.07281244 7.10114241
v -18.53302956 -10.86630726 -5.21861219
v -19.22204781 -10.48556709 -4.18603277
v -19.19861412 -9.83277988 -4.84203243
v -19.46590805 -10.54677296 -3.55079484
v -19.84213448 -8.98035431 -3.98702669
v -17.04809189 -6.93999910 -1.30115116
v -18.13586044 -7.66387892 -1.34591305
v -17.32124519 -8.16115856 -1.14806521
v -19.12157059 -8.34204960 -1.27826989
v -18.10249901 -9.27538872 -1.24812138
v -18.60449028 -6.50580835 -2.50614309
v -18.54956627 -7.19803858 -1.74940264
v -17.58807945 -6.30322075 -1.87336695
v -19.79152489 -7.84977293 -1.94624996
v -16.68567848 -11.30581760 -2.34921288
v -18.33697319 -10.64802647 -1.96810424
v -18.45490837 -11.03166294 -2.53031445
v -18.86708641 -11.06615639 -3.11748600
v -13.99341774 -7.19289112 1.60249126
v -12.62175274 -8.21467495 3.13565397
v -12.06292629 -12.71081638 1.61595929
v -13.22530174 -11.74965858 1.50064456
v -12.15081787 -11.89772797 2.77292418
v -13.98009396 -11.97292805 -0.15358619
v -14.52728271 -9.13915443 0.64536208
v -13.99000740 -8.79970074 1.57856989
v -10.44022655 -8.64695644 4.10585642
v -10.63770580 -10.11826897 4.00344372
v -9.46710110 -10.54328442 3.81571984
v -4.41890049 -8.74127293 6.76353168
v -3.53897262 -9.71531963 7.12980318
v -5.27986383 -10.14756870 7.02339458
v -2.51836038 -9.10163307 6.84352398
v -2.78472042 -13.78944778 5.22686672
v -4.53622961 -13.39422607 5.69552469
v -6.27947092 -12.98094177 4.86091185
v -6.40323782 -11.74272060 5.80983877
v -6.98128557 -10.93360806 4.93698072
v -2.52299452 -11.41335106 6.53566694
v -2.90518260 -12.46438789 6.19439650
v -3.65636730 -11.65738297 7.17697430
v -17.43109703 -18.45417976 -7.18405390
v -16.25080299 -19.58382988 -8.59282112
v -17.09222221 -19.58572578 -7.40162659
v -18.18380928 -18.07298279 -6.15708637
v -15.61120701 -19.96659851 -5.81947565
v -15.41117287 -19.30151367 -5.22709036
v -15.60696793 -18.42402267 -4.63138819
v -17.33941269 -19.24221802 -4.64318419
v -15.95237064 -20.33198547 -7.26749849
v -15.87772465 -20.25120544 -6.39995956
v -17.60366631 -20.04134941 -5.82958651
v -17.48096657 -15.90418720 -6.62519121
v -18.20155525 -17.40537071 -5.70672846
v -12.99887276 -17.52446365 -1.27213478
v -13.14263725 -18.05855370 -2.03593183
v -12.99718761 -18.94921112 -2.60430336
v -13.03842163 -19.43295670 -1.15138280
v -9.52408123 -19.64544296 -0.59470212
v -9.93420601 -18.83696365 0.04441966
v -9.80350018 -17.51098251 0.26941434
v -10.79316044 -18.62565994 0.37457857
v -10.86725521 -20.12518692 -0.06003368
v -10.94998550 -21.34523964 -3.05076432
v -10.43622398 -21.33217812 -2.38665485
v -9.91917133 -21.10371017 -1.95022583
v -11.74480057 -21.18041039 -1.52738333
v -3.57842898 -21.98085976 -0.05863815
v -3.17341208 -21.34376526 0.50354570
v -3.05866361 -20.54184151 1.29109287
v -3.88138843 -20.86844635 1.92863476
v -4.88632059 -18.35824776 2.42725658
v -5.71999884 -18.64027405 2.11529207
v -6.29745436 -18.88717651 1.63017786
v -5.15520811 -19.86725235 2.59903717
v -5.97977638 -21.76987267 -0.75734597
v -5.41509104 -22.13642120 -1.06607187
v -4.73607826 -22.30730438 -0.96980727
v -5.31714106 -22.21414757 0.50033337
v -6.58674812 -19.40214920 0.93552488
v -6.55915403 -20.25162697 0.26804513
v -6.23312902 -20.71198845 1.45860791
v -13.69036579 -27.07334709 -11.22482491
v -12.85426521 -27.04991341 -10.88695049
v -14.20962429 -26.83548355 -9.99464703
v -12.64520073 -26.78924179 -10.31031132
v -15.44508648 -27.00420380 -10.52464294
v -14.10988998 -24.55459213 -8.90091515
v -14.32208920 -24.05101967 -9.17446327
v -14.93319416 -24.09562492 -9.69854736
v -15.66868591 -25.28134346 -9.20032024
v -11.26237202 -26.93521881 -5.09528017
v -11.65369701 -26.85762215 -5.47196484
v -10.89685154 -25.48356056 -5.13456535
v -11.52490711 -25.71041870 -5.84448338
v -13.42912674 -25.52332115 -9.22655869
v -15.21911812 -26.01301575 -9.06598186
v -4.23525143 24.51899338 2.93974161
v -4.63217783 24.95410728 2.95249867
v -4.52627659 23.86344147 2.73606133
v -0.69968206 24.61310005 4.71933222
v -0.72245800 23.94040680 4.87276030
v -1.00952530 23.06580162 4.67560387
v -7.44034910 26.10295105 -0.54085279
v -7.42932653 25.19076538 -0.91051090
v -8.19624329 25.71451378 -2.16474080
v -8.25665283 26.07811546 -1.50420582
v -8.34331322 26.24372482 -3.05624127
v -18.69185638 -17.20618057 -11.39207649
v -18.23338890 -17.79219437 -11.00027752
v -17.91405106 -17.94543648 -10.47672081
v -19.57766914 -14.93653870 -10.06243515
v -19.79615974 -15.34126568 -10.69842339
v -19.70532036 -15.84215260 -11.17548084
v -20.15130615 -15.82129860 -9.81319046
v -18.20368767 -17.56253815 -9.76632214
v -17.95933914 -16.92044067 -9.26056480
v -21.82329750 -8.77402782 -11.06336594
v -22.50253296 -7.80871010 -10.30594063
v -23.19827843 -8.88993549 -9.99571323
v -21.48932076 -6.67880011 -11.02039433
v -20.59976959 -6.59254122 -8.06126022
v -21.67679405 -7.37645483 -8.22177124
v -20.99641228 -7.69110441 -7.88021088
v -22.69560242 -8.04098511 -8.26134586
v -21.78422356 -8.70909691 -7.99967241
v -20.12655640 -10.44923115 -8.49223900
v -21.88080978 -9.89686203 -8.53345871
v -21.50311852 -10.37687492 -8.97408772
v -20.27706146 -10.96088696 -9.11058521
v -22.82617569 -10.04195023 -9.18589115
v -21.67595100 -10.52737999 -9.49680233
v -20.49897575 -11.16099930 -9.81371689
v -21.20726776 -6.02685547 -9.51597118
v -22.13831711 -6.96833086 -9.26203918
v -21.91176796 -7.06701803 -8.67223454
v -20.89698792 -6.15429497 -8.68940163
v -23.06789017 -7.72180605 -8.97556210
v -12.73809433 20.75701523 -5.27875137
v -12.44419289 21.76317024 -6.74453115
v -13.91517639 21.37852097 -6.94115782
v -15.52930546 20.03203583 -6.09417248
v -17.63593483 18.12682915 -5.75511026
v -15.56889343 18.65862656 -5.04201317
v -20.99438286 7.24470901 -10.19966698
v -20.02994919 8.92438221 -7.44944906
v -18.85600090 8.00196362 -4.69681931
v -18.22211838 12.03549004 -4.48788643
v -10.65871716 21.89275742 -3.82206559
v -10.87364006 21.93274307 -2.92223501
v -10.92465591 21.97632980 -1.97868919
v -10.19946003 22.00260925 -2.10333800
v -9.43076515 22.25912094 -2.38481188
v -15.39455509 21.38857079 -7.96944237
v -15.97791195 20.93171692 -7.29896355
v -18.27995682 16.41093826 -5.30237961
v -17.58974457 15.15633583 -4.57779217
v -14.07157898 -23.83495331 -17.06799889
v -14.26591206 -23.17971611 -18.36114502
v -15.01205444 -23.19342041 -15.86279488
v -15.57594967 -22.63433075 -17.39852524
v -17.25410271 -21.69480324 -17.21123505
v -16.36768341 -21.93537331 -14.87068558
v -17.14801598 -20.82215691 -13.90690804
v -15.16419220 -22.75129128 -14.03124142
v -15.82666969 -21.22011757 -11.64200592
v -18.10421562 -18.25935364 -12.25203419
v -19.45891762 -19.18924141 -15.92261791
v -19.90472794 -16.91012001 -14.85145760
v -20.49012756 -17.48209763 -16.61974716
v -19.17997169 -16.06032753 -12.31743813
v -20.13656235 -13.63112164 -12.70586586
v -12.91862297 -21.66820335 -20.62259102
v -14.20354843 -21.28976059 -20.38201523
v -14.31663799 -22.44504166 -19.23492432
v -13.77928352 -17.27618027 -22.34206200
v -13.85198307 -13.81906891 -22.81753922
v -14.03829765 -14.88919640 -22.81711769
v -11.81810474 -19.38263702 -22.41110039
v -14.76818752 -8.43405437 -22.99100113
v -15.77013779 -4.73355055 -22.65364456
v -14.72510433 -11.74585342 -22.64207268
v -16.43353653 -9.24797821 -21.83862305
v -14.41798401 -13.00345325 -22.91654205
v -20.43372726 -2.00765276 -18.63603592
v -19.20388031 -3.84844875 -20.09274864
v -19.98721504 -5.84559584 -19.43132401
v -17.89972687 -4.12120724 -21.23359680
v -18.40697289 -7.53270674 -20.84749413
v -20.03684235 -9.07978535 -19.37036514
v -20.81805038 -7.51210976 -18.03427696
v -20.75634384 -12.73062992 -16.91197395
v -20.56532860 -10.79363537 -18.58274269
v -21.65765953 -6.34326124 -16.22701836
v -22.14208221 -7.36850262 -16.19084740
v -21.30858803 -10.40568066 -14.45239830
v -22.09489059 -9.41715240 -14.65040398
v -22.36860275 -8.80391312 -16.20003700
v -21.36519814 -10.55902958 -16.08694649
v -21.79349136 -10.02141190 -16.10724831
v -21.43376160 -10.87678719 -15.28473377
v -22.30688477 -9.87709427 -15.67848110
v -20.69938660 -12.68495941 -15.54591656
v -8.62895107 21.08874702 -15.73552322
v -9.57979679 17.57775688 -17.99166107
v -13.58836079 15.20642662 -18.45677757
v -13.15359116 17.27353287 -16.34112930
v -12.43200779 16.36074448 -17.50615692
v -11.26017284 17.75381088 -16.75311661
v -12.52713394 14.21044731 -19.33076668
v -13.35154438 19.84446335 -13.04281807
v -11.54656029 22.56858635 -11.04783726
v -13.30493927 21.13280487 -11.45347881
v -12.15421104 22.43426132 -9.33184910
v -9.81066227 24.45520592 -9.23174858
v -8.84554863 25.79341316 -8.31084061
v -9.15060806 24.64308929 -5.47159624
v -10.62139988 23.37813568 -7.07073021
v -14.55103970 12.58429813 -20.10449028
v -15.26632881 9.42657852 -21.29939842
v -12.62971783 18.44304466 -2.02866459
v -12.76410866 19.32526398 -2.18912292
v -12.29316044 19.55989456 -1.55605733
v -12.79981327 19.71084976 -2.60209155
v -13.07554722 19.00624275 -3.06498289
v -12.46338749 20.41384888 -2.95615196
v -10.90317059 22.46965981 -5.48412991
v -10.61159229 20.17578125 -1.00391853
v -11.09454060 20.86770821 -1.01909816
v -11.49318504 19.30830765 -0.98602694
v -11.27095509 18.42423248 -0.84236735
v -16.72917557 13.77122688 -1.64760864
v -16.39768791 13.88938522 -0.58571023
v -21.98349190 -0.15176937 -10.74634552
v -23.34915352 0.76790458 -9.85205364
v -23.25233650 1.29993987 -10.20530510
v -23.49802589 2.18459415 -10.03800106
v -22.02677917 2.05252004 -11.17037296
v -21.73322105 1.91615415 -6.85018587
v -21.82519341 0.95100731 -7.07923508
v -22.73933792 0.65399855 -7.55365896
v -21.05560303 -0.28405410 -7.47682667
v -22.19740105 -0.45757252 -9.04976177
v -22.63685799 -0.08852335 -9.72340298
v -23.85707092 0.74346977 -8.56796551
v -21.86595345 4.35812950 -8.64932632
v -22.20573616 3.72855258 -7.55484438
v -23.57670212 3.55525804 -8.28011990
v -20.79303551 3.91093111 -7.09113646
v -22.50296783 -0.17046407 -14.81741905
v -22.40377998 0.87485927 -14.33925629
v -22.38082123 2.17885423 -14.14140892
v -23.40302658 1.69316053 -15.11279488
v -21.82032204 3.33371258 -17.44004822
v -21.57311821 1.61722326 -17.70183945
v -22.95419502 1.45299947 -17.24654579
v -21.88796425 4.29925442 -14.20207405
v -22.21456909 4.31700134 -15.07351017
v -22.84713554 3.56779146 -14.92490005
v -22.13573647 4.32189846 -15.90250206
v -23.21481514 3.42128801 -16.10008621
v -23.25420570 3.45614982 -15.50469971
v -19.47183228 1.83545756 -19.91552925
v -16.52387619 1.26626313 -21.96672058
v -17.78218842 0.66690052 -21.22769928
v -19.98679352 5.64948559 -19.71137619
v -15.70160007 5.60898924 -21.89586258
v -14.92389965 7.24000978 -21.78769684
v -17.22914124 7.14895868 -21.33870888
v -16.63712311 8.50213909 -21.43081474
v -15.52484322 2.94538951 -22.32407761
v -18.35703659 6.30869770 -20.96965981
v -17.50203133 8.72347355 -0.70639634
v -18.20532036 9.76293850 -1.27483380
v -18.22738457 10.37445259 0.16514529
v -17.99715042 9.12975407 -2.57133746
v -14.97068882 13.29735565 0.45098990
v -15.89508915 12.03414726 0.99919218
v -20.55288696 10.55571842 -8.09200096
v -19.47055626 12.19880486 -5.89453125
v -15.21990776 13.82033348 -0.04742134
v -16.40387535 19.87391472 -23.35943604
v -16.53206444 19.18086624 -21.63029480
v -15.70608902 16.28047943 -21.92992401
v -15.88858604 18.74111366 -25.07814407
v -15.76294899 15.94232655 -23.17343521
v -15.65735054 16.83165359 -20.63390541
v -15.96385193 17.54131699 -19.61579514
v -22.31454659 23.11705017 -27.69164276
v -22.99711418 22.58598900 -26.26768494
v -21.39458275 23.30079651 -26.48135757
v -20.57177925 23.49908066 -27.54898262
v -19.68357086 23.42164230 -27.52418137
v -20.44589233 23.30665588 -25.26533318
v -20.84490585 22.84471321 -24.05154800
v -19.51460648 22.31104469 -23.09387779
v -19.56213379 23.22829628 -25.21751785
v -22.17739105 22.92991829 -25.48271942
v -22.50830650 21.99784851 -23.88363838
v -24.61520576 16.51870155 -29.49704361
v -24.07516289 15.83647156 -28.18996429
v -24.93087006 17.76470566 -27.88477707
v -25.16768646 18.47069550 -29.24804497
v -25.15137482 19.58962250 -29.79598045
v -24.75704956 17.28854179 -26.08421516
v -24.91235924 19.32811546 -26.86190987
v -24.04865074 15.64277649 -26.58228302
v -18.04730225 14.88132000 -30.59040833
v -17.61019516 15.20166111 -28.35107803
v -19.56243706 14.16710663 -28.42213249
v -20.96176529 14.11586380 -28.94598198
v -20.33783150 14.03461170 -27.73198128
v -19.58838654 13.77736187 -26.84406281
v -21.55193329 13.85909176 -26.97455597
v -18.60412216 14.40429211 -27.52312660
v -17.74269104 14.46401024 -26.45905685
v -16.98175240 21.16536331 -30.61104393
v -16.37060738 20.62850761 -28.03656006
v -16.69183922 21.37372780 -26.13403320
v -16.11006546 19.74763298 -28.19091034
v -16.01075363 18.35972786 -27.80413246
v -16.23679352 20.47759438 -25.64702225
v -24.78201103 20.52029037 -28.39262772
v -24.27572632 21.27059174 -27.07053185
v -23.78934860 22.07799339 -27.93904495
v -23.60118294 21.38696098 -24.79967690
v -24.35135460 20.34148598 -25.14181709
v -22.79590797 14.76718330 -28.66537666
v -22.77109146 14.39828873 -26.89277267
v -23.44078255 14.26700497 -25.96772766
v -22.07828331 14.36974716 -27.74830627
v -16.52231026 16.60199928 -28.26389885
v -17.09240532 14.97097874 -26.31351471
v -16.33133507 16.08921432 -25.79705811
v -18.82951355 23.16460228 -27.53015709
v -18.05218124 22.71820831 -27.71943474
v -17.36045074 22.14226532 -27.79582024
v -17.93016624 22.54296494 -25.22036171
v -17.23725128 21.97180176 -25.31578255
v -17.91205025 22.10261154 -23.89888382
v -17.18886757 20.95986557 -23.09265518
v -18.71429062 22.96804428 -25.19497871
v -18.67321396 22.04320908 -23.06383514
v -19.68637466 22.65069580 -32.65447998
v -18.71552658 22.45474434 -31.95591736
v -17.71833611 21.48400116 -32.88389969
v -17.23788261 20.63494682 -33.65151215
v -16.69470215 16.71585846 -33.28786850
v -17.04198265 15.81034470 -31.66039658
v -17.19709587 14.99347782 -34.12154007
v -17.92158127 14.06637955 -34.40265656
v -18.63029480 14.01895809 -32.32329941
v -22.42929649 12.77917004 -34.37160110
v -23.35686874 13.41510677 -34.12275314
v -23.61883163 13.94403458 -34.23299789
v -25.47010612 17.13482475 -32.18713760
v -25.21260834 15.87104321 -32.47978210
v -24.51655769 15.32329464 -32.09425735
v -23.27274132 14.24849510 -32.00326157
v -21.85810661 13.57440662 -32.19416809
v -25.34408188 18.51510429 -33.47068024
v -24.81034088 20.39697075 -32.58420181
v -24.59969711 20.57249069 -33.72039413
v -23.64362717 21.94256783 -31.56766701
v -23.36626816 21.86321449 -33.60569763
v -16.60086632 19.60319710 -32.70041275
v -16.59847069 18.96337700 -33.78179550
v -16.43033600 18.20200157 -33.02622604
v -20.16436577 13.21889019 -34.27091217
v -19.60505295 13.03420830 -34.16985703
v -19.80882645 13.11201477 -33.53502655
v -19.52158356 13.32621479 -32.92089081
v -20.04345703 13.55181408 -32.32003021
v -20.76498032 13.29569626 -32.60715103
v -20.39067650 12.97736073 -33.55458832
v -20.61709404 12.83922958 -34.15061188
v -19.94034576 13.90938282 -31.28744888
v -24.35337448 14.28693771 -33.01913452
v -25.43764114 17.02249908 -34.05300140
v -25.57021523 17.41274261 -33.10648346
v -22.14012527 22.70288277 -32.25920486
v -21.33007240 22.61405563 -33.52544403
v -20.82199860 23.03244972 -31.78557205
v -24.64683533 15.59665203 -20.50432777
v -24.09258461 16.73599625 -19.54863930
v -23.49565887 17.55389786 -19.19631958
v -22.84979439 18.30313873 -19.44164467
v -22.87246513 17.51235199 -17.49065590
v -24.83769989 13.46365929 -18.16005898
v -24.12625694 15.05736256 -16.28741074
v -20.86531258 10.35604763 -23.58583832
v -21.71802711 9.75289345 -22.82880974
v -20.50065994 8.12329483 -21.56178284
v -21.56978607 8.33214855 -21.33312798
v -22.57308578 8.79303932 -21.09625816
v -22.60468292 10.16243935 -22.70421410
v -23.38390923 10.75998497 -22.54291153
v -23.43251610 9.43687344 -20.91383934
v -24.06539726 10.87428570 -21.53739929
v -22.56971550 8.37290859 -19.93939781
v -23.48725700 9.01966667 -18.64045906
v -22.61110878 8.25344658 -17.46724892
v -24.20368576 9.79444313 -18.13154221
v -24.19188881 9.87311840 -19.47503281
v -20.25146866 7.07291603 -20.64832306
v -21.46920395 7.60163355 -20.24609566
v -21.49300766 7.13516140 -18.95811081
v -15.04164982 13.30383301 -20.18988037
v -16.32294846 10.63243961 -21.30400658
v -17.65036392 10.86696625 -22.77319908
v -18.92008972 19.83185005 -19.74484253
v -18.80518150 18.99666023 -18.32712555
v -17.49792290 18.66615677 -18.39179230
v -17.04269409 18.64279556 -19.26189995
v -17.37499046 18.61039543 -17.09626770
v -19.11730576 18.94831467 -17.16889572
v -21.37899590 19.03494453 -19.14735603
v -21.23413277 18.44988060 -16.96512222
v -24.52949905 11.91223621 -21.42058563
v -24.84489441 12.39844322 -20.11119843
v -24.84692764 14.80862522 -21.85120773
v -24.83361816 11.80546570 -17.78966522
v -24.64993668 10.82986641 -19.26775742
v -24.63013458 10.75477123 -17.95323181
v -17.49012947 9.30395699 -21.71955490
v -18.67115974 9.37194252 -22.43603706
v -19.62672234 8.91360664 -22.32800102
v -17.92500496 7.86599255 -21.38452530
v -19.02572823 7.28471899 -21.12806511
v -24.09370232 19.53238106 -23.14564323
v -22.86898994 20.86007309 -22.60012817
v -21.45352364 12.63421345 -25.43396187
v -23.99838638 14.27530003 -24.97438049
v -21.83604050 11.38691521 -24.24518204
v -16.46323776 14.71315002 -24.44598007
v -17.67317772 13.39814949 -25.05342674
v -17.85512352 20.95333672 -22.05995560
v -21.25026512 21.59329987 -22.21288490
v -20.37087631 21.70062256 -22.09065819
v -24.71307755 16.19835091 -24.67421150
v -18.86361122 12.80368328 -25.38240051
v -20.05198860 11.12666416 -24.22274971
v -15.88132572 21.28871536 -9.15198994
v -13.48952961 21.88955879 -9.03545094
v -13.28590202 21.79928398 -7.72067404
v -18.58802223 19.90040207 -9.03052711
v -18.85806084 19.35700607 -8.38507366
v -17.03760529 20.85236359 -8.61619568
v -21.09332275 13.01243210 -7.70511913
v -20.20331001 13.19645691 -6.30830288
v -20.54175568 14.89604187 -6.86479902
v -20.83637428 15.61699963 -7.63020229
v -20.56137848 16.55831718 -7.79827023
v -19.55607796 14.14993954 -5.56646538
v -19.77005959 17.86734772 -7.75495005
v -24.17456627 13.62396336 -15.24907207
v -23.38755035 16.07660484 -15.18958187
v -20.24675179 18.84066772 -11.58744240
v -21.91170883 15.49144173 -10.20063114
v -15.47680855 18.34425926 -15.82150936
v -14.47801781 17.64037132 -16.02064705
v -14.80915165 16.54749489 -17.67096710
v -14.04489994 16.66772079 -17.05158615
v -14.21134186 19.13631630 -13.81501484
v -15.77269840 19.56245613 -14.11368847
v -23.40153885 9.85809231 -14.74541664
v -24.12047768 11.03755474 -15.33380699
v -24.30353165 12.01649189 -15.38239479
v -22.62519455 13.33808899 -10.75632381
v -19.84129715 19.28792763 -13.52083015
v -18.74841499 19.28682137 -15.48305607
v -17.30595398 20.31314659 -12.28663731
v -14.50949001 21.05507088 -11.13288498
v -14.21795082 20.15757370 -12.54532814
v -15.04449368 15.65515232 -19.34158897
v -14.99430752 16.20214272 -18.45119476
v -14.42677879 15.02126980 -18.92298508
v -18.51398087 20.27717400 -34.03532410
v -18.29300117 21.32828331 -33.94188690
v -16.86462021 18.82171822 -34.12830734
v -22.35806084 17.08259010 -34.29340363
v -20.87004471 13.54109097 -34.43088913
v -23.83131790 14.40176487 -34.39003372
v -24.99842072 18.40652466 -34.21140671
v -25.11114120 17.03008080 -34.28429031
v -25.35011864 15.98541641 -34.32125854
v -23.59262657 21.00546074 -34.02437973
v -23.25315285 21.56610107 -33.96453094
v -24.81613541 19.57919693 -34.12799072
v -21.32770348 22.27186394 -33.89191055
v -22.17909050 9.04665470 -12.70586586
v -21.20000076 9.00173473 -10.23632240
v -21.71492004 8.12582207 -12.27204323
v -21.87095642 7.27445030 -16.49409676
v -21.94873619 7.69842482 -13.90295887
v -21.53555679 6.44909239 -15.78875351
v -21.60759735 6.69407177 -14.01828671
v -21.10299873 6.10658407 -17.51614380
v -18.82782745 13.07096577 -5.05378294
v -21.51881790 -16.91044235 -19.44556808
v -21.31631851 -14.99654293 -18.37806511
v -23.55116081 -9.15971851 -28.21957207
v -22.86915970 -8.53581524 -27.29121971
v -23.36879539 -9.07014179 -25.99869347
v -22.18091774 -8.06714439 -27.31697083
v -21.42283630 -7.75092793 -27.35176659
v -20.29547882 -7.59505081 -26.02978325
v -21.49774551 -7.94166660 -24.45250893
v -20.85495186 -8.61657143 -22.25510597
v -19.53521156 -8.03278351 -22.93114281
v -22.81901360 -8.91700363 -24.36440849
v -22.33399200 -9.74953651 -22.33391190
v -22.93248177 -15.66271877 -28.81993294
v -24.33510208 -12.81049728 -26.63979530
v -23.55755997 -13.65214729 -23.44273186
v -23.19462013 -14.75459480 -23.62462425
v -22.29304695 -15.88029099 -24.85161591
v -17.30071449 -14.94650841 -27.87571335
v -18.72978973 -16.02469635 -26.85592461
v -19.61753654 -16.31923294 -27.55077744
v -18.24155045 -16.57206726 -25.51913452
v -19.54401779 -16.64649773 -25.70979309
v -16.49642754 -15.11010933 -25.39505196
v -17.20984077 -9.20501041 -27.71302414
v -16.21291924 -11.21188927 -27.25652122
v -15.66078663 -11.63709450 -24.78408432
v -16.33706093 -9.92040825 -24.41983414
v -16.45370483 -9.68797493 -23.31546402
v -24.45772362 -11.47701836 -27.16977119
v -24.09591484 -10.81315899 -25.82305527
v -23.93467903 -9.85206699 -27.28270149
v -23.34812737 -11.90458775 -22.54638672
v -21.22513580 -16.30461502 -27.47741699
v -22.42700386 -15.84915543 -27.66718292
v -21.15018272 -16.56855965 -25.14168549
v -20.63547325 -16.34085274 -26.22861099
v -19.99735260 -17.21968842 -24.89865494
v -16.26590347 -12.93579769 -27.45954514
v -16.55370903 -14.02407932 -26.31307983
v -15.64451504 -13.42574406 -25.00497818
v -16.02267456 -12.40180016 -26.02481270
v -19.81389236 -7.61942005 -27.44936180
v -18.91195297 -7.77084684 -26.10410690
v -18.27862358 -8.13390541 -27.40400887
v -17.81423187 -8.37525177 -24.10259056
v -18.55072403 -7.99732924 -23.56353760
v -20.71262169 -8.18195915 -33.47925949
v -19.87978554 -8.18656731 -32.61701202
v -20.71530724 -8.11444759 -31.76161003
v -19.07341194 -8.34755230 -32.27181625
v -18.31477547 -8.71570587 -32.26123047
v -17.63002396 -9.28091812 -32.57719803
v -16.18579292 -12.62668991 -33.06544876
v -16.21675682 -13.60418510 -32.62675476
v -16.45370483 -13.94803715 -31.02809525
v -16.27544785 -14.26337147 -34.05342102
v -17.03616333 -15.30398178 -31.44921112
v -16.52253342 -15.16945839 -32.03544998
v -16.00124168 -14.99080563 -32.50821304
v -20.59856987 -17.21498680 -31.69999695
v -19.42363548 -17.05525398 -31.49856758
v -18.95471382 -17.55953598 -32.61079788
v -18.57589722 -16.66840553 -31.80289650
v -24.03901482 -16.75924492 -34.30082321
v -24.74048615 -15.42810345 -33.91839981
v -24.48805618 -14.72373486 -33.99475861
v -21.88828087 -16.85261345 -31.73433113
v -23.56006050 -15.46333408 -31.00265694
v -24.71826363 -13.36236572 -33.60749054
v -24.57492065 -11.51119518 -32.16949844
v -24.58210754 -13.12331104 -30.92058563
v -24.13435745 -10.34011745 -32.54686737
v -23.64286995 -9.58801079 -32.23031998
v -16.84942818 -10.27752972 -32.38039017
v -16.34556580 -11.44810772 -32.19092941
v -15.91213894 -14.94304276 -33.99383545
v -16.48305130 -15.68439293 -34.37767029
v -18.52154922 -16.95161629 -34.25058746
v -18.82566833 -17.63489342 -34.10118484
v -19.40237236 -17.53160095 -34.44507599
v -20.20480919 -18.13657188 -34.45225143
v -24.26603699 -14.39386559 -30.94462585
v -24.49579620 -15.15376568 -32.30612946
v -23.81103134 -16.12062454 -32.09903717
v -24.66818237 -14.58460426 -33.01041794
v -23.03292274 -9.04173088 -32.59241867
v -22.32091904 -8.58644962 -32.60824203
v -21.53792572 -8.28420067 -32.61659241
v -17.72057343 -20.06038666 -21.59685516
v -18.24762917 -20.56573296 -20.13142776
v -19.52195358 -19.80124283 -20.72428513
v -20.75860214 -18.66765785 -17.50368881
v -20.18998718 -18.88746643 -16.84466171
v -19.69581413 -19.96114731 -16.79610825
v -19.30061722 -20.47084427 -17.16292572
v -18.62065887 -20.88232231 -17.62674522
v -16.56329346 -21.40632629 -19.51958466
v -17.12961197 -21.47773552 -18.91092682
v -14.83248043 -18.49283600 -21.96318436
v -14.66477108 -16.62767792 -22.67878342
v -15.83571434 -18.43595505 -22.62771606
v -20.80354691 -19.84207344 -18.49982071
v -21.12996101 -19.18950272 -18.27456856
v -18.81908607 -20.71796608 -18.67574120
v -20.78309441 -18.86592102 -19.43993378
v -20.45329285 -20.26724052 -17.67762947
v -20.52720261 -19.78520584 -17.22534943
v -15.95266151 -20.27079391 -21.14488983
v -16.94492912 -18.62697792 -23.18463898
v -17.13801003 -19.79739761 -21.93499184
v -16.03415489 -21.15218353 -20.09706497
v -15.14533997 -11.50376987 -23.00064278
v -14.62383652 -13.65429306 -23.45215797
v -16.17886734 -9.79202080 -22.21772957
v -15.52418423 -10.62933254 -22.53759193
v -16.25622559 -16.51718903 -24.38781548
v -17.48549652 -17.10143852 -24.76837158
v -18.84438896 -17.88964272 -24.27935982
v -20.31755829 -20.23422241 -18.92051125
v -21.99170303 -16.75926018 -23.58720016
v -22.11409187 -17.71904564 -22.89621544
v -23.00496674 -15.38706779 -22.77745819
v -22.59394073 -15.90839958 -23.42166710
v -22.79306793 -16.67599869 -22.85153580
v -21.20887947 -11.12116718 -19.84299660
v -20.52067184 -9.64983559 -20.61841011
v -19.43358803 -8.60187912 -21.71781731
v -20.00116920 -9.55099010 -20.08579636
v -19.10556221 -8.81947517 -20.77091789
v -17.98725128 -8.65538216 -22.32858086
v -17.66433144 -8.77766228 -21.57894897
v -16.90474892 -9.17040825 -21.91134644
v -18.40527344 -8.68771648 -21.16987801
v -14.78182030 -14.57033348 -23.63194466
v -15.11979961 -15.37504768 -23.79745674
v -20.00925255 -18.28328514 -23.31969070
v -22.05777359 -16.80282021 -21.11562920
v -22.29262733 -17.24755859 -21.45129967
v -22.86361885 -16.73612785 -21.85468292
v -19.05384827 -18.97085571 -22.93160248
v -22.59889030 -11.13930225 -21.51364899
v -19.23381805 -8.98679924 -34.33098984
v -19.10903740 -8.72995090 -34.32283783
v -17.12279129 -10.54165173 -34.29682159
v -16.48209000 -11.70941162 -34.26617432
v -19.15811920 -16.14477539 -34.43288422
v -17.57744026 -16.56861305 -34.42226028
v -22.32205009 -16.74134064 -34.38218689
v -21.99349785 -17.15667915 -34.18655014
v -21.07306099 -17.58207512 -34.42215347
v -24.51380539 -13.39093399 -34.24948120
v -22.63432693 -12.49876404 -34.30101013
v -23.53151894 -9.90366173 -34.30619431
v -24.53366089 -12.15281868 -34.25711441
v -22.04078674 -8.86858177 -34.32623291
v -4.67610884 -30.44999886 -24.98771095
v -9.43172646 -30.59789848 -21.95312119
v -9.53546906 -29.06600571 -22.10885239
v -9.30092907 -30.49783516 -22.95174599
v -7.44682312 -31.17125320 -23.79161263
v -8.27913857 -31.85303116 -22.87316322
v -9.01179314 -28.67901230 -22.77462006
v -8.05804634 -28.77837372 -23.41795349
v -8.71288872 -29.33519554 -23.61951637
v -12.50312042 -29.70587730 -18.04549217
v -12.34600544 -29.91805077 -18.85070801
v -11.96402836 -30.10312653 -19.41865921
v -13.43448544 -30.62276077 -18.72724533
v -11.27711678 -31.37439346 -20.08661270
v -11.20202255 -32.18908691 -19.96204185
v -12.51028252 -31.85808563 -19.97615623
v -11.82513523 -32.58717728 -17.85799408
v -12.17978859 -31.54137421 -17.18933487
v -13.07944393 -32.12802505 -18.13775635
v -12.70462799 -30.20031357 -17.16331291
v -12.75979137 -29.96289062 -17.58757782
v -12.01869106 -30.58863640 -11.97042656
v -12.38829327 -30.28809929 -12.27193832
v -12.51781273 -29.95733452 -12.77479935
v -13.55244637 -31.09829140 -12.71018410
v -12.75320816 -30.45961571 -13.92870998
v -12.38890457 -31.46379280 -14.54271889
v -13.54412556 -31.55854988 -13.72117233
v -11.41868973 -32.12404251 -12.18683720
v -7.98374271 -31.09176064 -8.24536324
v -8.39149761 -30.70296478 -8.51393509
v -8.97087574 -30.60812187 -8.85038662
v -9.61528969 -31.64954758 -8.05746841
v -9.18610191 -31.68167114 -7.81901884
v -9.78217316 -31.04918480 -9.55175400
v -9.67899704 -31.90820503 -10.17756557
v -10.10772419 -32.30475616 -8.91052628
v -7.43851566 -32.16283417 -8.24947071
v -7.66024542 -31.57555962 -8.17087364
v -4.86296511 -30.91537285 -6.92325306
v -5.05531025 -31.32873535 -7.28682566
v -4.93869209 -31.98831749 -7.26849937
v -4.80016708 -31.81722069 -6.20011044
v -4.24985838 -32.96744537 -7.99596024
v -3.18836784 -33.10622025 -7.31789541
v -4.29883289 -32.86907578 -7.20678043
v -3.89384270 -32.99214172 -6.35285378
v -3.53315330 -30.48059464 -6.50451803
v -3.51753950 -31.30318832 -5.71061850
v -12.09478569 -32.44947052 -19.61300468
v -13.12636471 -31.80884743 -19.64570618
v -12.26935768 -32.63188553 -19.15311432
v -13.39862251 -31.77690887 -19.12515068
v -7.98184681 -41.10053635 -11.48865700
v -8.27443218 -41.44849396 -12.39076805
v -7.67293692 -42.62612915 -11.95955276
v -8.29026985 -40.20804596 -13.01927853
v -7.01809549 -44.22908020 -13.75845623
v -7.43322325 -43.85049820 -12.90071201
v -6.59355497 -44.49859619 -12.41113853
v -8.62389183 -39.60996246 -9.61176109
v -8.17806244 -39.84841156 -9.41630936
v -7.56827259 -39.85238647 -9.14505196
v -9.52275372 -35.59486389 -14.13243389
v -10.37561131 -34.17412186 -16.73718071
v -10.00306606 -33.96471786 -18.87023926
v -7.67777491 -39.94804382 -20.27772141
v -8.49982166 -38.40074158 -19.46611977
v -8.42262077 -38.04492569 -13.08902836
v -8.29745007 -39.65094757 -18.62468910
v -8.00417519 -41.69181442 -16.33045197
v -7.90580416 -40.53172684 -14.59902000
v -8.61538696 -39.64509964 -15.76738644
v -8.39698315 -40.96940613 -16.34404755
v -8.16268539 -41.15754318 -16.07968140
v -8.67955399 -40.21926498 -16.19039917
v -8.19333363 -41.41565704 -16.26781082
v -8.12985134 -41.33623505 -15.69510078
v -8.33896828 -40.87901688 -15.64219761
v 0.04597317 -50.63451767 -16.01909447
v -19.24722099 11.11918640 -5.89299059
v -17.00691032 14.28369904 -3.89913511
v -15.64046001 16.82986450 -3.84047055
v -13.63443947 19.14769173 -4.21389055
v -15.77569389 -16.34601402 -4.14664221
v -15.22928143 -15.42254829 -3.50459790
v -16.50948715 -13.87981415 -4.26573563
v -16.34085274 -15.80528927 -4.48841333
v -14.71320248 -14.02481651 -1.95920455
v -17.23940849 -16.16280556 -5.04667377
v -17.50071335 -13.86088276 -6.01584911
v -17.30054855 -15.56863022 -5.90036345
v -18.49585152 -13.04784679 -7.58573008
v -17.64242554 -14.76965523 -7.07249451
v -13.73570728 -20.71056747 -6.54904318
v -13.59312725 -18.66159630 -4.28860998
v -12.55725574 -22.14737320 -6.64414883
v -14.42778015 -16.58283043 -3.43729687
v -16.17262650 -17.67454910 -4.27042246
v -14.70288086 -20.98556328 -8.49413395
v -14.11971188 -21.02990532 -7.50157738
v -14.47949219 -21.67500305 -9.26654148
v -15.88291168 -20.02102280 -9.77558994
v -15.28615570 -20.66801834 -9.33439541
v -16.31231117 -20.08116150 -7.77620554
v -17.10980988 -16.97341919 -8.34639359
v -17.62253189 -16.56522751 -8.97789955
v -9.19157791 -16.67188072 0.76695663
v -10.23621750 -15.46351814 0.89023632
v -10.89800930 -17.38501740 0.24218851
v -8.19164848 -15.34913826 2.12024236
v -11.09107876 -14.07957077 1.18367732
v -11.74616909 -17.09696198 -0.11332674
v -12.85950470 -14.67223167 -0.58101022
v -12.54432774 -17.31484604 -0.63285512
v -13.51305580 -15.76632023 -1.83144867
v -10.44744110 -22.17541695 -4.85178804
v -7.27955818 -23.14804077 -3.93115306
v -8.52299309 -21.79064751 -3.22012258
v -12.22280598 -20.64108086 -3.25764346
v -12.16219234 -21.02369118 -5.09212017
v -11.59418964 -21.10057640 -3.36304498
v -12.67479610 -19.96575546 -2.93061805
v -7.60872316 -19.91716194 -0.93488640
v -9.53419209 -20.47717285 -1.34543920
v -8.30160522 -17.87213326 0.39153546
v -3.55431008 -19.08552361 2.46506739
v -3.25387168 -16.70452499 3.17527509
v -4.08086872 -18.52960777 2.56270099
v -6.50062084 -16.54860115 2.15231299
v -4.19798708 -22.70089531 -2.21176744
v -4.11586189 -22.25798798 -0.43869349
v -4.03992462 -23.41532135 -2.94180846
v -2.55132627 -22.39783096 -1.37477136
v -6.42634249 -22.08112526 -2.47075462
v -6.32581234 -21.17822456 -0.25264177
v -2.82800770 -19.33390045 1.86715293
v -1.95116055 -8.43433762 6.85514879
v -6.18468046 -7.11099005 5.89391232
v -5.35242462 -8.80267620 6.42913342
v -8.43868256 -4.82117891 5.39381599
v -6.25066519 -8.77186871 5.77818918
v -7.43988514 -13.24540520 3.50604630
v -5.70446396 -13.81564617 4.24964762
v -7.98511171 -10.67757034 4.27381897
v -7.86786175 -8.86684322 4.83558178
v -6.78717661 -9.71703148 5.36121845
v -2.54916716 -10.35875988 6.84189177
v -9.73103905 -6.52276516 4.41029024
v -10.81269836 -7.52674961 3.80255461
v -11.79559135 -5.45190144 3.43621755
v -13.32042122 -5.42983627 2.25737190
v -15.36219883 -4.43754244 0.63846350
v -10.08344746 -12.69259548 2.58566141
v -13.95951653 -10.88710880 0.78064853
v -9.26709366 -12.01442528 3.24197698
v -16.29998779 -6.02032518 -0.73062044
v -17.45762444 -4.30153179 -1.99060380
v -18.68853760 -4.31247234 -4.08350182
v -19.00850868 -6.56336689 -3.29995680
v -20.28049088 -2.88087964 -7.39050865
v -19.14379311 -5.39513254 -5.19249249
v -19.01603889 -6.54261827 -4.42985392
v -15.82477379 -12.23117828 -2.30055404
v -18.34429359 -11.56543636 -6.21980572
v -17.80546379 -12.28152275 -5.45485020
v -18.13786125 -11.49192142 -4.71190691
v -19.42027855 -7.06144238 -6.42421675
v -19.15906525 -7.48283005 -4.97742414
v -18.92156410 -9.35609150 -6.25350857
v -15.76776791 -9.61176205 -1.15483212
v -16.53917503 -10.36234093 -1.70822155
v -1.41073561 1.40359676 8.28767967
v -5.69015312 2.77376676 7.14876127
v -4.81849289 1.11552060 8.03687763
v -7.38372183 4.02973461 6.46731281
v -5.72268438 1.04658723 7.42521858
v -1.45955575 -4.58994389 7.78278780
v -6.16310263 -4.16132164 6.46287584
v -5.08169317 -3.98476219 7.16433573
v -7.42482376 0.00851794 6.48638916
v -6.24181795 0.12554413 7.23279524
v -0.70313138 -1.50021017 8.35700512
v -0.89523917 -3.20801044 8.12213612
v -1.60605907 -2.70825648 8.31034660
v -9.36151600 2.35226703 5.70969057
v -10.38677502 2.28117466 5.30613518
v -11.21155357 4.81636000 4.50263166
v -12.66576385 4.54004717 3.53292966
v -14.63747597 5.26590204 1.86831141
v -10.97041893 -3.05797911 4.87915850
v -13.92839432 -3.07450128 2.17886734
v -14.45516300 1.71373785 2.33067608
v -8.45874596 -2.52689147 5.80430937
v -9.47189331 0.41080946 6.00410557
v -17.51996231 2.68816614 0.45554507
v -15.82888126 3.73915052 0.81508893
v -16.36439133 5.06889677 -0.03749473
v -17.76607323 3.33755684 -0.20279801
v -17.24535942 6.22962713 -1.33448553
v -18.36846542 3.62766719 -1.03605509
v -18.24844933 5.54405832 -2.92722130
v -19.10906410 3.44245791 -1.83321285
v -18.99792290 4.54939461 -4.07892036
v -16.24701118 -2.59366584 -0.03212329
v -19.72240829 -0.73106807 -3.05108047
v -19.23563576 -1.88526833 -4.75645828
v -18.71049881 -2.61367702 -3.72314167
v -19.26986504 -1.40052259 -2.59608817
v -19.55376053 2.57353616 -5.20056295
v -19.48082542 1.39931142 -4.92528963
v -19.47640228 -0.36820659 -5.02081728
v -19.92870903 0.18023270 -3.22528338
v -15.89765644 -1.22890007 0.62234920
v -17.42988396 1.83123791 0.71226805
v -1.68830585 12.07208252 6.48683023
v -4.64636993 12.43913746 5.64793205
v -4.04374266 11.15984058 6.91403723
v -5.85960340 13.88421154 4.78710699
v -4.82123137 10.99806595 6.34229517
v -1.06280684 5.16542435 8.19596672
v -6.03349066 5.59534979 6.81961584
v -4.68547106 5.80136013 7.54454899
v -6.77374125 9.47463894 5.75623655
v -5.39565897 10.04879570 6.43992901
v -6.70844793 6.97923183 6.33903027
v -0.60328585 6.58295679 8.08084965
v -0.49354008 8.33151722 7.78647423
v -1.54923773 9.57637310 7.96831322
v -7.57877874 13.09105587 4.34359503
v -7.67121172 15.09536457 3.48884559
v -12.32104492 15.80729008 -0.11019342
v -11.84685802 12.19787025 2.39621949
v -9.06150532 5.70320034 5.54158306
v -12.06066132 6.91630173 3.86395741
v -8.42462158 8.01470757 5.64611530
v -16.22647285 6.94726658 -0.05403031
v -16.90006065 8.75859833 0.08541635
v -15.25624466 7.33379889 0.92125374
v -15.84299469 8.64095402 0.61992675
v -18.29552841 8.10296726 -3.62118959
v -17.88740540 7.35391569 -2.59672022
v -14.62820721 8.88403702 1.23227036
v -15.26761913 9.70449734 0.93125933
v -13.46281719 14.56274986 -0.31615105
v -17.76417732 11.78324223 -2.26063681
v -17.65653801 11.73100281 -3.60918283
v -18.06424141 10.57187843 -2.28359699
v -15.32646847 15.43832016 -2.70649219
v -16.82786369 13.55234051 -3.31849360
v -16.96962738 13.00635052 -2.56807256
v -10.25220680 18.36519623 -0.15456699
v -8.61586094 21.69849777 -1.21637654
v -7.27460814 22.99742889 -0.17451897
v -9.26709461 21.60549164 -1.50684547
v -8.19238663 23.72241402 -2.18053913
v -8.77418613 24.21305847 -3.91008854
v -13.14516449 17.34886551 -2.02189755
v -13.88263130 18.17440796 -3.41180897
v -11.51977921 21.29410553 -4.61801243
v -4.96944618 21.26177216 2.48865938
v -3.70544744 21.52270699 3.33966327
v -6.18454885 22.48597908 1.18842340
v -4.50417185 18.65729713 3.48630476
v -2.64874935 14.08674622 5.59082127
v -3.91366959 15.72671890 4.87241793
v -4.50168371 15.13744068 4.75129747
v -3.28536963 15.43729401 5.37870216
v -0.28511390 19.17350769 4.82460165
v -1.65255880 20.84798813 4.29156590
v -2.84596515 20.44997406 3.86644578
v -4.44215202 26.05893707 2.68073273
v -5.09680033 25.91860199 2.46086764
v -3.18441820 -25.80800629 -3.11414194
v -2.24726081 -24.59769630 -3.25551081
v -4.02589035 -24.10541916 -3.45849299
v -3.81103325 -25.54138374 -3.02780414
v -4.39109516 -24.76463127 -3.52913809
v -5.30634594 -25.24906158 -3.62282205
v -6.31133080 -24.33691788 -4.40952682
v -5.94839001 -25.10735130 -4.38846207
v -4.23516607 -28.31604576 -5.36795902
v -3.50731659 -28.93313599 -6.64632797
v -3.48595595 -28.25896072 -5.11534405
v -1.96204829 -28.15390205 -5.86739731
v -3.01374364 -28.04141808 -4.66103649
v -5.60135317 -27.84994125 -6.17704487
v -5.80936480 -28.13273239 -6.93641806
v -4.91075516 -28.18265533 -6.10995436
v -6.42181349 -29.08526611 -7.72496605
v -6.22939014 -26.54805374 -5.60872602
v -6.63265562 -26.03405380 -5.89742088
v -5.98562145 -27.42865372 -5.47275496
v -6.16714430 -26.08858681 -4.62054014
v -2.45005894 -26.65021706 -4.10693598
v -1.70487761 -26.72641563 -4.79595375
v -9.20698166 -25.31886292 -5.15586662
v -8.01070499 -24.16250420 -5.10170460
v -8.92848301 -23.61346054 -5.13361740
v -9.66442204 -24.79601669 -5.23841286
v -10.44270134 -23.30502319 -5.82984972
v -10.11293697 -24.14976120 -5.67349911
v -10.82091331 -24.12406158 -6.23802614
v -11.88802528 -24.02321625 -7.68412733
v -11.28833389 -24.37041092 -6.82962132
v -9.76021290 -27.79201508 -7.44781017
v -8.76489162 -28.21040726 -8.46569729
v -9.35851383 -27.79607010 -6.83088541
v -8.99807549 -28.86977768 -9.13141251
v -7.37950897 -27.22469711 -7.03909445
v -8.87042522 -27.60712051 -6.55262375
v -10.79363537 -27.24928856 -7.97710752
v -10.51000214 -27.61412621 -9.41191292
v -10.32968998 -27.60685921 -7.77583647
v -10.79500389 -28.62227058 -10.49441433
v -11.10744286 -26.20744133 -8.24020290
v -11.51232147 -25.22838593 -8.45124149
v -11.49550247 -25.35559654 -7.12720966
v -8.58906269 -26.66862869 -5.97294998
v -14.71425629 -23.76122665 -11.32024670
v -14.82031536 -22.79447365 -11.29044056
v -14.47664928 -23.84453583 -12.48179340
v -14.85091114 -24.84662628 -11.71183395
v -13.50212860 -25.97507477 -14.09132767
v -14.50646877 -25.94252968 -12.04596996
v -13.08631611 -26.84132385 -13.66119099
v -12.54377460 -28.31567764 -14.87571526
v -14.24467659 -26.68810654 -11.95676136
v -11.73163509 -27.36061478 -10.58320141
v -11.79272175 -26.51435089 -9.82898903
v -12.87216949 -23.30539131 -8.15046787
v -12.23265362 -27.61791611 -11.67449760
v -12.10408115 -28.33386993 -12.75581455
v -12.69091034 -27.50143051 -12.88154316
v -13.88073540 -26.94001007 -11.72684288
v -13.92007351 -22.66874504 -9.30187702
v -15.18723106 -24.11034393 -10.40991974
v -2.18762136 -33.64190292 -7.91007233
v -0.79381382 -32.94901276 -7.36055088
v -1.99867404 -32.68457413 -6.71395111
v -4.37255859 -33.41401291 -8.51024818
v -4.85188007 -34.48661423 -9.04360008
v -2.36042976 -30.62929153 -6.35893631
v -1.69874263 -29.88403130 -6.67353392
v -5.46124649 -30.82528496 -7.98429251
v -4.69695091 -32.54080963 -7.40112638
v -1.68029141 -31.69868660 -6.56353140
v -0.73299021 -31.72806358 -7.03736973
v -8.14272690 -33.56698990 -9.60396767
v -7.58025312 -34.01258469 -10.45786762
v -7.64270926 -33.46272278 -9.21211624
v -6.94534445 -34.59338379 -10.19998646
v -5.96871758 -33.56883621 -9.26519871
v -7.25059414 -33.15944672 -8.86718559
v -8.86002350 -33.21716309 -10.72370148
v -9.15474224 -33.34236526 -11.48639202
v -8.63421249 -33.46846390 -9.99439716
v -9.23770905 -35.06588364 -12.12027454
v -7.72309637 -29.84797096 -8.76631355
v -9.52150059 -30.83877754 -9.13270283
v -10.02833557 -30.31295776 -10.69923019
v -6.04649782 -32.28864288 -8.77271175
v -7.13568830 -32.67955017 -8.56712246
v -0.00563474 -35.28142929 -7.78810644
v -3.43171501 -35.18700409 -8.70362091
v -3.30222106 -36.27861786 -8.72600079
v -3.63904190 -37.03227615 -9.27212334
v -3.94092155 -37.64501953 -9.48824501
v -3.23939657 -40.20266342 -9.97991562
v -2.01801062 -39.36468887 -9.41235065
v -1.83682013 -38.81030273 -8.97798443
v -0.34487772 -39.25626373 -8.94341278
v 0.11823739 28.33412170 5.79314518
v -0.24896206 28.84817886 6.10156155
v -0.45499212 27.80762863 5.74045753
v -0.05476757 27.51322746 5.41114140
v -4.22428799 35.23623657 -4.66235447
v -1.56150770 38.98162079 -2.19972110
v -5.04721975 34.85583878 2.25805640
v -0.81928867 27.62289429 5.35906935
v -0.92999548 27.86468697 5.69203568
v -1.69516826 27.99982452 4.96192074
v -0.81938076 37.71686554 -4.34208107
v -3.81978130 30.89248085 4.43209171
v -7.12258196 28.07798195 -0.79925442
v -8.01328087 27.73312950 -1.15408170
v -6.97686195 27.30819130 -0.22550811
v -5.49622869 24.06759644 1.89265406
v -5.59067631 24.52938271 2.18317223
v -0.26055408 34.74520493 -8.08037567
v -3.34931350 33.03488922 -8.36254692
v -2.22713327 23.20955086 4.17969179
v -1.27239811 25.15876007 4.49450874
v -1.72936499 24.78287888 4.73772383
v -6.35185337 31.85027885 -6.16502476
v -6.26360989 31.43062210 0.31803370
v -5.92628574 32.75249481 1.38958228
v -5.58507442 32.99582672 1.83403563
v -1.63629973 29.27834892 5.33778429
v -0.98708016 29.94717216 5.83690643
v -0.82989329 29.51501465 6.00128174
v -3.50799942 28.75843811 4.17543316
v -4.58186197 29.42241478 2.95283127
v -6.33901739 32.70923233 -3.54895163
v -6.52854061 31.47336578 -1.72802591
v -4.72781086 37.21232605 0.33940098
v -4.30878592 37.89565659 0.02055095
v -2.71227312 30.56161499 5.15131092
v -5.91340780 30.88041878 1.45764577
v -2.79535794 22.65144539 3.62413859
v -2.40171266 24.92093658 3.86121392
v -0.18325907 25.96188164 4.79928827
v -2.04807019 26.05798912 4.09421825
v -2.71942067 26.94385529 3.99160814
v -3.91166830 23.56424713 2.99096775
v -6.42501259 24.44904709 0.41962358
v -5.86780548 25.90087509 1.15959799
v -3.67913842 26.93308640 3.27396202
v -5.71357441 27.73176956 1.18182099
v -7.85361385 27.56421852 -2.91012287
v -8.23088169 26.61414337 -4.62285709
v -8.38891697 25.56918907 -4.27187061
v -7.25354338 24.45287895 -0.79097009
v -7.96762848 24.63276863 -2.30737352
v -6.50362301 29.53121376 -0.68920249
v -7.30483580 28.59551811 -2.29971123
v -6.00568533 28.56771469 0.63074368
v 0.10950882 29.88219643 6.22338009
v -3.19799161 31.95702362 5.10283661
v -4.04658890 32.32435989 4.27317047
v -4.85611963 32.58443832 3.15170264
v -4.84024191 33.69753647 3.04734135
v -6.37378693 31.12946701 -0.90629798
v -1.51399910 -43.30097580 -10.30281353
v -0.47795239 -43.54411697 -9.89555264
v -0.66787475 -42.74915695 -9.33863449
v 0.79130912 -43.59693146 -9.79750729
v 0.03833730 -43.37170410 -9.44108677
v -4.37037468 -41.92774963 -10.71229553
v -4.27071190 -43.34863663 -10.87167931
v -3.74346876 -43.17317200 -10.90885735
v 1.78354740 -47.44141769 -11.73076248
v 0.62723929 -46.36690903 -11.21738052
v 1.28317225 -48.10115433 -12.44094181
v 0.54406184 -47.12055206 -11.54013252
v -6.80584764 -42.64690781 -11.49337482
v -8.89937496 -37.89907455 -11.61594486
v -5.38375759 -46.68135071 -14.50824547
v -8.94122791 -36.96874237 -12.68290615
v -0.57372320 -41.56932449 -9.32991219
v -1.86483908 -41.86917114 -9.98719883
v -0.01036107 -41.95396042 -9.00596046
v -6.42392015 -45.52270126 -13.49888897
v -4.88026476 -46.15139389 -13.05400848
v -4.19219446 -47.15765762 -14.00830746
v -1.86283469 -37.28750229 -7.23906183
v -1.68742049 -37.92738342 -7.39425421
v -2.45751047 -37.49129868 -7.49768066
v -8.55145645 -33.10112762 -8.06054878
v -9.44225788 -33.15772247 -9.42614365
v -9.18420601 -33.40821838 -8.53215599
v -11.61112022 -33.45887756 -13.77270126
v -10.05237675 -34.06237411 -13.42964077
v -11.23588276 -33.51459122 -13.30235863
v -9.89755344 -33.81002426 -12.69185829
v -11.35624027 -33.24036026 -12.76663685
v -11.88851261 -32.89803696 -14.63902950
v -10.73539162 -33.28646469 -15.67121410
v -11.51330185 -33.29931641 -14.38070011
v -11.02945137 -29.55890083 -11.47896671
v -11.51530361 -29.12128639 -11.95649815
v -11.94586086 -28.96541023 -12.69143677
v -12.16493034 -29.01301575 -13.60015678
v -12.80265713 -30.22116661 -13.38666916
v -12.19947624 -29.34393883 -14.39786816
v -11.58051109 -31.14842415 -15.53916645
v -10.00782585 -32.86896896 -12.17619991
v -10.83407879 -32.90657043 -18.93578339
v -10.28671932 -33.27877808 -18.94252396
v -11.48228455 -32.84027100 -18.36577797
v -10.74645042 -33.12089920 -17.23682976
v -9.81798172 -32.09996033 -20.52491188
v -10.02246571 -32.98366547 -19.75539970
v -10.64155006 -32.65031815 -19.55655098
v -9.17662239 -32.89740372 -21.14007187
v -12.21137810 -29.25430870 -15.99497414
v -12.17788506 -28.96551514 -16.67230225
v -12.40964699 -28.09380150 -16.64922333
v -11.63826752 -28.97599602 -18.29002571
v -11.78350639 -28.18613052 -18.36014366
v -10.04385948 -30.39891052 -20.70110130
v -11.49513435 -30.46161842 -19.83423424
v -11.45182037 -31.47552872 -16.39072227
v -15.97580624 -25.93433952 -10.91070080
v -12.73240757 -32.76848984 -12.36051464
v -13.65547752 -32.14601135 -12.84941959
v -13.42753410 -32.17378998 -12.43279171
v -12.77737999 -33.21768951 -12.87427616
v -12.98454857 -33.07876968 -13.69621086
v -13.60637093 -32.48585892 -13.41652775
v -13.42437458 -31.12967682 -17.89688301
v -12.80939770 -30.98622704 -19.79005051
v -12.21443272 -18.64014244 0.20169212
v -4.55297565 -19.94540215 2.69804025
v -4.61927605 -10.94698429 7.40762997
v -5.15810442 -11.64340115 7.05501127
v -4.88129139 -12.38584423 6.81951094
v -5.59908867 -13.11425304 5.62615681
v -5.55848742 -10.87683964 7.10746145
v -3.93283820 -0.65700018 9.47926617
v -4.51677084 -1.41068625 9.29545307
v -4.17737007 -2.24562836 9.26193333
v -2.61836386 -2.34731722 9.05418491
v -4.98800945 -3.12796569 8.29154682
v -4.99459171 -0.58453852 9.15861225
v -3.46926236 9.72824764 8.96576691
v -4.19682837 8.46223450 9.06742954
v -3.25551081 7.94961834 9.37905216
v -4.62296200 6.89318371 8.49650383
v -4.45018101 9.79065132 8.65506649
v -3.43774462 16.27739525 5.49750566
v -2.72533178 17.28209114 5.92398167
v -1.99598837 17.15952301 6.13733816
v -1.54924428 23.99712181 4.94903994
v -2.13456631 24.81060410 4.28377199
v -1.07397759 28.52956581 5.87055016
v -4.95675468 -27.62049675 -2.76913261
v -5.50640535 -27.57902527 -3.01845670
v -5.90910482 -27.61741638 -4.04308414
v -5.48847437 -28.11078644 -4.71773911
v -4.45086575 -28.45280647 -3.69723225
v -4.77436304 -26.10880852 -2.81163025
v -5.46127462 -26.55900764 -2.83506441
v -5.87495422 -26.62154198 -3.41965556
v -12.19684315 -21.01147270 -1.82133770
v -10.83197212 -20.70930481 -0.57790321
v -11.55132389 -8.69192982 3.88333678
v -12.26290703 -10.10032463 3.63311744
v -12.27425575 -11.24051762 3.22159696
v -10.92333984 -11.70169735 3.29426932
v -13.21591568 -10.10693359 2.88917375
v -10.79721642 0.61770183 5.91858387
v -11.94220066 -0.08478441 5.67455244
v -12.02200890 -1.28129792 5.52088737
v -13.01474953 -0.14131612 4.93418932
v -13.60826683 0.67774868 3.98023295
v -10.61186218 10.23058224 5.21006775
v -10.04321384 8.98741150 5.57544422
v -11.45579624 10.28427029 4.66316938
v -11.83116436 8.18701458 4.50152540
v -11.26491261 11.37872696 4.02520561
v -7.57676458 19.05786324 2.50021863
v -7.57498693 20.06904984 1.33538091
v -5.22347021 24.94399643 2.56185842
v -5.76470804 25.42510796 1.90317309
v -5.21592665 26.27858734 2.09554410
v -4.04484844 29.63822174 4.25350475
v -15.70054531 -24.89791679 -10.76804161
v -17.78871727 -19.91854477 -6.22243881
v -16.75813866 -17.27590370 -4.29367208
v -17.75906944 -17.89488220 -4.33785486
v -17.85359573 -16.76740837 -5.50192928
v -18.30111122 -17.83484840 -4.74697924
v -19.75992966 -8.67244530 -1.40594673
v -20.14972687 -8.60756683 -1.85272372
v -20.16815758 -9.32881355 -1.97363365
v -19.76530075 -9.36536026 -1.50073683
v -19.66598129 -10.04321384 -1.73423624
v -18.37415123 -10.06338406 -1.54281306
v -20.04608917 -10.03341866 -2.18691134
v -20.40176201 -9.27499390 -2.50140357
v -20.26210594 -9.94916153 -2.67034030
v -19.90840149 -7.81022406 -2.95397973
v -20.37553787 -8.58302593 -2.37680721
v -20.38196182 -0.38347831 -1.39362407
v -19.74707985 2.68234706 -0.35567325
v -18.32143784 12.13986397 -0.75052637
v -18.53808594 11.29360008 -0.79086477
v -18.53608513 11.38249207 -0.10658612
v -18.29173660 12.22991467 -0.05708466
v -18.24676514 11.32066727 0.43161058
v -17.74790573 12.14191818 0.70629102
v -16.95688248 10.02241325 0.87433267
v -16.67372513 10.75719357 1.10030162
v -17.80830765 11.25747395 0.91914731
v -17.78113556 10.36423588 0.68796498
v -17.89182854 13.00234795 -0.06487851
v -17.70340729 12.89781570 -1.14738059
v -17.56227493 12.98159981 0.41033548
v -17.16120720 12.85057831 0.84310466
v -11.93047714 21.01367950 -1.69677436
v -10.73320675 21.52791977 -1.34425426
v -10.14374447 21.28009796 -1.31642282
v -8.47699356 26.99146080 -1.42996025
v -8.22882748 26.75095749 -0.82936013
v -6.28675127 31.83880424 1.61747992
v -5.97524738 32.00248337 2.28623009
v -5.66020203 32.16588974 2.53968811
v -21.36535645 -5.39597511 -11.71025467
v -21.17975235 -7.87099504 -12.53985786
v -21.59453773 -3.30385375 -12.70007324
v -20.75090599 -10.40078354 -12.02042866
v -21.65588760 -9.69975853 -11.01286316
v -20.40102577 -11.78808784 -11.68508244
v -20.93111229 -10.72296429 -11.06884193
v -19.53374863 -9.22091103 -7.55139494
v -20.31492424 -5.12276936 -7.94846010
v -19.31989288 -11.32456493 -8.23830700
v -20.16984367 -9.57000160 -8.04166985
v -19.71804428 -12.80918694 -10.31227970
v -20.72173119 -11.11160278 -10.52085018
v -21.08835793 -4.40981627 -10.19358826
v -21.38599968 -6.19263268 -10.33600998
v -20.11465454 0.80987543 -6.36725712
v -21.36893654 2.88999009 -6.84089088
v -20.04577446 4.76625299 -6.46573305
v -20.29675674 -1.41879606 -7.07291603
v -21.93946648 -0.34782675 -8.22945976
v -21.57031250 -1.30999815 -11.46948814
v -21.40516853 -1.86199212 -10.56740284
v -22.08454895 4.28603649 -9.44946003
v -21.38041687 5.20397234 -11.06905270
v -21.76768684 4.19319487 -10.45449734
v -20.34541512 5.32983255 -7.52917194
v -21.68619347 2.06705451 -12.28002167
v -21.67479324 0.01616697 -12.20995617
v -21.56399345 4.02109814 -11.92174149
v -22.41884041 3.11753869 -10.58683491
v -22.94819260 -9.70489216 -9.89931774
v -23.41166306 -9.50259495 -9.45804405
v -23.36352921 -9.51691914 -9.00231457
v -23.50392532 -8.93438148 -8.92437553
v -23.55321503 -8.93669891 -9.41486168
v -23.53225708 -8.36764240 -9.37884140
v -23.48580933 -8.34183884 -8.89562321
v -23.28948784 -8.91594982 -8.46769810
v -23.27653313 -8.34636688 -8.45326900
v -23.15994263 -9.47510624 -8.57512760
v -22.25890923 -7.10261679 -9.86311340
v -21.82382393 -10.46755695 -10.01351357
v -21.94441795 -10.17244434 -10.42342758
v -23.89224815 2.89794183 -7.61701059
v -23.24556923 2.81305194 -7.18360949
v -24.14007187 2.95755410 -8.21892738
v -24.29057693 2.23620200 -8.27243137
v -24.03074646 2.19744349 -7.63038635
v -24.03833008 1.46998262 -7.75729990
v -24.29005051 1.48040962 -8.37206554
v -23.62472916 0.77590901 -7.96804953
v -24.36503983 2.25842500 -8.94333363
v -24.35113716 1.53728354 -9.00431538
v -23.68792343 3.51312900 -8.88814449
v -24.22264290 2.94997096 -8.85633755
v -23.52046013 3.22104406 -9.56721020
v -5.50171852 -35.44093704 -9.26456642
v -6.32396936 -35.07683945 -9.61813354
v -7.20541143 -35.03702545 -10.16791534
v -7.99838257 -35.23208237 -10.73928833
v -8.55516911 -35.95269775 -9.44993305
v -8.62041569 -35.81893921 -11.16700268
v -9.07274818 -36.58073425 -9.53961563
v -6.31628084 -39.13224792 -8.53078651
v -4.37898350 -39.49110413 -9.83604527
v -4.25217533 -38.51992798 -9.54956818
v -5.17532492 -38.42787552 -8.99715328
v -4.90785885 -37.46860123 -9.05813503
v -4.90938616 -36.32016754 -9.20010948
v -6.37884235 -36.82803345 -8.19628334
v -5.80630732 -40.31376648 -10.48940372
v -6.59749079 -39.66773224 -9.09078503
v -9.29484749 -38.34677887 -9.57547760
v -8.39481544 -39.40484619 -11.04977894
v -8.89857197 -39.11505127 -9.87180233
v -7.88747835 -40.18549347 -11.00996685
v -8.78198051 -36.99149323 -11.18564415
v -9.15071392 -37.37639236 -9.86764240
v 1.34324050 -41.90161514 -9.27133369
v 0.54409474 -40.91849899 -9.11404800
v -1.81996858 -45.28857040 -11.33920479
v 0.06437823 -44.60264587 -10.51526833
v -3.69660687 -45.56403351 -12.17443657
v -2.01141810 -46.92272186 -12.52544880
v -2.80715394 -47.47126770 -13.52611542
v -13.83312988 -31.69578362 -13.21214962
v -12.83772945 -32.54910660 -18.72208405
v -13.47858906 -31.81063843 -18.59630203
v -13.35675716 -31.10608482 -19.45807457
v -6.73146105 -37.71684647 -7.71338034
v -8.37712097 -37.27459717 -6.78917789
v -8.17974758 -37.92464828 -6.77696037
v -8.38143921 -39.27203369 -7.40046787
v -10.06227779 -37.64638519 -8.12382126
v -4.96903133 -43.62650299 -11.02603531
v -5.59319067 -43.83380508 -11.29870796
v -5.48328686 -44.17789459 -11.63184261
v 0.62993240 -42.63918686 -9.11058521
v 1.54175317 -46.90915680 -11.21734619
v -21.67015839 -6.33787203 -14.63605404
v -21.58611107 -4.57563305 -14.23542118
v -21.50827789 -3.82917476 -15.68809128
v -21.56062317 -7.54813004 -14.06304836
v -20.77539444 -11.06152248 -13.56940365
v -21.56015015 -9.46689034 -16.53943825
v -22.44491005 -0.87757134 -16.09060669
v -22.01171875 -1.24206531 -15.17746353
v -21.69627953 -1.55645227 -13.80711555
v -21.90218353 -0.53603762 -17.16636848
v -21.04644012 -2.00354528 -17.47517395
v -21.32828331 -2.37922978 -16.76772308
v -22.09987450 -0.94558316 -16.70410919
v -21.44434738 5.47970629 -15.79559994
v -21.06276512 5.09106684 -17.19080353
v -22.07162094 3.84813285 -16.77548981
v -20.66591072 4.42848492 -18.35134888
v -21.58218765 5.08258867 -13.82654762
v -21.76810837 0.16925286 -13.35180759
v -22.46626282 3.19621444 -14.30460548
v -20.65727615 2.04146123 -18.42955208
v -20.86518097 -0.53019220 -18.04875755
v -22.86598778 0.32067993 -17.01646805
v -22.20017433 -7.43754148 -14.81940651
v -14.61757660 -24.99513245 -15.93655682
v -15.25845623 -25.87815094 -16.62395859
v -2.64996052 41.65624237 5.72697639
v -1.36826766 36.57881165 9.00001812
v -1.89238739 42.33453369 4.90376139
v -0.70376658 34.86194992 8.42649460
v -0.94957882 42.40050125 3.18121910
v -0.27692840 42.32750702 2.36134124
v 1.10577095 36.02069473 10.42993069
v 0.94562268 42.05281067 1.02247500
v -3.47458601 39.62623596 4.96962547
v -3.12938976 38.08547211 6.86821461
v 1.11536264 41.18500137 -0.57147855
v 0.44367161 32.92256165 7.80479860
v 0.13994037 32.85981369 7.79434681
v 0.35039890 31.79554176 7.28741455
v -2.88701463 39.80986404 0.64962763
v -2.79002833 33.49757385 6.17918348
v -2.10760355 33.33806610 6.74472380
v -2.34990406 34.52508545 6.87472725
v -3.95916891 39.14448929 2.57828879
v -0.47193152 32.55395508 7.33829355
v 0.41584516 32.34034348 7.63620567
v -2.53669310 33.54581451 6.57409000
v -14.56759453 -23.82926559 -13.54823303
v -14.22903633 -23.98137665 -15.42997265
v -13.07691574 -24.88322449 -17.83727074
v -13.91699219 -25.51934433 -17.59508324
v -12.83930874 -27.55388069 -15.41896725
v -11.69234943 -27.67215729 -18.92419624
v -13.21886444 -27.66481209 -17.73405647
v -12.25953674 -26.03131676 -18.71228981
v -13.43732834 -25.85945702 -18.04496574
v -19.80016136 -16.68593979 -10.91860008
v -20.24030304 -16.58246231 -10.21962833
v -8.47424889 27.35299873 -6.45804453
v -8.24620533 26.76091003 -9.08404446
v -7.72318840 28.93272972 -4.42626667
v -8.41015339 27.93264580 -5.71084881
v -8.57184887 28.05246353 -6.40630484
v -19.53432846 -14.98135281 -11.87729549
v -19.14779663 -16.36528778 -11.60830307
v -17.14003754 -18.92872620 -10.96689034
v -19.00605965 -15.49158669 -8.97003269
v -18.49637794 -14.42735767 -8.59661293
v -18.97991180 -13.95740986 -9.22222710
v -19.27650070 -15.00320816 -9.38463402
v -18.55251312 -16.15422249 -8.93027401
v -17.20017624 -18.22780609 -10.05490494
v -19.48819733 -16.52337646 -9.04612827
v -19.89790154 -15.87638187 -9.31491089
v -8.89491177 -31.51175880 -22.44698906
v -8.14920330 -29.65400696 -23.91336441
v -9.44129753 -29.38069534 -22.88641930
v -11.41058636 -27.23114777 -6.74707556
v -11.01365376 -27.71876335 -6.08188629
v -4.91670609 -20.68028641 2.41735625
v -5.34197092 -21.32301712 1.77138865
v -5.02005339 -21.91274261 1.30270457
v -5.80515194 -20.61282921 2.11034203
v -19.28661156 2.51972961 0.22970784
v -19.74455261 1.85651529 0.40685987
v -20.22734833 1.97173786 -0.18252346
v -20.37869644 1.14580083 -0.23665909
v -19.87862778 1.06038439 0.37958139
v -19.91538429 0.23012912 0.20558904
v -20.40270996 0.28616056 -0.39443183
v -20.70435333 1.21426022 -0.93252325
v -20.70730209 0.38642734 -1.05596089
v -20.55205727 2.00670481 -0.86090410
v 5.17479801 43.90479279 28.14884567
v -21.61399651 -17.79214096 -34.05205154
v -21.69290733 -17.81104660 -33.30273819
v -21.02295685 -18.48362541 -33.79375839
v -18.73830414 -17.73537254 -33.38726044
v -19.24553490 -18.24958038 -33.17779922
v -19.30620003 -18.43571091 -34.02309036
v -22.23754311 -17.23815918 -33.15636826
v -18.54635239 -17.06146812 -33.19473267
v -24.14171982 -16.68018723 -32.73948288
v -24.70133209 -15.88923168 -32.72909927
v -22.34601212 -16.94424438 -32.26315308
v -22.69265366 -17.35966110 -34.00104904
v -23.22466278 -17.08882523 -34.30885315
v -15.73451328 -14.96128941 -33.28014374
v -15.68146992 -15.82988167 -33.07291412
v -15.56341648 -15.93783760 -33.93035507
v -17.59181786 -17.21131516 -34.07003784
v -17.76717949 -17.18627357 -33.32975388
v -16.93087959 -17.27174950 -33.49355316
v -17.52941513 -16.34948921 -32.07783890
v -16.08365631 -14.41535091 -33.12416458
v -21.29305267 12.69085789 -34.38300323
v -21.29821396 12.51385021 -33.95497131
v -22.40430641 12.60380840 -34.14162827
v -23.14566994 13.47427082 -33.05968094
v -22.28975296 12.93235779 -33.23266220
v -23.55595398 13.74558067 -33.48047256
v -18.86126709 13.12191486 -34.40035248
v -18.31884384 13.08415127 -34.14923859
v -17.04200935 14.79831600 -33.25394821
v -17.35741043 14.07895184 -33.26755905
v -17.54080200 13.62510490 -33.93225098
v -17.55305862 14.61072445 -32.61050797
v -16.99995995 15.20800686 -33.41348648
v -25.77151299 16.46802902 -34.02677536
v -25.91917419 16.57640457 -33.50780106
v -25.93667030 15.68564701 -33.88712692
v -24.26216698 14.00183010 -34.12238312
v -25.18503189 14.83787823 -34.33269119
v -25.22503471 14.54435158 -33.69200134
v -25.61626816 14.87982273 -34.12556839
v -24.08756828 13.99348354 -33.53065491
v -20.17300224 -18.63161087 -34.11345673
v -20.31858444 -18.56099319 -33.46351242
v -20.16720963 -18.36356735 -32.80229950
v -20.94638443 -18.37588882 -34.35896301
v -20.34312439 -17.97969246 -32.42877197
v -15.82877541 -16.45496941 -33.38789368
v -16.28355789 -16.96430779 -34.04246902
v -16.44627953 -17.12244987 -33.40748215
v -16.84692574 -17.07747650 -34.33410645
v -16.62896156 -16.31449509 -32.38638306
v -15.82656384 -15.89218044 -34.29671860
v -23.58668137 -17.44934273 -33.77431870
v -24.05439186 -17.12397575 -33.36619568
v -24.49711418 -16.75445175 -33.93846130
v -24.76297188 -16.31905174 -33.44502640
v -24.90534210 -15.64414597 -33.26045227
v -24.64572334 -16.31030846 -34.19834518
v -25.89189529 15.47963238 -33.66836548
v -23.17547607 13.10153580 -33.74985886
v -18.27480698 13.38015270 -33.24419022
v -17.48328400 13.83723736 -34.34326935
v -19.24753571 12.91271877 -33.71028137
v -3.51597285 -27.23040962 -2.99757671
v -10.11314774 -26.51129532 -4.76677990
v -4.33406305 -27.99123192 -2.88277531
v -3.31617641 -27.85657692 -3.66173863
v -4.39309645 -27.25150108 -2.44358158
v -9.99086857 -27.44244957 -5.25126219
v -15.84546947 -26.25870705 -9.35624981
v -16.13363075 -26.25575829 -9.79541779
v -16.11809540 -26.58101845 -10.43374920
v -16.35549355 -25.84924126 -10.19782734
v -10.63607311 -26.00753975 -4.72854805
v -10.71106243 -27.34055138 -5.03240252
v -10.81196117 -26.62241173 -4.68441772
v -18.20758438 -18.63076973 -4.45239305
v -18.52197075 -18.62423897 -4.78278875
v -18.40906525 -19.20235252 -5.00596666
v -18.09836578 -19.18644905 -4.65376902
v -17.88635063 -19.69526100 -4.96931458
v -18.17672539 -19.71685219 -5.31803656
v -18.62697792 -18.85305214 -5.29160070
v -18.33439255 -19.62574768 -5.70625448
v -17.18427277 -16.91159439 -4.52190542
v -9.87764740 -39.00872803 -8.18185425
v -9.92509460 -32.86891556 -8.42356873
v -9.59891224 -32.90940857 -8.05467701
v -10.07165146 -32.20775604 -8.26463699
v -9.75210381 -32.20996857 -7.89095402
v -9.18818188 -32.76175308 -7.77644205
v -11.59924507 -18.79012108 0.44677699
v -11.64406013 -19.89663887 0.10806063
v -12.24334335 -19.81348610 -0.15729879
v -11.50161171 -20.82178879 -0.58569705
v -12.04707527 -20.78460884 -0.85279429
v -12.60723114 -20.34204483 -0.97523141
v -12.79602146 -19.37150002 -0.36831191
v -19.94561195 -16.47018814 -9.33249950
v -22.66192627 -8.35600471 -15.90229130
v -22.71679878 -8.51833248 -15.52413082
v -22.69689369 -8.56520081 -15.13038445
v -22.58962250 -9.29742718 -15.85710812
v -15.30511379 -26.58449554 -16.81098557
v -15.05455208 -27.20989799 -16.68694115
v -14.95407486 -27.29721069 -17.19101334
v -14.96650314 -26.76788712 -17.56730461
v -23.64992714 1.80661893 -15.67903423
v -23.04335022 -0.10400572 -15.66062927
v -23.61564636 1.69197559 -16.26575851
v -23.42190552 1.58378339 -16.82320213
v -8.67814541 -30.28652000 -23.68215561
v -8.84412003 -31.19613457 -23.21808052
v -2.65643787 -32.47474670 -5.83738041
v -4.08734608 -32.47382736 -5.81264305
v -4.46102953 -31.88230896 -5.76460266
v -3.30553889 -32.32616425 -5.58734560
v 0.03579640 -42.60501099 -9.07793522
v -2.71110010 47.60744858 29.56995964
v -2.77081776 47.31591797 27.79980850
v -2.40724540 46.36485672 27.95842361
v -2.33351994 46.63679886 29.71656799
v -2.38681293 47.12528229 26.32171631
v -2.06041932 46.22993851 26.52646255
v -1.32079363 45.67794418 26.63873482
v -1.74487376 45.71891403 28.01845741
v -2.15257621 47.95164108 31.06890678
v -1.79553378 47.02111816 31.20529747
v -2.76734209 48.28435516 27.59843254
v -2.70362234 48.60263824 29.35784149
v -2.40134740 48.04463959 26.17731857
v -2.15247083 48.90544128 30.86173630
v -1.33295846 49.13156509 31.85661125
v -1.36518705 46.21298218 25.77530479
v -1.67978466 47.11138153 25.54327965
v -1.70464063 48.02726364 25.42078972
v -0.82888615 45.51279831 27.85868454
v -8.97756386 -33.61570358 -21.35261154
v -8.33646679 -33.51964951 -22.19445229
v -8.78145313 -34.03857040 -22.46218300
v -8.26663876 -34.25079727 -23.01575661
v -9.54946327 -34.47471237 -20.01523018
v -9.37694550 -33.93904114 -20.58207512
v -8.79030037 -38.03892517 -22.44253922
v -8.14930916 -35.67206573 -23.92558289
v -7.30304480 -36.45866776 -23.74901009
v -7.83123589 -34.81627274 -23.43746567
v -9.74041271 -36.82897949 -7.82575941
v -11.31024075 -35.83168411 -22.75687408
v -10.55139351 -37.45417404 -23.51540375
v -11.49055290 -36.33133316 -23.58818245
v -11.20828915 -36.93851471 -23.68844986
v -11.04072094 -36.83572006 -24.17756653
v -7.31057596 -38.50665665 -7.42890549
v -9.75147152 -37.44037628 -6.96948957
v -9.23644543 -37.37528610 -6.64277983
v -9.69207001 -38.22618484 -6.94663429
v -9.11880016 -38.09169006 -6.61655474
v -8.92216396 -38.76164246 -6.80318546
v -9.48953533 -38.92952728 -7.11609793
v -9.89534187 -38.99693298 -7.51126719
v -10.10029888 -38.34077454 -7.38761854
v -10.10777664 -37.57086945 -7.41163206
v -10.69210434 -36.65235519 -24.54682541
v -11.60661793 -35.72941589 -23.44673538
v -21.06531906 -18.30721855 -20.04221916
v -20.13990593 -19.60513115 -20.04622078
v -21.63899040 -18.01533127 -21.52972412
v -20.75884438 -18.55810928 -22.03415298
v -22.15643120 -18.00668144 -22.15032387
v -22.53443336 -17.67254829 -22.07554436
v -8.46016788 28.54430580 -6.54814768
v -8.28812408 28.99985123 -5.92922163
f 2 3 4
f 2 4 1
f 5 7 6
f 8 1 9
f 9 10 11
f 6 7 12
f 3 6 4
f 13 14 15
f 9 1 16
f 10 9 16
f 10 16 17
f 18 19 20
f 18 20 21
f 21 20 14
f 21 14 13
f 15 14 3
f 15 3 22
f 15 22 8
f 20 19 5
f 20 5 6
f 14 20 6
f 14 6 3
f 24 25 27
f 11 23 9
f 23 15 9
f 9 15 8
f 15 31 30
f 32 27 33
f 27 34 33
f 35 33 34
f 36 32 33
f 36 33 35
f 34 28 37
f 34 37 35
f 18 21 39
f 18 39 40
f 21 13 41
f 21 41 39
f 39 41 42
f 39 42 43
f 40 39 43
f 40 43 44
f 13 15 30
f 13 30 41
f 41 30 42
f 45 46 47
f 45 47 38
f 46 45 48
f 48 49 50
f 50 49 51
f 50 51 52
f 52 51 53
f 45 54 48
f 48 54 55
f 48 55 49
f 56 58 57
f 60 62 61
f 61 7 5
f 59 57 63
f 59 63 64
f 57 58 65
f 57 65 63
f 63 65 66
f 63 66 67
f 64 63 67
f 64 67 68
f 69 62 60
f 7 61 70
f 61 62 71
f 61 71 70
f 70 71 72
f 7 70 12
f 73 74 45
f 62 69 75
f 62 75 71
f 69 59 64
f 69 64 75
f 75 64 68
f 71 75 72
f 76 77 78
f 76 78 79
f 79 78 80
f 79 80 81
f 82 83 84
f 82 84 85
f 85 84 19
f 85 19 18
f 80 78 57
f 80 57 59
f 78 77 57
f 57 77 56
f 81 80 86
f 81 86 87
f 87 86 83
f 87 83 82
f 19 84 61
f 19 61 5
f 84 83 60
f 84 60 61
f 36 73 38
f 36 38 32
f 83 86 60
f 86 80 59
f 86 59 69
f 60 86 69
f 38 47 24
f 38 24 27
f 47 46 88
f 47 88 24
f 53 89 90
f 53 90 91
f 89 82 85
f 89 85 90
f 90 85 18
f 90 18 40
f 91 90 40
f 91 40 44
f 32 38 27
f 46 48 92
f 46 92 93
f 48 50 94
f 48 94 92
f 92 94 95
f 92 95 96
f 93 92 96
f 97 76 79
f 97 79 98
f 98 79 81
f 81 87 99
f 81 99 51
f 87 82 89
f 87 89 99
f 99 89 53
f 99 53 51
f 88 46 93
f 88 93 100
f 24 88 100
f 24 100 101
f 102 103 104
f 103 26 105
f 103 105 104
f 104 105 106
f 102 104 106
f 102 106 107
f 108 109 110
f 108 29 109
f 29 26 103
f 111 42 30
f 49 55 51
f 42 111 112
f 42 112 113
f 111 102 112
f 112 102 107
f 112 107 114
f 113 112 114
f 109 30 115
f 110 109 115
f 26 29 25
f 29 28 25
f 25 28 27
f 27 28 34
f 3 2 22
f 22 2 1
f 22 1 8
f 122 117 121
f 123 118 117
f 124 125 118
f 124 118 123
f 126 127 128
f 126 128 124
f 124 128 125
f 129 127 126
f 120 119 129
f 117 122 123
f 130 131 133
f 131 132 133
f 135 136 134
f 134 136 132
f 134 132 131
f 139 135 138
f 135 134 138
f 138 134 131
f 138 131 140
f 140 131 130
f 140 130 133
f 140 133 142
f 141 140 142
f 141 142 143
f 146 147 145
f 144 146 145
f 145 147 148
f 145 148 149
f 150 151 152
f 153 154 151
f 150 153 151
f 151 154 155
f 152 151 155
f 152 155 156
f 152 156 157
f 158 159 160
f 158 161 159
f 161 162 159
f 159 162 153
f 160 159 153
f 160 153 150
f 138 140 164
f 140 163 164
f 137 138 164
f 137 164 165
f 167 168 166
f 132 136 135
f 135 166 168
f 135 169 170
f 169 171 170
f 171 167 166
f 170 171 166
f 170 166 135
f 157 156 176
f 132 135 168
f 167 177 168
f 133 132 168
f 146 144 178
f 146 178 179
f 137 181 180
f 144 145 181
f 149 180 145
f 145 180 181
f 182 157 148
f 157 176 148
f 148 176 183
f 183 176 2167
f 149 148 180
f 183 2167 175
f 183 175 172
f 180 148 184
f 148 183 172
f 148 172 184
f 180 184 137
f 137 184 138
f 138 185 139
f 184 172 138
f 172 173 138
f 138 173 174
f 138 174 185
f 185 174 169
f 139 185 169
f 139 169 135
f 179 158 160
f 179 160 186
f 186 160 150
f 179 186 146
f 186 187 146
f 186 150 187
f 187 150 152
f 187 152 188
f 188 152 157
f 188 157 182
f 147 146 188
f 146 187 188
f 188 182 148
f 147 188 148
f 167 171 189
f 169 174 171
f 189 171 174
f 179 190 158
f 158 190 191
f 161 158 192
f 181 137 144
f 144 137 165
f 178 193 190
f 179 178 190
f 178 144 193
f 140 141 194
f 140 194 163
f 141 143 195
f 141 195 194
f 190 193 196
f 191 190 196
f 144 197 193
f 193 197 196
f 200 203 198
f 200 201 203
f 198 203 191
f 198 191 196
f 163 194 204
f 204 194 205
f 205 194 195
f 205 195 206
f 1012 204 205
f 208 204 207
f 207 204 1012
f 1012 205 209
f 209 205 206
f 209 206 210
f 212 214 215
f 216 217 218
f 222 165 164
f 222 164 221
f 221 164 163
f 221 163 204
f 227 228 229
f 230 204 208
f 230 208 207
f 233 234 235
f 232 233 236
f 237 238 239
f 241 165 222
f 1072 241 222
f 1072 222 221
f 228 243 244
f 228 244 245
f 243 246 247
f 243 247 244
f 244 247 248
f 245 244 248
f 249 250 1072
f 165 241 250
f 165 250 144
f 241 1072 250
f 144 250 249
f 253 196 197
f 253 197 252
f 197 144 249
f 252 197 249
f 254 192 158
f 254 256 192
f 255 254 158
f 203 201 255
f 191 203 255
f 191 255 158
f 198 199 257
f 200 198 257
f 258 260 259
f 260 261 259
f 259 261 262
f 259 264 265
f 264 266 265
f 259 265 267
f 259 267 258
f 264 268 266
f 268 270 266
f 266 270 272
f 266 272 269
f 269 272 273
f 266 269 265
f 269 273 265
f 265 273 274
f 265 274 267
f 271 275 270
f 275 276 272
f 270 275 272
f 277 278 276
f 275 277 276
f 276 278 280
f 276 280 279
f 279 280 281
f 279 281 282
f 272 279 273
f 272 276 279
f 273 279 282
f 273 282 274
f 277 283 284
f 277 284 278
f 283 285 284
f 278 284 280
f 280 284 286
f 280 286 281
f 285 287 288
f 287 289 288
f 287 290 289
f 289 1012 288
f 288 1012 291
f 291 292 293
f 285 288 294
f 285 294 284
f 288 291 294
f 294 291 293
f 284 294 293
f 284 293 286
f 296 297 298
f 296 299 300
f 296 300 297
f 297 290 287
f 298 297 301
f 301 297 287
f 301 287 285
f 302 304 305
f 302 305 303
f 303 305 306
f 302 303 306
f 302 306 307
f 308 309 310
f 311 313 314
f 260 318 261
f 261 319 262
f 262 320 263
f 263 320 321
f 328 329 330
f 327 328 330
f 332 333 334
f 331 332 335
f 339 340 341
f 338 339 341
f 342 343 344
f 345 347 346
f 351 352 353
f 354 356 357
f 360 361 362
f 363 364 365
f 368 369 370
f 367 368 370
f 371 373 372
f 372 374 375
f 376 377 378
f 375 374 379
f 379 380 381
f 383 384 385
f 382 383 385
f 390 391 392
f 389 390 392
f 393 394 395
f 396 397 398
f 397 399 400
f 398 397 400
f 402 396 398
f 402 398 400
f 401 402 403
f 405 406 407
f 404 405 407
f 409 410 411
f 408 409 411
f 412 413 414
f 413 415 416
f 413 416 417
f 414 413 417
f 418 419 420
f 419 421 422
f 419 422 423
f 420 419 423
f 424 425 426
f 425 418 420
f 425 420 426
f 426 420 423
f 424 426 423
f 424 423 427
f 428 429 430
f 429 431 432
f 429 432 433
f 430 429 433
f 435 436 437
f 434 435 437
f 438 439 441
f 445 446 447
f 444 445 447
f 449 450 451
f 448 449 452
f 454 455 456
f 453 454 456
f 458 459 460
f 457 458 460
f 461 462 463
f 464 466 467
f 468 469 470
f 469 471 470
f 470 471 472
f 473 474 475
f 473 476 471
f 473 471 474
f 474 471 469
f 475 474 469
f 475 469 468
f 477 478 465
f 477 465 464
f 482 483 484
f 485 487 486
f 491 493 492
f 492 494 495
f 496 497 498
f 495 494 500
f 501 502 503
f 501 503 504
f 505 506 507
f 510 511 512
f 509 510 512
f 509 512 513
f 514 506 505
f 516 517 518
f 528 304 302
f 528 302 529
f 529 302 530
f 531 533 532
f 532 534 535
f 530 302 536
f 536 302 307
f 536 307 537
f 539 540 541
f 539 541 542
f 538 539 542
f 538 542 543
f 544 545 546
f 545 547 548
f 546 545 548
f 549 550 551
f 549 551 552
f 550 553 554
f 550 554 551
f 551 554 555
f 552 551 555
f 556 557 558
f 556 558 559
f 557 544 546
f 557 546 558
f 558 546 548
f 559 558 548
f 559 548 560
f 562 561 563
f 564 565 566
f 570 572 571
f 295 577 578
f 577 580 581
f 577 581 578
f 578 581 582
f 578 583 584
f 579 578 585
f 585 578 584
f 585 584 586
f 585 586 587
f 587 586 588
f 586 584 588
f 584 583 588
f 588 590 592
f 591 588 592
f 301 285 593
f 301 593 298
f 285 594 595
f 285 595 593
f 593 595 596
f 596 580 577
f 298 593 596
f 298 596 296
f 296 596 577
f 296 577 295
f 277 597 283
f 277 598 597
f 597 598 594
f 283 597 594
f 283 594 285
f 275 271 598
f 271 600 601
f 271 601 598
f 598 601 599
f 275 598 277
f 602 603 604
f 603 605 606
f 603 606 604
f 604 606 607
f 605 603 608
f 603 602 608
f 610 611 612
f 611 609 608
f 611 608 612
f 612 608 602
f 613 615 614
f 617 618 619
f 614 615 620
f 610 623 624
f 590 624 592
f 624 623 592
f 262 263 626
f 262 626 259
f 625 626 263
f 627 628 629
f 628 259 626
f 628 626 625
f 323 630 322
f 630 625 263
f 630 263 322
f 322 263 321
f 628 625 630
f 629 628 630
f 630 323 631
f 631 323 633
f 634 633 323
f 323 635 634
f 634 635 633
f 636 637 635
f 632 633 635
f 259 628 264
f 264 628 638
f 628 627 639
f 628 639 640
f 628 640 638
f 641 643 644
f 641 644 642
f 641 642 645
f 643 646 644
f 644 646 647
f 644 647 642
f 561 562 637
f 561 637 648
f 648 637 636
f 649 650 651
f 632 635 562
f 562 635 637
f 653 654 655
f 654 656 657
f 655 654 657
f 658 659 660
f 659 661 662
f 660 659 662
f 664 665 666
f 664 666 667
f 668 669 670
f 669 658 660
f 669 660 670
f 670 660 662
f 668 670 662
f 668 662 671
f 672 673 674
f 673 675 676
f 673 676 674
f 674 676 677
f 672 674 677
f 672 677 678
f 679 680 681
f 682 683 684
f 685 686 687
f 686 688 687
f 687 688 689
f 602 604 690
f 271 691 690
f 271 690 604
f 692 693 694
f 692 694 691
f 693 690 694
f 694 690 691
f 264 638 268
f 638 640 696
f 638 696 268
f 268 696 697
f 268 697 695
f 695 698 691
f 695 697 699
f 695 699 698
f 698 699 692
f 698 692 691
f 268 695 270
f 270 695 691
f 270 691 271
f 701 702 703
f 700 701 704
f 705 706 707
f 706 708 709
f 707 706 709
f 712 705 707
f 656 712 657
f 714 715 716
f 715 717 718
f 715 718 719
f 716 715 719
f 716 719 720
f 721 722 723
f 721 723 724
f 725 726 727
f 721 725 727
f 721 727 722
f 727 726 728
f 727 728 729
f 722 727 729
f 722 729 730
f 723 722 730
f 724 723 730
f 731 732 733
f 731 733 734
f 731 734 735
f 737 738 739
f 737 739 740
f 736 737 740
f 736 740 741
f 742 743 744
f 738 742 744
f 738 744 739
f 744 743 745
f 744 745 746
f 739 744 746
f 740 739 746
f 741 740 746
f 747 749 717
f 747 717 715
f 748 747 715
f 748 715 714
f 732 750 751
f 721 724 751
f 750 721 751
f 751 724 730
f 742 752 753
f 742 753 743
f 742 731 752
f 752 731 735
f 752 735 754
f 752 754 755
f 753 752 755
f 753 755 756
f 743 753 756
f 743 756 745
f 749 757 758
f 757 736 741
f 757 741 758
f 758 741 746
f 749 758 746
f 749 746 717
f 725 759 760
f 725 760 726
f 725 747 748
f 725 748 761
f 725 761 759
f 761 748 714
f 761 714 762
f 759 761 762
f 759 762 763
f 760 759 763
f 760 763 764
f 726 760 764
f 726 764 728
f 765 766 725
f 725 766 747
f 767 769 768
f 770 772 757
f 772 773 736
f 772 736 757
f 768 770 757
f 768 757 749
f 875 774 775
f 779 778 742
f 778 731 742
f 780 779 742
f 782 783 721
f 750 782 721
f 781 782 750
f 781 750 732
f 784 767 747
f 767 768 749
f 767 749 747
f 766 784 747
f 785 786 787
f 786 788 789
f 787 786 789
f 788 786 790
f 786 785 791
f 786 791 792
f 790 786 792
f 788 780 742
f 788 742 738
f 773 737 736
f 773 788 738
f 773 738 737
f 778 779 793
f 777 781 732
f 777 732 731
f 778 777 731
f 783 765 725
f 783 725 721
f 797 798 796
f 795 797 796
f 795 796 799
f 799 796 800
f 802 803 804
f 801 802 804
f 801 804 805
f 802 806 807
f 802 807 808
f 802 808 803
f 803 808 809
f 803 809 810
f 808 807 811
f 808 811 809
f 809 811 812
f 809 812 813
f 810 809 813
f 810 813 814
f 805 804 815
f 805 815 816
f 804 803 810
f 804 810 815
f 815 810 814
f 815 814 817
f 816 815 817
f 816 817 692
f 719 818 819
f 719 820 821
f 719 821 818
f 818 821 822
f 819 818 823
f 818 822 823
f 640 823 822
f 824 825 826
f 825 720 827
f 825 827 826
f 826 827 828
f 828 829 830
f 826 828 831
f 831 828 830
f 797 832 798
f 797 824 826
f 797 826 832
f 832 826 831
f 798 832 833
f 832 831 833
f 834 835 836
f 806 834 836
f 806 836 807
f 795 799 837
f 835 795 837
f 835 837 838
f 807 836 811
f 836 835 838
f 836 838 839
f 811 836 839
f 811 839 812
f 820 840 841
f 820 841 842
f 820 842 821
f 843 801 805
f 843 805 844
f 840 843 844
f 840 844 841
f 841 844 845
f 844 805 816
f 844 816 692
f 844 692 699
f 845 844 699
f 845 699 697
f 821 842 846
f 821 846 822
f 842 841 845
f 842 845 846
f 846 845 697
f 846 697 696
f 822 846 696
f 822 696 640
f 730 797 795
f 732 751 795
f 751 730 795
f 755 754 802
f 754 735 806
f 754 806 802
f 745 756 802
f 745 802 801
f 756 755 802
f 717 746 718
f 746 820 719
f 718 746 719
f 762 714 716
f 763 762 716
f 763 716 720
f 763 720 825
f 728 764 824
f 764 763 824
f 824 763 825
f 730 729 797
f 729 728 824
f 729 824 797
f 733 795 835
f 733 732 795
f 735 734 834
f 735 834 806
f 734 733 835
f 734 835 834
f 746 843 840
f 746 745 801
f 746 801 843
f 746 840 820
f 631 633 847
f 847 633 848
f 848 633 632
f 848 632 574
f 861 849 850
f 847 848 850
f 849 847 850
f 850 848 574
f 850 574 563
f 850 563 566
f 851 852 853
f 851 854 852
f 852 854 576
f 852 576 575
f 852 575 855
f 853 852 855
f 851 856 854
f 851 861 850
f 851 850 856
f 856 850 566
f 854 856 576
f 576 856 566
f 799 800 857
f 800 796 858
f 800 858 859
f 857 800 859
f 857 859 860
f 796 798 861
f 858 796 861
f 858 861 859
f 859 861 851
f 860 859 851
f 862 863 829
f 863 627 629
f 829 863 865
f 837 799 857
f 837 857 860
f 838 837 851
f 837 860 851
f 812 839 851
f 839 838 851
f 798 833 861
f 831 847 849
f 861 833 849
f 833 831 849
f 830 829 864
f 864 865 631
f 831 830 847
f 830 864 631
f 830 631 847
f 720 719 866
f 719 819 866
f 866 867 868
f 866 819 869
f 866 869 867
f 867 869 627
f 867 627 863
f 868 867 863
f 868 863 862
f 827 720 828
f 720 866 868
f 720 868 828
f 828 868 862
f 828 862 829
f 865 864 829
f 865 863 870
f 629 870 863
f 713 871 766
f 713 766 765
f 881 713 872
f 872 713 765
f 873 874 767
f 873 767 784
f 713 873 871
f 871 873 784
f 871 784 766
f 713 771 873
f 873 771 769
f 874 873 769
f 874 769 767
f 713 875 771
f 875 785 771
f 713 876 774
f 713 774 875
f 877 878 781
f 877 781 794
f 879 880 783
f 879 783 782
f 877 713 878
f 713 879 878
f 878 879 782
f 878 782 781
f 713 881 879
f 881 872 765
f 881 765 783
f 879 881 880
f 880 881 783
f 812 882 883
f 851 710 812
f 812 710 882
f 882 710 568
f 882 568 567
f 883 882 567
f 812 883 813
f 813 883 567
f 813 567 884
f 813 884 885
f 814 813 886
f 814 886 817
f 886 813 885
f 886 885 887
f 817 886 887
f 817 887 692
f 851 853 710
f 710 853 711
f 853 855 888
f 853 888 711
f 569 711 888
f 610 624 890
f 610 890 891
f 590 890 624
f 894 895 893
f 892 894 893
f 893 895 896
f 899 900 901
f 899 901 902
f 898 899 902
f 898 902 904
f 905 906 907
f 908 909 910
f 900 912 913
f 900 913 901
f 912 892 893
f 912 893 913
f 913 896 914
f 913 893 896
f 896 897 915
f 914 896 915
f 901 913 914
f 914 915 916
f 901 914 916
f 901 916 903
f 906 898 904
f 906 904 917
f 906 917 918
f 906 918 907
f 909 919 920
f 919 905 920
f 920 905 907
f 920 907 910
f 909 920 910
f 894 921 895
f 894 908 921
f 908 911 922
f 921 908 922
f 895 921 896
f 921 922 897
f 896 921 897
f 923 924 925
f 923 925 926
f 927 928 925
f 924 927 925
f 925 928 908
f 925 908 894
f 926 925 894
f 929 931 930
f 933 932 934
f 932 933 905
f 932 905 919
f 929 930 919
f 929 919 909
f 930 932 919
f 936 937 938
f 1005 939 940
f 942 943 898
f 942 898 906
f 936 942 906
f 944 945 946
f 945 947 948
f 945 948 946
f 946 948 912
f 912 948 892
f 946 912 900
f 927 949 928
f 927 929 909
f 927 909 949
f 949 909 908
f 928 949 908
f 931 950 951
f 952 953 954
f 953 1005 955
f 937 936 905
f 936 906 905
f 933 937 905
f 956 957 958
f 957 943 959
f 944 946 956
f 956 946 899
f 899 946 900
f 943 957 898
f 957 956 899
f 957 899 898
f 947 960 948
f 923 926 960
f 947 923 960
f 960 894 892
f 960 926 894
f 948 960 892
f 961 962 968
f 961 968 580
f 962 963 968
f 968 582 581
f 580 968 581
f 599 969 598
f 598 969 594
f 970 594 969
f 972 971 964
f 972 964 974
f 974 964 965
f 970 975 976
f 970 976 594
f 975 596 595
f 975 961 580
f 975 580 596
f 976 975 595
f 976 595 594
f 911 908 977
f 908 910 977
f 977 910 601
f 910 979 601
f 601 979 599
f 977 601 600
f 978 911 600
f 911 977 600
f 978 600 271
f 980 907 975
f 907 961 975
f 980 975 970
f 981 971 972
f 983 984 985
f 967 981 986
f 981 972 974
f 981 974 986
f 986 974 966
f 986 966 967
f 987 897 988
f 897 989 988
f 988 990 991
f 988 989 990
f 990 989 605
f 990 605 608
f 991 990 608
f 991 608 609
f 988 991 609
f 988 609 611
f 988 611 610
f 922 911 978
f 922 992 993
f 922 978 992
f 992 978 271
f 992 271 604
f 993 992 604
f 993 604 607
f 989 897 994
f 897 922 993
f 897 993 994
f 994 993 607
f 994 607 606
f 989 994 606
f 989 606 605
f 910 907 995
f 910 995 996
f 910 996 979
f 907 980 995
f 995 980 969
f 980 970 969
f 996 995 969
f 979 996 969
f 979 969 599
f 918 917 997
f 918 997 963
f 918 963 962
f 907 918 962
f 907 962 961
f 916 915 999
f 915 987 999
f 915 897 987
f 999 987 988
f 999 988 891
f 891 988 610
f 903 916 890
f 916 999 891
f 916 891 890
f 1010 889 1000
f 1010 1000 927
f 1010 927 924
f 1001 1010 924
f 1001 924 923
f 889 950 1002
f 1002 1003 929
f 1002 929 927
f 889 1002 1000
f 1000 1002 927
f 1002 950 1003
f 1003 950 931
f 1003 931 929
f 1005 953 952
f 950 1005 1004
f 1004 1005 952
f 1004 952 950
f 950 889 1007
f 1008 944 939
f 950 1007 1008
f 950 1008 939
f 950 939 1005
f 1009 947 945
f 1007 1009 945
f 1007 945 944
f 1008 1007 944
f 889 1010 1007
f 1010 1001 923
f 1010 923 947
f 1007 1010 1011
f 1007 1011 1009
f 1011 1010 947
f 1009 1011 947
f 210 292 209
f 292 291 209
f 209 291 1012
f 289 290 1012
f 1022 1023 1024
f 1040 1041 1042
f 1042 1041 1043
f 1047 1041 1040
f 1026 1055 1056
f 1026 1025 1055
f 1056 1055 1057
f 1056 1057 1058
f 1059 1060 1061
f 1060 1062 1061
f 1065 1066 1067
f 116 1071 1070
f 1069 116 1070
f 252 249 251
f 118 251 249
f 116 1077 1071
f 127 1074 1073
f 125 251 118
f 119 116 1075
f 119 1075 129
f 118 1076 117
f 1076 1077 117
f 1072 1077 1076
f 118 1072 1076
f 119 121 116
f 121 117 1077
f 116 121 1077
f 1069 1068 116
f 118 249 1072
f 121 119 1078
f 123 122 1080
f 1079 123 1080
f 126 124 1081
f 120 129 1082
f 119 1082 1078
f 119 120 1082
f 121 1078 1080
f 122 121 1080
f 124 1079 1081
f 124 123 1079
f 129 126 1081
f 129 1081 1082
f 1083 1078 1082
f 1083 1082 1085
f 1086 1080 1083
f 1080 1078 1083
f 1086 1079 1080
f 1086 1081 1079
f 1087 1081 1086
f 1088 1087 1086
f 1088 1082 1087
f 1087 1082 1081
f 1083 1085 1088
f 1085 1082 1088
f 1088 1084 1083
f 1086 1083 1084
f 1086 1089 1088
f 1088 1089 1084
f 1086 1084 1089
f 257 201 1090
f 257 1090 200
f 199 1091 257
f 257 1091 202
f 257 202 201
f 201 200 1090
f 255 201 1091
f 1091 201 202
f 254 255 1091
f 254 1091 199
f 561 565 564
f 711 568 710
f 569 568 711
f 575 1092 888
f 1093 1092 575
f 569 888 1092
f 575 888 855
f 566 565 575
f 566 575 576
f 1093 575 565
f 561 1094 565
f 1093 565 1094
f 563 561 564
f 563 564 566
f 562 563 632
f 563 574 632
f 1095 1096 1097
f 1095 1097 1098
f 1096 1099 1100
f 1096 1100 1097
f 1098 1097 1101
f 1099 1102 1100
f 1102 477 1103
f 1102 1103 1100
f 1100 1103 1104
f 468 470 1105
f 468 1105 1106
f 470 472 1107
f 470 1107 1105
f 1105 1107 1106
f 472 1109 1110
f 472 1110 1107
f 1109 1095 1098
f 1109 1098 1110
f 1110 1098 1101
f 473 475 1111
f 475 468 1106
f 475 1106 1111
f 1111 1106 1108
f 1111 1108 1112
f 467 1113 1111
f 467 1111 1114
f 1113 473 1111
f 1111 1112 1114
f 477 464 1115
f 477 1115 1103
f 464 1116 1115
f 1115 1116 1117
f 1103 1115 1117
f 1103 1117 1104
f 464 467 1114
f 464 1114 1116
f 1116 1114 587
f 1116 587 1117
f 484 1118 1119
f 484 1119 1120
f 1118 1121 1122
f 1118 1122 1119
f 1120 1119 1123
f 1121 1124 1125
f 1121 1125 1122
f 1124 479 1126
f 1124 1126 1125
f 1125 1126 1101
f 485 486 1127
f 486 488 1127
f 1129 1130 1131
f 1129 1131 1132
f 1130 485 1127
f 1130 1127 1131
f 1131 1127 1128
f 1132 1131 1108
f 480 1133 1106
f 480 1106 1134
f 1133 1129 1132
f 1133 1132 1106
f 1106 1132 1108
f 1134 1106 1107
f 479 480 1135
f 479 1135 1126
f 480 1134 1135
f 1135 1134 1107
f 1135 1107 1110
f 1126 1135 1110
f 1126 1110 1101
f 488 1136 1137
f 488 1137 1127
f 1136 481 1138
f 1136 1138 1137
f 1137 1138 1127
f 481 482 1139
f 481 1139 1138
f 482 484 1120
f 482 1120 1139
f 1139 1120 1123
f 1140 1141 1142
f 1141 491 1142
f 491 492 1142
f 492 495 1144
f 492 1144 1142
f 1142 1144 1123
f 499 1145 1146
f 1145 489 1146
f 1146 1147 1148
f 496 498 1146
f 496 1146 1149
f 498 499 1146
f 1149 1146 1148
f 1149 1148 1128
f 500 1150 1127
f 500 1127 1151
f 1150 496 1149
f 1150 1149 1127
f 1127 1149 1128
f 1151 1127 1138
f 495 500 1144
f 500 1151 1144
f 1144 1151 1138
f 1144 1138 1139
f 1144 1139 1123
f 490 1152 1153
f 490 1153 1154
f 1152 1140 1142
f 1152 1142 1153
f 1153 1142 1143
f 489 490 1155
f 489 1155 1146
f 490 1154 1155
f 1146 1155 1147
f 450 449 1156
f 449 448 1156
f 448 1158 1156
f 1158 1159 1160
f 1158 1160 1156
f 1156 1160 1161
f 455 454 1142
f 455 1142 1162
f 454 453 1142
f 1142 453 1143
f 457 1163 1142
f 457 1142 1164
f 1163 455 1162
f 1163 1162 1142
f 1164 1142 1123
f 459 458 1164
f 459 1164 1165
f 458 457 1164
f 1159 1166 1167
f 1159 1167 1160
f 1166 459 1165
f 1166 1165 1167
f 1160 1167 1161
f 461 1168 1169
f 461 1169 1170
f 1168 450 1156
f 1168 1156 1169
f 1169 1156 1157
f 462 461 1170
f 453 462 1143
f 444 1171 1172
f 1171 436 1172
f 436 435 1172
f 435 434 1172
f 438 1174 1122
f 1174 1123 1119
f 1122 1174 1119
f 440 439 1125
f 440 1125 1176
f 439 438 1122
f 439 1122 1125
f 1176 1125 1101
f 442 440 1176
f 434 443 442
f 434 442 1172
f 1172 442 1173
f 1175 1177 1174
f 1177 446 1165
f 1177 1165 1164
f 1174 1177 1164
f 1174 1164 1123
f 446 445 1178
f 446 1178 1165
f 445 444 1172
f 445 1172 1178
f 1178 1172 1161
f 1178 1161 1167
f 1165 1178 1167
f 418 425 1179
f 418 1179 1180
f 425 424 1181
f 425 1181 1179
f 1180 1179 1173
f 424 1182 1183
f 424 1183 1181
f 1182 1184 1185
f 1182 1185 1183
f 1183 1185 1186
f 431 429 1097
f 431 1097 1100
f 429 428 1187
f 429 1187 1097
f 1097 1187 1101
f 412 1188 1189
f 412 1189 1190
f 1188 431 1100
f 1188 1100 1189
f 1190 1189 1100
f 1190 1100 1104
f 1184 1191 1192
f 1184 1192 1185
f 1191 415 1192
f 1185 1192 1186
f 415 413 1192
f 413 412 1190
f 413 1190 1192
f 1192 1190 1104
f 428 1193 1194
f 428 1194 1187
f 1193 421 1195
f 1193 1195 1194
f 1194 1195 442
f 1194 442 1176
f 1187 1194 1176
f 1187 1176 1101
f 421 419 1195
f 419 418 1180
f 419 1180 1195
f 1195 1180 1173
f 1195 1173 442
f 396 402 1196
f 402 401 1196
f 401 1198 1196
f 1198 1199 1200
f 1198 1200 1196
f 1196 1200 1201
f 406 405 1156
f 405 404 1202
f 405 1202 1156
f 1156 1202 1157
f 408 1203 1204
f 1203 406 1156
f 1203 1156 1204
f 1204 1156 1161
f 410 409 1204
f 410 1204 1205
f 409 408 1204
f 1199 1206 1207
f 1199 1207 1200
f 1206 410 1205
f 1206 1205 1207
f 1200 1207 1201
f 399 397 1208
f 397 396 1196
f 397 1196 1208
f 1208 1196 1197
f 404 1209 1210
f 404 1210 1202
f 1209 399 1208
f 1209 1208 1210
f 1202 1210 1157
f 390 389 391
f 391 389 1213
f 393 1214 1172
f 1214 388 1215
f 1214 1215 1172
f 1172 1215 1161
f 382 394 1216
f 394 393 1172
f 394 1172 1216
f 1216 1172 1173
f 384 383 1216
f 383 382 1216
f 389 1217 1213
f 388 387 1215
f 387 386 1205
f 387 1205 1204
f 1215 387 1204
f 1215 1204 1161
f 386 1218 1207
f 386 1207 1205
f 1218 1211 1212
f 1218 1212 1207
f 1207 1212 1201
f 1219 1220 1221
f 1219 1221 1222
f 1220 1223 1224
f 1220 1224 1221
f 1222 1221 1213
f 1223 1225 1226
f 1223 1226 1224
f 1225 376 1227
f 1225 1227 1226
f 1226 1227 569
f 371 372 1179
f 371 1179 1181
f 372 375 1228
f 372 1228 1179
f 1179 1228 1173
f 1229 1230 1231
f 1229 1231 1232
f 1230 371 1181
f 1230 1181 1231
f 1231 1181 1183
f 1232 1231 1183
f 1232 1183 1186
f 376 378 1233
f 376 1233 1227
f 378 1234 1233
f 1227 1233 569
f 378 1235 1234
f 1235 1229 1232
f 1235 1232 1234
f 1234 1232 1186
f 375 379 1236
f 375 1236 1228
f 379 381 384
f 379 384 1236
f 1236 384 1216
f 1228 1236 1216
f 1228 1216 1173
f 381 1237 1238
f 381 1238 384
f 1237 1219 1222
f 1237 1222 1238
f 1238 1222 1213
f 1238 1213 1217
f 384 1238 1217
f 333 332 1239
f 332 331 1239
f 331 1241 1239
f 1241 1242 1243
f 1241 1243 1239
f 1239 1243 1244
f 340 339 1196
f 339 338 1245
f 339 1245 1196
f 1196 1245 1197
f 327 1246 1196
f 327 1196 1247
f 1246 340 1196
f 1247 1196 1201
f 1242 1248 1249
f 1242 1249 1243
f 1248 329 1250
f 1248 1250 1249
f 1243 1249 1244
f 329 328 1251
f 329 1251 1250
f 328 327 1247
f 328 1247 1251
f 1251 1247 1201
f 338 337 1252
f 338 1252 1245
f 337 336 1253
f 337 1253 1252
f 1245 1252 1197
f 336 1254 1239
f 336 1239 1253
f 1254 333 1239
f 364 363 391
f 363 1201 1212
f 391 363 1212
f 367 1256 391
f 1256 364 391
f 367 391 1213
f 366 361 1249
f 366 1249 1250
f 1249 361 1244
f 1257 366 1250
f 1257 1250 1251
f 363 1257 1251
f 363 1251 1201
f 369 368 367
f 360 1258 361
f 361 1258 1255
f 700 1259 1221
f 700 1221 1224
f 1259 1260 1261
f 1259 1261 1221
f 1221 1261 1213
f 702 701 1262
f 702 1262 1263
f 701 700 1224
f 701 1224 1262
f 1262 1224 1226
f 1263 1262 1226
f 1263 1226 569
f 1260 1264 1265
f 1260 1265 1261
f 1264 708 1266
f 1264 1266 1265
f 1265 1266 369
f 1265 369 367
f 1261 1265 367
f 1261 367 1213
f 708 706 1258
f 708 1258 1266
f 706 705 1255
f 706 1255 1258
f 1266 1258 369
f 1267 1268 569
f 1268 702 1263
f 1268 1263 569
f 705 712 1255
f 712 656 1255
f 656 654 1269
f 656 1269 1255
f 654 653 1270
f 654 1270 1269
f 1269 1270 1093
f 653 1271 1272
f 653 1272 1270
f 1271 1267 569
f 1271 569 1272
f 1272 569 1092
f 1270 1272 1092
f 1270 1092 1093
f 650 649 1273
f 649 1274 1273
f 649 1275 1274
f 1275 572 1277
f 1275 1277 1274
f 1274 1277 1278
f 1274 1278 1276
f 572 570 1277
f 1277 636 1278
f 641 1255 1279
f 641 650 1273
f 641 1273 1255
f 643 641 1279
f 643 1279 1280
f 1279 1255 1269
f 1280 1279 1269
f 1280 1269 1093
f 570 1281 1277
f 570 646 1281
f 1281 561 648
f 1277 1281 648
f 1277 648 636
f 646 1094 1281
f 646 643 1280
f 646 1280 1094
f 1094 1280 1093
f 1281 1094 561
f 352 351 361
f 361 351 1244
f 358 352 361
f 358 361 1255
f 354 1282 356
f 356 1282 1283
f 1273 358 1255
f 358 1273 1274
f 354 358 1274
f 354 1274 1276
f 343 342 1239
f 1239 342 1240
f 1284 1285 1286
f 1285 343 1239
f 1285 1239 1286
f 1286 1239 1244
f 347 345 1287
f 345 349 1289
f 345 1289 1287
f 1287 1289 1283
f 347 1290 342
f 347 1287 1290
f 1290 1287 1288
f 1290 1288 342
f 349 351 1289
f 1289 351 356
f 1289 356 1283
f 349 1284 1286
f 349 1286 351
f 351 1286 1244
f 1293 1294 1295
f 1293 1295 1296
f 1294 1297 1295
f 1296 1295 1148
f 1296 1148 1147
f 1297 1298 1295
f 1298 1299 1300
f 1298 1300 1295
f 1295 1300 1128
f 1295 1128 1148
f 1301 1303 1304
f 1301 1304 1302
f 1302 1304 1305
f 1302 1305 1306
f 1307 1301 1302
f 1307 1302 1308
f 1308 1302 1306
f 1308 1306 1309
f 1310 1311 1308
f 1311 1307 1308
f 1299 1312 1313
f 1299 1313 1300
f 1312 1310 1308
f 1312 1308 1313
f 1300 1313 1128
f 1314 1293 1296
f 1303 1314 1296
f 1303 1296 1304
f 1304 1296 1315
f 1304 1315 1305
f 1316 1317 1318
f 1316 1318 1319
f 1317 1320 1131
f 1317 1131 1318
f 1318 1131 1128
f 1319 1318 1128
f 1320 1321 1131
f 1321 1322 1323
f 1321 1323 1131
f 1131 1323 1108
f 1324 1326 1327
f 1324 1327 1325
f 1325 1327 1309
f 1328 1324 1325
f 1328 1325 1329
f 1325 1309 1330
f 1329 1325 1330
f 1329 1330 1331
f 1332 1328 1329
f 1322 1332 1333
f 1322 1333 1323
f 1332 1329 1333
f 1323 1333 1329
f 1323 1329 1108
f 1326 1334 1335
f 1326 1335 1327
f 1327 1335 1308
f 1327 1308 1309
f 1334 1316 1319
f 1334 1319 1335
f 1335 1319 1128
f 1335 1128 1313
f 1335 1313 1308
f 1336 1337 1338
f 1336 1338 1339
f 1337 1340 1338
f 1339 1338 587
f 1340 1341 1342
f 1340 1342 1338
f 1338 1342 1343
f 504 514 1344
f 514 1329 1344
f 1344 1329 1331
f 514 1345 1329
f 514 505 1345
f 1345 1108 1329
f 501 504 1344
f 1344 1331 1346
f 1341 501 1347
f 1341 1347 1342
f 501 1344 1347
f 1347 1344 1346
f 1347 1346 1348
f 1342 1347 1348
f 1342 1348 1343
f 505 507 1349
f 505 1349 1345
f 507 508 1114
f 507 1114 1349
f 1349 1114 1112
f 1345 1349 1112
f 1345 1112 1108
f 508 1350 1114
f 1350 1336 1339
f 1350 1339 1114
f 1114 1339 587
f 1052 1351 1352
f 1351 1353 1352
f 1051 1052 1352
f 1051 1352 1355
f 1355 1352 1356
f 1357 1053 1358
f 1358 1306 1305
f 1053 1359 1358
f 1053 1048 1360
f 1053 1360 1359
f 1359 1360 1309
f 1359 1309 1306
f 1358 1359 1306
f 1048 1049 1360
f 1049 1050 1360
f 1050 1361 1355
f 1050 1355 1360
f 1361 1051 1355
f 1362 1357 1358
f 1353 1362 1352
f 1362 1358 1352
f 1352 1358 1354
f 1363 1364 1365
f 1364 1366 1365
f 1365 1356 1367
f 1368 1369 1370
f 1368 1370 1371
f 1369 1363 1365
f 1369 1365 1370
f 1370 1365 1367
f 1371 1370 1367
f 1371 1367 1372
f 1040 1042 1373
f 1040 1373 1374
f 1042 1043 1373
f 1374 1373 1309
f 1043 1375 1330
f 1043 1330 1373
f 1375 1044 1376
f 1375 1376 1330
f 1330 1376 1331
f 1373 1330 1309
f 1044 1045 1376
f 1045 1046 1376
f 1046 1368 1371
f 1046 1371 1376
f 1376 1371 1372
f 1376 1372 1377
f 1047 1040 1374
f 1374 1309 1360
f 1366 1378 1360
f 1366 1360 1365
f 1378 1047 1374
f 1378 1374 1360
f 1365 1360 1355
f 1365 1355 1356
f 217 216 1379
f 1379 1352 1354
f 216 1380 1381
f 216 1381 1379
f 1379 1381 1356
f 1379 1356 1352
f 1380 219 1382
f 1380 1382 1381
f 1381 1382 1356
f 211 217 1379
f 211 1379 1354
f 211 1354 212
f 219 1384 1385
f 219 1385 1382
f 1384 214 1385
f 1382 1385 1383
f 214 212 1385
f 1291 516 518
f 1398 1399 1400
f 261 318 319
f 319 318 1403
f 319 1403 1404
f 262 319 1404
f 320 262 1404
f 320 1404 1405
f 1406 1407 1408
f 321 320 1405
f 1409 519 1410
f 322 321 1405
f 1412 1413 1414
f 1405 1404 1389
f 1405 1389 1388
f 1417 1418 1419
f 322 1405 1388
f 1422 1421 1390
f 1421 1391 1390
f 1421 1411 1423
f 1421 1423 1391
f 1404 1403 1425
f 1404 1425 1395
f 1389 1404 1395
f 1411 322 1428
f 322 1388 1428
f 1428 1388 1389
f 1411 1428 1423
f 1429 1430 1431
f 1287 521 1288
f 1406 521 1432
f 521 1287 1432
f 1432 1287 1283
f 1407 1406 1432
f 521 520 1433
f 521 1433 1288
f 519 1409 1434
f 1409 1436 1434
f 1434 1436 1437
f 1436 1407 1432
f 519 1434 1435
f 520 519 1433
f 1401 516 1438
f 1401 1438 1282
f 1282 1438 1283
f 1401 1282 1439
f 1439 1282 354
f 1439 354 1276
f 1438 516 1432
f 1438 1432 1283
f 1440 1401 1439
f 516 1291 1436
f 1291 1441 1436
f 1436 1441 1437
f 516 1436 1432
f 1291 1440 1441
f 1441 1440 1443
f 1441 1443 1442
f 1444 526 1445
f 524 1440 1439
f 524 1439 1276
f 525 524 1447
f 1447 524 1276
f 1447 1276 1278
f 526 525 1447
f 526 1447 1445
f 1445 1447 1278
f 1445 1278 636
f 1398 1449 1448
f 1399 1398 1448
f 1448 1450 1442
f 1449 1444 1445
f 1449 1445 1448
f 1448 1445 1446
f 1448 1446 1422
f 523 1399 1443
f 523 1443 524
f 1399 1448 1443
f 1443 1448 1442
f 524 1443 1440
f 1392 1435 1434
f 1393 1392 1434
f 1393 1434 1437
f 1386 1452 1392
f 1392 1763 1435
f 1392 1452 1763
f 1418 1417 1441
f 1441 1417 1437
f 1420 1418 1441
f 1420 1441 1442
f 1417 1426 1393
f 1417 1393 1437
f 1426 1451 1393
f 1426 1396 1451
f 1415 1390 1453
f 1412 1448 1422
f 1430 1429 1450
f 1430 1450 1412
f 1412 1450 1448
f 1412 1422 1390
f 1429 1420 1450
f 1429 1454 1420
f 1450 1420 1442
f 1415 1412 1390
f 1415 1413 1412
f 1453 1755 1396
f 1454 1453 1396
f 1454 1396 1420
f 870 629 630
f 865 870 630
f 865 630 631
f 640 639 823
f 627 869 639
f 819 823 639
f 819 639 869
f 116 1068 1075
f 1460 242 1459
f 125 1063 1465
f 125 1465 251
f 1372 1466 1073
f 251 1465 252
f 253 252 1465
f 1074 127 129
f 1074 129 1075
f 1372 1074 1068
f 1074 1075 1068
f 1063 1470 1073
f 1470 1063 125
f 1470 125 128
f 1073 1470 128
f 1073 128 127
f 1465 1063 1471
f 1063 1061 1471
f 1471 1061 1062
f 1471 1062 1472
f 1471 1472 1473
f 1063 1073 1061
f 1073 1466 1061
f 1061 1466 1474
f 1061 1474 1059
f 1372 1073 1074
f 253 1465 1471
f 217 213 1475
f 217 1475 218
f 213 211 1476
f 213 1476 1475
f 211 212 215
f 211 215 1476
f 1476 215 1475
f 1475 215 220
f 1475 220 1477
f 218 1475 1478
f 1475 1477 1478
f 1478 1477 220
f 218 1478 220
f 219 1380 220
f 1380 216 218
f 1380 218 220
f 214 1384 220
f 1384 219 220
f 214 220 215
f 217 211 213
f 1357 1054 1053
f 1351 1479 1353
f 1050 1049 1361
f 1366 1480 1378
f 1480 1481 1378
f 1378 1481 1047
f 1046 1482 1483
f 1046 1483 1368
f 1375 1045 1044
f 1368 1483 1369
f 1483 1482 1369
f 1369 1482 1484
f 1369 1484 1363
f 1485 1486 1487
f 1485 1487 1068
f 1486 1488 1489
f 1486 1489 1487
f 1487 1489 1372
f 1487 1372 1068
f 1490 1485 1068
f 1490 1068 1491
f 1491 1068 1069
f 1033 1034 1492
f 1033 1492 1493
f 1034 1035 1494
f 1034 1494 1492
f 1492 1494 1346
f 1493 1492 1346
f 1493 1346 1331
f 1035 1495 1496
f 1035 1496 1494
f 1495 1036 1497
f 1495 1497 1496
f 1496 1497 1343
f 1496 1343 1348
f 1494 1496 1348
f 1494 1348 1346
f 1036 1037 1497
f 1037 1038 1497
f 1038 1490 1491
f 1038 1491 1497
f 1497 1491 1069
f 1039 1493 1376
f 1039 1033 1493
f 1493 1331 1376
f 1488 1039 1377
f 1488 1377 1489
f 1039 1376 1377
f 1489 1377 1372
f 1498 1499 1070
f 1498 1070 1500
f 1499 1028 1501
f 1499 1501 1070
f 1070 1501 1069
f 1027 1502 1503
f 1027 1503 1504
f 1502 1498 1500
f 1502 1500 1503
f 1503 1500 1070
f 1504 1503 1070
f 1504 1070 1505
f 1031 1032 1506
f 1031 1506 1507
f 1032 1022 1506
f 1507 1506 1343
f 1022 1024 1508
f 1022 1508 1506
f 1506 1508 299
f 1024 1509 1508
f 1509 1025 1508
f 1025 1026 1508
f 1026 1027 1504
f 1026 1504 1508
f 1508 1504 1505
f 1030 1031 1507
f 1507 1343 1497
f 1028 1029 1497
f 1028 1497 1501
f 1029 1030 1507
f 1029 1507 1497
f 1501 1497 1069
f 1340 1511 1512
f 1340 1512 1341
f 1038 1513 1490
f 1035 1034 1495
f 1514 1034 1515
f 1515 1034 1033
f 1515 1033 1039
f 1027 1026 1502
f 1026 1056 1502
f 1502 1056 1058
f 1502 1058 1498
f 1513 1038 1516
f 1038 1037 1516
f 1513 1516 1514
f 1513 1514 1485
f 1024 1023 1509
f 1509 1023 1025
f 1121 1517 1124
f 1150 497 496
f 1140 1518 1141
f 1518 1519 1141
f 1141 1519 493
f 1141 493 491
f 451 1520 449
f 451 463 1520
f 449 1520 452
f 463 462 1521
f 463 1521 1520
f 462 453 456
f 462 456 1521
f 1520 1521 1522
f 1521 456 460
f 1522 1521 460
f 1522 460 459
f 452 1520 1522
f 1522 459 1523
f 452 1522 1523
f 450 1168 451
f 1168 461 463
f 1168 463 451
f 459 1166 1523
f 1166 1159 1523
f 455 1163 460
f 1163 457 460
f 455 460 456
f 1159 1158 1523
f 1158 448 452
f 1523 1158 452
f 400 1524 402
f 400 399 1524
f 402 1524 403
f 399 1525 1526
f 399 1526 1524
f 1525 404 407
f 1525 407 1526
f 1524 1526 1527
f 1526 407 408
f 1526 408 411
f 1527 1526 411
f 1527 411 410
f 403 1524 1527
f 1527 410 1528
f 403 1527 1528
f 410 1206 1528
f 1206 1199 1528
f 406 1203 407
f 1203 408 407
f 1199 1198 1528
f 1198 401 403
f 1528 1198 403
f 399 1209 1525
f 1209 404 1525
f 334 1529 1530
f 334 1530 332
f 1529 336 1531
f 1529 1531 1530
f 332 1530 335
f 336 337 1532
f 336 1532 1531
f 337 338 341
f 337 341 1532
f 1532 341 340
f 1531 1532 1533
f 1532 340 1534
f 1532 1534 327
f 1532 327 330
f 1533 1532 330
f 1533 330 329
f 335 1530 1535
f 1530 1531 1533
f 1530 1533 1535
f 1535 1533 329
f 1535 329 1536
f 335 1535 1536
f 340 1246 1534
f 1246 327 1534
f 333 1254 334
f 1254 336 1529
f 334 1254 1529
f 1242 1241 1536
f 1241 331 335
f 1536 1241 335
f 329 1248 1536
f 1248 1242 1536
f 1537 349 1538
f 1537 1538 344
f 349 350 1539
f 349 1539 1538
f 1539 350 348
f 1539 348 1538
f 1538 348 346
f 1538 346 347
f 344 1538 1540
f 1540 1538 347
f 1540 347 1541
f 344 1540 1541
f 344 1541 342
f 1284 349 1537
f 347 342 1541
f 349 345 350
f 345 346 350
f 350 346 348
f 1285 1284 1537
f 343 1285 1537
f 343 1537 344
f 1542 522 1408
f 1542 519 521
f 1542 521 522
f 519 1542 1410
f 1542 1408 1543
f 1542 1543 1410
f 1436 1409 1410
f 1436 1410 1543
f 1436 1543 1408
f 1406 1408 522
f 521 1406 522
f 520 521 519
f 1407 1436 1408
f 1544 1416 1451
f 1387 1544 1451
f 1386 1394 1544
f 1386 1544 1452
f 1452 1544 1387
f 1394 1392 1544
f 1392 1393 1416
f 1392 1416 1544
f 1393 1451 1416
f 1452 1387 1451
f 1386 1392 1394
f 1545 1547 1546
f 1546 1547 1548
f 1545 1546 1549
f 1546 1548 1550
f 1546 1550 1549
f 1549 1550 1551
f 1545 1549 1551
f 1545 1551 1552
f 1129 1553 1130
f 1553 1554 1130
f 1130 1554 487
f 1130 487 485
f 488 486 1136
f 1136 486 481
f 1133 1554 1553
f 1133 1553 1129
f 444 447 1555
f 444 1555 437
f 447 446 1555
f 437 1555 1556
f 446 1557 1558
f 446 1558 1555
f 1557 441 1558
f 1558 441 1556
f 1555 1558 1556
f 1556 441 439
f 1556 439 1559
f 1559 439 440
f 1559 440 442
f 437 1556 1560
f 1556 1559 1560
f 1560 1559 442
f 1560 442 443
f 437 1560 443
f 437 443 434
f 446 1177 1557
f 1177 1175 1557
f 1175 1174 1557
f 1174 438 441
f 1557 1174 441
f 436 1171 437
f 1171 444 437
f 1561 386 1562
f 1561 1562 1563
f 1561 1563 392
f 386 387 1564
f 386 1564 1562
f 387 388 395
f 387 395 1564
f 1564 395 1563
f 1562 1564 1563
f 1563 395 394
f 1563 394 1565
f 1565 394 382
f 1565 382 385
f 1565 385 384
f 392 1563 1566
f 1563 1565 1566
f 1566 1565 384
f 1566 384 1567
f 392 1566 1567
f 392 1567 389
f 1214 393 395
f 388 1214 395
f 391 1212 1561
f 1212 1211 1561
f 391 1561 392
f 1211 1218 1561
f 1218 386 1561
f 384 1217 1567
f 1217 389 1567
f 361 366 1568
f 361 1568 1569
f 361 1569 362
f 366 1570 1568
f 1570 363 365
f 1570 365 1569
f 1568 1570 1569
f 1569 365 370
f 370 365 367
f 362 1569 1571
f 1569 370 1571
f 1571 370 369
f 369 1258 1571
f 1258 360 1571
f 366 1257 1570
f 1257 363 1570
f 364 1256 365
f 1256 367 365
f 360 362 1571
f 358 1572 359
f 1572 355 359
f 359 355 354
f 359 354 357
f 353 359 357
f 353 357 351
f 358 354 1572
f 354 1573 1572
f 356 351 357
f 1573 354 355
f 1573 355 1572
f 352 358 359
f 352 359 353
f 517 1402 1574
f 517 1574 518
f 1402 1401 1575
f 1575 1401 1576
f 518 1574 1291
f 1574 1402 1292
f 1574 1292 1291
f 1575 1576 1292
f 1402 1575 1292
f 516 1401 517
f 1401 1402 517
f 1440 1291 1577
f 1440 1577 1576
f 1577 1291 1292
f 1577 1292 1576
f 1401 1440 1576
f 1578 1420 1397
f 1417 1419 1426
f 1419 1420 1578
f 1426 1419 1397
f 1419 1578 1397
f 1426 1397 1427
f 1420 1396 1397
f 1418 1420 1419
f 1396 1426 1427
f 1396 1427 1397
f 504 503 514
f 503 502 515
f 503 515 514
f 508 1579 1350
f 1579 1580 1581
f 1350 1579 1581
f 1350 1581 1336
f 1341 1512 501
f 1512 1511 501
f 501 1511 502
f 467 466 1582
f 467 1582 1113
f 466 464 1582
f 1582 464 476
f 1582 476 473
f 1113 1582 473
f 1109 1583 1584
f 1109 1584 1095
f 1099 1585 1102
f 1099 1586 478
f 1099 478 1585
f 1102 1585 478
f 1102 478 477
f 423 422 1588
f 423 1588 1587
f 1587 1588 1589
f 1587 1589 1590
f 423 1587 1590
f 423 1590 427
f 422 433 1591
f 422 1591 1588
f 1591 433 432
f 1591 432 1592
f 1588 1591 1592
f 1588 1592 1589
f 1589 1592 1593
f 1589 1593 1594
f 1592 432 417
f 1592 417 1593
f 1594 1593 417
f 1594 417 416
f 427 1590 1595
f 427 1595 1596
f 1590 1589 1594
f 1590 1594 1595
f 1595 1594 416
f 1595 416 1597
f 1596 1595 1597
f 431 1188 1598
f 1188 412 414
f 1188 414 1598
f 1598 414 417
f 431 1598 417
f 431 417 432
f 1184 1182 1599
f 1184 1599 1600
f 1182 424 1599
f 1599 424 427
f 1599 427 1596
f 1600 1599 1596
f 1600 1596 1597
f 421 1193 433
f 1193 428 430
f 1193 430 433
f 421 433 422
f 415 1191 1597
f 1191 1184 1600
f 1191 1600 1597
f 415 1597 416
f 381 380 1237
f 1237 1601 1219
f 1235 1602 1229
f 1229 1602 1230
f 1602 1603 1230
f 1230 1603 373
f 1230 373 371
f 1223 1604 1225
f 1225 377 376
f 1605 1606 1607
f 1605 1607 1608
f 1606 1609 1610
f 1606 1610 1607
f 1607 1610 704
f 1607 704 701
f 1608 1607 701
f 1608 701 703
f 1611 1612 1613
f 1611 1613 1614
f 1612 704 1610
f 1612 1610 1613
f 1613 1610 1609
f 1614 1613 1609
f 1614 1609 709
f 1605 655 1615
f 1605 1615 1606
f 655 657 1615
f 1615 657 1616
f 1606 1615 1616
f 1606 1616 1609
f 707 709 1617
f 707 1617 712
f 709 1609 1617
f 1617 1609 1616
f 712 1617 1616
f 712 1616 657
f 702 1268 703
f 1268 1267 1605
f 1268 1605 1608
f 703 1268 1608
f 708 1264 1614
f 1264 1260 1611
f 1264 1611 1614
f 708 1614 709
f 1260 1259 1611
f 1259 700 704
f 1259 704 1612
f 1611 1259 1612
f 1267 1271 655
f 1271 653 655
f 1267 655 1605
f 1618 645 642
f 647 1618 642
f 651 1618 649
f 651 645 1618
f 649 1618 652
f 1618 647 573
f 1619 652 1618
f 1619 1618 573
f 1275 649 652
f 1275 652 1619
f 570 571 573
f 646 570 573
f 646 573 647
f 650 641 645
f 650 645 651
f 572 1619 571
f 572 1275 1619
f 571 1619 573
f 526 1620 525
f 525 1620 527
f 527 1620 1621
f 527 1621 524
f 1621 523 524
f 1620 526 1622
f 1620 1622 1400
f 523 1621 1399
f 1621 1620 1400
f 1621 1400 1399
f 1444 1449 1622
f 1444 1622 526
f 1449 1398 1400
f 1449 1400 1622
f 524 525 527
f 1431 1412 1414
f 1431 1414 1413
f 1623 1431 1424
f 1431 1413 1415
f 1431 1415 1424
f 1430 1412 1431
f 1415 1453 1424
f 1424 1453 1623
f 1453 1454 1623
f 1454 1429 1623
f 1623 1429 1431
f 540 539 1624
f 540 1624 1625
f 539 538 1624
f 1625 1624 1626
f 538 1627 1624
f 1627 1628 1629
f 1627 1629 1624
f 1624 1629 592
f 547 545 1630
f 545 544 1630
f 1630 1186 1192
f 549 1631 1192
f 549 1192 1632
f 1631 547 1630
f 1631 1630 1192
f 1632 1192 1104
f 553 550 1632
f 550 549 1632
f 1628 1633 1634
f 1628 1634 1629
f 1633 553 1632
f 1633 1632 1634
f 1629 1634 592
f 544 557 1635
f 544 1635 1630
f 557 556 1635
f 1630 1635 1186
f 556 1636 1635
f 1636 540 1625
f 1636 1625 1635
f 1635 1625 1626
f 663 1637 1233
f 663 1233 1234
f 1637 675 1638
f 1637 1638 1233
f 1233 1638 569
f 665 664 1639
f 665 1639 1640
f 664 663 1234
f 664 1234 1639
f 1640 1639 1234
f 1640 1234 1186
f 668 1641 1642
f 1641 665 1640
f 1641 1640 1642
f 1642 1640 1186
f 1642 1186 1635
f 658 669 1642
f 658 1642 1643
f 669 668 1642
f 1643 1642 1635
f 1643 1635 1626
f 672 1644 1645
f 1644 1646 1647
f 1644 1647 1645
f 1645 1647 567
f 675 673 1648
f 675 1648 1638
f 673 672 1645
f 673 1645 1648
f 1648 1645 567
f 1648 567 568
f 1638 1648 568
f 1638 568 569
f 661 659 1643
f 659 658 1643
f 1646 1649 1650
f 1646 1650 1647
f 1649 661 1643
f 1649 1643 1650
f 1647 1650 567
f 1651 543 1653
f 1651 1653 1652
f 1652 1653 1654
f 1652 1654 1655
f 1651 1652 1655
f 1651 1655 555
f 543 542 1656
f 543 1656 1653
f 1656 542 560
f 1656 560 1657
f 1653 1656 1657
f 1653 1657 1654
f 1654 1657 1658
f 1654 1658 1659
f 1657 560 548
f 1657 548 1658
f 1659 1658 548
f 555 1655 1660
f 1655 1654 1659
f 1655 1659 1660
f 1660 1659 548
f 1660 548 555
f 540 1636 1661
f 540 1661 541
f 1636 556 559
f 1636 559 1661
f 1661 559 560
f 1661 560 542
f 541 1661 542
f 553 1633 1662
f 553 1662 554
f 1633 1628 1663
f 1633 1663 1662
f 1662 1663 1651
f 554 1662 1651
f 554 1651 555
f 547 1631 555
f 1631 549 552
f 1631 552 555
f 547 555 548
f 1628 1627 1663
f 1627 538 543
f 1627 543 1651
f 1663 1627 1651
f 677 1664 1665
f 1664 663 1666
f 1664 1666 1665
f 1665 1666 1667
f 1665 1667 1668
f 677 1665 1668
f 677 1668 678
f 663 664 1669
f 663 1669 1666
f 664 667 1670
f 664 1670 1669
f 1669 1670 671
f 1669 671 1671
f 1666 1669 1671
f 1666 1671 1667
f 1667 1671 1672
f 1667 1672 1673
f 1671 671 662
f 1671 662 1672
f 1673 1672 662
f 1673 662 661
f 678 1668 1674
f 678 1674 1675
f 1668 1667 1673
f 1668 1673 1674
f 1674 1673 661
f 1674 661 1676
f 1675 1674 1676
f 1646 1644 1677
f 1644 672 678
f 1644 678 1675
f 1677 1644 1675
f 1677 1675 1676
f 665 1641 1678
f 665 1678 666
f 1641 668 1678
f 1678 668 671
f 1678 671 1670
f 666 1678 1670
f 666 1670 667
f 675 1637 676
f 1637 663 1664
f 676 1637 1664
f 676 1664 677
f 661 1649 1676
f 1649 1646 1677
f 1649 1677 1676
f 236 233 1679
f 236 1679 1680
f 233 235 1681
f 233 1681 1679
f 1679 1681 1367
f 1680 1679 1367
f 1680 1367 1356
f 235 1682 1683
f 235 1683 1681
f 1682 1684 1685
f 1682 1685 1683
f 1683 1685 1372
f 1683 1372 1367
f 1681 1683 1367
f 1686 1687 1688
f 1687 1689 1382
f 1688 1687 1382
f 1688 1382 1383
f 1689 1690 1691
f 1690 236 1680
f 1690 1680 1691
f 1691 1680 1356
f 1691 1356 1382
f 1689 1691 1382
f 1067 1692 1693
f 1692 1686 1688
f 1692 1688 1693
f 1693 1688 1383
f 1694 1695 1474
f 1694 1474 1466
f 1695 1064 1696
f 1695 1696 1474
f 1474 1696 1059
f 1064 1065 1697
f 1064 1697 1696
f 1065 1067 1693
f 1065 1693 1697
f 1697 1693 1383
f 1696 1697 1059
f 1684 1698 1699
f 1684 1699 1685
f 1698 1694 1466
f 1698 1466 1699
f 1685 1699 1466
f 1685 1466 1372
f 1467 1383 1385
f 1467 1385 1701
f 1700 1701 1385
f 1700 1385 212
f 1455 1457 1702
f 1457 1700 212
f 1457 212 1703
f 1469 1455 1467
f 1463 1704 1062
f 1463 1062 1060
f 1463 1060 1059
f 242 1460 1455
f 242 1455 1702
f 1460 1459 1467
f 1460 1467 1455
f 1467 1459 1383
f 1704 1473 1472
f 1704 1472 1062
f 1463 1697 1459
f 1697 1463 1059
f 1459 1697 1383
f 1704 242 1702
f 1704 1702 1473
f 1461 1707 1705
f 1462 1706 1702
f 1462 1702 1457
f 1707 1462 1457
f 1707 1457 1703
f 1707 1703 1705
f 1462 1461 198
f 1462 198 1706
f 1708 253 1471
f 1708 1471 1473
f 1708 1473 1702
f 1461 1709 199
f 198 1461 199
f 1708 1706 198
f 254 199 1709
f 1708 1702 1706
f 1709 1710 254
f 254 1710 256
f 1709 1461 1710
f 1461 1705 1710
f 1036 1495 1516
f 1036 1516 1037
f 1495 1034 1514
f 1495 1514 1516
f 1058 1057 1711
f 1058 1711 1712
f 1712 1711 1029
f 1712 1029 1028
f 1025 1023 1055
f 1023 1022 1055
f 1055 1022 1057
f 1689 1713 1690
f 1713 1714 1715
f 1713 1715 1690
f 1690 1715 232
f 1690 232 236
f 1067 1066 1692
f 1066 1716 1692
f 1692 1716 1686
f 1684 1717 1698
f 1698 1717 1718
f 1698 1718 1694
f 1719 1720 1464
f 1719 1464 1463
f 1459 242 1719
f 242 1721 1719
f 1719 1721 1720
f 1719 1463 1459
f 1704 1463 1464
f 1704 1464 1720
f 242 1704 1721
f 1704 1720 1721
f 1467 1468 1456
f 1467 1456 1469
f 1469 1456 1455
f 1455 1456 1458
f 1455 1458 1457
f 1467 1701 1468
f 1457 1458 1722
f 1457 1722 1700
f 1708 198 196
f 1708 196 253
f 1723 1461 1462
f 1707 1461 1723
f 1462 1707 1723
f 1724 1725 1726
f 1725 613 1726
f 616 1724 1726
f 616 1726 1624
f 1624 1726 1626
f 616 1624 1727
f 1727 1624 592
f 613 621 612
f 613 612 602
f 621 623 612
f 612 623 610
f 613 602 1726
f 622 616 1727
f 622 1727 623
f 623 1727 592
f 621 622 623
f 1728 1729 1726
f 1729 679 1730
f 1729 1730 1726
f 1726 1730 1626
f 1731 1732 1733
f 1731 1733 1734
f 1732 1728 1726
f 1732 1726 1733
f 1734 1733 1726
f 1734 1726 602
f 689 1735 1736
f 689 1736 1737
f 1735 682 1738
f 1735 1738 1736
f 1736 1738 692
f 1736 692 887
f 1737 1736 887
f 1737 887 885
f 685 687 1739
f 687 689 1737
f 687 1737 1739
f 1739 1737 885
f 1739 885 884
f 1739 884 567
f 679 681 1730
f 1730 1643 1626
f 681 1740 1650
f 681 1650 1730
f 1740 685 1739
f 1740 1739 1650
f 1650 1739 567
f 1730 1650 1643
f 682 684 1738
f 1738 690 693
f 1738 693 692
f 684 1731 1738
f 1731 1734 1738
f 1738 1734 602
f 1738 602 690
f 1731 1741 1732
f 1732 1741 1742
f 1732 1742 1728
f 622 617 616
f 622 618 617
f 613 614 622
f 613 622 621
f 614 620 622
f 616 617 1743
f 617 619 1743
f 616 1743 1724
f 1735 683 682
f 314 313 1744
f 314 1744 1745
f 1731 684 1741
f 1740 686 685
f 1390 1391 1754
f 1390 1754 1753
f 1395 1425 1752
f 1389 1395 1749
f 1395 1752 1749
f 1389 1749 1746
f 1423 1428 1746
f 1428 1389 1746
f 1761 1755 1762
f 1754 1391 1746
f 1391 1423 1746
f 17 16 1752
f 1749 1752 16
f 1 1749 16
f 1 1746 1749
f 12 1753 1754
f 72 1755 1753
f 72 1747 1755
f 68 1748 1747
f 68 1750 1748
f 66 1751 1750
f 4 1746 1
f 1754 1746 6
f 4 6 1746
f 12 1754 6
f 12 70 1753
f 72 1753 70
f 72 75 1747
f 68 1747 75
f 68 67 1750
f 66 1750 67
f 1759 1763 1451
f 1763 1452 1451
f 1756 1750 1763
f 1763 1750 1751
f 1748 1759 1451
f 1756 1759 1748
f 1756 1748 1750
f 1755 1761 1396
f 1761 1451 1396
f 1761 1760 1451
f 1760 1747 1748
f 1760 1748 1451
f 1747 1760 1755
f 1753 1755 1453
f 1753 1453 1390
f 1763 1758 1757
f 1763 1757 1756
f 1758 1759 1757
f 1763 1759 1758
f 1756 1757 1759
f 1760 1764 1765
f 1764 1762 1765
f 1765 1762 1760
f 1762 1755 1760
f 1761 1762 1764
f 1760 1761 1764
f 314 1745 1766
f 314 1766 1767
f 1745 1768 1766
f 1766 1768 579
f 1766 579 585
f 1767 1766 585
f 1767 585 587
f 1745 1769 296
f 1745 296 1768
f 1768 296 295
f 1768 295 578
f 1768 578 579
f 308 310 1770
f 1770 310 1343
f 1770 1343 1506
f 317 308 1770
f 317 1770 1771
f 1771 1770 1506
f 1771 1506 299
f 311 1767 1338
f 311 314 1767
f 1767 587 1338
f 311 1338 310
f 310 1338 1343
f 315 317 1771
f 1771 299 296
f 1769 1771 296
f 1769 315 1771
f 534 532 1772
f 532 533 1773
f 532 1773 1772
f 1772 1773 305
f 534 1772 305
f 534 305 304
f 1769 316 315
f 310 309 311
f 309 312 311
f 317 315 308
f 1775 636 635
f 325 1774 635
f 1774 1775 635
f 324 325 635
f 635 323 322
f 324 635 322
f 1774 1446 1775
f 1775 1446 1445
f 1775 1445 636
f 326 324 1421
f 1421 324 1411
f 1776 326 1421
f 324 322 1411
f 1774 1776 1421
f 1774 1421 1446
f 1446 1421 1422
f 1774 1778 1776
f 1776 1778 326
f 1779 1777 1774
f 535 1780 591
f 535 591 1781
f 1780 528 1782
f 1780 1782 591
f 591 1782 588
f 1781 591 592
f 528 529 1783
f 528 1783 1782
f 529 530 1784
f 529 1784 1783
f 1783 1784 587
f 1783 587 588
f 1782 1783 588
f 1785 1786 1787
f 1785 1787 1788
f 1786 531 1632
f 1786 1632 1787
f 1788 1787 1632
f 1788 1632 1104
f 531 532 1634
f 531 1634 1632
f 532 535 1781
f 532 1781 1634
f 1634 1781 592
f 537 1789 1117
f 1789 1785 1788
f 1789 1788 1117
f 1117 1788 1104
f 530 536 1790
f 530 1790 1784
f 536 537 1117
f 536 1117 1790
f 1784 1790 1117
f 1784 1117 587
f 537 307 1789
f 307 1791 1789
f 1789 1791 1785
f 1785 1791 1786
f 1791 1792 1786
f 1786 1792 533
f 1786 533 531
f 1016 1017 1018
f 1016 1018 207
f 1018 231 230
f 207 1018 230
f 1015 1019 300
f 1019 1020 297
f 1019 297 300
f 1020 1021 290
f 1020 290 297
f 1021 1012 290
f 1021 1016 207
f 1021 207 1012
f 1013 1015 300
f 1013 300 1508
f 1508 300 299
f 1013 1508 1018
f 1018 1508 1505
f 1013 1793 1015
f 1015 1793 1019
f 1018 1014 1013
f 509 1794 510
f 510 1794 1795
f 510 1795 511
f 1490 1513 1485
f 1518 1796 1797
f 1518 1797 1519
f 1796 490 1797
f 1519 1797 493
f 490 1798 1797
f 490 489 1145
f 490 1145 1798
f 1798 1145 499
f 1797 1798 1799
f 1798 499 498
f 1798 498 497
f 1798 497 1150
f 1799 1798 1150
f 1799 1150 500
f 493 1797 1800
f 493 1800 492
f 1797 1799 1800
f 1800 1799 500
f 492 1800 500
f 492 500 494
f 490 1796 1152
f 1152 1796 1518
f 1152 1518 1140
f 1601 1237 1801
f 1601 1801 1802
f 1237 380 1803
f 1237 1803 1801
f 1801 1803 1804
f 1801 1804 1805
f 1802 1801 1805
f 1802 1805 1604
f 380 379 1806
f 380 1806 1803
f 379 374 372
f 379 372 1806
f 1806 372 373
f 1806 373 1807
f 1803 1806 1807
f 1803 1807 1804
f 1804 1807 1808
f 1804 1808 1809
f 1807 373 1603
f 1807 1603 1808
f 1808 1603 1602
f 1808 1602 1235
f 1809 1808 1235
f 1809 1235 378
f 1604 1805 1810
f 1604 1810 1225
f 1805 1804 1809
f 1805 1809 1810
f 1810 1809 378
f 1225 1810 378
f 1225 378 377
f 1219 1601 1220
f 1601 1802 1220
f 1220 1802 1604
f 1220 1604 1223
f 45 38 73
f 54 45 74
f 54 74 1811
f 55 54 1811
f 55 1811 1812
f 81 51 98
f 51 55 98
f 98 55 1812
f 98 1812 97
f 109 29 103
f 109 103 102
f 29 108 1813
f 29 1813 28
f 108 37 1813
f 28 1813 37
f 30 31 115
f 31 15 23
f 31 23 115
f 115 23 11
f 109 102 111
f 30 109 111
f 1815 1816 1817
f 1814 1815 1817
f 1814 1817 1818
f 938 1819 1820
f 1819 954 1821
f 1820 1819 1821
f 1005 1006 1814
f 1006 1822 1815
f 1006 1815 1814
f 1822 942 1816
f 1822 1816 1815
f 942 936 1816
f 937 1823 1819
f 937 1819 938
f 1823 952 954
f 1823 954 1819
f 959 1824 1825
f 1824 1826 1827
f 1825 1824 1827
f 958 957 1828
f 957 959 1825
f 1828 957 1825
f 942 1822 1826
f 1822 1006 1829
f 939 944 1830
f 939 1830 940
f 944 956 958
f 944 958 1830
f 1006 1005 1831
f 1006 1831 1829
f 1831 1005 941
f 943 1824 959
f 943 942 1826
f 943 1826 1824
f 934 1832 1833
f 1832 951 1834
f 1832 1834 1835
f 1833 1832 1835
f 1837 1838 1839
f 1836 1837 1839
f 1836 1839 1840
f 937 933 1838
f 933 935 1841
f 1838 933 1841
f 950 952 1836
f 932 930 1832
f 932 1832 934
f 930 931 951
f 930 951 1832
f 952 1823 1837
f 952 1837 1836
f 1823 937 1838
f 1823 1838 1837
f 791 776 1842
f 1843 1844 1845
f 780 788 790
f 774 1846 775
f 1846 779 1843
f 1846 1843 1847
f 775 1846 1847
f 785 875 776
f 785 776 791
f 779 780 1844
f 779 1844 1843
f 771 1848 1849
f 1848 787 1850
f 1848 1850 1851
f 1849 1848 1851
f 1853 769 1854
f 1852 1853 1854
f 772 770 1852
f 771 785 787
f 771 787 1848
f 770 768 1853
f 770 1853 1852
f 768 769 1853
f 1856 777 1857
f 1856 1857 1858
f 1855 1856 1858
f 1859 1860 1861
f 713 877 1860
f 877 794 1855
f 779 1846 793
f 1846 774 1859
f 1846 1859 1862
f 793 1846 1862
f 794 781 1856
f 794 1856 1855
f 781 777 1856
f 774 876 1860
f 774 1860 1859
f 876 713 1860
f 1863 1818 1864
f 1818 1817 1864
f 1864 1817 1865
f 1821 1863 1864
f 1821 1864 1865
f 1821 1865 1820
f 955 1005 1866
f 1005 1814 1866
f 1866 1814 1818
f 955 1866 1818
f 955 1818 1863
f 936 938 1820
f 936 1820 1867
f 1867 1820 1865
f 1816 936 1868
f 936 1867 1868
f 1868 1867 1865
f 1868 1865 1817
f 1816 1868 1817
f 953 955 1863
f 953 1863 1821
f 954 953 1821
f 1834 1869 1835
f 1834 1870 1869
f 1835 1869 1871
f 1835 1871 1833
f 1870 1840 1872
f 1870 1872 1869
f 1840 1839 1872
f 1872 1839 1871
f 1869 1872 1871
f 950 1873 1874
f 950 1836 1873
f 1873 1836 1840
f 1874 1873 1840
f 1874 1840 1870
f 1841 935 1875
f 1841 1875 1871
f 1838 1841 1871
f 1838 1871 1839
f 935 933 1875
f 933 934 1833
f 933 1833 1875
f 1875 1833 1871
f 951 950 1876
f 950 1874 1876
f 1876 1874 1870
f 1876 1870 1834
f 951 1876 1834
f 1877 1878 1827
f 1877 1879 1878
f 1878 1825 1827
f 1879 1880 1878
f 1880 1879 1828
f 1880 1828 1825
f 1878 1880 1825
f 1831 941 1879
f 1831 1879 1877
f 1829 1831 1877
f 1830 958 1828
f 1830 1828 1879
f 940 1830 1879
f 1822 1829 1877
f 1822 1877 1827
f 1826 1822 1827
f 941 1005 1881
f 1005 940 1881
f 1881 940 1879
f 941 1881 1879
f 1861 1882 1883
f 1861 1858 1882
f 1858 1857 1883
f 1882 1858 1883
f 793 1862 1861
f 1862 1859 1861
f 1860 877 1884
f 877 1855 1884
f 1884 1855 1858
f 1884 1858 1861
f 1860 1884 1861
f 777 778 1857
f 1857 778 1883
f 778 793 1861
f 778 1861 1883
f 1842 1843 1845
f 790 792 1842
f 792 791 1842
f 775 1847 1842
f 1847 1843 1842
f 875 775 1842
f 875 1842 776
f 1844 780 1845
f 780 790 1842
f 780 1842 1845
f 1851 1850 1854
f 1854 1850 1885
f 788 773 1850
f 773 1885 1850
f 773 772 1886
f 773 1886 1885
f 772 1852 1886
f 1886 1852 1854
f 1885 1886 1854
f 769 771 1849
f 1849 1851 1854
f 769 1849 1854
f 787 789 1850
f 789 788 1850
f 1320 512 1321
f 1320 513 512
f 1321 512 1322
f 1328 1795 1887
f 1328 1887 1324
f 1795 1794 1887
f 1887 1794 1324
f 1322 512 1332
f 512 511 1332
f 1310 1312 1548
f 1312 1299 1550
f 1548 1312 1550
f 1293 1314 1888
f 1297 1294 1552
f 1303 1301 1889
f 1889 1301 1547
f 1334 1890 1316
f 1891 1314 1889
f 1891 1889 1547
f 1545 1891 1547
f 1545 1552 1294
f 1545 1294 1891
f 1891 1294 1293
f 1891 1293 1888
f 1891 1888 1314
f 1301 1307 1547
f 1299 1298 1550
f 1298 1297 1552
f 1298 1552 1551
f 1550 1298 1551
f 1314 1303 1889
f 1311 1310 1548
f 1307 1311 1548
f 1307 1548 1547
f 1326 1892 1334
f 1892 1893 1334
f 1332 511 1795
f 1332 1795 1328
f 1324 1794 1893
f 1324 1893 1892
f 1324 1892 1326
f 506 514 1894
f 506 1894 507
f 514 515 1894
f 1894 1895 1896
f 507 1894 1896
f 507 1896 508
f 515 502 1894
f 1894 502 1895
f 1895 502 1511
f 1895 1511 1897
f 1897 1511 1340
f 1897 1340 1510
f 508 1896 1898
f 508 1898 1579
f 1896 1895 1897
f 1896 1897 1898
f 1898 1897 1510
f 1579 1898 1510
f 1579 1510 1580
f 1316 1890 1317
f 1890 1899 1317
f 1317 1899 513
f 1317 513 1320
f 1900 1334 1893
f 1900 1893 1794
f 509 1900 1794
f 509 513 1899
f 509 1899 1900
f 1900 1899 1890
f 1900 1890 1334
f 1336 1581 1337
f 1581 1580 1510
f 1581 1510 1337
f 1337 1510 1340
f 1583 1109 1901
f 1109 472 1902
f 1109 1902 1901
f 1901 1902 1903
f 1901 1903 1904
f 1583 1901 1904
f 1583 1904 1586
f 472 471 1905
f 472 1905 1902
f 1905 471 476
f 1905 476 1906
f 1902 1905 1906
f 1902 1906 1903
f 1903 1906 1907
f 1903 1907 1908
f 1906 476 464
f 1906 464 1907
f 1907 464 465
f 1908 1907 465
f 1586 1904 1909
f 1586 1909 478
f 1904 1903 1908
f 1904 1908 1909
f 1909 1908 465
f 478 1909 465
f 1095 1584 1910
f 1095 1910 1096
f 1584 1583 1910
f 1910 1583 1586
f 1910 1586 1099
f 1096 1910 1099
f 1057 1022 1032
f 1057 1032 1711
f 1711 1032 1031
f 1711 1031 1030
f 1711 1030 1029
f 1514 1515 1911
f 1515 1039 1488
f 1515 1488 1911
f 1911 1488 1486
f 1514 1911 1486
f 1514 1486 1485
f 1498 1058 1712
f 1498 1712 1499
f 1499 1712 1028
f 1694 1718 1695
f 1718 1912 1695
f 1695 1912 1064
f 1482 1046 1913
f 1046 1045 1913
f 1482 1913 1914
f 1482 1914 1484
f 1045 1915 1913
f 1045 1375 1915
f 1915 1375 1043
f 1915 1043 1914
f 1913 1915 1914
f 1914 1043 1041
f 1914 1041 1916
f 1916 1041 1047
f 1484 1914 1917
f 1484 1917 1481
f 1914 1916 1917
f 1917 1916 1047
f 1917 1047 1481
f 1363 1481 1364
f 1363 1484 1481
f 1364 1481 1480
f 1364 1480 1366
f 483 482 1918
f 483 1918 1919
f 482 481 1920
f 482 1920 1918
f 1918 1920 1921
f 1918 1921 1922
f 1919 1918 1922
f 1919 1922 1517
f 481 486 1923
f 481 1923 1920
f 1923 486 487
f 1923 487 1924
f 1920 1923 1924
f 1920 1924 1921
f 1921 1924 1925
f 1921 1925 1926
f 1924 487 1554
f 1924 1554 1925
f 1925 1554 1133
f 1926 1925 1133
f 1926 1133 480
f 1517 1922 1927
f 1517 1927 1124
f 1922 1921 1926
f 1922 1926 1927
f 1927 1926 480
f 1124 1927 480
f 1124 480 479
f 484 483 1118
f 483 1919 1118
f 1118 1919 1517
f 1118 1517 1121
f 1791 1928 1792
f 1791 307 306
f 1791 306 1928
f 1928 306 305
f 1928 305 1773
f 1792 1928 1773
f 1792 1773 533
f 535 534 1780
f 1780 534 304
f 1780 304 528
f 1744 313 1745
f 615 1929 620
f 615 1930 1929
f 615 619 1930
f 1929 1930 1931
f 1930 619 618
f 1931 1930 618
f 1931 618 622
f 620 1929 1931
f 620 1931 622
f 313 311 1932
f 311 312 1932
f 313 1932 1933
f 312 1934 1932
f 312 309 308
f 312 308 1934
f 1934 308 1933
f 1932 1934 1933
f 1933 308 315
f 1933 315 1935
f 1935 315 316
f 313 1933 1936
f 313 1936 1745
f 1933 1935 1936
f 1936 1935 316
f 1745 1936 316
f 1745 316 1769
f 1724 1743 1937
f 1724 1937 1725
f 1743 619 615
f 1743 615 1937
f 1937 615 613
f 1725 1937 613
f 680 1938 681
f 680 1742 1939
f 680 1939 1938
f 1742 1741 1940
f 1742 1940 1939
f 1741 684 1940
f 1940 684 683
f 1940 683 1735
f 1939 1940 1735
f 1939 1735 689
f 681 1938 1740
f 1938 1939 689
f 1938 689 688
f 1740 1938 688
f 1740 688 686
f 1728 1742 680
f 1728 680 1729
f 1729 680 679
f 1016 1021 1941
f 1016 1941 1017
f 1021 1020 1941
f 1020 1942 1941
f 1942 1020 1019
f 1942 1019 1941
f 1941 1019 1793
f 1793 1013 1014
f 1017 1941 1943
f 1941 1793 1943
f 1943 1793 1014
f 1943 1014 1018
f 1017 1943 1018
f 1353 1479 1362
f 1479 1351 1944
f 1479 1944 1362
f 1051 1361 1945
f 1051 1945 1052
f 1361 1049 1945
f 1052 1945 1946
f 1049 1947 1945
f 1049 1048 1053
f 1049 1053 1947
f 1947 1053 1054
f 1947 1054 1946
f 1945 1947 1946
f 1946 1054 1948
f 1948 1054 1357
f 1948 1357 1949
f 1948 1949 1944
f 1052 1946 1950
f 1052 1950 1351
f 1946 1948 1950
f 1950 1948 1944
f 1351 1950 1944
f 1362 1944 1949
f 1362 1949 1357
f 1701 1722 1951
f 1701 1951 1468
f 1722 1458 1951
f 1951 1458 1952
f 1952 1458 1456
f 1952 1456 1951
f 1951 1456 1468
f 1700 1722 1701
f 1953 1954 1955
f 1953 1955 1956
f 1954 95 1957
f 1954 1957 1955
f 1955 1957 1958
f 1955 1958 1959
f 1956 1955 1959
f 1956 1959 1960
f 101 100 1961
f 101 1961 1962
f 100 93 96
f 100 96 1961
f 1961 96 95
f 1961 95 1954
f 1962 1961 1954
f 1962 1954 1953
f 107 1963 1964
f 107 1964 114
f 1963 1953 1956
f 1963 1956 1964
f 1964 1956 1960
f 1964 1960 1965
f 114 1964 1965
f 114 1965 113
f 105 1966 1967
f 105 1967 106
f 1966 101 1962
f 1966 1962 1967
f 1967 1962 1953
f 1967 1953 1963
f 106 1967 1963
f 106 1963 107
f 53 91 1968
f 53 1968 1958
f 91 44 1969
f 91 1969 1968
f 1968 1969 1960
f 1968 1960 1959
f 1958 1968 1959
f 44 43 1970
f 44 1970 1969
f 43 42 113
f 43 113 1970
f 1970 113 1965
f 1969 1970 1965
f 1969 1965 1960
f 50 52 1971
f 50 1971 94
f 52 53 1958
f 52 1958 1971
f 1971 1958 1957
f 94 1971 1957
f 94 1957 95
f 26 25 105
f 25 24 101
f 25 101 1966
f 105 25 1966
f 229 1972 1973
f 229 1973 1974
f 1972 1975 231
f 1972 231 1973
f 1973 231 1018
f 1974 1973 1018
f 1974 1018 1505
f 226 227 1976
f 226 1976 1977
f 227 229 1974
f 227 1974 1976
f 1976 1974 1505
f 1976 1505 1070
f 1977 1976 1070
f 240 237 1978
f 240 1978 221
f 237 239 221
f 237 221 1978
f 239 1979 1980
f 239 1980 221
f 1979 223 1072
f 1979 1072 1980
f 221 1980 1072
f 1981 1982 204
f 1981 204 230
f 1982 240 221
f 1982 221 204
f 1975 1983 230
f 1975 230 231
f 1983 1981 230
f 223 224 1071
f 223 1071 1072
f 224 225 1071
f 1072 1071 1077
f 225 1070 1071
f 225 226 1977
f 225 1977 1070
f 228 245 1972
f 245 248 1972
f 1972 248 1975
f 228 1972 229
f 235 234 1682
f 234 1984 1682
f 1682 1984 1684
f 1975 248 1983
f 1983 248 1981
f 239 238 1979
f 238 1985 1979
f 1979 1985 223
f 224 1986 1987
f 224 223 1985
f 224 1985 1986
f 1986 1985 238
f 1986 238 1988
f 1987 1986 1988
f 1987 1988 246
f 1686 1716 1989
f 1686 1989 1687
f 1989 1714 1713
f 1687 1989 1713
f 1687 1713 1689
f 234 233 1990
f 234 1990 1991
f 233 232 1715
f 233 1715 1990
f 1990 1715 1714
f 1990 1714 1992
f 1991 1990 1992
f 1991 1992 1993
f 1714 1989 1994
f 1714 1994 1992
f 1989 1716 1994
f 1994 1716 1066
f 1994 1066 1995
f 1992 1994 1995
f 1992 1995 1993
f 1066 1065 1996
f 1066 1996 1995
f 1065 1064 1912
f 1065 1912 1996
f 1996 1912 1718
f 1996 1718 1997
f 1995 1996 1997
f 1995 1997 1993
f 1993 1997 1998
f 1993 1998 1991
f 1997 1718 1717
f 1997 1717 1998
f 1998 1717 1684
f 1998 1684 1984
f 1991 1998 1984
f 1991 1984 234
f 246 1988 1999
f 246 1999 247
f 1988 238 237
f 1988 237 1999
f 247 1999 237
f 247 237 248
f 226 225 2000
f 226 2000 227
f 225 224 1987
f 225 1987 2000
f 2000 1987 246
f 2000 246 243
f 227 2000 243
f 227 243 228
f 1981 248 237
f 1981 237 1982
f 1982 237 240
f 966 965 589
f 965 590 588
f 589 965 588
f 589 588 966
f 583 967 966
f 583 966 588
f 964 890 590
f 965 964 590
f 964 973 890
f 967 583 578
f 967 578 582
f 2001 967 963
f 967 582 968
f 967 968 963
f 985 982 904
f 983 985 2002
f 2002 902 901
f 2002 901 903
f 985 904 902
f 985 902 2002
f 998 903 890
f 983 2002 998
f 998 2002 903
f 2003 998 973
f 973 998 890
f 2003 973 2001
f 2004 2003 2001
f 2004 2001 963
f 982 997 904
f 904 997 917
f 982 2004 997
f 997 2004 963
f 965 966 974
f 967 2001 981
f 973 964 971
f 2001 973 971
f 2001 971 981
f 2004 2005 2003
f 2003 2005 2006
f 2003 2006 998
f 984 983 998
f 2007 984 2006
f 2006 984 998
f 982 984 2007
f 982 2007 2006
f 982 2006 2004
f 2004 2006 2005
f 985 984 982
f 325 1777 1779
f 325 324 2008
f 2008 324 326
f 325 2008 326
f 1777 325 326
f 1777 326 1778
f 1774 1777 1778
f 1774 325 1779
f 2009 2011 2010
f 2014 2015 2012
f 2016 2017 2009
f 2017 11 10
f 2012 2018 2014
f 2014 2018 2019
f 2014 2019 2013
f 2020 2021 2022
f 2021 2023 2024
f 2022 2021 2024
f 10 17 2025
f 10 2025 2017
f 2017 2025 2011
f 2017 2011 2009
f 2026 2027 2028
f 2026 2028 2029
f 2027 2020 2022
f 2027 2022 2028
f 2028 2022 2030
f 2029 2028 2030
f 2029 2030 2031
f 2023 2016 2024
f 2016 2032 2024
f 2024 2032 2015
f 2024 2015 2022
f 2022 2015 2014
f 2022 2014 2030
f 2030 2014 2013
f 2030 2013 2031
f 2034 2035 2036
f 11 2017 2033
f 2033 2017 2016
f 2033 2016 2023
f 2040 2038 2039
f 36 35 2043
f 36 2043 2042
f 35 2044 2043
f 2035 2043 2044
f 2042 2043 2035
f 2045 2042 2046
f 2026 2047 2048
f 2026 2048 2027
f 2047 2049 2050
f 2047 2050 2048
f 2048 2050 2051
f 2048 2051 2052
f 2027 2048 2052
f 2027 2052 2020
f 2020 2052 2021
f 2052 2051 2041
f 2052 2041 2021
f 2021 2041 2023
f 2045 2046 2054
f 2053 2045 2054
f 2053 2054 2055
f 2055 2056 2053
f 2056 2057 2058
f 2057 2059 2058
f 2059 2060 2058
f 2056 2058 2061
f 2053 2056 2061
f 2062 2063 2064
f 2062 2064 2065
f 56 2062 2065
f 56 2065 58
f 2067 2013 2068
f 2066 2067 2068
f 2066 2068 2069
f 2064 2070 2071
f 2064 2071 2065
f 2070 2072 3764
f 2070 3764 2071
f 2071 3764 66
f 2071 66 65
f 2065 2071 65
f 2065 65 58
f 2073 2066 2069
f 2073 2069 2074
f 2063 2073 2074
f 2063 2074 2064
f 2013 2019 2068
f 2019 3767 2068
f 2068 3767 2075
f 2068 2075 2069
f 73 2053 74
f 2069 2075 2074
f 2074 2072 2070
f 2074 2070 2064
f 76 2076 77
f 2076 2077 2078
f 2079 2080 2081
f 2079 2081 2082
f 2080 2026 2029
f 2080 2029 2081
f 2081 2029 2031
f 2081 2031 2083
f 2082 2081 2083
f 2082 2083 2084
f 2078 2063 2062
f 2078 2062 2076
f 2062 56 77
f 2076 2062 77
f 2077 2085 2086
f 2077 2086 2078
f 2085 2079 2082
f 2085 2082 2086
f 2086 2082 2084
f 2031 2013 2067
f 2031 2067 2083
f 2083 2067 2066
f 2083 2066 2084
f 36 2042 73
f 2042 2045 73
f 2084 2066 2073
f 2084 2073 2086
f 2086 2073 2063
f 2086 2063 2078
f 2046 2035 2034
f 2046 2034 2054
f 2054 2034 2087
f 2054 2087 2055
f 2060 2088 2089
f 2060 2089 2090
f 2088 2049 2047
f 2088 2047 2089
f 2089 2047 2026
f 2089 2026 2080
f 2090 2089 2080
f 2090 2080 2079
f 2042 2035 2046
f 2055 2091 2092
f 2055 2092 2056
f 2091 2093 2092
f 2092 2093 2094
f 2092 2094 2095
f 2056 2092 2095
f 2056 2095 2057
f 97 2096 2076
f 97 2076 76
f 2076 2096 2077
f 2077 2097 2085
f 2077 2058 2097
f 2097 2058 2060
f 2097 2060 2090
f 2085 2097 2090
f 2085 2090 2079
f 2034 2098 2099
f 2034 2099 2087
f 2087 2099 2091
f 2087 2091 2055
f 2100 2101 2102
f 2100 2103 2104
f 2100 2104 2101
f 2101 2104 2105
f 2102 2101 2105
f 2102 2105 2037
f 108 110 2106
f 108 2106 2039
f 2039 2106 2107
f 2108 2100 2102
f 2040 2108 2102
f 2040 2102 2037
f 2108 2041 2051
f 2108 2051 2109
f 2108 2109 2100
f 2051 2110 2109
f 2110 2111 2109
f 2109 2111 2103
f 2109 2103 2100
f 110 115 2112
f 110 2112 2106
f 2106 2112 2041
f 2106 2041 2107
f 2037 2034 2040
f 2034 2036 2038
f 2040 2034 2038
f 2036 2035 37
f 2036 37 2038
f 2035 2044 37
f 37 2044 35
f 2032 2016 2009
f 2032 2009 2010
f 2015 2032 2010
f 2015 2010 2012
f 2128 2118 2115
f 2120 2128 2115
f 2129 2120 2126
f 2122 2126 2121
f 2122 2121 2123
f 2122 2123 2124
f 2127 2122 2124
f 2118 2127 2125
f 2118 2125 2119
f 2130 2131 2132
f 2131 133 2132
f 2134 133 2131
f 2130 2134 2131
f 2135 2136 2137
f 2137 2136 2138
f 2136 2132 2133
f 2136 2133 2138
f 2135 2130 2132
f 2135 2132 2136
f 2139 2140 2141
f 2141 2140 2142
f 2142 2140 2135
f 2142 2135 2137
f 2140 2143 2135
f 2143 2130 2135
f 2140 2144 2143
f 2143 2144 2130
f 2144 2134 2130
f 2134 142 133
f 2144 143 2134
f 143 142 2134
f 2146 2148 2147
f 2145 2148 2146
f 2149 2150 154
f 2150 2151 154
f 2151 2152 156
f 2151 156 155
f 154 2151 155
f 2150 2152 2151
f 2153 2154 162
f 2154 2155 162
f 2155 2149 154
f 2155 154 153
f 162 2155 153
f 2154 2149 2155
f 2140 2156 2144
f 2144 2156 2158
f 2144 2158 2157
f 2139 2159 2140
f 2140 2159 2156
f 167 2161 2162
f 2161 2160 2162
f 2133 2160 2138
f 2163 2161 167
f 2137 2160 2163
f 2137 2138 2160
f 2160 2161 2163
f 2165 2166 173
f 2165 173 172
f 173 2166 174
f 2167 2168 175
f 2168 2165 172
f 2168 172 175
f 2152 2169 176
f 2152 176 156
f 2169 2167 176
f 2133 2132 2160
f 167 2162 177
f 2162 2160 2132
f 2162 2132 177
f 133 168 2132
f 168 177 2132
f 2145 2146 2170
f 2171 2170 2147
f 2147 2170 2146
f 2139 2172 2173
f 2173 2172 2145
f 2148 2145 2172
f 2174 2169 2152
f 2174 2167 2169
f 2148 2172 2174
f 2174 2175 2168
f 2174 2168 2167
f 2175 2176 2165
f 2175 2165 2168
f 2172 2176 2174
f 2172 2139 2176
f 2174 2176 2175
f 2139 2141 2176
f 2141 2142 2177
f 2176 2141 2166
f 2176 2166 2165
f 2141 2177 2166
f 2177 2163 2164
f 2177 2164 2166
f 2142 2137 2177
f 2137 2163 2177
f 2178 2154 2153
f 2178 2149 2154
f 2147 2179 2171
f 2171 2179 2178
f 2178 2179 2150
f 2178 2150 2149
f 2179 2180 2150
f 2180 2174 2152
f 2180 2152 2150
f 2147 2180 2179
f 2147 2148 2174
f 2147 2174 2180
f 167 189 2163
f 2164 2163 2166
f 174 2166 189
f 189 2166 2163
f 2153 2181 2178
f 2178 2181 2171
f 2181 2182 2171
f 2181 2183 2182
f 161 2184 162
f 162 2184 2153
f 2184 2185 2153
f 161 192 2185
f 161 2185 2184
f 2173 2186 2139
f 2186 2159 2139
f 2171 2182 2187
f 2171 2187 2170
f 2170 2187 2145
f 2144 2157 2188
f 2144 2188 143
f 143 2188 195
f 2183 2189 2182
f 2182 2189 2187
f 2145 2187 2190
f 2145 2190 2189
f 2187 2189 2190
f 2191 2192 2193
f 2192 2196 2194
f 2196 2189 2183
f 2191 2189 2196
f 2191 2196 2192
f 2158 2197 2157
f 2198 206 195
f 2198 195 2188
f 2197 2198 2188
f 2197 2188 2157
f 2197 2202 2198
f 2202 206 2198
f 3035 2200 2201
f 2199 3035 2201
f 2201 2200 2197
f 2200 2202 2197
f 2202 210 206
f 2205 2203 2206
f 2212 2210 2159
f 2210 2211 2156
f 2210 2156 2159
f 2211 2158 2156
f 2211 2197 2158
f 2213 2214 2215
f 2217 2218 2219
f 2220 2201 2197
f 2221 2199 2220
f 2199 2201 2220
f 2222 2224 2223
f 2223 2225 2226
f 2227 2229 2228
f 2231 2212 2159
f 2231 2159 2232
f 2210 2212 2231
f 3101 2210 2231
f 2219 2234 2235
f 2219 2235 2236
f 2235 2234 2237
f 2235 2237 2238
f 2236 2235 2238
f 2236 2238 2239
f 2145 2240 2173
f 2240 2231 2173
f 2173 2231 2186
f 2159 2186 2232
f 2186 2231 2232
f 2243 2242 2189
f 2242 2241 2189
f 2241 2240 2189
f 2189 2240 2145
f 2244 2185 2246
f 2246 2185 192
f 2246 192 256
f 2245 2153 2185
f 2244 2245 2185
f 2153 2245 2181
f 2183 2181 2194
f 2183 2194 2196
f 2181 2245 2194
f 2192 2247 2193
f 2248 2249 2250
f 258 2248 2250
f 258 2250 260
f 260 2250 2251
f 2249 2253 2250
f 2253 2249 2255
f 2256 267 2257
f 2249 2256 2257
f 2249 2248 2256
f 2248 258 2256
f 2256 258 267
f 2255 2249 2258
f 2258 2260 2259
f 2258 2262 2260
f 2262 274 2263
f 2260 2262 2263
f 2249 2257 2258
f 2257 267 274
f 2257 274 2262
f 2258 2257 2262
f 2261 2259 2264
f 2259 2260 2264
f 2264 2267 2265
f 2267 282 281
f 2267 281 2268
f 2265 2267 2268
f 2265 2268 2266
f 2260 2263 2267
f 2260 2267 2264
f 2263 274 282
f 2263 282 2267
f 2265 2266 2269
f 2265 2269 2270
f 2270 2269 2271
f 2270 2271 2272
f 2273 286 2274
f 2269 2273 2274
f 2269 2274 2271
f 2266 2268 2273
f 2266 2273 2269
f 2268 281 2273
f 2273 281 286
f 2272 2271 2275
f 2272 2275 2276
f 2275 2271 2277
f 2276 2275 2278
f 2271 2279 2277
f 2279 293 292
f 2271 2274 2279
f 2274 286 293
f 2274 293 2279
f 2281 2282 2283
f 2280 2281 2283
f 2280 2283 2284
f 2285 2276 2278
f 2282 2285 2283
f 2282 2286 2285
f 2286 2272 2276
f 2286 2276 2285
f 2287 2288 2289
f 2288 2290 2289
f 2287 2289 2291
f 2298 2299 2300
f 260 2251 2301
f 260 2301 318
f 2251 2252 2301
f 2310 2312 2311
f 2311 2313 2314
f 2316 2317 2318
f 2318 2317 2319
f 2323 2324 2325
f 2323 2325 2326
f 2327 2329 2330
f 2333 2334 2335
f 2345 2346 2348
f 2350 2351 2352
f 2350 2352 2353
f 2349 2350 2353
f 2354 2355 2356
f 2347 2354 2356
f 2365 2367 2366
f 2368 2369 2370
f 2372 2374 2373
f 2373 2369 2368
f 2380 2381 2382
f 2381 2383 2382
f 2382 2383 2384
f 2385 2386 2387
f 2386 2388 2387
f 2387 2388 2389
f 2390 2391 2392
f 2390 2393 2388
f 2390 2388 2391
f 2391 2388 2386
f 2392 2391 2386
f 2392 2386 2385
f 2394 2395 2396
f 2400 2402 2401
f 2409 2411 2410
f 2418 2420 2419
f 2421 2422 2423
f 2426 2427 2428
f 2425 2426 2428
f 2429 2430 2431
f 2432 2421 2424
f 2432 2424 2433
f 2435 2436 2437
f 2434 2435 2437
f 2439 2440 2441
f 2438 2439 2442
f 2443 2444 2446
f 2448 2449 2450
f 2447 2448 2450
f 2451 2452 2454
f 2456 2457 2458
f 2455 2456 2458
f 2459 2460 2461
f 2453 2459 2461
f 2462 2463 2464
f 2463 2465 2464
f 2462 2464 2466
f 2468 2469 2470
f 2467 2468 2470
f 2471 2473 2474
f 2471 2474 2472
f 2475 2467 2476
f 2485 2486 2487
f 2488 2489 2287
f 2488 2287 2291
f 2489 2490 2287
f 2491 2492 2494
f 2490 2495 2287
f 2495 2496 2290
f 2495 2290 2288
f 2287 2495 2288
f 2497 2499 2498
f 2501 2502 2503
f 2502 2504 2503
f 2503 2504 2505
f 2506 2507 2508
f 2506 2508 2509
f 2508 2507 2510
f 2508 2510 2511
f 2509 2508 2511
f 2509 2511 2512
f 2513 2514 2515
f 2513 2515 2516
f 2514 2517 2504
f 2514 2504 2515
f 2515 2504 2502
f 2516 2515 2502
f 2516 2502 2501
f 2527 2525 2526
f 2529 2530 2531
f 2528 2529 2531
f 2528 2531 2532
f 2518 2519 2521
f 2280 2537 2538
f 2537 2539 2540
f 2538 2537 2540
f 2540 2539 2541
f 2539 2542 2541
f 2539 2544 2542
f 2544 2545 2543
f 2544 2543 2542
f 2545 2546 2543
f 2546 2548 2547
f 2546 2550 2548
f 2550 2551 2548
f 2286 2282 2552
f 2272 2286 2552
f 2552 2554 2553
f 2281 2280 2538
f 2281 2538 2554
f 2282 2281 2554
f 2282 2554 2552
f 2265 2555 2556
f 2265 2270 2555
f 2556 2555 2557
f 2270 2558 2555
f 2558 2552 2555
f 2270 2272 2558
f 2558 2272 2552
f 2261 2264 2559
f 2261 2559 2560
f 2264 2265 2559
f 2559 2265 2561
f 2556 2557 2563
f 2265 2556 2563
f 2265 2563 2561
f 2564 2565 2566
f 2565 2567 2568
f 2566 2565 2568
f 2568 2559 2562
f 2567 2560 2559
f 2567 2559 2568
f 2564 2566 2569
f 2564 2569 2570
f 2566 2568 2569
f 2571 2570 2569
f 2572 2571 2569
f 2574 2573 2577
f 2578 2580 2581
f 2579 2578 2581
f 2551 2582 2548
f 2549 2548 2582
f 2549 2582 2571
f 2252 2251 2250
f 2252 2250 2583
f 2583 2250 2584
f 2254 2584 2250
f 2254 2250 2253
f 2585 2586 2587
f 2587 2588 2589
f 2589 2588 2584
f 2588 2583 2584
f 2302 2252 2583
f 2586 2590 2587
f 2588 2587 2583
f 2587 2591 2303
f 2587 2303 2302
f 2583 2587 2302
f 2590 2592 2591
f 2590 2591 2587
f 2592 2593 2591
f 2303 2591 2594
f 2594 2591 2593
f 2303 2594 2595
f 2596 2595 2594
f 2596 2594 2597
f 2597 2594 2593
f 2254 2253 2584
f 2584 2253 2589
f 2589 2253 2598
f 2587 2589 2585
f 2253 2599 2598
f 2600 2602 2601
f 2601 2602 2603
f 2600 2601 2603
f 2600 2603 2604
f 2604 2603 2605
f 2603 2602 2605
f 2518 2606 2597
f 2518 2597 2519
f 2606 2596 2597
f 2607 2609 2610
f 2519 2597 2593
f 2613 2614 2615
f 2615 2616 2617
f 2619 2620 2621
f 2622 2624 2623
f 2623 2614 2613
f 2625 2627 2626
f 2630 2631 2632
f 2629 2630 2632
f 2633 2634 2635
f 2636 2637 2638
f 2637 2639 2640
f 2637 2640 2641
f 2638 2637 2641
f 2564 2642 2565
f 2565 2642 2567
f 2261 2560 2643
f 2560 2567 2642
f 2560 2642 2644
f 2643 2560 2644
f 2645 2643 2642
f 2643 2644 2642
f 2255 2258 2253
f 2258 2646 2647
f 2253 2258 2647
f 2253 2647 2599
f 2647 2646 2648
f 2647 2648 2649
f 2599 2647 2649
f 2650 2643 2645
f 2650 2645 2651
f 2646 2650 2651
f 2646 2651 2648
f 2258 2259 2650
f 2259 2261 2643
f 2259 2643 2650
f 2258 2650 2646
f 2652 2654 2653
f 2661 2663 2664
f 2664 2663 2665
f 2662 2666 2661
f 2662 2667 2666
f 2661 2666 2663
f 2743 2669 2668
f 2670 2673 2671
f 2670 2674 2673
f 2673 2674 2675
f 2673 2675 2676
f 2671 2673 2676
f 2671 2676 2672
f 2669 2677 2668
f 2669 2678 2677
f 2677 2678 2674
f 2677 2674 2670
f 2668 2677 2670
f 2682 2685 2683
f 2681 2684 2682
f 2680 2684 2681
f 2679 2680 2681
f 2689 2691 2690
f 2689 2692 2691
f 2691 2692 2693
f 2691 2693 2690
f 2688 2694 2687
f 2688 2695 2692
f 2688 2692 2694
f 2694 2692 2689
f 2687 2694 2689
f 2696 2698 2697
f 2699 2664 2700
f 2664 2665 2700
f 2698 2701 2697
f 2698 2661 2701
f 2701 2661 2664
f 2697 2701 2664
f 2697 2664 2699
f 2683 2685 2702
f 2704 2669 2743
f 2703 2705 2704
f 2703 2706 2705
f 2705 2678 2669
f 2704 2705 2669
f 2685 2706 2702
f 2702 2706 2703
f 2707 2708 2709
f 2707 2709 2686
f 2707 2686 2680
f 2690 2710 2707
f 2690 2693 2710
f 2710 2693 2708
f 2710 2708 2707
f 2711 2712 2688
f 2711 2713 2712
f 2712 2695 2688
f 2700 2713 2711
f 2700 2665 2713
f 2716 2698 2696
f 2715 2717 2718
f 2715 2718 2716
f 2717 2719 2720
f 2717 2720 2718
f 2718 2720 2661
f 2718 2661 2698
f 2716 2718 2698
f 2672 2676 2721
f 2672 2721 2714
f 2676 2675 2722
f 2676 2722 2721
f 2721 2722 2719
f 2721 2719 2717
f 2714 2721 2717
f 2714 2717 2715
f 2723 2724 2725
f 2725 2696 2726
f 2724 2715 2716
f 2724 2716 2725
f 2725 2716 2696
f 2723 2672 2714
f 2723 2714 2724
f 2724 2714 2715
f 2728 2711 2688
f 2728 2688 2687
f 2727 2700 2711
f 2727 2711 2728
f 2861 2733 2734
f 2738 2680 2737
f 2738 2707 2680
f 2737 2680 2679
f 2739 2690 2707
f 2739 2707 2738
f 2742 2741 2743
f 2741 2703 2704
f 2741 2704 2743
f 2740 2702 2741
f 2740 2683 2702
f 2702 2703 2741
f 2726 2696 2745
f 2746 2745 2747
f 2745 2699 2747
f 2699 2700 2747
f 2747 2700 2727
f 2696 2697 2745
f 2745 2697 2699
f 2748 2749 2750
f 2750 2751 2752
f 2752 2753 2754
f 2752 2754 2750
f 2750 2754 2755
f 2750 2755 2748
f 2752 2756 2690
f 2752 2690 2753
f 2756 2689 2690
f 2753 2690 2739
f 2687 2689 2756
f 2731 2687 2756
f 2731 2756 2752
f 2737 2757 2738
f 2758 2759 2740
f 2735 2682 2759
f 2735 2681 2682
f 2682 2683 2740
f 2759 2682 2740
f 2737 2679 2736
f 2679 2681 2735
f 2736 2679 2735
f 2744 2743 2760
f 2761 2760 2762
f 2761 2762 2723
f 2760 2670 2671
f 2760 2671 2762
f 2762 2671 2672
f 2762 2672 2723
f 2743 2668 2760
f 2760 2668 2670
f 2765 2767 2766
f 2768 2769 2763
f 2763 2769 2764
f 2770 2772 2773
f 2770 2773 2771
f 2771 2773 2774
f 2771 2774 2775
f 2775 2774 2777
f 2775 2777 2776
f 2776 2777 2778
f 2774 2779 2780
f 2774 2780 2777
f 2779 2781 2780
f 2780 2782 2783
f 2777 2780 2783
f 2777 2783 2778
f 2772 2784 2785
f 2772 2785 2773
f 2784 2645 2786
f 2784 2786 2785
f 2785 2786 2781
f 2785 2781 2779
f 2773 2785 2779
f 2773 2779 2774
f 2663 2787 2788
f 2663 2788 2789
f 2787 2598 2788
f 2788 2598 2599
f 2790 2791 2792
f 2790 2792 2793
f 2792 2794 2793
f 2791 2795 2794
f 2791 2794 2792
f 2796 2791 2790
f 2796 2797 2795
f 2796 2795 2791
f 2766 2767 2797
f 2766 2797 2796
f 2799 2768 2800
f 2799 2801 2768
f 2800 2768 2763
f 2778 2783 2802
f 2778 2802 2798
f 2783 2782 2803
f 2783 2803 2802
f 2802 2803 2801
f 2802 2801 2799
f 2798 2802 2799
f 2789 2788 2804
f 2789 2804 2805
f 2806 2772 2770
f 2805 2807 2808
f 2805 2808 2806
f 2807 2648 2651
f 2807 2651 2808
f 2808 2651 2645
f 2808 2645 2784
f 2806 2808 2784
f 2806 2784 2772
f 2788 2599 2649
f 2788 2649 2804
f 2649 2648 2807
f 2804 2649 2807
f 2804 2807 2805
f 2706 2809 2705
f 2705 2810 2678
f 2809 2764 2765
f 2809 2765 2705
f 2705 2765 2766
f 2705 2766 2810
f 2685 2763 2706
f 2763 2764 2809
f 2706 2763 2809
f 2693 2811 2708
f 2708 2811 2709
f 2709 2812 2686
f 2811 2775 2776
f 2811 2776 2709
f 2709 2776 2778
f 2709 2778 2812
f 2811 2770 2813
f 2770 2771 2813
f 2813 2771 2775
f 2813 2775 2811
f 2713 2814 2712
f 2712 2815 2695
f 2814 2663 2712
f 2712 2663 2789
f 2712 2789 2815
f 2665 2663 2713
f 2713 2663 2814
f 2722 2816 2719
f 2719 2816 2720
f 2720 2662 2661
f 2816 2793 2720
f 2720 2793 2667
f 2720 2667 2662
f 2675 2790 2722
f 2790 2793 2816
f 2722 2790 2816
f 2678 2817 2674
f 2674 2817 2818
f 2674 2818 2675
f 2817 2796 2818
f 2818 2796 2790
f 2818 2790 2675
f 2810 2766 2796
f 2810 2796 2678
f 2678 2796 2817
f 2686 2812 2680
f 2680 2819 2684
f 2684 2819 2682
f 2819 2799 2800
f 2819 2800 2682
f 2800 2763 2685
f 2682 2800 2685
f 2812 2798 2680
f 2812 2778 2798
f 2680 2798 2799
f 2680 2799 2819
f 2695 2815 2820
f 2695 2820 2692
f 2692 2820 2811
f 2692 2811 2693
f 2820 2805 2821
f 2820 2821 2811
f 2805 2806 2821
f 2821 2806 2770
f 2811 2821 2770
f 2815 2789 2820
f 2820 2789 2805
f 2851 2822 2823
f 2851 2823 2852
f 2852 2593 2592
f 2852 2823 2593
f 2822 2533 2824
f 2822 2824 2823
f 2827 2533 2822
f 2827 2534 2533
f 2826 2521 2534
f 2826 2534 2827
f 2825 2826 2827
f 2831 2830 2832
f 2829 2830 2828
f 2829 2833 2830
f 2830 2833 2535
f 2834 2522 2521
f 2834 2521 2826
f 2832 2830 2834
f 2830 2535 2522
f 2830 2522 2834
f 2768 2835 2769
f 2769 2836 2764
f 2764 2836 2765
f 2765 2837 2767
f 2835 2838 2769
f 2769 2838 2836
f 2836 2838 2837
f 2836 2837 2765
f 2838 2834 2826
f 2838 2826 2837
f 2837 2826 2825
f 2838 2832 2834
f 2794 2839 2840
f 2794 2840 2841
f 2841 2840 2842
f 2842 2586 2585
f 2840 2843 2842
f 2839 2843 2840
f 2782 2845 2846
f 2782 2846 2803
f 2803 2846 2847
f 2803 2847 2801
f 2801 2847 2835
f 2801 2835 2768
f 2846 2848 2847
f 2847 2848 2835
f 2848 2838 2835
f 2848 2830 2831
f 2848 2831 2838
f 2838 2831 2832
f 2845 2828 2846
f 2828 2830 2848
f 2846 2828 2848
f 2767 2837 2797
f 2797 2850 2795
f 2797 2851 2850
f 2797 2837 2849
f 2849 2827 2822
f 2849 2822 2797
f 2797 2822 2851
f 2837 2825 2827
f 2837 2827 2849
f 2795 2850 2794
f 2794 2844 2839
f 2850 2851 2794
f 2794 2852 2844
f 2844 2852 2853
f 2852 2592 2853
f 2794 2851 2852
f 2667 2854 2666
f 2666 2854 2787
f 2666 2787 2663
f 2854 2855 2856
f 2855 2841 2842
f 2855 2842 2856
f 2856 2842 2585
f 2854 2856 2787
f 2793 2794 2667
f 2794 2841 2855
f 2667 2794 2855
f 2667 2855 2854
f 2843 2839 2844
f 2843 2844 2853
f 2586 2842 2590
f 2843 2590 2842
f 2858 2723 2725
f 2858 2725 2726
f 2858 2726 2857
f 2857 2723 2858
f 2859 2746 2747
f 2859 2747 2857
f 2857 2747 2727
f 2857 2726 2745
f 2857 2745 2746
f 2857 2746 2859
f 2857 2730 2861
f 2857 2861 2860
f 2857 2727 2729
f 2857 2729 2730
f 2860 2861 2734
f 2860 2734 2862
f 2860 2864 2863
f 2864 2758 2740
f 2864 2740 2863
f 2860 2865 2758
f 2860 2758 2864
f 2866 2742 2743
f 2866 2743 2744
f 2866 2744 2867
f 2863 2868 2860
f 2863 2740 2741
f 2863 2741 2868
f 2868 2741 2742
f 2868 2742 2866
f 2860 2868 2866
f 2860 2866 2857
f 2869 2761 2723
f 2869 2723 2857
f 2866 2869 2857
f 2867 2744 2760
f 2867 2760 2866
f 2866 2760 2761
f 2866 2761 2869
f 2845 2870 2658
f 2870 2871 2658
f 2871 2524 2525
f 2871 2525 2658
f 2870 2872 2871
f 2872 2524 2871
f 2782 2780 2845
f 2780 2781 2845
f 2845 2781 2870
f 2781 2873 2874
f 2781 2874 2870
f 2873 2875 2876
f 2873 2876 2874
f 2874 2876 2524
f 2874 2524 2872
f 2870 2874 2872
f 2781 2786 2873
f 2786 2645 2877
f 2786 2877 2873
f 2873 2877 2875
f 2845 2658 2828
f 2828 2658 2659
f 2828 2659 2829
f 2829 2659 2878
f 2829 2878 2833
f 2527 2878 2659
f 2527 2536 2878
f 2519 2593 2823
f 2519 2823 2824
f 2549 2571 2880
f 2549 2880 2879
f 2881 2883 2882
f 2884 2887 2885
f 2887 2888 2889
f 2887 2889 2886
f 2885 2887 2886
f 2883 2890 2882
f 2890 2891 2888
f 2890 2888 2887
f 2882 2890 2887
f 2882 2887 2884
f 2892 2894 2893
f 2892 2895 2894
f 2898 2900 2901
f 2898 2901 2899
f 2897 2902 2900
f 2897 2900 2898
f 2903 2905 2904
f 2903 2906 2905
f 2903 2907 2906
f 2910 2883 2881
f 2909 2911 2891
f 2909 2891 2890
f 2910 2909 2890
f 2910 2890 2883
f 2893 2909 2908
f 2893 2894 2911
f 2893 2911 2909
f 2912 2896 2913
f 2912 2914 2896
f 2913 2896 2892
f 2899 2915 2912
f 2899 2901 2916
f 2899 2916 2915
f 2915 2916 2914
f 2915 2914 2912
f 2917 2918 2897
f 2917 2919 2902
f 2917 2902 2918
f 2918 2902 2897
f 2904 2920 2917
f 2904 2905 2919
f 2904 2919 2920
f 2920 2919 2917
f 2922 2924 2923
f 2922 2925 2924
f 2924 2907 2903
f 2923 2924 2903
f 2886 2889 2925
f 2886 2925 2922
f 2921 2886 2922
f 2926 2928 2927
f 2929 2922 2923
f 2929 2923 2930
f 2930 2923 2903
f 2930 2903 2931
f 2928 2886 2921
f 2928 2921 2927
f 2921 2922 2929
f 2927 2921 2929
f 2932 2933 2935
f 2936 2937 2938
f 2936 2938 2934
f 2934 2897 2936
f 2934 2917 2897
f 2932 2904 2917
f 2932 2917 2933
f 2933 2917 2934
f 2940 2941 2942
f 3031 2944 2945
f 2946 2912 2892
f 2912 2913 2892
f 2939 2899 2912
f 2939 2912 2946
f 2948 2950 2949
f 2949 2910 2951
f 2949 2909 2910
f 2910 2881 2952
f 2951 2910 2952
f 2950 2893 2908
f 2950 2908 2949
f 2949 2908 2909
f 2953 2903 2954
f 2903 2904 2954
f 2954 2904 2932
f 2931 2903 2953
f 2935 2955 2956
f 2957 2958 2959
f 2959 2960 3025
f 2942 2898 2940
f 2898 2899 2940
f 2940 2899 2939
f 2936 2897 2898
f 2936 2898 2942
f 2961 2962 2963
f 2961 2963 2947
f 2945 2964 2948
f 2964 2961 2950
f 2964 2950 2948
f 2961 2892 2893
f 2961 2893 2950
f 2947 2892 2961
f 2967 2928 2926
f 2966 2884 2885
f 2966 2885 2967
f 2967 2885 2886
f 2967 2886 2928
f 2952 2882 2965
f 2952 2881 2882
f 2965 2882 2884
f 2965 2884 2966
f 2968 2976 2977
f 2968 2977 2969
f 2976 2538 2540
f 2976 2540 2977
f 2977 2540 2541
f 2977 2541 2969
f 2552 2978 2555
f 2557 2555 2979
f 2555 2978 2979
f 2980 2979 2978
f 2981 2971 2982
f 2975 2974 2983
f 2984 2981 2982
f 2985 2973 2986
f 2985 2986 2971
f 2981 2985 2971
f 2980 2987 2988
f 2988 2987 2989
f 2987 2990 2989
f 2987 2553 2554
f 2987 2554 2990
f 2990 2554 2538
f 2990 2538 2976
f 2989 2990 2976
f 2989 2976 2968
f 2978 2552 2553
f 2978 2553 2980
f 2980 2553 2987
f 2907 2991 2906
f 2906 2991 2905
f 2991 2563 2905
f 2991 2561 2563
f 2563 2557 2992
f 2905 2563 2992
f 2907 2993 2994
f 2993 2562 2559
f 2993 2559 2994
f 2994 2559 2561
f 2994 2561 2991
f 2907 2994 2991
f 2902 2995 2996
f 2902 2996 2900
f 2900 2997 2901
f 2996 2988 2900
f 2988 2989 2900
f 2900 2989 2968
f 2900 2968 2997
f 2995 2980 2988
f 2995 2988 2996
f 2998 2974 2981
f 3001 3002 3003
f 2974 2985 2981
f 2985 2974 2973
f 2891 3004 3005
f 2891 3005 2888
f 2888 3006 2889
f 3005 3007 2888
f 3007 2569 2568
f 3007 2568 3008
f 2888 3007 3008
f 2888 3008 3006
f 3004 2571 2572
f 3004 2572 2569
f 3004 2569 3007
f 3004 3007 3005
f 2889 3009 2925
f 2925 3009 2924
f 3009 3010 3011
f 3009 3011 2924
f 3010 2568 2562
f 3010 2562 3011
f 3011 2562 2993
f 2924 3011 2993
f 2924 2993 2907
f 3006 3008 3012
f 3006 3012 2889
f 3008 2568 3012
f 3012 2568 3010
f 2889 3012 3010
f 2889 3010 3009
f 2905 2992 3013
f 2905 3013 2919
f 2919 3013 3014
f 2919 3014 2995
f 2919 2995 2902
f 3014 2979 2995
f 2995 2979 2980
f 2992 2557 2979
f 2992 2979 3013
f 3013 2979 3014
f 2901 2997 2916
f 2916 3015 2914
f 3017 3016 3018
f 2997 3019 2916
f 2997 2968 2969
f 2997 2969 3019
f 3019 2969 2970
f 3019 2970 3015
f 2916 3019 3015
f 2911 3020 2891
f 2911 3004 3020
f 3020 3004 2891
f 2911 2880 3004
f 3004 2880 2571
f 2894 2879 2880
f 2894 2880 2911
f 3022 2929 2930
f 3022 2930 3021
f 3021 2930 2931
f 3021 2926 2927
f 3021 2927 2929
f 3021 2929 3022
f 3023 3024 3031
f 3023 2953 2954
f 3023 2954 3024
f 3024 2954 2932
f 3024 2932 3031
f 3031 3021 3023
f 3021 2931 2953
f 3021 2953 3023
f 3031 2932 2935
f 3031 2935 2956
f 3031 2956 3025
f 3025 2957 2959
f 3025 3026 2957
f 3025 3027 3031
f 3025 3029 3028
f 3025 3028 3027
f 3031 2945 2948
f 3031 2948 3030
f 3031 2949 2951
f 3031 2951 2952
f 3031 2952 3032
f 3031 3030 3033
f 3030 2948 2949
f 3030 2949 3033
f 3033 2949 3031
f 3031 3034 3021
f 3034 2966 2967
f 3034 2967 2926
f 3034 2926 3021
f 3031 3032 3034
f 3032 2952 2965
f 3032 2965 3034
f 3034 2965 2966
f 210 2202 292
f 292 2202 2279
f 2202 2200 2277
f 2202 2277 2279
f 2200 3035 2277
f 3035 2278 2275
f 2277 3035 2275
f 3041 3042 3043
f 3044 3045 3047
f 3048 3049 3050
f 3051 3052 3053
f 3055 3044 3047
f 3057 3058 3059
f 3060 3061 3062
f 3065 3066 3067
f 3065 3067 3068
f 3064 3065 3068
f 3069 3070 3071
f 3075 3076 3077
f 3074 3075 3077
f 3078 3079 3080
f 3080 3079 3081
f 3049 3084 3085
f 3049 3085 3050
f 3084 3086 3087
f 3084 3087 3085
f 3050 3085 3048
f 3088 3089 3090
f 3089 3091 3092
f 3089 3092 3093
f 3090 3089 3093
f 3090 3093 3094
f 3099 3100 2113
f 2116 2240 2241
f 2113 3100 3102
f 2124 3091 3103
f 3103 3098 2125
f 2116 2241 2126
f 2121 2126 2241
f 2125 3098 2119
f 2116 2126 2115
f 2116 2115 2117
f 2117 2115 3104
f 2120 2115 2126
f 3101 3104 3102
f 3102 3104 2113
f 2119 3104 2118
f 2116 2117 3101
f 3101 2117 3104
f 2118 3104 2115
f 2114 2113 2119
f 2119 2113 3104
f 3099 2113 3098
f 2114 3098 2113
f 2240 2116 2231
f 2116 3101 2231
f 2129 3105 2120
f 2122 3106 2126
f 2118 3107 2127
f 2118 2128 3107
f 2120 3105 2128
f 2127 3107 3106
f 2127 3106 2122
f 3110 3107 2128
f 3108 3110 2128
f 3111 3108 2128
f 3111 2128 3105
f 3112 3105 2129
f 3112 3111 3105
f 3112 2129 2126
f 3112 2126 3106
f 3112 3106 3107
f 3108 3112 3107
f 3108 3107 3110
f 3111 3109 3108
f 3108 3113 3112
f 3108 3109 3113
f 3113 3109 3112
f 3112 3109 3111
f 2247 2192 3114
f 2247 3114 2194
f 2247 2194 2195
f 2194 3114 2192
f 2245 2195 2194
f 2244 2247 2195
f 2244 2195 2245
f 2193 2247 2244
f 2525 3115 2658
f 2527 2659 3115
f 2527 3115 2525
f 2659 2658 3115
f 2527 3116 2536
f 3117 2536 3116
f 2833 2878 2536
f 2535 2833 2536
f 2521 2522 2523
f 3117 2535 2536
f 3117 2523 2522
f 3117 2522 2535
f 3117 3118 2523
f 2518 2521 2523
f 2518 2523 3118
f 2534 2521 2519
f 2533 2534 2519
f 2533 2519 2520
f 2520 2519 2824
f 2520 2824 2533
f 3119 3120 3121
f 3119 3121 3122
f 3120 3123 3121
f 3122 3121 3124
f 3124 3121 3125
f 3124 3125 3126
f 3125 3127 3128
f 3126 3125 3128
f 3126 3128 2432
f 2425 3129 3130
f 2425 3130 2426
f 3129 3131 3130
f 2426 3130 2427
f 2427 3130 3132
f 2427 3132 3133
f 3132 3123 3120
f 3133 3132 3120
f 3133 3120 3119
f 2429 3134 3135
f 2429 3135 2430
f 3134 3136 3135
f 3135 3136 3131
f 3135 3131 3129
f 2430 3135 3129
f 2430 3129 2425
f 2422 3137 3138
f 2422 3138 3139
f 3137 2545 3136
f 3137 3136 3138
f 3138 3136 3134
f 3139 3138 3134
f 3139 3134 2429
f 2432 3128 3140
f 2432 3140 2421
f 3128 3127 3141
f 3128 3141 3140
f 3140 3141 2545
f 3140 2545 3137
f 2421 3140 3137
f 2421 3137 2422
f 2440 3142 3143
f 2440 3143 3144
f 3142 3145 3143
f 3144 3143 3146
f 3144 3146 3147
f 3147 3146 3148
f 3147 3148 3149
f 3148 3123 3150
f 3149 3148 3150
f 3149 3150 2434
f 2443 3151 2444
f 3151 3152 3153
f 2444 3151 3153
f 2444 3153 2445
f 3154 3155 3151
f 3154 3151 3156
f 3155 3131 3151
f 3156 3151 2443
f 2436 3130 3157
f 3130 3131 3155
f 3157 3130 3155
f 3157 3155 3154
f 2434 3150 3130
f 2434 3130 2435
f 3150 3123 3132
f 3150 3132 3130
f 2435 3130 2436
f 2445 3153 3158
f 2445 3158 3159
f 3153 3152 3158
f 3159 3158 2438
f 2438 3158 3160
f 2438 3160 2439
f 3160 3145 3142
f 2439 3160 3142
f 2439 3142 2440
f 3161 3162 3163
f 3163 3162 2451
f 2451 3162 3164
f 2451 3164 2452
f 2452 3164 2453
f 2457 3165 3166
f 3165 3167 1147
f 3165 1147 3168
f 3166 3165 3168
f 3166 3168 2447
f 2455 3169 3165
f 2455 3165 2456
f 3169 3152 3167
f 3169 3167 3165
f 2456 3165 2457
f 2460 3158 3170
f 3158 3152 3169
f 3170 3158 3169
f 3170 3169 2455
f 2453 3164 3158
f 2453 3158 2459
f 3164 3145 3160
f 3164 3160 3158
f 2459 3158 2460
f 2449 1154 1153
f 2449 1153 3171
f 1153 1143 3162
f 3171 1153 3162
f 3171 3162 3161
f 2447 3168 1155
f 2447 1155 2448
f 3168 1147 1155
f 2448 1155 1154
f 2448 1154 2449
f 2412 3172 2410
f 2410 3172 2409
f 2409 3172 3173
f 2409 3173 3174
f 3174 3173 3176
f 3162 1143 2413
f 2414 3162 2413
f 2415 3177 3164
f 2415 3164 3178
f 3177 3145 3164
f 3178 3164 3162
f 3178 3162 2414
f 2417 3179 3177
f 2417 3177 2416
f 2416 3177 2415
f 3176 3173 3180
f 3176 3180 3181
f 3173 3175 3180
f 3181 3180 3179
f 3181 3179 2417
f 2418 1170 3172
f 2418 3172 3182
f 1170 1169 3172
f 3172 1169 1157
f 3182 3172 2412
f 2413 462 2419
f 2413 1143 462
f 2419 462 1170
f 2419 1170 2418
f 2406 3183 3184
f 3184 3183 3185
f 3184 3185 2399
f 2399 3185 3186
f 3186 3187 2398
f 2399 3186 2398
f 3146 3143 3145
f 2403 3148 2401
f 2403 3123 3148
f 2401 3148 3146
f 2401 3146 2400
f 2404 2403 3189
f 2398 2404 2405
f 2398 3187 2404
f 3188 3146 3190
f 3146 3145 3177
f 3146 3177 3190
f 3190 3177 3179
f 3190 3179 2408
f 2408 3179 3180
f 2408 3180 2407
f 3180 3175 3183
f 2407 3180 3183
f 2407 3183 2406
f 2385 3191 3192
f 2385 3192 2392
f 3191 3187 3192
f 2392 3192 2390
f 2390 3192 3193
f 2390 3193 3194
f 3193 3195 3196
f 3194 3193 3196
f 3194 3196 3197
f 2397 3121 2396
f 3121 3123 3198
f 2396 3121 3198
f 2396 3198 2394
f 2380 3199 3200
f 2380 3200 3201
f 3199 3127 3125
f 3199 3125 3200
f 3200 3125 3121
f 3201 3200 3121
f 3201 3121 2397
f 3197 3196 3202
f 3197 3202 3203
f 3196 3195 3202
f 3203 3202 3204
f 3203 3204 2384
f 2384 3204 2382
f 3204 3202 3127
f 3204 3127 3199
f 2382 3204 3199
f 2382 3199 2380
f 2394 3198 3205
f 2394 3205 3206
f 3198 3123 2403
f 3198 2403 3205
f 3205 2403 2404
f 3206 3205 2389
f 2389 3205 2387
f 3205 2404 3187
f 3205 3187 3191
f 2387 3205 3191
f 2387 3191 2385
f 2368 3207 2373
f 2373 3207 2372
f 2372 3207 3208
f 2372 3208 3209
f 3209 3208 3211
f 3172 1157 3212
f 2376 3172 3212
f 2376 3212 2375
f 2377 3213 3214
f 3213 3175 3173
f 3213 3173 3172
f 3214 3213 3172
f 3214 3172 2376
f 2379 3215 3213
f 2379 3213 2378
f 2378 3213 2377
f 3211 3208 3215
f 3211 3215 3216
f 3208 3210 3215
f 3216 3215 2379
f 2371 3217 3207
f 2371 3207 2370
f 3217 1208 3207
f 3207 1208 1197
f 2370 3207 2368
f 2375 3212 3218
f 2375 3218 3219
f 3212 1157 1210
f 3212 1210 3218
f 3218 1210 1208
f 3218 1208 3217
f 3219 3218 3217
f 3219 3217 2371
f 3221 3220 3222
f 3221 3222 2364
f 2364 3222 3223
f 3223 3224 2363
f 2364 3223 2363
f 2365 3185 3183
f 2365 3183 3225
f 3225 3183 3175
f 3225 3175 2362
f 2357 3226 2366
f 3226 3187 3186
f 3226 3186 3185
f 2366 3226 3185
f 2366 3185 2365
f 2359 3226 2358
f 2358 3226 2357
f 2363 3224 3227
f 2362 3175 3228
f 2362 3228 2361
f 3175 3213 3228
f 3228 3213 3215
f 2361 3228 3215
f 2361 3215 2360
f 2360 3215 3229
f 3215 3210 3220
f 3229 3215 3220
f 3230 3231 3232
f 3230 3232 3233
f 3231 3224 3232
f 3233 3232 3234
f 3233 3234 3235
f 3235 3234 3236
f 3235 3236 3237
f 3236 2526 3238
f 3237 3236 3238
f 3237 3238 2349
f 2345 3192 2346
f 3192 3187 3239
f 2346 3192 3239
f 2346 3239 2347
f 3240 3241 3242
f 3240 3242 3243
f 3241 3195 3193
f 3241 3193 3242
f 3242 3193 3192
f 3243 3242 3192
f 3243 3192 2345
f 2349 3238 3244
f 2349 3244 2350
f 3238 2526 3244
f 2350 3244 3245
f 2350 3245 2351
f 2351 3245 3246
f 2351 3246 3247
f 3245 3244 3246
f 3246 3244 3195
f 3246 3195 3241
f 3247 3246 3241
f 3247 3241 3240
f 2347 3239 3248
f 2347 3248 2354
f 3239 3187 3226
f 3239 3226 3248
f 3248 3226 2359
f 2354 3248 2359
f 2354 2359 2355
f 2355 2359 3227
f 2355 3227 3249
f 3227 3224 3231
f 3249 3227 3231
f 3249 3231 3230
f 2314 3250 2311
f 2311 3250 2310
f 2310 3250 3251
f 2310 3251 3252
f 3252 3251 3254
f 2320 3207 2319
f 3207 1197 3255
f 2319 3207 3255
f 2319 3255 2318
f 2307 3256 3208
f 2307 3208 3257
f 3256 3210 3208
f 3257 3208 3207
f 3257 3207 2320
f 3254 3251 3258
f 3254 3258 3259
f 3251 3253 3258
f 3259 3258 2309
f 2309 3258 3260
f 2309 3260 2308
f 3260 3210 3256
f 2308 3260 3256
f 2308 3256 2307
f 2318 3255 3261
f 2318 3261 2316
f 3255 1197 1252
f 3255 1252 3261
f 3261 1252 1253
f 3261 1253 3262
f 2316 3261 3262
f 2316 3262 2315
f 2315 3262 1239
f 2315 1239 3263
f 3262 1253 1239
f 1239 1240 3250
f 3263 1239 3250
f 3263 3250 2314
f 2338 3264 3265
f 2338 3265 2337
f 2340 3222 3268
f 3222 3220 3268
f 3268 3220 3210
f 2340 3268 2339
f 2342 3223 3269
f 2342 3224 3223
f 3269 3223 3222
f 3269 3222 2340
f 2341 3258 2338
f 3258 3253 3264
f 2338 3258 3264
f 2339 3268 3258
f 2339 3258 3270
f 3268 3210 3260
f 3268 3260 3258
f 3270 3258 2341
f 2344 2342 2343
f 2337 3266 3267
f 2652 3234 3271
f 2652 3271 3272
f 3234 3232 3271
f 3271 3232 3224
f 3271 3224 3273
f 3272 3271 3273
f 3272 3273 3274
f 2655 3275 3276
f 2655 3276 2653
f 3275 2526 3236
f 3275 3236 3276
f 3276 3236 3234
f 2653 3276 3234
f 2653 3234 2652
f 3274 3273 3277
f 3274 3277 3278
f 3273 3224 2342
f 3273 2342 3277
f 3277 2342 2344
f 3278 3277 2344
f 3278 2344 2657
f 2657 2344 3267
f 3267 3266 3279
f 2657 3267 3279
f 2657 3279 2656
f 3280 3281 2526
f 3280 2526 3282
f 3281 2527 2526
f 3282 2526 3275
f 3282 3275 2655
f 2656 3279 2660
f 2660 3279 2612
f 2612 3279 3283
f 3279 3266 3283
f 2612 3283 2611
f 2611 3283 3284
f 2611 3284 3285
f 3283 3117 3116
f 3283 3116 3284
f 3284 3116 2527
f 3284 2527 3281
f 3285 3284 3281
f 3285 3281 3280
f 2610 3286 2607
f 2607 3286 3287
f 2607 3287 3289
f 3289 3287 2532
f 3287 3288 3290
f 2532 3287 2528
f 3287 3290 3291
f 3287 3291 2596
f 3292 3266 3286
f 2600 3292 3286
f 2600 3286 2610
f 2604 3293 3292
f 2604 3292 2600
f 3293 3117 3283
f 3293 3283 3292
f 3292 3283 3266
f 2528 3287 3294
f 3287 2596 2606
f 3287 2606 3294
f 3294 2606 2518
f 2528 3294 2605
f 2605 3294 3118
f 3294 2518 3118
f 3118 3117 3293
f 2605 3118 3293
f 2605 3293 2604
f 3265 3264 3253
f 2336 3266 2337
f 2336 2337 3265
f 2336 3265 2332
f 2333 3295 3297
f 2335 3298 2333
f 3298 3296 3295
f 2333 3298 3295
f 2332 3265 3298
f 2332 3298 2335
f 3286 3266 2336
f 2333 3297 3286
f 3297 3288 3287
f 3297 3287 3286
f 2333 3286 2336
f 2322 3299 3250
f 3250 1240 2321
f 2322 3250 2321
f 3300 3301 3250
f 3300 3250 3302
f 3301 3253 3251
f 3301 3251 3250
f 3302 3250 3299
f 3302 3299 2322
f 2326 3303 2323
f 2323 3303 3304
f 2323 3304 3305
f 2323 3305 2330
f 2321 1240 342
f 2331 2321 3303
f 2331 3303 2325
f 2321 342 3303
f 3303 342 1288
f 2325 3303 2326
f 2330 3305 3298
f 2330 3298 2327
f 3305 3296 3298
f 2327 3298 3265
f 3265 3253 3301
f 2327 3265 3301
f 2327 3301 3300
f 3308 3309 3310
f 3308 3310 3311
f 3309 1147 3167
f 3309 3167 3310
f 3311 3310 3312
f 3312 3310 3313
f 3310 3167 3152
f 3310 3152 3314
f 3313 3310 3314
f 3313 3314 3315
f 3316 3317 3318
f 3317 1305 3319
f 3318 3317 3319
f 3318 3319 3320
f 3321 3322 3317
f 3321 3317 3323
f 3322 3324 3317
f 3323 3317 3316
f 3325 3326 3327
f 3326 3324 3322
f 3327 3326 3322
f 3327 3322 3321
f 3315 3314 3326
f 3315 3326 3328
f 3314 3152 3326
f 3328 3326 3325
f 3330 1296 1147
f 3330 1147 3309
f 3329 3330 3309
f 3329 3309 3308
f 3320 3319 3330
f 3320 3330 3329
f 3319 1305 1315
f 3319 1315 3330
f 3330 1315 1296
f 3331 3332 3333
f 3331 3333 3334
f 3332 3152 3151
f 3332 3151 3333
f 3333 3151 3335
f 3334 3333 3335
f 3334 3335 3336
f 3336 3335 3337
f 3335 3151 3131
f 3335 3131 3338
f 3337 3335 3338
f 3337 3338 3339
f 3340 3341 3342
f 3341 3343 3324
f 3341 3324 3344
f 3342 3341 3344
f 3342 3344 3345
f 3346 3347 3341
f 3346 3341 3348
f 3347 3349 3343
f 3347 3343 3341
f 3348 3341 3340
f 3351 3349 3347
f 3350 3351 3347
f 3350 3347 3346
f 3339 3338 3351
f 3339 3351 3352
f 3352 3351 3350
f 3345 3344 3353
f 3344 3324 3326
f 3344 3326 3152
f 3344 3152 3332
f 3353 3344 3332
f 3353 3332 3331
f 3354 3355 3356
f 3354 3356 3357
f 3355 2545 3356
f 3357 3356 3358
f 3357 3358 3359
f 3359 3358 3360
f 3359 3360 3362
f 2465 3363 3364
f 2465 3364 2475
f 3363 3349 3351
f 3363 3351 3364
f 3364 3351 3338
f 2475 3364 3338
f 3338 3131 3365
f 2475 3338 3365
f 2475 3365 2467
f 2462 3366 2463
f 3366 3367 3349
f 3366 3349 3363
f 2463 3366 3363
f 2463 3363 2465
f 3362 3360 3368
f 3362 3368 3369
f 3360 3361 3367
f 3360 3367 3368
f 3368 3367 3366
f 3369 3368 3366
f 3369 3366 2462
f 2467 3365 3370
f 2467 3370 2468
f 3365 3131 3136
f 3365 3136 3370
f 2468 3370 2469
f 2469 3370 3371
f 3370 3136 2545
f 3370 2545 3355
f 3371 3370 3355
f 3371 3355 3354
f 3372 1354 3373
f 3079 3372 3373
f 3079 3373 3374
f 3078 3375 3372
f 3078 3372 3079
f 3375 3376 3372
f 3377 3378 3317
f 3377 3317 3082
f 3378 1305 3317
f 3317 3324 3379
f 3082 3317 3379
f 3082 3379 3074
f 3074 3379 3075
f 3075 3379 3076
f 3076 3379 3380
f 3379 3376 3375
f 3380 3379 3375
f 3380 3375 3078
f 3381 3382 1358
f 1358 1305 3378
f 3381 1358 3378
f 3381 3378 3377
f 3374 3373 3382
f 3374 3382 3381
f 3373 1354 3382
f 3382 1354 1358
f 3383 3384 3385
f 3384 3386 3376
f 3384 3376 3387
f 3385 3384 3387
f 3385 3387 3388
f 3389 3390 3384
f 3389 3384 3391
f 3390 3392 3386
f 3390 3386 3384
f 3391 3384 3383
f 3064 3393 3065
f 3393 3324 3343
f 3065 3393 3066
f 3066 3393 3394
f 3393 3343 3349
f 3393 3349 3395
f 3394 3393 3395
f 3394 3395 3069
f 3069 3395 3070
f 3070 3395 3390
f 3070 3390 3389
f 3072 3396 3379
f 3072 3379 3073
f 3379 3324 3393
f 3073 3379 3393
f 3073 3393 3064
f 3388 3387 3396
f 3388 3396 3397
f 3387 3376 3379
f 3387 3379 3396
f 3397 3396 3072
f 2207 3398 3372
f 3398 1354 3372
f 2207 3372 3399
f 3399 3372 3376
f 2207 3399 3400
f 3401 3402 3403
f 3401 3403 3404
f 2209 3401 3404
f 3400 3399 3401
f 3399 3376 3402
f 3399 3402 3401
f 3400 3401 2209
f 2203 3398 2207
f 2203 1354 3398
f 2205 212 2203
f 2203 212 1354
f 2209 3404 3405
f 3405 3404 3406
f 3405 3406 2206
f 2206 3406 212
f 2206 212 2205
f 3407 3409 3410
f 3306 3307 2478
f 3306 2478 2477
f 2301 3424 1403
f 2301 1403 318
f 2252 3425 3424
f 2252 3424 2301
f 2252 3411 3425
f 3427 3428 2480
f 3429 3411 2302
f 2302 3411 2252
f 3425 3412 3417
f 3424 3425 3417
f 3411 3412 3425
f 3439 3766 3438
f 3766 3440 3438
f 3438 3440 3441
f 3438 3441 3429
f 3417 1425 3424
f 3424 1425 1403
f 3429 3441 3411
f 2482 3304 3303
f 3303 1288 1433
f 2482 3303 1433
f 3426 3444 3305
f 3444 3296 3305
f 3426 3305 3304
f 3426 3304 2482
f 3445 3296 3444
f 3426 3445 3444
f 2480 3446 3427
f 3427 3446 3447
f 3427 3447 3445
f 3447 3448 3445
f 2481 2482 3446
f 2481 3446 2480
f 2482 1433 519
f 2482 519 3446
f 3446 519 1435
f 3422 3297 3295
f 3295 3296 3449
f 3422 3295 3449
f 3422 3449 2479
f 3422 3450 3297
f 3450 3288 3297
f 2479 3449 2477
f 3449 3296 3445
f 3451 3450 3422
f 3452 3453 3306
f 2477 3449 3452
f 2477 3452 3306
f 3449 3445 3452
f 3452 3445 3448
f 3306 3453 3451
f 3455 2596 3456
f 3454 3455 3456
f 3454 3456 2487
f 2484 3457 3450
f 2484 3450 2483
f 3457 3288 3450
f 3458 3290 3288
f 3458 3288 3457
f 2485 3458 3457
f 2485 3457 2484
f 2487 3456 3458
f 2487 3458 2485
f 3456 2596 3291
f 3456 3291 3458
f 3458 3291 3290
f 3459 3439 3460
f 3419 3459 3460
f 3421 3461 3419
f 3419 3461 3459
f 3460 3439 3454
f 2483 3450 3461
f 2483 3461 3421
f 3450 3451 3453
f 3450 3453 3461
f 3462 3777 3434
f 3414 3446 3410
f 3416 3448 3447
f 3416 3447 3446
f 3414 3416 3446
f 3410 3446 3407
f 3446 1435 1763
f 3407 3446 3462
f 3446 1763 3462
f 3463 3464 3418
f 3442 3463 3418
f 3452 3448 3436
f 3437 3453 3452
f 3437 3452 3436
f 3436 3448 3416
f 3436 3416 3442
f 3416 3433 3434
f 3416 3434 3442
f 3442 3434 3777
f 3465 3466 3432
f 3432 3466 3413
f 3430 3467 3459
f 3467 3439 3459
f 3430 3459 3443
f 3443 3459 3461
f 3430 3439 3467
f 3461 3453 3437
f 3461 3437 3464
f 3432 3413 3439
f 3432 3439 3431
f 3431 3439 3430
f 3461 3464 3465
f 3443 3461 3465
f 2853 2592 2590
f 2853 2590 2843
f 2787 2856 2598
f 2585 2589 2598
f 2585 2598 2856
f 2114 2119 3098
f 3473 3474 3475
f 3475 3474 2233
f 3392 3091 3481
f 2241 2242 2121
f 2243 3482 2242
f 2121 2242 3482
f 3103 2125 2127
f 3103 2127 2124
f 3103 3483 3098
f 3392 3098 3483
f 3091 2124 2123
f 3091 2123 2121
f 3091 2121 3092
f 2121 3487 3092
f 3487 3488 3094
f 3487 3094 3093
f 3092 3487 3093
f 3089 3088 3481
f 3091 3089 3481
f 3392 3483 3091
f 3103 3091 3483
f 2243 3489 3482
f 3488 3487 3489
f 2121 3482 3489
f 2121 3489 3487
f 2207 3490 2204
f 2207 2208 3490
f 2204 3490 3491
f 2204 3491 2203
f 2203 3491 2206
f 3490 3492 3491
f 3491 3492 2209
f 3491 2209 2206
f 2208 3492 3490
f 3492 2208 2209
f 2209 2208 3400
f 3400 2208 2207
f 2206 2209 3405
f 2207 2204 2203
f 3377 3082 3083
f 3079 3374 3081
f 3380 3078 3080
f 3380 3080 3081
f 3397 3072 3493
f 3388 3397 3493
f 3070 3389 3494
f 3070 3494 3071
f 3066 3394 3067
f 3389 3391 3494
f 3391 3383 3495
f 3391 3495 3494
f 3496 3098 3497
f 3496 3497 3498
f 3497 3098 3392
f 3497 3392 3499
f 3498 3497 3499
f 3498 3499 3500
f 3501 3502 3098
f 3501 3098 3503
f 3502 3099 3098
f 3503 3098 3496
f 3056 3504 3505
f 3056 3505 3057
f 3504 3349 3367
f 3504 3367 3505
f 3505 3367 3506
f 3057 3505 3506
f 3057 3506 3058
f 3058 3506 3507
f 3058 3507 3508
f 3506 3367 3507
f 3507 3367 3361
f 3507 3361 3509
f 3508 3507 3509
f 3508 3509 3060
f 3060 3509 3510
f 3060 3510 3061
f 3509 3361 3510
f 3510 3099 3502
f 3061 3510 3502
f 3061 3502 3501
f 3395 3349 3504
f 3063 3395 3504
f 3063 3504 3056
f 3500 3499 3511
f 3500 3511 3063
f 3499 3392 3390
f 3499 3390 3511
f 3511 3390 3395
f 3063 3511 3395
f 3512 3513 3100
f 3512 3100 3514
f 3100 3099 3515
f 3514 3100 3515
f 3514 3515 3051
f 3049 3516 3517
f 3049 3517 3518
f 3516 3519 3100
f 3516 3100 3517
f 3517 3100 3513
f 3518 3517 3513
f 3518 3513 3512
f 3054 3520 3521
f 3054 3521 3055
f 3520 3361 3522
f 3520 3522 3521
f 3521 3522 3523
f 3055 3521 3523
f 3055 3523 3044
f 3044 3523 3045
f 3523 3522 3524
f 3523 3524 2284
f 3045 3523 3046
f 3046 3523 3525
f 3046 3525 3526
f 3523 2284 3525
f 3526 3525 3048
f 3048 3525 3516
f 3048 3516 3049
f 3527 3510 3361
f 3527 3361 3520
f 3052 3527 3520
f 3052 3520 3054
f 3051 3515 3527
f 3051 3527 3052
f 3515 3099 3510
f 3515 3510 3527
f 3500 3063 3529
f 3058 3508 3059
f 3531 3063 3056
f 3531 3056 3057
f 3530 3531 3057
f 3530 3057 3059
f 3498 3500 3532
f 3496 3498 3532
f 3049 3518 3084
f 3518 3512 3086
f 3518 3086 3084
f 3501 3533 3534
f 3501 3534 3061
f 3533 3496 3530
f 3533 3530 3534
f 3052 3054 3535
f 3526 3048 3536
f 3046 3526 3536
f 3147 3149 3537
f 2460 3170 2461
f 2457 3166 2458
f 3163 2451 2454
f 3163 2454 3538
f 3161 3163 3538
f 2410 2411 3539
f 2410 3539 3540
f 2410 3540 2420
f 2420 3540 3541
f 2420 3541 2419
f 2419 3541 2414
f 2419 2414 2413
f 3540 2416 3541
f 3541 2416 2415
f 3541 2415 3542
f 3541 3542 2414
f 2411 3543 3539
f 3543 2411 2416
f 3543 2416 3540
f 3539 3543 3540
f 2412 2410 3182
f 3182 2410 2420
f 3182 2420 2418
f 2417 2416 2411
f 2417 2411 3181
f 3181 2411 3176
f 2414 3542 3178
f 3178 3542 2415
f 3176 2411 3174
f 3174 2411 2409
f 2369 2373 3544
f 2369 3544 2370
f 2373 2374 3544
f 2370 3544 3545
f 2370 3545 3546
f 2370 3546 3547
f 3547 3546 2376
f 3547 2376 2375
f 3545 2378 3546
f 3546 2378 2377
f 3546 2377 3548
f 3546 3548 2376
f 2374 3549 3544
f 3549 2374 2378
f 3549 2378 3545
f 3544 3549 3545
f 2379 2378 2374
f 2379 2374 3216
f 3216 2374 3211
f 2376 3548 3214
f 3214 3548 2377
f 3211 2374 3209
f 3209 2374 2372
f 2371 2370 3547
f 2371 3547 3219
f 3219 3547 2375
f 2313 2311 3550
f 2311 2312 3550
f 2313 3550 3551
f 2313 3551 2315
f 2315 3551 3552
f 2315 3552 2316
f 3552 3551 2320
f 3552 2320 2319
f 2316 3552 2319
f 2316 2319 2317
f 3551 2308 2307
f 3551 2307 3553
f 3551 3553 2320
f 2312 3554 3550
f 3554 2312 2308
f 3554 2308 3551
f 3550 3554 3551
f 2320 3553 3257
f 3257 3553 2307
f 2314 2313 3263
f 3263 2313 2315
f 3254 2312 3252
f 3252 2312 2310
f 2309 2308 2312
f 2309 2312 3259
f 3259 2312 3254
f 3555 3556 2328
f 3555 2322 3556
f 2328 3556 2327
f 3556 2324 2327
f 3557 2325 2324
f 3556 3557 2324
f 2322 3557 3556
f 2322 2321 3557
f 3557 2321 2325
f 3300 3555 2327
f 3555 2328 2327
f 2331 2325 2321
f 2330 2329 2323
f 2329 2327 2323
f 2323 2327 2324
f 2322 3555 3302
f 3302 3555 3300
f 3558 3426 2482
f 3558 2482 2481
f 2481 2480 3558
f 3558 2480 3428
f 3558 3428 3426
f 3445 3559 3427
f 3559 3428 3427
f 3426 3559 3445
f 3426 3428 3559
f 3560 3435 3416
f 3408 3435 3560
f 3409 3407 3408
f 3409 3408 3560
f 3409 3560 3415
f 3415 3560 3414
f 3414 3560 3416
f 3434 3435 3408
f 3434 3408 3462
f 3433 3416 3435
f 3433 3435 3434
f 3462 3408 3407
f 3410 3409 3414
f 3414 3409 3415
f 3562 3563 3564
f 3561 3562 3564
f 3561 3564 3565
f 3561 3566 3567
f 3561 3567 3562
f 3562 3567 3568
f 3562 3568 3563
f 3156 2443 2446
f 3156 2446 3569
f 3154 3156 3569
f 3159 2438 2442
f 3159 2442 3570
f 2445 3159 3570
f 2436 3157 2437
f 2406 3571 3572
f 2406 3572 2407
f 3571 2399 3572
f 2407 3572 3573
f 2407 3573 3574
f 3574 3573 2402
f 3572 3575 3573
f 3575 2404 2401
f 3573 3575 2401
f 3573 2401 2402
f 2399 3575 3572
f 2399 2398 2405
f 2399 2405 3575
f 3575 2405 2404
f 2408 2407 3574
f 2408 3574 3190
f 3190 3574 3188
f 2403 2401 3189
f 3189 2401 2404
f 3188 3574 3146
f 3574 2402 3146
f 3146 2402 2400
f 2399 3571 3184
f 3184 3571 2406
f 3576 2364 3577
f 3576 3577 2360
f 2360 3577 3578
f 2360 3578 2361
f 3578 2367 2361
f 3577 3579 3578
f 3579 2358 2357
f 3579 2357 2366
f 3578 3579 2366
f 3578 2366 2367
f 2364 3579 3577
f 2364 2363 3580
f 2364 3580 3579
f 3579 3580 2358
f 2362 2361 3225
f 3225 2361 2367
f 3225 2367 2365
f 2364 3576 3221
f 3221 3576 3220
f 3220 3576 3229
f 3229 3576 2360
f 2359 2358 3580
f 2359 3580 3227
f 3227 3580 2363
f 2338 2337 3581
f 2338 3581 3582
f 3582 3581 2340
f 3582 2340 2339
f 3583 2343 2342
f 3583 2342 3584
f 3581 3583 3584
f 3581 3584 2340
f 2337 3585 3583
f 2337 3583 3581
f 3583 3585 2343
f 2344 2343 3585
f 2344 3585 3267
f 2341 2338 3582
f 2341 3582 3270
f 3270 3582 2339
f 2340 3584 3269
f 3269 3584 2342
f 3267 3585 2337
f 2336 2332 3586
f 2336 3586 2334
f 3586 2335 2334
f 2332 2335 3586
f 2336 3587 2333
f 2333 3587 2334
f 3587 2336 2334
f 2477 2478 3588
f 3588 3589 3423
f 2478 3307 3588
f 3588 3307 3589
f 2479 2477 3588
f 2479 3588 3422
f 3422 3588 3423
f 3451 3589 3307
f 3451 3307 3590
f 3451 3590 3306
f 3590 3307 3306
f 3422 3423 3589
f 3422 3589 3451
f 3591 3418 3437
f 3436 3442 3418
f 3436 3418 3591
f 3437 3418 3464
f 3436 3591 3437
f 2465 2475 2464
f 2475 2476 2464
f 3371 3354 3592
f 3369 2462 2466
f 3362 3369 2466
f 2422 3139 2423
f 3139 2429 2431
f 3139 2431 3593
f 2423 3139 3593
f 2423 3593 2421
f 3133 3119 3594
f 3133 3594 3595
f 2427 3133 2428
f 3124 3126 3596
f 3126 2432 2433
f 3126 2433 3596
f 3124 3596 2433
f 3124 2433 3597
f 2388 2393 3599
f 2388 3599 3598
f 3598 3599 3600
f 3598 3600 3601
f 2388 3598 3601
f 2388 3601 2389
f 2389 3601 3602
f 2389 3602 3603
f 3601 3600 3604
f 3601 3604 3602
f 3602 3604 2397
f 3602 2397 2396
f 3603 3602 2396
f 3603 2396 2395
f 3600 3605 3606
f 3600 3606 3604
f 3605 2384 2383
f 3605 2383 3606
f 3604 3606 2383
f 3604 2383 2397
f 2393 3607 3608
f 2393 3608 3599
f 3608 3607 2384
f 3608 2384 3605
f 3599 3608 3605
f 3599 3605 3600
f 2397 2383 3201
f 3201 2383 2381
f 3201 2381 2380
f 3197 3607 3194
f 3194 3607 2393
f 3194 2393 2390
f 2389 3603 3206
f 3206 3603 2395
f 3206 2395 2394
f 2384 3607 3203
f 3203 3607 3197
f 2351 3247 2352
f 3243 2345 2348
f 3243 2348 3609
f 3240 3243 3609
f 3235 3237 3610
f 3611 3612 3613
f 3611 3613 3614
f 3612 2653 3613
f 3613 2653 2654
f 3613 2654 3615
f 3614 3613 3615
f 3614 3615 3616
f 3617 3618 3619
f 3617 3619 3620
f 3618 2657 3616
f 3618 3616 3619
f 3619 3616 3615
f 3620 3619 3615
f 3620 3615 2654
f 3611 3614 3621
f 3611 3621 3622
f 3614 3616 3623
f 3614 3623 3621
f 3621 3623 2612
f 3622 3621 2612
f 3622 2612 2611
f 2656 2660 3624
f 2656 3624 2657
f 2660 2612 3623
f 2660 3623 3624
f 3624 3623 3616
f 2657 3624 3616
f 2655 2653 3282
f 2653 3612 3282
f 3282 3612 3611
f 3282 3611 3280
f 2657 3618 3278
f 3278 3618 3617
f 3278 3617 3274
f 3274 3617 3272
f 3617 3620 3272
f 3272 3620 2654
f 3272 2654 2652
f 3280 3622 3285
f 3280 3611 3622
f 3285 3622 2611
f 2605 2602 3625
f 2607 2608 3625
f 2607 3625 2602
f 3625 2530 2529
f 3625 2529 2605
f 3626 2530 3625
f 3626 3625 2608
f 3289 3627 2607
f 3627 3626 2608
f 3627 2608 2607
f 2605 2529 2528
f 2610 2609 2602
f 2610 2602 2600
f 2609 2607 2602
f 2531 2530 3626
f 2531 3626 3627
f 2532 2531 3627
f 2532 3627 3289
f 2486 3629 3628
f 2486 2483 3629
f 3628 3420 2486
f 2483 3421 3420
f 2483 3420 3629
f 3421 3419 3420
f 3629 3420 3628
f 3454 2486 3420
f 3454 3420 3460
f 3460 3420 3419
f 2484 2483 2486
f 2484 2486 2485
f 2487 2486 3454
f 3443 3630 3430
f 3443 3631 3630
f 3443 3632 3631
f 3631 3632 3432
f 3631 3432 3630
f 3630 3432 3431
f 3630 3431 3430
f 3432 3632 3465
f 3465 3632 3443
f 2500 3633 3634
f 2500 3634 2498
f 3633 3635 3634
f 2498 3634 2497
f 2497 3634 3636
f 2497 3636 3637
f 3636 3634 2551
f 3636 2551 3638
f 3637 3636 3638
f 3637 3638 3639
f 2505 3640 3202
f 2505 3202 2503
f 3202 3195 3641
f 2503 3202 3641
f 2503 3641 2501
f 2506 3642 3640
f 2506 3640 3643
f 3642 3127 3202
f 3642 3202 3640
f 3643 3640 2505
f 2512 3644 2509
f 3644 3127 3642
f 2509 3644 3642
f 2509 3642 2506
f 3639 3638 3644
f 3639 3644 3645
f 3638 2551 3644
f 3645 3644 2512
f 2501 3641 2516
f 3641 3195 3646
f 2516 3641 3646
f 2516 3646 2513
f 2513 3646 3647
f 3646 3635 3633
f 3647 3646 3633
f 3647 3633 2500
f 2618 3648 3244
f 2618 3244 3649
f 3244 2526 3650
f 3649 3244 3650
f 3649 3650 2628
f 2621 3651 3648
f 2621 3648 2619
f 3651 3195 3244
f 3651 3244 3648
f 2619 3648 2618
f 2622 3195 3652
f 3652 3195 3651
f 3652 3651 2621
f 2613 3653 3654
f 2613 3654 2623
f 3653 3635 3646
f 3653 3646 3654
f 3654 3646 3195
f 2623 3654 3195
f 2623 3195 2622
f 2625 2524 3655
f 3655 2524 3656
f 3655 3656 3657
f 2628 3650 3658
f 2628 3658 2626
f 3650 2526 2525
f 3650 2525 3658
f 3658 2525 2524
f 2626 3658 2524
f 2626 2524 2625
f 2617 3659 3660
f 2617 3660 2615
f 3660 3635 3653
f 2615 3660 3653
f 2615 3653 2613
f 3657 3656 3661
f 3657 3661 3662
f 3656 2524 3661
f 3662 3661 3659
f 3662 3659 2617
f 3663 2510 3665
f 3663 3665 3664
f 3664 3665 3666
f 3664 3666 3667
f 3663 3664 3667
f 3663 3667 2499
f 2499 3667 3668
f 2499 3668 2498
f 3667 3666 3669
f 3667 3669 3668
f 3668 3669 2517
f 3668 2517 2498
f 3666 3670 3671
f 3666 3671 3669
f 3670 2505 2504
f 3670 2504 3671
f 3669 3671 2504
f 3669 2504 2517
f 2510 2507 3672
f 2510 3672 3665
f 3672 2507 2505
f 3672 2505 3670
f 3665 3672 3670
f 3665 3670 3666
f 2500 2498 3673
f 2500 3673 3647
f 3673 2498 2517
f 3673 2517 2514
f 3647 3673 2514
f 3647 2514 2513
f 2512 2511 3674
f 2512 3674 3645
f 2511 2510 3663
f 2511 3663 3674
f 3674 3663 3675
f 3645 3674 3675
f 3645 3675 3639
f 2505 2507 3643
f 3643 2507 2506
f 3639 3675 3637
f 3675 3663 3637
f 3637 3663 2499
f 3637 2499 2497
f 2626 3676 3677
f 2626 2627 3678
f 2626 3678 3676
f 3676 3678 3679
f 3676 3679 3680
f 3677 3676 3680
f 3677 3680 2618
f 2618 3680 3681
f 2618 3681 2619
f 3680 3679 3682
f 3680 3682 3681
f 3681 3682 2624
f 3681 2624 3683
f 2619 3681 3683
f 2619 3683 2620
f 3679 3684 3685
f 3679 3685 3682
f 3684 2616 2615
f 3684 2615 3685
f 3685 2615 2614
f 3685 2614 2623
f 3682 3685 2623
f 3682 2623 2624
f 2627 3686 3687
f 2627 3687 3678
f 3686 3688 3687
f 3687 3688 2616
f 3687 2616 3684
f 3678 3687 3684
f 3678 3684 3679
f 3657 3688 3655
f 3688 3686 3655
f 3655 3686 2627
f 3655 2627 2625
f 2621 2620 3652
f 2620 3683 3652
f 3652 3683 2624
f 3652 2624 2622
f 2628 2626 3649
f 2626 3677 3649
f 3649 3677 2618
f 2617 2616 3662
f 2616 3688 3662
f 3662 3688 3657
f 2224 3689 3690
f 2224 3690 2223
f 3689 3376 3386
f 3689 3386 3690
f 3690 3386 3691
f 2223 3690 3691
f 2223 3691 2225
f 2225 3691 3692
f 2225 3692 3693
f 3691 3386 3692
f 3692 3386 3392
f 3692 3392 3694
f 3693 3692 3694
f 3693 3694 3695
f 3696 3697 3698
f 3696 3698 3699
f 3697 3403 3402
f 3697 3402 3698
f 3698 3402 3700
f 3699 3698 3700
f 3700 3701 3702
f 3700 3402 3701
f 3701 3402 3376
f 3701 3376 3689
f 3702 3701 3689
f 3702 3689 2224
f 3097 3703 3704
f 3703 3403 3697
f 3704 3703 3697
f 3704 3697 3696
f 3705 3481 3706
f 3705 3706 3707
f 3706 3481 3088
f 3706 3088 3708
f 3707 3706 3708
f 3707 3708 3095
f 3095 3708 3703
f 3095 3703 3096
f 3708 3088 3703
f 3096 3703 3097
f 3695 3694 3709
f 3695 3709 3710
f 3694 3392 3481
f 3694 3481 3709
f 3710 3709 3481
f 3710 3481 3705
f 3404 3403 3485
f 3484 3404 3485
f 3711 212 3406
f 3711 3406 3712
f 3712 3406 3404
f 3484 3712 3404
f 3468 3713 3714
f 1703 212 3711
f 3480 3088 3090
f 3480 3090 3094
f 2233 3713 3468
f 2233 3468 3485
f 2233 3485 3475
f 3715 3713 2233
f 3473 3403 3703
f 3480 3473 3703
f 3475 3485 3473
f 3485 3403 3473
f 3703 3088 3480
f 3094 3715 2233
f 3094 3488 3715
f 3477 3716 3479
f 3477 3714 3713
f 3477 3471 3714
f 3476 3471 3477
f 3476 1703 3471
f 1705 1703 3476
f 3479 3716 2191
f 3479 2191 3478
f 3717 3488 3489
f 2191 2193 3478
f 3717 2191 3716
f 2244 2246 2193
f 3717 3716 3488
f 3716 3477 3713
f 3716 3713 3715
f 3488 3716 3715
f 2193 2246 256
f 2193 256 3476
f 2193 3476 3478
f 256 1710 3476
f 3476 1710 1705
f 3060 3062 3718
f 3060 3718 3508
f 3062 3061 3534
f 3062 3534 3718
f 3718 3534 3530
f 3508 3718 3530
f 3508 3530 3059
f 3086 3719 3720
f 3086 3720 3087
f 3719 3051 3053
f 3719 3053 3720
f 3720 3053 3052
f 3048 3085 3721
f 3048 3721 3536
f 3085 3087 3721
f 3721 3087 3047
f 3721 3047 3045
f 3536 3721 3045
f 3536 3045 3046
f 3700 3702 3722
f 3702 2224 2222
f 3702 2222 3723
f 3722 3702 3723
f 3722 3723 3724
f 3704 3696 3725
f 3097 3704 3725
f 3710 3705 3726
f 3695 3710 3726
f 3727 3480 3728
f 3474 3727 2233
f 2233 3727 3728
f 3727 3474 3473
f 3727 3473 3480
f 3094 3728 3480
f 2233 3729 3094
f 3729 2233 3728
f 3729 3728 3094
f 3485 3468 3470
f 3485 3470 3484
f 3468 3714 3469
f 3714 3471 3469
f 3469 3471 3472
f 3469 3472 3468
f 3712 3484 3486
f 1703 3711 3471
f 3471 3711 3730
f 3717 3489 2189
f 3717 2189 2191
f 3489 2243 2189
f 3731 3479 3478
f 3731 3478 3476
f 3731 3477 3479
f 3477 3731 3476
f 3732 3733 3734
f 3732 3734 2573
f 2575 3634 3735
f 3634 3635 3733
f 3735 3634 3733
f 3735 3733 3732
f 3736 2551 3634
f 2575 3736 3634
f 2573 2571 3737
f 3737 2571 2582
f 3737 2582 2578
f 2573 2564 2570
f 2573 2570 2571
f 2580 2582 2575
f 2582 2551 3736
f 2575 2582 3736
f 2578 2582 2580
f 3738 3734 3733
f 3738 3733 3739
f 3733 3635 3740
f 3739 3733 3740
f 3739 3740 2629
f 3741 3742 3743
f 3741 3743 3744
f 3742 2564 2573
f 3742 2573 3743
f 3743 2573 3734
f 3744 3743 3734
f 3744 3734 3738
f 2639 3745 3746
f 2639 3746 3747
f 3745 2875 2877
f 3745 2877 3746
f 3746 2877 2645
f 3746 2645 3748
f 3747 3746 3748
f 3747 3748 2633
f 2636 3749 2637
f 3749 2524 2876
f 3749 2876 2875
f 3749 2875 3745
f 2637 3749 3745
f 2637 3745 2639
f 2629 3740 3750
f 2629 3750 2630
f 3740 3635 3660
f 3740 3660 3750
f 3750 3660 3659
f 2630 3750 3659
f 2630 3659 2631
f 2631 3659 3749
f 2631 3749 3751
f 3659 3661 3749
f 3749 3661 2524
f 3751 3749 2636
f 2633 3748 3752
f 2633 3752 2634
f 3748 2645 2642
f 3748 2642 3752
f 3752 2642 2564
f 2634 3752 3753
f 3752 2564 3753
f 3753 2564 3742
f 2634 3753 3742
f 2634 3742 3741
f 3744 3738 3754
f 3741 3744 3754
f 2580 2575 2576
f 2580 2576 2581
f 3737 2578 2579
f 3737 2579 2581
f 3737 2581 2577
f 2573 3737 2577
f 2575 3735 3755
f 2575 3755 2576
f 3735 3732 3755
f 2639 3747 2640
f 2296 3756 3757
f 2634 3741 3754
f 2634 3754 2635
f 3751 2636 2638
f 2631 3751 2632
f 3413 3767 3766
f 3413 3766 3439
f 3417 3765 3768
f 3417 3768 1425
f 3768 3765 1752
f 1425 3768 1752
f 3412 3763 3765
f 3412 3765 3417
f 3769 3770 3778
f 3411 3772 3412
f 3772 3760 3762
f 3772 3762 3763
f 3772 3763 3412
f 3441 3772 3411
f 3441 3758 3760
f 3441 3760 3772
f 3766 3776 3440
f 3776 3766 3758
f 3776 3758 3441
f 3440 3776 3441
f 17 1752 3765
f 17 3765 3763
f 2011 3763 3762
f 2011 3762 3760
f 2012 3760 3758
f 2075 3767 3464
f 2075 3464 3759
f 2072 3759 3761
f 2072 3761 3764
f 66 3764 1751
f 2011 2025 3763
f 17 3763 2025
f 2012 2010 3760
f 2011 3760 2010
f 3766 3767 2018
f 3766 2018 3758
f 2019 2018 3767
f 2012 3758 2018
f 2075 3759 2074
f 2072 2074 3759
f 3777 3462 3771
f 3462 1763 3771
f 3771 1763 3778
f 3778 1763 3769
f 1763 1751 3764
f 3769 1763 3764
f 3764 3761 3777
f 3769 3764 3777
f 3773 3464 3463
f 3773 3463 3442
f 3442 3777 3773
f 3775 3464 3773
f 3774 3773 3777
f 3777 3761 3759
f 3777 3759 3775
f 3759 3464 3775
f 3413 3466 3767
f 3771 3778 3777
f 3778 3770 3777
f 3777 3770 3769
f 3774 3777 3779
f 3779 3775 3773
f 3773 3774 3779
f 3775 3779 3777
f 3466 3465 3464
f 3466 3464 3767
f 2296 3780 3781
f 2296 3781 3756
f 3780 2545 2544
f 3780 2544 3781
f 3781 2544 2539
f 3781 2539 2537
f 3781 2537 2280
f 3781 2280 3782
f 3756 3781 3782
f 3756 3782 3783
f 2292 3522 2293
f 3522 3361 3784
f 2293 3522 3784
f 2293 3784 2294
f 2299 3785 3524
f 2299 3524 3786
f 3785 2284 3524
f 3786 3524 3522
f 3786 3522 2292
f 2295 3358 3780
f 3358 3356 3780
f 3780 3356 2545
f 2295 3780 2296
f 2294 3784 3358
f 2294 3358 2295
f 3784 3361 3360
f 3784 3360 3358
f 3787 2280 2284
f 3787 2284 3785
f 2298 3787 3785
f 2298 3785 2299
f 3783 3782 3787
f 3783 3787 3788
f 3782 2280 3787
f 3788 3787 2298
f 2493 3789 3790
f 2493 3790 2492
f 3789 2291 2289
f 3789 2289 3790
f 2492 3790 2289
f 2492 2289 2494
f 3788 2298 2300
f 3783 3788 2300
f 2294 2295 2297
f 2595 2596 3455
f 3791 2595 3455
f 2305 3792 2595
f 3792 2303 2595
f 2305 2595 3791
f 2304 2302 2303
f 2304 2303 3792
f 2304 3792 2305
f 3791 3455 3793
f 2306 3438 3429
f 3793 3439 3438
f 2306 3793 3438
f 2306 3429 2304
f 2304 3429 2302
f 3455 3454 3793
f 3793 3454 3439
f 3791 3793 3794
f 2305 3791 3795
f 2305 3795 2304
f 2493 3796 2550
f 2493 2550 3797
f 3796 2551 2550
f 3797 2550 2546
f 3797 2546 2488
f 2488 2546 2489
f 2546 2545 3798
f 2489 2546 3798
f 2489 3798 2490
f 3799 3800 3801
f 3799 3801 3802
f 3800 3127 3644
f 3800 3644 3801
f 3802 3801 3644
f 3802 3644 2491
f 2491 3644 2492
f 3644 2551 3796
f 2492 3644 3796
f 2492 3796 2493
f 2496 3141 3803
f 3141 3127 3800
f 3803 3141 3800
f 3803 3800 3799
f 2490 3798 3804
f 2490 3804 2495
f 3798 2545 3141
f 3798 3141 3804
f 2495 3804 3141
f 2495 3141 2496
f 2496 3803 2290
f 3803 3799 3805
f 2290 3803 3805
f 3802 2491 2494
f 3802 2494 3806
f 3799 3802 3806
f 3039 2199 2221
f 3039 2221 3040
f 3037 2283 3041
f 3041 2283 2285
f 3041 2285 3042
f 3042 2285 2278
f 3042 2278 3035
f 3042 3035 2199
f 3042 2199 3039
f 3525 2284 2283
f 3036 3525 2283
f 3036 2283 3037
f 3807 3040 3525
f 3807 3525 3036
f 3040 3519 3516
f 3040 3516 3525
f 3037 3041 3809
f 3807 3036 3038
f 2472 2474 3810
f 2472 3810 3811
f 2471 2472 3811
f 3503 3496 3533
f 3501 3503 3533
f 3161 3538 3812
f 3161 3812 2450
f 3538 2454 3812
f 2450 3812 3813
f 2450 3813 3814
f 3814 2458 3166
f 2450 3814 3166
f 2450 3166 2447
f 3813 2461 3170
f 3813 3170 3814
f 3814 3170 2455
f 3814 2455 2458
f 2454 2452 3815
f 2454 3815 3812
f 2452 2453 2461
f 2452 2461 3815
f 3815 2461 3813
f 3812 3815 3813
f 2449 3171 2450
f 3171 3161 2450
f 3230 3816 3817
f 3230 3817 3249
f 3816 3610 3818
f 3816 3818 3817
f 3817 3818 3819
f 3817 3819 3820
f 3249 3817 3820
f 3249 3820 2355
f 2355 3820 3821
f 2355 3821 2356
f 3820 3819 3822
f 3820 3822 3821
f 3821 3822 2348
f 3821 2348 2346
f 2356 3821 2346
f 2356 2346 2347
f 3819 3823 3824
f 3819 3824 3822
f 3823 2352 3247
f 3823 3247 3824
f 3824 3247 3240
f 3824 3240 3609
f 3822 3824 3609
f 3822 3609 2348
f 3610 3237 3825
f 3610 3825 3818
f 3237 2349 2353
f 3237 2353 3825
f 3825 2353 2352
f 3825 2352 3823
f 3818 3825 3823
f 3818 3823 3819
f 3233 3235 3610
f 3233 3610 3816
f 3230 3233 3816
f 2053 73 2045
f 2058 3826 2061
f 3826 1812 1811
f 3826 1811 2061
f 2061 1811 74
f 2061 74 2053
f 2058 2077 2096
f 2096 3826 2058
f 2096 97 3826
f 3826 97 1812
f 2107 2108 2040
f 2107 2040 2039
f 2039 2038 37
f 2039 37 108
f 2112 115 11
f 2112 11 2033
f 2041 2112 2033
f 2041 2033 2023
f 2041 2108 2107
f 3827 3829 3828
f 2941 3831 3830
f 3830 3831 3832
f 3830 3832 2958
f 3025 2960 3029
f 3029 3827 3028
f 3028 3827 3828
f 3028 3828 3833
f 3833 3828 3829
f 3833 3829 2946
f 2946 3829 2939
f 2942 2941 3834
f 2941 3830 3834
f 3834 3830 2958
f 3834 2958 2957
f 2962 3836 2963
f 3836 3835 2963
f 2946 3837 3833
f 3837 3835 3833
f 3833 3838 3028
f 2945 2944 2964
f 2964 2962 2961
f 3028 3838 3839
f 3028 3839 3027
f 3839 2943 3031
f 3027 3839 3031
f 2947 2963 2892
f 2963 3835 3837
f 2892 2963 3837
f 2892 3837 2946
f 2938 3841 3840
f 3840 3841 3842
f 3840 3842 2955
f 3843 3845 3844
f 2942 3845 3846
f 2942 3846 2936
f 3025 2956 3026
f 3026 3843 2957
f 2934 2938 3847
f 2934 3847 2933
f 2938 3840 3847
f 3847 3840 2955
f 2933 3847 2955
f 2933 2955 2935
f 2957 3843 3844
f 2957 3844 3834
f 3834 3844 3845
f 3834 3845 2942
f 2755 3849 3848
f 3848 3849 3850
f 3848 3850 2732
f 2739 3852 2753
f 2734 2733 3853
f 3853 3851 2738
f 2748 2755 3848
f 2748 3848 2861
f 3848 2732 2861
f 3851 3852 2738
f 2738 3852 2739
f 2730 3855 3854
f 3854 3855 2749
f 3856 3857 3858
f 3856 3858 2729
f 2731 3859 2687
f 2687 3859 3856
f 2687 3856 2728
f 2752 2751 2731
f 2861 2730 3854
f 2861 3854 2749
f 2861 2749 2748
f 2728 3856 3860
f 2728 3860 2727
f 3860 3856 2729
f 2727 3860 2729
f 3861 3863 3862
f 3862 3863 2735
f 3864 3866 3865
f 3865 3866 3867
f 2860 3865 2865
f 2865 3861 2758
f 2738 2757 3868
f 2738 3868 3853
f 3853 3868 3864
f 3853 3864 2734
f 2758 3861 2759
f 3861 3862 2759
f 2759 3862 2735
f 2734 3864 3865
f 2734 3865 2862
f 2862 3865 2860
f 3869 3870 3829
f 3870 3871 3829
f 3832 3831 3870
f 3870 3831 3871
f 3832 3870 3869
f 2960 3872 3029
f 2960 3869 3829
f 2960 3829 3872
f 3872 3829 3827
f 3029 3872 3827
f 2939 3873 2940
f 3873 3871 3831
f 3873 3831 2941
f 2940 3873 2941
f 3829 3873 2939
f 3873 3829 3871
f 2958 3832 2959
f 2959 3832 3869
f 2959 3869 2960
f 3842 3841 3874
f 3842 3874 3875
f 3875 3874 3876
f 3874 3841 3845
f 3874 3845 3876
f 3875 3876 3845
f 2956 3877 3026
f 2956 3875 3877
f 3877 3875 3845
f 3877 3845 3843
f 3026 3877 3843
f 3845 3878 3846
f 3878 3845 3841
f 3846 3878 2936
f 2936 3878 2937
f 3878 3841 2938
f 2937 3878 2938
f 2955 3879 2956
f 2955 3842 3879
f 3879 3842 3875
f 3879 3875 2956
f 3880 3835 3881
f 3880 3881 3882
f 3882 3881 3883
f 3881 3835 3883
f 3883 3835 3836
f 3838 3880 3839
f 3839 3880 3882
f 3839 3882 2943
f 2944 3884 2964
f 2944 3883 3884
f 3884 3883 3836
f 2964 3884 3836
f 2964 3836 2962
f 3835 3880 3833
f 3833 3880 3838
f 2943 3885 3031
f 2943 3882 3885
f 3885 3882 3883
f 3885 3883 2944
f 3031 3885 2944
f 3867 3866 3886
f 3867 3886 3863
f 3866 3863 3886
f 2757 3866 3868
f 3868 3866 3864
f 3865 3867 3863
f 3865 3863 3861
f 2865 3865 3861
f 2735 3863 2736
f 2736 3863 3866
f 2736 3866 2737
f 2737 3866 2757
f 3852 3851 3887
f 3850 3852 3887
f 3849 3852 3850
f 2753 3849 2754
f 2754 3849 2755
f 2733 3887 3853
f 3853 3887 3851
f 2732 3850 3887
f 2732 3887 2733
f 2861 2732 2733
f 2753 3852 3849
f 3858 3857 3888
f 3858 3888 3855
f 2751 3888 2731
f 2731 3888 3857
f 2731 3857 3859
f 3859 3857 3856
f 2729 3889 2730
f 2729 3858 3889
f 3889 3858 3855
f 3889 3855 2730
f 2749 3855 3890
f 2749 3890 2750
f 3890 3855 3888
f 2750 3890 3888
f 2750 3888 2751
f 3336 3337 2474
f 3336 2474 2473
f 3337 3339 2474
f 3348 3340 3811
f 3346 3348 3811
f 3346 3811 3810
f 3339 3352 2474
f 3352 3350 2474
f 3325 3563 3328
f 3563 3568 3328
f 3328 3568 3315
f 3308 3891 3329
f 3312 3566 3311
f 3320 3565 3318
f 3318 3565 3316
f 3353 3331 3892
f 3561 3565 3893
f 3893 3565 3320
f 3893 3320 3894
f 3893 3894 3891
f 3561 3893 3895
f 3893 3891 3895
f 3895 3891 3308
f 3895 3308 3311
f 3561 3895 3311
f 3561 3311 3566
f 3316 3564 3323
f 3316 3565 3564
f 3323 3564 3321
f 3315 3568 3313
f 3568 3567 3313
f 3313 3567 3566
f 3313 3566 3312
f 3329 3891 3894
f 3329 3894 3320
f 3321 3564 3327
f 3564 3563 3327
f 3327 3563 3325
f 3345 3353 3896
f 3350 3810 2474
f 3350 3346 3810
f 3340 3342 3811
f 2467 2470 3897
f 2467 3897 2476
f 2470 2469 3898
f 2470 3898 3897
f 2476 3897 2464
f 3897 3898 2466
f 3897 2466 2464
f 3899 3528 3359
f 3899 3359 3362
f 3899 3362 2466
f 3898 3899 2466
f 2469 3371 3900
f 2469 3900 3898
f 3371 3592 3528
f 3371 3528 3900
f 3900 3528 3899
f 3898 3900 3899
f 3334 3336 2473
f 3334 2473 3901
f 3331 3334 3901
f 2471 3811 3342
f 2471 3342 3902
f 3902 3342 3345
f 3902 3345 3896
f 3902 3896 3353
f 2471 3902 3903
f 3902 3353 3892
f 3902 3892 3903
f 3903 3892 3331
f 3903 3331 3901
f 2471 3903 3901
f 2471 3901 2473
f 3354 3357 3592
f 3357 3359 3528
f 3592 3357 3528
f 3595 3904 3133
f 3595 3597 3905
f 3595 3905 3904
f 3904 3905 3906
f 3904 3906 3907
f 3133 3904 3907
f 3133 3907 2428
f 2428 3907 3908
f 3907 3906 3909
f 3907 3909 3908
f 3908 3909 2431
f 3908 2431 2430
f 2428 3908 2430
f 2428 2430 2425
f 3906 3910 3911
f 3906 3911 3909
f 3910 2424 2421
f 3910 2421 3911
f 3911 2421 3593
f 3909 3911 3593
f 3909 3593 2431
f 3597 2433 3910
f 3597 3910 3905
f 2433 2424 3910
f 3905 3910 3906
f 3119 3122 3912
f 3119 3912 3594
f 3122 3124 3912
f 3912 3124 3597
f 3912 3597 3595
f 3594 3912 3595
f 3720 3052 3535
f 3720 3535 3054
f 3720 3054 3055
f 3087 3720 3055
f 3087 3055 3047
f 3530 3496 3532
f 3530 3532 3531
f 3531 3532 3500
f 3531 3500 3529
f 3531 3529 3063
f 3512 3514 3086
f 3514 3051 3719
f 3086 3514 3719
f 3707 3095 3913
f 3705 3707 3913
f 3494 3495 3915
f 3494 3915 3914
f 3494 3914 3071
f 3071 3914 3916
f 3914 3915 3917
f 3914 3917 3916
f 3916 3917 3067
f 3916 3067 3394
f 3071 3916 3394
f 3071 3394 3069
f 3915 3918 3917
f 3918 3072 3073
f 3918 3073 3064
f 3918 3064 3068
f 3917 3918 3068
f 3917 3068 3067
f 3495 3493 3918
f 3495 3918 3915
f 3918 3493 3072
f 3385 3388 3493
f 3383 3385 3493
f 3383 3493 3495
f 2441 3919 3920
f 2441 3920 2439
f 3919 3537 3921
f 3919 3921 3920
f 2439 3920 2442
f 2442 3920 3922
f 2442 3922 3570
f 3920 3921 3923
f 3920 3923 3922
f 3922 3923 2446
f 3922 2446 2444
f 3570 3922 2444
f 3570 2444 2445
f 3921 3924 3923
f 3924 2437 3157
f 3924 3157 3154
f 3924 3154 3569
f 3923 3924 3569
f 3923 3569 2446
f 3537 3149 3925
f 3537 3925 3921
f 3149 2434 2437
f 3149 2437 3925
f 3925 2437 3924
f 3921 3925 3924
f 2440 3144 2441
f 3144 3147 3537
f 3144 3537 3919
f 2441 3144 3919
f 3799 3806 3926
f 3799 3926 3805
f 3806 2494 2289
f 3806 2289 3926
f 3805 3926 2289
f 3805 2289 2290
f 2493 3797 3789
f 3797 2488 2291
f 3797 2291 3789
f 2574 2577 3927
f 2574 3927 3928
f 2574 3928 2573
f 2573 3928 3929
f 2573 3929 3755
f 3929 2576 3755
f 3928 2581 2576
f 3928 2576 3929
f 2577 3930 3927
f 2577 2581 3930
f 3930 2581 3928
f 3927 3930 3928
f 2296 3757 3931
f 2296 3931 2295
f 2295 3931 2297
f 2297 3931 3932
f 3931 3933 3932
f 3932 3933 2292
f 3932 2292 2293
f 2297 3932 2293
f 2297 2293 2294
f 3931 3934 3933
f 3934 2300 2299
f 3934 2299 3786
f 3933 3934 3786
f 3933 3786 2292
f 3757 3756 3934
f 3757 3934 3931
f 3756 3783 2300
f 3756 2300 3934
f 3732 2573 3755
f 2629 2632 3935
f 2629 3935 3936
f 3936 3935 3937
f 3936 3937 3738
f 3738 3937 3938
f 3738 3938 3754
f 3754 3938 2635
f 3937 2640 3747
f 3937 3747 3938
f 3938 3747 2633
f 3938 2633 2635
f 2632 3751 3935
f 3751 2638 2641
f 3751 2641 3935
f 3935 2641 2640
f 3935 2640 3937
f 3738 3739 3936
f 3739 2629 3936
f 3039 3939 3042
f 3039 3040 3939
f 3042 3939 3808
f 3808 3939 3043
f 3043 3939 3041
f 3808 3043 3042
f 3038 3036 3037
f 3038 3037 3809
f 3939 3038 3809
f 3939 3809 3041
f 3040 3940 3038
f 3040 3038 3939
f 3940 3807 3038
f 3040 3807 3940
f 3374 3381 3941
f 3081 3942 3380
f 3380 3942 3076
f 3076 3942 3943
f 3076 3943 3077
f 3943 3942 3083
f 3943 3083 3082
f 3077 3943 3082
f 3077 3082 3074
f 3944 3381 3083
f 3942 3944 3083
f 3081 3374 3944
f 3081 3944 3942
f 3374 3941 3944
f 3944 3941 3381
f 3381 3377 3083
f 3486 3945 3730
f 3730 3945 3471
f 3945 3472 3471
f 3945 3470 3468
f 3945 3468 3472
f 3945 3486 3484
f 3945 3484 3470
f 3711 3712 3486
f 3711 3486 3730
f 3946 3947 3948
f 3946 3948 3949
f 3947 3950 3951
f 3947 3951 3948
f 3948 3951 3952
f 3948 3952 3953
f 3949 3948 3953
f 3949 3953 2094
f 2098 3954 3955
f 2098 3955 2099
f 3954 3946 3949
f 3954 3949 3955
f 3955 3949 2094
f 3955 2094 2093
f 2099 3955 2093
f 2099 2093 2091
f 2103 2111 3956
f 2103 3956 3957
f 2111 2110 3958
f 2111 3958 3956
f 3956 3958 3950
f 3956 3950 3947
f 3957 3956 3947
f 3957 3947 3946
f 2105 2104 3959
f 2105 3959 3960
f 2104 2103 3957
f 2104 3957 3959
f 3959 3957 3946
f 3959 3946 3954
f 3960 3959 3954
f 3960 3954 2098
f 2060 3952 3961
f 2060 3961 2088
f 3952 3951 3961
f 3961 3951 3950
f 3961 3950 3962
f 2088 3961 3962
f 2088 3962 2049
f 2049 3962 3963
f 2049 3963 2050
f 3962 3950 3958
f 3962 3958 3963
f 3963 3958 2110
f 2050 3963 2110
f 2050 2110 2051
f 2057 2095 3964
f 2057 3964 2059
f 2095 2094 3953
f 2095 3953 3964
f 3964 3953 3952
f 2059 3964 3952
f 2059 3952 2060
f 2037 2105 2034
f 2105 3960 2034
f 2034 3960 2098
f 2218 3965 3966
f 2218 3966 3967
f 3965 3519 3040
f 3965 3040 3966
f 3966 3040 2221
f 3967 3966 2221
f 3967 2221 3968
f 2216 3969 3970
f 2216 3970 2217
f 3969 3100 3970
f 3970 3100 3519
f 3970 3519 3965
f 2217 3970 3965
f 2217 3965 2218
f 2229 2211 2210
f 2229 2210 2228
f 2228 2210 2230
f 2230 2210 3971
f 3971 2210 3101
f 3971 3101 2213
f 3972 2220 2197
f 3972 2197 3973
f 3973 2197 2211
f 3973 2211 2229
f 3968 2221 2220
f 3968 2220 3974
f 3974 2220 3972
f 2213 3101 3102
f 2213 3102 2214
f 2214 3102 3100
f 2214 3100 3969
f 2214 3969 2216
f 2219 2218 2234
f 2218 3967 2234
f 2234 3967 3968
f 2225 3693 2226
f 3693 3695 3975
f 2226 3693 3975
f 2214 2216 3976
f 3968 3974 2234
f 3974 3972 2234
f 2234 3972 2237
f 3971 2213 3977
f 2230 3971 3977
f 2214 3978 3979
f 2214 3979 2215
f 3978 2239 3980
f 3978 3980 3979
f 3979 3980 2230
f 3979 2230 3977
f 2215 3979 3977
f 2215 3977 2213
f 3696 3699 3981
f 3699 3700 3722
f 3699 3722 3981
f 3981 3722 3724
f 2226 3982 3983
f 2226 3983 2223
f 3982 3984 3985
f 3982 3985 3983
f 3983 3985 3724
f 3983 3724 3723
f 2223 3983 3723
f 2223 3723 2222
f 3724 3985 3986
f 3724 3986 3981
f 3985 3984 3987
f 3985 3987 3986
f 3986 3987 3097
f 3986 3097 3725
f 3981 3986 3725
f 3981 3725 3696
f 3097 3987 3988
f 3097 3988 3096
f 3987 3984 3989
f 3987 3989 3988
f 3988 3989 3705
f 3988 3705 3913
f 3096 3988 3913
f 3096 3913 3095
f 3984 3982 3990
f 3984 3990 3989
f 3982 2226 3975
f 3982 3975 3990
f 3990 3975 3695
f 3990 3695 3726
f 3989 3990 3726
f 3989 3726 3705
f 2239 2238 3991
f 2239 3991 3980
f 2238 2237 2227
f 2238 2227 3991
f 3991 2227 2228
f 3980 3991 2228
f 3980 2228 2230
f 2216 2217 3992
f 2216 3992 3976
f 2217 2219 2236
f 2217 2236 3992
f 3992 2236 2239
f 3992 2239 3978
f 3976 3992 3978
f 3976 3978 2214
f 3972 3973 2227
f 3973 2229 2227
f 3972 2227 2237
f 2973 2547 2548
f 2973 2548 2972
f 2548 2549 2972
f 2543 2546 2973
f 2543 2973 2974
f 2547 2973 2546
f 2984 2879 3993
f 2972 2549 2971
f 2549 2879 2971
f 2971 2879 2984
f 2975 2541 2542
f 2975 2542 2974
f 2974 2542 2543
f 2983 2969 2541
f 2983 2541 2975
f 3002 2896 2999
f 2896 2914 2999
f 3001 2894 2895
f 3001 2895 3002
f 3002 2895 2892
f 3002 2892 2896
f 3016 2879 2894
f 3016 2894 3001
f 3995 3993 2879
f 3995 2879 3016
f 3995 2984 3993
f 3996 2970 3994
f 3996 3994 3995
f 3995 3994 2984
f 2999 2914 3015
f 2999 3015 2970
f 2999 2970 3996
f 2971 2986 2972
f 2972 2986 2973
f 2983 2974 2998
f 2983 2998 2969
f 2969 2998 2970
f 2984 2982 2971
f 2970 2998 3994
f 3994 2998 2981
f 3994 2981 2984
f 3996 3995 3997
f 3995 3016 3017
f 3003 3018 3016
f 3003 3016 3001
f 3998 3995 3017
f 3998 3017 3003
f 3003 3017 3018
f 2999 3000 3003
f 3000 2999 3997
f 3000 3997 3003
f 2999 3996 3997
f 3997 3995 3998
f 3003 3997 3998
f 3002 2999 3003
f 2304 3795 3999
f 4000 2306 2304
f 3999 4000 2304
f 3794 3793 4000
f 3794 4000 3795
f 3793 2306 4000
f 3795 4000 3999
f 3791 3794 3795
