v 5.35711098 45.93042755 10.13239574
v 6.27981281 45.32940674 10.37808609
v 6.97338629 44.62084961 10.70324230
v 7.10435486 41.81467056 5.96403027
v 5.63188362 43.33572388 5.77288389
v 7.60537243 44.43385315 14.45605850
v 7.44815588 44.59609985 12.76461220
v 7.35317850 42.21968842 10.27581787
v 7.18750668 46.25984955 14.33320045
v 5.67328835 47.51171112 14.02871323
v 4.30910206 46.39519119 10.02130699
v 4.86162233 48.31300354 15.04575729
v 3.20519328 46.62400055 10.05156040
v 3.86680126 48.49715805 15.14412880
v 7.44122791 40.37612915 7.84998322
v 8.67076015 48.89943695 21.14891815
v 8.10970783 48.43738937 19.77804375
v 7.31473589 48.68033981 18.75776100
v 7.58994293 47.42961121 17.23688126
v 6.22895575 48.84394455 17.66757202
v 4.00437832 43.76484299 4.69064474
v 2.65264630 44.53825378 5.47170162
v 9.22938919 47.35351562 21.45656586
v 8.60093117 46.92538071 20.17258263
v 8.49129105 47.72993851 19.93613243
v 9.10015869 48.18071747 21.26466751
v 8.19881058 46.24773788 18.64382935
v 7.94735336 46.70599747 17.45948029
v 6.53408718 46.93759918 14.13972282
v 5.59155846 50.03836441 20.06220436
v 4.49278402 49.88928223 19.36325836
v 11.80091095 49.27583313 31.02756691
v 11.67562962 50.07088470 30.84578133
v 11.61262131 50.85548019 30.07950783
v 9.98096848 50.97718048 31.28671265
v 9.14620781 49.97295380 32.80977249
v 8.65264416 51.35630035 31.81869507
v 9.53361225 51.68082809 30.16524124
v 8.73579597 50.32260895 23.11263847
v 6.71987581 50.78691864 22.38013649
v 8.14000130 48.70575714 33.96795273
v 7.77794313 49.60667419 34.24858475
v 8.09048653 50.52575684 33.49385071
v 6.36657190 50.46628952 34.05165863
v 6.92154169 49.64743423 34.48687744
v 6.96538162 48.57651901 34.42331314
v 6.63827085 51.31812286 32.87959290
v 8.56556892 47.57912445 33.07979965
v 10.05300903 48.44370651 22.19361115
v 10.19424629 47.57764053 22.36844444
v 9.56526184 49.20444870 22.13884354
v 10.78815842 49.56433487 23.15773010
v 11.15489006 48.61180115 22.78552055
v 11.28390980 47.69739532 22.91074944
v 9.81677151 46.43617249 31.23575020
v 11.60925102 47.45146561 30.80444145
v 10.39909840 47.86727905 31.89431572
v 10.05682659 45.99538422 29.77304649
v 11.78545475 46.73674774 29.30970764
v 10.11478043 45.66962433 27.95589638
v 11.66854668 46.26795959 27.57199669
v 9.51418686 45.20392609 25.03725243
v 11.30508041 45.96494675 25.73812485
v 10.77625656 45.94757080 23.98282433
v 8.24683762 44.96217346 30.28478241
v 8.41814423 44.70387268 28.43511200
v 3.75210524 40.47876358 16.36491966
v 4.54343081 39.96240997 15.00333881
v 3.19073772 38.97091675 13.68536282
v 5.49096251 40.34870529 14.65394592
v 7.20633268 43.03127670 16.33603477
v 7.30950928 42.65592194 13.28887749
v 6.74136162 40.89599991 12.16914368
v 3.96854258 38.09821701 12.17282963
v 5.02913761 38.45663071 11.75975609
v 2.82537484 37.98826218 12.40812016
v 2.49266171 36.61001587 11.32877731
v 3.74841905 37.00455093 11.34615517
v 4.84429693 37.03646469 10.63523006
v 6.25732660 40.83367538 14.02176189
v 7.13647795 40.20034790 9.51191616
v 6.65099478 39.83940506 10.69421101
v 6.62940407 38.38701248 9.39400768
v 7.13791943 46.58438873 33.09398270
v 6.72756433 45.15154266 32.02101898
v 7.56771994 45.28467178 31.85418892
v 5.93943787 39.06897354 11.28622723
v 5.84728098 37.92022324 10.35644245
v 5.34947491 43.48297882 23.63505173
v 4.73081255 42.80772781 20.91971016
v 5.75759888 43.14099503 21.11084366
v 6.30638027 43.64838409 23.45621300
v 6.63177347 43.52105331 20.82384300
v 7.39352989 44.08699799 23.64409447
v 8.72331524 45.55777359 21.99802780
v 8.13119411 45.15818024 20.81757545
v 8.47801971 46.03140640 20.47791100
v 9.10068512 46.44300461 21.71112823
v 7.72127962 44.48664474 19.41057587
v 8.06821156 45.35439682 19.00876999
v 7.28727293 43.89431381 20.06462669
v 8.11465836 44.80124283 22.30693626
v 10.78510380 48.57441330 31.72011375
v 12.01463604 48.39336395 30.96421623
v 9.59538364 45.78537369 22.96172523
v 10.03889561 46.65459824 22.63069725
v 11.12508392 46.76771545 23.21291924
v 12.85584450 46.88862610 28.98794937
v 13.18323898 47.51408005 29.84721947
v 12.77327251 46.44016266 27.34418488
v 13.71485329 46.74917603 27.11342430
v 13.72359467 47.15298462 28.68346214
v 5.81605244 43.57950592 26.26721191
v 6.72445726 43.72584915 26.09232521
v 8.86981869 45.07033920 23.28548622
v 13.05058575 48.28003693 30.36429977
v 13.80132294 48.13258362 29.63136292
v 13.96583557 49.03319550 29.45421028
v 10.75490284 50.95005798 26.72470474
v 11.77934647 50.96122360 28.41078377
v 12.91408825 50.76258850 28.15369225
v 12.83025169 50.53719711 26.46221542
v 12.90092278 50.63072205 29.41450310
v 13.57424831 50.42197418 28.98036575
v 13.78089046 50.43355942 27.97611809
v 13.77141094 50.20374680 26.36911201
v 6.08825827 52.63700867 30.53092003
v 6.98012686 52.59045410 30.39410591
v 6.77580166 52.61299515 28.89621353
v 5.83042908 52.66112518 29.03871346
v 7.90693665 52.00008392 27.40194130
v 6.35266972 52.16505814 26.17447662
v 5.39739704 52.21556091 26.31702995
v 9.99734592 51.46724701 28.61884880
v 10.39983559 50.53077316 24.87651062
v 12.46162319 50.09568787 24.70828438
v 12.50301456 49.42156982 23.56295776
v 13.35022736 49.79330826 24.69427681
v 5.89135838 51.22363663 22.97999954
v 4.93798113 51.28756714 23.10643768
v 10.84183407 -33.05147934 -16.98240852
v 11.48902512 -36.43353271 -17.69737625
v 11.59996223 -37.53974915 -17.29903793
v 11.61654758 -39.34054565 -16.87966156
v 11.44860840 -38.86386871 -15.38881207
v 11.16115379 -34.59652710 -16.35809898
v 11.12416267 -34.58606339 -15.74825668
v 11.54414463 -36.29658508 -17.32695198
v 11.63354015 -37.39308548 -16.80394173
v 11.53316879 -37.87261581 -15.86272907
v 11.17287731 -37.62985992 -14.61815071
v 11.46348476 -38.88518524 -14.14814854
v 10.83591557 -36.57155991 -13.85676765
v 10.83976650 -35.69929504 -13.13847733
v 11.23293400 -37.56465530 -13.57519531
v 10.89130497 -35.09306335 -14.61580753
v 5.93271017 -44.22217178 -26.17453194
v 6.70740509 -44.93043137 -25.80304718
v 6.19813585 -46.36027527 -25.84306526
v 3.91546178 -45.85147476 -26.58503914
v 7.55427790 -44.70153046 -25.15076637
v 7.72222757 -44.72335815 -24.73765564
v 6.78221655 -46.51741791 -25.25817490
v 6.95232201 -46.24805450 -25.44754219
v 10.07578468 -42.22703552 -22.44906998
v 9.05086803 -42.30131531 -23.33951569
v 8.41720581 -41.96617889 -24.29140282
v 8.58355331 -42.71323013 -23.81125450
v 6.76519871 -41.49670410 -25.47262764
v 4.21844578 -41.29485321 -26.59995270
v 3.83578372 -42.35260773 -26.72567940
v 2.86860943 -42.55693054 -26.83953285
v 2.64711666 -41.60629272 -26.87686920
v 11.00217819 -44.62673950 -20.65154266
v 10.40208340 -47.10592651 -21.70097923
v 10.01340771 -48.65743256 -20.59437180
v 9.83209610 -48.68616104 -21.95079041
v 9.55191135 -48.63220596 -22.56458282
v 9.99918938 -46.70175552 -22.50057220
v 7.26864433 -51.54729080 -20.81520462
v 6.28786993 -51.97055435 -21.97414589
v 8.04793644 -50.87807465 -21.91024017
v 5.54208326 -52.39147186 -20.72683334
v 4.78952932 -52.48329163 -21.99797440
v 5.66412544 -51.94727707 -22.54659843
v 5.57493067 -51.48811340 -22.94338608
v 8.02371216 -50.62572098 -22.45107079
v 7.98874569 -50.16683197 -22.84181595
v 8.31633472 -50.45172882 -17.81902695
v 6.34251928 -51.83479691 -18.66476250
v 8.00454426 -50.83457184 -18.78332901
v 5.53728437 -52.09157181 -17.58087540
v 4.73690796 -52.40511322 -18.74090958
v 6.73893881 -40.03226471 -25.70663452
v 8.45712662 -39.84926605 -24.41164398
v 10.45112705 -40.93607330 -22.30235481
v 5.91896582 -47.07688904 -25.11740875
v 4.07333803 -47.77627945 -25.12346458
v 5.03943300 -47.53785706 -25.49156570
v 5.12440825 -47.24105453 -25.82424164
v 7.25418520 -44.49056244 -24.20175934
v 6.89810753 -45.95994568 -24.78411674
v 5.50151587 -46.68442917 -24.74091530
v 6.71468210 -43.85986710 -22.83051682
v 4.77449465 -44.17777252 -23.11084938
v 4.47037983 -44.88413620 -23.64827919
v 3.37452507 -44.83694839 -23.39807510
v 5.04184532 -45.10992813 -22.81371880
v 6.35411787 -49.82787323 -23.14973259
v 3.96964836 -47.73228073 -25.73884964
v 10.76991177 -46.98500824 -19.26566505
v 10.35037327 -48.07668686 -19.09459496
v 9.62177372 -49.16181564 -18.40555000
v 10.48016930 -43.81268692 -21.96542931
v 10.03407764 -43.63946152 -22.36004639
v 10.78340530 -43.88134384 -21.39946747
v 9.01815224 -48.28749466 -22.88871956
v 8.88709164 -49.42415237 -22.74181175
v 8.88473511 -47.06537628 -22.95578194
v 8.78340244 -42.81460190 -22.82338524
v 9.35714531 -43.13367462 -22.60952759
v 8.27964592 -42.86639404 -23.13629723
v 7.62377787 -43.52818680 -23.64406967
v 8.77700996 -50.26959991 -19.66762161
v 8.65888500 -50.41381454 -21.38900185
v 9.15197659 -49.53784943 -22.32436752
v 3.88352108 -46.97996521 -24.59480095
v 10.27936268 -48.54649353 -17.75579453
v 9.90700626 -48.89611816 -17.09130096
v 5.39375019 -52.10069275 -16.57443047
v 11.10627079 -46.63700867 -18.69731903
v 4.34950638 -40.38425064 -26.73067665
v 2.44587231 -40.73632812 -27.13772583
v 11.00942039 -45.98036575 -16.40820694
v 11.30249310 -45.50295258 -17.52817726
v 8.51500797 -47.03808594 -13.99246407
v 7.46929264 -48.61901093 -14.43939972
v 9.03872967 -48.10686111 -15.49248219
v 8.40258312 -49.99927521 -16.56948280
v 8.33267498 -49.62421036 -16.58672714
v 9.33155155 -48.54397583 -15.98296738
v 9.46897030 -49.11779785 -16.61226845
v 10.41758156 -45.61333084 -14.86981678
v 6.47223663 -35.27486801 -25.24923134
v 2.84479022 -37.11363220 -26.92062759
v 1.63344944 -37.35151672 -27.07080078
v 5.71270514 -29.83136940 -24.46088219
v 4.37748241 -31.57924461 -25.59009552
v 5.77408171 -32.41871643 -25.18497276
v 1.28337801 -29.34306908 -26.15567589
v -0.02964821 -29.87002182 -26.38533211
v 2.08422208 -36.59958649 -7.89582491
v 2.81608009 -36.88477325 -7.79403114
v 3.17675614 -37.28359985 -7.99129963
v 3.40117145 -36.33839035 -7.23353243
v 3.67479873 -37.51541901 -8.26616383
v 4.31105042 -37.46028137 -8.44905663
v 4.26439285 -37.00834274 -7.61585188
v 3.54435730 -34.48477173 -7.82891893
v 2.96055603 -34.74017334 -7.67462158
v 2.51553321 -35.49333954 -7.58686876
v 4.26602554 -35.23092651 -7.37687588
v 5.24815512 -36.74503708 -8.73600674
v 5.38889217 -35.86283493 -8.67586803
v 4.97999144 -35.74044800 -7.83972454
v 10.01654148 -35.41529465 -22.24777222
v 8.69057369 -36.42641068 -23.83107567
v 10.19840622 -38.64220810 -22.30899239
v 11.49721432 -33.26232147 -21.89828682
v 12.10559464 -32.01829529 -22.10112381
v 10.84461117 -32.29928207 -20.65896034
v 11.09385586 -30.82097816 -21.34705544
v 11.44141960 -30.42670250 -22.20672417
v 11.45711231 -30.27677727 -22.90685081
v 9.75073433 -30.45698357 -21.69448853
v 7.31905365 -31.63232613 -23.95958710
v 7.56224298 -30.18335724 -23.13708687
v 9.29658508 -32.99682999 -7.26091623
v 9.39469242 -32.59276199 -7.65582180
v 10.69989872 -32.42292786 -7.20214605
v 9.57000160 -32.28474426 -8.28001404
v 8.46780396 -32.25441360 -9.40317059
v 7.48367262 -33.13069534 -8.66075420
v 11.09538269 -32.63799667 -24.03601074
v 11.25942230 -33.02529526 -23.70637894
v 11.88761711 -32.94322205 -23.43799400
v 10.41731834 -34.15305710 -22.48798561
v 9.51934147 -33.58947754 -23.43556976
v 10.86272621 -39.71149063 -21.25281906
v 9.77752876 -41.15786743 -11.35982132
v 12.56199551 -30.55588150 -23.71793938
v 12.18167686 -30.59379768 -24.11237144
v 11.67665672 -30.30384445 -23.71298981
v 12.71797752 -31.12683296 -23.87845039
v 12.32175541 -31.12957191 -24.28320312
v 10.89579678 -31.50035858 -24.16619110
v 11.43957615 -30.78379822 -24.18441200
v 10.73665619 -30.59411430 -23.64795303
v 11.65294170 -41.36974716 -17.93691063
v 11.31719208 -41.70619202 -20.51840782
v 11.62419319 -40.70805740 -14.96293449
v 11.67160988 -42.64314270 -15.57137203
v 11.43662739 -43.67587280 -14.86539364
v 6.97228193 -49.97124100 -15.21570301
v 7.44424915 -50.77647018 -16.39176369
v 4.76469994 -51.06731033 -15.02990627
v 8.24756145 -48.68669891 -15.69360828
v 0.16872624 15.63053322 -21.23170090
v 3.77007580 17.21664238 -19.68288994
v 0.51481515 20.11181068 -19.18802834
v 0.66837502 24.92938232 -16.32979393
v 2.06656742 24.90951538 -16.08624840
v 4.40549469 23.89707565 -15.90174103
v 7.23082018 22.55874634 -15.34674835
v 8.40866470 8.91318226 -21.04416656
v 4.57277632 9.10005283 -22.46112823
v 5.82021284 4.30962849 -23.10367393
v 2.09940171 7.58289909 -23.50094795
v -0.49980676 7.20238304 -24.03627586
v 10.77846909 1.72584987 -21.57094574
v 4.54149532 1.49236357 -24.18578148
v 9.82424927 -1.97584546 -22.60426140
v 7.27808380 -3.23987055 -23.94290733
v 10.60279083 -4.81859827 -22.65418434
v 4.30452061 -4.74526787 -25.26496506
v 1.57851732 -2.08453798 -25.69228363
v -1.27950740 -1.47886920 -26.03891182
v 8.69477367 -8.67049694 -23.91547012
v 6.52692509 -8.03282261 -24.77005768
v 3.82888508 -8.84517384 -25.81817055
v 7.42418528 -13.27350330 -24.39739418
v 3.20632529 -13.31146908 -25.92601967
v 3.49290729 -11.11834335 -25.98531723
v 0.92209631 -10.91728306 -26.58744431
v 1.21183777 -7.40389109 -26.40797615
v 0.75652975 -13.16612434 -26.45768738
v -1.80259037 -13.09397793 -26.70045471
v -1.69015884 -9.01848125 -26.83163452
v 5.77223873 -17.06350136 -24.43503189
v 2.75343966 -16.71935463 -25.37673759
v 6.16682863 -21.03675079 -23.17510796
v 3.23381448 -20.44878960 -24.37831116
v 0.45151651 -19.11546135 -25.34558868
v -1.56914353 -19.10282326 -25.53053474
v 0.61687243 -15.24950409 -26.14582825
v -1.78984630 -15.19168186 -26.36184311
v 5.21471548 -23.06991768 -23.50155449
v 3.73957205 -22.45449257 -24.17903900
v 2.10036278 -23.16541862 -24.87385178
v 3.55346751 -25.01732635 -24.55930710
v 5.34884357 -25.83786392 -23.75590897
v 0.53827572 -23.94831848 -25.34847260
v -0.90872037 -25.12027931 -25.64028168
v -1.28277230 -22.35406876 -25.30193329
v 0.40454277 -21.64688301 -25.11156273
v 10.07291508 -23.77449799 -18.92103767
v 9.28610516 -24.50422096 -19.65165901
v 8.57881355 -24.22243309 -20.61398697
v 9.26056480 -23.44462776 -20.15667725
v 7.63386250 -23.81188774 -21.66563034
v 8.37596321 -22.91843796 -21.22475052
v 8.53918648 -25.50346756 -20.58668327
v 8.96566200 -26.34888840 -20.06399536
v 7.66748619 -25.99508667 -21.74597740
v 6.31164646 -24.84933662 -22.92257309
v 7.39056778 -22.18507957 -22.15769577
v 16.29666901 -19.00042343 -10.84542656
v 16.84134483 -18.81466103 -10.45660400
v 16.38319206 -18.91903687 -10.25259495
v 16.62201118 -18.60607147 -11.36205864
v 17.17510986 -18.39984894 -10.53901863
v 16.96077919 -18.45972633 -10.10251045
v 16.13373566 -18.48658371 -9.82287979
v 11.05926418 -26.07403755 -17.21224213
v 11.81404972 -25.85050392 -16.44470024
v 10.83039284 -25.82111931 -15.88417530
v 11.53225994 -24.90286827 -15.39421654
v 11.86918545 -24.46965027 -15.47805309
v 12.40659237 -25.43390274 -16.39419937
v 12.53147888 -24.60214615 -16.63198853
v 12.06529617 -24.37272835 -15.80929184
v 11.60893440 -23.91562843 -15.09899807
v 10.57398510 -25.08265305 -18.60954666
v 11.14597797 -25.75376511 -18.33524704
v 11.95365524 -25.17512512 -18.23217773
v 10.08070850 -25.83091354 -18.54092979
v 0.82651639 30.82076645 -12.06413746
v 2.57616901 30.24510193 -12.08908558
v 5.53218317 28.20540428 -12.26311684
v 7.33682728 26.80824471 -11.88730812
v 8.51414585 27.18919373 -10.17649937
v 9.11698341 27.01623726 -9.47563267
v 10.56034660 23.18005943 -11.21176434
v 9.64819336 27.09099960 -8.14791012
v 10.15536880 26.30487061 -7.84620333
v 9.42492962 28.37195778 -6.35367012
v 8.98498917 28.92375374 -6.99671507
v 5.47557211 6.37836838 7.63525772
v 5.80789042 7.19240379 7.25644016
v 5.73105764 8.37617397 7.27602959
v 5.42525434 7.66219378 8.45147896
v 3.61776662 10.92386627 7.10940981
v 2.94272995 10.67851830 7.55568695
v 1.95362246 10.51010799 7.26955271
v 2.53510666 10.09650707 7.97163057
v 2.94607401 9.89091778 8.54110813
v 4.01667452 10.18223953 8.37617302
v 1.93566501 8.40116119 8.40845394
v 2.02160788 7.29996443 8.57536411
v 2.34765935 6.42560530 8.58810806
v 2.97487950 5.80004358 8.37317181
v 3.95248079 5.82724333 8.28838730
v 3.47531843 6.90545368 9.19305325
v 1.91500866 15.73719215 5.83491516
v 2.58818889 15.17124939 5.78203344
v 3.30506492 15.08604431 5.61309719
v 3.24566317 16.07681084 6.03396463
v 3.17333317 19.28921890 4.30994463
v 2.74690962 18.73409081 5.05599451
v 3.21875334 18.86068726 4.87262869
v 1.91090441 18.17742920 5.13290977
v 2.35016084 18.34913826 5.25189400
v 2.81099820 18.24792290 5.58658218
v 3.41654849 18.52944946 5.37090826
v 4.52725077 17.93814468 4.33897400
v 4.06484652 18.41666222 4.86095095
v 7.68989849 15.81676769 3.21831393
v 8.82084370 15.43055248 2.68271589
v 8.56546402 16.69613075 2.81776524
v 7.42203283 19.48023987 1.69558954
v 7.68424892 19.09890747 2.08164167
v 8.36379814 18.86705971 1.97294903
v 6.88212442 17.02844810 3.15679741
v 7.70074177 17.72583961 2.92553616
v 9.91433239 16.34982491 1.17745018
v 9.07114506 17.15407181 2.18572307
v 9.88291359 10.86293697 3.97686291
v 9.19895077 10.71880341 4.44217634
v 8.84159851 10.11687374 4.91843081
v 10.72185802 9.83657169 4.47651148
v 9.33397388 6.43353081 5.44073725
v 9.99934769 5.79641008 5.09828138
v 10.87999916 5.62278652 4.59989691
v 11.03914165 6.90555859 5.02313423
v 10.43901539 6.99697876 5.34963322
v 8.47464943 9.42112827 5.23082972
v 8.70701694 8.38351917 5.49682093
v 12.57414722 6.02926445 2.96338630
v 12.33860779 7.16186047 3.14723945
v 12.54326153 8.24215031 2.50472116
v 11.91489601 7.65998220 4.16096640
v 17.12345123 -3.91045737 -1.58225620
v 16.85111237 -3.68533087 -0.62837887
v 18.50385666 -3.02780414 -0.57295305
v 17.17079353 -2.96808624 0.19684729
v 15.61476135 -3.64067435 -0.19094925
v 17.56711960 0.77706760 -2.74195957
v 18.24444771 0.20306130 -1.92665994
v 18.58829689 -0.50272942 -2.07861376
v 18.83067131 -0.14186907 -1.33843517
v 18.64209175 -1.40373504 -2.23367429
v 16.86253929 -2.37743926 0.55907685
v 17.15794373 -1.43485773 0.81345642
v 15.37957668 -1.42395687 0.70492184
v 12.69509602 -3.58366871 3.00887251
v 13.14200592 -2.76381373 2.73927379
v 13.66203403 -1.59118223 2.28468990
v 12.81687546 -2.52899790 3.94168520
v 9.25693130 -1.74076617 5.71552277
v 9.32099342 -2.83332658 5.47636223
v 9.63440514 -3.71447873 5.07008171
v 12.94007587 0.89447558 3.09439421
v 12.08014679 0.76958966 3.99613690
v 11.23630524 0.90545541 4.64181519
v 11.65327549 -0.23528992 5.12129450
v 12.25434971 -0.30248550 4.64260483
v 11.18195820 -4.42348194 3.91625023
v 12.07885647 -4.06314802 3.46333814
v 11.62399578 -3.38737440 4.71053791
v 2.08854032 0.50038600 8.37806892
v 1.94588137 -0.63498783 8.68934917
v 2.67950344 -0.14049989 8.80630970
v 1.95409644 -1.69471407 8.77613449
v 2.96029258 -1.05290651 9.33070946
v 3.08488870 -0.51966000 9.18494320
v 3.99292469 0.76569277 8.19075394
v 2.89983749 1.01256812 8.19112206
v 3.45704508 -0.06819616 8.93216991
v 4.27355576 -0.33039591 9.02221966
v 1.88516295 -3.87280464 7.97668600
v 2.89883685 -4.14669514 7.96962929
v 2.74769974 -3.26409459 8.72473812
v 3.78991604 -4.32142448 7.67025089
v 4.14527321 -3.43097758 8.71878624
v 3.47036815 -3.32418084 8.90952492
v 5.55922461 -3.99118686 6.72377253
v 5.94091225 -2.87461305 7.14163828
v 5.31440306 -3.34471869 7.85988379
v 6.03857231 -1.81559765 7.45018005
v 5.49223948 -2.65728045 8.33488750
v 16.14811325 -12.50838661 -5.53837061
v 16.52716827 -11.60746002 -5.59556055
v 17.20238876 -11.58302498 -4.53496552
v 16.89537430 -12.22970390 -4.49652290
v 17.12350273 -10.62580395 -4.89901161
v 18.06402969 -11.07621479 -3.44761872
v 17.86339188 -11.71910191 -3.59380579
v 17.52762413 -12.25313854 -3.56642222
v 15.14986897 -8.66391373 -1.51569259
v 15.35640526 -9.84178543 -1.41400397
v 16.15517044 -9.45298767 -1.57383037
v 15.17414570 -10.82902336 -1.58151901
v 16.92612839 -11.12561035 -1.52748859
v 17.00132942 -10.45744610 -1.43143475
v 16.93803024 -9.93041420 -1.51348078
v 16.60437012 -8.38670540 -2.64674830
v 15.67152977 -8.09801769 -2.03861761
v 16.56192398 -9.03528023 -1.94551265
v 17.38069916 -9.83088398 -1.73076057
v 17.74195480 -9.74652100 -2.16416168
v 14.48855019 -12.77116585 -2.76944852
v 14.84411812 -13.23605824 -3.57906079
v 15.97180367 -12.77822208 -3.06319237
v 15.68753910 -12.40727711 -2.47075462
v 15.82709122 -13.08249855 -4.03315783
v 17.31539917 -12.47226143 -2.93543649
v 16.99048042 -12.41285896 -2.47686338
v 16.59152031 -12.24339581 -2.18680596
v 12.11772060 -9.45459461 1.58365178
v 11.55727386 -8.95154858 2.15299749
v 10.73976326 -8.90683937 2.84875631
v 10.99185181 -10.13284302 3.13870835
v 11.57670593 -10.14600849 2.62968612
v 9.98439121 -13.73591805 1.29520035
v 10.86749172 -13.42339993 0.90466553
v 11.51182747 -13.15896225 -0.03896923
v 11.55722141 -12.61373520 1.16046691
v 10.55581760 -13.01582909 2.21440029
v 12.29194927 -11.18601322 0.81598413
v 12.34095097 -10.21025467 1.15614879
v 9.12469864 -9.69080639 3.70247221
v 8.50587845 -10.41526508 3.72882915
v 8.47443962 -11.50308514 3.49970055
v 9.63361549 -10.92591953 3.70576334
v 3.34040070 -9.14676380 6.58706474
v 2.24926209 -8.78956318 6.67574549
v 2.73985314 -10.17118073 7.10377550
v 1.39994335 -9.30027103 6.75378942
v 1.97616148 -10.13442326 6.98391867
v 2.30550408 -10.94888020 7.23879862
v 3.49806786 -10.53791237 7.12483978
v 1.00677538 -13.67988586 5.17069054
v 2.00070143 -13.97183990 5.11450148
v 1.92497492 -13.22621059 6.08388710
v 2.83985639 -14.11607838 4.80643368
v 3.22423005 -13.41879177 6.08889008
v 2.62431455 -13.32600307 6.27394104
v 4.53865194 -13.65313435 4.03089333
v 4.95678139 -12.68216896 4.71464539
v 4.33401060 -13.30778217 4.96805048
v 5.12555981 -11.72531605 5.26155758
v 4.23571873 -13.01334095 5.75805950
v 1.00824988 -11.59129333 6.46425867
v 1.21262777 -12.65702248 6.11579990
v 2.12814140 -11.94080544 7.05975056
v 14.18680191 -19.59978676 -8.30142117
v 14.54110622 -20.26147270 -7.71738291
v 15.43584538 -20.38046265 -6.57184553
v 14.87044907 -21.00662804 -7.08418512
v 14.16289425 -20.75227547 -7.89232302
v 13.28819275 -20.58270645 -9.05687141
v 11.79251099 -20.80251312 -6.48426962
v 13.10114002 -20.90825844 -6.05982113
v 12.55262280 -20.31813812 -5.57344294
v 14.08000565 -21.12153435 -5.68234634
v 14.37901497 -20.86749840 -5.28401756
v 13.72064495 -19.98876762 -4.96020412
v 12.96980286 -21.18530846 -7.66809177
v 13.27544880 -21.18314934 -6.63740826
v 12.00410366 -21.13343620 -7.29482985
v 14.68497658 -21.37346649 -6.34419107
v 14.42483044 -21.32185745 -5.93417168
v 14.77723885 -17.29644203 -7.09187365
v 15.20084476 -18.42707634 -6.50428104
v 15.12311649 -18.97096062 -6.94442272
v 14.62852383 -18.04201698 -7.70937824
v 15.66768551 -19.25069618 -5.85402107
v 10.44480801 -17.76080704 -1.87947559
v 10.33516693 -18.71629143 -1.34264803
v 10.42337418 -19.40896988 -1.69429278
v 10.33948517 -19.38782501 -0.89797753
v 10.24482727 -20.12855721 -2.15805292
v 7.03689575 -20.13577080 -0.51505214
v 7.28098011 -19.31436348 -0.01337593
v 8.41956615 -19.53043175 0.33555669
v 7.90927982 -18.92588234 0.19663665
v 7.24248457 -18.04201698 0.16451336
v 8.03929996 -21.66141701 -3.06603599
v 7.55313253 -21.64920044 -2.37551713
v 8.88624954 -21.69701576 -1.60142481
v 7.95678043 -21.47689247 -1.12663209
v 7.33674812 -21.36556625 -1.69537234
v 6.47479057 -21.34555626 -2.40261126
v 0.39379990 -21.89902496 -0.48953784
v 1.12420964 -21.95916176 0.67395711
v 0.81761664 -21.48326492 1.08334470
v 0.78293931 -20.78711128 1.75645924
v 2.28580880 -18.37915421 2.49861240
v 3.10229325 -18.67295074 2.21116161
v 2.45822144 -19.83976364 2.74469781
v 3.49501371 -19.54586220 1.98806286
v 3.83204484 -18.31522369 1.50926793
v 3.20853710 -21.64151192 -1.17455375
v 3.10563731 -21.73261452 -0.19505681
v 2.57792020 -22.07380676 -0.81203455
v 3.09078693 -21.90081406 0.51249808
v 2.75238633 -22.13989639 0.63772625
v 2.06676483 -22.23966217 0.01450817
v 3.72013998 -19.93581772 1.48064649
v 3.66779470 -20.67986488 0.93757874
v 10.45852566 -25.86158943 -11.34565544
v 11.57731152 -25.86682892 -10.79350281
v 12.73335457 -26.03071022 -10.35117626
v 12.31996536 -25.95203400 -9.81750774
v 11.21545029 -25.74381256 -9.98002052
v 10.02467728 -25.74676132 -10.27102566
v 10.46334457 -23.71130371 -8.91247463
v 11.95670891 -24.39331818 -9.05239487
v 11.87961292 -23.94143295 -9.30522060
v 10.89527130 -23.34541512 -9.24971581
v 12.81287289 -24.45698547 -9.25435066
v 12.44872189 -23.92439842 -9.76229286
v 8.60398579 -26.53472900 -4.98585033
v 9.01766491 -26.09548378 -5.18556738
v 8.63568783 -25.83818245 -4.62764931
v 8.99409866 -25.94131851 -6.32607555
v 8.88356304 -24.94526100 -5.76681471
v 8.61694050 -24.87421989 -5.29960489
v 8.41693306 -25.23647499 -4.68262720
v 10.56413746 -24.97759438 -9.28894806
v 11.01065159 -24.51114845 -9.01871777
v 12.39663982 -25.37339401 -9.17325211
v 5.40758657 23.96438980 2.61046147
v 6.03042316 23.75170898 2.40000463
v 5.87782431 24.47878647 2.61462498
v 1.76964426 24.37619591 4.72035885
v 1.26399875 23.77562904 4.69500303
v 1.84551573 22.91858673 4.67766762
v 2.84715009 23.19372368 4.69961071
v 8.76241684 25.09498787 -0.95032269
v 8.88940907 24.13048744 -1.39530921
v 9.46003151 24.81483078 -1.44507396
v 9.71718979 24.25839996 -2.56385946
v 9.95666599 24.57707977 -3.05168581
v 9.98334503 24.97244644 -3.47999191
v 10.03689480 24.98917961 -2.06800246
v 15.80202389 -18.46520233 -11.98419762
v 15.31396103 -19.07206917 -11.61104107
v 15.76800537 -19.04500198 -10.80816936
v 14.98756695 -19.25533104 -11.08316612
v 16.83328819 -16.31957817 -10.56540203
v 17.01494217 -16.70242500 -11.22772026
v 17.35784531 -17.26316071 -10.36718559
v 17.12213326 -17.48617935 -11.45226765
v 16.65545082 -16.85198212 -12.00463009
v 15.31280231 -18.92093086 -10.35544205
v 15.11648178 -18.28499603 -9.80855560
v 19.14690018 -10.56687641 -11.00649166
v 18.79075432 -9.46973419 -11.10475731
v 19.68651962 -9.97643948 -10.50041771
v 18.82203484 -8.69182396 -10.63501930
v 19.67388153 -9.44256115 -10.15643501
v 20.49944878 -10.05443096 -9.87622547
v 20.57406998 -10.81943893 -10.01877880
v 18.18346596 -8.55985546 -7.87894726
v 17.98556519 -9.32828617 -7.68136263
v 19.08028412 -9.89776421 -7.93476772
v 19.19645500 -9.36620235 -8.11613274
v 18.39848137 -10.43374920 -7.88521385
v 20.12276459 -10.80701065 -8.15942001
v 20.17595100 -10.02533627 -8.24417782
v 17.58765793 -12.10531807 -8.70140839
v 17.69066238 -12.57537174 -9.34840298
v 18.89755058 -12.13607216 -9.13470459
v 18.79359818 -11.78850937 -8.65580368
v 17.88434982 -12.72924709 -10.07186127
v 19.04605484 -12.25951004 -9.66752911
v 20.17553139 -11.94301701 -9.27762699
v 19.79094696 -11.68796539 -8.63884735
v 18.65467644 -8.08885479 -9.14386749
v 18.42612839 -8.16795158 -8.40892887
v 19.40467644 -9.07772541 -8.51330280
v 19.58614731 -8.99757481 -9.05444908
v 20.54099846 -9.70955276 -8.94480801
v 14.47295666 17.70925903 -5.90158749
v 13.73834038 18.62813568 -6.43698025
v 16.10581398 17.55644226 -7.31485415
v 13.84597969 19.01314163 -7.73992205
v 16.56395149 16.55697441 -6.39158630
v 17.27387810 15.01351738 -5.76670599
v 18.52669144 14.10428905 -6.09857321
v 19.49514961 2.00143886 -10.31315517
v 19.16425323 3.27565384 -8.25318336
v 18.50101280 4.77396822 -5.94239998
v 18.15876770 6.55265045 -5.02905846
v 17.51624870 8.19923210 -4.04005623
v 17.28217125 6.37859201 -3.62184787
v 11.81978989 19.92102051 -3.86685371
v 12.22749233 19.65797806 -3.02158999
v 12.58874798 19.30188179 -3.35156465
v 11.20270634 20.27980042 -2.97061419
v 11.94565010 19.77214622 -2.55153680
v 12.80234146 19.30102539 -2.40861464
v 16.10260773 17.87873650 -8.05614567
v 18.23245049 12.20452499 -5.04009104
v 19.34369469 12.26235390 -5.76634073
v 10.66609001 -23.28348541 -18.92051125
v 11.88917065 -23.11417961 -17.90852165
v 10.87799835 -23.61988449 -17.58513069
v 11.37764740 -22.95667076 -18.93567657
v 12.37209988 -22.95235062 -16.62448692
v 11.49381733 -23.39354706 -16.24458885
v 12.13912678 -22.63006592 -19.26733780
v 13.26991940 -21.99992180 -20.09680176
v 13.52959156 -22.46323586 -18.95779419
v 13.87388992 -22.42068481 -17.86202240
v 14.27898502 -22.11577797 -16.72311974
v 15.08356857 -21.44592857 -16.30636024
v 14.21829319 -21.74893951 -14.84696198
v 12.41533470 -22.77467346 -14.81626034
v 13.58225250 -21.74082947 -13.86167240
v 12.74810028 -21.90218353 -12.20916653
v 14.97693634 -19.99139977 -13.59751701
v 15.77179718 -19.26786423 -14.12613678
v 16.34569740 -19.79718590 -16.14282036
v 16.79629326 -18.65108299 -15.78240776
v 17.47942543 -17.79913139 -16.89717674
v 16.33058357 -17.27574539 -12.86479759
v 17.16152382 -16.39067078 -14.38038445
v 17.37954140 -14.86718369 -13.17781448
v 8.46885681 -20.52088356 -22.43348122
v 8.94391346 -21.55504036 -21.70881271
v 9.60891819 -22.30109215 -20.91689491
v 10.57735729 -19.64163971 -22.29764748
v 11.55924892 -21.47204781 -21.05465508
v 12.10971546 -21.99518204 -20.38793945
v 10.70958805 -22.68725586 -19.90790749
v 9.92936039 -23.01480865 -19.99669266
v 9.65352154 -17.78223991 -23.08152962
v 10.37339973 -14.75206661 -23.00353813
v 10.68125629 -17.08977318 -22.88057518
v 10.73907852 -14.99757290 -23.04061127
v 12.29037476 -7.36492682 -21.81234932
v 10.45905304 -11.91826630 -23.01612282
v 11.81505013 -10.66124535 -22.23689842
v 11.26874352 -11.84706783 -22.58898926
v 11.00280476 -13.08618450 -22.96214676
v 17.43925858 -6.47700262 -17.07768822
v 16.28948212 -8.30610752 -18.84807587
v 15.17893600 -7.42064857 -19.68916893
v 15.56768227 -9.18736553 -19.92939186
v 14.84074783 -8.95428753 -20.38564873
v 14.04703903 -8.96018505 -20.87760925
v 16.39803886 -9.56784916 -19.12666893
v 16.71790695 -10.26428509 -19.03225708
v 17.46148109 -9.28094387 -17.30039215
v 17.58312798 -12.83330536 -17.66496468
v 17.17310905 -11.21597767 -18.52650070
v 17.41279602 -10.93347645 -17.55350685
v 18.61475945 -8.18532944 -14.65348530
v 19.06511879 -8.85612679 -14.78092480
v 18.92166901 -8.93596077 -15.23359966
v 18.29496193 -8.75059414 -15.64171028
v 19.52263832 -9.37146854 -14.91089249
v 19.31844521 -9.55264950 -15.44182205
v 18.73975182 -9.60636425 -15.75486565
v 18.22345543 -11.93511105 -14.32961941
v 18.77445412 -11.56451511 -14.53407574
v 19.28579521 -11.27187729 -14.56427670
v 19.46844864 -10.16944218 -14.29612637
v 19.25648880 -10.62785816 -15.77927494
v 18.08962440 -11.71794319 -16.16275215
v 18.66162872 -11.42662144 -15.86121559
v 18.40490532 -11.97887897 -15.70354843
v 18.92975235 -11.11041832 -15.82732677
v 18.85376358 -11.85841656 -15.19297218
v 17.74381065 -13.00111580 -16.25425339
v 17.63231277 -15.72458553 -17.17384720
v 17.54319763 -15.29631901 -15.13492680
v 8.51722622 17.27692986 -17.82065773
v 10.48124981 18.12986946 -15.71797657
v 10.20957088 15.88759899 -17.36932373
v 13.67072296 10.10198402 -18.27583313
v 12.52255535 12.35132694 -17.47571373
v 13.75526428 12.77950573 -16.47572708
v 11.14936161 21.01047325 -12.77311420
v 13.37624168 17.90991783 -12.89965916
v 12.63104725 20.12111855 -11.54766369
v 14.79672337 17.42756844 -11.91500092
v 13.68504715 19.41931725 -8.94859982
v 13.80273438 19.18349075 -10.36636257
v 11.67518234 21.85068130 -10.56729794
v 10.94860554 23.33819389 -9.08566570
v 10.95414639 22.65502739 -5.95860624
v 12.45003796 20.67000580 -7.42494249
v 12.10117149 6.12812281 -20.13523102
v 13.70511055 8.41824913 -18.95094872
v 13.87112522 5.54932404 -19.53632927
v 13.54111099 15.38298702 -2.07513785
v 13.87557507 16.22805214 -2.26000500
v 14.10106945 15.80244541 -3.12238359
v 13.99732780 16.59141350 -2.68466425
v 13.98969173 17.04883003 -2.18743777
v 13.69410419 16.94424438 -1.63597059
v 13.88642311 16.94060898 -3.32107401
v 13.46676636 17.84453964 -3.64936328
v 13.82196617 17.90156937 -2.56375432
v 12.53071499 19.92433739 -5.76734114
v 11.69627285 17.67133522 -1.04948354
v 12.22696590 15.76305485 -0.89787221
v 12.90147591 16.80095291 -1.12681651
v 12.11400795 18.60433388 -1.27655828
v 16.10693169 10.53717518 -2.17100763
v 15.52070808 11.08980083 -1.71338236
v 16.30230522 10.56297970 -0.93294454
v 16.72991371 10.12557602 -1.29451585
v 15.37804985 10.95909595 -0.77659363
v 16.78036308 10.21531105 0.15524501
v 17.12213326 10.12536526 -0.26951966
v 17.25747299 9.92483139 -0.66100246
v 19.40267563 -3.48901033 -9.45319843
v 20.05683327 -2.56391215 -9.38257980
v 20.46937943 -2.98936152 -8.79946327
v 20.41071510 -1.69782114 -9.20827198
v 21.63403320 -2.29202294 -8.37059116
v 21.35061073 -2.72689843 -8.34057426
v 19.64844513 -1.34177923 -5.76631403
v 19.61463737 -2.25423861 -5.98140860
v 18.76031494 -3.25119257 -6.45425272
v 19.96193695 -2.80262518 -6.44003439
v 20.91594696 -2.59956384 -6.37062693
v 19.72722626 -3.66400313 -7.89442921
v 19.30030251 -3.88523269 -8.86802864
v 20.41756058 -3.30543351 -8.31771946
v 21.52355003 -2.85328507 -7.89116430
v 21.46562386 -2.90152264 -7.31273460
v 19.89990234 0.61545056 -7.39346409
v 19.09976959 0.90945762 -6.65457582
v 20.24620247 0.26520142 -6.64109468
v 18.88269997 0.54535860 -5.97156096
v 20.04998589 -0.01885268 -6.11585236
v 20.98061371 -0.33155444 -6.18410158
v 21.33902550 -0.25709161 -6.53556156
v 21.55198669 -0.25414258 -7.09313774
v 19.22046852 -4.08924198 -12.91113853
v 19.90221977 -3.75189471 -13.32537174
v 20.18274498 -3.00434375 -12.99766064
v 20.33430481 -3.79210138 -13.73786640
v 20.28772545 -2.09601808 -12.79449463
v 18.71281433 -1.25186026 -15.53376865
v 19.52221680 -1.57393575 -15.31111717
v 19.51931953 -2.37120867 -15.56296921
v 20.16257668 -1.74129283 -15.22127724
v 19.53485489 -0.28489670 -12.32912827
v 20.13898468 -0.85763907 -12.89576149
v 20.15804672 -0.68754369 -13.38298225
v 19.53759384 -0.09521132 -12.96169376
v 20.65316772 -1.18445408 -13.25585842
v 20.78861237 -1.17413247 -13.66598320
v 20.24190903 -0.89205313 -14.08629894
v 15.84586430 -3.89924049 -18.75818253
v 17.31792641 -3.82325053 -17.15541649
v 13.71576118 -2.21804714 -20.34253311
v 13.81259251 -3.91061521 -20.47643661
v 17.72004700 -0.17883718 -17.36869240
v 17.32782745 -1.84524584 -17.28306580
v 16.18750381 -2.22156239 -18.41475296
v 12.61865902 0.14550273 -20.84403801
v 14.70035362 2.34889698 -19.65060425
v 15.36335659 1.30020320 -19.34611702
v 14.98261738 -0.12333236 -19.41489410
v 16.27723885 0.43940443 -18.78538322
v 16.62137985 5.68113518 -0.51528913
v 17.15065002 5.98635864 -1.07742035
v 17.03113556 5.84707022 -2.23399019
v 17.43346596 6.62161016 -1.33495951
v 17.82663345 7.13695192 -0.67037612
v 17.53699684 7.01488352 0.32744688
v 14.05156803 10.55097294 0.24139860
v 14.64806080 9.50780773 0.79581493
v 15.18272972 10.14621925 0.52850705
v 14.85949516 8.42030334 1.02399564
v 16.45354843 8.68529415 1.24385583
v 16.26470566 9.44666862 1.07860518
v 16.02572823 9.94715977 0.80213428
v 19.44095993 6.20617962 -6.86385775
v 18.65964127 8.14413548 -5.12243986
v 14.36953640 11.07747841 -0.39559039
v 15.92209148 10.34464645 0.31644070
v 21.15381050 9.89440250 -34.20507812
v 17.97429466 12.54804039 -24.38647079
v 17.30800056 11.76265240 -24.19955254
v 16.67451286 10.73038864 -23.61686897
v 17.50466347 11.90836525 -22.21851921
v 16.33735085 9.80700207 -23.57464790
v 16.44033051 9.19800282 -24.79549217
v 15.93394089 8.50624657 -22.56697845
v 15.24702930 8.14056683 -20.54905701
v 15.44524479 9.14902782 -20.45337105
v 15.81113434 10.05911732 -20.37248421
v 16.60568619 10.96115017 -21.26335335
v 16.96594048 11.49618721 -20.24367523
v 24.86626816 12.34155655 -29.04582214
v 24.21305847 12.97659683 -28.98647499
v 23.45342255 13.46529198 -28.94008064
v 23.28917313 13.61585045 -26.56495857
v 24.04733467 13.12573338 -26.62451744
v 24.69922638 12.48863792 -26.70208740
v 22.61711121 13.78931522 -28.90943146
v 21.73630142 13.93534470 -28.89484406
v 21.57515907 14.08727264 -26.51045418
v 22.45433617 13.94087410 -26.52677917
v 21.20313263 13.67659473 -23.94256592
v 22.07980919 13.52456188 -23.95699310
v 22.91209221 13.19263935 -23.99388504
v 23.66785812 12.69464874 -24.05294228
v 24.31745911 12.04862881 -24.13043404
v 24.46488380 5.54239941 -29.88200378
v 24.98376846 6.31499052 -28.63439560
v 25.45885086 7.07258654 -28.82674026
v 24.29026222 5.70641232 -27.51106644
v 25.84278297 7.82752371 -30.04491615
v 25.93363380 8.86269188 -28.80873680
v 25.29082108 7.58354425 -24.67208099
v 24.97848892 6.68712044 -24.77648163
v 24.50988388 5.86884546 -24.87158775
v 23.90264893 5.16384506 -24.95297432
v 18.05744743 5.83035040 -30.34244537
v 18.71086693 5.19862747 -30.38691711
v 19.47121429 4.71024799 -30.42725754
v 19.28213501 4.95793962 -27.59058571
v 18.52307892 5.44563437 -27.53586960
v 17.87034416 6.08051729 -27.46393585
v 20.29014778 4.47940826 -29.93585014
v 21.17235184 4.34067249 -29.93790245
v 20.99773026 4.49352121 -27.64056206
v 20.11776161 4.63623285 -27.62576294
v 20.60469246 3.93610311 -25.10508537
v 19.72696304 4.08726692 -25.09252548
v 18.89491653 4.42040157 -25.05856133
v 18.09790421 4.85422373 -24.86237144
v 17.44996262 5.50951242 -24.79126549
v 18.43560600 12.72445488 -29.00190353
v 17.74977493 12.10371208 -27.90771103
v 17.32367897 11.23542309 -28.69570541
v 18.27957153 12.86985207 -26.66785622
v 16.98334503 10.34280300 -28.49693680
v 16.83872414 9.41504574 -28.58743477
v 25.96119690 9.76816463 -29.55495071
v 25.75629234 10.67804432 -29.47345734
v 25.58667183 10.87231064 -26.90035629
v 25.71012306 9.84272003 -26.51272392
v 25.38634872 11.58286762 -29.11707497
v 25.21815109 11.72752762 -26.79571915
v 24.83427620 11.27659035 -24.22456551
v 25.20103455 10.40928745 -24.33020401
v 22.06345940 4.38151121 -29.94135284
v 22.94998169 4.51653433 -30.43884087
v 22.75608253 4.75956535 -27.61301994
v 21.88817596 4.53512335 -27.63713837
v 23.75951576 4.91070271 -30.41788292
v 23.56706619 5.15373373 -27.57162857
v 23.17747688 4.60100269 -25.01924706
v 22.36428642 4.20001459 -25.06735420
v 21.49516487 3.97491455 -25.09666061
v 16.87059784 8.47717762 -28.67781448
v 17.16726494 7.43261766 -30.24749756
v 16.98137093 7.69510698 -27.27825356
v 17.53702354 6.58545828 -30.29415512
v 17.35057831 6.84073257 -27.37688637
v 16.93455505 6.29114819 -24.70307159
v 16.56915092 7.16753483 -24.60181618
v 16.47118759 8.24657440 -24.91060829
v 20.84416962 13.89495468 -28.89789963
v 19.98134422 13.61577129 -29.20285988
v 19.81606483 13.82333469 -26.54952812
v 20.68439484 14.04672337 -26.51914406
v 19.16883469 13.22131348 -29.23653603
v 19.00397873 13.42600727 -26.59960938
v 18.69696426 13.10835457 -24.31311607
v 19.41669655 13.37962532 -23.86038780
v 20.31484604 13.64136505 -23.95499229
v 21.11151314 13.06474781 -32.90343857
v 19.23834801 12.47284031 -33.03274536
v 18.52589417 11.95972347 -32.91955185
v 17.11577415 8.84571266 -33.54828262
v 17.00198746 8.14175224 -32.73075867
v 17.05422592 6.35897589 -34.05816269
v 17.15193939 7.02983904 -32.15203857
v 17.88331032 5.16862392 -34.35966110
v 17.53552246 6.23992205 -31.89147186
v 17.93661690 5.36840677 -32.20880890
v 22.96983528 3.68596292 -34.26554108
v 22.62969589 3.30222130 -34.15010834
v 20.77614403 2.99740553 -34.38046265
v 25.65502548 6.23054838 -32.54302597
v 25.23733139 5.59473133 -32.30908966
v 24.64306259 4.98998404 -32.26299667
v 23.01070023 4.05543327 -32.30517960
v 23.96136475 4.44612598 -32.30910110
v 21.22117043 3.91904092 -31.94750404
v 22.10229683 3.94558215 -31.98752594
v 25.82408714 7.48306704 -33.66867447
v 25.90435028 9.08196449 -33.25450134
v 25.70297432 9.97791386 -33.20376205
v 25.34214020 10.84127998 -33.01679993
v 24.83206367 11.58555317 -32.97081757
v 17.70099068 10.87302208 -33.04505920
v 19.44659615 3.88944554 -34.23826218
v 19.39999008 3.86232495 -33.42794037
v 18.86289978 3.85442591 -34.11993408
v 19.46018219 4.25849485 -32.27968979
v 18.88549232 4.16939163 -32.86954498
v 18.69664764 3.83294010 -33.60591125
v 19.78936768 3.77480221 -32.87002182
v 19.78565407 3.40654302 -34.12048721
v 19.72459412 3.41217756 -33.59500885
v 20.37424850 3.86814404 -32.28811646
v 18.51211166 4.73884296 -32.29614639
v 23.55553246 3.90713978 -32.90498734
v 25.53811836 6.18231106 -34.15010834
v 23.61323547 12.52594948 -32.91133881
v 24.57489395 6.62184668 -19.97296906
v 24.63574409 7.87723541 -20.50600624
v 24.43573761 8.88461685 -20.46980095
v 24.09831047 8.31274319 -17.85264778
v 24.31595993 7.24343252 -18.05381393
v 24.07066345 9.81295300 -20.43488693
v 23.55224037 10.63396645 -20.40207863
v 23.18594933 10.19235992 -17.73282051
v 23.68327141 9.34575653 -17.67553329
v 24.23259735 6.23428726 -16.87588882
v 23.84900284 7.75489378 -15.43453789
v 19.47284698 1.86457253 -20.98782921
v 20.42954063 1.85872710 -20.89998817
v 21.96960258 2.63310909 -21.40202141
v 20.90288544 1.06501865 -18.68321991
v 19.82112122 0.79813200 -18.88312149
v 18.73451233 0.78707319 -19.14137077
v 23.17439842 3.43621755 -21.31548691
v 22.74054909 2.16711068 -18.50164413
v 21.89186287 1.52243316 -18.56209946
v 21.83941078 1.47082531 -17.31676865
v 20.78187180 0.96222413 -17.49634361
v 22.70958328 2.13182783 -17.24957275
v 22.68283272 2.36964536 -15.98633766
v 21.13133621 2.01513720 -14.18145752
v 20.76217651 1.14200914 -16.23921776
v 19.55023193 0.62266517 -17.81641769
v 18.26214218 0.51281404 -18.29552841
v 19.46723938 0.67932850 -16.60974121
v 15.40911961 6.27678490 -20.72967148
v 14.86391830 5.65485716 -19.72427750
v 14.56975365 8.28306866 -19.31420517
v 16.23058128 3.96296024 -20.89482880
v 15.48258209 3.61034155 -19.84513474
v 14.64598083 4.53367519 -19.58696365
v 14.20491791 7.26202154 -19.30172539
v 20.39620781 12.49925041 -20.34465218
v 19.49443817 12.54040432 -20.36108208
v 18.54888153 12.32523155 -20.14298630
v 18.26329994 12.21243095 -18.80655289
v 19.15285110 12.28478718 -18.76484489
v 20.06778526 12.16535187 -18.73145676
v 17.71688843 11.99652004 -20.18843269
v 16.65639877 11.51424980 -18.94083786
v 17.42282867 11.94796658 -18.86942863
v 16.78670883 11.80654621 -18.12614441
v 18.16461372 12.36072445 -17.98893547
v 16.75316238 12.22135735 -17.35373688
v 18.31850433 12.98020077 -16.75112152
v 19.04152679 12.40411758 -17.93522072
v 19.95814514 12.25624561 -17.88803673
v 19.69330215 12.98948765 -16.25405502
v 22.89634705 11.32411766 -20.37464333
v 22.13062859 11.87305641 -20.35360336
v 21.41575432 11.63194752 -18.70112419
v 22.63364601 10.81490993 -18.67953300
v 21.28612709 12.27099037 -20.34344101
v 20.75559998 12.26355839 -17.00920677
v 21.64917564 11.73727226 -16.94429970
v 22.43326759 11.06542110 -16.87692451
v 23.70161438 3.87501621 -20.65085030
v 24.03932953 4.38247204 -19.25650215
v 23.41756058 3.00252676 -18.49205971
v 24.35700798 5.41648674 -19.25949097
v 23.77008629 5.68193483 -15.08124828
v 23.76723099 4.21025705 -16.08428764
v 23.37774849 2.98346353 -17.25189018
v 23.32255936 3.22370362 -16.00971985
v 16.86025047 3.10779619 -20.90330696
v 17.71109581 2.57102156 -21.14107132
v 16.83934212 1.70400870 -19.67661858
v 16.08776283 2.55817223 -19.81122017
v 18.76889801 2.42657208 -21.61768150
v 17.42588234 0.95885378 -19.15127182
v 16.18803024 1.50421238 -19.30788612
v 15.45572472 2.43052173 -19.56129074
v 15.95658398 7.51637554 -22.66966629
v 18.23365021 12.46083355 -22.15690613
v 17.67973709 16.71563911 -10.45966530
v 15.58958244 18.15852737 -9.44983482
v 16.09489822 16.75113487 -11.95181084
v 14.80069256 18.58436203 -8.48394394
v 19.36631393 15.51162434 -10.01964855
v 18.46100998 16.26103210 -8.54640102
v 20.55842972 7.60726786 -7.20859718
v 20.83600616 8.50445557 -7.24158955
v 21.11741066 10.10337257 -7.96523571
v 20.30002213 9.87527752 -6.23760509
v 19.63259315 8.67829037 -5.70296288
v 20.48175430 11.54068565 -6.92872953
v 20.00127602 11.27564240 -6.11487818
v 19.23429108 9.78333187 -5.18588352
v 19.90435219 13.54767990 -7.29159117
v 23.59988785 7.11962652 -14.20984745
v 23.37803841 9.10485172 -14.62140083
v 21.67305374 11.41287708 -10.24640656
v 21.88422585 10.00603580 -9.75247192
v 20.89913368 13.29283333 -10.44717121
v 15.63605404 12.90495110 -16.15154457
v 15.17293453 11.17532253 -17.66349030
v 14.46980286 10.70969296 -17.88972092
v 14.45754623 12.64198780 -16.31478500
v 15.37030888 15.05360413 -13.89511204
v 23.15530777 3.58348441 -14.76565361
v 22.25557137 3.31566787 -13.42913151
v 23.26094818 5.08572531 -13.78376675
v 22.59907150 4.72325516 -12.46424389
v 16.77730751 15.50942516 -13.28035927
v 15.79096508 16.22131157 -12.73274994
v 16.08744812 10.88642406 -19.42563629
v 15.41907215 10.24617004 -19.09787369
v 14.95354843 9.41149139 -19.20182610
v 14.68192196 9.93462658 -18.54356194
v 15.26709270 10.59868336 -18.37451935
v 14.19375324 9.15871811 -18.75673485
v 14.90588951 15.70812893 -13.44306850
v 18.42444229 11.16473770 -34.10887527
v 21.31832886 12.57368660 -34.05347824
v 17.69415855 9.48886490 -34.19469070
v 17.30950165 8.00717640 -34.24742508
v 20.47993851 3.83596158 -34.41861343
v 23.29233170 4.06991529 -34.43089676
v 25.13278580 6.18952560 -34.38259506
v 25.61579514 8.37891197 -34.28413391
v 25.10719872 10.00194740 -34.21665955
v 24.29731560 11.42293549 -34.12836075
v 22.89845276 12.14224052 -34.09642792
v 19.94070244 4.46571589 -8.86962128
v 20.51164055 3.17696667 -11.04330158
v 18.90734482 4.64428997 -6.94168425
v 19.62953949 1.59194589 -12.18546867
v 19.44870186 1.02583873 -13.72212029
v 19.75466347 1.03184211 -15.13501835
v 18.92567062 0.46742016 -15.31375027
v 18.18575668 9.38296223 -4.58057022
v 17.26565933 -12.06245708 -34.24978256
v 18.23970795 -17.06015015 -19.23595047
v 18.66240883 -15.27989483 -20.04351234
v 18.17445946 -13.48527622 -19.25696373
v 19.67619705 -8.62499714 -28.32563019
v 19.04405403 -8.06973839 -28.33953094
v 18.31951523 -7.71709299 -28.70110321
v 18.21253395 -7.45860577 -26.10738564
v 18.92346001 -7.88968992 -26.07726288
v 19.54833603 -8.45706081 -26.06830978
v 17.53749847 -7.45605183 -28.71187401
v 16.72467232 -7.35986614 -28.72193146
v 16.63891411 -7.07628632 -26.18901062
v 17.44104958 -7.18508387 -26.14161491
v 17.25631332 -7.30588865 -24.44961357
v 18.57746315 -8.05490112 -24.35889053
v 16.47240067 -7.17686892 -24.54672050
v 16.03884125 -7.84750843 -22.52232170
v 16.77693939 -8.04166985 -22.32484245
v 18.07619476 -8.61812496 -22.43832779
v 19.59026909 -14.84410477 -27.79112053
v 20.19226265 -14.35881996 -29.17547417
v 20.57391167 -13.60569954 -29.16169167
v 20.82028770 -12.78664780 -29.30820656
v 20.89841080 -11.75912476 -28.31135941
v 20.66712189 -11.68787384 -25.51299858
v 20.51527405 -12.66881943 -25.45067596
v 19.94922066 -13.94670677 -24.96378326
v 19.84905815 -13.17331219 -22.60278702
v 19.21572876 -15.04259777 -24.72287178
v 13.77104282 -15.03114414 -29.35112572
v 14.40808392 -15.58498096 -29.38870049
v 15.12026691 -15.97324562 -29.27886200
v 14.27885342 -14.98451233 -26.75585365
v 13.64686775 -14.42946434 -26.69192314
v 15.90718842 -16.22327423 -29.27464867
v 16.72153282 -16.31044197 -29.26944923
v 16.29219437 -16.05848312 -25.99511147
v 15.24193382 -16.60213089 -25.51575089
v 14.59202957 -15.96780109 -25.79299927
v 13.38393021 -15.00952053 -25.60581398
v 13.77283287 -8.74345875 -29.38211823
v 13.19148064 -9.18091488 -27.59416771
v 12.66743660 -10.10355091 -26.91332436
v 13.65013218 -8.30602932 -25.73570442
v 12.56103516 -10.74921513 -27.69625092
v 12.54035187 -11.71633720 -28.70821190
v 12.41233253 -11.34189034 -26.21781731
v 11.93311691 -12.05376339 -24.58279228
v 11.92413807 -11.39821148 -24.13198662
v 12.60886383 -9.74128151 -23.52849007
v 13.22889614 -8.90325832 -23.43414879
v 20.81689072 -10.89753532 -28.30103683
v 20.57923126 -10.06538486 -28.30145836
v 20.44631386 -9.91472054 -26.10085487
v 20.68560600 -10.74771500 -26.16025734
v 20.18980217 -9.36014652 -28.64928436
v 20.06178284 -9.14218235 -26.07062721
v 20.22282028 -10.10135174 -24.42022896
v 19.46702766 -9.90482044 -22.72675133
v 19.85377121 -10.72801971 -22.86956787
v 20.47095871 -10.92339230 -24.57989693
v 19.76108742 -12.28744698 -22.30024910
v 17.53468704 -16.22756004 -29.25839043
v 18.24637032 -15.76626778 -27.98175240
v 18.96436501 -15.37228298 -27.88955688
v 18.55994034 -15.63250732 -24.97656631
v 17.89835739 -15.90081596 -25.46607780
v 17.07968903 -16.04837227 -25.83712769
v 12.61900139 -12.59248638 -28.71979904
v 12.85881996 -13.58899307 -29.31694984
v 12.73630333 -13.00340176 -26.48154259
v 12.49427319 -12.18799686 -26.35341644
v 13.24872303 -14.35676575 -29.32482147
v 13.12604904 -13.76051044 -26.59750175
v 12.03569984 -12.85758305 -24.89112473
v 15.91142750 -7.43493462 -28.72674942
v 15.12843609 -7.67575407 -28.72972488
v 15.06034470 -7.36813402 -26.30012512
v 15.83551693 -7.13874245 -26.24061775
v 14.40663624 -8.20362949 -29.40049553
v 14.27969646 -7.78184032 -25.63227654
v 14.92458439 -7.43343401 -24.77906036
v 13.78760433 -8.50901127 -23.02060127
v 14.48768139 -8.14762402 -22.77649117
v 15.68564320 -7.22142029 -24.65341187
v 15.22132969 -7.98429585 -22.52334785
v 16.63006783 -8.02892590 -33.49985123
v 15.79086018 -8.12008190 -33.47230530
v 14.98403931 -8.38117599 -33.43849564
v 15.07456303 -8.26316261 -31.78383255
v 15.86342716 -8.01228523 -31.82122231
v 16.68357086 -7.92750072 -31.84839630
v 14.24067497 -8.79914761 -33.39642334
v 13.59046745 -9.36056805 -33.35234451
v 13.71000862 -9.21822453 -31.67872238
v 14.34720802 -8.67033863 -31.73433113
v 12.41742802 -12.18525791 -33.05736542
v 12.51059914 -13.68370438 -32.46337128
v 12.58558750 -14.32266808 -33.91176605
v 12.75631523 -14.14288235 -31.53105927
v 13.64539337 -15.61549759 -31.48218918
v 13.19234943 -14.87740040 -31.20424461
v 12.93610096 -15.23180962 -31.90821838
v 12.55119991 -14.77076149 -32.22234344
v 13.31199551 -15.95052814 -32.04619217
v 16.76114082 -17.03703308 -31.69696808
v 15.97646427 -16.98355484 -31.74905205
v 15.09594345 -16.59299469 -31.76877213
v 15.42012596 -17.15251923 -32.46911240
v 20.80936050 -14.22503376 -34.02266693
v 21.11195183 -14.90515232 -33.96429443
v 20.49823952 -16.26333618 -34.36317444
v 18.41138268 -16.54875946 -31.75908279
v 19.13410378 -16.01224709 -31.33305359
v 19.75255585 -15.43624020 -31.25543213
v 17.54484367 -16.95996475 -31.74109840
v 20.91268539 -12.31392860 -33.51887512
v 20.62694168 -10.77283382 -33.44724274
v 20.57675552 -10.52990818 -31.05126381
v 20.81609917 -11.35616112 -30.99776077
v 20.86802483 -12.70347023 -31.28039360
v 20.22350502 -10.00313854 -33.47573090
v 19.68488693 -9.33049774 -33.50427246
v 19.66877174 -9.09952641 -31.13194084
v 20.18258667 -9.89365673 -31.77319527
v 13.06053925 -10.04400349 -33.30284500
v 12.66852951 -10.82428360 -33.25908279
v 12.80107689 -10.65545273 -31.55180931
v 13.18834686 -9.88933849 -31.61426544
v 12.56157398 -11.49065781 -31.48956299
v 13.02839279 -15.47263718 -34.27468491
v 12.27254391 -15.02229786 -33.86181641
v 15.01916409 -16.81922722 -34.25353622
v 15.93479633 -17.32995987 -34.47914886
v 15.37352085 -17.48291397 -34.12828064
v 16.77910042 -17.96571159 -34.51794815
v 14.26442432 -16.15985680 -31.59204292
v 20.66654396 -14.07263279 -31.64091110
v 20.25926208 -14.79503822 -31.28018188
v 20.56635475 -15.22180367 -32.06388474
v 20.88013649 -14.68050003 -32.33840561
v 20.03787422 -15.73582840 -31.96756744
v 19.02793884 -8.77697659 -33.51670074
v 18.27988815 -8.36701012 -33.52275848
v 18.29342270 -8.26800728 -31.86124611
v 19.03273201 -8.55158710 -31.15542793
v 17.47017097 -8.11302567 -33.51522827
v 17.50382042 -8.01481247 -31.86050797
v 14.77544785 -20.04803848 -22.44048500
v 15.39050388 -20.15994263 -22.05995750
v 16.03333855 -20.11246872 -21.57926559
v 17.79329872 -18.67911911 -18.26055527
v 17.39217949 -19.11484337 -17.59505653
v 16.75297928 -20.51227188 -17.66520119
v 16.41572380 -20.95807457 -18.03976631
v 15.80642128 -21.29467583 -18.70037651
v 14.21544933 -21.80138969 -19.90706444
v 14.82358074 -21.71323586 -19.40657234
v 11.44007301 -16.49026489 -23.19347382
v 12.94101143 -18.09071541 -23.56031036
v 17.94845200 -19.55656624 -19.53259087
v 17.96779251 -20.12013054 -19.00416183
v 17.62282753 -18.92480278 -20.94807625
v 17.91535568 -18.68073082 -19.43955231
v 17.66556931 -20.28488159 -18.26200867
v 13.63125420 -19.19176865 -23.14459229
v 12.41754627 -19.92523193 -22.19856071
v 14.16863346 -19.79041862 -22.74349785
v 11.61620235 -11.53226089 -22.92196465
v 12.78254032 -9.70386600 -22.44006538
v 11.21455574 -13.67551517 -23.55490112
v 11.97334957 -10.69378948 -22.41215324
v 12.59106445 -9.85742569 -22.05721855
v 13.59666824 -16.75095177 -24.82663918
v 15.72292709 -17.47414589 -24.79493904
v 17.40005302 -20.39416695 -19.81376266
v 17.57001495 -20.62151718 -19.28513527
v 18.81459427 -16.15240097 -23.99110222
v 19.64534760 -15.05943298 -23.05588722
v 19.66632462 -15.95911884 -23.17299461
v 19.31631088 -15.29500294 -23.77734184
v 17.34320450 -20.86623383 -18.71639633
v 18.32978439 -9.88046455 -21.42180824
v 16.90179825 -9.59380436 -20.48433495
v 17.49002457 -10.28819370 -20.23398399
v 18.02390289 -11.10423088 -20.15320206
v 15.58042622 -8.78661442 -21.09889030
v 16.26122856 -9.09173298 -20.76733589
v 16.14210892 -9.47163010 -20.08042526
v 16.73317909 -10.07028198 -19.70147514
v 15.48974323 -9.10268593 -20.47422409
v 17.25947380 -10.94856453 -19.34611702
v 18.11516380 -11.96840000 -19.73886490
v 13.28355885 -9.32512665 -21.66868401
v 14.02681732 -9.02011395 -21.27456856
v 14.77355194 -8.95028496 -20.86296844
v 11.87318802 -14.88203430 -24.34018326
v 11.53605175 -14.10833740 -24.06107903
v 11.32182598 -15.01947975 -23.57722855
v 16.45560074 -17.51045609 -24.57155037
v 17.37694740 -17.24973106 -24.20623970
v 18.94346046 -16.67790222 -21.67801094
v 16.68367767 -18.54630089 -23.37890625
v 19.13779068 -12.19952869 -21.11784744
v 13.45892048 -9.93125629 -34.17659378
v 16.20825195 -8.37854290 -34.30635071
v 12.86942482 -11.41086292 -34.13275909
v 12.58832645 -13.01619816 -34.10840225
v 14.44126034 -16.06901550 -34.40361786
v 17.01624298 -16.29913330 -34.44189072
v 18.49300766 -16.78942108 -34.23773575
v 20.25093460 -11.78366089 -34.30607224
v 20.61530304 -13.51400375 -34.28300095
v 19.87815285 -10.06691170 -34.32331085
v 16.32913399 -8.80861378 -34.30263519
v 18.89734077 -9.04307365 -34.34210968
v -0.40812373 -27.94589043 -26.18237495
v 3.49369216 -30.92855453 -25.72845078
v 8.37000561 -27.68176842 -22.05323601
v 8.41277313 -27.98075104 -22.73533440
v 8.01278496 -26.80430222 -21.98283386
v 6.69262362 -28.68030357 -23.89970016
v 7.43992472 -28.84310341 -23.55383492
v 7.46524143 -29.26842117 -23.13687706
v 7.45973825 -26.61029816 -22.84260750
v 7.03671122 -26.95118713 -23.59308052
v 6.20337534 -26.57912445 -23.50792694
v 10.91210938 -27.08578873 -18.51284790
v 11.38525677 -27.53876686 -19.59644318
v 9.86616707 -27.20968819 -19.38498116
v 10.41610718 -28.07264519 -20.01346588
v 10.81243515 -28.69303322 -19.92903709
v 9.92693806 -29.09148026 -19.92570686
v 11.18543339 -29.15096092 -17.75554085
v 11.73804665 -28.39865875 -17.59567451
v 10.69431591 -28.17844200 -16.65502930
v 11.15454769 -27.31466866 -17.13366508
v 11.54624176 -27.18628120 -17.81849861
v 10.45707798 -27.89338684 -11.80788803
v 11.20870972 -27.70180702 -12.12527657
v 11.67976379 -27.62923813 -12.56568241
v 10.30809975 -27.21600723 -12.68237877
v 11.19012070 -27.58334541 -13.80664062
v 11.81834126 -28.29118919 -13.96707344
v 10.69284153 -28.43353271 -14.88319302
v 10.43249130 -29.06218147 -12.01058102
v 6.04676104 -28.92791557 -8.28464794
v 6.92441130 -29.21502304 -7.90780544
v 6.92119932 -28.70057678 -8.26611137
v 7.79995537 -29.26873779 -7.54834032
v 7.93566322 -28.77224922 -8.18867397
v 8.13772392 -28.35622597 -9.79981422
v 8.51751614 -28.76993179 -9.09320736
v 8.85015011 -29.06164742 -9.18662834
v 8.87087250 -28.98457909 -8.54542637
v 9.05070972 -29.52551270 -9.13865376
v 8.58745003 -29.23187447 -10.47387695
v 6.56971264 -30.03142929 -8.03700924
v 6.53313923 -29.53070068 -7.94640589
v 3.54683208 -29.43493652 -7.21878719
v 3.58158851 -29.90909767 -6.59169865
v 4.00607681 -30.49200249 -6.57231903
v 3.65584064 -30.18609428 -6.07330227
v 4.23342800 -30.36377335 -7.69947815
v 4.07565498 -31.50683594 -7.87578726
v 3.94800472 -31.51431465 -6.78117323
v 3.54835916 -31.89526367 -7.36539602
v 3.65805244 -31.76350594 -6.25835371
v 3.04631448 -32.03860855 -6.63925171
v 2.09807181 -29.62094879 -6.51536608
v 3.21375060 -29.99224854 -6.08288670
v 2.59482431 -30.33212471 -5.56765032
v 12.16924858 -28.50083351 -19.58751678
v 11.84032726 -28.89294815 -19.55391884
v 12.18973351 -27.85536575 -19.45644188
v 12.41672993 -28.20029640 -19.03249550
v 11.64948368 -29.14156151 -19.04816246
v 11.86465740 -40.30155945 -14.22872066
v 11.52204418 -36.77484512 -11.31150436
v 11.99810028 -38.17120743 -11.79324818
v 11.98898983 -36.92442703 -12.21072006
v 12.20474243 -39.40084457 -12.13544083
v 12.43192291 -39.25792313 -12.74536133
v 12.06640148 -38.10098267 -13.20596218
v 11.34057331 -35.28411484 -9.41620445
v 11.03735065 -35.67722702 -9.22909927
v 11.08527279 -35.43735504 -8.08917046
v 9.88670540 -36.41527557 -9.85100079
v 10.29034615 -30.85149193 -14.53223896
v 10.48167038 -30.58705711 -16.60015678
v 9.88033295 -30.28888893 -19.56092262
v 10.35232830 -30.44709969 -18.17775154
v 10.62219715 -32.56387711 -19.54494095
v 10.93896294 -35.40156937 -20.17911530
v 11.31733227 -38.58956146 -19.79064941
v 11.09738445 -34.93131256 -12.79225636
v 10.56466484 -33.98148727 -12.89660454
v 11.20507622 -34.36336136 -12.38376427
v 10.50850105 -33.64169693 -13.60041332
v 11.54100227 -36.51485443 -18.67853355
v 11.15312672 -34.51468277 -18.70993233
v 11.79781723 -35.88578033 -16.87091255
v 11.73790169 -37.59872818 -15.52850151
v 11.97583771 -37.08438492 -16.22572327
v 11.37759399 -36.94553375 -14.51057529
v 11.47749901 -35.22388077 -15.45215034
v 11.59371567 -37.51710129 -15.04043865
v 11.99070835 -36.39251709 -16.34493065
v 11.83993626 -36.63527298 -15.85732174
v 11.92964077 -35.76290894 -16.25327682
v 11.80683517 -35.61366653 -15.58116341
v 12.01221371 -36.86189270 -16.09455681
v 11.90530491 -36.98999786 -15.46295929
v 11.68342400 -36.39960861 -14.87837410
v 11.80173302 -36.04181290 -15.28684044
v 11.86106300 -36.86518478 -15.64866161
v 8.81842136 -48.58778763 -15.95263481
v 7.86961269 -49.97496033 -16.33407211
v 7.74655676 -49.01497650 -15.16419220
v 17.01775932 10.64776421 -3.93994761
v 16.07881165 13.11651707 -3.85216141
v 15.03706837 15.54335308 -4.50273705
v 13.13989925 -17.56617165 -4.51684999
v 13.72275257 -17.09538078 -4.88547802
v 13.65637302 -15.29713631 -4.14095497
v 12.67627048 -16.61795616 -3.85774350
v 14.57133389 -17.54063225 -5.48128605
v 14.39981651 -15.17972755 -5.21376753
v 12.31301403 -15.18936443 -2.30613613
v 14.64369011 -16.95119476 -6.34608698
v 14.94664955 -15.29179001 -6.44551134
v 14.99188519 -16.18339539 -7.51874495
v 15.93199158 -14.51825142 -8.00301647
v 10.98763847 -20.28654099 -5.65538359
v 10.45918465 -20.79872131 -5.87237406
v 11.24962711 -19.15711784 -4.49525928
v 9.58874893 -22.30398750 -6.72672176
v 12.64656925 -18.35651016 -4.58436155
v 11.80646706 -17.65764427 -3.74683905
v 11.54210758 -21.44413757 -8.50735188
v 10.94624710 -22.10250664 -8.71583748
v 12.82403755 -21.00125694 -8.76407528
v 12.87006283 -20.87318611 -10.26670742
v 11.42061806 -22.46097183 -10.14213753
v 14.71678352 -17.27853775 -8.28538609
v 14.19322681 -18.62971687 -8.97872162
v 14.43104458 -18.45372200 -9.46510029
v 15.16124344 -16.92175865 -8.95065308
v 13.53812218 -19.86419868 -9.81045151
v 13.72022438 -19.86103821 -10.54286289
v 8.10581112 -17.54394913 0.04802695
v 7.84171581 -16.13305283 0.70402658
v 6.69912720 -17.17563629 0.65573633
v 9.19647503 -17.87676811 -0.31333369
v 9.26138020 -15.76653099 0.03609920
v 5.84886074 -15.75915813 1.99048519
v 9.96701336 -18.15571404 -0.84734386
v 10.47569370 -15.66002274 -0.86746043
v 10.99753857 -16.77551842 -2.11950493
v 6.89971352 -22.06069183 -4.02999830
v 5.04683161 -21.45361710 -2.31529903
v 5.53710651 -22.86896324 -4.13023853
v 9.15703297 -21.00978851 -4.10925293
v 8.68250275 -21.48421288 -3.41965556
v 8.33488750 -21.82972145 -4.89990711
v 9.20548058 -21.31037712 -5.17490339
v 7.61898565 -23.01638794 -5.60904217
v 9.83828259 -20.59502983 -3.07672620
v 10.55908203 -19.25943756 -3.82741070
v 10.97478962 -17.90309715 -3.03096390
v 6.73198795 -20.79087639 -1.31047213
v 5.48834276 -20.89351273 -1.86757421
v 5.38702297 -19.68662453 -0.61571389
v 5.71378517 -18.20668793 0.37305143
v 0.56821358 -18.45688248 2.46201301
v 1.46798158 -18.50975418 2.63853312
v 2.01106262 -16.30602455 3.13280368
v -0.04655243 -17.52920341 2.91173911
v -1.15169883 -15.98012447 4.00687981
v 4.44997072 -17.34036064 1.59162986
v 1.28611636 -22.19755936 -0.24740198
v 1.36444974 -22.62527275 -2.00538826
v -0.28626588 -22.36149406 -1.28830183
v -1.39910078 -23.54605293 -2.34299874
v 1.23808944 -23.33543587 -2.75968003
v 3.57316279 -22.00266075 -2.19818068
v 3.54130268 -21.18388557 -0.02619889
v 4.47114038 -19.80132103 -0.26667595
v 4.64976692 -18.46720314 0.68933415
v 0.15155873 -19.27302361 1.95404375
v -1.12070787 -18.67060661 2.18904400
v -1.18358517 -20.14964867 1.02802420
v -1.21873641 -21.46501732 -0.26680759
v 1.91586113 -7.56872082 6.80517006
v -0.29511294 -6.41075468 7.53380585
v 4.22447586 -9.30611610 6.21401262
v 5.08643293 -9.37504959 5.52457333
v 5.74385452 -8.35173893 5.30476570
v 7.11272764 -6.59706974 5.17248106
v 2.52194142 -15.10984612 3.74610186
v 0.20084953 -14.44694805 4.70706224
v 3.69986534 -14.19596481 4.10061646
v 5.42833519 -13.72678089 3.30230021
v 6.41257191 -11.40281868 3.97746873
v 5.43568134 -10.35222912 5.09696531
v 6.43855953 -9.56141663 4.63070345
v 1.21589279 -10.54639053 6.76084614
v 0.18052234 -9.65120506 6.69754744
v -0.58174747 -11.33280563 6.18660307
v -0.54967684 -9.25856304 6.86995983
v -0.13165282 -13.05911636 5.46127462
v -0.94421399 -13.35033321 5.37701702
v 9.60423088 -8.66391373 3.37526226
v 8.73274231 -7.57568455 4.02475834
v 11.56542301 -7.11263561 2.22033787
v 13.87578583 -6.18262672 0.44561845
v 9.14233971 -13.68941784 1.86857474
v 7.76693678 -14.47048759 1.73355162
v 8.10096645 -13.50957966 2.28665137
v 12.21996117 -13.17971039 -0.97936529
v 12.03348923 -12.16609001 0.38484752
v 13.19906330 -9.93483734 -0.29929951
v 7.80753851 -12.58421898 2.93891215
v 7.02225590 -12.96169376 2.94712734
v 7.48546314 -9.67416477 4.07449675
v 15.29089546 -6.30901337 -1.44623244
v 14.54658318 -7.77457285 -0.93189126
v 16.05866814 -6.17838764 -2.60970116
v 16.64186287 -7.97826576 -3.68575215
v 16.65866280 -6.39295530 -3.93478680
v 16.88157654 -8.44631767 -4.46555805
v 16.91738701 -7.46503067 -4.97900438
v 17.53826141 -5.75386000 -5.74237967
v 13.55170918 -13.55191994 -2.68740249
v 15.75936890 -13.08776474 -5.09222555
v 15.35798550 -13.79805756 -5.84907150
v 15.89333820 -13.12230968 -6.56220818
v 16.94087410 -9.34229469 -5.03945923
v 16.92391586 -8.74406433 -5.71836615
v 16.71348381 -10.31104851 -6.20822001
v 16.95780373 -10.73815632 -7.28625917
v 16.35844231 -11.86486816 -6.54451418
v 14.43799591 -11.86971283 -2.07537508
v 13.57024574 -12.28078556 -1.87410414
v 13.82449341 -10.69368458 -1.30483735
v 14.10433483 -9.08625603 -0.91040558
v 2.39517617 2.25099993 8.02586555
v 0.10995643 3.38537312 8.42588520
v 4.88205481 0.59923095 7.87826300
v 5.71425867 0.43329576 7.24922514
v 6.22823143 1.45765996 6.83235979
v 7.37529612 3.28921390 6.31196260
v 1.10356653 -4.73012781 7.73328638
v 4.70632505 -4.50515938 6.96685648
v 4.88305569 -5.40850830 6.41981268
v 6.02643394 -4.85440779 6.07256508
v 6.94921494 -3.61255336 5.95312977
v 7.24503899 -1.70948541 6.15387392
v 6.17209482 -0.54620123 7.02004433
v 7.23432255 0.13649765 6.33300066
v 0.85848171 0.13776150 8.41050816
v 0.35193431 -1.54813182 8.35447693
v 0.04697372 0.55199391 8.48549747
v 1.48156810 -2.86223745 8.25568485
v 0.71345294 -3.29110980 8.09285641
v -0.11185223 -3.59559631 8.09843826
v 9.25424480 0.56579113 5.50909090
v 10.08576393 1.12578952 5.08485317
v 9.04926205 2.11700368 5.47520351
v 10.91041183 3.00881982 4.36479139
v 12.15645218 3.00579166 3.42597485
v 13.93150139 3.34724641 1.83955848
v 10.25559711 -4.29240847 4.51500654
v 8.40640068 -4.93413687 4.92370987
v 12.10289574 -5.34657860 2.39365888
v 13.46621323 -4.00182438 1.50889921
v 13.57659149 0.00023697 2.30060673
v 8.00227928 -3.46404886 5.48560429
v 9.17899227 -0.62682539 5.73047829
v 15.65351963 0.76800984 0.49016976
v 16.64418030 0.95011199 -0.04291882
v 15.42131042 3.05613565 0.05650539
v 14.88951206 1.65313804 0.85068786
v 17.16636848 1.08376598 -0.80313480
v 16.22531509 3.06058574 -1.11638963
v 17.21460533 1.29114544 -1.96794629
v 16.94250679 2.73569274 -2.41303825
v 17.42819977 1.61248374 -3.34198046
v 14.83369160 -4.47809172 -0.11933012
v 17.46442986 -3.48890495 -3.37115455
v 17.53378487 -3.75231600 -2.32993889
v 16.82017517 -4.82207394 -3.47026300
v 17.26737213 -4.20256853 -4.34875584
v 17.81512833 0.36125532 -4.38390684
v 17.65801239 -1.30820775 -4.21331120
v 17.93832779 -1.73526311 -5.14917850
v 18.20500374 -2.39739776 -2.79699039
v 17.53710365 -2.90247059 -4.42922211
v 14.63136768 -3.11838126 0.57948303
v 16.29616928 -0.38832313 0.78817910
v 14.66338539 0.27278462 1.09640467
v 3.00864196 12.63474083 6.02630234
v 1.29609561 11.30644894 6.86406183
v 0.24940309 13.00319099 6.51123238
v 4.39725685 10.78694725 6.88912868
v 5.10202074 10.51274109 6.31849241
v 5.41746092 11.35616112 5.64832687
v 6.23065376 13.05153370 4.76730633
v 1.30968225 5.08264112 8.18785763
v 4.83039427 5.38702250 7.47429895
v 6.14249897 5.01586676 6.71524143
v 5.62852669 9.53050518 6.41728497
v 6.48993111 10.05822277 5.58505487
v 6.76766586 8.27614307 5.94315052
v 6.79686642 6.31575394 6.27194023
v 0.49280280 6.37815762 8.12066174
v 0.45530811 8.30418491 7.79474211
v 1.88853335 9.45793819 7.96362638
v 0.34780040 10.06132984 7.32929659
v 7.81262016 12.08224010 4.28562832
v 10.07174301 12.39112377 2.70098925
v 10.60447693 10.69226265 3.46557593
v 11.27322006 10.18803215 3.06851101
v 11.81283855 13.03763103 0.87175226
v 8.95755291 4.70227003 5.40076685
v 11.69150734 5.35879612 3.78222752
v 8.08090210 6.76921892 5.67865992
v 12.24176311 9.73558140 2.03572106
v 16.07164955 5.84559536 0.23144566
v 15.09478569 5.97282505 0.70597506
v 14.56059074 5.03998566 0.94105434
v 16.74771309 4.36402750 -2.18996549
v 17.13814163 4.92033958 -3.07825351
v 14.64474297 7.02973366 0.98781741
v 14.02081394 6.49164248 1.25175500
v 13.61900997 8.25084019 1.17402720
v 13.11651707 11.35036850 0.33829507
v 17.18327332 8.26974583 -2.02366185
v 17.29949570 7.12215424 -2.00733685
v 13.72664928 12.67741585 -1.09761584
v 15.02758980 12.53587532 -2.45516706
v 15.92619896 11.37733078 -2.91668916
v 16.60921478 9.49796104 -2.41630316
v 16.53791046 9.94926643 -3.16672421
v 11.37072182 15.98949432 -0.36550114
v 9.93802357 19.87051773 -1.08800519
v 10.81269836 19.62775040 -1.72338808
v 8.71194077 21.93693924 -0.56568581
v 10.92834187 20.11223221 -2.31213951
v 10.53893948 21.05482674 -3.03428149
v 9.90152931 22.27460289 -2.89364982
v 13.99169254 14.20507526 -2.26790404
v 14.68982124 14.82621384 -3.46489143
v 12.89397144 18.76205444 -3.81435061
v 13.02836227 18.48621559 -4.79047728
v 14.31339931 16.08776283 -4.08397579
v 9.71782112 14.68397617 2.07326865
v 6.62074804 21.03738976 1.81136501
v 4.90053892 21.23886490 3.04455042
v 7.98160982 21.12635231 0.53098214
v 5.89514971 17.79856491 3.25123215
v 4.65587568 15.37525845 4.80954075
v 4.01904440 15.21432590 5.32646227
v 4.70811558 14.31913948 4.94656515
v 1.99606407 20.04076958 4.42963982
v 0.56895083 20.83864021 4.72001696
v 4.39414978 19.67261696 3.52639961
v 1.50768805 15.98602200 5.58997869
v 1.08660972 18.28109932 4.96141529
v 4.90527868 18.66078568 3.47721410
v 4.77847052 16.40141296 4.68278551
v 5.78052616 25.49842453 2.34401250
v 6.42781687 25.40888786 2.11018395
v 0.48516694 -25.68978119 -2.96819162
v 1.08874249 -25.39006233 -2.83614397
v 0.40875566 -24.09889030 -3.09141874
v -0.49838489 -24.56367683 -3.19842625
v 1.78689730 -25.04273605 -3.05271292
v 2.10196877 -23.90293884 -3.44335294
v 2.58571386 -25.02988434 -3.34540343
v 3.24866486 -24.86416054 -4.08050013
v 3.55557394 -24.15576363 -4.10661983
v 2.28588772 -27.82492828 -5.52907610
v 0.94863755 -27.96326828 -5.47444010
v 1.45708072 -28.13012505 -6.30311537
v 0.23118235 -27.76557922 -5.18143368
v -0.25330001 -28.02919960 -5.79904318
v -0.97717988 -29.00037766 -6.27868080
v 1.47643363 -28.63103867 -6.65478659
v 3.27215171 -27.32069778 -5.92753649
v 3.58127260 -27.43750000 -6.70028591
v 4.42795801 -28.12546539 -7.48304081
v 3.70607948 -26.13677025 -5.30392313
v 3.54330397 -26.96370888 -5.17953777
v 4.13545179 -26.29304314 -6.19742441
v 3.54361963 -25.75013161 -4.30267715
v 4.12115431 -24.79912567 -4.97052574
v 0.18331337 -26.92047310 -3.72324681
v 0.04929082 -26.13977242 -3.44298434
v -0.87902611 -26.12226868 -4.33660412
v -0.19832180 -27.30711174 -4.78257799
v -1.17676556 -27.54050446 -5.42693949
v 5.86149931 -24.47425842 -5.11718702
v 6.88059759 -24.39958382 -4.99711943
v 6.09131241 -23.43915176 -4.91991854
v 5.23093510 -23.94332886 -4.80817127
v 7.57119560 -24.22401428 -5.28749275
v 8.00291157 -23.80620003 -6.06266499
v 8.48486614 -24.01926613 -6.67458725
v 8.66960144 -23.39786530 -6.78591251
v 7.42877340 -26.71652985 -7.57377577
v 6.53774738 -27.07777214 -8.21345043
v 5.81410408 -26.75764465 -6.85479355
v 5.17290258 -27.07108307 -7.31336641
v 6.26304007 -27.65604401 -8.44184208
v 8.12761307 -26.22713661 -8.31045246
v 8.15078354 -26.36974335 -9.21875191
v 7.59605169 -27.56394005 -9.42992210
v 8.66401958 -27.05128288 -10.31147003
v 8.57870770 -25.15727234 -7.87462902
v 8.41693306 -25.75982094 -8.22450924
v 8.73378849 -25.24702072 -8.91517353
v 8.76902485 -24.79201698 -6.93099451
v 8.76628685 -24.06961060 -7.70558643
v 5.97429943 -26.43936157 -6.01684952
v 4.80848742 -25.88046837 -6.19645023
v 6.14868689 -25.98966026 -5.46482944
v 5.98362064 -25.30035210 -5.20239258
v 11.77776623 -23.42977715 -11.51109028
v 12.00089169 -24.18151665 -11.84812069
v 11.12876415 -24.25424004 -13.20275021
v 11.78671837 -22.98026276 -11.68455601
v 11.76207256 -24.75009727 -12.18957615
v 11.57491589 -23.61177444 -13.04352951
v 11.79780388 -25.27323341 -12.08657074
v 10.90959454 -25.46376038 -12.55462360
v 10.46597767 -25.65144539 -13.53433037
v 10.39025116 -26.43030357 -14.89193439
v 10.52880192 -25.44348717 -9.64657021
v 9.17925549 -25.52705956 -9.74251938
v 9.28542042 -26.02976227 -10.46713638
v 9.70065308 -23.58059883 -8.39007568
v 9.81666565 -26.17784691 -11.61578083
v 9.65015125 -26.65205956 -11.93227386
v 10.26902485 -25.99395370 -12.87690926
v 10.17170715 -26.46832466 -13.43774986
v 10.49062252 -22.78130913 -8.77671432
v 11.66759872 -23.16331291 -10.73918343
v 2.02650547 -32.31655502 -7.31199741
v 2.78133678 -32.73336792 -7.92809296
v 1.34507048 -32.14403534 -7.07881403
v 0.94674170 -32.62567520 -7.33590555
v 0.28225046 -33.54658508 -7.39846706
v 4.69044733 -31.41233444 -8.42764950
v 5.49950695 -32.45842361 -8.91279030
v 0.75842553 -29.95501709 -6.55515146
v 1.37629855 -29.09995842 -6.77027273
v -0.06319005 -30.24163818 -6.74281645
v 2.90004826 -28.85429573 -7.14948511
v 3.73851871 -29.02997208 -7.48451519
v 4.59522295 -30.05245972 -8.13108826
v 4.18453217 -31.08396721 -7.26370716
v 0.60865730 -31.10745430 -6.71197653
v 0.53703815 -30.48068047 -6.59506893
v 1.17244732 -31.69636345 -6.59575367
v 0.37947607 -32.00300980 -7.12842083
v 7.86599255 -30.93835831 -9.38136959
v 7.02889109 -31.11851311 -9.32323074
v 6.71934891 -31.55559921 -9.57484627
v 7.49936581 -31.41994476 -10.11430645
v 6.49353838 -30.93946457 -8.94133282
v 6.02243185 -31.38318825 -9.10626698
v 7.41700363 -31.88265228 -10.02433491
v 8.47854710 -30.34386826 -10.49704742
v 8.12582207 -30.78453636 -10.17865849
v 8.23493671 -31.11577415 -10.68167782
v 8.76239014 -30.60433006 -11.13824940
v 9.76316261 -31.48650932 -11.90710163
v 6.41623163 -28.07506943 -8.70172501
v 5.28238487 -29.19493294 -8.27959251
v 7.69895124 -28.20561600 -9.33207798
v 8.14204216 -27.98391151 -10.08313084
v 8.69894028 -28.91697502 -11.00660992
v 8.81886959 -29.88798141 -9.90811157
v 9.31659603 -29.88129234 -11.81368065
v 6.52265978 -30.51096153 -8.36695766
v 2.17107344 -34.39538956 -7.91712618
v 4.17481613 -34.41657257 -8.04709435
v 4.73307657 -34.31609726 -8.52667904
v 5.19180775 -34.00881958 -8.91200066
v 5.82287216 -36.46962357 -9.37162685
v 7.93732214 -37.68572235 -10.19519424
v 6.22949553 -35.46387482 -9.38534546
v 5.19175529 -34.78341293 -8.74606514
v 2.47391438 -38.06641006 -8.47370148
v 1.26631582 -38.75033951 -8.54205608
v 4.89011240 -37.32978821 -8.91500187
v 4.54843712 -38.13049316 -9.12035465
v 1.75968468 28.44098473 5.79359961
v 1.88416243 27.47159767 5.48428774
v 2.17711639 28.39777565 5.98314667
v 6.20430994 34.40061569 -5.65280342
v 4.93298149 36.50141525 -4.45357752
v 7.98401117 33.26124954 0.73679167
v 8.27654552 32.60305786 -2.48190570
v 2.12678528 27.20792961 5.14341211
v 3.60534024 27.76748276 4.73678255
v 2.51588511 27.54303169 5.60440731
v 3.13135576 38.81000519 -3.10399818
v 5.94207239 30.31530571 4.14632750
v 5.74349880 29.40245819 4.34067249
v 8.76558971 27.07616615 -1.60832345
v 8.62445068 26.31664085 -0.83206552
v 9.49801350 26.71183014 -1.66946304
v 6.75523090 23.46925735 1.56299210
v 6.63104963 24.15739632 2.09210801
v 1.12966013 34.69088745 -8.38995743
v 2.51381826 34.40305328 -8.29823494
v 5.73337460 32.30760193 -8.40010834
v 3.42131448 23.15904617 3.99399114
v 3.56889725 24.31825066 3.84694791
v 3.30573630 23.83480835 4.47237778
v 2.57070541 25.13594437 4.25907421
v 2.40213728 24.75209808 4.59431458
v 2.53052521 24.51364899 4.85145903
v 8.08166599 31.96908188 -5.44192171
v 8.39731693 30.22990799 -0.34292924
v 8.34917164 30.86971474 -0.05412247
v 8.59777164 30.56588745 0.38547945
v 8.19819546 31.50163460 0.99345213
v 3.31612372 28.44925117 5.53197241
v 2.98108053 29.21502113 5.80568838
v 4.92892027 27.69692612 3.87382150
v 5.72700262 27.94868279 3.47995257
v 5.72235537 28.37971306 3.96484303
v 6.22656536 28.83815956 3.39367151
v 8.66421318 30.25557137 -4.71998405
v 8.67865849 29.09485054 -2.81199884
v 7.55939913 36.46664429 -0.85658586
v 7.83305311 36.00251389 -0.23168263
v 8.10407352 31.06969452 1.97921574
v 1.60982430 39.15510178 -3.24640036
v 5.14106226 29.35381317 4.55820894
v 5.42962551 29.58362579 4.55905819
v 7.11619043 36.10224533 -2.33488894
v 7.79410362 29.44059181 1.04221630
v 8.17951012 29.63173103 -0.10827129
v 8.39755344 30.04916000 0.87129313
v 3.75788808 22.57498550 3.50994968
v 0.39734137 23.20257187 4.63345528
v 1.99216378 25.76847839 4.50001192
v 0.66468871 26.09969711 4.91654825
v 3.27278376 24.95853043 3.96738386
v 3.99708486 25.22839165 3.47273803
v 4.11083269 26.38490868 3.81814241
v 0.78828442 24.63808823 4.61611605
v 5.35869074 22.61826897 2.55511785
v 7.58486080 23.07992363 0.41586491
v 7.21511412 25.17280769 0.75331080
v 5.08099031 26.20153618 2.95336270
v 7.04974508 27.51743889 1.08524048
v 7.57003689 26.06236076 0.08125611
v 9.63266754 25.89816284 -3.49518466
v 9.99519348 24.61468697 -4.82569456
v 9.39320469 26.83661079 -4.44297981
v 8.44895172 24.02000427 -0.91477644
v 9.40359211 24.21653557 -1.92023528
v 9.56439304 23.26500130 -2.77840114
v 8.34255600 28.15793991 -1.63839626
v 8.93490791 27.21432304 -2.64422059
v 7.55745077 28.33213234 0.36641613
v 4.01384592 30.20411682 5.59722948
v 1.85996461 29.34980965 6.12272501
v 0.91980553 28.12367439 5.65617371
v 7.49357271 31.16072083 2.35255694
v 7.28158569 32.00390244 2.71235085
v 8.19166183 29.82160759 -0.91538864
v 7.16762686 30.03502274 2.27502656
v 6.60602570 -41.48942184 -10.08831120
v 5.98642492 -41.14914322 -9.38807011
v 5.34675789 -42.68682861 -9.95275879
v 5.55547237 -42.04444504 -9.43284512
v 8.88114071 -38.94248581 -10.63431072
v 8.94875813 -40.58414078 -10.88888550
v 5.72545910 -45.19443893 -10.98258972
v 6.22751474 -46.58676910 -11.99805069
v 6.77936316 -44.96279907 -11.27665234
v 7.23898268 -45.39252090 -11.72868633
v 11.16861057 -38.53247070 -11.31238270
v 10.63143826 -39.35382080 -10.97973919
v 12.34724331 -40.46291351 -13.68567848
v 12.00415611 -42.12453079 -14.27838039
v 10.89748955 -33.98920441 -11.19511032
v 10.43148518 -33.02900314 -12.47784328
v 5.18718672 -40.15807724 -9.29002190
v 5.38728571 -40.61665726 -9.08354378
v 6.08207035 -40.16366577 -9.70457649
v 11.71362495 -37.70136261 -13.36939621
v 12.20600605 -41.40919495 -13.44396400
v 12.15471458 -40.61162949 -12.56452370
v 11.84622574 -41.85074615 -13.02309608
v 11.38586235 -35.30907440 -11.28527927
v 3.88602257 -36.06839752 -7.13221216
v 4.40181160 -36.27714539 -7.30415106
v 4.04089880 -36.68058014 -7.28661489
v 4.82849884 -36.25566101 -7.48630571
v 4.66356421 -35.63852310 -7.36286783
v 4.71622515 -34.85882187 -8.06810570
v 1.67346525 -30.42285919 -5.83832836
v 2.38470650 -32.09822083 -6.63730288
v 2.44558287 -31.95708847 -5.98530579
v 1.84787893 -31.95635033 -6.47015667
v 7.23763990 -30.72534561 -8.39428902
v 7.90511942 -30.58966255 -7.81438446
v 8.96408176 -30.41343307 -8.75770378
v 8.72752857 -30.26550865 -9.60875988
v 8.47112179 -28.81227112 -8.42477989
v 8.47707176 -30.61970711 -9.34650707
v 8.62273312 -30.69638062 -8.26684856
v 11.15644360 -30.04796600 -13.58672810
v 11.02239513 -30.07756042 -13.03576183
v 10.03289223 -30.64087677 -13.24142933
v 10.19235039 -30.04433060 -12.65826035
v 9.79844475 -30.40232086 -12.49469471
v 10.67135620 -29.67191124 -14.89246082
v 11.02281666 -29.94127274 -14.21055222
v 10.39930820 -29.90551567 -15.53145123
v 9.52544975 -27.12521935 -11.82526684
v 9.09936905 -27.90407753 -11.34094143
v 9.90513611 -26.93816757 -12.59854221
v 11.15288925 -27.40161133 -13.25301552
v 10.16623020 -26.88308334 -13.53527832
v 10.29935741 -27.14091301 -14.36753464
v 10.37233925 -28.49862862 -15.54111481
v 11.30207825 -29.07681465 -14.54434490
v 10.44680882 -29.56838036 -18.83256721
v 10.59489155 -29.57670021 -18.11353111
v 10.11314774 -29.89487839 -18.83878136
v 10.41026211 -29.68128586 -17.12013245
v 10.61274433 -29.29385757 -19.47034454
v 9.77569580 -29.73352432 -19.66566658
v 9.43982315 -29.36342239 -20.27579689
v 9.04191494 -29.75722313 -21.06940079
v 10.05722141 -26.74571800 -17.44289207
v 10.34985924 -27.46203995 -16.04194832
v 10.02717876 -26.45960999 -17.24894142
v 9.02112675 -27.28403091 -20.21910858
v 10.19398308 -27.62802696 -19.82723045
v 9.16590595 -27.96081924 -20.27814674
v 11.23690987 -27.66086197 -17.02934456
v 13.15380192 -25.20603752 -11.05883694
v 12.76337242 -25.82696533 -10.97721195
v 11.89772797 -25.53769684 -11.74395752
v 11.08105946 -29.79461288 -12.56768322
v 11.78271675 -29.68128586 -12.42665672
v 11.86223507 -29.36921501 -12.17103958
v 12.02271938 -29.50974083 -13.78270626
v 12.60696793 -28.73728180 -12.67858791
v 12.53661346 -28.23521042 -12.54956722
v 12.33613205 -28.57924652 -12.19247246
v 12.62097645 -29.15056610 -13.28429604
v 12.67047787 -28.65997505 -13.15864658
v 12.57642460 -29.25567818 -12.83815098
v 9.57695198 -19.39446068 0.03444038
v 1.07017946 -19.31989288 2.56312227
v 1.40963304 -19.91928101 2.73953700
v 1.85440886 -19.88557816 2.84275293
v 3.20053267 -11.33546543 7.24459124
v 3.13628602 -12.07071972 7.04974508
v 2.76207614 -12.75315571 6.80423880
v 3.67606258 -12.79070282 6.52366018
v 4.09313869 -12.08478069 6.70681572
v 4.12705231 -11.36332321 6.90619087
v 4.11293936 -10.61479759 6.85226583
v 4.72823191 -10.77370262 6.19771433
v 3.63941050 -1.07934248 9.41759968
v 3.58948779 -1.85103858 9.41149139
v 4.32421589 -1.87852764 9.23096848
v 4.33843422 -1.07017946 9.25087452
v 2.54642892 -2.60556722 8.96424007
v 3.57021379 -2.64200878 9.26972771
v 4.27113342 -2.70235825 9.09141731
v 4.95793962 -2.68540144 8.81378746
v 5.04040718 -1.89780164 8.94059563
v 4.76114511 -3.63151121 8.10470581
v 5.01702547 -1.12052345 8.97461414
v 4.93002939 -0.42581788 8.76397038
v 5.55998802 -0.71105683 8.16315937
v 2.86539721 9.35935688 8.87761307
v 3.50491381 9.43855858 9.01958752
v 3.50554585 8.60514355 9.26688385
v 4.21520710 8.60904121 9.10984802
v 4.15770102 9.47942448 8.86929226
v 3.53503609 7.71843576 9.37167931
v 4.24280167 7.68367958 9.22349072
v 4.92444706 7.70221615 8.95091724
v 4.90380430 8.59113598 8.84190845
v 4.82676077 6.52134323 8.46137905
v 4.79216242 9.43034363 8.62726212
v 4.61427307 10.08987141 8.16889954
v 5.35247707 9.34829807 7.73181200
v 5.01328659 9.99787331 7.57151175
v 4.32179308 16.13155174 5.39097214
v 3.65799975 17.31656456 5.78090143
v 3.94189596 17.99788857 5.48507738
v 3.04212785 16.69125938 6.11827517
v 2.28749394 16.50989342 5.94465113
v 3.70270920 18.81508255 4.68820953
v 2.84572172 23.79943275 4.83972216
v 2.95997667 24.55293465 4.67525482
v 3.09110284 24.64930344 4.30894375
v 2.83392549 28.25421524 5.80040598
v 2.38849807 -27.68816757 -2.71173215
v 2.94454670 -27.58763695 -2.92927504
v 2.30055404 -28.14568710 -3.49869990
v 2.76813197 -27.91466331 -4.20625496
v 3.16725087 -27.76557922 -3.92999458
v 3.39587903 -27.22061539 -3.72427392
v 2.90678883 -26.88013458 -2.49150324
v 2.34605312 -26.94901466 -2.26053143
v 3.31048894 -26.64684677 -3.02675080
v 3.15940428 -25.93602562 -3.16667151
v 2.78524709 -26.26031303 -2.53131509
v 2.21208334 -26.29549026 -2.30034328
v 9.38663483 -21.11995506 -3.00937271
v 9.60707474 -21.31827736 -2.20987153
v 9.33839798 -21.56883812 -1.91718102
v 8.03303337 -21.19220734 -0.62213856
v 10.30515099 -11.32003593 3.41960287
v 10.16623020 -9.86964321 3.45973086
v 10.88810921 -11.82839966 2.83611751
v 9.09241772 -12.67769241 2.94923377
v 10.15085316 -12.39211082 3.03370214
v 9.92904472 -12.98486423 2.61367702
v 11.45800781 -11.93817234 2.30782127
v 11.60493279 -10.85988235 2.62484121
v 10.43095779 -0.57735026 5.64328480
v 11.10091209 -1.41763759 5.58666086
v 11.78355885 -2.00733685 5.10599661
v 11.08200741 -2.59514022 5.40892982
v 10.94277096 -3.31754565 5.11381674
v 12.41080570 -2.17527318 4.60342503
v 12.38979340 -1.01288414 4.74297714
v 12.94126129 -0.87859821 3.77064204
v 10.27513409 8.83953857 5.30123806
v 10.92436600 8.27243042 5.04619980
v 9.44961739 7.59447193 5.57333803
v 10.44701958 7.74813700 5.42367458
v 11.47796631 8.08264065 4.66298485
v 11.56048584 6.59038162 4.41631985
v 11.22861576 9.15492630 4.53549194
v 11.49560738 9.38418579 3.80100107
v 9.01058197 18.44408607 1.35607672
v 8.51282883 19.07880974 1.32637572
v 6.25353479 24.44526863 2.42325449
v 6.86680031 24.59856415 1.85135460
v 6.97945547 25.01785278 1.47802663
v 6.54656792 25.61573982 1.69721544
v 5.96597910 28.89963531 3.97981191
v 12.32554722 -25.72896194 -9.40833187
v 12.45130157 -23.79693031 -10.43585587
v 13.27639675 -24.33238983 -10.23669147
v 13.15464401 -24.34787178 -10.72085762
v 12.50828171 -24.01105118 -11.03313828
v 13.85503674 -21.08899117 -7.67557001
v 14.87160778 -21.25339890 -6.74346781
v 14.24330711 -19.50662804 -4.72270250
v 14.77629089 -19.33105659 -4.70063734
v 14.04187870 -18.61002159 -4.69579268
v 15.13006783 -18.18525696 -5.95723724
v 15.53018761 -19.29293060 -5.20576286
v 17.67844582 -10.54949856 -1.66904175
v 17.63599968 -11.22313881 -1.79195285
v 18.00768280 -11.22661495 -2.25189519
v 18.04401970 -10.52106094 -2.10412788
v 16.23384476 -11.76818275 -1.87299824
v 17.47822762 -11.87813854 -2.05136156
v 17.82758141 -11.90362644 -2.49466276
v 18.02221680 -11.84032726 -2.96692777
v 18.21348190 -11.19786167 -2.76597309
v 18.24160385 -10.51832294 -2.61515164
v 17.95217705 -9.78801823 -2.68455887
v 17.86215401 -10.01775265 -3.43658614
v 16.63312149 -12.67595482 -4.16349411
v 17.26768875 -8.95407677 -3.13186240
v 17.42282867 -9.30806446 -3.71513724
v 17.19001389 0.03043813 0.61782038
v 18.78116989 -2.76018023 -1.65608704
v 18.17008972 -3.02517104 -2.38976192
v 18.77326965 -2.93617368 -1.16138852
v 18.39927101 0.30327541 -1.05775130
v 18.51638985 0.08330990 -0.17156994
v 17.87897873 8.57533741 -0.61708307
v 17.88824654 8.70024967 0.05160790
v 17.98767090 7.87336493 0.03644150
v 17.95017624 7.75392962 -0.62150663
v 17.58007431 8.74901390 0.55778664
v 17.71162224 7.89327097 0.55483764
v 16.30140877 6.98212814 0.97675860
v 17.11339188 7.10777760 0.82551581
v 17.28569794 7.93413591 1.02246845
v 16.12273026 7.70242739 1.17976713
v 17.14867401 8.75733471 1.01720226
v 17.38391113 9.36467552 -1.03958333
v 17.63294601 9.49100971 0.00537144
v 17.31982231 9.55388641 0.46541902
v 16.91475296 9.52365971 0.88828790
v 13.44678211 18.17561531 -1.85021245
v 12.30822182 19.26407242 -1.65587652
v 11.64263821 19.28376770 -1.64060473
v 13.10672283 16.20867348 -1.36581898
v 11.74121952 19.64291573 -2.07232070
v 9.99954510 25.82161903 -1.97899199
v 9.73143387 25.65478897 -1.37558758
v 9.63511658 26.60698128 -2.42077923
v 9.30121899 26.87855530 -2.38986731
v 8.07000160 30.51865005 1.95048916
v 18.49914360 -8.84909725 -12.00497246
v 18.57695007 -7.71380186 -10.95477772
v 18.13164711 -11.27283859 -12.38999176
v 18.80054855 -5.98577976 -11.65095806
v 18.96885300 -11.41777515 -11.05446529
v 18.24276161 -12.29658318 -11.22830009
v 17.69445419 -13.19845772 -11.97387600
v 17.32793236 -9.48979855 -7.24553919
v 17.73658371 -7.55139494 -7.16760063
v 17.65516853 -11.31508541 -8.14593887
v 16.78931427 -12.87838364 -8.53668499
v 16.88463211 -14.06541824 -9.94082737
v 18.05897522 -12.67995644 -10.73665619
v 17.22950935 -14.36592865 -11.45848179
v 18.05191803 -7.06912422 -7.94192982
v 18.33976364 -7.00729990 -8.97830105
v 18.44113541 -5.87392759 -9.01998234
v 18.78632927 -8.23367214 -9.95632362
v 18.52291870 -7.15401411 -10.05037594
v 19.37170982 -0.41159937 -5.74190617
v 18.26487923 1.41521513 -5.44442320
v 18.03548813 -2.79251409 -5.65180254
v 18.08193588 -4.03858185 -6.34524441
v 18.93778419 -3.78075290 -7.20488453
v 18.31480217 -4.63428450 -7.31010151
v 18.58326912 -4.78184080 -8.43862915
v 18.78232765 -4.74950695 -9.48110962
v 18.91345406 -4.30104494 -10.28745651
v 19.54433441 0.71545404 -8.32793617
v 19.01572227 1.61553800 -8.04604053
v 19.65713501 0.20285065 -9.01000309
v 19.31188774 0.93410307 -9.47868633
v 18.55662155 1.78405368 -6.38505602
v 19.10083580 -2.67428994 -10.53562164
v 19.67061615 -0.65763217 -9.48426914
v 19.29053497 -0.24390002 -10.47998524
v 20.29170036 -11.59260941 -9.97035694
v 20.77523613 -11.44610691 -9.52734566
v 20.94438362 -10.90927887 -9.45340919
v 20.91215515 -10.92075920 -8.96745300
v 20.74090004 -11.47507000 -9.07477570
v 20.95228195 -10.35707474 -9.38305378
v 20.57965279 -9.76653290 -9.42823696
v 20.92595100 -10.34412003 -8.90626049
v 20.73163223 -10.35191345 -8.46359062
v 20.71572876 -10.90338135 -8.51140690
v 20.55532265 -11.43557453 -8.64685154
v 19.67166901 -9.11490345 -9.64899254
v 19.16685867 -12.19526386 -10.16180706
v 19.27702713 -11.89741230 -10.54022980
v 21.17072105 -0.78644127 -6.02095699
v 21.80138969 -0.84794945 -6.43497896
v 21.85131264 -1.51527131 -6.43276739
v 22.08776093 -1.57541025 -7.04985046
v 22.03246689 -0.88344306 -7.01635790
v 21.76347351 -2.19891810 -6.54082775
v 21.26677513 -2.78945994 -6.73988676
v 21.98760033 -2.27790976 -7.12989521
v 22.03078270 -2.28844190 -7.74076414
v 22.13884354 -1.63059914 -7.69463301
v 22.08786774 -0.96812212 -7.62533092
v 21.63066292 -0.37642172 -7.66956663
v 21.20089531 -0.96907008 -8.56132984
v 21.46909904 -0.54209363 -8.12919235
v 20.58734131 0.11922479 -7.94013929
v 20.64726830 -0.28373814 -8.48560333
v 20.13329697 -3.22212362 -7.01635790
v 7.11009455 -32.43135452 -9.45793819
v 6.53893185 -33.02473831 -9.12027550
v 7.87547159 -32.12360382 -9.98886776
v 9.60022831 -32.23550797 -9.25029469
v 8.71920776 -31.97520447 -10.54760265
v 10.36162949 -32.55205536 -9.33086681
v 9.54661942 -32.24988556 -10.96604729
v 8.22398281 -36.25592041 -9.15618992
v 7.67019844 -35.66127396 -8.86887074
v 6.92083073 -36.09119797 -9.44098186
v 7.52590704 -36.85794449 -9.72651005
v 6.99392414 -34.93112564 -8.93580341
v 7.99469614 -33.81044388 -8.04224968
v 6.43445253 -33.97032166 -9.07403851
v 9.52492332 -36.16007996 -8.93464470
v 8.50550938 -37.03593826 -10.10451126
v 9.55641460 -36.86731720 -10.44449139
v 10.94793224 -34.08786392 -10.24058819
v 11.37011623 -34.74855042 -9.66989994
v 11.08874798 -35.17794800 -10.85988235
v 11.00259399 -36.03305817 -10.83323669
v 10.47614098 -36.97414017 -10.83407879
v 10.80327129 -33.18482971 -9.65826130
v 10.27608109 -33.07971954 -10.98342609
v 3.66958523 -41.36057663 -9.25348186
v 4.10901928 -40.71301651 -9.08507156
v 6.15806055 -39.32759094 -9.81085300
v 3.76021504 -39.53523636 -9.06750870
v 8.05873203 -42.98380280 -11.26432037
v 2.87316465 -44.22145844 -10.20759583
v 11.35776711 -40.12792587 -11.77220058
v 9.58412743 -43.24128723 -12.29370022
v 3.63332796 -47.44360733 -11.80774403
v 8.52427006 -44.64350891 -12.27931023
v 5.21050596 -46.38828278 -11.43896484
v 10.23266220 -43.94591904 -13.29572296
v 10.72622871 -44.20617294 -14.10781002
v 6.16577530 -48.55013657 -13.44027805
v 4.84366512 -49.37392807 -13.49878502
v 12.60644150 -28.19350243 -13.02278042
v 12.46699524 -28.56339455 -18.59137917
v 11.74179935 -29.13145065 -18.51386261
v 12.49780178 -27.87532425 -18.41011810
v 8.71488953 -34.42773819 -7.55413342
v 10.09450626 -34.03288651 -6.58874941
v 9.99265957 -33.38051987 -6.59749126
v 10.88547611 -35.13181686 -7.20709658
v 9.80376339 -35.36831665 -7.60437202
v 11.73268795 -33.01241684 -7.89832640
v 11.81152153 -33.76610565 -8.48934269
v 10.17805958 -40.10707474 -10.92615700
v 10.78710556 -39.85436249 -11.10844326
v 10.73504925 -40.44843292 -11.42519951
v 4.71306562 -41.85548401 -9.14602661
v 5.75977755 -45.92504501 -11.18536854
v 18.68880272 -8.72236729 -13.64249706
v 18.69775391 -8.30118370 -14.05493832
v 18.65408516 -7.14213896 -13.20127583
v 18.29296112 -6.84370184 -15.09084225
v 17.92905998 -12.54888344 -13.84121323
v 18.10163116 -10.99111462 -16.33453369
v 18.98159790 -4.88695240 -14.37290668
v 19.11988640 -4.69315958 -13.59057236
v 18.92029953 -4.62048721 -12.49722290
v 18.56768036 -4.48072481 -15.52207756
v 19.17296982 -4.60395193 -14.99967861
v 18.31627655 -5.47222805 -15.30121708
v 18.00852585 -5.08464241 -15.99034023
v 19.61358261 -0.96859610 -14.79232597
v 18.74177933 -0.11975140 -15.05486774
v 19.20614433 0.37020773 -13.74992561
v 18.07445717 -1.76649106 -16.22322083
v 19.38466644 0.70881873 -12.52355289
v 19.37760925 0.58580238 -11.60440540
v 19.12546730 -2.58402872 -11.62083530
v 19.98518753 -1.17818737 -12.49308872
v 18.92672539 -3.65963221 -15.66320992
v 19.40699387 -4.06628132 -15.31080151
v 20.06452179 -3.82467222 -15.23802376
v 20.33414650 -3.92736149 -14.96576500
v 20.12413216 -4.18434763 -14.47938728
v 19.05627060 -9.84036350 -13.95414543
v 19.08849907 -9.30448341 -14.06062603
v 11.97735214 -24.31853867 -16.54617882
v 11.48003960 -24.02284813 -16.32284355
v 7.50338125 39.63176346 3.92773008
v 7.36461926 39.15540314 2.18700337
v 7.52108860 39.98933029 6.02237892
v 5.66670275 35.65570068 8.11658669
v 6.62713766 40.88438797 3.23412800
v 4.31299591 34.35569000 8.17825031
v 4.56682396 41.29883957 1.03837204
v 2.89581227 33.84246826 8.41211128
v 3.01413846 35.57476044 10.12623405
v 1.79026771 33.41938400 8.34426117
v 2.09844041 34.86898422 9.61131382
v 2.62139034 41.57030869 0.21605380
v 7.34616137 37.89206696 6.36059523
v 7.73647261 37.86927414 2.88559270
v 6.73879766 34.40280151 5.39263773
v 2.82983780 32.76968765 7.68761253
v 2.93232942 32.46300507 7.63786411
v 3.05296612 31.89497757 7.28751183
v 2.29037404 31.91946220 7.37605953
v 2.57291722 32.12771225 7.56003141
v 3.45621967 31.92880058 6.97568941
v 6.03593445 32.42425537 5.23041677
v 5.65100193 33.30763245 6.20389605
v 5.33916664 32.09552002 5.83493185
v 5.65988588 32.55714798 6.04095554
v 1.33351803 31.49414444 7.26090288
v 5.36862755 32.46388626 6.19357347
v 5.47707319 33.07034683 6.47552824
v 11.58997631 -23.43251610 -15.01305485
v 11.74859238 -23.42187881 -13.93971634
v 10.97168255 -23.81573105 -16.80758667
v 11.19151592 -24.48202515 -17.96007729
v 10.26807690 -24.12195587 -18.26487923
v 10.32747841 -26.20828438 -16.40457344
v 10.09808731 -26.25904846 -17.39807701
v 10.60516071 -25.62016487 -15.19836998
v 9.78717518 -26.18047905 -18.34060669
v 9.54908180 -25.46582794 -19.09984779
v 11.41450977 -23.83990288 -14.01596928
v 11.34325981 -25.43005753 -15.64488316
v 10.77673054 -24.70059776 -18.37809944
v 17.39649773 -18.00662994 -10.81364632
v 16.94092560 -18.03875160 -11.50977325
v 17.36500549 -17.86697197 -10.34296131
v 10.13299751 25.62506485 -7.26074076
v 10.38348389 24.50667191 -7.48161888
v 9.38587093 27.99323273 -5.38660145
v 10.13854408 27.08022118 -6.37531424
v 9.82256413 27.64832878 -5.93627787
v 10.19055367 26.05888367 -6.69638872
v 16.29640770 -17.63705444 -12.17051315
v 16.74592209 -16.24953842 -12.39379597
v 15.52945042 -18.52776337 -12.35272026
v 14.72089100 -19.50273132 -12.03243542
v 14.13782692 -19.91243553 -11.52562428
v 15.92609406 -16.54117584 -9.40211773
v 16.54249191 -16.41331291 -9.87970161
v 16.31294250 -15.36125088 -9.67195320
v 15.81698036 -15.85131454 -9.05476475
v 15.76063251 -17.56285477 -9.45646381
v 14.70319748 -18.31564522 -9.72672081
v 14.25399780 -19.38466644 -10.61184883
v 16.67040634 -17.98050880 -9.61392021
v 16.57672119 -17.29665184 -9.55436039
v 17.11181259 -17.33425140 -9.86332321
v 8.14608383 -29.34087753 -22.41374779
v 7.03315687 -29.55932236 -23.39412689
v 8.28309536 -28.77867317 -22.41454887
v 6.26943207 -27.51890755 -23.88982582
v 8.14670277 -27.27406693 -23.01509666
v 8.30150032 -26.97797966 -5.63210726
v 8.67918587 -26.82536697 -5.96755886
v 8.82916451 -26.60187340 -6.33692408
v 1.02868247 -20.19548988 2.37259436
v 1.87915969 -20.63473511 2.64906526
v 1.83155394 -21.30500603 2.18533134
v 2.43747282 -21.33765602 2.04304099
v 2.48170829 -20.63842201 2.52878737
v 1.80237973 -21.87932968 1.61616993
v 2.36564302 -21.92072105 1.47356367
v 2.90815806 -21.84004402 1.29725420
v 3.02696157 -21.28204536 1.82607722
v 3.07288194 -20.61072159 2.28949523
v 18.48595047 -0.67795932 0.54799169
v 18.09215164 0.00947900 0.38263574
v 18.53903389 -1.45629084 0.51692164
v 18.99370956 -1.45702803 -0.06508915
v 18.92661858 -0.65025961 -0.00810981
v 18.48163223 -2.25895166 0.34840602
v 18.92008972 -2.28254390 -0.21580529
v 19.17970848 -2.24420667 -0.83015001
v 19.26839066 -1.45586956 -0.71218908
v 19.19782448 -0.68248820 -0.64035928
v 7.41731977 44.66116333 30.48521042
v 7.16760063 44.17288971 28.74960518
v 6.52576685 44.51992798 30.65920258
v 6.25308752 44.02859879 28.92759895
v 7.10925198 52.21392822 31.47250175
v 18.16487694 -17.44505119 -34.12696457
v 18.25840378 -17.47862244 -33.37622452
v 18.01987267 -17.40176392 -32.61345673
v 17.71575546 -18.05897331 -33.23522568
v 17.86149597 -18.13691330 -34.02456284
v 15.21961784 -17.33696365 -33.32301331
v 15.71687126 -17.86586761 -32.89635086
v 15.70618057 -18.17609215 -34.00739670
v 15.69996643 -18.12469673 -33.51153946
v 18.75894547 -16.88223648 -33.20035172
v 15.00578785 -16.84966469 -33.14080429
v 19.71687889 -16.39048576 -32.24103546
v 20.41292763 -16.09113312 -32.38216782
v 19.12696838 -16.70079231 -32.46706009
v 19.99155807 -16.91009331 -33.15702438
v 20.79788017 -16.09687424 -32.79356003
v 21.12848663 -15.38621140 -32.78091812
v 19.20474815 -16.95480347 -34.05702972
v 21.12219429 -14.66770363 -33.17811584
v 19.70963860 -16.64444351 -34.36583328
v 12.26725197 -14.78155613 -33.05952454
v 12.17667389 -15.58858871 -32.62035370
v 11.91068268 -15.82803917 -33.73534775
v 11.94080544 -15.79791641 -33.23127747
v 14.10873222 -17.15615273 -34.03946686
v 14.29528427 -17.13598251 -33.29539108
v 14.16792297 -16.88586998 -32.53151703
v 13.47176933 -17.15278244 -32.83926773
v 13.46976852 -17.34330940 -33.35534668
v 13.45965767 -17.38975716 -33.85994720
v 13.66603565 -16.57282448 -32.23834991
v 20.87922859 2.83496571 -33.97392654
v 22.41447067 3.36838984 -33.07679367
v 21.97999001 3.53185010 -32.66838074
v 21.19410133 3.39619493 -32.75393295
v 21.28723335 3.01567888 -33.22861862
v 23.10080338 3.67811632 -33.45803452
v 22.64696884 3.24376726 -33.61923218
v 18.16503525 4.12723684 -34.33645248
v 17.45073891 4.56561422 -34.31483078
v 18.20676804 3.88502860 -33.93029404
v 17.51577568 4.29045963 -34.10434723
v 16.98226547 6.30796003 -32.83953094
v 16.84911156 6.36938953 -33.43613052
v 16.88162231 5.21129227 -33.89013290
v 17.33103943 5.90699816 -32.53936386
v 25.71645546 5.56062031 -34.11985397
v 25.83789253 5.87232113 -33.51409531
v 25.76761436 5.24204683 -33.26845932
v 25.69818115 4.78110361 -33.81692123
v 23.61064339 3.57313633 -34.16050720
v 24.55643654 4.02644348 -34.41061020
v 24.90732384 3.97049403 -34.08516312
v 23.67412567 3.54504180 -33.64724731
v 16.78720856 -18.38094521 -34.19128799
v 17.45695305 -18.29826736 -34.16485214
v 16.93997955 -18.31685638 -33.54345322
v 16.49725723 -18.12648582 -32.88213348
v 16.11514664 -18.32280731 -34.15390015
v 17.53583908 -18.06381989 -34.44406128
v 16.13231468 -17.76396751 -32.49939346
v 16.78078461 -17.80219841 -32.45884323
v 17.42704201 -17.74342918 -32.49381256
v 12.08172607 -16.24406242 -33.89754486
v 12.11837864 -16.30220032 -33.27035141
v 12.51702309 -16.78710365 -33.96537399
v 12.49711704 -16.78246880 -33.30773926
v 12.80052471 -16.65637207 -32.65982437
v 13.05216503 -17.22366333 -33.97264099
v 12.97033024 -17.16384125 -33.33849335
v 13.34938526 -17.07221031 -34.27786255
v 12.75104904 -16.57077217 -34.27849579
v 12.97991467 -16.27407837 -32.25504684
v 12.56273270 -15.78475094 -32.25799561
v 12.24834633 -15.96569538 -34.18802261
v 20.11017799 -17.00490952 -33.95863342
v 20.55674362 -16.64428711 -33.43333817
v 20.76796913 -16.48998833 -34.03046417
v 21.23128128 -15.77945900 -33.79675293
v 21.10426140 -16.01277351 -33.40842819
v 21.07350731 -15.78011703 -34.26069641
v 24.96911430 3.96517205 -33.76173019
v 25.18058777 4.48975611 -33.21646500
v 25.51410484 4.71053791 -34.35622406
v 21.87027168 2.83443236 -34.34084702
v 17.20339012 4.70666742 -33.68503189
v 17.42225075 4.84498167 -33.07871628
v 17.12118530 5.47686243 -32.92657852
v 17.02428818 5.17174387 -34.26596451
v 8.49918938 -26.36584663 -7.18813848
v 8.14804554 -26.66980553 -6.97001600
v 1.11294019 -26.88740158 -2.46432996
v 1.37656188 -28.01761436 -4.41331816
v 0.80750573 -27.84288597 -4.20593882
v 1.72265077 -28.14947891 -3.38116026
v 1.25017512 -28.01898384 -3.43761301
v 7.42964220 -25.86693382 -4.48830795
v 7.07470608 -25.26291084 -4.64202547
v 1.77023005 -27.36501122 -2.41327500
v 0.82267213 -27.66510010 -3.47284341
v 3.19526649 -27.50595856 -4.80090427
v 6.69733667 -26.77270508 -6.01821899
v 7.37645483 -26.90667534 -5.32962179
v 7.41268539 -26.72531128 -4.97458076
v 7.15348721 -26.90056801 -6.31333160
v 7.83660746 -27.00473022 -5.37575293
v 13.13431644 -25.00171280 -9.27162361
v 13.02867794 -25.65033913 -9.52876759
v 13.38140297 -25.43553543 -9.88428307
v 13.44017220 -24.93999290 -9.71471405
v 13.23637390 -25.83165169 -10.06122398
v 13.32273865 -25.75013161 -10.54444218
v 13.48619843 -25.37676430 -10.42037296
v 13.56287289 -24.89965439 -10.25491142
v 13.26344204 -24.74493599 -10.88189507
v 7.90359259 -25.36338806 -4.45302486
v 8.11760712 -26.26397324 -4.57159138
v 15.39558601 -20.09316826 -4.92455244
v 15.20568943 -19.34411621 -4.85777807
v 15.25329494 -20.63283920 -5.13930464
v 15.55672836 -20.65453720 -5.50393009
v 15.70470619 -20.09264183 -5.26674461
v 15.00336552 -21.08772659 -5.46464491
v 15.28636646 -21.12195587 -5.82979727
v 15.44361210 -21.02958870 -6.22475576
v 15.71755600 -20.58028412 -5.90931559
v 15.85974121 -20.03882217 -5.67023420
v 14.48159885 -18.28446960 -4.94024563
v 12.38400078 -29.31508064 -12.42855263
v 12.15292454 -34.28607941 -7.95909739
v 9.13575745 -30.20020866 -8.21239758
v 9.14650059 -29.79071426 -8.07284546
v 8.81557751 -29.92005157 -7.69747686
v 8.83063889 -30.35050201 -7.86346483
v 9.04633904 -29.39017487 -7.98047781
v 8.72384262 -29.48528099 -7.61395645
v 8.29275799 -29.61261559 -7.37824488
v 8.36806393 -30.03221893 -7.44175434
v 8.40850735 -30.42991638 -7.61585188
v 7.66356325 -30.87511253 -8.68066025
v 8.98914909 -20.21123505 0.18147025
v 8.96081734 -19.47418976 0.30880484
v 8.84538364 -20.83189964 -0.17683606
v 9.43582058 -20.82610703 -0.48132271
v 9.58695793 -20.17953300 -0.10384774
v 8.69161320 -21.36188126 -0.65647358
v 9.22917843 -21.37683678 -0.95116526
v 9.69249058 -21.27888680 -1.31831861
v 9.93820763 -20.75185394 -0.89745092
v 10.08650112 -20.13350677 -0.53377318
v 8.57775974 -18.55451584 0.12996766
v 17.12434578 -17.93501091 -9.91040230
v 19.63114548 -10.16925907 -15.22003937
v 19.54149055 -9.46552181 -14.53320694
v 19.65971565 -10.37105560 -14.67844677
v 19.53606796 -10.98442650 -15.31032753
v 12.74783707 -25.17275620 -16.86267090
v 12.57144833 -25.51268387 -17.43325424
v 12.55441284 -25.74423409 -16.98142242
v 12.33565807 -25.60357475 -17.93801117
v 12.48763847 -25.06932831 -17.81641769
v 19.11240768 -8.97651005 -14.35563374
v 20.98685455 -2.59163833 -13.84850693
v 20.93342972 -2.73556113 -14.41909027
v 20.71704483 -2.85573387 -14.95404816
v 7.70492840 -27.85237694 -23.68668365
v 7.47503614 -27.26087379 -23.73426437
v 8.19059563 -28.35575104 -23.20933723
v 1.87960732 -31.48111153 -5.81818533
v 3.70033932 -31.26449013 -5.79593611
v 3.18086362 -31.29071426 -5.58566046
v 3.55546856 -30.64445686 -5.63252878
v 2.57718277 -31.06874657 -5.39060354
v 1.59615862 -30.80438995 -5.80225563
v 2.70709777 -31.69167709 -5.59050512
v 5.24248075 -41.31071091 -9.04870892
v 5.77039576 -41.50518417 -9.24992657
v 14.51730347 48.48910141 26.60724449
v 14.30834389 47.48854065 26.85464668
v 13.82870674 47.16151428 25.16432953
v 14.02723885 48.13732529 24.90892410
v 13.28850842 46.45912170 25.43153191
v 12.43987465 46.32230759 24.26882744
v 13.04531956 46.94002151 23.92510796
v 13.20267105 47.85295486 23.63673592
v 14.26179123 47.84294891 28.44396019
v 14.45895481 48.80180359 28.21214485
v 14.34088898 49.47491837 26.42672157
v 13.86472702 49.09765244 24.73598480
v 13.08460426 48.76736450 23.51024437
v 13.83586788 49.90789795 29.24798965
v 14.29517841 49.74717712 28.03330803
v 12.14702606 46.83048630 23.44736671
v 12.28699970 47.74194336 23.13666534
v 12.18704891 48.65814209 23.02723694
v 12.39748192 46.15684509 25.58224869
v 9.93610096 -30.45319176 -22.67040253
v 8.64990616 -30.33733749 -22.10166359
v 9.19589615 -30.31806374 -21.26214027
v 8.99588966 -30.82097816 -22.89305496
v 8.21260834 -30.64372063 -22.79858208
v 9.67753506 -30.45413971 -20.47422409
v 10.03141785 -30.86531830 -19.89442635
v 9.44698429 -34.61594772 -22.95698547
v 11.18169498 -33.70590973 -22.24927330
v 10.42869377 -34.74517822 -21.44045067
v 8.99294090 -32.11138535 -23.54394722
v 9.18852425 -32.91678619 -23.59060478
v 9.53819370 -31.25221825 -23.53215027
v 10.65639973 -33.56620026 -20.29022598
v 11.35639858 -31.30501175 -21.29436874
v 11.07884789 -32.42798615 -7.60700512
v 12.55262184 -32.50813293 -23.28590775
v 12.92514706 -31.81227112 -23.45673943
v 12.91471958 -31.18770981 -23.36163330
v 12.74609947 -31.77877808 -23.94912148
v 9.58342934 -34.88710022 -7.25780916
v 10.81764889 -33.11952972 -6.43413639
v 11.32772446 -32.96228409 -6.75084019
v 11.01934052 -33.79769897 -6.40991211
v 11.61135674 -33.67847443 -6.72872257
v 11.13540554 -34.46818161 -6.59959745
v 11.73332024 -34.38360977 -6.90113544
v 12.14365578 -34.27428436 -7.28819466
v 12.04654884 -33.60885620 -7.16170263
v 11.72089195 -32.93163681 -7.18561077
v 12.36514854 -31.74718094 -24.32512283
v 11.01207352 -32.11554718 -24.18909836
v 12.75526237 -30.63845444 -23.22503090
v 17.04332542 -19.61708641 -17.41037369
v 18.17261124 -17.87285805 -20.71713066
v 16.93102646 -19.81623650 -20.83638763
v 19.73657417 -14.19441128 -23.59926796
v 18.13421440 -17.94163322 -22.02680588
v 17.86264038 -18.01055336 -22.91189384
v 18.75971031 -17.70767212 -22.72580338
v 19.13686943 -17.39399529 -22.53093147
v 19.49475479 -16.87096596 -23.15773010
v 10.00487709 27.58473969 -7.03415728
v 1.04421747 46.25850677 10.67027664
v -0.53316760 44.48877716 8.37206554
v 0.12491219 44.17236328 6.20158482
v -1.39846897 43.75878906 8.80612469
v -0.00826780 45.07159042 16.47338676
v -0.36437550 45.31750488 14.55561447
v 0.53840733 46.93212128 16.47350693
v -0.21443610 45.85088348 13.19793129
v 1.95383322 48.05001450 15.70270538
v 2.88177466 48.38893890 15.37768078
v 2.09838796 46.56425858 10.29564476
v -2.24926186 42.16033936 8.06031227
v -2.01813245 41.84089661 9.69027996
v 1.01456928 48.65424728 22.47397804
v 1.48849308 49.34479141 22.45712662
v 1.21868384 48.39336395 20.98093033
v 2.59911609 49.64427567 20.80888557
v 1.52222252 48.20999527 18.03638268
v 1.10483038 47.89392471 19.32284164
v 1.34722948 44.41223526 5.62742090
v 0.69017673 47.07441330 22.93413162
v 0.69449496 47.90866852 22.71937943
v 0.92483473 47.68296432 21.25697899
v 0.91419715 46.87893295 21.51449203
v 0.81287712 47.19858932 19.64007187
v 0.79223400 46.40287781 19.94835091
v 0.92283356 47.18289566 15.07277298
v 3.59414816 50.01269150 20.40982056
v 1.23069060 48.73489761 32.84527206
v 1.20875716 49.53524017 32.64571381
v 4.13962221 49.31411362 33.70800781
v 3.79265428 50.26388550 33.18367004
v 2.85475969 50.61244965 32.51213837
v 0.93473500 50.30896378 31.91580200
v 4.30612993 51.14782715 32.57423401
v 4.63694382 52.28014755 30.81910706
v 2.57291722 51.18203354 31.39645767
v 1.69248247 50.20732880 24.45000839
v 5.69956636 48.58084488 34.38763809
v 6.04328537 49.51788712 34.54685593
v 5.48665762 50.18531418 34.19223785
v 4.88175869 47.40098953 33.65369034
v 4.13042259 47.95638275 33.62033844
v 0.06266674 47.19100571 24.11837387
v 0.07098719 48.06180954 23.91763115
v -0.80518860 47.17004395 24.99497223
v -0.80687380 48.08361053 24.84741592
v -0.42329013 49.06321335 25.08986664
v 0.45267504 48.85467529 23.71267319
v 3.44203663 46.10989761 32.33205032
v 2.97356319 47.48727417 33.17124176
v 1.51695645 46.93496704 32.54004669
v 0.92451870 46.18096542 31.17749405
v 2.77329302 45.62259674 31.02559280
v 0.50164992 45.69647980 29.49244308
v 2.47792983 45.11412811 29.30425835
v 0.26678127 45.43349075 27.63834953
v 1.74349475 44.91645813 26.86030197
v 0.17936380 45.46877670 25.80879593
v 4.74329281 44.78291702 30.88733101
v 3.06158614 41.38816833 17.81957817
v 2.14470339 41.82481003 17.80865097
v 1.08903205 39.68099976 13.76056290
v 2.10728765 39.18893433 13.79416084
v 0.45417589 42.84440613 16.52745819
v 0.01242802 43.81871796 16.15914536
v -1.23474538 41.86185455 12.01858521
v -0.76679868 40.82933044 12.51180935
v 0.60960519 38.75827408 12.36167240
v 1.68462944 38.25357056 12.48479462
v 0.16030046 37.45691299 11.13624859
v 1.36023688 37.21920013 11.60166740
v 1.10072291 42.02033997 16.76998901
v 0.20190276 40.39245224 13.60647678
v -1.58330941 39.12342453 10.26470661
v 5.87108374 45.19788742 32.14603806
v -0.55960345 38.83531570 11.41395664
v 4.37914133 43.57144547 23.78892708
v 3.85758543 43.16090012 21.44434738
v 3.03393912 44.06901550 24.12337685
v 2.94644260 43.55828094 21.47062683
v 1.46545386 45.31321335 23.25346756
v 0.95569414 46.17264175 23.12034035
v 1.14664340 45.99096298 21.75799751
v 1.59931839 45.12553024 21.95821571
v 1.00424767 45.51269531 20.25367928
v 1.42774844 44.63673019 20.52014542
v 2.19596887 44.58975601 23.33014297
v 2.25315905 44.39059067 22.08470726
v 2.04398894 43.88841629 20.70540619
v 2.48349881 48.14954376 33.14775467
v 1.09672058 47.83462906 32.84169006
v -0.47700447 46.25258255 25.21267319
v 0.36515224 46.27922821 24.30121422
v 0.95927507 45.44465637 24.45266724
v -0.28400147 46.82485199 32.16315079
v -0.20137614 46.22045898 31.23341942
v -1.14253581 46.39213562 31.24005508
v -1.61753917 45.96452713 29.75016594
v -0.62719399 45.75430298 29.64863586
v 4.75508928 43.54169464 25.58477592
v 3.60231066 43.85536957 25.14905739
v 1.80627668 44.78228378 24.50438118
v -0.06329867 47.60892487 32.61946106
v -1.29936063 48.25202179 32.07936859
v -0.99676979 47.37521362 32.17615891
v -0.24318908 50.10643005 28.67261314
v -1.37972152 49.81131744 28.90590286
v -0.91746217 50.05545425 30.53239441
v 0.21306692 50.37036896 30.39989853
v -2.26116347 49.38328552 29.12623787
v -1.75730181 49.63837814 30.64824867
v -1.22774148 49.66449738 31.52579308
v -0.47247562 49.94633865 31.71432114
v 4.90127611 52.51704407 29.21860504
v 4.45844889 52.07137680 26.50039482
v 3.41412616 51.77404785 28.17475510
v 1.90211987 51.05317307 30.01099777
v 1.36421287 50.57788086 27.32361984
v -0.45046327 49.70894241 26.81272888
v -1.89395738 48.75640869 26.04292679
v -1.55065954 49.41814804 27.12026978
v -2.36480045 49.02498245 27.39884758
v 4.00182438 51.14585495 23.30597115
v 0.44498652 46.47039032 12.71945286
v -9.17280102 -36.95806885 -17.54085922
v -9.20453262 -36.57778549 -15.42686653
v -7.84706736 -40.98363495 -18.08722305
v -6.44457293 -43.72171021 -16.32413673
v -6.47336864 -43.75541687 -17.99383163
v -7.13689899 -42.61630630 -18.10004997
v -6.69251823 -43.05258942 -15.61793423
v -8.52058315 -39.26991272 -17.15602112
v -8.52625751 -38.73694611 -16.07767868
v -8.76574707 -37.61239243 -15.19747448
v -8.33370209 -39.72946167 -17.62926102
v -7.41303110 -41.97147751 -16.71188927
v -7.76841784 -41.20405960 -17.52121162
v -7.04348469 -41.91098785 -14.83637714
v -6.71608400 -43.08059311 -14.29117680
v -7.34896564 -40.76778412 -14.22062397
v -7.25075245 -40.93159866 -13.89132023
v -7.22384262 -41.73468018 -13.73254681
v -7.83281612 -39.79522324 -13.31431293
v -8.25323296 -38.36862946 -13.86692810
v -7.46895361 -41.55191803 -14.77311802
v -8.09565449 -39.38916016 -14.59172821
v -8.21975708 -40.82705307 -17.17833519
v -7.48837280 -42.05016708 -15.72109699
v 0.80139041 -45.25625992 -26.24338913
v 2.34070802 -46.09460068 -26.49973679
v 1.44726932 -46.87364197 -26.02148438
v 1.63836658 -47.65288162 -25.77853012
v 2.45903778 -44.58164597 -26.77583885
v -0.87836128 -45.82284927 -25.13821030
v 0.16014250 -47.05013657 -25.48271942
v -0.55496925 -46.65449524 -24.80032349
v 0.72956723 -47.69944763 -25.35991287
v -3.80284429 -45.46501160 -22.55415535
v -2.69096375 -44.57577133 -24.07416534
v -2.83811879 -45.07508087 -23.42956734
v -2.22998810 -45.23611832 -23.89319611
v -0.99588770 -44.03436661 -25.52361107
v -1.32095993 -43.05781937 -25.50277901
v 1.90928185 -42.80206680 -26.74026680
v 1.60337329 -41.87223053 -26.76580811
v -3.15460229 -49.01842117 -20.14837456
v -1.74853373 -50.27466965 -21.67328644
v -1.07970452 -50.98141479 -21.50007057
v -1.10248697 -50.39514542 -22.60615730
v -2.49387288 -48.97205353 -22.13489342
v -2.10017824 -48.88327026 -22.55491829
v 2.81501365 -52.58633423 -20.84892273
v 1.79522443 -52.34928894 -21.63014221
v 4.46145058 -52.63890457 -20.93016434
v 3.82930636 -52.27612305 -22.55023193
v 2.64227200 -51.74211121 -22.91859627
v 1.75366819 -52.08859634 -22.49862289
v 2.13569498 -52.23258972 -17.79154205
v 2.76652598 -52.47330856 -19.08847427
v 3.90097833 -52.60691071 -19.78362656
v -3.10528183 -42.61105347 -24.72753143
v -0.89550900 -41.95915604 -26.13074684
v -2.85855126 -40.61435318 -25.41710281
v -4.51794291 -43.90710831 -22.92573166
v 1.27281284 -47.91398239 -25.28052330
v 2.09285855 -47.93205261 -25.08381081
v 2.77639985 -48.05401230 -25.36754990
v 0.75410074 -47.07263565 -24.68124771
v 1.18802190 -46.48440170 -24.28514481
v -0.33244967 -45.27165222 -22.94904709
v -0.21410696 -45.13545609 -23.16190338
v 1.54557121 -45.50026703 -23.69564056
v 3.80666852 -48.04510117 -23.05542374
v 0.02306558 -46.27606201 -22.86907768
v 1.47497892 -50.60958481 -23.15154266
v -2.04184628 -50.31958771 -19.54477501
v -0.96466625 -51.16894150 -18.92141342
v -3.14165735 -46.71350098 -22.45981216
v -3.53919625 -47.21063614 -21.87665749
v -3.85463977 -47.36484146 -21.10437202
v -0.11284621 -50.83837128 -22.84406090
v -0.51776421 -49.44208527 -23.04366493
v -1.77678645 -46.44729614 -22.82254219
v -2.37854505 -45.41880035 -22.90790558
v -2.75491405 -45.95947266 -22.70126343
v -2.09828258 -45.25344467 -23.21871185
v -1.64692402 -45.38083267 -23.59218407
v -1.13368869 -45.72086334 -23.94922638
v 1.04728496 -52.09882355 -19.09082985
v 0.30106366 -51.84795761 -21.57157707
v 0.25882944 -51.61269760 -22.39172173
v -0.00327815 -51.79677200 -17.52731133
v -1.25634956 -51.23787308 -17.84313965
v -1.35760391 -51.02578735 -17.02044487
v 3.78436017 -52.40694427 -17.23311615
v 3.76328254 -52.33423996 -16.70127296
v -4.52253771 -46.25428009 -21.38261604
v -2.86036801 -49.87011337 -18.70463943
v 1.36479211 -41.01417160 -27.01676369
v -3.13880062 -48.92874146 -15.82573509
v -3.40614629 -49.00064850 -16.98221779
v -3.20853710 -49.47101974 -18.14397049
v -0.78334743 -48.69831085 -13.74248028
v -0.37102395 -50.30217361 -15.56378555
v 0.07593735 -50.08626175 -15.02832699
v 1.50246143 -50.03516769 -14.28899097
v 0.67886442 -51.46665192 -16.51964378
v 1.29936063 -51.49333954 -16.60519791
v -1.20696664 -50.56360626 -16.13739586
v -2.71968389 -48.67836380 -14.96929359
v -3.76971555 -37.35055161 -25.33020973
v 0.59488642 -38.27255249 -26.99514580
v -5.64327145 -31.72351074 -24.51664925
v -2.48363042 -31.68069649 -25.96679306
v -3.76263738 -34.38887405 -25.55328369
v -0.51954806 -33.96550369 -26.63468170
v 0.28173703 -36.98778152 -7.91388798
v -0.50313759 -37.77370834 -7.78484154
v -1.14011335 -37.09776306 -7.25522900
v 0.04349809 -38.11275101 -8.30497551
v -1.23880029 -38.42113495 -8.03814125
v -2.13203835 -35.65026474 -7.89358711
v -1.13606513 -35.93375397 -7.63735104
v -2.46780562 -36.63697433 -7.56937551
v -2.47465158 -38.53730774 -9.10605621
v -2.67180824 -37.98092270 -8.40598965
v -7.14573288 -39.29506302 -21.96744347
v -5.78337669 -39.99967957 -23.31098747
v -5.81097078 -38.30307007 -23.90767860
v -5.52936554 -42.28967667 -22.43032265
v -9.28328800 -37.75189209 -22.10166359
v -9.42081261 -37.23968124 -21.56252098
v -9.98094273 -36.47425461 -21.59350967
v -10.91149044 -37.00297165 -22.99911499
v -10.25383186 -35.06901932 -21.51486015
v -10.21617985 -34.67985153 -21.93041039
v -9.74552059 -34.30856705 -22.23947716
v -11.12445259 -35.04008102 -23.52066994
v -6.43970537 -34.70847321 -23.91540527
v -7.42037392 -32.63278580 -23.17610931
v -6.44645929 -32.51585007 -23.96373367
v -7.92939615 -36.60864639 -7.44607258
v -8.20036411 -36.25968933 -7.84613895
v -6.25572062 -35.95259476 -8.81642056
v -7.58920574 -35.46863937 -9.58674717
v -8.51730537 -36.00714874 -8.47865200
v -9.40843678 -36.67383957 -7.41352797
v -9.13502026 -36.98738480 -24.23580742
v -9.12535667 -37.41701889 -23.90643883
v -7.28735209 -37.24626541 -23.59776688
v -8.81247139 -37.87477875 -23.15620232
v -5.93805218 -43.85171509 -20.35177422
v -5.23996639 -45.28930664 -20.73113251
v -3.85323215 -44.15629959 -11.30098915
v -10.28766727 -34.72948456 -23.53689194
v -11.06189060 -35.46558380 -24.32385826
v -11.43936539 -35.58354568 -23.93690491
v -9.82182598 -34.82217026 -23.82173538
v -9.68011570 -35.22850418 -24.15681648
v -10.14569283 -35.88592529 -24.56315041
v -10.93276596 -36.04559326 -24.49942970
v -11.31182098 -36.20199585 -24.10204887
v -5.71710920 -45.38999176 -18.22479820
v -5.79921770 -45.15764999 -15.55615616
v -4.88650513 -46.97319794 -15.54003525
v -4.49083567 -47.39185333 -14.98598766
v 2.25432396 -51.32273865 -15.64003849
v 2.08164167 -51.98411942 -16.48742867
v 3.44772387 -50.95443344 -14.87525463
v 0.14344890 -51.69068527 -16.85577393
v 0.72778004 -50.41169357 -15.50166130
v -1.77799761 16.57877541 -20.74669266
v -3.97894621 15.84094048 -20.62736702
v -4.10671234 20.64665413 -18.11159706
v -1.17581761 20.36026573 -18.96316719
v -0.73217398 25.03223038 -16.14023972
v -3.32229161 24.52408218 -15.75366211
v -4.30587673 27.34261703 -13.10743332
v -8.29973125 14.39737701 -20.36029053
v -8.09433079 16.53622627 -19.28819084
v -8.98572636 10.06417274 -22.07431984
v -2.60820007 11.09519863 -22.78891754
v -3.51223373 4.93013477 -24.62255287
v -9.75664520 3.66955900 -23.91608429
v -11.32158947 -0.51081294 -24.23994255
v -7.14495611 -1.69084346 -25.57345390
v -13.73539066 -2.91689968 -23.65706253
v -4.05890894 0.41465372 -25.67319489
v -4.31884432 -3.24160838 -26.27052879
v -9.51254749 -6.65324640 -25.24612617
v -11.69171810 -9.27657318 -24.41601562
v -8.56816483 -11.62883949 -25.34443283
v -7.75471926 -13.42495441 -25.44427490
v -4.42153311 -7.73244381 -26.53296661
v -4.29788494 -13.15727711 -26.40165520
v -7.11837578 -16.98429298 -24.87745857
v -10.09085941 -18.78119469 -23.33933258
v -5.24378443 -20.59724045 -24.59243011
v -7.15917492 -21.03717232 -23.80430412
v -10.07986641 -21.25856018 -22.45380974
v -3.96588302 -16.69131279 -25.77090836
v -3.35714674 -20.39228439 -25.08870888
v -6.19821453 -23.62540054 -24.09237289
v -7.75716829 -23.98961830 -23.27590179
v -4.67899370 -22.73201752 -24.70054436
v -3.97012234 -25.61660957 -25.04099655
v -7.05827618 -27.26145363 -23.67549515
v -2.60511971 -24.54595757 -25.37891006
v -12.93757439 -24.44318771 -18.45856667
v -12.23547077 -24.16194534 -19.71724701
v -11.77671337 -25.93549919 -19.41897392
v -11.41564178 -23.65502167 -20.75178146
v -9.49576187 -28.00510788 -21.66199684
v -10.88547611 -28.29208565 -19.95024681
v -8.98933983 -24.76700211 -22.43739319
v -10.89653492 -22.43711662 -21.50138092
v -19.19943047 -17.61735725 -10.22515869
v -19.26902199 -17.49802780 -9.63951397
v -19.72443581 -17.38417435 -9.83720398
v -18.98596764 -17.06373215 -9.24097443
v -19.96557045 -16.84568977 -9.67362499
v -19.51063156 -17.25246811 -10.75140095
v -13.41910839 -27.73948479 -17.15857506
v -13.61103153 -27.61902428 -16.49499130
v -13.76606560 -27.30855942 -15.92949009
v -14.41693115 -25.68206787 -15.14074516
v -14.49192047 -24.46656990 -14.71351910
v -15.05076027 -25.48361397 -15.72245312
v -14.97756195 -26.78676605 -16.09882164
v -13.13026237 -26.40318298 -18.31475067
v -12.93599510 -26.96391869 -18.35219193
v -13.05227089 -27.43168068 -18.16182137
v -14.39581394 -26.87212944 -17.95796967
v -0.97887820 30.37561607 -12.06351852
v -5.95354748 27.09315491 -12.13778687
v -7.59768724 27.09288788 -10.28004742
v -8.75122643 25.39445877 -10.59657669
v -8.03826618 28.53913879 -7.36344576
v -8.31024170 27.60280228 -7.65482140
v -7.57416439 29.89322662 -5.62331963
v -5.30157995 6.83917952 7.69092035
v -5.41677618 7.88431835 7.88458204
v -5.30634546 8.90236282 7.92681599
v -5.73774576 8.80925846 6.65836763
v -3.23681617 11.20491886 7.12863159
v -2.55087876 10.89384937 7.57372284
v -3.62961555 10.48693657 8.40787506
v -2.56628203 10.09998226 8.56291008
v -2.16647863 10.27945232 7.99016714
v -1.57941246 10.64881706 7.28240204
v -1.63768196 8.51159191 8.40561104
v -1.76664913 7.41961050 8.57262516
v -2.49608469 7.02610016 8.93838406
v -1.73402560 6.12375164 8.24673271
v -3.00531793 6.57750607 8.79980564
v -3.82949066 6.52387094 8.62497139
v -0.69245434 15.34534645 5.73100519
v -1.46894264 16.08915901 6.01042509
v -1.84677303 15.22975540 5.81426239
v -2.34610581 15.87507820 6.01321602
v -1.71646309 19.33906174 4.59615803
v -2.05725956 18.92419624 5.06126070
v -1.58983946 18.76358032 5.21597910
v -1.93957508 18.39825821 5.65723991
v -1.10801637 17.92592621 5.51023626
v -0.78886366 18.73293114 4.95951939
v -3.62539601 17.37489128 4.79117489
v -3.38774300 17.23356438 5.51493645
v -2.96734905 18.67247772 4.77952385
v -3.03454471 19.12367821 4.18634892
v -0.47658318 16.93855667 5.42725563
v -7.05560017 17.43740845 3.13189220
v -6.06009102 20.42260933 1.94901466
v -6.53650951 19.98263359 2.32954383
v -6.56203699 18.77321815 3.03846788
v -8.61185169 18.40088654 1.60870850
v -10.07145405 13.45396996 3.17478132
v -8.89815044 11.54532433 4.77206755
v -9.43192387 7.57467079 5.55469561
v -10.80024433 7.71869946 5.11781883
v -8.08790684 9.28236580 5.51951790
v -12.99684429 7.84713984 3.01581049
v -12.28994846 9.70090389 3.74121761
v -13.04118538 10.37411022 2.20051098
v -18.76968956 -1.66135311 -1.73681664
v -18.40264130 -1.47366893 -0.73894095
v -17.82492256 -1.16378462 -0.05213452
v -20.07621193 -0.53524768 -0.76137459
v -19.49022484 3.12541151 -2.62152362
v -19.65223694 2.38165212 -3.25114012
v -19.81843567 1.29072428 -3.48879957
v -20.63557816 1.25186026 -1.77815557
v -20.48770523 2.03071833 -1.66893637
v -17.30887032 -0.40896633 0.41855064
v -17.46885300 0.74549723 0.70734429
v -19.12799644 0.13734022 0.53767008
v -13.64102268 -2.03229809 3.22812700
v -13.80579853 -0.61904472 3.69904923
v -14.66882229 0.16921337 2.10327220
v -9.61307812 -0.68780696 6.01887703
v -9.79362679 -1.74526870 5.80554676
v -11.13469505 -2.09443831 5.51232958
v -9.72608852 -2.97524834 5.29065275
v -13.62983227 2.53633094 3.21863484
v -12.68227386 1.68299699 4.53528166
v -11.88064003 1.67704618 5.11297417
v -11.99825859 -3.07261872 4.27650452
v -12.97296333 -2.60009050 3.75102568
v -12.32828522 -2.02945447 5.02818966
v -1.94224763 0.71208376 8.45347977
v -2.56691384 0.13344330 8.90278435
v -2.37720203 -0.59596598 9.09726238
v -2.98409534 -0.20127082 9.29626846
v -2.48355126 -1.51126897 9.19647598
v -1.40952766 -1.49167907 8.49013233
v -3.89323711 1.18398011 8.32435513
v -3.34682512 0.29395443 9.05639648
v -2.75702071 1.30947161 8.28896618
v -4.17939758 0.12838782 9.18009853
v -2.12076879 -3.66890073 8.04967403
v -2.88919997 -2.98098850 8.82331848
v -3.39258766 -3.40422583 8.56019783
v -4.20472765 -3.46254802 8.34847355
v -5.90626144 -3.36767912 6.96032619
v -5.53500032 -2.77271366 8.07252979
v -5.89907312 -2.14415026 7.96349430
v -5.87603378 -1.23464012 8.26174068
v -6.44709110 -1.07281244 7.10114241
v -18.53302956 -10.86630726 -5.21861219
v -19.22204781 -10.48556709 -4.18603277
v -19.50704956 -9.77990818 -4.29567337
v -18.89017868 -9.88565159 -5.38839197
v -19.81548691 -10.42179489 -3.25229859
v -20.12518692 -9.83952045 -3.31859875
v -19.84213448 -8.98035431 -3.98702669
v -17.04809189 -6.93999910 -1.30115116
v -18.13586044 -7.66387892 -1.34591305
v -17.32124519 -8.16115856 -1.14806521
v -19.18887329 -8.03714180 -1.39051712
v -19.05426979 -8.64695740 -1.16602266
v -18.10249901 -9.27538872 -1.24812138
v -18.60449028 -6.50580835 -2.50614309
v -18.54956627 -7.19803858 -1.74940264
v -17.58807945 -6.30322075 -1.87336695
v -19.79152489 -7.84977293 -1.94624996
v -16.68567848 -11.30581760 -2.34921288
v -18.33697319 -10.64802647 -1.96810424
v -18.23191452 -11.13319397 -2.68318963
v -17.12718964 -11.73016071 -3.15503335
v -19.23026276 -10.63164902 -2.14151740
v -18.86708641 -11.06615639 -3.11748600
v -13.99341774 -7.19289112 1.60249126
v -13.00977325 -8.18901634 2.83100939
v -12.23373222 -8.24033451 3.44029880
v -12.06292629 -12.71081638 1.61595929
v -13.22530174 -11.74965858 1.50064456
v -12.47773743 -11.88087654 2.57849932
v -13.59067822 -11.99262333 0.31638804
v -14.06562901 -9.83120060 1.23927426
v -13.99000740 -8.79970074 1.57856989
v -10.44022655 -8.64695644 4.10585642
v -10.63770580 -10.11826897 4.00344372
v -9.46710110 -10.54328442 3.81571984
v -4.41890049 -8.74127293 6.76353168
v -3.63367057 -9.16793346 7.02760124
v -4.79669142 -10.12030983 7.30399275
v -3.44427466 -10.26270580 7.23200512
v -2.51836038 -9.10163307 6.84352398
v -2.90520906 -13.51010704 5.23672771
v -3.70060253 -12.96695900 6.18583965
v -4.16246700 -13.36389256 5.80754805
v -4.90999174 -13.42455864 5.58350134
v -6.47215796 -13.19729996 4.21815634
v -6.08678341 -12.76458263 5.50366735
v -6.41941786 -12.15671635 5.54906082
v -6.38705778 -11.32872486 6.07061672
v -6.98128557 -10.93360806 4.93698072
v -2.52299452 -11.41335106 6.53566694
v -2.90518260 -12.46438789 6.19439650
v -3.65636730 -11.65738297 7.17697430
v -17.25536537 -17.57356453 -7.47887373
v -17.43525696 -18.99149704 -7.21383715
v -16.25080299 -19.58382988 -8.59282112
v -17.09222221 -19.58572578 -7.40162659
v -17.77839661 -19.67809296 -6.56463051
v -18.44903564 -18.58021355 -5.85749722
v -14.72721100 -20.06420517 -6.19115782
v -15.41117287 -19.30151367 -5.22709036
v -16.49520302 -19.86898994 -5.44779348
v -15.60696793 -18.42402267 -4.63138819
v -17.43009567 -18.96990776 -4.47019243
v -17.24872971 -19.51452827 -4.81617594
v -15.95237064 -20.33198547 -7.26749849
v -15.87772465 -20.25120544 -6.39995956
v -17.60366631 -20.04134941 -5.82958651
v -17.48096657 -15.90418720 -6.62519121
v -17.91858101 -17.56575012 -6.45667553
v -17.95396805 -17.00806999 -6.03012037
v -18.44914246 -17.80267334 -5.38333607
v -13.02035809 -16.85103416 -1.63291621
v -13.14263725 -18.05855370 -2.03593183
v -12.97738647 -18.19789314 -0.91135347
v -12.99718761 -18.94921112 -2.60430336
v -12.99455452 -19.75929642 -1.34991527
v -13.08228779 -19.10661507 -0.95285040
v -9.52408123 -19.64544296 -0.59470212
v -9.93420601 -18.83696365 0.04441966
v -9.80350018 -17.51098251 0.26941434
v -10.52369404 -18.34155464 0.30248550
v -11.06262779 -18.90976715 0.44667166
v -10.86725521 -20.12518692 -0.06003368
v -10.94998550 -21.34523964 -3.05076432
v -10.43622398 -21.33217812 -2.38665485
v -9.91917133 -21.10371017 -1.95022583
v -11.74480057 -21.18041039 -1.52738333
v -3.21601510 -21.94926262 -0.62614077
v -3.17341208 -21.34376526 0.50354570
v -3.94084287 -22.01245499 0.50886446
v -3.05866361 -20.54184151 1.29109287
v -3.98939633 -21.18251610 1.91044033
v -4.04479599 -21.74841309 1.34370124
v -4.88632059 -18.35824776 2.42725658
v -5.71999884 -18.64027405 2.11529207
v -6.42581606 -18.25529480 1.41795349
v -6.16909313 -19.51905632 1.84240210
v -5.15520811 -19.86725235 2.59903717
v -6.04370689 -21.70207214 -1.44807565
v -5.41509104 -22.13642120 -1.06607187
v -5.91584587 -21.83767319 -0.06661633
v -4.73607826 -22.30730438 -0.96980727
v -5.06284046 -22.27649879 0.56779224
v -5.57144165 -22.15179825 0.43287447
v -6.58674812 -19.40214920 0.93552488
v -6.55915403 -20.25162697 0.26804513
v -6.22654629 -21.03432846 1.21699858
v -6.23971176 -20.38965034 1.70021713
v -13.69036579 -27.07334709 -11.22482491
v -12.85426521 -27.04991341 -10.88695049
v -14.06504917 -26.98724747 -10.42237377
v -12.64520073 -26.78924179 -10.31031132
v -13.87567997 -26.77639198 -9.98928928
v -15.02208614 -26.80190659 -9.57763672
v -15.39737606 -27.05012512 -10.30757332
v -14.10988998 -24.55459213 -8.90091515
v -14.32208920 -24.05101967 -9.17446327
v -14.93319416 -24.09562492 -9.69854736
v -15.66868591 -25.28134346 -9.20032024
v -11.26237202 -26.93521881 -5.09528017
v -11.65369701 -26.85762215 -5.47196484
v -10.89685154 -25.48356056 -5.13456535
v -11.37027454 -25.45780945 -5.54426908
v -11.61962509 -25.52173996 -5.99931335
v -11.73945522 -26.40431595 -6.29008198
v -13.42912674 -25.52332115 -9.22655869
v -15.27720356 -25.76866913 -8.99947071
v -15.16103268 -26.25736427 -9.13249207
v -4.23525143 24.51899338 2.93974161
v -4.63217783 24.95410728 2.95249867
v -4.52627659 23.86344147 2.73606133
v -0.44772491 24.68564034 4.59505177
v -0.95163918 24.54055977 4.84361267
v -0.72245800 23.94040680 4.87276030
v -0.67204481 23.21138954 4.72986460
v -1.34700572 22.92021561 4.62134314
v -7.44034910 26.10295105 -0.54085279
v -7.42932653 25.19076538 -0.91051090
v -7.98966694 25.34986687 -1.97100067
v -8.40281963 26.07915878 -2.35848117
v -8.48490524 26.45359993 -1.67871821
v -8.34331322 26.24372482 -3.05624127
v -18.69185638 -17.20618057 -11.39207649
v -18.23338890 -17.79219437 -11.00027752
v -17.91405106 -17.94543648 -10.47672081
v -18.67510986 -17.68171120 -10.19772148
v -19.57766914 -14.93653870 -10.06243515
v -19.79615974 -15.34126568 -10.69842339
v -19.70532036 -15.84215260 -11.17548084
v -20.15130615 -15.82129860 -9.81319046
v -18.20368767 -17.56253815 -9.76632214
v -17.95933914 -16.92044067 -9.26056480
v -21.82329750 -8.77402782 -11.06336594
v -22.11619759 -7.88892651 -10.81430435
v -23.19827843 -8.88993549 -9.99571323
v -22.88886833 -7.72849417 -9.79757595
v -21.48932076 -6.67880011 -11.02039433
v -20.59976959 -6.59254122 -8.06126022
v -21.67679405 -7.37645483 -8.22177124
v -21.57157707 -7.95256710 -7.98205757
v -20.42124748 -7.42964220 -7.77836418
v -22.69560242 -8.04098511 -8.26134586
v -21.78422356 -8.70909691 -7.99967241
v -20.12655640 -10.44923115 -8.49223900
v -21.36103821 -10.00498199 -8.51109123
v -21.50311852 -10.37687492 -8.97408772
v -20.27706146 -10.96088696 -9.11058521
v -22.40058136 -9.78874207 -8.55582714
v -22.82617569 -10.04195023 -9.18589115
v -21.67595100 -10.52737999 -9.49680233
v -20.49897575 -11.16099930 -9.81371689
v -21.20726776 -6.02685547 -9.51597118
v -22.13831711 -6.96833086 -9.26203918
v -21.91176796 -7.06701803 -8.67223454
v -20.89698792 -6.15429497 -8.68940163
v -23.06789017 -7.72180605 -8.97556210
v -12.73809433 20.75701523 -5.27875137
v -12.61886978 21.55001259 -6.40698290
v -12.26951599 21.97632980 -7.08207893
v -13.91517639 21.37852097 -6.94115782
v -15.52930546 20.03203583 -6.09417248
v -17.63593483 18.12682915 -5.75511026
v -15.56889343 18.65862656 -5.04201317
v -21.39905930 6.71555758 -11.95396996
v -20.82219887 5.85617733 -9.22368813
v -20.87813568 8.20355034 -9.81050491
v -19.75871849 8.91227722 -6.81825972
v -19.28271484 6.43613768 -5.14351749
v -18.42928696 9.56779003 -4.25012159
v -18.22211838 12.03549004 -4.48788643
v -10.16275501 22.27502441 -3.62471795
v -10.96130848 21.87616920 -3.16356444
v -10.56266308 22.09787178 -2.81547451
v -11.40792656 21.65906143 -2.89442658
v -10.92465591 21.97632980 -1.97868919
v -10.29061604 22.09924126 -2.33646894
v -9.55799484 22.38508606 -2.70414877
v -15.39455509 21.38857079 -7.96944237
v -15.97791195 20.93171692 -7.29896355
v -18.27995682 16.41093826 -5.30237961
v -17.58974457 15.15633583 -4.57779217
v -14.07157898 -23.83495331 -17.06799889
v -13.60479164 -23.68339348 -18.33902740
v -15.01205444 -23.19342041 -15.86279488
v -15.57594967 -22.63433075 -17.39852524
v -14.92703342 -22.67603874 -18.38326263
v -17.25410271 -21.69480324 -17.21123505
v -16.36768341 -21.93537331 -14.87068558
v -17.14801598 -20.82215691 -13.90690804
v -15.16419220 -22.75129128 -14.03124142
v -15.82666969 -21.22011757 -11.64200592
v -18.15224838 -18.66163635 -12.90898323
v -19.45891762 -19.18924141 -15.92261791
v -19.90472794 -16.91012001 -14.85145760
v -20.49012756 -17.48209763 -16.61974716
v -19.17997169 -16.06032753 -12.31743813
v -20.13656235 -13.63112164 -12.70586586
v -12.91862297 -21.66820335 -20.62259102
v -14.20354843 -21.28976059 -20.38201523
v -14.31663799 -22.44504166 -19.23492432
v -13.77928352 -17.27618027 -22.34206200
v -13.85198307 -13.81906891 -22.81753922
v -14.03829765 -14.88919640 -22.81711769
v -11.81810474 -19.38263702 -22.41110039
v -14.76818752 -8.43405437 -22.99100113
v -15.03938580 -5.84938717 -23.11381149
v -13.20946407 -11.35550308 -23.46586418
v -14.72510433 -11.74585342 -22.64207268
v -16.03573418 -9.60180855 -21.99855423
v -14.41798401 -13.00345325 -22.91654205
v -20.43372726 -2.00765276 -18.63603592
v -19.20388031 -3.84844875 -20.09274864
v -19.98721504 -5.84559584 -19.43132401
v -17.89972687 -4.12120724 -21.23359680
v -18.40697289 -7.53270674 -20.84749413
v -16.83133888 -8.89414787 -21.67868996
v -16.50089073 -3.61771393 -22.19347954
v -19.79389572 -8.87640190 -19.69431305
v -20.19733238 -9.82635593 -19.22973633
v -20.36224747 -8.73998260 -18.86309624
v -20.81805038 -7.51210976 -18.03427696
v -20.86931419 -10.80861759 -17.53357506
v -20.56532860 -10.79363537 -18.58274269
v -21.99805260 -6.48184729 -15.55399036
v -21.48577309 -6.75359869 -16.38684654
v -22.00719070 -6.86806393 -15.98802280
v -22.14208221 -7.36850262 -16.19084740
v -21.21432304 -10.00640392 -14.11702633
v -21.79612541 -9.63311577 -14.51053619
v -22.39365768 -9.20118904 -14.79027271
v -22.36860275 -8.80391312 -16.20003700
v -21.24560547 -10.45734119 -16.34201050
v -21.48479271 -10.66071892 -15.83188248
v -21.79349136 -10.02141190 -16.10724831
v -21.43376160 -10.87678719 -15.28473377
v -22.30688477 -9.87709427 -15.67848110
v -20.64337158 -14.65264225 -16.29037285
v -20.81138802 -12.19381523 -16.20722580
v -20.58738708 -13.17610359 -14.88460827
v -6.60061169 24.14820671 -14.45786190
v -8.62895107 21.08874702 -15.73552322
v -9.57979679 17.57775688 -17.99166107
v -13.58836079 15.20642662 -18.45677757
v -13.15359116 17.27353287 -16.34112930
v -12.43200779 16.36074448 -17.50615692
v -11.26017284 17.75381088 -16.75311661
v -11.69277191 14.64548111 -19.21720314
v -13.35154438 19.84446335 -13.04281807
v -11.46975136 22.48158836 -11.40202904
v -13.30493927 21.13280487 -11.45347881
v -11.67817783 22.74932289 -8.82878590
v -12.63024426 22.11920166 -9.83491230
v -11.62337017 22.65558624 -10.69364452
v -9.81066227 24.45520592 -9.23174858
v -8.91184235 25.63733292 -9.04749775
v -9.00642109 25.48366737 -7.39177895
v -9.15060806 24.64308929 -5.47159624
v -10.62139988 23.37813568 -7.07073021
v -13.36149693 13.77541351 -19.44433022
v -14.67163944 11.75409508 -20.46479797
v -15.26632881 9.42657852 -21.29939842
v -12.62971783 18.44304466 -2.02866459
v -12.76410866 19.32526398 -2.18912292
v -12.56315422 20.02560425 -1.81391251
v -12.79981327 19.71084976 -2.60209155
v -13.07554722 19.00624275 -3.06498289
v -12.46338749 20.41384888 -2.95615196
v -10.90317059 22.46965981 -5.48412991
v -9.83417606 20.60213852 -1.04532337
v -11.38900852 19.74942398 -0.96251374
v -11.09454060 20.86770821 -1.01909816
v -11.49318504 19.30830765 -0.98602694
v -11.27095509 18.42423248 -0.84236735
v -16.26512527 14.01828671 -2.24936724
v -17.19322586 13.52416706 -1.04584992
v -15.98381042 14.19296360 -1.36134279
v -17.27221680 13.57603836 -0.31164855
v -16.16736031 13.89426899 -0.33492479
v -21.98349190 -0.15176937 -10.74634552
v -22.94487381 0.54198831 -10.08070850
v -23.25233650 1.29993987 -10.20530510
v -23.75343323 0.99382079 -9.62339973
v -23.49802589 2.18459415 -10.03800106
v -22.02677917 2.05252004 -11.17037296
v -21.73322105 1.91615415 -6.85018587
v -21.82519341 0.95100731 -7.07923508
v -22.73933792 0.65399855 -7.55365896
v -21.05560303 -0.28405410 -7.47682667
v -22.19740105 -0.45757252 -9.04976177
v -22.89452934 0.14418617 -9.56125927
v -21.86405754 -0.67543161 -10.08555317
v -23.85707092 0.74346977 -8.56796551
v -23.92479134 0.85258365 -9.16124535
v -21.86595345 4.35812950 -8.64932632
v -22.21615028 3.90187359 -7.82691765
v -20.99841309 4.42880058 -7.83587027
v -23.57670212 3.55525804 -8.28011990
v -23.35626221 3.46257448 -7.70790386
v -23.00238037 3.29448009 -7.34749079
v -22.03594208 3.50870562 -7.26860476
v -20.79303551 3.91093111 -7.09113646
v -22.50296783 -0.17046407 -14.81741905
v -22.40377998 0.87485927 -14.33925629
v -22.38082123 2.17885423 -14.14140892
v -23.40344620 2.15668368 -15.04117584
v -23.40260506 1.22963727 -15.18441486
v -21.82032204 3.33371258 -17.44004822
v -21.57311821 1.61722326 -17.70183945
v -22.95419502 1.45299947 -17.24654579
v -21.88796425 4.29925442 -14.20207405
v -22.21456909 4.31700134 -15.07351017
v -22.84713554 3.56779146 -14.92490005
v -22.13573647 4.32189846 -15.90250206
v -23.21481514 3.42128801 -16.10008621
v -23.25420570 3.45614982 -15.50469971
v -18.97404099 0.56011695 -20.29272842
v -16.52387619 1.26626313 -21.96672058
v -17.78218842 0.66690052 -21.22769928
v -19.98679352 5.64948559 -19.71137619
v -19.96962547 3.11079812 -19.53833199
v -15.70160007 5.60898924 -21.89586258
v -14.92389965 7.24000978 -21.78769684
v -17.22914124 7.14895868 -21.33870888
v -16.63712311 8.50213909 -21.43081474
v -15.52484322 2.94538951 -22.32407761
v -18.35703659 6.30869770 -20.96965981
v -17.50203133 8.72347355 -0.70639634
v -18.03290749 9.23094273 -1.32060945
v -18.22738457 10.37445259 0.16514529
v -18.37773132 10.29493427 -1.22905803
v -17.99715042 9.12975407 -2.57133746
v -14.16184044 13.42300510 0.25224680
v -15.34829617 13.20962238 0.52081853
v -15.72168922 12.50880814 0.91219604
v -16.21077919 13.13379002 0.77864742
v -16.06848907 11.55948639 1.08618832
v -20.55288696 10.55571842 -8.09200096
v -19.47055626 12.19880486 -5.89453125
v -15.21990776 13.82033348 -0.04742134
v -16.63601875 20.52277756 -23.62999535
v -16.17173195 19.22504997 -23.08887482
v -16.53206444 19.18086624 -21.63029480
v -15.81750679 17.69279671 -22.39467049
v -15.88858604 18.74111366 -25.07814407
v -15.76294899 15.94232655 -23.17343521
v -15.53940392 15.98386383 -21.54208565
v -15.48632050 16.44269943 -20.37148285
v -15.36009216 14.53326035 -21.00810242
v -15.96495724 17.78281975 -20.95791626
v -16.28366280 18.07372093 -19.89774323
v -22.31454659 23.11705017 -27.69164276
v -22.99711418 22.58598900 -26.26768494
v -21.46035767 23.39562798 -27.60585785
v -20.57177925 23.49908066 -27.54898262
v -19.68357086 23.42164230 -27.52418137
v -21.32880974 23.20596695 -25.35685921
v -20.44589233 23.30665588 -25.26533318
v -21.28373146 22.79626465 -24.10794830
v -20.40608025 22.89315987 -23.99514771
v -19.52653503 22.81237793 -23.93237495
v -19.56213379 23.22829628 -25.21751785
v -22.17739105 22.92991829 -25.48271942
v -22.90474701 22.08154678 -24.44729614
v -22.12873268 22.52053070 -24.25687408
v -24.45274544 16.09639931 -29.97774124
v -24.77766609 16.94100571 -29.01634598
v -24.20042038 16.11124992 -27.86194801
v -24.93087006 17.76470566 -27.88477707
v -25.16768646 18.47069550 -29.24804497
v -25.15137482 19.58962250 -29.79598045
v -24.75704956 17.28854179 -26.08421516
v -24.91235924 19.32811546 -26.86190987
v -24.51289749 16.35504532 -26.44716835
v -24.04865074 15.64277649 -26.58228302
v -18.13585854 14.83727264 -30.00225639
v -18.82906342 14.45346451 -29.23722076
v -17.88376999 14.89577866 -27.81291962
v -19.67195892 14.20175838 -29.19317055
v -20.57766533 14.08616638 -29.33994865
v -21.34586525 14.14556122 -28.55201340
v -19.45291519 14.13245583 -27.65109444
v -20.33783150 14.03461170 -27.73198128
v -19.35865211 13.76003647 -26.83115959
v -20.23988342 13.65892696 -26.93679810
v -21.12469482 13.73423195 -26.98187637
v -18.60412216 14.40429211 -27.52312660
v -17.74269104 14.46401024 -26.45905685
v -18.51512527 14.03155708 -26.67149162
v -16.98175240 21.16536331 -30.61104393
v -16.37060738 20.62850761 -28.03656006
v -16.69183922 21.37372780 -26.13403320
v -16.11006546 19.74763298 -28.19091034
v -16.01075363 18.35972786 -27.80413246
v -16.23679352 20.47759438 -25.64702225
v -24.78201103 20.52029037 -28.39262772
v -24.27572632 21.27059174 -27.07053185
v -23.78934860 22.07799339 -27.93904495
v -23.60118294 21.38696098 -24.79967690
v -24.13564682 20.77586746 -24.92177200
v -24.56706047 19.90710449 -25.36186218
v -22.32001114 14.43782425 -29.32798195
v -22.98018265 14.84078789 -28.42743683
v -23.79366684 15.43979454 -29.22537041
v -23.56343079 15.35229778 -27.57810593
v -22.77109146 14.39828873 -26.89277267
v -23.47022057 14.95712948 -26.76312256
v -22.07828331 14.36974716 -27.74830627
v -21.97917366 13.98395157 -26.96723557
v -16.36332703 17.02463150 -28.70639610
v -16.68129349 16.17936707 -27.82139969
v -17.33662224 15.50754356 -28.88923645
v -17.09240532 14.97097874 -26.31351471
v -16.52853775 15.74093723 -25.90643120
v -16.13413239 16.43749237 -25.68768311
v -18.82951355 23.16460228 -27.53015709
v -18.05218124 22.71820831 -27.71943474
v -17.36045074 22.14226532 -27.79582024
v -17.93016624 22.54296494 -25.22036171
v -17.23725128 21.97180176 -25.31578255
v -17.91205025 22.10261154 -23.89888382
v -17.18886757 20.95986557 -23.09265518
v -18.71429062 22.96804428 -25.19497871
v -18.68827438 22.53875160 -23.88750839
v -19.68637466 22.65069580 -32.65447998
v -19.09523964 22.69365311 -31.79249763
v -18.33581352 22.21583366 -32.11933517
v -17.71833611 21.48400116 -32.88389969
v -17.23788261 20.63494682 -33.65151215
v -16.69470215 16.71585846 -33.28786850
v -17.04198265 15.81034470 -31.66039658
v -17.19709587 14.99347782 -34.12154007
v -17.92158127 14.06637955 -34.40265656
v -17.61214447 15.11727142 -31.56107712
v -18.26595879 14.25462914 -32.28514099
v -22.07612419 12.72324371 -34.40761948
v -23.35686874 13.41510677 -34.12275314
v -23.61883163 13.94403458 -34.23299789
v -25.47010612 17.13482475 -32.18713760
v -25.26333427 16.35250473 -32.24452591
v -25.16188240 15.38958263 -32.71504211
v -24.69912148 15.73440742 -31.91348457
v -23.52572632 14.27990723 -32.27821732
v -23.35299683 14.61441040 -31.23468399
v -24.33399582 14.91218281 -32.27502823
v -21.85810661 13.57440662 -32.19416809
v -22.68651962 13.81975460 -32.22192001
v -25.34408188 18.51510429 -33.47068024
v -25.02685738 19.89734840 -33.10552216
v -24.59382439 20.89659309 -32.06288528
v -24.59969711 20.57249069 -33.72039413
v -24.03413010 21.44864082 -32.82181168
v -23.25312614 22.43649673 -30.31352234
v -23.36626816 21.86321449 -33.60569763
v -16.76345825 19.97507668 -33.01070404
v -16.43827629 19.23131752 -32.39012146
v -16.59847069 18.96337700 -33.78179550
v -16.43033600 18.20200157 -33.02622604
v -20.16436577 13.21889019 -34.27091217
v -19.60505295 13.03420830 -34.16985703
v -19.80882645 13.11201477 -33.53502655
v -19.52158356 13.32621479 -32.92089081
v -20.04345703 13.55181408 -32.32003021
v -20.49955559 13.17918396 -32.90377808
v -20.39067650 12.97736073 -33.55458832
v -20.61709404 12.83922958 -34.15061188
v -19.94034576 13.90938282 -31.28744888
v -21.03040504 13.41220951 -32.31052399
v -18.99463081 13.78328609 -32.36145782
v -24.35337448 14.28693771 -33.01913452
v -25.43764114 17.02249908 -34.05300140
v -25.57021523 17.41274261 -33.10648346
v -22.57544327 22.47476768 -32.70837784
v -21.70480919 22.93099785 -31.81003189
v -21.33007240 22.61405563 -33.52544403
v -20.82199860 23.03244972 -31.78557205
v -24.77066231 15.25945663 -20.96139336
v -24.52301025 15.93384838 -20.04726219
v -24.09258461 16.73599625 -19.54863930
v -23.49565887 17.55389786 -19.19631958
v -22.84979439 18.30313873 -19.44164467
v -22.87246513 17.51235199 -17.49065590
v -24.77553368 13.99880219 -18.07472038
v -24.12625694 15.05736256 -16.28741074
v -20.86531258 10.35604763 -23.58583832
v -21.71802711 9.75289345 -22.82880974
v -20.50065994 8.12329483 -21.56178284
v -21.56978607 8.33214855 -21.33312798
v -22.57308578 8.79303932 -21.09625816
v -22.60468292 10.16243935 -22.70421410
v -23.38390923 10.75998497 -22.54291153
v -23.43251610 9.43687344 -20.91383934
v -24.06539726 10.87428570 -21.53739929
v -22.56971550 8.37290859 -19.93939781
v -23.49233818 9.06140041 -19.67524910
v -22.59983826 8.23862267 -18.64172363
v -23.48217583 8.97793293 -17.60566902
v -24.20368576 9.79444313 -18.13154221
v -24.19188881 9.87311840 -19.47503281
v -20.25146866 7.07291603 -20.64832306
v -21.46920395 7.60163355 -20.24609566
v -21.49300766 7.13516140 -18.95811081
v -15.93978596 12.97167301 -21.76843071
v -14.79556465 14.05841446 -19.82754517
v -15.28773594 12.54925156 -20.55221558
v -16.32294846 10.63243961 -21.30400658
v -17.25252151 11.18174839 -22.65178871
v -14.43043900 13.41450024 -19.74418259
v -19.36120415 19.92280960 -19.74610519
v -18.47897339 19.74089241 -19.74357796
v -19.26333427 19.04921532 -18.32470322
v -18.34703064 18.94410324 -18.32954788
v -17.49792290 18.66615677 -18.39179230
v -17.63410568 19.23653030 -19.58119774
v -16.90042877 18.72550583 -19.71285057
v -16.73549461 18.21769524 -18.54977608
v -16.08460426 17.62652206 -18.75389099
v -17.41292763 18.57831955 -17.64748001
v -16.19590187 17.71728325 -17.93598557
v -17.21975517 18.73197746 -16.50778961
v -19.11730576 18.94831467 -17.16889572
v -18.25603294 18.82982826 -17.57775688
v -22.04052353 19.23679352 -19.87604713
v -22.06301117 18.37936592 -18.62813568
v -21.16840363 18.75146866 -18.48605728
v -21.17314339 19.57203484 -19.70989990
v -20.26347542 19.74560547 -19.59167671
v -20.21987152 18.97812271 -18.38284111
v -21.12385368 18.54814529 -17.26810837
v -19.99306297 18.92432022 -16.76417542
v -21.90980530 18.16353035 -16.91410065
v -24.52949905 11.91223621 -21.42058563
v -24.84489441 12.39844322 -20.11119843
v -24.84692764 14.80862522 -21.85120773
v -24.89986420 12.92851734 -18.24539566
v -24.83361816 11.80546570 -17.78966522
v -24.64993668 10.82986641 -19.26775742
v -24.63013458 10.75477123 -17.95323181
v -18.04820633 10.55218410 -22.89460754
v -17.49012947 9.30395699 -21.71955490
v -18.67115974 9.37194252 -22.43603706
v -19.62672234 8.91360664 -22.32800102
v -17.92500496 7.86599255 -21.38452530
v -19.02572823 7.28471899 -21.12806511
v -24.09370232 19.53238106 -23.14564323
v -22.86898994 20.86007309 -22.60012817
v -21.05254936 12.60828495 -25.64997101
v -21.91182137 12.85315895 -25.63527870
v -22.68430710 12.53095245 -24.85618210
v -23.41134644 13.57688046 -25.17233467
v -23.99838638 14.27530003 -24.97438049
v -21.83604050 11.38691521 -24.24518204
v -16.46323776 14.71315002 -24.44598007
v -17.67317772 13.39814949 -25.05342674
v -19.50267792 21.80970955 -22.25538254
v -18.65815353 21.54766846 -22.24016380
v -17.85512352 20.95333672 -22.05995560
v -22.09500313 21.30777168 -22.38308525
v -21.25026512 21.59329987 -22.21288490
v -20.37087631 21.70062256 -22.09065819
v -24.71307755 16.19835091 -24.67421150
v -18.44287491 12.94784355 -25.29124260
v -19.28434563 12.65952396 -25.47355652
v -20.16542053 12.54446030 -25.59441376
v -20.05198860 11.12666416 -24.22274971
v -15.88132572 21.28871536 -9.15198994
v -13.48952961 21.88955879 -9.03545094
v -13.28590202 21.79928398 -7.72067404
v -18.58802223 19.90040207 -9.03052711
v -18.85806084 19.35700607 -8.38507366
v -17.03760529 20.85236359 -8.61619568
v -21.09545517 12.27938938 -7.91902208
v -21.09118843 13.74547482 -7.49121618
v -20.20331001 13.19645691 -6.30830288
v -20.54175568 14.89604187 -6.86479902
v -20.83637428 15.61699963 -7.63020229
v -20.56137848 16.55831718 -7.79827023
v -19.55607796 14.14993954 -5.56646538
v -20.19251442 17.45742607 -7.98906136
v -19.34760666 18.27726746 -7.52083826
v -24.09376144 14.14878750 -15.23325062
v -23.38755035 16.07660484 -15.18958187
v -20.24675179 18.84066772 -11.58744240
v -21.91170883 15.49144173 -10.20063114
v -15.47680855 18.34425926 -15.82150936
v -14.47801781 17.64037132 -16.02064705
v -14.80915165 16.54749489 -17.67096710
v -13.85697174 17.39302254 -16.12908936
v -14.23282814 15.94241905 -17.97408485
v -14.21134186 19.13631630 -13.81501484
v -15.77269840 19.56245613 -14.11368847
v -23.67138672 9.49538040 -16.06006432
v -24.46088219 10.79121304 -16.60668564
v -23.13169289 10.22080421 -13.43076897
v -23.78007317 11.28389740 -14.06092930
v -24.30353165 12.01649189 -15.38239479
v -24.25537300 13.09913921 -15.26489353
v -22.62519455 13.33808899 -10.75632381
v -20.57719040 18.84715271 -15.14177227
v -18.74841499 19.28682137 -15.48305607
v -19.10540390 19.72870064 -11.89988804
v -17.30595398 20.31314659 -12.28663731
v -14.50949001 21.05507088 -11.13288498
v -14.21795082 20.15757370 -12.54532814
v -15.64404106 17.00891113 -19.33384705
v -15.17609406 16.10177040 -19.20340538
v -15.21316719 15.31827927 -20.24830818
v -14.91289330 15.20853329 -19.47977257
v -14.99430752 16.20214272 -18.45119476
v -14.57681084 15.44013691 -18.74451637
v -14.27674770 14.60240364 -19.10145378
v -18.51398087 20.27717400 -34.03532410
v -18.29300117 21.32828331 -33.94188690
v -16.86462021 18.82171822 -34.12830734
v -22.35806084 17.08259010 -34.29340363
v -20.87004471 13.54109097 -34.43088913
v -23.83131790 14.40176487 -34.39003372
v -24.99842072 18.40652466 -34.21140671
v -25.11114120 17.03008080 -34.28429031
v -25.35011864 15.98541641 -34.32125854
v -23.59262657 21.00546074 -34.02437973
v -23.25315285 21.56610107 -33.96453094
v -24.81613541 19.57919693 -34.12799072
v -21.32770348 22.27186394 -33.89191055
v -22.17909050 9.04665470 -12.70586586
v -21.20000076 9.00173473 -10.23632240
v -20.30117989 8.93648815 -8.08063889
v -21.71492004 8.12582207 -12.27204323
v -22.63891220 8.20207596 -17.10465050
v -22.60584259 8.33446598 -15.48089695
v -21.97559357 7.38656569 -15.63108635
v -21.94873619 7.69842482 -13.90295887
v -21.53555679 6.44909239 -15.78875351
v -21.60759735 6.69407177 -14.01828671
v -21.76631737 7.16233444 -17.35710716
v -21.10299873 6.10658407 -17.51614380
v -18.82782745 13.07096577 -5.05378294
v -21.75049400 -16.21006775 -19.47990417
v -21.31631851 -14.99654293 -18.37806511
v -23.55116081 -9.15971851 -28.21957207
v -22.86915970 -8.53581524 -27.29121971
v -23.36879539 -9.07014179 -25.99869347
v -22.18091774 -8.06714439 -27.31697083
v -21.42283630 -7.75092793 -27.35176659
v -20.62412453 -7.59857941 -27.39730644
v -21.86384583 -8.11244678 -24.41338158
v -21.13164520 -7.77088642 -24.49163628
v -21.24881744 -8.75069904 -22.29445648
v -20.46108627 -8.48244381 -22.21575356
v -20.06188774 -7.87568188 -23.17521286
v -20.35963440 -7.59299707 -24.59990883
v -22.81901360 -8.91700363 -24.36440849
v -22.33399200 -9.74953651 -22.33391190
v -23.05396080 -15.43222427 -27.77079201
v -23.46133423 -14.71420288 -25.87783241
v -24.35714149 -13.19566727 -27.29660606
v -24.31306267 -12.42532730 -25.98298645
v -23.82373619 -13.61058426 -24.44624138
v -23.19462013 -14.75459480 -23.62462425
v -23.29138565 -13.69370937 -22.43922234
v -22.29304695 -15.88029099 -24.85161591
v -17.28114510 -15.04691696 -28.95745850
v -17.81757545 -15.48331928 -27.91984940
v -17.09622383 -14.75891304 -26.76980972
v -18.40878296 -15.89464188 -27.27627754
v -19.27534103 -16.25675201 -27.91155624
v -19.95973206 -16.38171196 -27.18999863
v -19.05079460 -16.15474892 -26.43556976
v -18.03769875 -16.08807945 -25.89347649
v -18.44540215 -17.05605698 -25.14479256
v -19.54401779 -16.64649773 -25.70979309
v -17.61967468 -15.33955383 -26.46305847
v -16.59120560 -15.30785179 -25.44580460
v -17.17927170 -15.91629887 -25.51273537
v -17.58716965 -8.71939278 -27.62584305
v -16.83250999 -9.69062805 -27.80020332
v -16.33058357 -10.80577278 -27.65604401
v -16.09525490 -11.61800575 -26.85699654
v -15.82603741 -11.10188675 -24.93992805
v -16.33706093 -9.92040825 -24.41983414
v -15.49553585 -12.17230320 -24.62824059
v -16.45370483 -9.68797493 -23.31546402
v -24.45772362 -11.47701836 -27.16977119
v -24.26964378 -10.62833118 -27.13390923
v -23.93467903 -9.85206699 -27.28270149
v -23.74221611 -10.36523724 -24.44029236
v -23.50487328 -11.22198105 -22.98394775
v -24.10215569 -11.63073635 -24.58411026
v -23.19138145 -12.58719349 -22.10882568
v -20.89568520 -16.40887833 -27.97170830
v -21.55458641 -16.20035362 -26.98312569
v -22.42700386 -15.84915543 -27.66718292
v -21.15018272 -16.56855965 -25.14168549
v -20.63547325 -16.34085274 -26.22861099
v -19.99735260 -17.21968842 -24.89865494
v -16.22244453 -12.56114006 -27.91883469
v -16.30936050 -13.31045532 -27.00025558
v -16.74618530 -14.20656300 -28.00910950
v -16.55370903 -14.02407932 -26.31307983
v -15.75052166 -13.83381462 -25.12230682
v -16.10761642 -14.60814381 -25.31083298
v -16.02267456 -12.40180016 -26.02481270
v -15.53850842 -13.01767254 -24.88764763
v -19.81389236 -7.61942005 -27.44936180
v -18.91195297 -7.77084684 -26.10410690
v -18.27862358 -8.13390541 -27.40400887
v -17.81423187 -8.37525177 -24.10259056
v -18.55072403 -7.99732924 -23.56353760
v -19.57403564 -7.59004831 -24.72460938
v -19.00853348 -8.18988514 -22.68707085
v -20.71262169 -8.18195915 -33.47925949
v -19.87978554 -8.18656731 -32.61701202
v -20.71530724 -8.11444759 -31.76161003
v -19.07341194 -8.34755230 -32.27181625
v -18.31477547 -8.71570587 -32.26123047
v -17.63002396 -9.28091812 -32.57719803
v -16.18579292 -12.62668991 -33.06544876
v -16.21675682 -13.60418510 -32.62675476
v -16.45370483 -13.94803715 -31.02809525
v -16.27544785 -14.26337147 -34.05342102
v -17.27095413 -15.51638985 -31.32136345
v -16.98463440 -15.79502010 -32.00643158
v -16.52253342 -15.16945839 -32.03544998
v -16.78889275 -14.83126926 -31.34232330
v -16.00124168 -14.99080563 -32.50821304
v -20.20617867 -17.01280785 -31.33916283
v -20.20275688 -17.43915176 -32.02949524
v -19.44896507 -17.34251976 -32.09774399
v -19.39830589 -16.76798630 -30.89938927
v -18.95471382 -17.55953598 -32.61079788
v -18.57589722 -16.66840553 -31.80289650
v -24.03901482 -16.75924492 -34.30082321
v -24.74048615 -15.42810345 -33.91839981
v -24.48805618 -14.72373486 -33.99475861
v -21.88828087 -16.85261345 -31.73433113
v -22.60731506 -16.25222397 -30.81555367
v -23.29949379 -15.82087708 -31.24458313
v -21.02084732 -16.98300171 -31.36717796
v -24.71826363 -13.36236572 -33.60749054
v -24.67231750 -11.93466949 -32.15588379
v -24.58210754 -13.12331104 -30.92058563
v -24.47752380 -11.08772087 -32.18310928
v -24.13435745 -10.34011745 -32.54686737
v -23.64286995 -9.58801079 -32.23031998
v -17.07271194 -9.87696266 -32.22900391
v -16.62614441 -10.67809677 -32.53178024
v -16.34556580 -11.44810772 -32.19092941
v -15.91213894 -14.94304276 -33.99383545
v -16.43985558 -15.03504086 -34.35706711
v -16.52624702 -16.33374405 -34.39827347
v -18.52154922 -16.95161629 -34.25058746
v -18.82566833 -17.63489342 -34.10118484
v -19.40237236 -17.53160095 -34.44507599
v -20.20480919 -18.13657188 -34.45225143
v -17.89351463 -16.00034523 -30.89017296
v -24.26603699 -14.39386559 -30.94462585
v -24.49579620 -15.15376568 -32.30612946
v -24.13936043 -15.67316246 -32.03015518
v -23.82062721 -15.10579109 -30.76073265
v -23.48270226 -16.56808472 -32.16791534
v -24.66818237 -14.58460426 -33.01041794
v -23.03292274 -9.04173088 -32.59241867
v -22.32091904 -8.58644962 -32.60824203
v -21.53792572 -8.28420067 -32.61659241
v -17.72057343 -20.06038666 -21.59685516
v -18.32343864 -20.17142296 -21.19820976
v -18.17181969 -20.96004295 -19.06464386
v -19.52195358 -19.80124283 -20.72428513
v -20.75860214 -18.66765785 -17.50368881
v -20.18998718 -18.88746643 -16.84466171
v -19.69581413 -19.96114731 -16.79610825
v -19.30061722 -20.47084427 -17.16292572
v -18.88796616 -20.69582176 -17.56448746
v -16.56329346 -21.40632629 -19.51958466
v -17.12961197 -21.47773552 -18.91092682
v -14.83248043 -18.49283600 -21.96318436
v -14.66477108 -16.62767792 -22.67878342
v -15.83571434 -18.43595505 -22.62771606
v -20.91818428 -19.55486679 -18.74241066
v -20.68891144 -20.12928009 -18.25723076
v -21.12996101 -19.18950272 -18.27456856
v -19.19045067 -20.71256828 -18.09789085
v -18.81908607 -20.71796608 -18.67574120
v -20.61948395 -18.97348022 -20.19479179
v -20.94670677 -18.75835991 -18.68507576
v -20.45329285 -20.26724052 -17.67762947
v -20.52720261 -19.78520584 -17.22534943
v -15.95266151 -20.27079391 -21.14488983
v -16.94492912 -18.62697792 -23.18463898
v -17.13801003 -19.79739761 -21.93499184
v -16.03415489 -21.15218353 -20.09706497
v -15.14533997 -11.50376987 -23.00064278
v -14.62383652 -13.65429306 -23.45215797
v -16.17886734 -9.79202080 -22.21772957
v -15.52418423 -10.62933254 -22.53759193
v -16.25622559 -16.51718903 -24.38781548
v -17.48549652 -17.10143852 -24.76837158
v -18.84438896 -17.88964272 -24.27935982
v -20.31755829 -20.23422241 -18.92051125
v -21.99170303 -16.75926018 -23.58720016
v -22.11409187 -17.71904564 -22.89621544
v -23.00496674 -15.38706779 -22.77745819
v -22.59394073 -15.90839958 -23.42166710
v -22.71295357 -16.42058182 -23.08948135
v -22.96298981 -16.66377258 -22.79526520
v -21.56894493 -11.19501781 -20.19564819
v -21.07666779 -10.35612679 -20.33140755
v -20.52067184 -9.64983559 -20.61841011
v -19.43358803 -8.60187912 -21.71781731
v -20.27484894 -9.87038040 -19.85556221
v -19.72748947 -9.23160076 -20.31603050
v -19.10556221 -8.81947517 -20.77091789
v -21.45132446 -12.17001247 -19.43961716
v -20.73858261 -10.76351261 -19.40530968
v -17.98725128 -8.65538216 -22.32858086
v -17.66433144 -8.77766228 -21.57894897
v -16.90474892 -9.17040825 -21.91134644
v -18.40527344 -8.68771648 -21.16987801
v -14.92700672 -14.14656925 -23.91784096
v -15.20895481 -14.96113110 -24.12016487
v -15.03064442 -15.78896427 -23.47475052
v -14.63663387 -14.99409676 -23.34604645
v -20.00925255 -18.28328514 -23.31969070
v -22.05777359 -16.80282021 -21.11562920
v -22.29262733 -17.24755859 -21.45129967
v -22.86361885 -16.73612785 -21.85468292
v -19.05384827 -18.97085571 -22.93160248
v -22.59889030 -11.13930225 -21.51364899
v -19.23381805 -8.98679924 -34.33098984
v -19.10903740 -8.72995090 -34.32283783
v -17.12279129 -10.54165173 -34.29682159
v -16.48209000 -11.70941162 -34.26617432
v -19.15811920 -16.14477539 -34.43288422
v -17.57744026 -16.56861305 -34.42226028
v -22.32205009 -16.74134064 -34.38218689
v -21.99349785 -17.15667915 -34.18655014
v -21.07306099 -17.58207512 -34.42215347
v -24.51380539 -13.39093399 -34.24948120
v -22.63432693 -12.49876404 -34.30101013
v -23.53151894 -9.90366173 -34.30619431
v -24.53366089 -12.15281868 -34.25711441
v -22.04078674 -8.86858177 -34.32623291
v -4.67610884 -30.44999886 -24.98771095
v -9.43172646 -30.59789848 -21.95312119
v -9.65965652 -29.28666878 -21.97743797
v -9.38305378 -30.59395599 -22.73833656
v -7.27916336 -30.97985649 -23.90649223
v -7.61448288 -31.36264992 -23.67673302
v -8.05712605 -31.61105347 -23.32105827
v -9.01179314 -28.67901230 -22.77462006
v -8.43620777 -28.47202682 -23.13956261
v -7.97692347 -28.65270805 -23.53417778
v -8.71288872 -29.33519554 -23.61951637
v -12.50312042 -29.70587730 -18.04549217
v -12.34600544 -29.91805077 -18.85070801
v -11.96402836 -30.10312653 -19.41865921
v -13.43448544 -30.62276077 -18.72724533
v -11.48260021 -31.10519028 -20.05225182
v -11.07163334 -31.64359665 -20.12097359
v -11.20202255 -32.18908691 -19.96204185
v -12.51028252 -31.85808563 -19.97615623
v -11.82513523 -32.58717728 -17.85799408
v -11.93922615 -32.05187607 -17.31803322
v -12.39845657 -31.39869499 -17.19404221
v -13.07944393 -32.12802505 -18.13775635
v -12.70462799 -30.20031357 -17.16331291
v -12.75979137 -29.96289062 -17.58757782
v -12.01869106 -30.58863640 -11.97042656
v -12.38829327 -30.28809929 -12.27193832
v -12.51781273 -29.95733452 -12.77479935
v -13.55244637 -31.09829140 -12.71018410
v -12.75320816 -30.45961571 -13.92870998
v -12.47205067 -30.90807915 -14.44652748
v -12.43539810 -31.68675232 -14.58252430
v -13.54412556 -31.55854988 -13.72117233
v -11.41868973 -32.12404251 -12.18683720
v -7.49030781 -30.68237305 -8.51698971
v -8.39149761 -30.70296478 -8.51393509
v -8.47717762 -31.50114822 -7.97373724
v -8.97087574 -30.60812187 -8.85038662
v -9.61528969 -31.64954758 -8.05746841
v -9.18610191 -31.68167114 -7.81901884
v -9.78217316 -31.04918480 -9.55175400
v -9.79918194 -31.44522095 -10.04079151
v -9.68564510 -32.06720352 -10.26349545
v -10.10772419 -32.30475616 -8.91052628
v -7.43851566 -32.16283417 -8.24947071
v -7.66024542 -31.57555962 -8.17087364
v -4.86296511 -30.91537285 -6.92325306
v -5.05531025 -31.32873535 -7.28682566
v -4.93869209 -31.98831749 -7.26849937
v -4.80016708 -31.81722069 -6.20011044
v -4.24985838 -32.96744537 -7.99596024
v -3.69770646 -33.14006805 -7.47577381
v -4.29883289 -32.86907578 -7.20678043
v -3.01658726 -33.15628815 -7.27355480
v -3.57189894 -33.02895355 -6.20737743
v -4.21578646 -32.95533371 -6.49833059
v -3.73014545 -30.41796112 -6.56415653
v -4.41026402 -30.66270447 -6.65188980
v -3.95348144 -31.29092598 -5.72110462
v -12.09478569 -32.44947052 -19.61300468
v -13.12636471 -31.80884743 -19.64570618
v -12.26935768 -32.63188553 -19.15311432
v -13.39862251 -31.77690887 -19.12515068
v -6.20969486 -45.18506241 -14.34312630
v -7.98184681 -41.10053635 -11.48865700
v -8.27443218 -41.44849396 -12.39076805
v -7.67293692 -42.62612915 -11.95955276
v -8.22745800 -41.31568146 -13.00426960
v -7.01809549 -44.22908020 -13.75845623
v -7.43322325 -43.85049820 -12.90071201
v -7.17518377 -43.88188553 -12.28699970
v -8.62389183 -39.60996246 -9.61176109
v -8.17806244 -39.84841156 -9.41630936
v -7.56827259 -39.85238647 -9.14505196
v -9.52275372 -35.59486389 -14.13243389
v -10.37561131 -34.17412186 -16.73718071
v -9.63478756 -34.22805023 -19.66965485
v -10.37134552 -33.70138168 -18.07082367
v -7.67777491 -39.94804382 -20.27772141
v -8.49982166 -38.40074158 -19.46611977
v -7.93353033 -40.93174362 -13.30687428
v -9.06656075 -37.65302277 -12.45909595
v -8.42262077 -38.04492569 -13.08902836
v -7.65482140 -41.52487946 -18.66457748
v -8.29745007 -39.65094757 -18.62468910
v -8.59319019 -40.04254532 -16.95456505
v -8.00417519 -41.69181442 -16.33045197
v -7.90580416 -40.53172684 -14.59902000
v -8.70701694 -39.50187683 -16.17104721
v -8.52375603 -39.78832626 -15.36372566
v -7.52695990 -41.84763718 -15.20158195
v -8.39698315 -40.96940613 -16.34404755
v -8.22701168 -41.01016998 -16.07089043
v -8.67955399 -40.21926498 -16.19039917
v -8.19333363 -41.41565704 -16.26781082
v -8.12985134 -41.33623505 -15.69510078
v -8.09836006 -41.30491257 -16.08847427
v -8.33896828 -40.87901688 -15.64219761
v 0.04597317 -50.63451767 -16.01909447
v -19.24722099 11.11918640 -5.89299059
v -17.00691032 14.28369904 -3.89913511
v -15.64046001 16.82986450 -3.84047055
v -14.04840851 18.97306633 -4.42658901
v -15.77569389 -16.34601402 -4.14664221
v -15.22928143 -15.42254829 -3.50459790
v -16.12230873 -13.97742081 -3.74681282
v -16.34085274 -15.80528927 -4.48841333
v -14.71320248 -14.02481651 -1.95920455
v -16.89666557 -13.78220654 -4.78465843
v -17.23940849 -16.16280556 -5.04667377
v -17.50071335 -13.86088276 -6.01584911
v -17.30054855 -15.56863022 -5.90036345
v -18.49585152 -13.04784679 -7.58573008
v -17.64242554 -14.76965523 -7.07249451
v -13.73570728 -20.71056747 -6.54904318
v -13.45568180 -19.74355125 -5.13806677
v -12.55725574 -22.14737320 -6.64414883
v -13.73057270 -17.57964134 -3.43915343
v -14.42778015 -16.58283043 -3.43729687
v -15.33049679 -17.20460129 -4.23827267
v -14.70288086 -20.98556328 -8.49413395
v -14.11971188 -21.02990532 -7.50157738
v -14.47949219 -21.67500305 -9.26654148
v -15.88291168 -20.02102280 -9.77558994
v -15.28615570 -20.66801834 -9.33439541
v -16.31231117 -20.08116150 -7.77620554
v -17.10980988 -16.97341919 -8.34639359
v -17.69816589 -16.15956688 -8.76822281
v -9.19157791 -16.67188072 0.76695663
v -10.23621750 -15.46351814 0.89023632
v -10.62985897 -16.88979149 0.20653693
v -8.19164848 -15.34913826 2.12024236
v -11.62683964 -14.90483665 0.28905693
v -11.74616909 -17.09696198 -0.11332674
v -12.85950470 -14.67223167 -0.58101022
v -12.54432774 -17.31484604 -0.63285512
v -13.51305580 -15.76632023 -1.83144867
v -9.81303215 -21.95700455 -4.11773157
v -10.34872723 -22.56158066 -5.20244551
v -7.27955818 -23.14804077 -3.93115306
v -8.52299309 -21.79064751 -3.22012258
v -12.07898808 -20.60492897 -4.01541090
v -12.16219234 -21.02369118 -5.09212017
v -11.27927589 -21.62150002 -4.88453007
v -11.59418964 -21.10057640 -3.36304498
v -12.67479610 -19.96575546 -2.93061805
v -7.78447294 -20.91183853 -1.91302073
v -9.53419209 -20.47717285 -1.34543920
v -7.60882187 -19.55618286 -0.54396313
v -8.30160522 -17.87213326 0.39153546
v -3.18378639 -18.48984718 2.40071535
v -2.46664715 -17.51403809 2.90183878
v -4.04109621 -15.89501095 3.44871140
v -4.08086872 -18.52960777 2.56270099
v -6.03923035 -15.95463562 2.70952034
v -6.96201134 -17.14256668 1.59510553
v -4.19798708 -22.70089531 -2.21176744
v -4.11586189 -22.25798798 -0.43869349
v -4.03992462 -23.41532135 -2.94180846
v -2.55132627 -22.39783096 -1.37477136
v -6.42634249 -22.08112526 -2.47075462
v -6.32581234 -21.17822456 -0.25264177
v -7.25712442 -18.28878784 0.63045901
v -2.82800770 -19.33390045 1.86715293
v -1.70116508 -8.11529064 7.01530457
v -3.36509871 -6.47489595 6.94089460
v -6.18468046 -7.11099005 5.89391232
v -5.35242462 -8.80267620 6.42913342
v -7.85356426 -5.72889853 5.49782181
v -6.25066519 -8.77186871 5.77818918
v -2.26653481 -14.34036160 4.74245024
v -7.03921270 -13.90601254 3.39063931
v -5.70446396 -13.81564617 4.24964762
v -7.98511171 -10.67757034 4.27381897
v -7.84055758 -12.58479786 3.62145305
v -7.86786175 -8.86684322 4.83558178
v -6.78717661 -9.71703148 5.36121845
v -1.36918926 -9.57358170 6.73219824
v -2.54916716 -10.35875988 6.84189177
v -1.68241763 -12.98960400 5.48865843
v -9.73103905 -6.52276516 4.41029024
v -10.81269836 -7.52674961 3.80255461
v -11.79559135 -5.45190144 3.43621755
v -13.32042122 -5.42983627 2.25737190
v -15.36219883 -4.43754244 0.63846350
v -9.93710232 -13.76451302 1.97495031
v -11.17353249 -12.74409771 2.18164515
v -10.08344746 -12.69259548 2.58566141
v -14.36950970 -11.95323277 -0.62356043
v -14.98893642 -8.44710827 0.05144991
v -13.95951653 -10.88710880 0.78064853
v -8.91479111 -12.26783085 3.22623134
v -9.61939716 -11.76101971 3.25772262
v -16.29998779 -6.02032518 -0.73062044
v -17.00999260 -4.41763639 -1.36308062
v -17.90525818 -4.18542719 -2.61812687
v -18.68853760 -4.31247234 -4.08350182
v -18.68027115 -6.08025360 -3.60728717
v -20.28049088 -2.88087964 -7.39050865
v -19.14379311 -5.39513254 -5.19249249
v -19.01603889 -6.54261827 -4.42985392
v -15.82477379 -12.23117828 -2.30055404
v -18.34429359 -11.56543636 -6.21980572
v -17.80546379 -12.28152275 -5.45485020
v -18.13786125 -11.49192142 -4.71190691
v -19.42027855 -7.06144238 -6.42421675
v -19.15906525 -7.48283005 -4.97742414
v -19.06058884 -8.52099133 -6.15682268
v -18.78253937 -10.19119167 -6.35019445
v -15.69196224 -10.88379097 -1.51179564
v -16.53917503 -10.36234093 -1.70822155
v -15.74946880 -9.20484924 -0.95400894
v -15.93767929 -7.47461510 -0.64172846
v -1.20467591 1.65134764 8.36037540
v -2.91783452 3.52616262 7.91266346
v -5.69015312 2.77376676 7.14876127
v -4.81849289 1.11552060 8.03687763
v -7.38372183 4.02973461 6.46731281
v -5.72268438 1.04658723 7.42521858
v -1.45955575 -4.58994389 7.78278780
v -6.51154804 -4.15148735 6.33976746
v -5.39829206 -4.84166384 6.63561773
v -5.08169317 -3.98476219 7.16433573
v -7.47611570 -0.89824080 6.42278814
v -7.34427881 -2.81047177 6.24050140
v -7.37353182 0.91527671 6.54999065
v -6.24181795 0.12554413 7.23279524
v -0.70313138 -1.50021017 8.35700512
v -0.76021600 0.21843836 8.43883991
v -0.89523917 -3.20801044 8.12213612
v -1.60605907 -2.70825648 8.31034660
v -9.48806000 1.60532176 5.75617695
v -9.23497105 3.09921265 5.66320372
v -10.38677502 2.28117466 5.30613518
v -11.21155357 4.81636000 4.50263166
v -12.66576385 4.54004717 3.53292966
v -14.63747597 5.26590204 1.86831141
v -10.97041893 -3.05797911 4.87915850
v -9.02379990 -3.91345882 5.28981018
v -14.64432240 -2.30800557 1.66980541
v -13.21246624 -3.84099722 2.68792915
v -14.45516300 1.71373785 2.33067608
v -8.45874596 -2.52689147 5.80430937
v -9.47189331 0.41080946 6.00410557
v -16.70094872 2.96492672 0.40738648
v -15.82888126 3.73915052 0.81508893
v -16.36439133 5.06889677 -0.03749473
v -17.76607323 3.33755684 -0.20279801
v -17.24535942 6.22962713 -1.33448553
v -18.36846542 3.62766719 -1.03605509
v -18.24844933 5.54405832 -2.92722130
v -19.10906410 3.44245791 -1.83321285
v -18.99792290 4.54939461 -4.07892036
v -16.24701118 -2.59366584 -0.03212329
v -19.29387856 -1.09872174 -3.77137923
v -19.23563576 -1.88526833 -4.75645828
v -18.71049881 -2.61367702 -3.72314167
v -19.26986504 -1.40052259 -2.59608817
v -19.55376053 2.57353616 -5.20056295
v -19.48082542 1.39931142 -4.92528963
v -19.47640228 -0.36820659 -5.02081728
v -19.92870903 0.18023270 -3.22528338
v -15.89765644 -1.22890007 0.62234920
v -17.42988396 1.83123791 0.71226805
v -0.90819377 11.40081787 6.87533140
v -2.46841788 12.74334717 6.09832954
v -4.64636993 12.43913746 5.64793205
v -4.04374266 11.15984058 6.91403723
v -5.85960340 13.88421154 4.78710699
v -4.82123137 10.99806595 6.34229517
v -1.06280684 5.16542435 8.19596672
v -6.03349066 5.59534979 6.81961584
v -4.68547106 5.80136013 7.54454899
v -6.77374125 9.47463894 5.75623655
v -5.39565897 10.04879570 6.43992901
v -6.70844793 6.97923183 6.33903027
v -0.60328585 6.58295679 8.08084965
v -0.49354008 8.33151722 7.78647423
v -1.54923773 9.57637310 7.96831322
v -7.57877874 13.09105587 4.34359503
v -7.67121172 15.09536457 3.48884559
v -10.54644394 12.44366550 3.48948431
v -12.32104492 15.80729008 -0.11019342
v -11.30265713 12.45256615 2.73353386
v -9.06150532 5.70320034 5.54158306
v -12.06066132 6.91630173 3.86395741
v -8.42462158 8.01470757 5.64611530
v -12.39105797 11.94317436 2.05890536
v -16.22647285 6.94726658 -0.05403031
v -16.90006065 8.75859833 0.08541635
v -15.25624466 7.33379889 0.92125374
v -15.84299469 8.64095402 0.61992675
v -18.29552841 8.10296726 -3.62118959
v -17.88740540 7.35391569 -2.59672022
v -14.62820721 8.88403702 1.23227036
v -15.26761913 9.70449734 0.93125933
v -13.46281719 14.56274986 -0.31615105
v -17.76417732 11.78324223 -2.26063681
v -17.65653801 11.73100281 -3.60918283
v -18.06424141 10.57187843 -2.28359699
v -15.00873661 15.33291912 -2.29212809
v -14.49402714 16.51136971 -2.61788988
v -15.90155411 14.95449638 -2.95797539
v -16.82786369 13.55234051 -3.31849360
v -16.96962738 13.00635052 -2.56807256
v -10.25220680 18.36519623 -0.15456699
v -8.53068161 20.97761154 -0.54067177
v -7.27460814 22.99742889 -0.17451897
v -8.70104027 22.41938210 -1.89208138
v -9.26709461 21.60549164 -1.50684547
v -9.30353546 22.13315582 -2.06547475
v -8.19238663 23.72241402 -2.18053913
v -8.77418613 24.21305847 -3.91008854
v -13.14516449 17.34886551 -2.02189755
v -13.88263130 18.17440796 -3.41180897
v -11.51977921 21.29410553 -4.61801243
v -11.15467930 21.51049042 -4.01941299
v -13.22047043 19.32231522 -4.00119257
v -8.58081532 17.26779366 2.22640705
v -4.96944618 21.26177216 2.48865938
v -3.70544744 21.52270699 3.33966327
v -6.18454885 22.48597908 1.18842340
v -4.50417185 18.65729713 3.48630476
v -2.64874935 14.08674622 5.59082127
v -3.91366959 15.72671890 4.87241793
v -4.50168371 15.13744068 4.75129747
v -3.37599945 15.13449192 5.22082424
v -0.28511390 19.17350769 4.82460165
v -1.65255880 20.84798813 4.29156590
v -2.84596515 20.44997406 3.86644578
v -0.63909543 15.98939228 5.62378693
v -4.44215202 26.05893707 2.68073273
v -5.09680033 25.91860199 2.46086764
v -3.18441820 -25.80800629 -3.11414194
v -2.24726081 -24.59769630 -3.25551081
v -4.02589035 -24.10541916 -3.45849299
v -3.81103325 -25.54138374 -3.02780414
v -4.39109516 -24.76463127 -3.52913809
v -5.30634594 -25.24906158 -3.62282205
v -6.31133080 -24.33691788 -4.40952682
v -5.94839001 -25.10735130 -4.38846207
v -4.23516607 -28.31604576 -5.36795902
v -3.60125732 -28.51863289 -6.44079781
v -3.48595595 -28.25896072 -5.11534405
v -3.41337585 -29.34763718 -6.85185766
v -1.96204829 -28.15390205 -5.86739731
v -2.56733513 -27.92777443 -5.30160618
v -5.60135317 -27.84994125 -6.17704487
v -5.80936480 -28.13273239 -6.93641806
v -4.91075516 -28.18265533 -6.10995436
v -6.42181349 -29.08526611 -7.72496605
v -6.22939014 -26.54805374 -5.60872602
v -6.63265562 -26.03405380 -5.89742088
v -5.98562145 -27.42865372 -5.47275496
v -6.16714430 -26.08858681 -4.62054014
v -2.17964411 -26.71119690 -4.40805244
v -1.70487761 -26.72641563 -4.79595375
v -2.69072008 -26.24077606 -3.56705403
v -2.23915100 -27.40811539 -4.88558340
v -9.20698166 -25.31886292 -5.15586662
v -8.01070499 -24.16250420 -5.10170460
v -8.92848301 -23.61346054 -5.13361740
v -9.66442204 -24.79601669 -5.23841286
v -10.44270134 -23.30502319 -5.82984972
v -10.11293697 -24.14976120 -5.67349911
v -10.82091331 -24.12406158 -6.23802614
v -11.88802528 -24.02321625 -7.68412733
v -11.28833389 -24.37041092 -6.82962132
v -9.76021290 -27.79201508 -7.44781017
v -8.98714828 -28.24911308 -8.61472797
v -8.12982464 -28.26807213 -8.07389832
v -9.35851383 -27.79607010 -6.83088541
v -8.99807549 -28.86977768 -9.13141251
v -7.43006372 -28.00329208 -7.58478212
v -8.87042522 -27.60712051 -6.55262375
v -10.58457088 -27.21453285 -8.52236080
v -10.51000214 -27.61412621 -9.41191292
v -9.81276894 -28.05637360 -9.10026360
v -10.32968998 -27.60685921 -7.77583647
v -10.79500389 -28.62227058 -10.49441433
v -11.23946381 -25.81911850 -8.05694199
v -11.51232147 -25.22838593 -8.45124149
v -10.97542095 -26.59576416 -8.42346287
v -11.49550247 -25.35559654 -7.12720966
v -7.32895422 -26.44610023 -6.49340677
v -8.58906269 -26.66862869 -5.97294998
v -14.71425629 -23.76122665 -11.32024670
v -14.82031536 -22.79447365 -11.29044056
v -14.47664928 -23.84453583 -12.48179340
v -14.85091114 -24.84662628 -11.71183395
v -13.74797726 -25.32025909 -13.49462414
v -14.50646877 -25.94252968 -12.04596996
v -13.08631611 -26.84132385 -13.66119099
v -12.54377460 -28.31567764 -14.87571526
v -13.52769566 -26.65221786 -12.50849247
v -11.73163509 -27.36061478 -10.58320141
v -11.79272175 -26.51435089 -9.82898903
v -12.87216949 -23.30539131 -8.15046787
v -12.41960049 -27.61991882 -12.07066727
v -12.04570580 -27.61591530 -11.27832794
v -11.84354019 -28.37523651 -12.04059792
v -12.69091034 -27.50143051 -12.88154316
v -13.33179569 -26.96091652 -12.09699821
v -12.36462212 -28.29250526 -13.47103214
v -13.92007351 -22.66874504 -9.30187702
v -15.18723106 -24.11034393 -10.40991974
v -2.18762136 -33.64190292 -7.91007233
v -2.34147167 -32.98845673 -7.04648018
v -0.79381382 -32.94901276 -7.36055088
v -1.99867404 -32.68457413 -6.71395111
v -4.37255859 -33.41401291 -8.51024818
v -4.85188007 -34.48661423 -9.04360008
v -2.11318564 -30.35176659 -6.59454203
v -1.69874263 -29.88403130 -6.67353392
v -2.99610209 -30.42085838 -6.40101242
v -5.41861916 -30.04190826 -7.66946125
v -5.50387430 -31.60865974 -8.29912376
v -4.69695091 -32.54080963 -7.40112638
v -1.84411371 -31.66084290 -6.34442854
v -0.73299021 -31.72806358 -7.03736973
v -1.61901367 -30.80633736 -6.62634945
v -1.62901926 -32.16378403 -6.64167404
v -8.14272690 -33.56698990 -9.60396767
v -7.38919878 -34.05910873 -10.30694103
v -6.58622169 -33.94736481 -9.74915409
v -7.64270926 -33.46272278 -9.21211624
v -6.94534445 -34.59338379 -10.19998646
v -5.96871758 -33.56883621 -9.26519871
v -6.79117870 -33.18272400 -9.12522507
v -8.86002350 -33.21716309 -10.72370148
v -8.83980179 -33.71976089 -11.35205364
v -8.17279625 -34.02193069 -10.88768768
v -8.36679935 -33.53945160 -10.39836025
v -9.23770905 -35.06588364 -12.12027454
v -7.02478361 -30.06318283 -8.44610786
v -8.42140961 -29.63275719 -9.08651924
v -9.52150059 -30.83877754 -9.13270283
v -9.93725967 -29.85201263 -10.27397537
v -10.11941147 -30.77390099 -11.12448502
v -9.46968174 -32.96496964 -11.62073135
v -9.43197632 -32.67517471 -10.36518383
v -6.04649782 -32.28864288 -8.77271175
v -7.13568830 -32.67955017 -8.56712246
v -0.00563474 -35.28142929 -7.78810644
v -3.43171501 -35.18700409 -8.70362091
v -2.69872475 -35.83842087 -8.12387371
v -3.22675776 -35.96628571 -8.61504459
v -3.63904190 -37.03227615 -9.27212334
v -3.94092155 -37.64501953 -9.48824501
v -3.23939657 -40.20266342 -9.97991562
v -2.01801062 -39.36468887 -9.41235065
v -3.37768459 -36.59095001 -8.83695793
v -1.83682013 -38.81030273 -8.97798443
v -0.34487772 -39.25626373 -8.94341278
v 0.11823739 28.33412170 5.79314518
v -0.35265839 28.60587883 6.07592249
v -0.45499212 27.80762863 5.74045753
v -0.05476757 27.51322746 5.41114140
v -3.61227012 37.05570984 -2.85975266
v -1.56150770 38.98162079 -2.19972110
v -5.04721975 34.85583878 2.25805640
v -0.81928867 27.62289429 5.35906935
v -0.92999548 27.86468697 5.69203568
v -1.69516826 27.99982452 4.96192074
v -0.81938076 37.71686554 -4.34208107
v -3.81978130 30.89248085 4.43209171
v -7.21028233 28.28455353 -1.13266182
v -7.03488159 27.87140846 -0.46584693
v -7.87045860 27.91464233 -1.21170616
v -6.97686195 27.30819130 -0.22550811
v -5.49622869 24.06759644 1.89265406
v -5.59067631 24.52938271 2.18317223
v -0.79465640 33.57447052 -9.20013618
v -2.37388468 34.44561768 -7.52182579
v -2.22713327 23.20955086 4.17969179
v -4.32474232 31.62416458 -9.20326900
v -4.83630562 33.41676331 -6.46495628
v -1.27239811 25.15876007 4.49450874
v -1.72936499 24.78287888 4.73772383
v -6.35185337 31.85027885 -6.16502476
v -6.26360989 31.43062210 0.31803370
v -5.92628574 32.75249481 1.38958228
v -5.58507442 32.99582672 1.83403563
v 0.27354822 35.91594315 -6.96061611
v -1.63629973 29.27834892 5.33778429
v -0.98708016 29.94717216 5.83690643
v -0.82989329 29.51501465 6.00128174
v -3.50799942 28.75843811 4.17543316
v -4.58186197 29.42241478 2.95283127
v -6.33901739 32.70923233 -3.54895163
v -6.52854061 31.47336578 -1.72802591
v -4.72781086 37.21232605 0.33940098
v -4.30878592 37.89565659 0.02055095
v 0.73554426 39.16500092 -3.13991976
v -2.71227312 30.56161499 5.15131092
v -5.91340780 30.88041878 1.45764577
v -2.79535794 22.65144539 3.62413859
v -2.40171266 24.92093658 3.86121392
v -0.18325907 25.96188164 4.79928827
v -2.04807019 26.05798912 4.09421825
v -2.71942067 26.94385529 3.99160814
v -3.91166830 23.56424713 2.99096775
v -6.32976198 23.95080757 0.58790880
v -5.86780548 25.90087509 1.15959799
v -6.52026367 24.94728661 0.25133839
v -3.67913842 26.93308640 3.27396202
v -5.71357441 27.73176956 1.18182099
v -7.85361385 27.56421852 -2.91012287
v -8.23088169 26.61414337 -4.62285709
v -8.38891697 25.56918907 -4.27187061
v -7.25354338 24.45287895 -0.79097009
v -7.96762848 24.63276863 -2.30737352
v -6.50362301 29.53121376 -0.68920249
v -7.28377104 28.77604103 -2.54437494
v -7.32590008 28.41499519 -2.05504775
v -6.00568533 28.56771469 0.63074368
v 0.10950882 29.88219643 6.22338009
v -3.19799161 31.95702362 5.10283661
v -3.71345687 33.87729645 5.06270218
v -4.37972069 30.77142334 3.48363876
v -4.85611963 32.58443832 3.15170264
v -4.84024191 33.69753647 3.04734135
v -6.37378693 31.12946701 -0.90629798
v -1.51399910 -43.30097580 -10.30281353
v -0.47795239 -43.54411697 -9.89555264
v -0.66787475 -42.74915695 -9.33863449
v 0.79130912 -43.59693146 -9.79750729
v 0.03833730 -43.37170410 -9.44108677
v -4.37037468 -41.92774963 -10.71229553
v -4.27071190 -43.34863663 -10.87167931
v -3.74346876 -43.17317200 -10.90885735
v 1.29880774 -46.24445343 -11.02320862
v 1.35828841 -47.41481400 -11.66075325
v 2.20880628 -47.46802521 -11.80077076
v -0.04432914 -46.48936844 -11.41155243
v 0.55619037 -47.53331757 -12.04631329
v 0.54406184 -47.12055206 -11.54013252
v -6.80584764 -42.64690781 -11.49337482
v -8.73734951 -38.88069534 -11.56608200
v -9.06140041 -36.91744995 -11.66580868
v -5.38375759 -46.68135071 -14.50824547
v -8.94122791 -36.96874237 -12.68290615
v -0.57372320 -41.56932449 -9.32991219
v -1.86483908 -41.86917114 -9.98719883
v -0.01036107 -41.95396042 -9.00596046
v -6.42392015 -45.52270126 -13.49888897
v -4.88026476 -46.15139389 -13.05400848
v -6.55746889 -44.95785522 -12.70849895
v -4.19219446 -47.15765762 -14.00830746
v -1.86283469 -37.28750229 -7.23906183
v -1.68742049 -37.92738342 -7.39425421
v -2.45751047 -37.49129868 -7.49768066
v -2.60767365 -30.90681458 -6.12333059
v -3.08159757 -31.31545258 -5.70013237
v -7.71001005 -33.13616943 -8.60914612
v -8.55145645 -33.10112762 -8.06054878
v -9.25140095 -33.13048553 -9.85731983
v -9.63311577 -33.18495941 -8.99496841
v -8.90162659 -33.39747620 -9.59043407
v -9.18420601 -33.40821838 -8.53215599
v -11.61112022 -33.45887756 -13.77270126
v -10.05237675 -34.06237411 -13.42964077
v -11.23588276 -33.51459122 -13.30235863
v -9.89755344 -33.81002426 -12.69185829
v -11.35624027 -33.24036026 -12.76663685
v -11.88851261 -32.89803696 -14.63902950
v -10.73539162 -33.28646469 -15.67121410
v -11.51330185 -33.29931641 -14.38070011
v -11.02945137 -29.55890083 -11.47896671
v -11.51530361 -29.12128639 -11.95649815
v -11.94586086 -28.96541023 -12.69143677
v -12.16493034 -29.01301575 -13.60015678
v -12.80265713 -30.22116661 -13.38666916
v -12.19947624 -29.34393883 -14.39786816
v -11.58051109 -31.14842415 -15.53916645
v -12.17612171 -32.35225677 -14.69529819
v -10.00782585 -32.86896896 -12.17619991
v -10.83407879 -32.90657043 -18.93578339
v -10.28671932 -33.27877808 -18.94252396
v -11.48228455 -32.84027100 -18.36577797
v -10.74645042 -33.12089920 -17.23682976
v -9.81798172 -32.09996033 -20.52491188
v -10.02246571 -32.98366547 -19.75539970
v -10.64155006 -32.65031815 -19.55655098
v -9.17662239 -32.89740372 -21.14007187
v -12.21137810 -29.25430870 -15.99497414
v -12.17788506 -28.96551514 -16.67230225
v -12.20748043 -28.42052650 -16.85603714
v -11.96892643 -28.90327072 -17.55637741
v -11.54911137 -28.93412971 -18.58484840
v -11.61409569 -28.39846039 -18.55104065
v -11.06610394 -29.16331100 -19.46249962
v -10.04385948 -30.39891052 -20.70110130
v -11.49513435 -30.46161842 -19.83423424
v -11.45182037 -31.47552872 -16.39072227
v -12.44224453 -30.66304588 -16.92723465
v -14.96165752 -26.72399330 -11.40503025
v -15.89175892 -26.19343376 -11.00438499
v -12.73240757 -32.76848984 -12.36051464
v -13.64818382 -32.30107117 -12.87532902
v -13.42753410 -32.17378998 -12.43279171
v -13.76867294 -31.72537994 -12.74230766
v -12.77737999 -33.21768951 -12.87427616
v -12.98454857 -33.07876968 -13.69621086
v -13.60637093 -32.48585892 -13.41652775
v -13.43638134 -32.83221054 -13.03773594
v -13.42437458 -31.12967682 -17.89688301
v -12.80939770 -30.98622704 -19.79005051
v -12.21443272 -18.64014244 0.20169212
v -3.92483354 -19.68120003 2.52941918
v -4.55297565 -19.94540215 2.69804025
v -4.61927605 -10.94698429 7.40762997
v -5.15810442 -11.64340115 7.05501127
v -4.41837358 -12.41159534 6.94221115
v -5.34420872 -12.36009312 6.69681025
v -5.59908867 -13.11425304 5.62615681
v -5.76303625 -10.17482758 6.74279642
v -5.55848742 -10.87683964 7.10746145
v -3.57684898 -0.70186746 9.54904175
v -4.28882742 -0.61213291 9.40948963
v -3.95869470 -1.45702803 9.46315193
v -3.64099026 -2.27780437 9.39874744
v -2.61836386 -2.34731722 9.05418491
v -4.35992002 -2.26242733 9.24897861
v -5.07484722 -1.36434448 9.12775326
v -5.06758022 -2.16447759 9.00126076
v -4.98800945 -3.12796569 8.29154682
v -4.86662531 0.10627015 8.94270229
v -4.99459171 -0.58453852 9.15861225
v -5.41193104 0.19705793 8.38175583
v -5.72731876 -0.41354781 8.33815193
v -3.13976169 9.67827225 9.03780746
v -2.50287795 9.54577732 8.88972473
v -3.79876304 9.77822304 8.89372730
v -3.90197873 8.89583302 9.12269783
v -3.18325973 8.82916451 9.27330875
v -3.25551081 7.94961834 9.37905216
v -3.97128081 7.97721291 9.23834133
v -4.60637426 8.94649315 8.86086655
v -4.66703987 8.06273460 8.97250843
v -4.62296200 6.89318371 8.49650383
v -4.24638271 10.45102215 8.20186520
v -4.45018101 9.79065132 8.65506649
v -4.69695091 10.41800308 7.59826326
v -5.06184006 9.78612232 7.75772095
v -3.43774462 16.27739525 5.49750566
v -2.72533178 17.28209114 5.92398167
v -1.99598837 17.15952301 6.13733816
v -2.53110433 18.93030548 4.89105988
v -3.19473982 15.74009514 5.53658009
v -1.54924428 23.99712181 4.94903994
v -2.13456631 24.81060410 4.28377199
v -1.07397759 28.52956581 5.87055016
v -0.14526571 29.09048080 6.12720108
v -4.95675468 -27.62049675 -2.76913261
v -5.50640535 -27.57902527 -3.01845670
v -5.90910482 -27.61741638 -4.04308414
v -5.60535574 -28.17854691 -4.23574495
v -5.16563511 -28.31741524 -4.48046160
v -4.73455143 -28.47702980 -3.76916742
v -4.77436304 -26.10880852 -2.81163025
v -5.46127462 -26.55900764 -2.83506441
v -5.82647991 -26.23929977 -3.48616672
v -5.92342901 -27.00378227 -3.35314465
v -12.36662292 -20.67723274 -2.49987626
v -12.19684315 -21.01147270 -1.82133770
v -10.83197212 -20.70930481 -0.57790321
v -11.55132389 -8.69192982 3.88333678
v -11.91637039 -10.16212273 3.82256579
v -12.60944366 -10.03852654 3.44366884
v -11.93975163 -11.27969742 3.40970254
v -10.92333984 -11.70169735 3.29426932
v -12.60875893 -11.20133781 3.03349161
v -11.82389736 -11.91457939 2.96734905
v -13.22800159 -10.67093468 2.71789336
v -13.20382977 -9.54293346 3.06045413
v -10.79721642 0.61770183 5.91858387
v -11.56254101 -0.14086850 5.87587595
v -12.32186127 -0.02870031 5.47322893
v -11.64484978 -1.31178868 5.72289515
v -12.39916706 -1.25080705 5.31887913
v -13.01474953 -0.14131612 4.93418932
v -13.60826683 0.67774868 3.98023295
v -10.61186218 10.23058224 5.21006775
v -10.56150436 9.16535282 5.50171852
v -9.52492237 8.80946922 5.64916945
v -11.45579624 10.28427029 4.66316938
v -11.83116436 8.18701458 4.50152540
v -11.26491261 11.37872696 4.02520561
v -7.57676458 19.05786324 2.50021863
v -7.57498693 20.06904984 1.33538091
v -5.22347021 24.94399643 2.56185842
v -5.76470804 25.42510796 1.90317309
v -5.21592665 26.27858734 2.09554410
v -4.04484844 29.63822174 4.25350475
v -15.70054531 -24.89791679 -10.76804161
v -14.42967510 -26.91910362 -11.35668755
v -15.49279785 -26.95828438 -10.74171162
v -17.78871727 -19.91854477 -6.22243881
v -16.46102524 -17.87897873 -4.32411051
v -16.75813866 -17.27590370 -4.29367208
v -17.54352760 -17.89783096 -4.26597261
v -17.56848907 -18.41001320 -4.28103352
v -17.85359573 -16.76740837 -5.50192928
v -18.30111122 -17.83484840 -4.74697924
v -19.75992966 -8.67244530 -1.40594673
v -20.14972687 -8.60756683 -1.85272372
v -20.16815758 -9.32881355 -1.97363365
v -19.76530075 -9.36536026 -1.50073683
v -19.66598129 -10.04321384 -1.73423624
v -18.37415123 -10.06338406 -1.54281306
v -20.04608917 -10.03341866 -2.18691134
v -20.40176201 -9.27499390 -2.50140357
v -20.26210594 -9.94916153 -2.67034030
v -20.03250313 -7.87062645 -2.47854853
v -20.37553787 -8.58302593 -2.37680721
v -19.78429794 -7.74982166 -3.42941093
v -18.96148109 -10.96288776 -3.81614113
v -19.33674431 -7.04648018 -2.99262643
v -18.33897400 2.41140580 0.50370371
v -19.88736916 -0.54262024 -2.72626662
v -20.41450691 -0.18420862 -1.93529642
v -20.38196182 -0.38347831 -1.39362407
v -19.74707985 2.68234706 -0.35567325
v -18.32143784 12.13986397 -0.75052637
v -18.53808594 11.29360008 -0.79086477
v -18.53608513 11.38249207 -0.10658612
v -18.29173660 12.22991467 -0.05708466
v -18.24676514 11.32066727 0.43161058
v -17.96639633 12.19136715 0.46868402
v -16.95688248 10.02241325 0.87433267
v -16.67372513 10.75719357 1.10030162
v -17.80830765 11.25747395 0.91914731
v -17.78113556 10.36423588 0.68796498
v -17.52941513 12.09246922 0.94389802
v -17.89182854 13.00234795 -0.06487851
v -17.70340729 12.89781570 -1.14738059
v -17.56227493 12.98159981 0.41033548
v -17.16120720 12.85057831 0.84310466
v -11.93047714 21.01367950 -1.69677436
v -10.73320675 21.52791977 -1.34425426
v -10.14374447 21.28009796 -1.31642282
v -12.02316666 19.09418678 -1.29820204
v -10.10830307 21.90597534 -1.87020719
v -8.47699356 26.99146080 -1.42996025
v -8.22882748 26.75095749 -0.82936013
v -8.15610313 27.55161667 -1.09645736
v -8.02839947 25.70263100 -1.32969344
v -6.28675127 31.83880424 1.61747992
v -5.97524738 32.00248337 2.28623009
v -5.66020203 32.16588974 2.53968811
v -21.36535645 -5.39597511 -11.71025467
v -21.17975235 -7.87099504 -12.53985786
v -21.59453773 -3.30385375 -12.70007324
v -20.75090599 -10.40078354 -12.02042866
v -21.65588760 -9.69975853 -11.01286316
v -20.40102577 -11.78808784 -11.68508244
v -20.93111229 -10.72296429 -11.06884193
v -19.63280487 -8.42040920 -7.39067316
v -20.11623383 -5.39249945 -7.48925495
v -19.31989288 -11.32456493 -8.23830700
v -19.43469429 -10.02141190 -7.71211672
v -20.16984367 -9.57000160 -8.04166985
v -19.71804428 -12.80918694 -10.31227970
v -20.72173119 -11.11160278 -10.52085018
v -20.51361465 -4.85303879 -8.40766525
v -21.08835793 -4.40981627 -10.19358826
v -21.38599968 -6.19263268 -10.33600998
v -20.06420517 1.64776659 -6.22401857
v -21.36893654 2.88999009 -6.84089088
v -20.04577446 4.76625299 -6.46573305
v -20.29675674 -1.41879606 -7.07291603
v -20.16510391 -0.02801572 -6.51049519
v -21.36072159 -0.76495552 -8.28812408
v -21.57031250 -1.30999815 -11.46948814
v -21.40516853 -1.86199212 -10.56740284
v -22.08454895 4.28603649 -9.44946003
v -21.38041687 5.20397234 -11.06905270
v -21.76768684 4.19319487 -10.45449734
v -20.34541512 5.32983255 -7.52917194
v -21.68619347 2.06705451 -12.28002167
v -21.67479324 0.01616697 -12.20995617
v -21.56399345 4.02109814 -11.92174149
v -22.41884041 3.11753869 -10.58683491
v -22.83017731 -9.94142056 -9.80544949
v -23.41166306 -9.50259495 -9.45804405
v -23.06620598 -9.46836472 -9.99318600
v -23.36352921 -9.51691914 -9.00231457
v -23.50392532 -8.93438148 -8.92437553
v -23.55321503 -8.93669891 -9.41486168
v -23.53225708 -8.36764240 -9.37884140
v -23.48580933 -8.34183884 -8.89562321
v -23.28948784 -8.91594982 -8.46769810
v -23.27653313 -8.34636688 -8.45326900
v -23.15994263 -9.47510624 -8.57512760
v -22.25890923 -7.10261679 -9.86311340
v -21.82382393 -10.46755695 -10.01351357
v -21.94441795 -10.17244434 -10.42342758
v -23.89224815 2.89794183 -7.61701059
v -23.24556923 2.81305194 -7.18360949
v -24.14007187 2.95755410 -8.21892738
v -24.29057693 2.23620200 -8.27243137
v -24.03074646 2.19744349 -7.63038635
v -24.03833008 1.46998262 -7.75729990
v -24.29005051 1.48040962 -8.37206554
v -23.62472916 0.77590901 -7.96804953
v -24.36503983 2.25842500 -8.94333363
v -24.35113716 1.53728354 -9.00431538
v -23.68792343 3.51312900 -8.88814449
v -24.22264290 2.94997096 -8.85633755
v -23.17321205 3.53140259 -9.62055588
v -23.86770821 2.91068578 -9.51386452
v -22.51821327 0.06930204 -8.17079544
v -5.50171852 -35.44093704 -9.26456642
v -6.32396936 -35.07683945 -9.61813354
v -7.20541143 -35.03702545 -10.16791534
v -7.99838257 -35.23208237 -10.73928833
v -8.55516911 -35.95269775 -9.44993305
v -8.62041569 -35.81893921 -11.16700268
v -9.07274818 -36.58073425 -9.53961563
v -6.31628084 -39.13224792 -8.53078651
v -4.37898350 -39.49110413 -9.83604527
v -4.25217533 -38.51992798 -9.54956818
v -5.17532492 -38.42787552 -8.99715328
v -4.90785885 -37.46860123 -9.05813503
v -4.90938616 -36.32016754 -9.20010948
v -6.37884235 -36.82803345 -8.19628334
v -6.20147943 -40.35063934 -10.58941555
v -5.18406677 -40.06300354 -10.23047733
v -6.59749079 -39.66773224 -9.09078503
v -6.65561581 -40.77841949 -10.90724468
v -9.29484749 -38.34677887 -9.57547760
v -8.39481544 -39.40484619 -11.04977894
v -8.89857197 -39.11505127 -9.87180233
v -7.88747835 -40.18549347 -11.00996685
v -8.78198051 -36.99149323 -11.18564415
v -9.15071392 -37.37639236 -9.86764240
v 1.34324050 -41.90161514 -9.27133369
v 0.54409474 -40.91849899 -9.11404800
v -1.81996858 -45.28857040 -11.33920479
v 0.06437823 -44.60264587 -10.51526833
v -6.08409786 -44.19678497 -11.94055462
v -3.69660687 -45.56403351 -12.17443657
v 2.01015425 -48.66899109 -12.83557034
v -1.55703151 -47.30807114 -12.63940811
v -2.80715394 -47.47126770 -13.52611542
v -2.46580458 -46.53737640 -12.41149044
v 3.55136108 -49.93385696 -13.78994751
v -13.83312988 -31.69578362 -13.21214962
v -12.83772945 -32.54910660 -18.72208405
v -13.33190155 -32.18553162 -18.69406700
v -13.62527657 -31.43574333 -18.49853706
v -13.35675716 -31.10608482 -19.45807457
v -6.73146105 -37.71684647 -7.71338034
v -8.37712097 -37.27459717 -6.78917789
v -8.17974758 -37.92464828 -6.77696037
v -8.38143921 -39.27203369 -7.40046787
v -10.06227779 -37.64638519 -8.12382126
v -4.96903133 -43.62650299 -11.02603531
v -5.59319067 -43.83380508 -11.29870796
v -5.48328686 -44.17789459 -11.63184261
v 0.62993240 -42.63918686 -9.11058521
v 1.54175317 -46.90915680 -11.21734619
v -21.65383339 -6.58190346 -14.39281273
v -21.58611107 -4.57563305 -14.23542118
v -21.68648338 -6.09384012 -14.87929630
v -21.50827789 -3.82917476 -15.68809128
v -21.13962364 -5.26953554 -16.97920990
v -21.56062317 -7.54813004 -14.06304836
v -20.77539444 -11.06152248 -13.56940365
v -21.28678513 -9.56799984 -16.69547272
v -21.09183502 -11.14530563 -14.67096806
v -22.44491005 -0.87757134 -16.09060669
v -22.01171875 -1.24206531 -15.17746353
v -21.69627953 -1.55645227 -13.80711555
v -21.51228142 -0.87491196 -17.24483299
v -21.04644012 -2.00354528 -17.47517395
v -21.32828331 -2.37922978 -16.76772308
v -22.09987450 -0.94558316 -16.70410919
v -21.44434738 5.47970629 -15.79559994
v -21.06276512 5.09106684 -17.19080353
v -22.07162094 3.84813285 -16.77548981
v -20.66591072 4.42848492 -18.35134888
v -21.60470200 4.58225489 -13.23974514
v -21.55967522 5.58292198 -14.41335011
v -21.76810837 0.16925286 -13.35180759
v -22.46626282 3.19621444 -14.30460548
v -20.65727615 2.04146123 -18.42955208
v -20.86518097 -0.53019220 -18.04875755
v -22.29208755 -0.19716325 -17.08790398
v -23.18069077 0.20337728 -16.79257965
v -22.55128479 0.43798259 -17.24035835
v -21.71386719 -10.46460819 -14.90457344
v -21.83351326 -9.36578178 -16.38340378
v -22.28672791 -7.81169891 -14.73223972
v -22.09366035 -7.24764538 -14.73216057
v -14.61757660 -24.99513245 -15.93655682
v -15.25845623 -25.87815094 -16.62395859
v -2.64996052 41.65624237 5.72697639
v -1.84155953 36.19857025 8.21465206
v -0.89497578 36.95905304 9.78538513
v -1.89238739 42.33453369 4.90376139
v -0.70376658 34.86194992 8.42649460
v -0.94957882 42.40050125 3.18121910
v -0.27692840 42.32750702 2.36134124
v 0.85130495 34.82219315 9.25819492
v 0.94562268 42.05281067 1.02247500
v -2.32384992 39.34041595 8.87472916
v -3.47458601 39.62623596 4.96962547
v -3.93492985 36.83053207 4.86170006
v 1.11536264 41.18500137 -0.57147855
v 0.44367161 32.92256165 7.80479860
v 0.13994037 32.85981369 7.79434681
v 0.35039890 31.79554176 7.28741455
v -2.88701463 39.80986404 0.64962763
v -3.05014563 33.37842941 5.78890419
v -2.81749535 33.86625290 6.36108208
v -2.10760355 33.33806610 6.74472380
v -2.59136200 34.55028534 6.66463757
v -2.10844612 34.49988556 7.08481741
v -2.47497749 32.87936401 6.20566463
v -3.95916891 39.14448929 2.57828879
v -0.47193152 32.55395508 7.33829355
v 0.41584516 32.34034348 7.63620567
v -2.53669310 33.54581451 6.57409000
v -14.56759453 -23.82926559 -13.54823303
v -14.58723736 -23.63326073 -14.52562332
v -13.87083530 -24.32949257 -16.33432388
v -13.07691574 -24.88322449 -17.83727074
v -13.91699219 -25.51934433 -17.59508324
v -12.29110718 -28.06184959 -17.22387505
v -12.57000065 -27.94641685 -16.25849152
v -12.83930874 -27.55388069 -15.41896725
v -11.69234943 -27.67215729 -18.92419624
v -11.95291710 -27.97380066 -18.16924667
v -13.21886444 -27.66481209 -17.73405647
v -13.25627995 -26.62988853 -14.68803024
v -13.90374851 -26.69387245 -15.39268875
v -12.25953674 -26.03131676 -18.71228981
v -13.43732834 -25.85945702 -18.04496574
v -19.80016136 -16.68593979 -10.91860008
v -20.24030304 -16.58246231 -10.21962833
v -8.47424889 27.35299873 -6.45804453
v -8.55208778 26.41532135 -7.75658894
v -8.24620533 26.76091003 -9.08404446
v -7.87075806 28.39582634 -4.52546024
v -7.57561874 29.46963310 -4.32707262
v -8.41015339 27.93264580 -5.71084881
v -8.57184887 28.05246353 -6.40630484
v -19.53432846 -14.98135281 -11.87729549
v -19.14779663 -16.36528778 -11.60830307
v -18.05618286 -17.85707283 -11.59508514
v -17.14003754 -18.92872620 -10.96689034
v -19.00605965 -15.49158669 -8.97003269
v -18.49637794 -14.42735767 -8.59661293
v -18.97991180 -13.95740986 -9.22222710
v -19.27650070 -15.00320816 -9.38463402
v -17.54689789 -16.97089005 -9.18757629
v -18.55251312 -16.15422249 -8.93027401
v -17.20017624 -18.22780609 -10.05490494
v -19.48819733 -16.52337646 -9.04612827
v -19.89790154 -15.87638187 -9.31491089
v -8.50115108 -32.09500885 -22.42526627
v -8.89491177 -31.51175880 -22.44698906
v -9.41128063 -28.84534264 -22.24026871
v -7.38284636 -29.51673317 -23.85851097
v -8.14920330 -29.65400696 -23.91336441
v -9.44129753 -29.38069534 -22.88641930
v -11.41058636 -27.23114777 -6.74707556
v -11.20228577 -27.65499115 -6.24919033
v -10.82502079 -27.78253555 -5.91458178
v -4.61511564 -20.69434738 2.47918057
v -3.74568057 -20.27142715 2.23019862
v -5.21829653 -20.66622734 2.35553217
v -5.20165539 -21.36314392 1.84598315
v -4.59447241 -21.36188126 1.99332893
v -4.60310888 -21.92851448 1.42385149
v -5.16837358 -21.94663048 1.27408326
v -5.78587818 -21.28352165 1.62312126
v -5.70562220 -21.84731102 1.08903205
v -5.80515194 -20.61282921 2.11034203
v -19.28661156 2.51972961 0.22970784
v -19.74455261 1.85651529 0.40685987
v -20.22734833 1.97173786 -0.18252346
v -20.37869644 1.14580083 -0.23665909
v -19.87862778 1.06038439 0.37958139
v -19.91538429 0.23012912 0.20558904
v -20.40270996 0.28616056 -0.39443183
v -20.70435333 1.21426022 -0.93252325
v -20.70730209 0.38642734 -1.05596089
v -20.55205727 2.00670481 -0.86090410
v 5.17479801 43.90479279 28.14884567
v 5.61767817 44.56911087 30.79464722
v -21.61399651 -17.79214096 -34.05205154
v -21.69290733 -17.81104660 -33.30273819
v -21.20000458 -18.37060356 -33.51365662
v -18.73830414 -17.73537254 -33.38726044
v -19.24553490 -18.24958038 -33.17779922
v -19.10619354 -18.34608269 -33.95568466
v -22.23754311 -17.23815918 -33.15636826
v -20.96449852 -17.42498779 -32.06414795
v -18.54635239 -17.06146812 -33.19473267
v -24.14171982 -16.68018723 -32.73948288
v -24.70133209 -15.88923168 -32.72909927
v -22.34601212 -16.94424438 -32.26315308
v -22.69265366 -17.35966110 -34.00104904
v -23.22466278 -17.08882523 -34.30885315
v -15.73451328 -14.96128941 -33.28014374
v -15.84855080 -15.97475243 -32.79037094
v -15.51438904 -15.68501091 -33.35545349
v -15.49142838 -15.72240067 -33.85625839
v -17.59181786 -17.21131516 -34.07003784
v -17.76717949 -17.18627357 -33.32975388
v -16.92697144 -17.39333725 -33.90786743
v -16.93149948 -17.33667564 -33.40727234
v -16.93807602 -16.96364975 -32.75119781
v -17.52941513 -16.34948921 -32.07783890
v -16.08365631 -14.41535091 -33.12416458
v -21.29305267 12.69085789 -34.38300323
v -21.29821396 12.51385021 -33.95497131
v -22.40430641 12.60380840 -34.14162827
v -23.14566994 13.47427082 -33.05968094
v -22.28975296 12.93235779 -33.23266220
v -23.55595398 13.74558067 -33.48047256
v -18.86126709 13.12191486 -34.40035248
v -18.31884384 13.08415127 -34.14923859
v -17.11623573 14.91465759 -32.91046524
v -16.96778297 14.68197441 -33.59742737
v -17.35741043 14.07895184 -33.26755905
v -17.31334686 13.82591534 -34.09939957
v -17.55305862 14.61072445 -32.61050797
v -16.99995995 15.20800686 -33.41348648
v -25.77151299 16.46802902 -34.02677536
v -25.91917419 16.57640457 -33.50780106
v -25.93667030 15.68564701 -33.88712692
v -24.26216698 14.00183010 -34.12238312
v -24.82105827 14.37135315 -34.34887695
v -25.07052612 14.27697086 -33.95324707
v -25.61626816 14.87982273 -34.12556839
v -25.54900551 15.30440331 -34.31650543
v -24.08756828 13.99348354 -33.53065491
v -20.17300224 -18.63161087 -34.11345673
v -20.31858444 -18.56099319 -33.46351242
v -20.84590721 -18.59664536 -34.07385635
v -20.16720963 -18.36356735 -32.80229950
v -19.50620842 -18.52534103 -34.09049606
v -20.94638443 -18.37588882 -34.35896301
v -20.17911148 -18.00652504 -32.40302277
v -19.53548813 -17.92363548 -32.45652771
v -20.82895088 -17.99430656 -32.42777252
v -15.65667915 -16.20172119 -33.37915039
v -15.63540459 -16.15327454 -34.00444794
v -16.00087166 -16.70821762 -33.39663315
v -16.03215408 -16.72759628 -34.04973602
v -16.44627953 -17.12244987 -33.40748215
v -16.53496170 -17.20101929 -34.03520203
v -16.84692574 -17.07747650 -34.33410645
v -16.94961548 -16.67188072 -32.40902710
v -16.49904633 -16.21530914 -32.35204697
v -16.11756897 -15.69891357 -32.37542725
v -15.82656384 -15.89218044 -34.29671860
v -23.58668137 -17.44934273 -33.77431870
v -24.05439186 -17.12397575 -33.36619568
v -24.28646851 -16.99679947 -33.95968628
v -24.76297188 -16.31905174 -33.44502640
v -24.70775795 -16.51210594 -33.91724014
v -24.90534210 -15.64414597 -33.26045227
v -24.64572334 -16.31030846 -34.19834518
v -25.37954330 14.81173134 -33.43075943
v -25.89189529 15.47963238 -33.66836548
v -23.17547607 13.10153580 -33.74985886
v -22.78246689 12.83509636 -34.33558273
v -17.76825905 13.42429543 -33.76510239
v -18.27480698 13.38015270 -33.24419022
v -17.48328400 13.83723736 -34.34326935
v -19.24753571 12.91271877 -33.71028137
v -11.00269985 -27.28404617 -7.43185425
v -3.51597285 -27.23040962 -2.99757671
v -3.46015191 -28.15506172 -4.02046633
v -4.16718006 -28.42858315 -3.62529731
v -10.11314774 -26.51129532 -4.76677990
v -4.33406305 -27.99123192 -2.88277531
v -3.31617641 -27.85657692 -3.66173863
v -4.39309645 -27.25150108 -2.44358158
v -5.59145308 -27.97359085 -5.07737494
v -9.99086857 -27.44244957 -5.25126219
v -15.93588829 -25.89958382 -9.22443867
v -16.23911095 -25.87904739 -9.66352749
v -16.12409973 -26.41787529 -9.83794117
v -15.75505066 -26.61783028 -9.48806095
v -15.93220234 -26.84706306 -10.01667309
v -16.22152328 -26.37806320 -10.37129307
v -16.01466942 -26.78397560 -10.49620533
v -16.35549355 -25.84924126 -10.19782734
v -16.05985260 -25.67524719 -10.81701660
v -10.63607311 -26.00753975 -4.72854805
v -10.71106243 -27.34055138 -5.03240252
v -10.81196117 -26.62241173 -4.68441772
v -17.97461128 -17.89193344 -4.40973759
v -18.20758438 -18.63076973 -4.45239305
v -18.52197075 -18.62423897 -4.78278875
v -18.40906525 -19.20235252 -5.00596666
v -18.09836578 -19.18644905 -4.65376902
v -17.88635063 -19.69526100 -4.96931458
v -18.17672539 -19.71685219 -5.31803656
v -18.57273674 -19.13241959 -5.40461159
v -18.33439255 -19.62574768 -5.70625448
v -18.68121910 -18.57368469 -5.17858982
v -17.18427277 -16.91159439 -4.52190542
v -9.87764740 -39.00872803 -8.18185425
v -9.84447098 -33.07308197 -8.49202824
v -9.52776718 -33.12563705 -8.13688087
v -9.67005730 -32.69318390 -7.97247314
v -10.00571918 -32.66474915 -8.35510921
v -10.07165146 -32.20775604 -8.26463699
v -9.75210381 -32.20996857 -7.89095402
v -9.22201633 -32.67053986 -7.70558643
v -9.31417370 -32.20838928 -7.64481592
v -9.10826874 -33.08403778 -7.87768316
v -11.59924507 -18.79012108 0.44677699
v -11.68950653 -19.56381989 0.29827261
v -12.29100132 -19.46586990 0.04233954
v -12.19568539 -20.16110229 -0.35693711
v -11.59861279 -20.22945595 -0.08215135
v -11.50161171 -20.82178879 -0.58569705
v -12.04707527 -20.78460884 -0.85279429
v -12.70239067 -20.04040146 -0.75200087
v -12.51207256 -20.64368820 -1.19846189
v -12.79602146 -19.37150002 -0.36831191
v -11.16615963 -17.88024330 0.27784011
v -19.94561195 -16.47018814 -9.33249950
v -22.66192627 -8.35600471 -15.90229130
v -22.71679878 -8.51833248 -15.52413082
v -22.69689369 -8.56520081 -15.13038445
v -22.58962250 -9.29742718 -15.85710812
v -15.35714245 -26.53330803 -16.55486870
v -15.25308514 -26.63568306 -17.06710243
v -15.05455208 -27.20989799 -16.68694115
v -14.95407486 -27.29721069 -17.19101334
v -14.96650314 -26.76788712 -17.56730461
v -22.13357735 -6.87912273 -15.08098793
v -23.66580391 1.15549040 -15.74241161
v -23.04335022 -0.10400572 -15.66062927
v -23.63405037 2.45774746 -15.61565685
v -23.61564636 1.69197559 -16.26575851
v -23.42190552 1.58378339 -16.82320213
v -8.67814541 -30.28652000 -23.68215561
v -9.21880436 -30.40171432 -23.16515541
v -8.84412003 -31.19613457 -23.21808052
v -2.65643787 -32.47474670 -5.83738041
v -4.32647991 -32.54304886 -5.92579842
v -3.84821177 -32.40460205 -5.69948721
v -4.46102953 -31.88230896 -5.76460266
v -3.30553889 -32.32616425 -5.58734560
v 0.03579640 -42.60501099 -9.07793522
v -2.71110010 47.60744858 29.56995964
v -2.77081776 47.31591797 27.79980850
v -2.40724540 46.36485672 27.95842361
v -2.33351994 46.63679886 29.71656799
v -2.38681293 47.12528229 26.32171631
v -2.06041932 46.22993851 26.52646255
v -1.32079363 45.67794418 26.63873482
v -1.74487376 45.71891403 28.01845741
v -2.15257621 47.95164108 31.06890678
v -1.79553378 47.02111816 31.20529747
v -2.76734209 48.28435516 27.59843254
v -2.70362234 48.60263824 29.35784149
v -2.40134740 48.04463959 26.17731857
v -2.15247083 48.90544128 30.86173630
v -1.33295846 49.13156509 31.85661125
v -1.36518705 46.21298218 25.77530479
v -1.67978466 47.11138153 25.54327965
v -1.70464063 48.02726364 25.42078972
v -0.82888615 45.51279831 27.85868454
v -8.97756386 -33.61570358 -21.35261154
v -8.33646679 -33.51964951 -22.19445229
v -8.78145313 -34.03857040 -22.46218300
v -7.69347477 -33.71913147 -22.89421463
v -8.26663876 -34.25079727 -23.01575661
v -9.54946327 -34.47471237 -20.01523018
v -9.37694550 -33.93904114 -20.58207512
v -8.79030037 -38.03892517 -22.44253922
v -8.14930916 -35.67206573 -23.92558289
v -7.30304480 -36.45866776 -23.74901009
v -7.83123589 -34.81627274 -23.43746567
v -9.98523426 -35.69381714 -21.22375107
v -9.74041271 -36.82897949 -7.82575941
v -11.31024075 -35.83168411 -22.75687408
v -10.55139351 -37.45417404 -23.51540375
v -11.49055290 -36.33133316 -23.58818245
v -11.20828915 -36.93851471 -23.68844986
v -11.04072094 -36.83572006 -24.17756653
v -7.31057596 -38.50665665 -7.42890549
v -9.75147152 -37.44037628 -6.96948957
v -9.23644543 -37.37528610 -6.64277983
v -9.69207001 -38.22618484 -6.94663429
v -9.11880016 -38.09169006 -6.61655474
v -8.92216396 -38.76164246 -6.80318546
v -9.48953533 -38.92952728 -7.11609793
v -9.89534187 -38.99693298 -7.51126719
v -10.10029888 -38.34077454 -7.38761854
v -10.10777664 -37.57086945 -7.41163206
v -10.69210434 -36.65235519 -24.54682541
v -9.30011272 -36.44866180 -24.38399696
v -11.60661793 -35.72941589 -23.44673538
v -21.28714180 -17.61081505 -19.41123390
v -21.06531906 -18.30721855 -20.04221916
v -20.13990593 -19.60513115 -20.04622078
v -18.20210838 -21.06044769 -17.42230225
v -21.63899040 -18.01533127 -21.52972412
v -20.75884438 -18.55810928 -22.03415298
v -22.15643120 -18.00668144 -22.15032387
v -22.78337479 -17.19905853 -22.43191528
v -22.53443336 -17.67254829 -22.07554436
v -8.46016788 28.54430580 -6.54814768
v -8.28812408 28.99985123 -5.92922163
f 2 3 4
f 2 4 5
f 1 2 5
f 6 8 7
f 7 3 9
f 10 1 11
f 10 11 12
f 12 11 13
f 12 13 14
f 7 8 15
f 3 7 4
f 16 17 18
f 17 19 18
f 11 1 5
f 11 5 21
f 13 11 21
f 13 21 22
f 23 24 25
f 23 25 26
f 24 27 28
f 24 28 25
f 25 28 19
f 25 19 17
f 26 25 17
f 26 17 16
f 18 19 9
f 18 9 29
f 20 18 29
f 20 29 10
f 28 27 6
f 28 6 7
f 19 28 7
f 19 7 9
f 33 34 35
f 33 35 36
f 32 33 36
f 31 30 12
f 31 12 14
f 30 20 12
f 12 20 10
f 20 40 39
f 41 36 42
f 36 43 42
f 44 45 42
f 44 42 43
f 46 41 42
f 46 42 45
f 43 37 47
f 43 47 44
f 23 26 49
f 23 49 50
f 26 16 51
f 26 51 49
f 49 51 52
f 49 52 53
f 50 49 53
f 50 53 54
f 16 18 39
f 16 39 51
f 18 20 39
f 51 39 52
f 55 56 57
f 55 57 48
f 56 55 58
f 56 58 59
f 59 58 60
f 59 60 61
f 61 60 62
f 61 62 63
f 63 62 64
f 55 65 58
f 58 65 66
f 58 66 60
f 67 69 68
f 71 73 72
f 72 8 6
f 70 68 74
f 70 74 75
f 68 69 76
f 68 76 74
f 74 76 77
f 74 77 78
f 75 74 78
f 75 78 79
f 80 73 71
f 8 72 81
f 72 73 82
f 72 82 81
f 81 82 83
f 8 81 15
f 84 85 86
f 84 86 55
f 73 80 87
f 73 87 82
f 80 70 75
f 80 75 87
f 87 75 79
f 87 79 88
f 82 87 88
f 82 88 83
f 89 90 91
f 89 91 92
f 92 91 93
f 92 93 94
f 95 96 97
f 95 97 98
f 96 99 100
f 96 100 97
f 97 100 27
f 97 27 24
f 98 97 24
f 98 24 23
f 93 91 68
f 93 68 70
f 91 90 68
f 68 90 67
f 94 93 101
f 94 101 102
f 101 99 96
f 102 101 96
f 102 96 95
f 27 100 72
f 27 72 6
f 100 99 71
f 100 71 72
f 46 84 48
f 46 48 41
f 99 101 71
f 101 93 70
f 101 70 80
f 71 101 80
f 48 57 103
f 48 103 36
f 57 56 104
f 57 104 103
f 103 104 32
f 36 103 32
f 64 105 106
f 64 106 107
f 105 95 98
f 105 98 106
f 106 98 23
f 106 23 50
f 107 106 50
f 107 50 54
f 41 48 36
f 56 59 108
f 56 108 109
f 59 61 110
f 59 110 108
f 108 110 111
f 108 111 112
f 109 108 112
f 113 89 92
f 113 92 114
f 114 92 94
f 94 102 115
f 94 115 62
f 102 95 105
f 102 105 115
f 115 105 64
f 115 64 62
f 32 104 116
f 104 56 109
f 104 109 116
f 116 109 117
f 32 116 117
f 32 117 118
f 119 120 121
f 119 121 122
f 120 34 123
f 120 123 121
f 121 123 124
f 121 124 125
f 122 121 125
f 122 125 126
f 127 128 129
f 127 129 130
f 128 38 131
f 128 131 129
f 129 131 132
f 130 129 132
f 130 132 133
f 38 34 120
f 38 120 134
f 134 120 119
f 135 52 39
f 60 66 62
f 52 135 136
f 52 136 137
f 135 119 122
f 135 122 136
f 136 122 126
f 136 126 138
f 137 136 138
f 132 131 39
f 132 39 139
f 133 132 139
f 133 139 140
f 34 38 35
f 38 37 35
f 35 37 36
f 36 37 43
f 9 3 2
f 9 2 29
f 29 2 1
f 29 1 10
f 149 143 142
f 149 142 148
f 150 145 143
f 151 152 145
f 151 145 150
f 153 154 155
f 153 155 151
f 151 155 152
f 156 154 153
f 147 146 156
f 143 149 150
f 157 158 160
f 158 159 160
f 162 163 164
f 162 164 161
f 161 164 159
f 161 159 158
f 165 166 167
f 166 168 167
f 168 162 167
f 162 161 167
f 167 161 158
f 167 158 169
f 169 158 157
f 169 157 160
f 169 160 171
f 171 160 172
f 170 169 171
f 170 171 172
f 170 172 173
f 176 177 175
f 174 176 175
f 175 177 178
f 175 178 179
f 180 181 182
f 183 184 181
f 180 183 181
f 181 184 185
f 182 181 185
f 182 185 187
f 187 185 186
f 187 186 188
f 189 190 191
f 189 192 190
f 192 193 190
f 190 193 183
f 191 190 183
f 191 183 180
f 167 169 195
f 169 194 195
f 165 167 195
f 165 195 196
f 198 199 197
f 199 200 197
f 159 164 163
f 163 197 200
f 162 201 202
f 201 203 202
f 203 198 197
f 202 203 197
f 202 197 163
f 162 202 163
f 205 207 206
f 188 186 209
f 159 163 200
f 198 210 199
f 199 210 200
f 160 159 200
f 211 212 174
f 176 174 212
f 176 212 213
f 165 214 215
f 165 216 214
f 174 175 216
f 179 215 214
f 179 214 175
f 175 214 216
f 178 218 217
f 178 217 179
f 218 188 217
f 188 209 217
f 217 209 219
f 219 209 2868
f 179 217 215
f 219 2868 208
f 219 208 204
f 215 217 221
f 217 219 204
f 217 204 221
f 221 204 220
f 215 221 220
f 215 220 165
f 165 220 222
f 165 222 166
f 166 222 223
f 166 223 168
f 220 204 222
f 204 205 222
f 222 205 206
f 222 206 223
f 223 206 201
f 168 223 201
f 168 201 162
f 213 189 191
f 213 191 224
f 224 191 180
f 213 224 176
f 224 225 176
f 224 180 225
f 225 180 182
f 225 182 187
f 225 187 226
f 226 187 188
f 226 188 218
f 177 176 226
f 176 225 226
f 226 218 178
f 177 226 178
f 198 203 227
f 201 206 203
f 227 203 206
f 213 228 189
f 189 228 229
f 192 189 230
f 216 165 174
f 174 165 196
f 212 211 231
f 212 231 228
f 213 212 228
f 211 174 231
f 169 170 232
f 169 232 194
f 170 173 233
f 170 233 232
f 228 231 234
f 229 228 234
f 174 235 231
f 231 235 234
f 238 241 242
f 238 242 236
f 241 239 242
f 236 242 229
f 236 229 234
f 243 236 234
f 194 232 244
f 244 232 245
f 245 232 233
f 245 233 246
f 1386 244 245
f 247 249 248
f 249 244 248
f 248 244 1386
f 1386 245 250
f 250 245 246
f 250 246 251
f 252 253 255
f 256 257 258
f 254 256 258
f 259 260 261
f 259 261 262
f 263 264 265
f 266 268 267
f 268 196 195
f 268 195 267
f 267 195 194
f 267 194 244
f 273 274 275
f 276 244 249
f 276 249 247
f 279 280 281
f 279 281 282
f 278 279 283
f 285 286 287
f 284 285 288
f 289 196 268
f 1462 1463 289
f 1462 289 268
f 1462 268 266
f 274 291 292
f 274 292 293
f 291 294 295
f 291 295 292
f 292 295 296
f 292 296 297
f 293 292 297
f 293 297 298
f 299 300 1463
f 196 289 300
f 196 300 174
f 289 1463 300
f 174 300 299
f 303 234 235
f 303 235 302
f 235 174 299
f 302 235 299
f 304 230 189
f 304 306 230
f 305 304 189
f 242 239 305
f 229 242 305
f 229 305 189
f 236 237 307
f 238 236 307
f 308 310 309
f 310 311 312
f 310 312 309
f 309 312 313
f 309 315 316
f 315 317 316
f 316 317 318
f 309 316 318
f 309 318 319
f 309 319 308
f 315 320 317
f 320 322 323
f 320 323 317
f 322 324 323
f 317 323 325
f 317 325 321
f 321 325 326
f 317 321 318
f 321 326 318
f 318 326 327
f 318 327 319
f 324 328 329
f 324 329 323
f 329 330 325
f 323 329 325
f 328 331 329
f 331 332 333
f 329 331 333
f 329 333 330
f 330 333 334
f 330 334 335
f 333 332 336
f 333 336 334
f 334 336 337
f 334 337 338
f 335 334 338
f 325 335 326
f 325 330 335
f 326 335 338
f 326 338 327
f 331 339 340
f 331 340 332
f 339 341 342
f 339 342 340
f 340 342 343
f 332 340 345
f 332 345 336
f 340 343 345
f 345 343 344
f 345 344 346
f 336 345 346
f 336 346 337
f 341 347 348
f 341 348 342
f 342 348 349
f 347 350 348
f 347 351 350
f 350 1386 349
f 348 350 349
f 349 1386 352
f 352 353 354
f 342 349 355
f 342 355 343
f 349 352 355
f 355 352 354
f 343 355 354
f 343 354 344
f 356 357 358
f 356 358 359
f 359 358 360
f 359 360 361
f 357 362 358
f 358 362 364
f 358 364 360
f 360 364 365
f 365 351 347
f 361 360 365
f 361 365 366
f 366 365 347
f 366 347 341
f 367 368 369
f 367 370 371
f 367 371 368
f 368 371 372
f 369 368 372
f 369 372 373
f 374 375 376
f 377 379 378
f 378 380 381
f 378 381 382
f 383 385 384
f 311 387 312
f 312 388 313
f 313 389 314
f 314 389 390
f 391 392 393
f 399 400 401
f 398 399 401
f 403 404 405
f 403 405 406
f 402 403 407
f 411 412 413
f 410 411 413
f 415 416 417
f 414 415 417
f 418 419 420
f 418 421 422
f 418 422 419
f 419 422 423
f 420 419 423
f 420 423 424
f 422 421 423
f 427 428 429
f 430 433 431
f 431 433 434
f 437 438 439
f 437 439 440
f 442 443 444
f 442 444 445
f 441 442 445
f 446 447 439
f 449 450 451
f 448 449 451
f 452 454 453
f 453 455 456
f 457 458 459
f 458 460 459
f 456 455 462
f 462 463 464
f 466 467 468
f 465 466 468
f 473 474 475
f 473 475 476
f 472 473 476
f 477 478 479
f 480 481 482
f 481 483 484
f 482 481 484
f 482 484 485
f 486 487 488
f 487 480 482
f 487 482 488
f 488 482 485
f 486 488 489
f 490 491 492
f 491 493 494
f 491 494 495
f 492 491 495
f 496 497 498
f 497 499 500
f 498 497 500
f 501 502 503
f 501 503 504
f 502 505 503
f 503 505 506
f 503 506 507
f 504 503 507
f 504 507 508
f 509 510 511
f 510 512 513
f 510 513 514
f 511 510 514
f 511 514 515
f 516 517 518
f 517 509 511
f 517 511 518
f 518 511 515
f 518 515 519
f 516 518 519
f 516 519 520
f 521 522 523
f 521 523 524
f 522 525 523
f 523 525 526
f 523 526 527
f 524 523 527
f 524 527 528
f 530 531 532
f 530 532 533
f 529 530 533
f 535 536 537
f 534 535 538
f 542 543 544
f 541 542 544
f 545 546 547
f 546 548 549
f 546 549 547
f 547 549 550
f 545 547 551
f 552 553 554
f 553 555 556
f 553 556 557
f 554 553 557
f 558 559 560
f 559 561 562
f 560 559 562
f 564 552 554
f 563 564 565
f 566 568 567
f 567 568 569
f 567 569 570
f 566 567 570
f 566 570 571
f 572 573 574
f 573 575 576
f 573 576 574
f 574 576 577
f 578 579 580
f 578 581 582
f 578 582 579
f 579 582 575
f 579 575 573
f 580 579 573
f 580 573 572
f 583 584 585
f 583 585 586
f 584 587 568
f 584 568 585
f 585 568 566
f 586 585 566
f 588 589 590
f 589 591 590
f 594 595 596
f 594 596 597
f 598 600 599
f 599 601 602
f 599 602 603
f 604 605 606
f 608 610 609
f 609 611 612
f 613 614 615
f 614 616 617
f 614 617 615
f 615 617 618
f 612 611 619
f 622 623 624
f 622 624 625
f 621 622 625
f 621 625 626
f 627 628 629
f 627 629 630
f 628 631 629
f 629 631 632
f 630 629 632
f 633 634 635
f 634 636 637
f 634 637 638
f 635 634 638
f 635 638 639
f 640 642 641
f 641 628 627
f 643 644 645
f 650 651 652
f 653 654 656
f 657 370 367
f 657 367 658
f 658 367 659
f 658 659 660
f 661 663 662
f 662 664 665
f 660 659 666
f 659 367 369
f 659 369 666
f 666 369 373
f 666 373 667
f 668 669 670
f 669 671 672
f 669 672 670
f 670 672 673
f 668 670 673
f 668 673 674
f 675 676 677
f 675 677 678
f 676 679 677
f 677 679 680
f 677 680 681
f 678 677 681
f 682 683 684
f 682 684 685
f 683 686 687
f 683 687 684
f 684 687 688
f 684 688 689
f 685 684 689
f 690 691 692
f 690 692 693
f 691 675 678
f 691 678 692
f 692 678 681
f 693 692 681
f 693 681 694
f 698 696 695
f 698 695 697
f 699 700 701
f 706 707 705
f 707 704 705
f 708 709 710
f 708 711 712
f 708 712 709
f 709 712 713
f 710 709 713
f 356 717 718
f 356 718 719
f 717 720 718
f 719 718 721
f 719 721 722
f 720 723 718
f 723 724 725
f 723 725 718
f 718 725 726
f 718 726 721
f 721 726 727
f 727 728 729
f 722 721 730
f 721 727 730
f 730 727 729
f 730 729 731
f 730 731 732
f 732 731 733
f 731 729 733
f 729 728 733
f 733 735 734
f 734 735 736
f 733 734 736
f 733 736 738
f 736 737 739
f 738 736 739
f 738 739 740
f 341 741 742
f 341 742 366
f 366 742 743
f 366 743 361
f 741 744 742
f 742 744 745
f 742 745 743
f 743 745 746
f 743 746 747
f 746 724 723
f 747 746 723
f 747 723 720
f 361 743 748
f 361 748 359
f 743 747 748
f 748 747 720
f 748 720 717
f 359 748 717
f 359 717 356
f 331 749 339
f 331 750 751
f 750 752 751
f 331 751 749
f 749 751 744
f 339 749 744
f 339 744 741
f 339 741 341
f 324 753 328
f 328 753 754
f 753 755 756
f 753 756 757
f 753 757 754
f 754 757 752
f 754 752 750
f 331 754 750
f 328 754 331
f 758 759 760
f 759 761 762
f 759 762 760
f 760 762 763
f 761 759 764
f 758 766 759
f 759 766 764
f 767 768 769
f 768 765 764
f 768 764 769
f 769 764 766
f 770 771 772
f 770 772 773
f 771 774 775
f 771 775 772
f 772 775 776
f 773 772 776
f 778 779 780
f 776 775 781
f 782 783 784
f 783 785 784
f 784 785 786
f 767 787 788
f 740 739 789
f 739 737 789
f 737 788 789
f 788 787 789
f 313 314 790
f 313 790 309
f 791 792 790
f 791 790 314
f 793 794 795
f 794 309 790
f 794 790 792
f 794 792 791
f 393 796 391
f 796 791 314
f 796 314 391
f 391 314 390
f 794 791 797
f 797 791 796
f 796 393 798
f 797 796 798
f 795 794 797
f 797 798 799
f 799 798 801
f 393 802 798
f 802 801 798
f 393 803 802
f 802 803 801
f 804 805 803
f 800 801 803
f 309 794 315
f 315 794 806
f 794 793 807
f 794 807 808
f 794 808 806
f 809 811 812
f 809 812 810
f 810 812 813
f 809 810 813
f 809 813 814
f 811 815 812
f 815 816 817
f 812 815 817
f 812 817 813
f 695 696 805
f 695 805 818
f 696 698 805
f 818 805 804
f 819 820 821
f 800 803 698
f 698 803 805
f 823 824 825
f 823 825 826
f 824 827 825
f 825 827 828
f 825 828 829
f 826 825 829
f 826 829 830
f 831 832 833
f 832 834 835
f 833 832 835
f 833 835 836
f 838 839 840
f 838 840 841
f 842 843 844
f 843 831 833
f 843 833 844
f 844 833 836
f 844 836 845
f 842 844 845
f 842 845 846
f 847 848 849
f 848 850 851
f 848 851 849
f 849 851 852
f 849 852 853
f 847 849 853
f 847 853 854
f 855 856 857
f 856 858 857
f 860 861 862
f 861 863 862
f 864 865 866
f 864 866 867
f 865 868 869
f 865 869 866
f 866 869 870
f 867 866 870
f 758 760 871
f 758 871 872
f 324 873 874
f 324 874 753
f 874 873 871
f 753 874 871
f 753 871 760
f 875 876 877
f 875 877 873
f 876 872 871
f 876 871 877
f 877 871 873
f 315 806 320
f 806 808 879
f 806 879 320
f 320 879 880
f 320 880 878
f 878 881 873
f 878 880 882
f 878 882 881
f 881 882 875
f 881 875 873
f 320 878 322
f 322 878 873
f 322 873 324
f 884 885 886
f 884 886 887
f 883 884 888
f 889 890 891
f 890 892 893
f 890 893 894
f 891 890 894
f 891 894 895
f 827 898 899
f 898 889 891
f 898 891 899
f 899 891 895
f 827 899 828
f 901 902 904
f 905 906 907
f 905 907 908
f 905 908 909
f 903 905 909
f 903 909 910
f 904 902 911
f 902 903 911
f 911 903 910
f 904 911 912
f 914 915 916
f 914 916 917
f 913 914 917
f 913 917 918
f 919 920 921
f 919 921 922
f 915 919 922
f 915 922 916
f 922 921 923
f 922 923 924
f 916 922 924
f 916 924 925
f 917 916 925
f 917 925 926
f 918 917 926
f 918 926 927
f 928 929 931
f 932 933 934
f 930 932 934
f 930 934 935
f 929 930 935
f 929 935 936
f 931 929 936
f 931 936 937
f 939 940 941
f 939 941 942
f 938 939 942
f 938 942 943
f 944 945 946
f 944 946 947
f 940 944 947
f 940 947 941
f 947 946 948
f 947 948 949
f 941 947 949
f 941 949 950
f 942 941 950
f 942 950 951
f 943 942 951
f 943 951 952
f 953 954 956
f 955 957 903
f 957 958 906
f 957 906 905
f 903 957 905
f 954 955 903
f 954 903 902
f 956 954 902
f 956 902 901
f 959 960 961
f 959 961 962
f 933 959 962
f 963 913 918
f 963 918 964
f 960 963 964
f 960 964 961
f 964 918 927
f 964 927 965
f 961 964 965
f 961 965 966
f 962 961 966
f 967 968 969
f 967 969 970
f 945 967 970
f 945 970 946
f 971 928 931
f 971 931 972
f 968 971 972
f 968 972 969
f 972 931 937
f 972 937 973
f 969 972 973
f 969 973 974
f 970 969 974
f 970 974 975
f 946 970 975
f 946 975 948
f 976 977 978
f 979 938 943
f 979 943 980
f 977 979 980
f 977 980 978
f 980 943 952
f 980 952 981
f 978 980 981
f 978 981 982
f 976 978 982
f 976 982 983
f 958 976 983
f 958 983 906
f 984 985 986
f 984 986 987
f 920 984 987
f 920 987 921
f 988 953 956
f 988 956 989
f 985 988 989
f 985 989 986
f 989 956 901
f 989 901 990
f 986 989 990
f 986 990 991
f 987 986 991
f 987 991 992
f 921 987 992
f 921 992 923
f 993 994 988
f 993 988 985
f 994 995 988
f 988 995 953
f 993 985 984
f 993 984 920
f 996 998 997
f 999 1001 979
f 999 979 977
f 1001 1002 938
f 1001 938 979
f 997 976 958
f 997 999 977
f 997 977 976
f 1153 1003 1004
f 1009 1010 971
f 1009 971 968
f 1010 1008 928
f 1010 928 971
f 1011 1012 967
f 1011 967 945
f 1012 1009 968
f 1012 968 967
f 1015 1016 960
f 1016 1017 913
f 1016 913 963
f 960 1016 963
f 1013 1014 959
f 1014 1015 960
f 1014 960 959
f 1013 959 933
f 1018 996 957
f 1018 957 955
f 996 997 958
f 996 958 957
f 1018 955 954
f 995 1018 954
f 995 954 953
f 1019 1020 1021
f 1020 1022 1023
f 1020 1023 1024
f 1021 1020 1024
f 1022 1020 1025
f 1020 1019 1026
f 1020 1026 1027
f 1025 1020 1027
f 1022 1028 944
f 1022 944 940
f 1028 1011 945
f 1028 945 944
f 1002 1029 939
f 1002 939 938
f 1029 1022 940
f 1029 940 939
f 1010 1009 1030
f 1006 1013 932
f 1006 932 930
f 932 1013 933
f 1008 1007 929
f 1008 929 928
f 1007 1006 930
f 1007 930 929
f 1032 993 920
f 1032 920 919
f 1032 919 915
f 1032 915 914
f 1017 1032 914
f 1017 914 913
f 1034 1035 1036
f 1034 1036 1037
f 1033 1034 1037
f 1038 1039 1040
f 1038 1040 1041
f 1035 1038 1041
f 1035 1041 1036
f 1033 1037 1042
f 1037 1036 1043
f 1042 1037 1043
f 1045 1046 1047
f 1045 1047 1048
f 1044 1045 1048
f 1044 1048 1049
f 1046 1050 1051
f 1046 1051 1052
f 1046 1052 1047
f 1047 1052 1053
f 1047 1053 1054
f 1052 1051 1055
f 1052 1055 1053
f 1053 1055 1056
f 1053 1056 1057
f 1054 1053 1057
f 1054 1057 1058
f 1049 1048 1059
f 1049 1059 1060
f 1048 1047 1054
f 1048 1054 1059
f 1059 1054 1058
f 1059 1058 1061
f 1060 1059 1061
f 1060 1061 875
f 908 1062 1063
f 908 1063 1064
f 1062 1065 1066
f 1062 1066 1063
f 1063 1066 1067
f 1064 1063 1068
f 1063 1067 1068
f 808 1068 1067
f 1070 1071 1072
f 1070 1072 1073
f 1069 1070 1073
f 1069 1073 1074
f 1075 912 1076
f 1075 1076 1077
f 1071 1075 1077
f 1071 1077 1072
f 1072 1077 1078
f 1072 1078 1079
f 1077 1076 1078
f 1079 1078 1080
f 1079 1080 1081
f 1074 1073 1082
f 1074 1082 1083
f 1073 1072 1079
f 1073 1079 1082
f 1082 1079 1081
f 1083 1082 1081
f 1083 1081 1084
f 1085 1086 1087
f 1085 1087 1088
f 1039 1085 1088
f 1039 1088 1040
f 1089 1069 1074
f 1089 1074 1087
f 1086 1089 1087
f 1087 1090 1091
f 1087 1074 1083
f 1087 1083 1090
f 1090 1083 1084
f 1040 1088 1092
f 1088 1087 1091
f 1088 1091 1092
f 1093 1094 1095
f 1050 1093 1095
f 1050 1095 1051
f 1096 1033 1042
f 1096 1042 1097
f 1094 1096 1097
f 1094 1097 1098
f 1051 1095 1099
f 1051 1099 1055
f 1095 1094 1099
f 1099 1094 1098
f 1099 1098 1100
f 1055 1099 1100
f 1055 1100 1056
f 1101 1102 1103
f 1101 1103 1104
f 1065 1101 1104
f 1065 1104 1066
f 1105 1044 1049
f 1105 1049 1106
f 1102 1105 1106
f 1102 1106 1103
f 1103 1106 1107
f 1106 1049 1060
f 1106 1060 875
f 1106 875 882
f 1107 1106 882
f 1107 882 880
f 1066 1104 1108
f 1066 1108 1067
f 1104 1103 1107
f 1104 1107 1108
f 1108 1107 880
f 1108 880 879
f 1067 1108 879
f 1067 879 808
f 966 965 1038
f 966 1038 1035
f 965 927 1039
f 965 1039 1038
f 933 962 1034
f 962 966 1035
f 962 1035 1034
f 933 1034 1033
f 974 973 1046
f 973 937 1050
f 973 1050 1046
f 948 975 1045
f 948 1045 1044
f 975 974 1046
f 975 1046 1045
f 983 982 1109
f 906 983 1109
f 906 1109 907
f 981 952 1065
f 981 1065 1062
f 982 981 1062
f 1109 982 1062
f 907 1109 1062
f 907 1062 908
f 990 901 904
f 990 904 1110
f 991 990 1110
f 1110 904 912
f 1110 912 1075
f 991 1110 1075
f 991 1075 1071
f 923 992 1070
f 923 1070 1069
f 992 991 1070
f 1070 991 1071
f 925 924 1089
f 925 1089 1086
f 924 923 1069
f 924 1069 1089
f 927 926 1085
f 927 1085 1039
f 926 925 1086
f 926 1086 1085
f 935 934 1096
f 935 1096 1094
f 934 933 1096
f 1096 933 1033
f 937 936 1093
f 937 1093 1050
f 936 935 1094
f 936 1094 1093
f 950 949 1105
f 950 1105 1102
f 949 948 1044
f 949 1044 1105
f 951 950 1102
f 951 1102 1101
f 952 951 1101
f 952 1101 1065
f 1113 799 801
f 1113 801 1111
f 1111 801 1112
f 1112 801 800
f 1112 800 1114
f 1112 1114 714
f 1130 1115 1116
f 1111 1112 1116
f 1115 1111 1116
f 1116 1112 714
f 1116 714 697
f 1116 697 701
f 1118 1119 1120
f 1117 1118 1120
f 1117 1120 1121
f 1119 1122 1120
f 1120 1122 1123
f 1123 716 715
f 1120 1123 715
f 1120 715 1124
f 1121 1120 1124
f 1119 1125 1122
f 1119 1130 1116
f 1119 1116 1125
f 1125 1116 701
f 1122 1125 1123
f 1123 1125 701
f 1123 701 716
f 1042 1043 1126
f 1043 1036 1127
f 1036 1041 1127
f 1043 1127 1128
f 1126 1043 1128
f 1126 1128 1129
f 1041 1040 1130
f 1127 1041 1130
f 1127 1130 1128
f 1128 1130 1119
f 1129 1128 1119
f 1080 1132 1131
f 1132 1133 1134
f 1132 1134 1131
f 1133 793 795
f 1133 795 1134
f 1131 1134 1135
f 1056 1100 1136
f 1056 1136 1137
f 1100 1098 1138
f 1100 1138 1136
f 1136 1138 1139
f 1137 1136 1139
f 1098 1097 1138
f 1097 1042 1126
f 1097 1126 1129
f 1138 1097 1119
f 1097 1129 1119
f 1137 1139 1117
f 1139 1138 1119
f 1139 1119 1118
f 1117 1139 1118
f 1040 1092 1130
f 1090 1084 1111
f 1091 1090 1111
f 1091 1111 1115
f 1130 1092 1115
f 1092 1091 1115
f 1081 1080 1131
f 1081 1131 1140
f 1140 1141 1113
f 1113 1141 799
f 1084 1081 1111
f 1081 1140 1113
f 1081 1113 1111
f 912 911 1142
f 911 910 1142
f 1142 910 1143
f 912 1142 1076
f 909 908 1064
f 909 1064 1144
f 910 909 1144
f 910 1144 1143
f 1143 1144 1145
f 1143 1145 1146
f 1144 1064 1147
f 1144 1147 1145
f 1145 1147 793
f 1145 793 1133
f 1146 1145 1133
f 1146 1133 1132
f 1076 1142 1078
f 1142 1143 1146
f 1142 1146 1078
f 1078 1146 1132
f 1078 1132 1080
f 1135 1140 1131
f 1141 1140 1135
f 1135 1134 1148
f 795 1148 1134
f 900 1149 995
f 900 995 994
f 900 994 993
f 1159 900 1150
f 1150 900 993
f 1151 1152 996
f 1151 996 1018
f 900 1151 1149
f 1149 1151 1018
f 1149 1018 995
f 900 1000 1151
f 1151 1000 998
f 1152 1151 998
f 1152 998 996
f 900 1153 1000
f 1153 1019 1000
f 900 1154 1003
f 900 1003 1153
f 1155 1156 1013
f 1155 1013 1031
f 1157 1158 1017
f 1157 1017 1016
f 1157 1016 1015
f 1155 900 1156
f 900 1157 1156
f 1156 1157 1015
f 1156 1015 1014
f 1156 1014 1013
f 900 1159 1157
f 1159 1150 993
f 1159 993 1032
f 1157 1159 1158
f 1158 1159 1032
f 1158 1032 1017
f 1137 1160 1161
f 1117 896 1137
f 1137 896 1160
f 896 704 1162
f 1160 896 1162
f 1160 1162 703
f 1161 1160 703
f 1161 703 702
f 1056 1137 1057
f 1137 1161 1057
f 1057 1161 702
f 1057 702 1163
f 1057 1163 1164
f 1058 1057 1165
f 1058 1165 1061
f 1165 1057 1164
f 1165 1164 1166
f 1061 1165 1166
f 1061 1166 875
f 1117 1121 896
f 896 1121 897
f 1121 1124 1167
f 1121 1167 897
f 706 897 1167
f 703 1162 704
f 800 698 1114
f 767 788 1170
f 767 1170 1171
f 737 1170 788
f 737 1169 1170
f 1173 1174 1175
f 1173 1175 1176
f 1172 1173 1176
f 1172 1176 1177
f 1178 1179 1180
f 1178 1180 1181
f 1174 1178 1181
f 1174 1181 1175
f 1175 1181 1182
f 1175 1182 1183
f 1181 1180 1184
f 1181 1184 1182
f 1182 1184 1185
f 1182 1185 1186
f 1183 1182 1186
f 1183 1186 1187
f 1177 1176 1183
f 1176 1175 1183
f 1191 1192 1193
f 1191 1193 1194
f 1190 1191 1194
f 1190 1194 1195
f 1194 1193 1196
f 1188 1189 1195
f 1189 1190 1195
f 1188 1195 1197
f 1199 1200 1201
f 1198 1199 1201
f 1198 1201 1202
f 1203 1204 1205
f 1203 1205 1206
f 1200 1203 1206
f 1200 1206 1207
f 1201 1200 1207
f 1201 1207 1208
f 1202 1201 1208
f 1209 1210 1212
f 1213 1214 1215
f 1213 1215 1216
f 1213 1216 1217
f 1211 1213 1217
f 1210 1211 1218
f 1212 1210 1218
f 1212 1218 1219
f 1220 1221 1222
f 1220 1222 1223
f 1192 1220 1223
f 1192 1223 1193
f 1224 1172 1177
f 1224 1177 1225
f 1221 1224 1225
f 1221 1225 1222
f 1222 1225 1183
f 1222 1183 1226
f 1225 1177 1183
f 1183 1187 1227
f 1226 1183 1227
f 1226 1227 1228
f 1193 1223 1229
f 1223 1222 1226
f 1223 1226 1229
f 1229 1226 1228
f 1229 1228 1230
f 1193 1229 1230
f 1193 1230 1196
f 1233 1188 1197
f 1233 1197 1234
f 1232 1233 1234
f 1232 1234 1235
f 1231 1232 1235
f 1231 1235 1236
f 1204 1231 1236
f 1204 1236 1205
f 1237 1238 1239
f 1237 1239 1240
f 1214 1237 1240
f 1214 1240 1215
f 1241 1198 1202
f 1241 1202 1242
f 1238 1241 1242
f 1238 1242 1239
f 1242 1202 1208
f 1239 1242 1208
f 1240 1239 1208
f 1240 1208 1243
f 1215 1240 1243
f 1215 1243 1216
f 1244 1245 1246
f 1244 1246 1247
f 1179 1244 1247
f 1179 1247 1180
f 1248 1209 1212
f 1248 1212 1249
f 1245 1248 1249
f 1245 1249 1246
f 1246 1249 1250
f 1249 1212 1219
f 1249 1219 1251
f 1250 1249 1251
f 1250 1251 1252
f 1180 1247 1253
f 1180 1253 1184
f 1247 1246 1250
f 1247 1250 1253
f 1253 1250 1252
f 1253 1252 1254
f 1184 1253 1254
f 1184 1254 1185
f 1256 1257 1258
f 1256 1258 1259
f 1255 1256 1259
f 1255 1259 1260
f 1261 1262 1263
f 1261 1263 1264
f 1257 1261 1264
f 1257 1264 1258
f 1258 1264 1248
f 1258 1248 1245
f 1264 1263 1209
f 1264 1209 1248
f 1260 1259 1244
f 1260 1244 1179
f 1259 1258 1245
f 1259 1245 1244
f 1265 1267 1266
f 1269 1270 1271
f 1270 1268 1272
f 1270 1272 1271
f 1269 1271 1273
f 1268 1270 1241
f 1268 1241 1238
f 1270 1269 1198
f 1270 1198 1241
f 1265 1266 1237
f 1265 1237 1214
f 1266 1268 1238
f 1266 1238 1237
f 1275 1276 1277
f 1378 1278 1279
f 1281 1282 1233
f 1281 1233 1232
f 1282 1283 1188
f 1282 1188 1233
f 1274 1284 1231
f 1274 1231 1204
f 1284 1281 1232
f 1284 1232 1231
f 1285 1286 1287
f 1285 1287 1288
f 1285 1288 1289
f 1290 1291 1292
f 1290 1292 1293
f 1286 1290 1293
f 1286 1293 1287
f 1287 1293 1224
f 1293 1292 1224
f 1224 1292 1172
f 1287 1224 1221
f 1288 1287 1221
f 1288 1221 1220
f 1289 1288 1220
f 1289 1220 1192
f 1294 1295 1296
f 1294 1296 1297
f 1262 1294 1297
f 1262 1297 1263
f 1295 1265 1298
f 1295 1298 1296
f 1296 1298 1213
f 1296 1213 1211
f 1298 1265 1214
f 1298 1214 1213
f 1263 1297 1210
f 1263 1210 1209
f 1297 1296 1211
f 1297 1211 1210
f 1267 1299 1300
f 1301 1302 1303
f 1302 1378 1304
f 1276 1275 1203
f 1276 1203 1200
f 1275 1274 1204
f 1275 1204 1203
f 1269 1305 1199
f 1269 1199 1198
f 1305 1276 1200
f 1305 1200 1199
f 1306 1307 1308
f 1306 1308 1309
f 1307 1283 1310
f 1307 1310 1308
f 1285 1289 1306
f 1306 1289 1191
f 1306 1191 1190
f 1191 1289 1192
f 1283 1307 1189
f 1283 1189 1188
f 1307 1306 1190
f 1307 1190 1189
f 1311 1312 1313
f 1311 1313 1314
f 1291 1311 1314
f 1291 1314 1292
f 1315 1255 1260
f 1315 1260 1316
f 1312 1315 1316
f 1312 1316 1313
f 1313 1316 1178
f 1313 1178 1174
f 1316 1260 1179
f 1316 1179 1178
f 1314 1313 1174
f 1314 1174 1173
f 1292 1314 1173
f 1292 1173 1172
f 1317 1318 1325
f 1317 1325 724
f 1318 1319 1326
f 1318 1326 1325
f 1325 1326 726
f 1325 726 725
f 724 1325 725
f 752 1327 751
f 751 1327 744
f 1328 744 1327
f 1330 1329 1320
f 1331 1332 1329
f 1330 1320 1333
f 1333 1320 1321
f 1328 1334 1335
f 1328 1335 744
f 1334 1336 746
f 1334 746 745
f 1336 1317 724
f 1336 724 746
f 1335 1334 745
f 1335 745 744
f 1218 1211 1337
f 1219 1218 1338
f 1217 1216 1339
f 1211 1217 1337
f 1337 1217 757
f 1217 1339 757
f 757 1339 752
f 1337 757 756
f 1338 1218 1340
f 1338 1340 1341
f 1218 1337 1340
f 1340 1337 756
f 1340 756 755
f 1341 1340 755
f 1341 755 753
f 1208 1207 1342
f 1206 1205 1343
f 1207 1206 1342
f 1342 1206 1334
f 1206 1343 1317
f 1206 1317 1336
f 1334 1206 1336
f 1342 1334 1328
f 1344 1329 1330
f 1344 1330 1345
f 1344 1345 1324
f 1347 1348 1349
f 1324 1345 1350
f 1345 1330 1333
f 1345 1333 1350
f 1350 1333 1322
f 1350 1322 1323
f 1324 1350 1323
f 1351 1187 1352
f 1351 1352 1353
f 1351 1353 1354
f 1186 1185 1355
f 1186 1355 1356
f 1187 1186 1356
f 1187 1356 1352
f 1352 1356 1357
f 1352 1357 1358
f 1356 1355 1359
f 1356 1359 1357
f 1357 1359 761
f 1357 761 764
f 1358 1357 764
f 1358 764 765
f 1354 1353 1360
f 1354 1360 1361
f 1353 1352 1358
f 1353 1358 1360
f 1360 1358 765
f 1360 765 768
f 1361 1360 768
f 1361 768 767
f 1185 1254 1355
f 1251 1219 1338
f 1252 1251 1362
f 1252 1362 1363
f 1251 1338 1341
f 1251 1341 1362
f 1362 1341 753
f 1362 753 760
f 1363 1362 760
f 1363 760 763
f 1355 1254 1364
f 1355 1364 1359
f 1254 1252 1363
f 1254 1363 1364
f 1364 1363 763
f 1364 763 762
f 1359 1364 762
f 1359 762 761
f 1243 1208 1365
f 1243 1365 1366
f 1216 1243 1366
f 1216 1366 1339
f 1208 1342 1365
f 1365 1342 1327
f 1342 1328 1327
f 1339 1366 1367
f 1366 1365 1327
f 1366 1327 1367
f 1339 1367 1327
f 1339 1327 752
f 1205 1236 1368
f 1205 1368 1343
f 1236 1235 1369
f 1236 1369 1368
f 1368 1369 1371
f 1368 1371 1319
f 1368 1319 1318
f 1343 1368 1318
f 1343 1318 1317
f 1230 1228 1372
f 1228 1227 1351
f 1228 1351 1372
f 1227 1187 1351
f 1351 1354 1361
f 1372 1351 1361
f 1372 1361 1171
f 1171 1361 767
f 1196 1230 1170
f 1230 1372 1171
f 1230 1171 1170
f 1383 1168 1373
f 1383 1373 1262
f 1383 1262 1261
f 1383 1261 1257
f 1374 1383 1257
f 1374 1257 1256
f 1374 1256 1255
f 1168 1299 1375
f 1375 1376 1265
f 1375 1265 1295
f 1168 1375 1373
f 1373 1375 1295
f 1373 1295 1294
f 1373 1294 1262
f 1375 1299 1376
f 1376 1299 1267
f 1376 1267 1265
f 1378 1302 1301
f 1299 1378 1377
f 1377 1378 1301
f 1377 1301 1299
f 1299 1168 1380
f 1381 1285 1278
f 1299 1380 1381
f 1299 1381 1278
f 1299 1278 1378
f 1382 1291 1290
f 1382 1290 1286
f 1380 1382 1286
f 1380 1286 1285
f 1381 1380 1285
f 1168 1383 1380
f 1383 1374 1255
f 1383 1255 1315
f 1383 1315 1312
f 1380 1383 1384
f 1380 1384 1382
f 1384 1383 1312
f 1384 1312 1311
f 1382 1384 1311
f 1382 1311 1291
f 251 1385 250
f 1385 353 352
f 1385 352 250
f 250 352 1386
f 350 351 1386
f 248 1386 247
f 1396 1397 1398
f 1408 1409 1410
f 1415 1416 1417
f 1416 1418 1417
f 1417 1418 1419
f 1420 1421 1422
f 1421 1423 1422
f 1422 1424 1425
f 1427 1418 1416
f 1427 1416 1415
f 1428 1429 1430
f 1429 1431 1430
f 1433 1434 1435
f 1434 1436 1435
f 1435 1436 1437
f 1438 1440 1439
f 1439 1431 1429
f 1438 1439 1429
f 1438 1429 1428
f 1400 1441 1442
f 1400 1399 1443
f 1400 1443 1441
f 1441 1443 1444
f 1442 1441 1444
f 1442 1444 1445
f 152 1446 301
f 1447 1448 1449
f 1448 1450 1451
f 1448 1451 1449
f 1449 1451 1452
f 1454 1455 1456
f 141 1461 1460
f 1458 141 1460
f 302 299 301
f 144 301 299
f 141 1469 1461
f 154 1465 1464
f 1464 1466 1452
f 152 301 145
f 144 145 301
f 146 141 1467
f 146 1467 156
f 144 143 145
f 144 1468 143
f 1468 1469 143
f 1462 1469 1468
f 1463 1462 1468
f 144 1463 1468
f 146 148 141
f 148 142 143
f 148 143 1469
f 141 148 1469
f 1458 1457 141
f 144 299 1463
f 148 146 1470
f 150 149 1472
f 1471 150 1472
f 153 151 1473
f 147 156 1474
f 146 1474 1470
f 146 147 1474
f 148 1470 1472
f 149 148 1472
f 151 1475 1473
f 151 150 1471
f 151 1471 1475
f 156 153 1473
f 156 1473 1474
f 1478 1470 1474
f 1478 1474 1479
f 1476 1478 1479
f 1476 1470 1478
f 1480 1472 1476
f 1472 1470 1476
f 1481 1471 1472
f 1481 1472 1480
f 1481 1473 1475
f 1481 1475 1471
f 1482 1473 1481
f 1483 1482 1481
f 1483 1474 1482
f 1482 1474 1473
f 1476 1479 1483
f 1479 1474 1483
f 1483 1477 1476
f 1480 1476 1477
f 1481 1484 1483
f 1483 1484 1477
f 1481 1480 1477
f 1481 1477 1484
f 307 239 1485
f 307 1485 238
f 237 1486 307
f 307 1486 240
f 307 240 239
f 239 241 1485
f 241 238 1485
f 305 239 1486
f 1486 239 240
f 304 305 1486
f 237 304 1487
f 304 1486 1487
f 1487 1486 237
f 695 700 699
f 704 896 705
f 897 705 896
f 706 705 897
f 715 1488 1167
f 1489 1488 715
f 706 1167 1488
f 715 1167 1124
f 701 700 715
f 701 715 716
f 1489 715 700
f 695 1490 700
f 1489 700 1490
f 697 695 699
f 697 699 701
f 698 697 1114
f 697 714 1114
f 1491 1492 1493
f 1491 1493 1494
f 1492 1495 1496
f 1492 1496 1493
f 1494 1493 1497
f 1495 1498 1499
f 1495 1499 1496
f 1498 583 1500
f 1498 1500 1499
f 1499 1500 1501
f 572 574 1502
f 572 1502 1503
f 574 577 1504
f 574 1504 1502
f 1502 1504 1503
f 577 1506 1507
f 577 1507 1504
f 1506 1491 1494
f 1506 1494 1507
f 1507 1494 1497
f 578 580 1508
f 580 572 1503
f 580 1503 1508
f 1508 1503 1505
f 1508 1505 1509
f 571 1510 1508
f 571 1508 1511
f 1510 578 1508
f 1508 1509 1512
f 1511 1508 1512
f 1511 1512 732
f 583 586 1513
f 583 1513 1500
f 586 566 1514
f 586 1514 1513
f 1513 1514 1515
f 1513 1515 1516
f 1500 1513 1516
f 1500 1516 1501
f 566 1517 1514
f 566 571 1511
f 566 1511 1517
f 1517 1511 732
f 1517 732 1518
f 1514 1517 1518
f 1514 1518 1515
f 597 1519 1520
f 597 1520 1521
f 1519 1522 1523
f 1519 1523 1520
f 1521 1520 1524
f 1522 1525 1526
f 1522 1526 1523
f 1525 588 1527
f 1525 1527 1526
f 1526 1527 1497
f 598 599 1528
f 599 603 1529
f 599 1529 1528
f 1528 1529 1530
f 1531 1532 1533
f 1531 1533 1534
f 1532 598 1528
f 1532 1528 1533
f 1533 1528 1530
f 1533 1530 1535
f 1534 1533 1535
f 1534 1535 1505
f 592 1536 1503
f 592 1503 1537
f 1536 1531 1534
f 1536 1534 1503
f 1503 1534 1505
f 1537 1503 1504
f 588 590 1538
f 588 1538 1527
f 590 592 1537
f 590 1537 1538
f 1538 1537 1504
f 1538 1504 1507
f 1527 1538 1507
f 1527 1507 1497
f 603 1539 1540
f 603 1540 1529
f 1539 593 1541
f 1539 1541 1540
f 1540 1541 1529
f 593 594 1542
f 593 1542 1541
f 594 597 1521
f 594 1521 1542
f 1542 1521 1524
f 1543 1544 1545
f 1543 1545 1546
f 1544 608 1545
f 1546 1545 1547
f 608 609 1545
f 609 612 1548
f 609 1548 1545
f 1545 1548 1524
f 618 1549 1550
f 1549 604 1551
f 1549 1551 1550
f 1550 1551 1552
f 1550 1552 1553
f 613 615 1550
f 613 1550 1554
f 615 618 1550
f 1554 1550 1553
f 1554 1553 1530
f 620 1555 1529
f 620 1529 1556
f 1555 613 1554
f 1555 1554 1529
f 1529 1554 1530
f 1556 1529 1541
f 612 619 1557
f 612 1557 1548
f 619 620 1556
f 619 1556 1557
f 1557 1556 1541
f 1557 1541 1542
f 1548 1557 1542
f 1548 1542 1524
f 607 1558 1559
f 607 1559 1560
f 1558 1543 1546
f 1558 1546 1559
f 1559 1546 1547
f 604 606 1561
f 604 1561 1551
f 606 607 1560
f 606 1560 1561
f 1551 1561 1552
f 548 546 1562
f 546 545 1562
f 545 1564 1562
f 1564 1565 1566
f 1564 1566 1562
f 1562 1566 1567
f 555 553 1545
f 555 1545 1568
f 553 552 1569
f 553 1569 1545
f 1545 1569 1547
f 558 1570 1545
f 558 1545 1571
f 1570 555 1568
f 1570 1568 1545
f 1571 1545 1524
f 561 559 1571
f 561 1571 1572
f 559 558 1571
f 1565 1573 1574
f 1565 1574 1566
f 1573 561 1572
f 1573 1572 1574
f 1566 1574 1567
f 563 1575 1576
f 563 1576 1577
f 1575 548 1562
f 1575 1562 1576
f 1576 1562 1563
f 1576 1563 1578
f 1577 1576 1578
f 552 564 1579
f 552 1579 1569
f 564 563 1577
f 564 1577 1579
f 1579 1577 1580
f 1569 1579 1580
f 1569 1580 1547
f 541 1581 1582
f 1581 531 1583
f 1581 1583 1582
f 531 530 1583
f 530 529 1583
f 534 1585 1586
f 534 1586 1523
f 1585 1587 1586
f 1586 1524 1520
f 1523 1586 1520
f 536 535 1526
f 536 1526 1588
f 535 534 1523
f 535 1523 1526
f 1588 1526 1497
f 539 1589 1588
f 539 1588 1590
f 1589 536 1588
f 529 540 1590
f 529 1590 1583
f 540 539 1590
f 1583 1590 1584
f 1587 1591 1592
f 1587 1592 1586
f 1591 543 1572
f 1591 1572 1592
f 1592 1572 1571
f 1586 1592 1571
f 1586 1571 1524
f 543 542 1593
f 543 1593 1572
f 542 541 1582
f 542 1582 1593
f 1593 1582 1567
f 1593 1567 1574
f 1572 1593 1574
f 509 517 1594
f 509 1594 1595
f 517 516 1596
f 517 1596 1594
f 1595 1594 1584
f 516 1597 1598
f 516 1598 1596
f 1597 1599 1600
f 1597 1600 1598
f 1598 1600 1601
f 525 522 1493
f 525 1493 1496
f 522 521 1602
f 522 1602 1493
f 1493 1602 1497
f 501 1603 1604
f 501 1604 1605
f 1603 525 1496
f 1603 1496 1604
f 1604 1496 1499
f 1605 1604 1499
f 1605 1499 1501
f 1599 1606 1607
f 1599 1607 1600
f 1606 505 1608
f 1606 1608 1607
f 1607 1608 1609
f 1600 1607 1609
f 1600 1609 1601
f 505 502 1610
f 505 1610 1608
f 502 501 1605
f 502 1605 1610
f 1610 1605 1501
f 1610 1501 1609
f 1608 1610 1609
f 521 1611 1612
f 521 1612 1602
f 1611 512 1613
f 1611 1613 1612
f 1612 1613 1590
f 1612 1590 1588
f 1602 1612 1588
f 1602 1588 1497
f 512 510 1614
f 512 1614 1613
f 510 509 1595
f 510 1595 1614
f 1614 1595 1584
f 1614 1584 1590
f 1613 1614 1590
f 480 487 1615
f 487 486 1615
f 486 1617 1615
f 1617 1618 1619
f 1617 1619 1615
f 1615 1619 1620
f 493 491 1562
f 491 490 1621
f 491 1621 1562
f 1562 1621 1563
f 496 1622 1623
f 496 1623 1624
f 1622 493 1562
f 1622 1562 1623
f 1624 1623 1562
f 1624 1562 1567
f 499 497 1625
f 499 1625 1626
f 497 496 1624
f 497 1624 1625
f 1625 1624 1567
f 1618 1627 1628
f 1618 1628 1619
f 1627 499 1626
f 1627 1626 1628
f 1619 1628 1620
f 483 481 1629
f 483 1629 1630
f 481 480 1615
f 481 1615 1629
f 1629 1615 1616
f 1629 1616 1631
f 1630 1629 1631
f 490 1632 1633
f 490 1633 1621
f 1632 483 1630
f 1632 1630 1633
f 1633 1630 1634
f 1621 1633 1634
f 1621 1634 1563
f 1635 1636 1637
f 1636 474 1638
f 1636 1638 1637
f 474 473 1639
f 474 1639 1638
f 473 472 1639
f 1639 472 1640
f 477 1641 1582
f 477 1582 1583
f 1641 471 1642
f 1641 1642 1582
f 1582 1642 1567
f 465 478 1643
f 465 1643 1644
f 478 477 1583
f 478 1583 1643
f 1644 1643 1583
f 1644 1583 1584
f 467 466 1644
f 466 465 1644
f 472 1645 1640
f 471 470 1646
f 471 1646 1642
f 470 469 1626
f 470 1626 1646
f 1646 1626 1625
f 1642 1646 1625
f 1642 1625 1567
f 469 1647 1628
f 469 1628 1626
f 1647 1635 1637
f 1647 1637 1628
f 1628 1637 1620
f 1648 1649 1650
f 1648 1650 1651
f 1649 1652 1653
f 1649 1653 1650
f 1651 1650 1640
f 1652 1654 1655
f 1652 1655 1653
f 1654 457 1656
f 1654 1656 1655
f 1655 1656 707
f 452 453 1594
f 452 1594 1596
f 453 456 1657
f 453 1657 1594
f 1594 1657 1584
f 1658 1659 1660
f 1658 1660 1661
f 1659 452 1596
f 1659 1596 1660
f 1660 1596 1598
f 1661 1660 1598
f 1661 1598 1601
f 457 459 1662
f 457 1662 1656
f 459 461 1663
f 459 1663 1662
f 1662 1663 1664
f 1656 1662 707
f 461 1665 1666
f 461 1666 1663
f 1665 1658 1661
f 1665 1661 1666
f 1666 1661 1601
f 1666 1601 1664
f 1663 1666 1664
f 456 462 1667
f 456 1667 1657
f 462 464 467
f 462 467 1667
f 1667 467 1644
f 1657 1667 1644
f 1657 1644 1584
f 464 1668 1669
f 464 1669 467
f 1668 1648 1651
f 1668 1651 1669
f 1669 1651 1640
f 1669 1640 1645
f 467 1669 1645
f 404 403 1670
f 404 1670 1671
f 403 402 1670
f 1671 1670 1672
f 402 1673 1670
f 1673 1674 1675
f 1673 1675 1670
f 1670 1675 1676
f 412 411 1615
f 411 410 1677
f 411 1677 1615
f 1615 1677 1616
f 398 1678 1615
f 398 1615 1679
f 1678 412 1615
f 1679 1615 1620
f 1674 1680 1681
f 1674 1681 1675
f 1680 400 1682
f 1680 1682 1681
f 1675 1681 1676
f 400 399 1683
f 400 1683 1682
f 399 398 1679
f 399 1679 1683
f 1683 1679 1620
f 410 409 1684
f 410 1684 1677
f 409 408 1685
f 409 1685 1684
f 1677 1684 1616
f 408 1686 1687
f 408 1687 1685
f 1686 404 1671
f 1686 1671 1687
f 1687 1671 1672
f 439 438 1688
f 438 437 1689
f 438 1689 1688
f 437 1690 1689
f 1690 1691 1689
f 443 442 1693
f 443 1693 1638
f 442 441 1693
f 1693 1620 1637
f 1638 1693 1637
f 448 1694 1639
f 1694 443 1638
f 1694 1638 1639
f 448 1639 1640
f 447 446 1681
f 447 1681 1682
f 446 439 1688
f 446 1688 1681
f 1681 1688 1676
f 441 1695 1693
f 1695 447 1682
f 1695 1682 1683
f 1693 1695 1683
f 1693 1683 1620
f 450 449 448
f 1691 1696 1689
f 1689 1696 1692
f 883 1697 1650
f 883 1650 1653
f 1697 1698 1699
f 1697 1699 1650
f 1650 1699 1640
f 885 884 1700
f 885 1700 1701
f 884 883 1653
f 884 1653 1700
f 1700 1653 1655
f 1701 1700 1655
f 1701 1655 707
f 1698 1702 1703
f 1698 1703 1699
f 1702 892 1704
f 1702 1704 1703
f 1703 1704 450
f 1703 450 448
f 1699 1703 448
f 1699 448 1640
f 892 890 1696
f 892 1696 1704
f 890 889 1705
f 890 1705 1696
f 1696 1705 1692
f 1704 1696 450
f 1706 1707 707
f 1707 885 1701
f 1707 1701 707
f 889 898 1708
f 889 1708 1705
f 898 827 1708
f 1705 1708 1692
f 827 824 1709
f 827 1709 1708
f 824 823 1710
f 824 1710 1709
f 1709 1710 1489
f 823 1711 1712
f 823 1712 1710
f 1711 1706 707
f 1711 707 1712
f 1712 707 706
f 1712 706 1488
f 1710 1712 1488
f 1710 1488 1489
f 820 819 1713
f 819 1714 1713
f 819 1715 1714
f 1715 1717 1718
f 1715 1718 1714
f 1717 711 1718
f 1714 1718 1719
f 1714 1719 1716
f 711 708 1718
f 1718 804 1719
f 809 1708 1720
f 809 820 1713
f 809 1713 1708
f 1708 1713 1692
f 811 809 1720
f 811 1720 1721
f 1720 1708 1709
f 1721 1720 1709
f 1721 1709 1489
f 708 1722 1723
f 708 1723 1718
f 1722 816 1723
f 1723 695 818
f 1718 1723 818
f 1718 818 804
f 816 815 1724
f 816 1724 1723
f 815 811 1721
f 815 1721 1724
f 1724 1721 1489
f 1724 1489 1490
f 1723 1724 1490
f 1723 1490 695
f 428 427 1688
f 428 1688 1689
f 1688 427 1676
f 1725 428 1689
f 435 1725 1689
f 435 1689 1692
f 430 1728 1726
f 433 430 1729
f 430 1726 1729
f 1729 1726 1727
f 427 433 1729
f 1713 435 1692
f 430 435 1728
f 435 1713 1714
f 1728 435 1714
f 1728 1714 1716
f 416 415 1670
f 415 414 1670
f 1670 414 1672
f 1730 1731 1732
f 1731 416 1670
f 1731 1670 1732
f 1732 1670 1676
f 421 418 1733
f 418 425 1735
f 418 1735 1733
f 1733 1735 1727
f 1736 421 414
f 421 1737 414
f 421 1733 1737
f 1737 1733 1734
f 1737 1734 414
f 425 1738 1735
f 425 427 1738
f 1738 427 1729
f 1735 1738 1729
f 1735 1729 1727
f 425 1739 427
f 1739 1730 1732
f 1739 1732 427
f 427 1732 1676
f 1742 1743 1744
f 1742 1744 1745
f 1743 1746 1747
f 1743 1747 1744
f 1744 1747 1553
f 1745 1744 1553
f 1745 1553 1552
f 1746 1748 1747
f 1748 1749 1750
f 1748 1750 1747
f 1747 1750 1530
f 1747 1530 1553
f 1751 1752 1753
f 1752 1754 1755
f 1752 1755 1753
f 1753 1755 1756
f 1753 1756 1757
f 1758 1751 1753
f 1758 1753 1759
f 1759 1753 1757
f 1759 1757 1760
f 1761 1762 1763
f 1762 1758 1759
f 1762 1759 1763
f 1763 1759 1760
f 1749 1764 1765
f 1749 1765 1750
f 1764 1761 1763
f 1764 1763 1765
f 1750 1765 1530
f 1766 1767 1768
f 1767 1742 1745
f 1767 1745 1768
f 1768 1745 1552
f 1754 1769 1768
f 1754 1768 1755
f 1769 1766 1768
f 1755 1768 1770
f 1755 1770 1756
f 1771 1772 1773
f 1771 1773 1774
f 1772 1775 1535
f 1772 1535 1773
f 1773 1535 1530
f 1774 1773 1530
f 1775 1776 1535
f 1776 1777 1778
f 1776 1778 1535
f 1535 1778 1505
f 1779 1781 1782
f 1779 1782 1780
f 1780 1782 1760
f 1780 1760 1783
f 1784 1779 1780
f 1784 1780 1785
f 1780 1783 1786
f 1785 1780 1786
f 1785 1786 1787
f 1788 1789 1790
f 1789 1784 1785
f 1789 1785 1790
f 1790 1785 1787
f 1777 1791 1792
f 1777 1792 1778
f 1791 1788 1790
f 1791 1790 1792
f 1778 1792 1790
f 1778 1790 1505
f 1781 1793 1794
f 1781 1794 1782
f 1793 1795 1794
f 1782 1794 1763
f 1782 1763 1760
f 1795 1796 1794
f 1796 1771 1774
f 1796 1774 1794
f 1794 1774 1530
f 1794 1530 1765
f 1794 1765 1763
f 1797 1798 1799
f 1797 1799 1800
f 1798 1801 1799
f 1800 1799 1802
f 1800 1802 732
f 1801 1803 1799
f 1803 1804 1805
f 1803 1805 1799
f 1799 1805 1806
f 626 1807 1808
f 626 1808 1809
f 1807 640 1790
f 1807 1790 1808
f 1809 1808 1790
f 1809 1790 1787
f 640 641 1810
f 640 1810 1790
f 641 627 1810
f 1810 1505 1790
f 621 626 1809
f 621 1809 1811
f 1811 1809 1787
f 1811 1787 1812
f 1804 621 1813
f 1804 1813 1805
f 621 1811 1813
f 1813 1811 1812
f 1813 1812 1814
f 1805 1813 1814
f 1805 1814 1806
f 627 630 1815
f 627 1815 1810
f 630 632 1512
f 630 1512 1815
f 1815 1512 1509
f 1810 1815 1509
f 1810 1509 1505
f 632 1816 1512
f 1816 1797 1800
f 1816 1800 1512
f 1512 1800 732
f 1437 1817 1818
f 1817 1819 1820
f 1817 1820 1818
f 1818 1820 1821
f 1433 1435 1818
f 1433 1818 1822
f 1435 1437 1818
f 1822 1818 1823
f 1824 1438 1825
f 1824 1825 1826
f 1826 1825 1757
f 1826 1757 1756
f 1438 1827 1825
f 1438 1428 1828
f 1438 1828 1827
f 1827 1828 1760
f 1827 1760 1757
f 1825 1827 1757
f 1428 1430 1829
f 1428 1829 1828
f 1430 1432 1829
f 1828 1829 1760
f 1432 1830 1822
f 1432 1822 1829
f 1830 1433 1822
f 1831 1832 1826
f 1832 1824 1826
f 1819 1833 1834
f 1819 1834 1820
f 1833 1831 1826
f 1833 1826 1834
f 1834 1826 1821
f 1820 1834 1821
f 1835 1836 1837
f 1835 1837 1838
f 1836 1839 1840
f 1836 1840 1837
f 1837 1840 1823
f 1837 1823 1841
f 1838 1837 1841
f 1842 1843 1844
f 1842 1844 1845
f 1843 1835 1838
f 1843 1838 1844
f 1844 1838 1841
f 1845 1844 1841
f 1845 1841 1846
f 1415 1417 1847
f 1415 1847 1848
f 1417 1419 1847
f 1848 1847 1783
f 1848 1783 1760
f 1419 1849 1786
f 1419 1786 1847
f 1849 1420 1850
f 1849 1850 1786
f 1786 1850 1787
f 1847 1786 1783
f 1420 1422 1851
f 1420 1851 1850
f 1422 1425 1851
f 1850 1851 1787
f 1425 1852 1851
f 1852 1842 1845
f 1852 1845 1851
f 1851 1845 1846
f 1851 1846 1853
f 1426 1427 1848
f 1427 1415 1848
f 1848 1760 1829
f 1839 1854 1829
f 1839 1829 1840
f 1854 1426 1848
f 1854 1848 1829
f 1840 1829 1822
f 1840 1822 1823
f 261 260 1855
f 260 259 1855
f 1855 1818 1821
f 259 1856 1855
f 1856 1857 1858
f 1856 1858 1855
f 1855 1858 1823
f 1855 1823 1818
f 264 263 1859
f 1859 1860 1861
f 1857 1862 1858
f 1862 264 1859
f 1862 1859 1858
f 1858 1859 1861
f 1858 1861 1823
f 252 261 1855
f 252 1855 1821
f 254 253 252
f 254 252 1863
f 252 1821 1864
f 1863 252 1864
f 263 1865 1866
f 263 1866 1859
f 1865 257 1866
f 1859 1866 1860
f 257 256 1866
f 256 254 1863
f 256 1863 1866
f 1866 1863 1864
f 1740 643 645
f 394 397 396
f 1880 1881 1882
f 312 387 388
f 388 387 1885
f 388 1885 1886
f 313 388 1886
f 389 313 1886
f 389 1886 1887
f 1888 1889 1890
f 390 389 1887
f 1891 646 1892
f 1892 646 1893
f 391 390 1887
f 392 391 1894
f 1895 1896 1897
f 1887 1886 1871
f 1887 1871 1870
f 1901 1902 1903
f 391 1887 1870
f 1906 1905 1872
f 1905 1873 1872
f 1905 1894 1907
f 1905 1907 1908
f 1873 1905 1908
f 1886 1885 1910
f 1886 1910 1877
f 1871 1886 1877
f 1894 391 1913
f 391 1870 1913
f 1913 1870 1871
f 1894 1913 1907
f 1914 1915 1916
f 1733 648 1734
f 1888 648 1917
f 648 1733 1917
f 1917 1733 1727
f 1889 1888 1917
f 648 647 1918
f 648 1918 1734
f 646 1891 1919
f 1891 1921 1922
f 1891 1922 1919
f 1919 1922 1923
f 1921 1889 1917
f 1921 1917 1922
f 647 646 1924
f 646 1919 1924
f 1924 1919 1920
f 647 1924 1918
f 1883 643 1925
f 1883 1925 1726
f 1726 1925 1727
f 1883 1726 1926
f 1926 1726 1728
f 1926 1728 1716
f 1925 643 1917
f 1925 1917 1727
f 1927 1883 1926
f 643 1740 1922
f 1740 1928 1922
f 1922 1928 1923
f 643 1922 1917
f 1740 1927 1928
f 1928 1927 1930
f 1928 1930 1929
f 1931 655 1932
f 651 650 1934
f 1934 1927 1926
f 1934 1926 1716
f 653 1935 1936
f 1935 651 1934
f 1935 1934 1936
f 1936 1934 1716
f 1936 1716 1719
f 655 654 1936
f 655 1936 1932
f 654 653 1936
f 1932 1936 1719
f 1932 1719 804
f 1880 1938 1937
f 1881 1880 1937
f 1937 1939 1929
f 1938 1931 1932
f 1938 1932 1937
f 1937 1932 1933
f 1937 1933 1906
f 650 1881 1930
f 650 1930 1934
f 1881 1937 1930
f 1930 1937 1929
f 1934 1930 1927
f 1941 1900 1940
f 1874 1920 1919
f 1875 1874 1919
f 1875 1919 1923
f 1868 1867 1874
f 1874 1942 1920
f 1900 1875 1940
f 1867 1941 1874
f 1941 2363 1942
f 1874 1941 1942
f 1902 1901 1928
f 1928 1901 1923
f 1904 1902 1928
f 1904 1928 1929
f 1901 1911 1875
f 1901 1875 1923
f 1911 1940 1875
f 1911 1878 1940
f 1943 1898 1944
f 1898 1872 1944
f 1895 1915 1945
f 1945 1937 1906
f 1915 1914 1939
f 1915 1939 1945
f 1945 1939 1937
f 1896 1895 1945
f 1945 1906 1872
f 1914 1904 1939
f 1914 1946 1904
f 1939 1904 1929
f 1898 1945 1872
f 1898 1896 1945
f 1946 1943 1944
f 1944 2352 1878
f 1946 1944 1878
f 1946 1878 1904
f 1141 1135 1148
f 1148 795 797
f 1141 1148 797
f 1141 797 799
f 808 807 1068
f 793 1147 807
f 1064 1068 807
f 1064 807 1147
f 141 1457 1467
f 1952 290 1951
f 152 1452 1446
f 1452 1959 1446
f 1446 1959 1960
f 1446 1960 301
f 1846 1961 1466
f 301 1960 302
f 303 302 1960
f 1465 154 156
f 1465 156 1467
f 1846 1962 1457
f 1465 1467 1457
f 1465 1457 1962
f 1452 1966 1464
f 1966 1452 152
f 1966 152 155
f 1464 1966 155
f 1464 155 154
f 1960 1959 1967
f 1959 1452 1451
f 1959 1451 1967
f 1967 1451 1450
f 1967 1450 1968
f 1967 1968 1969
f 1452 1466 1449
f 1466 1961 1449
f 1449 1961 1970
f 1449 1970 1447
f 1846 1466 1962
f 1466 1464 1962
f 1465 1962 1464
f 303 1960 1967
f 261 255 1971
f 261 1971 1972
f 261 1972 262
f 255 253 1973
f 255 1973 1971
f 253 254 258
f 253 258 1973
f 1973 258 1972
f 1971 1973 1972
f 1972 258 265
f 1972 265 1974
f 262 1972 1975
f 1972 1974 1975
f 1975 1974 265
f 262 1975 265
f 264 1862 265
f 1862 1857 1976
f 1862 1976 265
f 1857 1856 1976
f 1856 259 262
f 1976 1856 262
f 1976 262 265
f 257 1865 265
f 1865 263 265
f 257 265 258
f 261 252 255
f 1824 1977 1438
f 1977 1440 1438
f 1437 1978 1817
f 1437 1979 1978
f 1978 1979 1980
f 1817 1978 1980
f 1817 1980 1819
f 1432 1430 1830
f 1830 1434 1433
f 1839 1981 1854
f 1981 1982 1854
f 1854 1982 1426
f 1425 1424 1852
f 1852 1983 1984
f 1852 1984 1842
f 1419 1985 1849
f 1985 1423 1421
f 1849 1985 1421
f 1849 1421 1420
f 1842 1984 1986
f 1842 1986 1843
f 1984 1983 1986
f 1986 1983 1987
f 1986 1987 1835
f 1843 1986 1835
f 1988 1989 1990
f 1988 1990 1457
f 1989 1991 1992
f 1989 1992 1990
f 1990 1992 1846
f 1990 1846 1457
f 1993 1994 1457
f 1993 1457 1995
f 1994 1988 1457
f 1995 1457 1458
f 1407 1408 1996
f 1407 1996 1997
f 1408 1410 1998
f 1408 1998 1996
f 1996 1998 1812
f 1997 1996 1812
f 1997 1812 1787
f 1410 1999 2000
f 1410 2000 1998
f 1999 1411 2001
f 1999 2001 2000
f 2000 2001 1806
f 2000 1806 1814
f 1998 2000 1814
f 1998 1814 1812
f 1411 1412 2002
f 1411 2002 2001
f 1412 1413 2002
f 2001 2002 1806
f 1413 2003 2002
f 2003 1993 1995
f 2003 1995 2002
f 2002 1995 1458
f 1414 1997 1851
f 1414 1407 1997
f 1997 1787 1851
f 1991 1414 1853
f 1991 1853 1992
f 1414 1851 1853
f 1992 1853 1846
f 2004 2005 1460
f 2004 1460 2006
f 2005 1402 2007
f 2005 2007 1460
f 1460 2007 1458
f 2006 1460 1459
f 1401 2008 2009
f 1401 2009 2010
f 2008 2004 2006
f 2008 2006 2009
f 2009 2006 1459
f 2010 2009 1459
f 2010 1459 2011
f 1405 1406 2012
f 1405 2012 2013
f 1406 1396 2012
f 2013 2012 2014
f 2013 2014 1806
f 1396 1398 2015
f 1396 2015 2012
f 2012 2015 363
f 2012 363 2014
f 1398 2016 2017
f 1398 2017 2015
f 2016 1399 2017
f 1399 1400 2017
f 1400 1401 2010
f 1400 2010 2017
f 2017 2010 2011
f 1404 2018 2013
f 2018 1405 2013
f 2013 1806 2002
f 1402 1403 2002
f 1402 2002 2007
f 1403 1404 2013
f 1403 2013 2002
f 2007 2002 1458
f 1801 2019 1803
f 1803 2020 2021
f 1803 2021 1804
f 1991 2022 1414
f 2022 2023 2024
f 2022 2024 1414
f 1413 1412 2003
f 2003 2025 1993
f 1410 1409 1999
f 2026 2027 2028
f 2027 1409 1408
f 2027 1408 2028
f 2028 1408 1407
f 2028 1407 1414
f 1989 2023 2022
f 1989 2022 1991
f 1401 1400 2008
f 1400 1442 2008
f 2008 1442 1445
f 2008 1445 2004
f 2025 2003 2029
f 2003 1412 2030
f 2003 2030 2029
f 2029 2030 2026
f 2029 2026 2031
f 2025 2029 2031
f 2025 2031 1988
f 1404 1403 2018
f 1398 1397 2016
f 2016 1397 1399
f 1522 2032 1525
f 1525 591 589
f 1525 589 588
f 1555 616 614
f 1555 614 613
f 1549 605 604
f 1543 2033 1544
f 2033 2034 2035
f 2033 2035 1544
f 1544 2035 610
f 1544 610 608
f 550 2036 547
f 550 565 2037
f 550 2037 2036
f 547 2036 551
f 565 564 2038
f 565 2038 2037
f 564 554 557
f 564 557 2038
f 2038 557 556
f 2038 556 2039
f 2037 2038 2039
f 2037 2039 2040
f 2039 556 562
f 2040 2039 562
f 2040 562 561
f 551 2036 2041
f 551 2041 2042
f 2036 2037 2040
f 2036 2040 2041
f 2041 2040 561
f 2041 561 2043
f 2042 2041 2043
f 548 1575 549
f 1575 563 565
f 1575 565 550
f 549 1575 550
f 561 1573 2043
f 1573 1565 2043
f 555 1570 562
f 1570 558 560
f 1570 560 562
f 555 562 556
f 1565 1564 2043
f 1564 545 551
f 1564 551 2042
f 2043 1564 2042
f 485 484 2044
f 485 2044 488
f 484 483 2045
f 484 2045 2044
f 2044 2045 2046
f 2044 2046 2047
f 488 2044 2047
f 488 2047 489
f 483 2048 2049
f 483 2049 2045
f 2048 492 495
f 2048 495 2049
f 2049 495 494
f 2049 494 2050
f 2045 2049 2050
f 2045 2050 2046
f 2046 2050 2051
f 2046 2051 2052
f 2050 494 2053
f 2050 2053 2051
f 2051 2053 498
f 2051 498 500
f 2052 2051 500
f 2052 500 499
f 489 2047 2054
f 489 2054 2055
f 2047 2046 2052
f 2047 2052 2054
f 2054 2052 499
f 2054 499 2056
f 2055 2054 2056
f 499 1627 2056
f 1627 1618 2056
f 493 1622 2053
f 1622 496 498
f 1622 498 2053
f 493 2053 494
f 1618 1617 2056
f 1617 486 489
f 1617 489 2055
f 2056 1617 2055
f 483 1632 2048
f 1632 490 492
f 1632 492 2048
f 406 2057 2058
f 406 2058 403
f 2057 408 2059
f 2057 2059 2058
f 2058 2059 2060
f 2058 2060 2061
f 403 2058 2061
f 403 2061 407
f 408 409 2062
f 408 2062 2059
f 409 410 413
f 409 413 2062
f 2062 413 412
f 2062 412 2063
f 2059 2062 2063
f 2059 2063 2060
f 2060 2063 2064
f 2060 2064 2065
f 2063 412 2066
f 2063 2066 2064
f 2064 2066 398
f 2064 398 401
f 2065 2064 401
f 2065 401 400
f 407 2061 2067
f 407 2067 2068
f 2061 2060 2065
f 2061 2065 2067
f 2067 2065 400
f 2067 400 2069
f 2068 2067 2069
f 2068 2069 2070
f 412 1678 2066
f 1678 398 2066
f 404 1686 405
f 1686 408 2057
f 405 1686 2057
f 405 2057 406
f 1674 1673 2070
f 1673 402 407
f 1673 407 2068
f 2070 1673 2068
f 400 1680 2069
f 1680 1674 2070
f 1680 2070 2069
f 2071 425 2072
f 2071 2072 417
f 425 426 2073
f 425 2073 2072
f 2073 426 424
f 2073 424 2072
f 2072 424 423
f 2072 423 421
f 417 2072 2074
f 2074 2072 421
f 2074 421 2075
f 417 2074 2075
f 417 2075 414
f 1730 1739 2071
f 1739 425 2071
f 421 1736 2075
f 1736 414 2075
f 425 418 2076
f 425 2076 426
f 418 420 2076
f 2076 420 424
f 2076 424 426
f 1731 1730 2071
f 416 1731 2071
f 416 2071 417
f 2077 649 1890
f 2077 646 648
f 2077 648 649
f 646 2077 1893
f 2077 1890 2078
f 2077 2078 1893
f 1921 1891 2079
f 1891 1892 2079
f 2079 1892 1893
f 2079 1893 2078
f 2079 2078 1890
f 1888 1890 649
f 648 1888 649
f 647 648 646
f 1889 1921 2079
f 1889 2079 1890
f 2080 1899 1900
f 1869 2080 1900
f 1868 1876 2080
f 1868 2080 1867
f 1867 2080 1869
f 1876 1874 2080
f 1874 1875 1899
f 1874 1899 2080
f 1875 1900 1899
f 1941 1867 1869
f 1941 1869 1900
f 1868 1874 1876
f 2081 2083 2084
f 2081 2084 2082
f 2082 2084 2085
f 2082 2085 2086
f 2081 2082 2087
f 2081 2087 2088
f 2082 2086 2089
f 2082 2089 2087
f 2087 2089 2090
f 2087 2090 2091
f 2088 2087 2091
f 2088 2091 2092
f 1531 2093 1532
f 2093 2094 2095
f 2093 2095 1532
f 1532 2095 600
f 1532 600 598
f 603 602 1539
f 602 601 2096
f 602 2096 1539
f 1539 2096 593
f 1536 2094 2093
f 1536 2093 1531
f 541 544 2097
f 541 2097 2098
f 544 543 2097
f 2098 2097 2099
f 2098 2099 532
f 543 2100 2101
f 543 2101 2097
f 2100 2102 2101
f 2101 2102 538
f 2101 538 2099
f 2097 2101 2099
f 2099 538 535
f 2099 535 2103
f 2103 535 537
f 2103 537 539
f 532 2099 2104
f 532 2104 533
f 2099 2103 2104
f 2104 2103 539
f 2104 539 540
f 533 2104 540
f 533 540 529
f 543 1591 2100
f 1591 1587 2100
f 536 1589 537
f 1589 539 537
f 1587 1585 2100
f 1585 534 538
f 1585 538 2102
f 2100 1585 2102
f 531 1581 2098
f 1581 541 2098
f 531 2098 532
f 2105 469 2106
f 2105 2106 2107
f 2105 2107 475
f 469 470 2108
f 469 2108 2106
f 470 471 2109
f 470 2109 2108
f 2108 2109 479
f 2108 479 2107
f 2106 2108 2107
f 2107 479 478
f 2107 478 2110
f 2110 478 465
f 2110 465 468
f 2110 468 467
f 475 2107 2111
f 475 2111 476
f 2107 2110 2111
f 2111 2110 467
f 2111 467 2112
f 476 2111 2112
f 476 2112 472
f 1641 477 479
f 1641 479 2109
f 471 1641 2109
f 474 1636 2105
f 1636 1635 2105
f 474 2105 475
f 1635 1647 2105
f 1647 469 2105
f 467 1645 2112
f 1645 472 2112
f 439 447 2113
f 439 2113 2114
f 439 2114 440
f 447 2115 2116
f 447 2116 2113
f 2115 441 445
f 2115 445 2116
f 2116 445 444
f 2116 444 2114
f 2113 2116 2114
f 2114 444 2118
f 2114 2118 2117
f 2117 2118 448
f 2117 448 451
f 2117 451 450
f 440 2114 2119
f 2114 2117 2119
f 2119 2117 450
f 2119 450 2120
f 440 2119 2120
f 450 1696 2120
f 1696 1691 2120
f 447 1695 2115
f 1695 441 2115
f 443 1694 2118
f 1694 448 2118
f 443 2118 444
f 1690 437 440
f 1691 1690 440
f 1691 440 2120
f 435 2121 436
f 2121 432 436
f 436 432 431
f 436 431 434
f 429 436 434
f 429 434 427
f 435 430 2121
f 430 2122 2121
f 433 427 434
f 430 431 2122
f 2122 431 432
f 2122 432 2121
f 428 1725 436
f 1725 435 436
f 428 436 429
f 644 1884 2123
f 644 2123 645
f 1884 1883 2124
f 2124 1883 2125
f 645 2123 1740
f 2123 1884 1741
f 2123 1741 1740
f 2124 2125 1741
f 1884 2124 1741
f 643 1883 644
f 1883 1884 644
f 1927 1740 2126
f 1927 2126 2125
f 2126 1740 1741
f 2126 1741 2125
f 1883 1927 2125
f 2127 1904 1879
f 1901 1903 1911
f 1903 1904 2127
f 1911 1903 1879
f 1903 2127 1879
f 1911 1879 1912
f 1904 1878 1879
f 1902 1904 1903
f 1878 1911 1912
f 1878 1912 1879
f 626 625 1807
f 625 624 2128
f 625 2128 1807
f 1807 2128 642
f 1807 642 640
f 632 2129 1816
f 632 2130 2129
f 2129 2130 2131
f 2129 2131 2132
f 1816 2129 2132
f 1816 2132 1797
f 1804 2021 622
f 1804 622 621
f 2021 2020 622
f 622 2020 623
f 571 570 2133
f 571 2133 1510
f 570 569 2134
f 570 2134 2133
f 2133 2134 581
f 2133 581 578
f 1510 2133 578
f 577 2135 1506
f 2135 2136 2137
f 1506 2135 2137
f 1506 2137 1491
f 1495 2138 1498
f 1495 2139 587
f 1495 587 2138
f 2138 587 584
f 1498 2138 584
f 1498 584 583
f 515 514 2140
f 515 2140 519
f 514 513 2141
f 514 2141 2140
f 2140 2141 2142
f 2140 2142 2143
f 519 2140 2143
f 519 2143 520
f 513 2144 2145
f 513 2145 2141
f 2144 528 527
f 2144 527 2145
f 2145 527 526
f 2145 526 2146
f 2141 2145 2146
f 2141 2146 2142
f 2142 2146 2147
f 2142 2147 2148
f 2146 526 508
f 2146 508 2147
f 2147 508 507
f 2148 2147 507
f 2148 507 506
f 520 2143 2149
f 520 2149 2150
f 2143 2142 2148
f 2143 2148 2149
f 2149 2148 506
f 2149 506 2151
f 2150 2149 2151
f 525 1603 2152
f 1603 501 504
f 1603 504 2152
f 2152 504 508
f 525 2152 508
f 525 508 526
f 1599 1597 2153
f 1599 2153 2154
f 1597 516 2153
f 2153 516 520
f 2153 520 2150
f 2154 2153 2150
f 2154 2150 2151
f 512 1611 2144
f 1611 521 524
f 1611 524 2144
f 2144 524 528
f 512 2144 513
f 505 1606 2151
f 1606 1599 2154
f 1606 2154 2151
f 505 2151 506
f 464 463 1668
f 1668 2155 1648
f 1665 2156 2157
f 1665 2157 1658
f 1658 2157 1659
f 2157 2156 2158
f 2157 2158 1659
f 1659 2158 454
f 1659 454 452
f 1652 2159 1654
f 1652 2160 2159
f 2159 460 458
f 1654 2159 458
f 1654 458 457
f 2161 2162 2163
f 2161 2163 2164
f 2162 2165 2166
f 2162 2166 2163
f 2163 2166 888
f 2163 888 884
f 2164 2163 884
f 2164 884 887
f 2167 2168 2169
f 2167 2169 2170
f 2168 888 2166
f 2168 2166 2169
f 2169 2166 2165
f 2169 2165 2171
f 2170 2169 2171
f 2170 2171 893
f 2161 2172 2173
f 2161 2173 2162
f 2172 830 829
f 2172 829 2173
f 2173 829 828
f 2173 828 2174
f 2162 2173 2174
f 2162 2174 2165
f 895 894 2175
f 895 2175 899
f 894 893 2171
f 894 2171 2175
f 2175 2171 2165
f 2175 2165 2174
f 899 2175 2174
f 899 2174 828
f 885 1707 886
f 1707 1706 2161
f 1707 2161 2164
f 886 1707 2164
f 886 2164 887
f 892 1702 2170
f 1702 1698 2167
f 1702 2167 2170
f 892 2170 893
f 1698 1697 2167
f 1697 883 888
f 1697 888 2168
f 2167 1697 2168
f 1706 1711 2172
f 1711 823 826
f 1711 826 2172
f 2172 826 830
f 1706 2172 2161
f 2176 814 813
f 817 2176 813
f 821 2176 819
f 821 814 2176
f 819 2176 822
f 2176 817 713
f 2177 822 2176
f 2177 2176 713
f 1715 819 822
f 1715 822 2178
f 2178 822 2177
f 1722 708 710
f 1722 710 713
f 816 1722 713
f 816 713 817
f 820 809 2179
f 820 2179 821
f 2179 809 814
f 2179 814 821
f 711 1717 2180
f 711 2180 712
f 1717 1715 2178
f 1717 2178 2180
f 2180 2178 2177
f 712 2180 2177
f 712 2177 713
f 655 2181 654
f 654 2181 656
f 656 2181 2182
f 656 2182 652
f 2182 650 652
f 2181 655 2183
f 2181 2183 1882
f 650 2182 1881
f 2182 2181 1882
f 2182 1882 1881
f 1931 1938 2184
f 1931 2184 2183
f 1931 2183 655
f 1938 1880 2184
f 2184 1880 1882
f 2184 1882 2183
f 651 1935 652
f 1935 653 656
f 1935 656 652
f 1916 1895 1897
f 1916 1897 1896
f 2185 1916 1909
f 1916 1896 1898
f 1916 1898 1909
f 1915 1895 1916
f 1898 1943 1909
f 1909 1943 2185
f 1943 1946 2185
f 1946 1914 2185
f 2185 1914 1916
f 671 669 2186
f 671 2186 2187
f 669 668 2188
f 669 2188 2186
f 2187 2186 2189
f 668 2190 2188
f 2190 2191 2192
f 2190 2192 2188
f 2188 2192 740
f 679 676 2193
f 676 675 2194
f 676 2194 2193
f 2193 2194 1601
f 2193 1601 1609
f 682 2195 1609
f 682 1609 2196
f 2195 679 2193
f 2195 2193 1609
f 2196 1609 1501
f 686 683 2197
f 683 682 2196
f 683 2196 2197
f 2197 2196 1501
f 2191 2198 2199
f 2191 2199 2192
f 2198 686 2197
f 2198 2197 2199
f 2192 2199 740
f 675 691 2200
f 675 2200 2194
f 691 690 2201
f 691 2201 2200
f 2200 2201 2202
f 2194 2200 2202
f 2194 2202 1601
f 690 2203 2204
f 690 2204 2201
f 2203 671 2187
f 2203 2187 2204
f 2204 2187 2189
f 2204 2189 2202
f 2201 2204 2202
f 837 2205 1662
f 837 1662 1664
f 2205 850 2206
f 2205 2206 1662
f 1662 2206 707
f 839 838 2207
f 839 2207 2208
f 838 837 1664
f 838 1664 2207
f 2208 2207 1664
f 2208 1664 1601
f 842 2209 2210
f 842 2210 2211
f 2209 839 2208
f 2209 2208 2210
f 2210 2208 1601
f 2210 1601 2202
f 2211 2210 2202
f 831 843 2212
f 831 2212 2213
f 843 842 2211
f 843 2211 2212
f 2212 2211 2202
f 2213 2212 2202
f 2213 2202 2189
f 847 2214 2215
f 2214 2216 2217
f 2214 2217 2215
f 2215 2217 702
f 2215 702 703
f 850 848 2218
f 850 2218 2206
f 848 847 2215
f 848 2215 2218
f 2218 2215 703
f 2218 703 704
f 2206 2218 704
f 2206 704 707
f 834 832 2219
f 832 831 2213
f 832 2213 2219
f 2219 2213 2189
f 2216 2220 2221
f 2216 2221 2217
f 2220 834 2219
f 2220 2219 2221
f 2217 2221 702
f 2222 674 2224
f 2222 2224 2223
f 2223 2224 2225
f 2223 2225 2226
f 2222 2223 2226
f 2222 2226 688
f 674 673 2227
f 674 2227 2224
f 673 2228 2227
f 2227 2228 694
f 2227 694 2229
f 2224 2227 2229
f 2224 2229 2225
f 2225 2229 2230
f 2225 2230 2231
f 2229 694 681
f 2229 681 2230
f 2231 2230 681
f 2231 681 680
f 688 2226 2232
f 688 2232 689
f 2226 2225 2231
f 2226 2231 2232
f 2232 2231 680
f 2232 680 689
f 671 2203 2233
f 671 2233 672
f 2203 690 693
f 2203 693 2233
f 2233 693 694
f 2233 694 2228
f 672 2233 2228
f 672 2228 673
f 686 2198 2234
f 686 2234 687
f 2198 2191 2235
f 2198 2235 2234
f 2234 2235 2222
f 687 2234 2222
f 687 2222 688
f 679 2195 689
f 2195 682 685
f 2195 685 689
f 679 689 680
f 2191 2190 2235
f 2190 668 674
f 2190 674 2222
f 2235 2190 2222
f 852 2236 2237
f 852 2237 853
f 2236 837 2238
f 2236 2238 2237
f 2237 2238 2239
f 2237 2239 2240
f 853 2237 2240
f 853 2240 854
f 837 838 2241
f 837 2241 2238
f 838 841 2242
f 838 2242 2241
f 2241 2242 846
f 2241 846 2243
f 2238 2241 2243
f 2238 2243 2239
f 2239 2243 2244
f 2239 2244 2245
f 2243 846 845
f 2243 845 2244
f 2244 845 836
f 2244 836 835
f 2245 2244 835
f 2245 835 834
f 854 2240 2246
f 854 2246 2247
f 2240 2239 2245
f 2240 2245 2246
f 2246 2245 834
f 2246 834 2248
f 2247 2246 2248
f 2247 2248 2249
f 2216 2214 2250
f 2216 2250 2251
f 2214 847 2250
f 2250 847 854
f 2250 854 2247
f 2251 2250 2247
f 2251 2247 2249
f 839 2209 2252
f 839 2252 840
f 2209 842 2252
f 2252 842 846
f 2252 846 2242
f 840 2252 2242
f 840 2242 841
f 850 2205 851
f 2205 837 2236
f 851 2205 2236
f 851 2236 852
f 834 2220 2248
f 2220 2216 2251
f 2220 2251 2248
f 2248 2251 2249
f 283 279 2253
f 283 2253 2254
f 279 282 2255
f 279 2255 2253
f 2253 2255 1841
f 2254 2253 1841
f 2254 1841 1823
f 282 2256 2257
f 282 2257 2255
f 2256 2258 2259
f 2256 2259 2257
f 2257 2259 1846
f 2257 1846 1841
f 2255 2257 1841
f 2260 2261 2262
f 2260 2262 2263
f 2261 2264 2262
f 2262 2264 1861
f 2263 2262 1861
f 2263 1861 1860
f 2264 2265 2266
f 2265 283 2254
f 2265 2254 2266
f 2266 2254 1823
f 2266 1823 1861
f 2264 2266 1861
f 1456 2267 2268
f 1456 2268 2269
f 2267 2260 2263
f 2267 2263 2268
f 2268 2263 1860
f 2269 2268 1860
f 2270 2271 2272
f 2270 2272 1961
f 2271 1453 2273
f 2271 2273 2272
f 2272 2273 1447
f 2272 1447 1970
f 1961 2272 1970
f 1453 1454 2274
f 1453 2274 2273
f 1454 1456 2269
f 1454 2269 2274
f 2274 2269 1860
f 2273 2274 1447
f 2258 2275 2276
f 2258 2276 2259
f 2275 2270 1961
f 2275 1961 2276
f 2259 2276 1961
f 2259 1961 1846
f 1963 2279 1866
f 1963 1965 2279
f 2279 1860 1866
f 2278 1963 2280
f 2278 2280 2277
f 1963 1866 2280
f 2277 2280 1866
f 2277 1866 1864
f 1947 1949 2281
f 1949 2277 1864
f 1949 1864 2282
f 1965 1947 2279
f 1957 2283 1450
f 1957 1450 1448
f 1957 1448 1447
f 290 1952 1947
f 290 1947 2281
f 290 2281 2284
f 1952 1951 2279
f 1952 2279 1947
f 2279 1951 1860
f 2283 1969 1968
f 2283 1968 1450
f 1957 2274 1951
f 2274 1957 1447
f 1951 2274 1860
f 2283 290 2284
f 2283 2284 1969
f 1954 2287 2285
f 1955 1956 2286
f 1955 2286 2281
f 1953 1955 1949
f 1955 2281 1949
f 2287 1953 1949
f 2287 1949 2282
f 2287 2282 2285
f 1956 1954 236
f 1956 236 2286
f 2289 303 1967
f 2289 1967 2288
f 2288 1967 1969
f 2288 1969 2284
f 1954 2290 237
f 236 1954 237
f 2288 2286 236
f 304 237 2290
f 2288 2284 2286
f 2284 2281 2286
f 2290 2291 304
f 304 2291 306
f 2290 1954 2291
f 1954 2285 2291
f 1411 1999 2292
f 1411 2292 1412
f 1999 1409 2027
f 1999 2027 2292
f 2292 2027 2026
f 2292 2026 2030
f 1412 2292 2030
f 1445 1444 2293
f 1445 2293 2294
f 1444 2295 2293
f 2293 2295 1403
f 2294 2293 1403
f 2294 1403 1402
f 1399 1397 1443
f 1397 1396 1443
f 1443 1396 1444
f 2264 2296 2265
f 2296 2297 2298
f 2296 2298 2265
f 2265 2298 278
f 2265 278 283
f 1456 1455 2267
f 1455 2299 2267
f 2267 2299 2300
f 2267 2300 2260
f 2258 2301 2275
f 2275 2301 2302
f 2275 2302 2270
f 2303 2304 1958
f 2303 1958 1957
f 1951 290 2303
f 290 2305 2303
f 2303 2305 2304
f 2303 1957 1951
f 2283 1957 1958
f 2283 1958 2304
f 290 2283 2305
f 2283 2304 2305
f 1963 1964 1948
f 1963 1948 1965
f 1965 1948 1947
f 1947 1948 1950
f 1947 1950 1949
f 1963 2278 1964
f 1949 1950 2306
f 1949 2306 2277
f 2288 236 243
f 2288 243 2289
f 2289 243 234
f 2289 234 303
f 1953 2307 1955
f 2307 1954 1955
f 1956 1955 1954
f 2287 1954 2307
f 1953 2287 2307
f 2308 2309 2310
f 2309 770 2311
f 2309 2311 2310
f 770 773 2311
f 777 2186 2188
f 777 2308 2310
f 777 2310 2186
f 2186 2310 2189
f 777 2188 2312
f 2312 2188 740
f 773 2313 769
f 773 769 766
f 2313 782 787
f 2313 787 769
f 769 787 767
f 773 766 2311
f 2311 766 758
f 786 777 2312
f 786 2312 787
f 2312 740 789
f 787 2312 789
f 782 784 787
f 784 786 787
f 2314 2315 2310
f 2314 2310 2311
f 2315 855 2316
f 2315 2316 2310
f 2310 2316 2189
f 2317 2318 2319
f 2317 2319 2320
f 2318 2314 2311
f 2318 2311 2319
f 2320 2319 2311
f 2320 2311 758
f 870 2321 2322
f 870 2322 2323
f 2321 860 2324
f 2321 2324 2322
f 2322 2324 875
f 2322 875 1166
f 2323 2322 1166
f 2323 1166 1164
f 864 867 2325
f 864 2325 2326
f 867 870 2323
f 867 2323 2325
f 2325 2323 1164
f 2325 1164 1163
f 2326 2325 1163
f 2326 1163 702
f 855 857 2327
f 855 2327 2316
f 857 859 2327
f 2316 2327 2219
f 2316 2219 2189
f 859 2328 2221
f 859 2221 2327
f 2328 864 2326
f 2328 2326 2221
f 2221 2326 702
f 2327 2221 2219
f 860 862 2324
f 2324 872 876
f 2324 876 875
f 862 2329 2324
f 2329 2317 2320
f 2329 2320 2324
f 2324 2320 758
f 2324 758 872
f 2317 2330 2318
f 2330 2331 2332
f 2330 2332 2318
f 2318 2332 2333
f 2318 2333 2314
f 786 778 777
f 786 779 778
f 773 776 785
f 773 785 2313
f 776 781 785
f 2313 785 783
f 2313 783 782
f 777 778 2334
f 778 780 2334
f 2334 780 2335
f 777 2334 2335
f 777 2335 2308
f 2321 863 861
f 2321 861 860
f 382 381 2336
f 382 2336 2337
f 381 380 2336
f 2329 862 2331
f 2329 2331 2330
f 2329 2330 2317
f 2328 868 865
f 2328 865 864
f 2351 2338 2340
f 2345 2343 2346
f 2347 2345 2348
f 2348 2345 2346
f 2350 2351 2340
f 1872 1873 2351
f 1872 2351 2350
f 1877 1910 2349
f 1871 1877 2344
f 1877 2349 2344
f 2353 2356 2357
f 1871 2344 2342
f 1907 1913 2342
f 1907 2342 2339
f 1913 1871 2342
f 2361 2359 2362
f 1873 1908 2351
f 2351 1908 2338
f 1908 1907 2339
f 1908 2339 2338
f 22 21 2349
f 2344 2349 21
f 5 2344 21
f 5 2342 2344
f 2339 2342 4
f 2339 4 2338
f 15 2350 2340
f 83 2352 2350
f 83 2341 2352
f 79 2343 2341
f 79 2346 2343
f 77 2348 2346
f 4 2342 5
f 2340 2338 7
f 4 7 2338
f 15 2340 7
f 15 81 2350
f 83 2350 81
f 83 88 2341
f 79 2341 88
f 79 78 2346
f 77 2346 78
f 2358 2356 1940
f 2356 1941 1940
f 1941 2356 2363
f 2353 2345 2356
f 2356 2345 2347
f 2356 2347 2363
f 2343 2358 1940
f 2353 2358 2343
f 2353 2343 2345
f 2359 2361 1878
f 2359 1878 2352
f 2361 1940 1878
f 2361 2360 1940
f 2360 2359 2352
f 2360 2341 2343
f 2360 2343 1940
f 2341 2360 2352
f 2350 2352 1944
f 2350 1944 1872
f 2356 2355 2357
f 2357 2355 2354
f 2357 2354 2353
f 2355 2358 2354
f 2356 2358 2355
f 2353 2354 2358
f 2360 2364 2365
f 2364 2362 2365
f 2365 2362 2360
f 2362 2359 2360
f 2361 2362 2364
f 2360 2361 2364
f 382 2337 2366
f 382 2366 2367
f 2337 2368 2366
f 2366 2368 722
f 2366 722 730
f 2367 2366 730
f 2367 730 732
f 2337 2369 2370
f 2337 2370 2368
f 2368 2370 356
f 2368 356 719
f 2368 719 722
f 374 2371 2372
f 374 376 2373
f 374 2373 2371
f 2371 2373 1806
f 2371 1806 2014
f 2372 2371 2014
f 386 374 2374
f 386 2374 2375
f 374 2372 2374
f 2374 2372 2014
f 2375 2374 2014
f 2375 2014 363
f 377 378 2376
f 377 2376 1799
f 378 382 2367
f 378 2367 2376
f 2376 2367 732
f 2376 732 1802
f 1799 2376 1802
f 376 2377 2373
f 2377 377 1799
f 2377 1799 2373
f 2373 1799 1806
f 383 384 2375
f 384 386 2375
f 2375 363 362
f 2375 362 357
f 2369 2378 2375
f 2369 2375 2370
f 2378 383 2375
f 2370 2375 357
f 2370 357 356
f 664 662 2379
f 664 2379 2380
f 662 663 2381
f 662 2381 2379
f 2379 2381 371
f 2380 2379 371
f 2380 371 370
f 2369 385 2378
f 2378 385 383
f 376 375 2377
f 375 379 2377
f 2377 379 377
f 386 384 374
f 2383 804 803
f 395 2382 803
f 2382 2383 803
f 394 395 803
f 803 393 392
f 394 803 392
f 2382 1933 2383
f 2383 1933 1932
f 2383 1932 804
f 396 397 1905
f 1905 397 1894
f 2384 396 1905
f 397 394 392
f 397 392 1894
f 2382 2384 1905
f 2382 1905 1933
f 1933 1905 1906
f 2382 2386 2384
f 2384 2386 396
f 2387 2385 2382
f 665 2388 738
f 665 738 2389
f 2388 657 2390
f 2388 2390 738
f 738 2390 733
f 2389 738 740
f 657 658 2391
f 657 2391 2390
f 658 660 2392
f 658 2392 2391
f 2391 2392 732
f 2391 732 733
f 2390 2391 733
f 2393 2394 2395
f 2393 2395 2396
f 2394 661 2197
f 2394 2197 2395
f 2396 2395 2197
f 2396 2197 1501
f 661 662 2199
f 661 2199 2197
f 662 665 2389
f 662 2389 2199
f 2199 2389 740
f 667 2397 1516
f 667 1516 2398
f 2397 2393 2396
f 2397 2396 1516
f 1516 2396 1501
f 2398 1516 1515
f 660 666 2399
f 660 2399 2392
f 666 667 2398
f 666 2398 2399
f 2399 2398 1515
f 2399 1515 1518
f 2392 2399 1518
f 2392 1518 732
f 667 373 2397
f 373 2400 2397
f 2397 2400 2401
f 2397 2401 2393
f 2393 2401 2394
f 2401 2402 2394
f 2394 2402 663
f 2394 663 661
f 1392 2403 2404
f 2404 2403 277
f 1390 1391 2404
f 1390 2404 247
f 1391 1392 2404
f 2404 277 276
f 247 2404 276
f 1389 1393 364
f 364 362 363
f 1393 1394 365
f 1393 365 364
f 1394 1395 351
f 1394 351 365
f 1395 2406 1386
f 1395 1386 351
f 2406 1390 247
f 2406 247 1386
f 1387 1389 364
f 1387 364 2015
f 2015 364 363
f 2405 1387 2403
f 1387 2015 2403
f 2403 2015 2017
f 2403 2017 2011
f 1395 1394 2406
f 1387 2407 1389
f 1389 2407 1393
f 2405 1388 1387
f 633 2408 2409
f 633 2409 634
f 634 2409 2410
f 634 2410 636
f 1993 2025 1994
f 1994 2025 1988
f 2034 2411 2412
f 2034 2412 2035
f 2411 607 2413
f 2411 2413 2412
f 2412 2413 2414
f 2412 2414 2415
f 2035 2412 2415
f 2035 2415 610
f 607 606 2416
f 607 2416 2413
f 606 605 1549
f 606 1549 2416
f 2416 1549 618
f 2416 618 2417
f 2413 2416 2417
f 2413 2417 2414
f 2414 2417 2418
f 2414 2418 2419
f 2417 618 617
f 2417 617 2418
f 2418 617 616
f 2418 616 1555
f 2419 2418 1555
f 2419 1555 620
f 610 2415 2420
f 610 2420 609
f 2415 2414 2419
f 2415 2419 2420
f 2420 2419 620
f 2420 620 619
f 609 2420 619
f 609 619 611
f 607 2411 1558
f 2411 2034 2033
f 1558 2411 2033
f 1558 2033 1543
f 2155 1668 2421
f 2155 2421 2422
f 1668 463 2423
f 1668 2423 2421
f 2421 2423 2424
f 2421 2424 2425
f 2422 2421 2425
f 2422 2425 2160
f 463 462 2426
f 463 2426 2423
f 462 455 453
f 462 453 2426
f 2426 453 454
f 2426 454 2427
f 2423 2426 2427
f 2423 2427 2424
f 2424 2427 2428
f 2424 2428 2429
f 2427 454 2158
f 2427 2158 2428
f 2428 2158 2156
f 2428 2156 1665
f 2429 2428 1665
f 2429 1665 461
f 2160 2425 2430
f 2160 2430 2159
f 2425 2424 2429
f 2425 2429 2430
f 2430 2429 461
f 2430 461 459
f 2159 2430 459
f 2159 459 460
f 1648 2155 1649
f 2155 2422 1649
f 1649 2422 2160
f 1649 2160 1652
f 55 48 84
f 66 65 2431
f 66 2431 2432
f 65 55 86
f 65 86 2431
f 2431 86 85
f 2431 85 2433
f 2432 2431 2433
f 2432 2433 2434
f 94 62 114
f 62 66 2432
f 62 2432 114
f 114 2432 2434
f 114 2434 113
f 131 38 134
f 131 134 119
f 38 128 2435
f 38 2435 37
f 128 127 47
f 128 47 2435
f 37 2435 47
f 39 40 139
f 40 20 30
f 40 30 139
f 139 30 31
f 139 31 140
f 131 119 135
f 39 131 135
f 2437 2438 2439
f 2436 2437 2439
f 2436 2439 2440
f 1277 2441 2442
f 2441 1303 2443
f 2441 2443 2444
f 2442 2441 2444
f 1378 1379 2436
f 1379 2445 2437
f 1379 2437 2436
f 2445 1281 2438
f 2445 2438 2437
f 1281 1284 2438
f 1276 2446 2441
f 1276 2441 1277
f 2446 1301 1303
f 2446 1303 2441
f 1310 2447 2448
f 2447 2449 2450
f 2448 2447 2450
f 2448 2450 2451
f 1309 1308 2452
f 1308 1310 2448
f 1308 2448 2451
f 2452 1308 2451
f 1281 2445 2449
f 2445 1379 2453
f 1278 1285 2454
f 1278 2454 1279
f 1285 1306 1309
f 1285 1309 2454
f 1379 1378 2455
f 1379 2455 2453
f 2455 1378 1280
f 1283 1282 2447
f 1283 2447 1310
f 1282 1281 2449
f 1282 2449 2447
f 1272 2456 2457
f 2456 1300 2458
f 2456 2458 2459
f 2457 2456 2459
f 2461 2462 2463
f 2461 2463 2464
f 2460 2461 2464
f 2460 2464 2465
f 1276 1305 2462
f 1305 1269 1273
f 1305 1273 2466
f 2462 1305 2466
f 1299 1301 2460
f 1268 1266 2456
f 1268 2456 1272
f 1266 1267 1300
f 1266 1300 2456
f 1301 2446 2461
f 1301 2461 2460
f 2446 1276 2462
f 2446 2462 2461
f 1026 1005 2467
f 2469 2470 2471
f 2468 2469 2471
f 1011 1028 2470
f 1028 1022 1025
f 1003 2472 1004
f 2472 1009 2468
f 2472 2468 2473
f 1004 2472 2473
f 1019 1153 1005
f 1019 1005 1026
f 1009 1012 2469
f 1009 2469 2468
f 1012 1011 2470
f 1012 2470 2469
f 1000 2474 2475
f 2474 1021 2476
f 2474 2476 2477
f 2475 2474 2477
f 2479 998 2480
f 2478 2479 2480
f 1002 1001 2481
f 1001 999 2478
f 1001 2478 2481
f 1022 1029 1023
f 1000 1019 1021
f 1000 1021 2474
f 999 997 2479
f 999 2479 2478
f 997 998 2479
f 2483 1006 2484
f 2483 2484 2485
f 2482 2483 2485
f 2486 2487 2488
f 900 1155 2487
f 1155 1031 2482
f 1009 2472 1030
f 2472 1003 2486
f 2472 2486 2489
f 1030 2472 2489
f 1031 1013 2483
f 1031 2483 2482
f 1013 1006 2483
f 1003 1154 2487
f 1003 2487 2486
f 1154 900 2487
f 2490 2491 2492
f 2491 2440 2439
f 2491 2439 2492
f 2492 2439 2493
f 2443 2494 2492
f 2443 2492 2444
f 2494 2490 2492
f 2444 2492 2493
f 2444 2493 2442
f 1304 1378 2495
f 1378 2436 2495
f 2495 2436 2440
f 2495 2440 2491
f 1304 2495 2491
f 1304 2491 2490
f 1274 1275 2496
f 1274 2496 2497
f 1275 1277 2442
f 1275 2442 2496
f 2496 2442 2493
f 2497 2496 2493
f 2438 1284 2498
f 1284 1274 2497
f 1284 2497 2498
f 2498 2497 2493
f 2498 2493 2439
f 2438 2498 2439
f 1302 1304 2490
f 1302 2490 2494
f 1303 1302 2494
f 1303 2494 2443
f 2458 2499 2500
f 2458 2500 2459
f 2499 2501 2502
f 2499 2502 2500
f 2500 2502 2503
f 2459 2500 2503
f 2459 2503 2457
f 2501 2504 2505
f 2501 2505 2502
f 2504 2465 2464
f 2504 2464 2505
f 2505 2464 2463
f 2505 2463 2503
f 2502 2505 2503
f 1299 2506 2507
f 1299 2460 2506
f 2506 2460 2465
f 2506 2465 2504
f 2507 2506 2504
f 2507 2504 2501
f 2466 1273 2508
f 2466 2508 2503
f 2462 2466 2503
f 2462 2503 2463
f 1273 1271 2509
f 1273 2509 2508
f 1271 1272 2457
f 1271 2457 2509
f 2509 2457 2503
f 2508 2509 2503
f 1300 1299 2510
f 1299 2507 2510
f 2510 2507 2501
f 2510 2501 2499
f 1300 2510 2499
f 1300 2499 2458
f 2511 2512 2450
f 2511 2513 2512
f 2512 2451 2450
f 2513 2514 2515
f 2513 2515 2512
f 2515 2514 2452
f 2515 2452 2451
f 2512 2515 2451
f 2455 1280 2513
f 2455 2513 2511
f 2453 2455 2511
f 2454 1309 2452
f 2454 2452 2514
f 1279 2454 2514
f 2445 2453 2511
f 2445 2511 2450
f 2449 2445 2450
f 1280 1378 2516
f 1378 1279 2516
f 2516 1279 2514
f 1280 2516 2514
f 1280 2514 2513
f 2488 2517 2518
f 2488 2485 2517
f 2485 2484 2518
f 2517 2485 2518
f 1030 2489 2488
f 2489 2486 2488
f 2487 1155 2519
f 1155 2482 2519
f 2519 2482 2485
f 2519 2485 2488
f 2487 2519 2488
f 1006 1007 2484
f 1007 1008 2518
f 2484 1007 2518
f 1008 1010 2518
f 1010 1030 2488
f 1010 2488 2518
f 2467 2468 2471
f 1025 1027 2467
f 1027 1026 2467
f 1004 2473 2467
f 2473 2468 2467
f 1005 1153 2520
f 1153 1004 2467
f 1153 2467 2520
f 1005 2520 2467
f 2470 1028 2471
f 1028 1025 2467
f 1028 2467 2471
f 2480 2477 2521
f 2521 2522 2480
f 2477 2476 2521
f 2521 2476 2522
f 1023 1029 2476
f 1029 1002 2522
f 1029 2522 2476
f 1002 2481 2523
f 1002 2523 2522
f 2481 2478 2523
f 2523 2478 2480
f 2522 2523 2480
f 998 1000 2524
f 1000 2475 2524
f 2524 2475 2477
f 2524 2477 2480
f 998 2524 2480
f 1021 1024 2476
f 1024 1023 2476
f 1775 638 1776
f 1775 639 638
f 1776 638 637
f 1776 637 1777
f 1784 2525 2526
f 1784 2526 1779
f 2525 2410 2409
f 2525 2409 2526
f 2526 2409 2408
f 2526 2408 1779
f 1777 637 1791
f 637 636 1791
f 1791 636 1788
f 1761 1764 2086
f 1764 1749 2090
f 1764 2090 2089
f 2086 1764 2089
f 1767 1766 2527
f 1742 1767 2527
f 1746 1743 2092
f 1754 1752 2528
f 1754 2528 2529
f 1752 1751 2528
f 2528 1751 2083
f 2528 2083 2530
f 2529 2528 2530
f 2529 2530 2531
f 1795 2532 1796
f 1796 2532 2533
f 1796 2533 1771
f 2534 1766 2535
f 2534 2535 2531
f 2534 2531 2530
f 2081 2534 2530
f 2081 2530 2083
f 2081 2088 2534
f 2088 2092 1743
f 2088 1743 2534
f 2534 1743 1742
f 2534 1742 2527
f 2534 2527 1766
f 1751 1758 2536
f 1751 2536 2084
f 2084 2536 2085
f 1751 2084 2083
f 1749 1748 2090
f 1748 1746 2092
f 1748 2092 2091
f 2090 1748 2091
f 1766 1769 2535
f 1769 1754 2529
f 1769 2529 2535
f 2535 2529 2531
f 1758 1762 2536
f 1762 1761 2086
f 2536 1762 2086
f 2536 2086 2085
f 1781 2537 1793
f 2537 2538 2539
f 2537 2539 1793
f 1793 2539 1795
f 1788 636 1789
f 636 2410 2525
f 1789 636 2525
f 1789 2525 1784
f 1779 2408 2541
f 1779 2541 2540
f 2540 2541 2538
f 2540 2538 2537
f 1779 2540 2537
f 1779 2537 1781
f 628 641 2542
f 628 2542 631
f 641 642 2543
f 641 2543 2542
f 2542 2543 2544
f 2542 2544 2545
f 631 2542 2545
f 631 2545 632
f 642 2128 2543
f 2128 624 2543
f 2543 624 623
f 2543 623 2546
f 2543 2546 2544
f 2544 2546 2547
f 2544 2547 2548
f 2546 623 2020
f 2546 2020 2547
f 2547 2020 1803
f 2548 2547 1803
f 2548 1803 2019
f 632 2545 2549
f 632 2549 2130
f 2545 2544 2548
f 2545 2548 2549
f 2549 2548 2019
f 2549 2019 2550
f 2130 2549 2550
f 2130 2550 2131
f 1771 2533 1772
f 2533 2551 1772
f 1772 2551 639
f 1772 639 1775
f 2552 1795 2539
f 2552 2539 2538
f 2552 2538 2541
f 633 2552 2541
f 633 2541 2408
f 633 635 2552
f 635 639 2551
f 635 2551 2552
f 2552 2551 2533
f 2552 2533 2532
f 2552 2532 1795
f 1797 2132 1798
f 2132 2131 2550
f 2132 2550 1798
f 1798 2550 2019
f 1798 2019 1801
f 2136 2135 2553
f 2136 2553 2554
f 2135 577 2555
f 2135 2555 2553
f 2553 2555 2556
f 2553 2556 2557
f 2554 2553 2557
f 2554 2557 2139
f 577 576 2558
f 577 2558 2555
f 576 575 582
f 576 582 2558
f 2558 582 581
f 2558 581 2559
f 2555 2558 2559
f 2555 2559 2556
f 2556 2559 2560
f 2556 2560 2561
f 2559 581 2134
f 2559 2134 2560
f 2560 2134 569
f 2560 569 568
f 2561 2560 568
f 2139 2557 2562
f 2139 2562 587
f 2557 2556 2561
f 2557 2561 2562
f 2562 2561 568
f 587 2562 568
f 1491 2137 2563
f 1491 2563 1492
f 2137 2136 2554
f 2137 2554 2563
f 2563 2554 2139
f 2563 2139 1495
f 1492 2563 1495
f 1444 1396 1406
f 1444 1406 2295
f 2295 1406 1405
f 2295 1405 2018
f 2295 2018 1403
f 2026 2028 2564
f 2026 2564 2031
f 2028 1414 2024
f 2028 2024 2564
f 2564 2024 2023
f 2564 2023 1989
f 2031 2564 1989
f 2031 1989 1988
f 2004 1445 2294
f 2004 2294 2005
f 2005 2294 1402
f 2270 2302 2271
f 2302 2565 2271
f 2271 2565 1453
f 1983 1852 2566
f 1852 1424 2567
f 1852 2567 2566
f 2566 2567 2568
f 2566 2568 2569
f 1983 2566 2569
f 1983 2569 1987
f 1424 1422 2570
f 1424 2570 2567
f 1422 1423 1985
f 1422 1985 2570
f 2570 1985 1419
f 2570 1419 2571
f 2567 2570 2571
f 2567 2571 2568
f 2568 2571 2572
f 2568 2572 2573
f 2571 1419 1418
f 2571 1418 2572
f 2572 1418 1427
f 2573 2572 1427
f 2573 1427 1426
f 1987 2569 2574
f 1987 2574 1982
f 2569 2568 2573
f 2569 2573 2574
f 2574 2573 1426
f 2574 1426 1982
f 1835 2575 1836
f 1835 1987 1982
f 1835 1982 2575
f 2575 1982 1981
f 1836 2575 1981
f 1836 1981 1839
f 595 594 2576
f 595 2576 2577
f 594 593 2578
f 594 2578 2576
f 2576 2578 2579
f 2576 2579 2580
f 2577 2576 2580
f 2577 2580 2032
f 593 2096 2581
f 593 2581 2578
f 2096 601 599
f 2096 599 2581
f 2581 599 600
f 2581 600 2582
f 2578 2581 2582
f 2578 2582 2579
f 2579 2582 2583
f 2579 2583 2584
f 2582 600 2095
f 2582 2095 2583
f 2583 2095 2094
f 2583 2094 1536
f 2584 2583 1536
f 2584 1536 592
f 2032 2580 2585
f 2032 2585 1525
f 2580 2579 2584
f 2580 2584 2585
f 2585 2584 592
f 2585 592 590
f 1525 2585 590
f 1525 590 591
f 597 596 2586
f 597 2586 1519
f 596 595 2577
f 596 2577 2586
f 2586 2577 2032
f 2586 2032 1522
f 1519 2586 1522
f 2401 2400 2587
f 2401 2587 2402
f 2400 373 372
f 2400 372 2587
f 2587 372 371
f 2587 371 2381
f 2402 2587 2381
f 2402 2381 663
f 665 664 2380
f 665 2380 2388
f 2388 2380 370
f 2388 370 657
f 2336 380 2337
f 775 774 2588
f 775 2588 781
f 774 2589 2590
f 774 2590 2588
f 2589 780 2590
f 2588 2590 2591
f 2590 780 779
f 2591 2590 779
f 2591 779 786
f 781 2588 2591
f 2591 786 785
f 781 2591 785
f 380 378 2592
f 378 379 2592
f 380 2592 2593
f 379 2594 2592
f 379 375 374
f 379 374 2594
f 2594 374 2593
f 2592 2594 2593
f 2593 374 384
f 2593 384 2595
f 2595 384 385
f 380 2593 2596
f 380 2596 2337
f 2593 2595 2596
f 2596 2595 385
f 2337 2596 385
f 2337 385 2369
f 2308 2335 2597
f 2308 2597 2309
f 2335 780 2589
f 2335 2589 2597
f 2597 2589 774
f 2597 774 771
f 2309 2597 771
f 2309 771 770
f 858 2598 857
f 858 2333 2599
f 858 2599 2598
f 857 2598 859
f 2333 2332 2600
f 2333 2600 2599
f 2332 2331 862
f 2332 862 2600
f 2600 862 863
f 2600 863 2321
f 2599 2600 2321
f 2599 2321 870
f 859 2598 2328
f 2598 2599 870
f 2598 870 869
f 2328 2598 869
f 2328 869 868
f 2314 2333 858
f 2314 858 2315
f 2315 858 856
f 2315 856 855
f 1390 2406 2601
f 1390 2601 1391
f 2406 1394 2601
f 1394 2602 2601
f 2602 1394 1393
f 2602 1393 2601
f 2601 1393 2407
f 2407 1387 1388
f 1391 2601 2603
f 2601 2407 2603
f 2603 2407 1388
f 2603 1388 2405
f 1392 1391 2403
f 1391 2603 2403
f 2403 2603 2405
f 1819 1980 1833
f 1980 1979 2604
f 1980 2604 1833
f 1833 2604 1831
f 1434 1830 2605
f 1434 2605 1436
f 1830 1430 2605
f 1436 2605 2606
f 1436 2606 1437
f 1430 2607 2605
f 1430 1431 1439
f 1430 1439 2607
f 2607 1439 1440
f 2607 1440 2606
f 2605 2607 2606
f 2606 1440 2608
f 2608 1440 1977
f 2608 1977 2609
f 2608 2609 2604
f 1437 2606 2610
f 1437 2610 1979
f 2606 2608 2610
f 2610 2608 2604
f 1979 2610 2604
f 1831 2604 2609
f 1831 2609 1832
f 1832 2609 1977
f 1832 1977 1824
f 2278 2306 2611
f 2278 2611 1964
f 2306 1950 2611
f 2611 1950 2612
f 2612 1950 1948
f 2612 1948 2611
f 2611 1948 1964
f 2277 2306 2278
f 2613 2614 2615
f 2613 2615 2616
f 2614 111 2617
f 2614 2617 2615
f 2615 2617 2618
f 2615 2618 2619
f 2616 2615 2619
f 2616 2619 2620
f 118 117 2621
f 118 2621 2622
f 117 109 112
f 117 112 2621
f 2621 112 111
f 2621 111 2614
f 2622 2621 2614
f 2622 2614 2613
f 126 2623 2624
f 126 2624 138
f 2623 2613 2616
f 2623 2616 2624
f 2624 2616 2620
f 2624 2620 2625
f 138 2624 2625
f 138 2625 137
f 124 2626 2627
f 124 2627 125
f 2626 118 2622
f 2626 2622 2627
f 2627 2622 2613
f 2627 2613 2623
f 125 2627 2623
f 125 2623 126
f 64 107 2628
f 64 2628 2618
f 107 54 2629
f 107 2629 2628
f 2628 2629 2620
f 2628 2620 2619
f 2618 2628 2619
f 54 53 2630
f 54 2630 2629
f 53 52 137
f 53 137 2630
f 2630 137 2625
f 2629 2630 2625
f 2629 2625 2620
f 61 63 2631
f 61 2631 110
f 63 64 2618
f 63 2618 2631
f 2631 2618 2617
f 110 2631 2617
f 110 2617 111
f 34 33 123
f 33 32 118
f 33 118 2626
f 123 33 2626
f 123 2626 124
f 275 2632 2633
f 275 2633 2634
f 2632 2635 2636
f 2632 2636 2633
f 2633 2636 277
f 2633 277 2403
f 2634 2633 2403
f 2634 2403 2011
f 272 273 2637
f 272 2637 2638
f 273 275 2634
f 273 2634 2637
f 2637 2634 2011
f 2637 2011 1459
f 2638 2637 1459
f 288 285 2639
f 288 2639 267
f 285 287 266
f 285 266 2639
f 2639 266 267
f 287 2640 2641
f 287 2641 266
f 2640 269 1462
f 2640 1462 2641
f 266 2641 1462
f 2642 2643 244
f 2642 244 276
f 2643 288 267
f 2643 267 244
f 2635 2644 276
f 2635 276 2636
f 2644 2642 276
f 2636 276 277
f 269 270 2645
f 269 2645 1462
f 270 271 1461
f 270 1461 2645
f 2645 1461 1469
f 1462 2645 1469
f 271 2646 1460
f 271 1460 1461
f 2646 272 2638
f 2646 2638 1460
f 1460 2638 1459
f 274 293 2632
f 293 298 2632
f 2632 298 2635
f 274 2632 275
f 282 281 2256
f 281 280 2647
f 281 2647 2256
f 2256 2647 2258
f 271 270 2646
f 2635 298 2644
f 298 297 2644
f 2644 297 296
f 2644 296 2642
f 287 286 2640
f 286 2648 2640
f 2640 2648 269
f 270 2649 2650
f 270 269 2648
f 270 2648 2649
f 2649 2648 286
f 2649 286 2651
f 2650 2649 2651
f 2650 2651 294
f 2260 2300 2652
f 2260 2652 2261
f 2652 2297 2296
f 2261 2652 2296
f 2261 2296 2264
f 280 279 2653
f 280 2653 2654
f 279 278 2298
f 279 2298 2653
f 2653 2298 2297
f 2653 2297 2655
f 2654 2653 2655
f 2654 2655 2656
f 2297 2652 2657
f 2297 2657 2655
f 2652 2300 2299
f 2652 2299 2657
f 2657 2299 1455
f 2657 1455 2658
f 2655 2657 2658
f 2655 2658 2656
f 1455 1454 2659
f 1455 2659 2658
f 1454 1453 2565
f 1454 2565 2659
f 2659 2565 2302
f 2659 2302 2660
f 2658 2659 2660
f 2658 2660 2656
f 2656 2660 2661
f 2656 2661 2654
f 2660 2302 2301
f 2660 2301 2661
f 2661 2301 2258
f 2661 2258 2647
f 2654 2661 2647
f 2654 2647 280
f 294 2651 2662
f 294 2662 295
f 2651 286 285
f 2651 285 2662
f 2662 285 284
f 2662 284 2663
f 295 2662 2663
f 295 2663 296
f 272 2646 2664
f 272 2664 273
f 2646 270 2650
f 2646 2650 2664
f 2664 2650 294
f 2664 294 291
f 273 2664 291
f 273 291 274
f 2642 296 2663
f 2642 2663 2643
f 2643 2663 284
f 2643 284 288
f 1322 2665 735
f 2665 1321 737
f 2665 737 736
f 735 2665 736
f 735 733 1322
f 728 1323 1322
f 728 1322 733
f 1332 1331 2666
f 1320 1169 737
f 1321 1320 737
f 1332 2666 1320
f 1320 2666 1169
f 1323 728 727
f 1324 1323 727
f 1324 727 726
f 2667 1324 1319
f 1324 726 1326
f 1324 1326 1319
f 1349 1346 1234
f 1349 1234 1197
f 1347 1349 2668
f 2668 1195 1194
f 2668 1194 1196
f 1349 1197 1195
f 1349 1195 2668
f 1370 1196 1170
f 1370 1170 1169
f 1347 2668 1370
f 1370 2668 1196
f 2669 1370 2666
f 2666 1370 1169
f 2669 2666 1331
f 2669 1331 2667
f 2670 2669 2667
f 2670 2667 1319
f 1346 1369 1234
f 1234 1369 1235
f 1346 2670 1369
f 1369 2670 1319
f 1369 1319 1371
f 2665 1322 1333
f 1321 2665 1333
f 1324 2667 1344
f 1332 1320 1329
f 2667 1331 1329
f 2667 1329 1344
f 2670 2671 2669
f 2669 2671 2672
f 2669 2672 1370
f 1348 1347 1370
f 2673 1348 2672
f 2672 1348 1370
f 1346 1348 2673
f 1346 2673 2672
f 1346 2672 2670
f 2670 2672 2671
f 1349 1348 1346
f 395 2385 2387
f 395 394 2674
f 2674 394 396
f 395 2674 396
f 2385 395 396
f 2385 396 2386
f 2382 2385 2386
f 2382 395 2387
f 2675 2677 2676
f 2680 2681 2682
f 2680 2682 2678
f 2683 2684 2685
f 2683 2685 2675
f 2684 14 13
f 2684 13 2685
f 2678 2686 2680
f 2680 2686 2687
f 2680 2687 2679
f 2688 2689 2690
f 2689 2691 2692
f 2690 2689 2692
f 2690 2692 2693
f 13 22 2694
f 13 2694 2685
f 2685 2694 2677
f 2685 2677 2675
f 2695 2696 2697
f 2695 2697 2698
f 2696 2688 2690
f 2696 2690 2697
f 2697 2690 2693
f 2697 2693 2699
f 2698 2697 2699
f 2698 2699 2700
f 2691 2683 2692
f 2683 2701 2692
f 2692 2701 2681
f 2692 2681 2693
f 2693 2681 2680
f 2693 2680 2699
f 2699 2680 2679
f 2699 2679 2700
f 2703 2705 2704
f 2704 2705 2706
f 2704 2706 2707
f 2704 2707 2708
f 31 14 2684
f 31 2684 2702
f 2702 2684 2683
f 2702 2683 2691
f 2711 2709 2710
f 46 45 2714
f 46 2714 2713
f 44 2714 45
f 44 2715 2714
f 2705 2714 2715
f 2713 2714 2705
f 2716 2713 2717
f 2695 2718 2719
f 2695 2719 2696
f 2718 2720 2721
f 2718 2721 2719
f 2719 2721 2722
f 2719 2722 2723
f 2696 2719 2723
f 2696 2723 2688
f 2688 2723 2689
f 2723 2722 2712
f 2723 2712 2689
f 2689 2712 2691
f 2716 2717 2725
f 2724 2716 2725
f 2724 2725 2726
f 2726 2727 2728
f 2726 2728 2724
f 2727 2729 2730
f 2727 2730 2728
f 2729 2731 2732
f 2729 2732 2730
f 2731 2733 2732
f 2728 2730 2734
f 2724 2728 2734
f 2735 2736 2737
f 2735 2737 2738
f 67 2735 2738
f 67 2738 69
f 2740 2679 2741
f 2739 2740 2741
f 2739 2741 2742
f 2737 2743 2744
f 2737 2744 2738
f 2743 2745 2746
f 2743 2746 2744
f 2744 2746 77
f 2744 77 76
f 2738 2744 76
f 2738 76 69
f 2747 2739 2742
f 2747 2742 2748
f 2736 2747 2748
f 2736 2748 2737
f 2679 2687 2741
f 2687 4892 2741
f 2741 4892 2749
f 2741 2749 2742
f 84 2724 2750
f 84 2750 85
f 2742 2751 2748
f 2742 2749 2751
f 2751 2745 2743
f 2748 2751 2743
f 2748 2743 2737
f 89 2752 2753
f 89 2753 90
f 2752 2754 2755
f 2752 2755 2753
f 2756 2757 2758
f 2756 2758 2759
f 2757 2695 2698
f 2757 2698 2758
f 2758 2698 2700
f 2758 2700 2760
f 2759 2758 2760
f 2759 2760 2761
f 2755 2736 2735
f 2755 2735 2753
f 2735 67 90
f 2753 2735 90
f 2754 2762 2763
f 2754 2763 2755
f 2762 2756 2759
f 2762 2759 2763
f 2763 2759 2761
f 2763 2761 2764
f 2755 2763 2764
f 2700 2679 2740
f 2700 2740 2760
f 2760 2740 2739
f 2760 2739 2761
f 46 2713 84
f 2713 2716 84
f 2761 2739 2747
f 2761 2747 2764
f 2764 2747 2736
f 2764 2736 2755
f 2717 2705 2765
f 2717 2765 2725
f 2705 2703 2765
f 2765 2703 2766
f 2725 2765 2766
f 2725 2766 2726
f 2733 2767 2768
f 2733 2768 2769
f 2767 2720 2718
f 2767 2718 2768
f 2768 2718 2695
f 2768 2695 2757
f 2769 2768 2757
f 2769 2757 2756
f 2713 2705 2717
f 2726 2770 2771
f 2726 2771 2727
f 2770 2772 2771
f 2771 2772 2773
f 2771 2773 2774
f 2727 2771 2774
f 2727 2774 2729
f 113 2775 2752
f 113 2752 89
f 2775 2776 2752
f 2752 2776 2754
f 2754 2777 2762
f 2754 2732 2777
f 2777 2732 2733
f 2777 2733 2769
f 2762 2777 2769
f 2762 2769 2756
f 2703 2778 2766
f 2703 2779 2780
f 2703 2780 2778
f 2778 2780 2770
f 2766 2778 2770
f 2766 2770 2726
f 2781 2782 2783
f 2781 2783 2784
f 2782 2785 2786
f 2782 2786 2783
f 2783 2786 2787
f 2783 2787 2788
f 2784 2783 2788
f 2784 2788 2708
f 127 130 2789
f 127 2789 2710
f 130 133 2790
f 130 2790 2789
f 2789 2790 2791
f 2710 2789 2791
f 2792 2793 2781
f 2792 2781 2784
f 2711 2792 2784
f 2711 2784 2708
f 2793 2712 2722
f 2793 2722 2794
f 2793 2794 2781
f 2722 2795 2796
f 2722 2796 2794
f 2795 2797 2796
f 2796 2797 2785
f 2796 2785 2782
f 2794 2796 2782
f 2794 2782 2781
f 133 140 2798
f 133 2798 2790
f 2790 2798 2712
f 2790 2712 2791
f 2708 2707 2711
f 2707 2706 2709
f 2711 2707 2709
f 2706 2705 47
f 2706 47 2709
f 2705 2715 47
f 47 2715 44
f 2681 2701 2799
f 2681 2799 2682
f 2701 2683 2675
f 2701 2675 2799
f 2799 2675 2676
f 2682 2799 2676
f 2682 2676 2678
f 2804 2803 2805
f 2822 2810 2802
f 2812 2822 2802
f 2811 2812 2802
f 2823 2811 2806
f 2813 2823 2806
f 2813 2806 2814
f 2815 2813 2816
f 2816 2813 2814
f 2816 2814 2817
f 2816 2817 2818
f 2821 2815 2816
f 2821 2816 2818
f 2808 2821 2819
f 2808 2819 2809
f 2813 2815 2820
f 2824 2825 2826
f 2825 160 2826
f 2828 160 2825
f 2824 2828 2825
f 2829 2830 2831
f 2831 2830 2832
f 2830 2826 2827
f 2830 2827 2832
f 2829 2824 2826
f 2829 2826 2830
f 2833 2834 2835
f 2835 2834 2836
f 2836 2834 2829
f 2836 2829 2831
f 2834 2837 2829
f 2837 2824 2829
f 2834 2838 2837
f 2837 2838 2824
f 2838 2839 2828
f 2838 2828 2824
f 2839 172 160
f 2839 160 2828
f 2838 2840 2839
f 2840 173 172
f 2840 172 2839
f 2842 2844 2843
f 2845 2846 2844
f 2845 2844 2842
f 2841 2845 2842
f 2847 2848 184
f 2847 184 2849
f 2849 184 183
f 2848 2850 184
f 2850 2851 186
f 2850 186 185
f 184 2850 185
f 2848 2852 2850
f 2852 2851 2850
f 2853 2854 193
f 2854 2855 193
f 2855 2847 2849
f 2855 2849 183
f 193 2855 183
f 2854 2847 2855
f 2834 2856 2838
f 2838 2856 2858
f 2838 2858 2857
f 2833 2859 2834
f 2834 2859 2856
f 198 2861 2862
f 2861 2860 2862
f 2827 2860 2832
f 2863 2861 198
f 2831 2860 2863
f 2831 2832 2860
f 2860 2861 2863
f 2865 2866 205
f 2865 205 204
f 2866 2867 205
f 205 2867 207
f 2867 206 207
f 2868 2869 208
f 2869 2865 204
f 2869 204 208
f 2851 2870 209
f 2851 209 186
f 2870 2868 209
f 2827 2826 2860
f 198 2862 210
f 2862 2860 2826
f 2862 2826 210
f 160 200 2826
f 200 210 2826
f 2841 2842 2871
f 2872 2871 2843
f 2843 2871 2842
f 2833 2873 2874
f 2833 2874 2875
f 2875 2874 2841
f 2846 2845 2874
f 2846 2874 2873
f 2845 2841 2874
f 2876 2870 2851
f 2876 2877 2870
f 2877 2868 2870
f 2844 2846 2876
f 2846 2873 2876
f 2876 2878 2877
f 2877 2878 2869
f 2877 2869 2868
f 2878 2879 2865
f 2878 2865 2869
f 2873 2880 2876
f 2873 2833 2879
f 2873 2879 2880
f 2880 2879 2878
f 2876 2880 2878
f 2833 2835 2881
f 2833 2881 2879
f 2835 2836 2882
f 2835 2882 2881
f 2879 2881 2866
f 2879 2866 2865
f 2881 2882 2867
f 2881 2867 2866
f 2882 2883 2867
f 2883 2863 2864
f 2883 2864 2867
f 2836 2831 2883
f 2836 2883 2882
f 2831 2863 2883
f 2884 2854 2853
f 2884 2847 2854
f 2843 2885 2872
f 2872 2885 2884
f 2884 2885 2848
f 2884 2848 2847
f 2885 2886 2852
f 2885 2852 2848
f 2886 2876 2851
f 2886 2851 2852
f 2843 2886 2885
f 2843 2844 2876
f 2843 2876 2886
f 198 227 2863
f 2864 2863 2867
f 206 2867 227
f 227 2867 2863
f 2853 2887 2884
f 2884 2887 2872
f 2887 2888 2872
f 2887 2889 2888
f 192 2890 193
f 193 2890 2853
f 2890 2891 2853
f 192 230 2891
f 192 2891 2890
f 2875 2892 2833
f 2892 2859 2833
f 2872 2888 2893
f 2872 2893 2871
f 2871 2893 2841
f 2838 2857 2894
f 2838 2894 2840
f 2840 2894 233
f 2840 233 173
f 2889 2895 2896
f 2889 2896 2888
f 2888 2896 2893
f 2841 2893 2897
f 2841 2897 2896
f 2893 2896 2897
f 2898 2899 2900
f 2898 2900 2901
f 2899 2904 2902
f 2904 2895 2889
f 2898 2905 2904
f 2905 2895 2904
f 2898 2904 2899
f 2858 2906 2857
f 2907 246 233
f 2907 233 2894
f 2906 2907 2894
f 2906 2894 2857
f 2906 2911 2907
f 2911 246 2907
f 3985 2909 2910
f 2908 3985 2910
f 2910 2909 2906
f 2909 2911 2906
f 2911 251 246
f 2912 2914 2913
f 2915 2913 2916
f 2917 2919 2918
f 2922 2923 2925
f 2925 2923 2859
f 2923 2924 2856
f 2923 2856 2859
f 2924 2858 2856
f 2924 2906 2858
f 2927 2928 2929
f 2926 2927 2929
f 2931 2932 2933
f 2934 2910 2906
f 2935 2936 2934
f 2936 2908 2910
f 2936 2910 2934
f 2937 2939 2938
f 2938 2940 2941
f 2938 2941 2942
f 2943 2945 2944
f 2947 2925 2859
f 2947 2859 2948
f 2922 2925 2947
f 4063 2922 2947
f 2933 2950 2951
f 2933 2951 2952
f 2950 2953 2954
f 2950 2954 2951
f 2951 2954 2955
f 2951 2955 2956
f 2952 2951 2956
f 2952 2956 2957
f 2841 2958 2875
f 2958 2947 2875
f 2875 2947 2892
f 2859 2892 2948
f 2892 2947 2948
f 2961 2960 2896
f 2961 2896 2895
f 2960 2959 2896
f 2959 2958 2896
f 2896 2958 2841
f 2962 2891 2964
f 2964 2891 230
f 2964 230 306
f 2963 2853 2891
f 2962 2963 2891
f 2853 2963 2887
f 2889 2887 2965
f 2889 2965 2904
f 2887 2963 2965
f 2965 2963 2902
f 2904 2965 2902
f 2899 2966 2900
f 2900 2966 2901
f 2967 2968 2969
f 2967 2969 2970
f 308 2967 2970
f 308 2970 310
f 310 2970 2971
f 310 2971 311
f 2970 2969 2972
f 2970 2972 2971
f 2968 2974 2969
f 2974 2968 2976
f 2977 319 2978
f 2968 2977 2978
f 2968 2967 2977
f 2967 308 2977
f 2977 308 319
f 2976 2968 2979
f 2979 2981 2980
f 2979 2983 2981
f 2983 327 2984
f 2981 2983 2984
f 2968 2978 2979
f 2978 319 327
f 2978 327 2983
f 2979 2978 2983
f 2982 2980 2985
f 2980 2981 2985
f 2986 2985 2987
f 2985 2989 2987
f 2989 338 337
f 2989 337 2990
f 2987 2989 2990
f 2987 2990 2988
f 2981 2984 2989
f 2981 2989 2985
f 2984 327 338
f 2984 338 2989
f 2987 2988 2991
f 2987 2991 2992
f 2991 2993 2994
f 2992 2991 2994
f 2992 2994 2995
f 2996 344 2997
f 2991 2996 2997
f 2991 2997 2993
f 2988 2990 2996
f 2988 2996 2991
f 2990 337 346
f 2990 346 2996
f 2996 346 344
f 2995 2994 2998
f 2995 2998 2999
f 2994 2993 3000
f 2994 3000 2998
f 2998 3000 3001
f 2999 2998 3002
f 3000 3003 3001
f 3003 354 353
f 2993 2997 3003
f 2993 3003 3000
f 2997 344 354
f 2997 354 3003
f 3004 3005 3006
f 3005 3007 3008
f 3006 3005 3008
f 3006 3008 3009
f 3010 2999 3002
f 3007 3010 3008
f 3007 3011 3010
f 3011 2995 2999
f 3011 2999 3010
f 3012 3013 3014
f 3013 3015 3016
f 3013 3016 3014
f 3012 3014 3016
f 3012 3016 3017
f 3021 3022 3023
f 3026 3027 3028
f 3025 3026 3028
f 2971 2972 3029
f 311 2971 3029
f 311 3029 387
f 2972 2973 3029
f 3037 3038 3039
f 3040 3042 3041
f 3041 3043 3044
f 3041 3044 3045
f 3047 3048 3049
f 3049 3048 3050
f 3052 3053 3054
f 3053 3055 3054
f 3056 3057 3058
f 3057 3059 3058
f 3058 3059 3060
f 3056 3058 3060
f 3056 3060 3061
f 3062 3064 3065
f 3068 3069 3070
f 3080 3081 3083
f 3085 3086 3087
f 3085 3087 3088
f 3084 3085 3088
f 3089 3090 3091
f 3082 3089 3091
f 3096 3097 3098
f 3102 3104 3103
f 3105 3106 3107
f 3106 3108 3107
f 3107 3109 3110
f 3111 3112 3113
f 3111 3114 3112
f 3112 3108 3106
f 3113 3112 3106
f 3113 3106 3105
f 3115 3116 3117
f 3119 3120 3121
f 3121 3122 3123
f 3124 3125 3126
f 3124 3126 3127
f 3125 3128 3129
f 3125 3129 3126
f 3126 3129 3130
f 3127 3126 3130
f 3131 3132 3133
f 3132 3134 3135
f 3132 3135 3133
f 3133 3135 3136
f 3137 3138 3139
f 3137 3140 3134
f 3137 3134 3138
f 3138 3134 3132
f 3139 3138 3132
f 3139 3132 3131
f 3141 3142 3143
f 3141 3143 3144
f 3142 3145 3143
f 3143 3145 3146
f 3144 3143 3146
f 3150 3152 3151
f 3159 3161 3160
f 3160 3162 3163
f 3164 3165 3166
f 3168 3169 3170
f 3170 3171 3172
f 3173 3175 3174
f 3174 3165 3164
f 3176 3178 3179
f 3176 3179 3177
f 3177 3179 3180
f 3177 3180 3176
f 3182 3183 3184
f 3183 3185 3186
f 3183 3186 3187
f 3184 3183 3187
f 3189 3182 3184
f 3188 3189 3190
f 3191 3176 3192
f 3191 3192 3193
f 3192 3176 3181
f 3193 3192 3181
f 3193 3181 3194
f 3195 3196 3197
f 3196 3198 3199
f 3196 3199 3200
f 3197 3196 3200
f 3202 3203 3204
f 3202 3204 3205
f 3201 3202 3206
f 3207 3208 3210
f 3211 3212 3213
f 3212 3214 3215
f 3212 3215 3216
f 3213 3212 3216
f 3218 3219 3220
f 3217 3218 3221
f 3222 3223 3224
f 3223 3225 3226
f 3223 3226 3227
f 3224 3223 3227
f 3219 3228 3220
f 3228 3229 3230
f 3228 3230 3231
f 3220 3228 3231
f 3232 3233 3234
f 3233 3235 3236
f 3233 3236 3234
f 3234 3236 3237
f 3232 3234 3237
f 3232 3237 3238
f 3240 3241 3242
f 3239 3240 3242
f 3243 3245 3246
f 3243 3246 3244
f 3244 3246 3247
f 3244 3247 3248
f 3249 3239 3250
f 3249 3250 3251
f 3255 3256 3257
f 3262 3264 3263
f 3263 3264 3265
f 3262 3263 3265
f 3266 3267 3012
f 3266 3012 3017
f 3267 3268 3269
f 3267 3269 3012
f 3270 3271 3273
f 3268 3274 3269
f 3274 3275 3015
f 3274 3015 3013
f 3269 3274 3013
f 3269 3013 3012
f 3276 3278 3277
f 3277 3279 3280
f 3281 3282 3283
f 3281 3283 3284
f 3282 3285 3283
f 3283 3285 3286
f 3284 3283 3286
f 3287 3288 3289
f 3287 3289 3290
f 3288 3291 3289
f 3289 3291 3292
f 3289 3292 3293
f 3290 3289 3293
f 3290 3293 3294
f 3295 3296 3297
f 3295 3297 3298
f 3296 3299 3285
f 3296 3285 3297
f 3297 3285 3282
f 3298 3297 3282
f 3298 3282 3281
f 3307 3308 3309
f 3311 3312 3310
f 3313 3310 3312
f 3314 3315 3316
f 3315 3317 3316
f 3316 3317 3318
f 3316 3318 3319
f 3314 3316 3319
f 3314 3319 3320
f 3300 3301 3304
f 3004 3325 3326
f 3325 3327 3328
f 3326 3325 3328
f 3326 3328 3329
f 3328 3327 3330
f 3327 3331 3330
f 3327 3333 3331
f 3333 3334 3332
f 3333 3332 3331
f 3334 3335 3332
f 3335 3337 3336
f 3335 3339 3337
f 3339 3340 3337
f 3011 3007 3341
f 2995 3011 3341
f 3341 3343 3342
f 3005 3004 3326
f 3005 3326 3329
f 3005 3329 3343
f 3007 3005 3343
f 3007 3343 3341
f 2987 3344 3345
f 2987 2992 3344
f 3345 3344 3346
f 2992 3347 3344
f 3347 3341 3344
f 2992 2995 3347
f 3347 2995 3341
f 2982 2985 3348
f 2982 3348 3349
f 2985 2986 3350
f 2985 3350 3348
f 3348 3350 3351
f 3350 2987 3345
f 3345 3346 3353
f 3350 3345 3353
f 3350 3353 3351
f 2986 2987 3350
f 3354 3355 3356
f 3355 3357 3358
f 3356 3355 3358
f 3348 3352 3359
f 3358 3348 3359
f 3360 2982 3349
f 3360 3349 3348
f 3357 3360 3348
f 3357 3348 3358
f 3361 3362 3363
f 3358 3361 3363
f 3354 3356 3363
f 3354 3363 3364
f 3356 3358 3363
f 3365 3364 3363
f 3366 3365 3363
f 3366 3363 3362
f 3367 3368 3369
f 3368 3370 3369
f 3367 3369 3370
f 3370 3368 3374
f 3375 3376 3377
f 3376 3378 3379
f 3377 3376 3379
f 3365 3380 3381
f 3340 3382 3337
f 3382 3381 3380
f 3338 3337 3382
f 3338 3382 3380
f 2973 2972 3383
f 3383 2972 2969
f 3383 2969 3384
f 3384 2969 3385
f 2975 3385 2969
f 2975 2969 2974
f 3386 3387 3388
f 3388 3389 3390
f 3390 3389 3385
f 3389 3384 3385
f 2973 3383 3030
f 3383 3384 3030
f 3031 3030 3384
f 3387 3391 3388
f 3389 3388 3384
f 3388 3392 3032
f 3388 3032 3031
f 3384 3388 3031
f 3391 3393 3392
f 3391 3392 3388
f 3395 3394 3396
f 3393 3395 3396
f 3393 3396 3392
f 3032 3392 3396
f 3032 3396 3397
f 3397 3396 3394
f 3032 3397 3398
f 3398 3397 3399
f 3400 3399 3397
f 3400 3397 3401
f 3401 3397 3394
f 2975 2974 3385
f 3385 2974 3390
f 3390 3402 3388
f 3390 2974 3402
f 3402 2974 3403
f 3388 3402 3386
f 2974 3404 3403
f 3405 3407 3406
f 3406 3407 3408
f 3405 3406 3408
f 3405 3408 3409
f 3409 3408 3410
f 3408 3407 3410
f 3300 3411 3401
f 3300 3401 3301
f 3411 3400 3401
f 3301 3401 3302
f 3412 3414 3413
f 3413 3415 3416
f 3302 3401 3394
f 3417 3418 3419
f 3418 3420 3419
f 3419 3420 3421
f 3422 3423 3424
f 3423 3425 3424
f 3424 3426 3427
f 3429 3430 3431
f 3432 3433 3434
f 3432 3435 3436
f 3432 3436 3433
f 3433 3436 3425
f 3433 3425 3423
f 3434 3433 3423
f 3434 3423 3422
f 3437 3438 3439
f 3437 3440 3441
f 3437 3441 3438
f 3438 3441 3442
f 3438 3442 3443
f 3439 3438 3443
f 3439 3443 3444
f 3446 3447 3448
f 3446 3448 3449
f 3445 3446 3449
f 3450 3451 3452
f 3453 3454 3455
f 3454 3456 3457
f 3454 3457 3458
f 3455 3454 3458
f 3354 3459 3355
f 3355 3459 3357
f 2982 3360 3460
f 3360 3357 3459
f 3360 3459 3461
f 3460 3360 3461
f 3462 3460 3459
f 3462 3459 3463
f 3460 3461 3459
f 3463 3459 3354
f 2976 2979 2974
f 2979 3464 3465
f 2974 2979 3465
f 2974 3465 3404
f 3465 3464 3466
f 3465 3466 3467
f 3404 3465 3467
f 3468 3460 3462
f 3468 3462 3469
f 3464 3468 3469
f 3464 3469 3466
f 2979 2980 3468
f 2980 2982 3460
f 2980 3460 3468
f 2979 3468 3464
f 3470 3472 3471
f 3471 3473 3474
f 3475 3476 3477
f 3476 3478 3477
f 3482 3478 3476
f 3482 3476 3475
f 3483 3485 3484
f 3484 3486 3487
f 3486 3489 3487
f 3486 3490 3489
f 3489 3491 3488
f 3487 3489 3488
f 3485 3492 3484
f 3485 3493 3492
f 3492 3490 3486
f 3484 3492 3486
f 3595 3495 3494
f 3496 3499 3500
f 3496 3500 3497
f 3499 3501 3502
f 3499 3502 3500
f 3500 3502 3503
f 3500 3503 3504
f 3497 3500 3504
f 3497 3504 3498
f 3495 3505 3494
f 3495 3506 3507
f 3495 3507 3505
f 3505 3507 3501
f 3505 3501 3499
f 3494 3505 3499
f 3494 3499 3496
f 3508 3510 3509
f 3512 3515 3513
f 3511 3514 3512
f 3510 3516 3509
f 3510 3517 3516
f 3516 3514 3511
f 3509 3516 3511
f 3518 3520 3519
f 3521 3524 3525
f 3521 3525 3522
f 3524 3526 3527
f 3524 3527 3525
f 3525 3527 3528
f 3525 3528 3523
f 3522 3525 3523
f 3520 3529 3519
f 3520 3530 3531
f 3520 3531 3529
f 3529 3531 3526
f 3529 3526 3524
f 3519 3529 3524
f 3519 3524 3521
f 3532 3534 3533
f 3535 3487 3536
f 3487 3488 3536
f 3534 3537 3533
f 3534 3483 3484
f 3534 3484 3537
f 3537 3484 3487
f 3533 3537 3487
f 3533 3487 3535
f 3513 3515 3538
f 3540 3495 3595
f 3539 3541 3540
f 3539 3542 3541
f 3541 3506 3495
f 3540 3541 3495
f 3515 3543 3538
f 3543 3542 3539
f 3538 3543 3539
f 3546 3510 3508
f 3545 3547 3546
f 3545 3548 3549
f 3545 3549 3547
f 3547 3549 3517
f 3547 3517 3510
f 3546 3547 3510
f 3523 3550 3544
f 3523 3528 3551
f 3523 3551 3550
f 3550 3551 3548
f 3550 3548 3545
f 3544 3550 3545
f 3554 3520 3518
f 3553 3555 3554
f 3553 3556 3555
f 3555 3530 3520
f 3554 3555 3520
f 3536 3557 3552
f 3536 3488 3557
f 3557 3556 3553
f 3552 3557 3553
f 3560 3534 3532
f 3559 3561 3562
f 3559 3562 3560
f 3561 3563 3564
f 3561 3564 3562
f 3562 3564 3483
f 3562 3483 3534
f 3560 3562 3534
f 3498 3504 3565
f 3498 3565 3558
f 3504 3503 3566
f 3504 3566 3565
f 3565 3566 3563
f 3565 3563 3561
f 3558 3565 3561
f 3558 3561 3559
f 3567 3568 3569
f 3567 3569 3570
f 3570 3532 3571
f 3569 3559 3560
f 3569 3560 3570
f 3570 3560 3532
f 3567 3498 3558
f 3567 3558 3568
f 3568 3558 3559
f 3568 3559 3569
f 3573 3553 3554
f 3573 3554 3576
f 3576 3554 3518
f 3576 3518 3577
f 3572 3536 3552
f 3552 3553 3573
f 3572 3552 3573
f 3758 3579 3580
f 3582 3583 3584
f 3585 3586 3546
f 3585 3546 3587
f 3586 3545 3546
f 3587 3546 3508
f 3587 3508 3584
f 3588 3523 3544
f 3588 3544 3589
f 3544 3545 3586
f 3589 3544 3586
f 3589 3586 3585
f 3591 3592 3593
f 3593 3592 3594
f 3594 3595 3596
f 3592 3539 3540
f 3592 3540 3594
f 3594 3540 3595
f 3590 3538 3591
f 3590 3513 3538
f 3538 3539 3592
f 3591 3538 3592
f 3571 3532 3597
f 3597 3598 3599
f 3599 3598 3600
f 3598 3535 3600
f 3535 3536 3600
f 3600 3536 3572
f 3532 3533 3597
f 3597 3533 3535
f 3597 3535 3598
f 3601 3602 3603
f 3603 3604 3605
f 3605 3606 3607
f 3605 3607 3603
f 3603 3607 3608
f 3603 3608 3601
f 3605 3609 3522
f 3605 3522 3610
f 3609 3521 3522
f 3610 3522 3523
f 3610 3523 3588
f 3577 3518 3519
f 3577 3519 3611
f 3519 3521 3609
f 3611 3519 3609
f 3611 3609 3605
f 3584 3583 3587
f 3587 3612 3585
f 3613 3614 3590
f 3581 3512 3614
f 3581 3511 3512
f 3512 3513 3590
f 3614 3512 3590
f 3584 3508 3509
f 3584 3509 3582
f 3509 3511 3581
f 3582 3509 3581
f 3596 3595 3615
f 3615 3616 3617
f 3617 3616 3618
f 3617 3618 3567
f 3616 3496 3497
f 3616 3497 3618
f 3618 3497 3498
f 3618 3498 3567
f 3595 3494 3615
f 3615 3494 3496
f 3615 3496 3616
f 3622 3624 3623
f 3619 3625 3620
f 3625 3626 3620
f 3620 3626 3621
f 3627 3629 3630
f 3627 3630 3628
f 3628 3630 3631
f 3628 3631 3632
f 3632 3631 3634
f 3632 3634 3633
f 3633 3634 3635
f 3631 3636 3637
f 3631 3637 3634
f 3636 3638 3639
f 3636 3639 3637
f 3637 3639 3640
f 3637 3640 3641
f 3634 3637 3641
f 3634 3641 3635
f 3629 3642 3643
f 3629 3643 3630
f 3642 3462 3644
f 3642 3644 3643
f 3643 3644 3638
f 3643 3638 3636
f 3630 3643 3636
f 3630 3636 3631
f 3491 3646 3647
f 3491 3647 3645
f 3645 3647 3648
f 3645 3648 3649
f 3647 3403 3648
f 3648 3403 3404
f 3646 3650 3647
f 3647 3650 3403
f 3651 3653 3654
f 3651 3654 3652
f 3652 3654 3655
f 3652 3655 3656
f 3656 3655 3658
f 3656 3658 3657
f 3657 3658 3659
f 3657 3659 3493
f 3655 3660 3661
f 3655 3661 3658
f 3660 3662 3661
f 3658 3661 3659
f 3653 3663 3664
f 3653 3664 3654
f 3663 3662 3664
f 3664 3662 3660
f 3654 3664 3660
f 3654 3660 3655
f 3623 3666 3665
f 3665 3666 3667
f 3665 3667 3668
f 3668 3667 3670
f 3668 3670 3669
f 3669 3670 3653
f 3669 3653 3651
f 3667 3671 3672
f 3667 3672 3670
f 3670 3672 3663
f 3670 3663 3653
f 3623 3624 3673
f 3623 3673 3666
f 3666 3673 3671
f 3666 3671 3667
f 3675 3677 3676
f 3675 3678 3677
f 3676 3677 3625
f 3676 3625 3619
f 3635 3641 3679
f 3635 3679 3674
f 3641 3640 3680
f 3641 3680 3679
f 3679 3680 3678
f 3679 3678 3675
f 3674 3679 3675
f 3649 3648 3682
f 3649 3682 3681
f 3681 3682 3683
f 3684 3629 3627
f 3683 3685 3686
f 3683 3686 3684
f 3685 3466 3469
f 3685 3469 3686
f 3686 3469 3462
f 3686 3462 3642
f 3684 3686 3642
f 3684 3642 3629
f 3648 3404 3467
f 3648 3467 3682
f 3467 3466 3685
f 3682 3467 3685
f 3682 3685 3683
f 3543 3687 3542
f 3542 3687 3541
f 3541 3688 3506
f 3687 3621 3622
f 3687 3622 3541
f 3541 3622 3623
f 3541 3623 3688
f 3515 3620 3543
f 3515 3619 3620
f 3620 3621 3687
f 3543 3620 3687
f 3528 3689 3690
f 3528 3690 3551
f 3551 3690 3691
f 3551 3691 3548
f 3548 3691 3692
f 3548 3692 3549
f 3549 3692 3693
f 3549 3693 3517
f 3691 3632 3633
f 3691 3633 3692
f 3692 3633 3635
f 3692 3635 3693
f 3689 3627 3694
f 3689 3694 3690
f 3627 3628 3694
f 3694 3628 3632
f 3694 3632 3691
f 3690 3694 3691
f 3557 3695 3556
f 3556 3695 3555
f 3555 3696 3530
f 3695 3645 3555
f 3555 3645 3649
f 3555 3649 3696
f 3488 3491 3645
f 3488 3645 3557
f 3557 3645 3695
f 3503 3697 3698
f 3503 3698 3566
f 3566 3698 3699
f 3566 3699 3563
f 3563 3699 3564
f 3564 3485 3483
f 3699 3656 3657
f 3699 3657 3564
f 3564 3657 3493
f 3564 3493 3485
f 3697 3651 3652
f 3697 3652 3698
f 3652 3656 3699
f 3698 3652 3699
f 3506 3688 3700
f 3506 3700 3507
f 3507 3700 3701
f 3507 3701 3501
f 3501 3701 3702
f 3501 3702 3502
f 3502 3702 3697
f 3502 3697 3503
f 3701 3668 3669
f 3701 3669 3702
f 3702 3669 3651
f 3702 3651 3697
f 3688 3623 3665
f 3688 3665 3700
f 3700 3665 3668
f 3700 3668 3701
f 3517 3693 3516
f 3516 3703 3514
f 3514 3703 3512
f 3703 3675 3676
f 3703 3676 3512
f 3676 3619 3515
f 3512 3676 3515
f 3693 3674 3516
f 3693 3635 3674
f 3516 3674 3675
f 3516 3675 3703
f 3530 3696 3704
f 3530 3704 3531
f 3531 3704 3705
f 3531 3705 3526
f 3526 3705 3706
f 3526 3706 3527
f 3527 3706 3689
f 3527 3689 3528
f 3705 3683 3707
f 3705 3707 3706
f 3683 3684 3707
f 3707 3684 3627
f 3706 3707 3627
f 3706 3627 3689
f 3696 3649 3681
f 3696 3681 3704
f 3704 3681 3683
f 3704 3683 3705
f 3744 3708 3709
f 3744 3709 3745
f 3745 3395 3393
f 3709 3394 3395
f 3745 3709 3395
f 3708 3321 3710
f 3708 3710 3709
f 3713 3321 3708
f 3713 3322 3321
f 3712 3304 3322
f 3712 3322 3713
f 3711 3712 3713
f 3714 3716 3715
f 3718 3717 3719
f 3716 3717 3715
f 3716 3720 3717
f 3717 3720 3323
f 3722 3305 3304
f 3722 3304 3712
f 3719 3717 3722
f 3719 3722 3721
f 3717 3323 3305
f 3717 3305 3722
f 3625 3723 3626
f 3626 3724 3621
f 3621 3724 3622
f 3622 3725 3624
f 3723 3726 3626
f 3626 3726 3724
f 3724 3726 3725
f 3724 3725 3622
f 3726 3722 3712
f 3726 3712 3725
f 3725 3712 3711
f 3726 3719 3721
f 3726 3721 3722
f 3662 3727 3728
f 3662 3728 3729
f 3729 3728 3730
f 3729 3730 3731
f 3731 3730 3387
f 3731 3387 3386
f 3728 3732 3730
f 3727 3732 3728
f 3640 3734 3735
f 3640 3735 3680
f 3734 3736 3737
f 3734 3737 3735
f 3735 3737 3738
f 3680 3735 3738
f 3680 3738 3678
f 3678 3738 3739
f 3678 3739 3677
f 3677 3739 3723
f 3677 3723 3625
f 3737 3740 3738
f 3738 3740 3739
f 3740 3726 3739
f 3739 3726 3723
f 3740 3717 3718
f 3740 3718 3726
f 3726 3718 3719
f 3736 3714 3715
f 3736 3715 3737
f 3715 3717 3740
f 3737 3715 3740
f 3624 3725 3673
f 3673 3741 3671
f 3671 3741 3672
f 3672 3742 3663
f 3672 3744 3742
f 3673 3725 3743
f 3673 3743 3741
f 3741 3743 3672
f 3743 3713 3708
f 3743 3708 3672
f 3672 3708 3744
f 3725 3711 3713
f 3725 3713 3743
f 3663 3742 3662
f 3662 3733 3727
f 3742 3744 3662
f 3662 3745 3733
f 3733 3745 3746
f 3745 3393 3746
f 3662 3744 3745
f 3493 3747 3492
f 3493 3659 3747
f 3747 3748 3490
f 3492 3747 3490
f 3490 3749 3489
f 3490 3748 3750
f 3490 3750 3749
f 3749 3750 3646
f 3749 3646 3491
f 3489 3749 3491
f 3748 3751 3752
f 3748 3752 3750
f 3751 3729 3731
f 3751 3731 3752
f 3752 3731 3386
f 3752 3386 3753
f 3750 3752 3753
f 3750 3753 3646
f 3659 3661 3747
f 3661 3662 3729
f 3661 3729 3751
f 3747 3661 3751
f 3747 3751 3748
f 3732 3727 3733
f 3732 3733 3746
f 3387 3730 3391
f 3732 3391 3730
f 3755 3567 3570
f 3755 3570 3571
f 3755 3571 3754
f 3754 3567 3755
f 3756 3599 3600
f 3756 3600 3754
f 3754 3600 3572
f 3754 3571 3597
f 3754 3597 3599
f 3754 3599 3756
f 3754 3575 3758
f 3754 3758 3757
f 3754 3572 3574
f 3754 3574 3575
f 3757 3758 3580
f 3757 3580 3759
f 3757 3761 3760
f 3761 3613 3590
f 3761 3590 3760
f 3757 3762 3613
f 3757 3613 3761
f 3763 3593 3594
f 3763 3594 3596
f 3763 3596 3764
f 3760 3765 3757
f 3760 3590 3591
f 3760 3591 3765
f 3765 3591 3593
f 3765 3593 3763
f 3757 3765 3763
f 3757 3763 3754
f 3766 3617 3567
f 3766 3567 3754
f 3763 3766 3754
f 3764 3596 3615
f 3764 3615 3763
f 3763 3615 3617
f 3763 3617 3766
f 3736 3767 3480
f 3767 3768 3480
f 3768 3309 3769
f 3768 3769 3480
f 3480 3769 3310
f 3767 3770 3768
f 3770 3307 3309
f 3770 3309 3768
f 3640 3639 3734
f 3639 3638 3771
f 3639 3771 3772
f 3639 3772 3734
f 3734 3772 3767
f 3734 3767 3736
f 3772 3773 3774
f 3772 3774 3767
f 3773 3775 3776
f 3773 3776 3774
f 3774 3776 3307
f 3774 3307 3770
f 3767 3774 3770
f 3638 3644 3777
f 3638 3777 3771
f 3644 3462 3778
f 3644 3778 3777
f 3777 3778 3775
f 3777 3775 3773
f 3771 3777 3773
f 3771 3773 3772
f 3736 3480 3714
f 3714 3480 3481
f 3714 3481 3716
f 3716 3481 3779
f 3716 3779 3720
f 3313 3779 3481
f 3308 3310 3769
f 3308 3769 3309
f 3313 3324 3779
f 3302 3394 3709
f 3302 3709 3710
f 3365 3781 3380
f 3338 3380 3781
f 3338 3781 3780
f 3782 3784 3783
f 3785 3788 3789
f 3785 3789 3786
f 3788 3790 3791
f 3788 3791 3789
f 3789 3791 3792
f 3789 3792 3793
f 3786 3789 3793
f 3786 3793 3787
f 3784 3794 3783
f 3794 3795 3790
f 3794 3790 3788
f 3783 3794 3788
f 3783 3788 3785
f 3797 3800 3798
f 3797 3801 3800
f 3800 3802 3799
f 3798 3800 3799
f 3796 3803 3797
f 3804 3806 3805
f 3807 3810 3808
f 3807 3811 3812
f 3807 3812 3810
f 3810 3812 3813
f 3810 3813 3809
f 3808 3810 3809
f 3806 3814 3805
f 3806 3815 3816
f 3806 3816 3814
f 3814 3816 3811
f 3814 3811 3807
f 3805 3814 3807
f 3818 3821 3819
f 3818 3822 3821
f 3821 3823 3820
f 3819 3821 3820
f 3817 3822 3818
f 3817 3824 3822
f 3827 3784 3782
f 3826 3828 3827
f 3828 3829 3795
f 3828 3795 3794
f 3827 3828 3794
f 3827 3794 3784
f 3799 3830 3825
f 3799 3802 3831
f 3799 3831 3830
f 3830 3831 3829
f 3830 3829 3828
f 3825 3830 3828
f 3825 3828 3826
f 3833 3803 3834
f 3833 3835 3803
f 3834 3803 3796
f 3809 3836 3832
f 3809 3813 3837
f 3809 3837 3836
f 3836 3837 3835
f 3836 3835 3833
f 3832 3836 3833
f 3840 3806 3804
f 3839 3841 3840
f 3839 3842 3843
f 3839 3843 3841
f 3841 3843 3815
f 3841 3815 3806
f 3840 3841 3806
f 3820 3844 3838
f 3820 3823 3845
f 3820 3845 3844
f 3844 3845 3842
f 3844 3842 3839
f 3838 3844 3839
f 3847 3849 3848
f 3847 3850 3849
f 3849 3824 3817
f 3848 3849 3817
f 3787 3793 3851
f 3787 3851 3846
f 3793 3792 3852
f 3793 3852 3851
f 3851 3852 3850
f 3851 3850 3847
f 3846 3851 3847
f 3853 3855 3854
f 3856 3847 3848
f 3856 3848 3857
f 3857 3848 3817
f 3857 3817 3858
f 3855 3787 3846
f 3855 3846 3854
f 3846 3847 3856
f 3854 3846 3856
f 3859 3860 3862
f 3863 3864 3865
f 3863 3865 3866
f 3866 3865 3867
f 3866 3867 3861
f 3861 3840 3866
f 3861 3839 3840
f 3866 3840 3804
f 3866 3804 3863
f 3859 3820 3838
f 3859 3838 3860
f 3838 3839 3861
f 3860 3838 3861
f 3868 3869 3870
f 3868 3870 3871
f 3871 3870 3872
f 3871 3872 3873
f 3981 3875 3876
f 3877 3833 3878
f 3833 3834 3878
f 3878 3834 3796
f 3878 3796 3879
f 3868 3809 3832
f 3868 3832 3880
f 3880 3832 3833
f 3880 3833 3877
f 3881 3883 3882
f 3884 3827 3885
f 3884 3826 3827
f 3827 3782 3886
f 3885 3827 3886
f 3883 3799 3825
f 3883 3825 3882
f 3882 3825 3826
f 3882 3826 3884
f 3888 3818 3889
f 3818 3819 3889
f 3889 3819 3820
f 3889 3820 3859
f 3858 3817 3887
f 3817 3818 3887
f 3887 3818 3888
f 3862 3890 3891
f 3891 3892 3975
f 3893 3894 3895
f 3895 3896 3975
f 3873 3807 3871
f 3807 3808 3871
f 3871 3808 3809
f 3871 3809 3868
f 3863 3804 3897
f 3804 3805 3897
f 3897 3805 3807
f 3897 3807 3873
f 3898 3899 3900
f 3898 3900 3901
f 3901 3900 3902
f 3901 3902 3879
f 3876 3903 3881
f 3903 3898 3883
f 3903 3883 3881
f 3898 3797 3798
f 3898 3798 3883
f 3883 3798 3799
f 3879 3796 3901
f 3796 3797 3901
f 3901 3797 3898
f 3906 3855 3853
f 3905 3785 3786
f 3905 3786 3906
f 3906 3786 3787
f 3906 3787 3855
f 3886 3783 3904
f 3886 3782 3783
f 3904 3783 3785
f 3904 3785 3905
f 3908 3909 3910
f 3907 3916 3917
f 3907 3917 3908
f 3916 3329 3328
f 3916 3328 3917
f 3917 3328 3330
f 3917 3330 3909
f 3908 3917 3909
f 3341 3918 3344
f 3346 3344 3919
f 3344 3918 3919
f 3920 3919 3918
f 3922 3911 3923
f 3921 3922 3923
f 3915 3914 3924
f 3924 3914 3925
f 3926 3921 3927
f 3927 3921 3923
f 3928 3913 3929
f 3928 3929 3911
f 3922 3928 3911
f 3920 3930 3931
f 3931 3930 3932
f 3930 3933 3932
f 3930 3342 3343
f 3930 3343 3933
f 3933 3343 3329
f 3933 3329 3916
f 3932 3933 3916
f 3932 3916 3907
f 3918 3341 3342
f 3918 3342 3920
f 3920 3342 3930
f 3824 3934 3822
f 3822 3934 3821
f 3821 3935 3823
f 3934 3353 3821
f 3934 3351 3353
f 3353 3346 3935
f 3821 3353 3935
f 3824 3936 3937
f 3936 3352 3348
f 3936 3348 3937
f 3937 3348 3351
f 3937 3351 3934
f 3824 3937 3934
f 3815 3938 3816
f 3816 3938 3939
f 3816 3939 3811
f 3811 3939 3812
f 3812 3940 3813
f 3939 3931 3812
f 3931 3932 3812
f 3812 3932 3907
f 3812 3907 3940
f 3938 3920 3931
f 3938 3931 3939
f 3941 3914 3922
f 3941 3922 3921
f 3944 3945 3946
f 3944 3946 3947
f 3914 3928 3922
f 3928 3914 3913
f 3795 3948 3949
f 3795 3949 3950
f 3795 3950 3790
f 3790 3950 3791
f 3791 3951 3792
f 3950 3952 3953
f 3950 3953 3791
f 3952 3362 3361
f 3952 3361 3953
f 3953 3361 3358
f 3953 3358 3954
f 3791 3953 3954
f 3791 3954 3951
f 3948 3955 3956
f 3948 3956 3949
f 3955 3365 3366
f 3955 3366 3956
f 3956 3366 3362
f 3956 3362 3952
f 3949 3956 3952
f 3949 3952 3950
f 3792 3951 3852
f 3852 3957 3850
f 3850 3957 3849
f 3957 3958 3959
f 3957 3959 3849
f 3958 3358 3359
f 3958 3359 3959
f 3959 3359 3352
f 3959 3352 3936
f 3849 3959 3936
f 3849 3936 3824
f 3951 3954 3960
f 3951 3960 3852
f 3954 3358 3960
f 3960 3358 3958
f 3852 3960 3958
f 3852 3958 3957
f 3823 3935 3961
f 3823 3961 3845
f 3845 3961 3962
f 3845 3962 3842
f 3842 3962 3938
f 3842 3938 3843
f 3843 3938 3815
f 3962 3963 3919
f 3962 3919 3938
f 3938 3919 3920
f 3935 3964 3961
f 3935 3346 3919
f 3935 3919 3964
f 3964 3919 3963
f 3961 3964 3963
f 3961 3963 3962
f 3813 3940 3837
f 3837 3965 3835
f 3967 3966 3968
f 3940 3969 3837
f 3940 3907 3908
f 3940 3908 3969
f 3969 3908 3910
f 3969 3910 3965
f 3837 3969 3965
f 3829 3831 3970
f 3829 3970 3795
f 3831 3955 3970
f 3970 3955 3948
f 3970 3948 3795
f 3831 3781 3955
f 3955 3781 3365
f 3802 3780 3781
f 3802 3781 3831
f 3972 3856 3857
f 3972 3857 3971
f 3971 3857 3858
f 3971 3853 3854
f 3971 3854 3856
f 3971 3856 3972
f 3973 3974 3981
f 3973 3888 3889
f 3973 3889 3974
f 3974 3889 3859
f 3974 3859 3981
f 3981 3971 3973
f 3971 3858 3887
f 3971 3887 3973
f 3973 3887 3888
f 3981 3859 3862
f 3981 3862 3891
f 3981 3891 3975
f 3975 3893 3895
f 3975 3976 3893
f 3975 3977 3981
f 3975 3979 3978
f 3975 3978 3977
f 3981 3876 3881
f 3981 3881 3980
f 3981 3884 3885
f 3981 3885 3886
f 3981 3886 3982
f 3981 3980 3983
f 3980 3881 3882
f 3980 3882 3983
f 3983 3882 3884
f 3983 3884 3981
f 3981 3984 3971
f 3984 3905 3906
f 3984 3906 3853
f 3984 3853 3971
f 3981 3982 3984
f 3982 3886 3904
f 3982 3904 3984
f 3984 3904 3905
f 251 2911 1385
f 1385 2911 3003
f 1385 3003 353
f 2911 2909 3001
f 2911 3001 3003
f 2909 3985 3001
f 3985 3002 2998
f 3001 3985 2998
f 3993 3994 3995
f 3992 3993 3995
f 3996 3997 3999
f 4001 4002 4003
f 4000 4001 4003
f 4005 4006 4007
f 4004 4005 4007
f 4009 3996 3999
f 4011 4012 4013
f 4015 4016 4017
f 4014 4015 4017
f 4019 4020 4021
f 4020 4022 4023
f 4020 4023 4024
f 4021 4020 4024
f 4026 4027 4028
f 4025 4026 4028
f 4030 4019 4021
f 4032 4033 4034
f 4031 4032 4034
f 4035 4036 4037
f 4036 4038 4039
f 4036 4039 4040
f 4037 4036 4040
f 4041 4042 4043
f 4002 4044 4045
f 4002 4045 4003
f 4044 4046 4047
f 4044 4047 4045
f 4003 4045 4000
f 2814 2959 4048
f 4049 4050 4051
f 4050 4052 4053
f 4050 4053 4054
f 4051 4050 4054
f 4051 4054 4055
f 4060 4062 4061
f 4060 4061 2800
f 2803 2804 2958
f 2803 2958 2959
f 2800 4061 4064
f 4065 4052 4066
f 2818 4065 4067
f 4067 4059 2819
f 2803 2959 2806
f 2814 2806 2959
f 2819 4059 2809
f 2803 2806 2802
f 2803 2802 2805
f 2805 2802 4068
f 4068 2802 4069
f 2811 2802 2806
f 4063 4069 4064
f 4064 4069 2800
f 2809 4069 2808
f 2808 4069 2807
f 2804 2805 4063
f 2805 4068 4063
f 4063 4068 4069
f 2807 4069 2810
f 2810 4069 2802
f 2801 2800 2809
f 2809 2800 4069
f 4060 2800 4059
f 2801 4059 2800
f 2958 2804 2947
f 2804 4063 2947
f 2822 4070 2810
f 2810 4070 2807
f 2823 4071 2811
f 2815 4072 2820
f 2808 4073 4074
f 2808 4074 2821
f 2807 4070 4073
f 2807 4073 2808
f 2811 4071 2822
f 2811 2822 2812
f 2820 4075 2813
f 2813 4075 2823
f 2821 4074 4072
f 2821 4072 2815
f 4078 4073 4070
f 4076 4078 2822
f 2822 4078 4070
f 4079 4076 2822
f 4079 2822 4071
f 4080 4071 2823
f 4080 4079 4071
f 4080 2823 4075
f 4080 4075 2820
f 4080 2820 4072
f 4080 4072 4074
f 4076 4080 4074
f 4076 4074 4078
f 4078 4074 4073
f 4080 4077 4081
f 4079 4081 4077
f 4079 4077 4076
f 4076 4082 4080
f 4076 4077 4082
f 4082 4077 4080
f 4080 4081 4079
f 2966 2899 4083
f 2966 4083 2902
f 2966 2902 2903
f 2902 4083 2899
f 2963 2903 2902
f 2962 2966 2903
f 2962 2903 2963
f 2901 2966 2962
f 3310 4084 3480
f 3313 3481 4084
f 3313 4084 3310
f 3481 3480 4084
f 3313 4085 3324
f 4086 3324 4085
f 3720 3779 3324
f 3323 3720 3324
f 3304 3305 3306
f 4086 3323 3324
f 4086 3306 3305
f 4086 3305 3323
f 4086 4087 3306
f 3300 3304 3306
f 3300 3306 4087
f 3322 3304 3301
f 3321 3322 3301
f 3321 3301 3303
f 3303 3301 3710
f 3302 3710 3301
f 3303 3710 3321
f 4088 4089 4090
f 4088 4090 4091
f 4089 4092 4090
f 4091 4090 4093
f 4091 4093 4094
f 4094 4093 4095
f 4094 4095 4096
f 4095 4097 4098
f 4096 4095 4098
f 4096 4098 3191
f 3182 4099 4100
f 3182 4100 3183
f 4099 4101 4100
f 3183 4100 4102
f 3183 4102 3185
f 3185 4102 4103
f 3185 4103 4104
f 4103 4092 4089
f 4104 4103 4089
f 4104 4089 4088
f 3188 4105 4106
f 3188 4106 3189
f 4105 4107 4106
f 4106 4107 4101
f 4106 4101 4099
f 3189 4106 4099
f 3189 4099 3182
f 3178 4108 4109
f 3178 4109 4110
f 4108 3334 4107
f 4108 4107 4109
f 4109 4107 4105
f 4110 4109 4105
f 4110 4105 3188
f 3191 4098 4111
f 3191 4111 3176
f 4098 4097 4112
f 4098 4112 4111
f 4111 4112 3334
f 4111 3334 4108
f 3176 4111 4108
f 3176 4108 3178
f 3203 4113 4114
f 3203 4114 4115
f 4113 4116 4114
f 4115 4114 4117
f 4115 4117 4118
f 4118 4117 4119
f 4118 4119 4120
f 4119 4092 4121
f 4120 4119 4121
f 4120 4121 3195
f 3207 4122 3208
f 4122 4123 4124
f 4122 4124 4125
f 3208 4122 4125
f 3208 4125 3209
f 4126 4127 4128
f 4126 4128 4129
f 4127 4101 4123
f 4127 4123 4128
f 4128 4123 4122
f 4129 4128 4122
f 4129 4122 3207
f 3198 4102 4100
f 3198 4100 4130
f 4100 4101 4127
f 4130 4100 4127
f 4130 4127 4126
f 3195 4121 4102
f 3195 4102 3196
f 4121 4092 4103
f 4121 4103 4102
f 3196 4102 3198
f 3209 4125 4131
f 3209 4131 4132
f 4125 4124 4131
f 4132 4131 4133
f 4132 4133 3201
f 3201 4133 4134
f 3201 4134 3202
f 4134 4116 4113
f 3202 4134 4113
f 3202 4113 3203
f 4135 4136 4137
f 4135 4137 4138
f 4136 1547 4137
f 4138 4137 3217
f 3217 4137 4139
f 3217 4139 3218
f 4139 4116 4140
f 3218 4139 4140
f 3218 4140 3219
f 3225 4141 4142
f 4141 4143 1552
f 4141 1552 4144
f 4142 4141 4144
f 4142 4144 3211
f 3222 4145 4141
f 3222 4141 3223
f 4145 4124 4143
f 4145 4143 4141
f 3223 4141 3225
f 3229 4133 4131
f 3229 4131 4146
f 4131 4124 4145
f 4146 4131 4145
f 4146 4145 3222
f 3219 4140 4147
f 3219 4147 3228
f 4140 4116 4134
f 4140 4134 4147
f 4147 4134 4133
f 3228 4147 4133
f 3228 4133 3229
f 3214 1560 1559
f 3214 1559 4148
f 1559 1547 4136
f 4148 1559 4136
f 4148 4136 4135
f 3211 4144 1561
f 3211 1561 3212
f 4144 1552 1561
f 3212 1561 1560
f 3212 1560 3214
f 3163 4149 4150
f 3163 4150 3160
f 4149 1563 4150
f 3160 4150 3159
f 3159 4150 4151
f 3159 4151 4152
f 4152 4151 4154
f 3167 4137 3166
f 4137 1547 4155
f 3166 4137 4155
f 3166 4155 3164
f 3168 4156 4139
f 3168 4139 4157
f 4156 4116 4139
f 4157 4139 4137
f 4157 4137 3167
f 3172 4158 4159
f 3172 4159 3170
f 4159 4116 4156
f 3170 4159 4156
f 3170 4156 3168
f 4154 4151 4160
f 4154 4160 4161
f 4151 4153 4160
f 4161 4160 4158
f 4161 4158 3172
f 3173 1577 4162
f 3173 4162 4163
f 1577 1578 4162
f 4162 1578 1563
f 4162 1563 4149
f 4163 4162 4149
f 4163 4149 3163
f 3164 4155 4164
f 3164 4164 3174
f 4155 1547 1580
f 4155 1580 4164
f 4164 1580 1577
f 3174 4164 1577
f 3174 1577 3173
f 3156 4165 4166
f 4166 4165 4167
f 4166 4167 3149
f 3149 4167 4168
f 3149 4168 3148
f 4168 4169 3147
f 3148 4168 3147
f 3150 4117 4170
f 3150 4170 4171
f 4117 4114 4170
f 4170 4114 4116
f 4171 4170 4172
f 3153 4173 4119
f 3153 4119 3151
f 4173 4092 4119
f 3151 4119 4117
f 3151 4117 3150
f 3154 4174 4173
f 3154 4173 4175
f 4175 4173 3153
f 3147 4174 3155
f 3147 4169 4174
f 3155 4174 3154
f 4172 4170 4176
f 4172 4176 4177
f 4170 4116 4159
f 4170 4159 4176
f 4176 4159 4158
f 4177 4176 4158
f 4177 4158 3158
f 3158 4158 4160
f 3158 4160 3157
f 4160 4153 4165
f 3157 4160 4165
f 3157 4165 3156
f 3131 4178 4179
f 3131 4179 3139
f 4178 4169 4179
f 3139 4179 4180
f 3139 4180 3137
f 3137 4180 4181
f 3137 4181 4182
f 4181 4183 4184
f 4182 4181 4184
f 4182 4184 4185
f 3146 4093 4090
f 3146 4090 3144
f 4090 4092 4186
f 3144 4090 4186
f 3144 4186 3141
f 3124 4187 4188
f 3124 4188 4189
f 4187 4097 4095
f 4187 4095 4188
f 4188 4095 4093
f 4189 4188 4093
f 4189 4093 3146
f 4185 4184 4190
f 4185 4190 4191
f 4184 4183 4190
f 4191 4190 4192
f 4191 4192 3130
f 3130 4192 4193
f 3130 4193 3127
f 4192 4190 4193
f 4193 4190 4097
f 4193 4097 4187
f 3127 4193 4187
f 3127 4187 3124
f 3141 4186 4194
f 3141 4194 4195
f 4186 4092 4173
f 4186 4173 4194
f 4194 4173 4174
f 4194 4174 4196
f 4195 4194 4196
f 4195 4196 3136
f 3136 4196 4197
f 3136 4197 3133
f 4196 4174 4197
f 4197 4174 4169
f 4197 4169 4178
f 3133 4197 4178
f 3133 4178 3131
f 3105 4198 4199
f 3105 4199 3113
f 4198 1616 4199
f 3113 4199 3111
f 3111 4199 4200
f 3111 4200 4201
f 4201 4200 4203
f 3118 4150 3117
f 4150 1563 4204
f 3117 4150 4204
f 3117 4204 3115
f 3119 4205 4206
f 3119 4206 4207
f 4205 4153 4151
f 4205 4151 4206
f 4206 4151 4150
f 4207 4206 4150
f 4207 4150 3118
f 3123 4208 4209
f 3123 4209 3121
f 4209 4153 4205
f 3121 4209 4205
f 3121 4205 3119
f 4203 4200 4210
f 4203 4210 4211
f 4200 4202 4210
f 4211 4210 4208
f 4211 4208 3123
f 3110 4212 4213
f 3110 4213 3107
f 4212 1630 1631
f 4212 1631 4213
f 4213 1631 1616
f 4213 1616 4198
f 3107 4213 4198
f 3107 4198 3105
f 3115 4204 4214
f 3115 4214 4215
f 4204 1563 1634
f 4204 1634 4214
f 4214 1634 1630
f 4214 1630 4212
f 4215 4214 4212
f 4215 4212 3110
f 4216 4217 4218
f 4218 4217 4219
f 4218 4219 3101
f 3101 4219 4220
f 3101 4220 3100
f 4220 4221 3099
f 3100 4220 3099
f 3102 4167 4165
f 3102 4165 4222
f 4165 4153 4223
f 4222 4165 4223
f 4222 4223 3098
f 3092 4224 4225
f 3092 4225 3103
f 4224 4169 4168
f 4224 4168 4225
f 4225 4168 4167
f 3103 4225 4167
f 3103 4167 3102
f 3094 4224 3093
f 3093 4224 3092
f 3099 4221 4226
f 3098 4223 4227
f 3098 4227 3096
f 4223 4153 4209
f 4223 4209 4227
f 4227 4209 4208
f 3096 4227 4208
f 3096 4208 3095
f 3095 4208 4210
f 3095 4210 4228
f 4210 4202 4217
f 4228 4210 4217
f 4228 4217 4216
f 4229 4230 4231
f 4229 4231 4232
f 4230 4221 4231
f 4232 4231 4233
f 4232 4233 4234
f 4234 4233 4235
f 4234 4235 4236
f 4235 3311 4237
f 4236 4235 4237
f 4236 4237 3084
f 3080 4180 4179
f 3080 4179 3081
f 4179 4169 4238
f 3081 4179 4238
f 3081 4238 3082
f 4239 4240 4241
f 4239 4241 4242
f 4240 4183 4181
f 4240 4181 4241
f 4241 4181 4180
f 4242 4241 4180
f 4242 4180 3080
f 3084 4237 4243
f 3084 4243 3085
f 4237 3311 4243
f 3085 4243 4244
f 3085 4244 3086
f 3086 4244 4245
f 3086 4245 4246
f 4244 4243 4245
f 4245 4243 4183
f 4245 4183 4240
f 4246 4245 4240
f 4246 4240 4239
f 3082 4238 4247
f 3082 4247 3089
f 4238 4169 4224
f 4238 4224 4247
f 4247 4224 3094
f 3089 4247 3094
f 3089 3094 3090
f 3090 3094 4226
f 3090 4226 4248
f 4226 4221 4230
f 4248 4226 4230
f 4248 4230 4229
f 3045 4249 4250
f 3045 4250 3041
f 4249 1672 4250
f 3041 4250 3040
f 3040 4250 4251
f 3040 4251 4252
f 4252 4251 4254
f 3051 4199 3050
f 4199 1616 4255
f 3050 4199 4255
f 3050 4255 3049
f 3036 4256 4200
f 3036 4200 4257
f 4256 4202 4200
f 4257 4200 4199
f 4257 4199 3051
f 4254 4251 4258
f 4254 4258 4259
f 4251 4253 4258
f 4259 4258 3039
f 3039 4258 4260
f 3039 4260 3037
f 4260 4202 4256
f 3037 4260 4256
f 3037 4256 3036
f 3049 4255 4261
f 3049 4261 3047
f 4255 1616 1684
f 4255 1684 4261
f 4261 1684 1685
f 4261 1685 4262
f 3047 4261 4262
f 3047 4262 3046
f 3046 4262 1687
f 3046 1687 4263
f 4262 1685 1687
f 1687 1672 4249
f 4263 1687 4249
f 4263 4249 3045
f 3073 4264 4265
f 3073 4265 3072
f 4266 3072 4268
f 3075 4219 4269
f 4219 4217 4269
f 4269 4217 4202
f 3075 4269 3074
f 3077 4220 4270
f 3077 4221 4220
f 4270 4220 4219
f 4270 4219 3075
f 3076 4258 3073
f 4258 4253 4264
f 3073 4258 4264
f 3074 4269 4258
f 3074 4258 4271
f 4269 4202 4260
f 4269 4260 4258
f 4271 4258 3076
f 3079 3077 3078
f 4268 3072 4272
f 3072 4267 4272
f 3470 4233 4273
f 3470 4273 4274
f 4233 4231 4273
f 4273 4231 4221
f 4273 4221 4275
f 4274 4273 4275
f 4274 4275 4276
f 3474 4277 4278
f 3474 4278 3471
f 4277 3311 4235
f 4277 4235 4278
f 4278 4235 4233
f 3471 4278 4233
f 3471 4233 3470
f 4276 4275 4279
f 4276 4279 4280
f 4275 4221 3077
f 4275 3077 4279
f 4279 3077 3079
f 4280 4279 3079
f 4280 3079 3479
f 3479 3079 4272
f 3479 4272 3477
f 4272 4267 4281
f 3477 4272 4281
f 3477 4281 3475
f 4282 4283 3312
f 4282 3312 4284
f 4283 3313 3312
f 3312 3311 4277
f 4284 3312 4277
f 4284 4277 3474
f 3475 4281 3482
f 3482 4281 3421
f 3421 4281 4285
f 3421 4285 3419
f 4281 4267 4286
f 4281 4286 4285
f 4285 4286 4086
f 4285 4086 4287
f 3419 4285 4287
f 3419 4287 3417
f 3417 4287 4288
f 3417 4288 4289
f 4287 4086 4085
f 4287 4085 4288
f 4288 4085 3313
f 4288 3313 4283
f 4289 4288 4283
f 4289 4283 4282
f 3416 4290 3413
f 3413 4290 3412
f 3412 4290 4291
f 4291 4292 4293
f 3412 4291 4293
f 3412 4293 4294
f 4294 4293 4295
f 4293 4292 4296
f 4295 4293 3320
f 3320 4293 3314
f 4293 4296 4297
f 4293 4297 3400
f 4298 4267 4290
f 3405 4298 4290
f 3405 4290 3416
f 3409 4299 4298
f 3409 4298 3405
f 4299 4086 4286
f 4299 4286 4298
f 4298 4286 4267
f 3314 4293 4300
f 3314 4300 4301
f 4293 3400 3411
f 4293 3411 4300
f 4300 3411 3300
f 4301 4300 3410
f 3410 4300 4302
f 4300 3300 4087
f 4300 4087 4302
f 4302 4087 4086
f 4302 4086 4299
f 3410 4302 4299
f 3410 4299 3409
f 4265 4264 4253
f 3071 3072 4303
f 3071 4267 3072
f 4303 3072 4265
f 4303 4265 3067
f 3068 4304 4306
f 3070 4307 3068
f 4307 4305 4304
f 3068 4307 4304
f 3067 4265 4307
f 3067 4307 3070
f 4290 4267 3071
f 3068 4306 4290
f 4306 4292 4291
f 4306 4291 4290
f 3068 4290 3071
f 3055 4308 4250
f 3055 4250 3054
f 4250 1672 3052
f 3054 4250 3052
f 4309 4310 4250
f 4309 4250 4311
f 4310 4253 4251
f 4310 4251 4250
f 4311 4250 4308
f 4311 4308 3055
f 3061 4312 3056
f 3056 4312 4313
f 3056 4313 4314
f 3056 4314 3065
f 3052 1672 414
f 4315 3052 3066
f 3066 3052 4312
f 3066 4312 3060
f 3052 414 4312
f 4312 414 1734
f 3060 4312 3061
f 3065 4314 4307
f 3065 4307 3062
f 4314 4305 4307
f 3062 4307 4265
f 4265 4253 4310
f 3062 4265 4310
f 3062 4310 4309
f 4318 4319 4320
f 4318 4320 4321
f 4319 1552 4143
f 4319 4143 4320
f 4321 4320 4322
f 4322 4320 4323
f 4320 4143 4124
f 4320 4124 4324
f 4323 4320 4324
f 4323 4324 4325
f 4326 4327 4328
f 4327 4329 1756
f 4327 1756 4330
f 4328 4327 4330
f 4328 4330 4331
f 4332 4333 4327
f 4332 4327 4334
f 4333 4335 4329
f 4333 4329 4327
f 4334 4327 4326
f 4336 4337 4338
f 4337 4335 4333
f 4338 4337 4333
f 4338 4333 4332
f 4325 4324 4337
f 4325 4337 4339
f 4324 4124 4337
f 4339 4337 4336
f 4340 4341 4342
f 4341 1768 1552
f 4341 1552 4319
f 4342 4341 4319
f 4342 4319 4318
f 4331 4330 4341
f 4331 4341 4343
f 4330 1756 1770
f 4330 1770 4341
f 4341 1770 1768
f 4343 4341 4340
f 4344 4345 4346
f 4344 4346 4347
f 4345 4124 4123
f 4345 4123 4346
f 4346 4123 4348
f 4347 4346 4348
f 4347 4348 4349
f 4349 4348 4350
f 4348 4123 4101
f 4348 4101 4351
f 4350 4348 4351
f 4350 4351 4352
f 4353 4354 4355
f 4353 4355 4356
f 4354 4357 4355
f 4355 4357 4335
f 4355 4335 4358
f 4356 4355 4358
f 4356 4358 4359
f 4360 4361 4362
f 4360 4362 4363
f 4361 4364 4357
f 4361 4357 4362
f 4362 4357 4354
f 4363 4362 4354
f 4363 4354 4353
f 4365 4366 4367
f 4366 4364 4361
f 4367 4366 4361
f 4367 4361 4360
f 4352 4351 4366
f 4352 4366 4368
f 4368 4366 4365
f 4359 4358 4369
f 4359 4369 4370
f 4358 4335 4337
f 4358 4337 4369
f 4369 4337 4124
f 4369 4124 4345
f 4370 4369 4345
f 4370 4345 4344
f 4371 4372 4373
f 4371 4373 4374
f 4372 3334 4373
f 4374 4373 4375
f 4374 4375 4376
f 4376 4375 4377
f 4376 4377 4379
f 3235 4380 4381
f 3235 4381 3249
f 4380 4364 4366
f 4380 4366 4381
f 4381 4366 4351
f 3249 4381 4351
f 4351 4101 4382
f 3249 4351 4382
f 3249 4382 3239
f 3232 4383 4384
f 3232 4384 3233
f 4383 4385 4384
f 4384 4385 4364
f 4384 4364 4380
f 3233 4384 4380
f 3233 4380 3235
f 4379 4377 4386
f 4379 4386 4387
f 4377 4378 4388
f 4377 4388 4386
f 4386 4388 4385
f 4386 4385 4383
f 4387 4386 4383
f 4387 4383 3232
f 3239 4382 4389
f 3239 4389 3240
f 4382 4101 4107
f 4382 4107 4389
f 3240 4389 3241
f 3241 4389 4390
f 4389 4107 3334
f 4389 3334 4372
f 4390 4389 4372
f 4390 4372 4371
f 4038 4391 4392
f 4391 1821 4393
f 4392 4391 4393
f 4392 4393 4394
f 4035 4395 4391
f 4035 4391 4036
f 4395 4396 4391
f 4036 4391 4038
f 4397 4398 4329
f 4397 4329 4399
f 4398 1756 4329
f 4399 4329 4041
f 4041 4329 4042
f 4329 4335 4400
f 4042 4329 4400
f 4042 4400 4031
f 4031 4400 4401
f 4031 4401 4032
f 4400 4335 4401
f 4032 4401 4033
f 4033 4401 4402
f 4401 4396 4395
f 4402 4401 4395
f 4402 4395 4035
f 4403 4404 1826
f 4403 1826 4405
f 1826 1756 4398
f 4405 1826 4398
f 4405 4398 4397
f 4394 4393 4404
f 4394 4404 4406
f 4393 1821 4404
f 4404 1821 1826
f 4406 4404 4403
f 4407 4408 4409
f 4407 4409 4410
f 4408 4411 4409
f 4409 4411 4396
f 4409 4396 4412
f 4410 4409 4412
f 4410 4412 4413
f 4414 4415 4416
f 4414 4416 4417
f 4415 4418 4411
f 4415 4411 4416
f 4416 4411 4408
f 4417 4416 4408
f 4417 4408 4407
f 4019 4419 4420
f 4019 4420 4020
f 4419 4335 4357
f 4419 4357 4420
f 4020 4420 4022
f 4022 4420 4421
f 4420 4357 4364
f 4420 4364 4422
f 4421 4420 4422
f 4421 4422 4025
f 4025 4422 4423
f 4025 4423 4026
f 4422 4364 4423
f 4026 4423 4027
f 4027 4423 4424
f 4027 4424 4425
f 4424 4418 4415
f 4425 4424 4415
f 4425 4415 4414
f 4029 4426 4401
f 4029 4401 4030
f 4401 4335 4419
f 4030 4401 4419
f 4030 4419 4019
f 4413 4412 4426
f 4413 4426 4427
f 4412 4396 4401
f 4412 4401 4426
f 4427 4426 4029
f 2918 4428 4391
f 4428 1821 4391
f 2918 4391 2917
f 2917 4391 4429
f 2917 4429 4430
f 4429 4391 4396
f 4430 4429 4431
f 4432 4433 4434
f 4432 4434 4435
f 2921 4432 4435
f 2921 4435 2920
f 4431 4429 4432
f 4431 4432 4436
f 4429 4396 4433
f 4429 4433 4432
f 4436 4432 2921
f 2912 4428 2918
f 2912 1821 4428
f 2915 1864 2912
f 2915 2912 2913
f 2912 1864 1821
f 2920 4435 4437
f 4437 4435 4438
f 4437 4438 2916
f 2916 4438 1864
f 2916 1864 2915
f 4439 4441 4442
f 4316 4317 3253
f 4316 3253 3252
f 4451 4453 4452
f 3029 4457 1885
f 3029 1885 387
f 2973 4458 4457
f 2973 4457 3029
f 3030 4461 4460
f 4460 4461 4458
f 4460 4458 2973
f 3030 4460 2973
f 4462 4463 3256
f 4462 3256 3255
f 4464 4461 3031
f 3031 4461 3030
f 4457 4449 4468
f 4457 4468 1885
f 4458 4444 4449
f 4457 4458 4449
f 4443 4444 4458
f 4461 4443 4458
f 4475 4893 4474
f 4893 4476 4474
f 4474 4476 4477
f 4474 4477 4464
f 4449 4478 4468
f 4468 4478 1910
f 4468 1910 1885
f 4464 4477 4443
f 4464 4443 4461
f 3259 4313 4312
f 4312 1734 1918
f 3259 4312 1918
f 3259 1918 3258
f 4459 4481 4314
f 4481 4305 4314
f 4459 4314 4313
f 4459 4313 3259
f 4482 4305 4481
f 4459 4482 4481
f 3255 4483 4462
f 4462 4483 4484
f 4462 4484 4482
f 4484 4485 4482
f 3257 3258 4483
f 3257 4483 3255
f 3258 1918 1924
f 3258 1924 4483
f 4483 1924 1920
f 4455 4306 4304
f 4304 4305 4486
f 4455 4304 4486
f 4455 4486 3254
f 4455 4487 4306
f 4487 4292 4306
f 3254 4486 3252
f 4486 4305 4482
f 4488 4489 4455
f 4489 4292 4487
f 4455 4489 4487
f 4490 4491 4316
f 3252 4486 4490
f 3252 4490 4316
f 4486 4482 4490
f 4490 4482 4485
f 4316 4491 4488
f 4493 3400 4494
f 4492 4493 4494
f 4492 4494 3265
f 3261 4495 4489
f 3261 4489 3260
f 4495 4292 4489
f 4496 4296 4292
f 4496 4292 4495
f 3262 4496 4495
f 3262 4495 3261
f 3265 4494 4496
f 3265 4496 3262
f 4494 3400 4297
f 4494 4297 4496
f 4496 4297 4296
f 4497 4475 4498
f 4451 4497 4498
f 4451 4498 4499
f 4454 4500 4452
f 4452 4500 4497
f 4452 4497 4451
f 4499 4498 4492
f 4498 4475 4492
f 3260 4489 4500
f 3260 4500 4454
f 4489 4488 4491
f 4489 4491 4500
f 4501 4907 4470
f 4446 4483 4442
f 4448 4485 4484
f 4448 4484 4483
f 4446 4448 4483
f 4442 4483 4439
f 4483 1920 1942
f 4439 4483 4501
f 4483 1942 4501
f 4501 1942 2363
f 4502 4503 4450
f 4479 4502 4450
f 4490 4485 4472
f 4473 4491 4490
f 4473 4490 4472
f 4472 4485 4448
f 4472 4448 4479
f 4448 4469 4470
f 4448 4470 4479
f 4479 4470 4907
f 4450 4503 4504
f 4505 4506 4467
f 4467 4506 4445
f 4465 4507 4497
f 4507 4475 4497
f 4465 4497 4480
f 4480 4497 4500
f 4465 4475 4507
f 4500 4491 4473
f 4500 4473 4504
f 4467 4445 4475
f 4467 4475 4466
f 4466 4475 4465
f 4500 4504 4503
f 4500 4503 4505
f 4480 4500 4505
f 3746 3393 3391
f 3746 3391 3732
f 3403 3650 3402
f 3646 3753 3650
f 3386 3402 3650
f 3386 3650 3753
f 2801 2809 4059
f 4513 4514 4515
f 4515 4514 2949
f 2814 4048 4053
f 4418 4066 4523
f 4418 4523 4524
f 2959 2960 4048
f 2961 4525 2960
f 4048 2960 4525
f 4067 2819 2821
f 4067 2821 2818
f 4067 4526 4059
f 4418 4059 4526
f 4065 2818 2817
f 4065 2817 2814
f 4065 2814 4053
f 4052 4065 4053
f 4048 4530 4053
f 4530 4531 4532
f 4530 4532 4055
f 4530 4055 4054
f 4053 4530 4054
f 4050 4049 4523
f 4052 4050 4523
f 4052 4523 4066
f 4418 4526 4066
f 4067 4065 4526
f 4066 4526 4065
f 2961 4533 4525
f 4531 4530 4533
f 4048 4525 4533
f 4048 4533 4530
f 2918 4534 2914
f 2918 2919 4534
f 2914 4534 4535
f 2914 4535 2913
f 2913 4535 2916
f 4534 4536 4535
f 4535 4536 2921
f 4535 2921 2916
f 2919 4536 4534
f 4536 2919 2921
f 2921 2919 4436
f 4436 2919 4431
f 4431 2919 4430
f 4430 2919 2917
f 2916 2921 4437
f 4437 2921 2920
f 2918 2914 2912
f 4397 4399 4537
f 4399 4041 4043
f 4399 4043 4538
f 4537 4399 4538
f 4038 4392 4394
f 4038 4394 4039
f 4402 4035 4037
f 4402 4037 4040
f 4413 4427 4539
f 4427 4029 4540
f 4539 4427 4540
f 4425 4414 4541
f 4425 4541 4542
f 4027 4425 4542
f 4027 4542 4028
f 4022 4421 4023
f 4414 4417 4543
f 4414 4543 4541
f 4417 4407 4543
f 4543 4407 4544
f 4543 4544 4542
f 4541 4543 4542
f 4545 4059 4546
f 4545 4546 4547
f 4546 4059 4418
f 4546 4418 4548
f 4547 4546 4548
f 4547 4548 4549
f 4550 4551 4059
f 4550 4059 4552
f 4551 4060 4059
f 4552 4059 4545
f 4010 4553 4554
f 4010 4554 4011
f 4553 4364 4385
f 4553 4385 4554
f 4554 4385 4555
f 4011 4554 4555
f 4011 4555 4012
f 4012 4555 4556
f 4012 4556 4557
f 4555 4385 4388
f 4555 4388 4556
f 4556 4388 4378
f 4556 4378 4558
f 4557 4556 4558
f 4557 4558 4014
f 4014 4558 4559
f 4014 4559 4015
f 4558 4378 4559
f 4015 4559 4016
f 4016 4559 4560
f 4559 4060 4551
f 4560 4559 4551
f 4560 4551 4550
f 4423 4364 4553
f 4018 4423 4553
f 4018 4553 4010
f 4549 4548 4561
f 4549 4561 4018
f 4548 4418 4424
f 4548 4424 4561
f 4561 4424 4423
f 4018 4561 4423
f 4562 4563 4062
f 4562 4062 4564
f 4563 4061 4062
f 4062 4060 4565
f 4564 4062 4565
f 4564 4565 4004
f 4002 4566 4567
f 4002 4567 4568
f 4566 4569 4061
f 4566 4061 4567
f 4567 4061 4563
f 4568 4567 4563
f 4568 4563 4562
f 4008 4570 4571
f 4008 4571 4009
f 4570 4378 4572
f 4570 4572 4571
f 4571 4572 4573
f 4009 4571 4573
f 4009 4573 3996
f 3996 4573 4574
f 3996 4574 3997
f 4573 4572 4575
f 4573 4575 4574
f 4574 4575 3009
f 4574 3009 4576
f 3997 4574 4576
f 3997 4576 3998
f 3998 4576 4577
f 3998 4577 4578
f 4576 3009 4577
f 4578 4577 4000
f 4000 4577 4566
f 4000 4566 4001
f 4001 4566 4002
f 4006 4579 4580
f 4579 4559 4378
f 4579 4378 4570
f 4580 4579 4570
f 4580 4570 4008
f 4004 4565 4579
f 4004 4579 4005
f 4565 4060 4559
f 4565 4559 4579
f 4005 4579 4006
f 4376 4379 4581
f 4549 4018 4583
f 4012 4557 4013
f 4584 4585 4586
f 4585 4018 4010
f 4585 4010 4011
f 4586 4585 4011
f 4586 4011 4013
f 4547 4549 4587
f 4545 4547 4587
f 4002 4568 4044
f 4568 4562 4046
f 4568 4046 4044
f 4550 4588 4589
f 4550 4589 4560
f 4588 4545 4590
f 4588 4590 4589
f 4589 4590 4584
f 4560 4589 4016
f 4580 4008 4591
f 4006 4580 4591
f 4578 4000 4592
f 3998 4578 4592
f 4120 3195 3197
f 4118 4120 4593
f 4146 3222 3224
f 3229 4146 3230
f 4142 3211 3213
f 3225 4142 3226
f 4135 4138 4594
f 4138 3217 3221
f 4138 3221 4595
f 4594 4138 4595
f 3162 3160 4596
f 3160 3161 4596
f 3162 4596 4597
f 3162 4597 3175
f 3175 4597 4598
f 3175 4598 3174
f 4597 4599 4598
f 4598 4599 3167
f 4598 3167 3166
f 3174 4598 3166
f 3174 3166 3165
f 4597 3171 3170
f 4597 3170 4599
f 4599 3170 3169
f 4599 3169 4600
f 4599 4600 3167
f 3161 4601 4602
f 3161 4602 4596
f 4602 4601 3171
f 4602 3171 4597
f 4596 4602 4597
f 3163 3162 4163
f 4163 3162 3175
f 4163 3175 3173
f 3172 3171 4601
f 3172 4601 4161
f 4161 4601 4154
f 3167 4600 4157
f 4157 4600 3169
f 4157 3169 3168
f 4154 4601 4152
f 4152 4601 3161
f 4152 3161 3159
f 3108 3112 4603
f 3108 4603 3107
f 3112 3114 4604
f 3112 4604 4603
f 4603 4604 4605
f 3107 4603 4605
f 3107 4605 3109
f 3109 4605 4606
f 3109 4606 4607
f 4605 4608 4606
f 4606 4608 3118
f 4606 3118 3117
f 4607 4606 3117
f 4607 3117 3116
f 4605 4609 4610
f 4605 4610 4608
f 4609 3122 3121
f 4609 3121 4610
f 4610 3121 3120
f 4610 3120 4611
f 4608 4610 4611
f 4608 4611 3118
f 3114 4612 4613
f 3114 4613 4604
f 4612 4614 4615
f 4612 4615 4613
f 4613 4615 3122
f 4613 3122 4609
f 4604 4613 4609
f 4604 4609 4605
f 3123 3122 4615
f 3123 4615 4211
f 4211 4615 4614
f 4211 4614 4203
f 3118 4611 4207
f 4207 4611 3120
f 4207 3120 3119
f 4203 4614 4201
f 4614 4612 4201
f 4201 4612 3114
f 4201 3114 3111
f 3110 3109 4607
f 3110 4607 4215
f 4215 4607 3116
f 4215 3116 3115
f 3043 3041 4616
f 3043 4616 4617
f 3041 3042 4618
f 3041 4618 4616
f 4616 4618 4619
f 4616 4619 4620
f 4617 4616 4620
f 4617 4620 3046
f 3046 4620 4621
f 3046 4621 3047
f 4620 4619 4622
f 4620 4622 4621
f 4621 4622 3051
f 4621 3051 3050
f 3047 4621 3050
f 3047 3050 3048
f 4619 4623 4624
f 4619 4624 4622
f 4623 3038 3037
f 4623 3037 4624
f 4624 3037 3036
f 4624 3036 4625
f 4622 4624 4625
f 4622 4625 3051
f 3042 4626 4627
f 3042 4627 4618
f 4626 4628 4629
f 4626 4629 4627
f 4627 4629 3038
f 4627 3038 4623
f 4618 4627 4623
f 4618 4623 4619
f 3051 4625 4257
f 4257 4625 3036
f 3045 3044 4263
f 3044 3043 4617
f 3044 4617 4263
f 4263 4617 3046
f 4254 4628 4252
f 4628 4626 4252
f 4252 4626 3042
f 4252 3042 3040
f 3039 3038 4629
f 3039 4629 4259
f 4259 4629 4628
f 4259 4628 4254
f 4630 4631 3063
f 4630 3055 4631
f 3063 4631 3062
f 4631 3059 3062
f 4632 3060 3059
f 4631 4632 3059
f 3055 4632 4631
f 3055 3053 4632
f 4632 3053 3060
f 4309 4630 3062
f 4630 3063 3062
f 3066 3060 3053
f 3066 3053 4315
f 4315 3053 3052
f 3065 3064 4633
f 3065 4633 3056
f 3064 3062 4633
f 4633 3062 3059
f 4633 3059 3057
f 3056 4633 3057
f 3055 4634 4311
f 3055 4630 4634
f 4311 4634 4630
f 4311 4630 4309
f 4635 4459 3259
f 4635 3259 3258
f 4635 3258 3257
f 3257 3256 4635
f 4635 3256 4463
f 4635 4463 4459
f 4482 4636 4462
f 4636 4463 4462
f 4459 4636 4482
f 4459 4463 4636
f 4637 4471 4448
f 4440 4638 4471
f 4440 4471 4637
f 4441 4439 4440
f 4441 4440 4637
f 4441 4637 4447
f 4447 4637 4446
f 4446 4637 4448
f 4470 4471 4638
f 4470 4638 4501
f 4469 4448 4471
f 4469 4471 4470
f 4501 4638 4439
f 4638 4440 4439
f 4442 4441 4446
f 4446 4441 4447
f 4640 4641 4642
f 4640 4642 4643
f 4639 4640 4643
f 4639 4643 4644
f 4639 4645 4646
f 4639 4646 4640
f 4640 4646 4647
f 4640 4647 4648
f 4640 4648 4641
f 4126 4129 4649
f 4129 3207 3210
f 4129 3210 4650
f 4649 4129 4650
f 4132 3201 3206
f 4132 3206 4651
f 3209 4132 4651
f 4130 4126 4649
f 3198 4130 3199
f 3156 4652 4653
f 3156 4653 3157
f 4652 3149 4654
f 4652 4654 4653
f 3157 4653 4655
f 3157 4655 4656
f 4653 4654 4657
f 4653 4657 4655
f 4655 4657 3152
f 4655 3152 4658
f 4656 4655 4658
f 4654 4659 4657
f 4659 3154 3151
f 4657 4659 3151
f 4657 3151 3152
f 3149 3148 4660
f 3149 4660 4654
f 3148 3147 3155
f 3148 3155 4660
f 4660 3155 3154
f 4660 3154 4659
f 4654 4660 4659
f 3158 3157 4656
f 3158 4656 4177
f 4177 4656 4172
f 3153 3151 4175
f 4175 3151 3154
f 4172 4656 4171
f 4656 4658 4171
f 4171 4658 3152
f 4171 3152 3150
f 3149 4652 4166
f 4166 4652 3156
f 4661 3101 4663
f 4661 4663 4662
f 4661 4662 3095
f 3095 4662 4664
f 3095 4664 3096
f 4662 4663 4665
f 4662 4665 4664
f 4664 4665 3104
f 4664 3104 3097
f 3096 4664 3097
f 4663 4666 4665
f 4666 3093 3092
f 4666 3092 3103
f 4665 4666 3103
f 4665 3103 3104
f 3101 3100 4666
f 3101 4666 4663
f 3100 3099 4667
f 3100 4667 4666
f 4666 4667 3093
f 3098 3097 4222
f 4222 3097 3104
f 4222 3104 3102
f 3101 4661 4218
f 4218 4661 4216
f 4216 4661 4228
f 4228 4661 3095
f 3094 3093 4667
f 3094 4667 4226
f 4226 4667 3099
f 3073 3072 4668
f 3073 4668 4669
f 3073 4669 4670
f 4669 4668 3075
f 4670 4669 3075
f 4670 3075 3074
f 4671 3078 3077
f 4671 3077 4672
f 4668 4671 4672
f 4668 4672 3075
f 3072 4673 4671
f 3072 4671 4668
f 4671 4673 3078
f 3079 3078 4673
f 3079 4673 4272
f 4272 4673 4268
f 3076 3073 4670
f 3076 4670 4271
f 4271 4670 3074
f 3075 4672 4270
f 4270 4672 3077
f 4268 4673 4266
f 4266 4673 3072
f 3071 3067 4674
f 3071 4674 3069
f 4674 3070 3069
f 3067 3070 4674
f 3071 4675 3068
f 3068 4675 3069
f 4675 3071 3069
f 3067 3071 4303
f 3252 3253 4676
f 4676 4677 4456
f 3253 4317 4676
f 4676 4317 4677
f 3254 3252 4676
f 3254 4676 4455
f 4455 4676 4456
f 4488 4677 4317
f 4488 4317 4678
f 4488 4678 4316
f 4678 4317 4316
f 4455 4456 4677
f 4455 4677 4488
f 4679 4450 4473
f 4472 4479 4450
f 4472 4450 4679
f 4473 4450 4504
f 4472 4679 4473
f 3235 3249 3236
f 3249 3251 3237
f 3236 3249 3237
f 4390 4371 4680
f 4379 4387 4681
f 4379 4681 4581
f 4387 3232 4681
f 4681 3232 3238
f 4681 3238 4682
f 4581 4681 4682
f 3178 4110 3179
f 4110 3188 3190
f 4110 3190 4683
f 3179 4110 4683
f 3179 4683 3180
f 3185 4104 4684
f 4104 4088 4685
f 4104 4685 4684
f 4684 4685 4686
f 4684 4686 4687
f 3185 4684 4687
f 3185 4687 3186
f 4094 4096 4688
f 4096 3191 3193
f 4096 3193 4688
f 4688 3193 3194
f 4094 4688 3194
f 4094 3194 4689
f 3134 4690 3135
f 3134 3140 4691
f 3134 4691 4690
f 4690 4691 4692
f 4690 4692 4693
f 3135 4690 4693
f 3135 4693 3136
f 3136 4693 4694
f 3136 4694 4695
f 4693 4692 4696
f 4693 4696 4694
f 4694 4696 3146
f 4694 3146 3145
f 4695 4694 3145
f 4695 3145 3142
f 4692 4697 4698
f 4692 4698 4696
f 4697 3130 3129
f 4697 3129 4698
f 4698 3129 3128
f 4696 4698 3128
f 4696 3128 3146
f 3140 4699 4700
f 3140 4700 4691
f 4699 4701 4700
f 4700 4701 3130
f 4700 3130 4697
f 4691 4700 4697
f 4691 4697 4692
f 3146 4702 4189
f 3146 3128 4702
f 4702 3128 3125
f 4189 4702 3125
f 4189 3125 3124
f 4185 4701 4703
f 4185 4703 4182
f 4701 4699 4703
f 4703 4699 3140
f 4703 3140 3137
f 4182 4703 3137
f 3136 4695 4195
f 4195 4695 3142
f 4195 3142 3141
f 3130 4701 4191
f 4191 4701 4185
f 4248 4229 4704
f 4246 4239 4705
f 4246 4705 4706
f 3086 4246 3087
f 4239 4242 4705
f 4242 3080 3083
f 4242 3083 4707
f 4705 4242 4707
f 4705 4707 4706
f 4234 4236 4708
f 4709 4710 4711
f 4709 4711 4712
f 4710 3473 3471
f 4710 3471 4711
f 4711 3471 3472
f 4711 3472 4713
f 4712 4711 4713
f 4712 4713 4714
f 4715 4716 4717
f 4715 4717 4718
f 4716 3479 4719
f 4716 4719 4717
f 4717 4719 4714
f 4717 4714 4713
f 4718 4717 4713
f 4718 4713 3472
f 4709 4712 4720
f 4709 4720 4721
f 4712 4714 4722
f 4712 4722 4720
f 4720 4722 3421
f 4720 3421 3420
f 4721 4720 3420
f 4721 3420 3418
f 3478 3482 4723
f 3478 4723 3477
f 3482 3421 4722
f 3482 4722 4723
f 4723 4722 4714
f 4723 4714 4719
f 3477 4723 4719
f 3477 4719 3479
f 3474 3473 4284
f 3473 4710 4284
f 4284 4710 4709
f 4284 4709 4282
f 3479 4716 4280
f 4280 4716 4715
f 4280 4715 4276
f 4276 4715 4274
f 4715 4718 4274
f 4274 4718 3472
f 4274 3472 3470
f 4282 4721 4289
f 4282 4709 4721
f 4289 4721 3418
f 4289 3418 3417
f 3410 3407 4724
f 3413 3414 4724
f 3413 4724 3407
f 4724 3318 3317
f 4724 3317 3410
f 4725 3318 4724
f 4725 4724 3414
f 4294 4726 3412
f 4726 4725 3414
f 4726 3414 3412
f 3410 3317 4301
f 4301 3317 3315
f 4301 3315 3314
f 3416 3415 4727
f 3416 4727 3405
f 3415 3413 4727
f 4727 3413 3407
f 4727 3407 3405
f 3320 3319 4728
f 3320 4728 4295
f 3319 3318 4725
f 3319 4725 4728
f 4728 4725 4726
f 4295 4728 4726
f 4295 4726 4294
f 3264 4730 4729
f 3264 3260 4730
f 4729 4731 4453
f 4729 4453 3264
f 3260 4454 4731
f 3260 4731 4730
f 4454 4452 4731
f 4731 4452 4453
f 4730 4731 4729
f 4492 3264 4453
f 4492 4453 4499
f 4499 4453 4451
f 3261 3260 4732
f 3261 4732 3262
f 3260 3264 4732
f 4732 3264 3262
f 3265 3264 4492
f 4480 4733 4465
f 4480 4734 4733
f 4480 4735 4734
f 4734 4735 4467
f 4734 4467 4733
f 4733 4467 4466
f 4733 4466 4465
f 4467 4735 4505
f 4505 4735 4480
f 3280 4736 4737
f 3280 4737 3277
f 4736 4738 4737
f 3277 4737 3276
f 3276 4737 4739
f 3276 4739 4740
f 4739 4737 3340
f 4739 3340 4741
f 4740 4739 4741
f 4740 4741 4742
f 3286 4743 4190
f 3286 4190 3284
f 4190 4183 4744
f 3284 4190 4744
f 3284 4744 3281
f 3287 4745 4746
f 3287 4746 4747
f 4745 4097 4190
f 4745 4190 4746
f 4746 4190 4743
f 4747 4746 4743
f 4747 4743 3286
f 3294 4748 3290
f 4748 4097 4745
f 3290 4748 4745
f 3290 4745 3287
f 4742 4741 4748
f 4742 4748 4749
f 4741 3340 4748
f 4749 4748 3294
f 3281 4744 4750
f 3281 4750 3298
f 4744 4183 4750
f 4750 4183 4751
f 3298 4750 4751
f 3298 4751 3295
f 3295 4751 4752
f 4751 4738 4736
f 4752 4751 4736
f 4752 4736 3280
f 3428 4753 4243
f 3428 4243 4754
f 4243 3311 4755
f 4754 4243 4755
f 4754 4755 3444
f 3431 4756 4757
f 3431 4757 3429
f 4756 4183 4243
f 4756 4243 4757
f 4757 4243 4753
f 3429 4757 4753
f 3429 4753 3428
f 3432 4183 4758
f 4758 4183 4756
f 4758 4756 3431
f 3422 4759 4760
f 3422 4760 3434
f 4759 4738 4751
f 4759 4751 4760
f 4760 4751 4183
f 3434 4760 4183
f 3434 4183 3432
f 3437 3308 4761
f 3308 3307 4762
f 4761 3308 4762
f 4761 4762 4763
f 3444 4755 4764
f 3444 4764 3439
f 4755 3311 3310
f 4755 3310 4764
f 4764 3310 3308
f 3439 4764 3308
f 3439 3308 3437
f 3427 4765 4766
f 3427 4766 3424
f 4766 4738 4759
f 3424 4766 4759
f 3424 4759 3422
f 4763 4762 4767
f 4763 4767 4768
f 4762 3307 4767
f 4768 4767 4765
f 4768 4765 3427
f 4769 4770 4771
f 4769 3292 4772
f 4769 4772 4770
f 4770 4772 4773
f 4770 4773 4774
f 4771 4770 4774
f 4771 4774 3278
f 3278 4774 4775
f 3278 4775 3277
f 4774 4773 4776
f 4774 4776 4775
f 4775 4776 3299
f 4775 3299 3279
f 3277 4775 3279
f 4773 4777 4778
f 4773 4778 4776
f 4777 3286 3285
f 4777 3285 4778
f 4776 4778 3285
f 4776 3285 3299
f 3292 3291 4779
f 3292 4779 4772
f 4779 3291 3286
f 4779 3286 4777
f 4772 4779 4777
f 4772 4777 4773
f 3280 3279 4780
f 3280 4780 4752
f 4780 3279 3299
f 4780 3299 3296
f 4752 4780 3296
f 4752 3296 3295
f 3294 3293 4781
f 3294 4781 4749
f 3293 3292 4769
f 3293 4769 4781
f 4781 4769 4782
f 4749 4781 4782
f 4749 4782 4742
f 3286 3291 4747
f 4747 3291 3288
f 4747 3288 3287
f 4742 4782 4740
f 4782 4769 4771
f 4782 4771 4740
f 4740 4771 3278
f 4740 3278 3276
f 3442 3441 4783
f 3442 4783 4784
f 3441 3440 4785
f 3441 4785 4783
f 4783 4785 4786
f 4783 4786 4787
f 4784 4783 4787
f 4784 4787 3428
f 3428 4787 4788
f 3428 4788 3429
f 4787 4786 4789
f 4787 4789 4788
f 4788 4789 3435
f 4788 3435 4790
f 3429 4788 4790
f 3429 4790 3430
f 4786 4791 4792
f 4786 4792 4789
f 4791 3426 3424
f 4791 3424 4792
f 4792 3424 3425
f 4792 3425 3436
f 4789 4792 3436
f 4789 3436 3435
f 3440 4793 4794
f 3440 4794 4785
f 4793 4795 4796
f 4793 4796 4794
f 4794 4796 3426
f 4794 3426 4791
f 4785 4794 4791
f 4785 4791 4786
f 4763 4795 4761
f 4795 4793 4761
f 4761 4793 3440
f 4761 3440 3437
f 3431 3430 4797
f 3431 4797 4758
f 3430 4790 4797
f 4797 4790 3435
f 4797 3435 3432
f 4758 4797 3432
f 3444 3443 4754
f 3443 3442 4784
f 3443 4784 4754
f 4754 4784 3428
f 3427 3426 4768
f 3426 4796 4768
f 4768 4796 4795
f 4768 4795 4763
f 2939 4798 4799
f 2939 4799 2938
f 4798 4396 4411
f 4798 4411 4799
f 4799 4411 4800
f 2938 4799 4800
f 2938 4800 2940
f 2940 4800 4801
f 2940 4801 4802
f 4800 4411 4801
f 4801 4411 4418
f 4801 4418 4803
f 4802 4801 4803
f 4802 4803 4804
f 4805 4806 4807
f 4805 4807 4808
f 4806 4434 4433
f 4806 4433 4807
f 4807 4433 4809
f 4808 4807 4809
f 4809 4810 4811
f 4809 4433 4810
f 4810 4433 4396
f 4810 4396 4798
f 4811 4810 4798
f 4811 4798 2939
f 4058 4812 4813
f 4058 4813 4814
f 4812 4815 4813
f 4813 4815 4434
f 4813 4434 4806
f 4814 4813 4806
f 4814 4806 4805
f 4816 4523 4817
f 4816 4817 4818
f 4817 4523 4049
f 4817 4049 4819
f 4818 4817 4819
f 4818 4819 4056
f 4056 4819 4815
f 4056 4815 4057
f 4819 4049 4815
f 4057 4815 4812
f 4057 4812 4058
f 4804 4803 4820
f 4804 4820 4821
f 4803 4418 4524
f 4803 4524 4820
f 4820 4524 4523
f 4821 4820 4523
f 4821 4523 4816
f 4435 4434 4528
f 4527 4435 4528
f 4822 1864 4438
f 4822 4438 4823
f 4823 4438 4435
f 4527 4823 4435
f 4508 4824 4825
f 2282 1864 4822
f 4522 4049 4051
f 4522 4051 4055
f 4522 4055 4826
f 2949 4824 4508
f 2949 4508 4528
f 2949 4528 4515
f 4827 4824 2949
f 4513 4434 4815
f 4522 4513 4815
f 4515 4528 4513
f 4528 4434 4513
f 4826 4055 4532
f 4826 4532 4531
f 4815 4049 4522
f 4826 4827 2949
f 4826 4531 4827
f 4520 4828 4518
f 4519 4829 4521
f 4516 4825 4519
f 4519 4825 4824
f 4516 4511 4825
f 4518 4511 4516
f 4518 2282 4511
f 2285 2282 4518
f 4521 4829 2898
f 4521 2898 4520
f 4830 4531 4533
f 2898 2901 4520
f 4520 2901 4828
f 4830 2898 4829
f 2962 2964 2901
f 4830 4829 4831
f 4830 4831 4531
f 4829 4519 4831
f 4831 4519 4824
f 4831 4824 4827
f 4531 4831 4827
f 2901 2964 4832
f 4832 2964 306
f 4832 306 2291
f 2901 4832 4518
f 2901 4518 4828
f 4832 2291 4518
f 4518 2291 2285
f 4014 4017 4833
f 4014 4833 4557
f 4017 4016 4589
f 4017 4589 4833
f 4833 4589 4584
f 4833 4584 4586
f 4557 4833 4586
f 4557 4586 4013
f 4046 4834 4835
f 4046 4835 4047
f 4834 4004 4007
f 4834 4007 4835
f 4835 4007 4006
f 4835 4006 4836
f 4047 4835 4836
f 4000 4045 4837
f 4000 4837 4592
f 4045 4047 4837
f 4837 4047 3999
f 4837 3999 3997
f 4592 4837 3997
f 4592 3997 3998
f 4809 4811 4838
f 4811 2939 2937
f 4811 2937 4839
f 4838 4811 4839
f 4838 4839 4840
f 4814 4805 4841
f 4058 4814 4841
f 4821 4816 4842
f 4804 4821 4842
f 4843 4522 4844
f 4514 4843 2949
f 2949 4843 4844
f 4843 4514 4513
f 4843 4513 4522
f 4826 4844 4522
f 2949 4845 4826
f 4845 2949 4844
f 4845 4844 4826
f 4528 4508 4510
f 4528 4510 4527
f 4508 4825 4509
f 4825 4511 4509
f 4509 4511 4512
f 4509 4512 4508
f 4823 4527 4529
f 2282 4822 4511
f 4511 4822 4846
f 4830 4533 2905
f 4830 2905 2898
f 4533 2961 2895
f 4533 2895 2905
f 4847 4517 4518
f 4847 4521 4520
f 4847 4520 4517
f 4516 4519 4847
f 4847 4519 4521
f 4518 4517 4520
f 4516 4847 4518
f 4848 4849 4850
f 4850 4849 4851
f 4850 4851 3367
f 3367 4851 4852
f 3367 4852 3368
f 3371 4737 4853
f 4737 4738 4849
f 4853 4737 4849
f 4853 4849 4848
f 4854 3340 4737
f 3371 4854 4737
f 3368 3365 4855
f 4855 3365 3381
f 4855 3381 3375
f 4852 3354 3364
f 4852 3364 3365
f 3368 4852 3365
f 3378 3382 4856
f 3382 3340 4854
f 4856 3382 4854
f 4856 4854 3371
f 3375 3381 3382
f 3375 3382 3376
f 3376 3382 3378
f 4857 4851 4849
f 4857 4849 4858
f 4849 4738 4859
f 4858 4849 4859
f 4858 4859 3445
f 4860 4861 4862
f 4860 4862 4863
f 4861 3354 4852
f 4861 4852 4862
f 4862 4852 4851
f 4863 4862 4851
f 4863 4851 4857
f 3456 4864 4865
f 3456 4865 4866
f 4864 3775 3778
f 4864 3778 4865
f 4865 3778 3462
f 4865 3462 4867
f 4866 4865 4867
f 4866 4867 3450
f 3453 4868 4869
f 3453 4869 3454
f 4868 3307 3776
f 4868 3776 4869
f 4869 3776 3775
f 4869 3775 4864
f 3454 4869 4864
f 3454 4864 3456
f 3445 4859 4870
f 3445 4870 3446
f 4859 4738 4766
f 4859 4766 4870
f 4870 4766 4765
f 3446 4870 4765
f 3446 4765 3447
f 3447 4765 4868
f 3447 4868 4871
f 4765 4767 4868
f 4868 4767 3307
f 4871 4868 3453
f 3450 4867 4872
f 3450 4872 3451
f 4867 3462 3463
f 4867 3463 4872
f 4872 3463 3354
f 3451 4872 4873
f 4872 3354 4873
f 4873 3354 4861
f 3451 4873 4861
f 3451 4861 4860
f 4860 4863 4874
f 4863 4857 4875
f 4874 4863 4875
f 4874 4875 4876
f 3378 4856 4877
f 4856 3371 3372
f 4856 3372 4877
f 4877 3372 3373
f 3378 4877 3373
f 3378 3373 3379
f 3368 4855 4878
f 4855 3375 3377
f 4855 3377 4878
f 4878 3377 3379
f 4878 3379 3374
f 3368 4878 3374
f 3371 4853 4879
f 3371 4879 3372
f 4853 4848 4880
f 4853 4880 4879
f 3372 4879 3373
f 3456 4866 3457
f 3022 4881 3023
f 3023 4881 4882
f 3451 4860 4874
f 3451 4874 4876
f 3451 4876 3452
f 4871 3453 3455
f 3447 4871 3448
f 4887 4885 4884
f 2347 2348 4890
f 4445 4894 4893
f 4445 4893 4475
f 4503 4892 4894
f 4449 4891 4895
f 4449 4895 4478
f 4895 4891 2349
f 4478 4895 2349
f 4478 2349 1910
f 4444 4889 4891
f 4444 4891 4449
f 4896 4897 4908
f 4443 4899 4444
f 4899 4886 4888
f 4899 4888 4889
f 4899 4889 4444
f 4477 4899 4443
f 4477 4883 4886
f 4477 4886 4899
f 4903 4909 4904
f 4905 4909 4900
f 4893 4906 4476
f 4906 4893 4883
f 4906 4883 4477
f 4476 4906 4477
f 22 2349 4891
f 22 4891 4889
f 2677 4889 4888
f 2677 4888 4886
f 2678 4886 4883
f 2749 4892 4503
f 2749 4503 4884
f 2745 4885 4887
f 2745 4887 4890
f 77 4890 2348
f 2677 2694 4889
f 22 4889 2694
f 2678 2676 4886
f 2677 4886 2676
f 4893 4894 2686
f 4893 2686 4883
f 2687 2686 4894
f 2678 4883 2686
f 2687 4894 4892
f 2749 4884 2751
f 4885 2751 4884
f 2745 2751 4885
f 2745 4890 2746
f 77 2746 4890
f 4907 4501 4898
f 4501 2363 4898
f 4898 2363 4908
f 4908 2363 4896
f 2363 2347 4890
f 4896 2363 4890
f 4890 4887 4907
f 4896 4890 4907
f 4900 4503 4502
f 4900 4502 4905
f 4905 4502 4479
f 4479 4907 4905
f 4901 4503 4900
f 4903 4503 4901
f 4902 4905 4907
f 4907 4887 4884
f 4907 4884 4904
f 4904 4884 4903
f 4884 4503 4903
f 4445 4506 4894
f 4898 4908 4907
f 4908 4897 4907
f 4907 4897 4896
f 4902 4907 4909
f 4909 4901 4900
f 4909 4903 4901
f 4905 4902 4909
f 4904 4909 4907
f 4506 4505 4503
f 4506 4503 4894
f 3022 4910 4911
f 3022 4911 4881
f 4910 3334 3333
f 4910 3333 4911
f 4911 3333 3327
f 4911 3327 4912
f 4881 4911 4912
f 4912 3327 3325
f 4912 3325 3004
f 4912 3004 4913
f 4881 4912 4913
f 4881 4913 4914
f 3018 4915 4916
f 3018 4916 3019
f 4915 4572 4916
f 4916 4572 4378
f 4916 4378 4917
f 3019 4916 4917
f 3019 4917 3020
f 3027 4918 4919
f 3027 4919 4920
f 4918 3009 4575
f 4918 4575 4919
f 4919 4575 4572
f 4919 4572 4915
f 4920 4919 4915
f 4920 4915 3018
f 3021 4375 4910
f 4375 4373 4910
f 4910 4373 3334
f 3021 4910 3022
f 3020 4917 4921
f 3020 4921 4922
f 4917 4378 4377
f 4917 4377 4921
f 4921 4377 4375
f 4922 4921 4375
f 4922 4375 3021
f 3025 4923 3026
f 4923 3006 3009
f 4923 3009 4918
f 3026 4923 4918
f 3026 4918 3027
f 4914 4913 4923
f 4914 4923 4924
f 4913 3004 3006
f 4913 3006 4923
f 4924 4923 3025
f 3272 4925 4926
f 3272 4926 3271
f 4925 3017 3016
f 4925 3016 4926
f 3271 4926 3016
f 3271 3016 3273
f 4924 3025 3028
f 4914 4924 3028
f 4922 3021 3024
f 3020 4922 3024
f 4928 3399 3400
f 4928 3400 4493
f 4927 4928 4493
f 3034 4929 4928
f 4929 3032 3398
f 4929 3398 4928
f 4928 3398 3399
f 3034 4928 4927
f 3033 3031 3032
f 3033 3032 4929
f 3033 4929 3034
f 4927 4493 4930
f 3035 4474 4464
f 4931 4475 4474
f 3035 4931 4474
f 3035 4464 3033
f 3033 4464 3031
f 4493 4492 4930
f 4930 4492 4475
f 4930 4475 4931
f 4930 4931 4932
f 4927 4930 4932
f 3034 4927 4933
f 3034 4933 3033
f 3272 4934 3339
f 3272 3339 4935
f 4934 3340 3339
f 3339 3335 4936
f 4935 3339 4936
f 4935 4936 3266
f 3266 4936 3267
f 4936 3335 3334
f 4936 3334 4937
f 3267 4936 4937
f 3267 4937 3268
f 4938 4939 4940
f 4938 4940 4941
f 4939 4097 4748
f 4939 4748 4940
f 4941 4940 4748
f 4941 4748 3270
f 3270 4748 3271
f 4748 3340 4934
f 3271 4748 4934
f 3271 4934 3272
f 3275 4942 4112
f 3275 4112 4943
f 4112 4097 4939
f 4943 4112 4939
f 4943 4939 4938
f 3268 4937 4944
f 3268 4944 3274
f 4937 3334 4112
f 4937 4112 4944
f 4944 4112 4942
f 3274 4944 4942
f 3274 4942 3275
f 3275 4943 3015
f 4943 4938 4945
f 3015 4943 4945
f 4941 3270 3273
f 4941 3273 4946
f 4938 4941 4946
f 3991 2935 4947
f 3989 2908 2936
f 3989 2936 3990
f 3990 2936 2935
f 3990 2935 3991
f 3987 3008 4949
f 4949 3008 3992
f 3992 3008 3010
f 3992 3010 3993
f 3993 3010 3002
f 3993 3002 3994
f 3994 3002 3985
f 3994 3985 4950
f 4950 3985 2908
f 4950 2908 3989
f 4577 3009 3008
f 3986 4577 3008
f 3986 3008 3987
f 4948 4947 4577
f 4948 4577 3986
f 4947 4569 4566
f 4947 4566 4577
f 3994 4950 4951
f 4949 3992 4952
f 3987 4949 4952
f 4948 3986 3988
f 3244 3248 4953
f 3244 4953 4954
f 3243 3244 4954
f 3243 4954 4955
f 4552 4545 4588
f 4550 4552 4588
f 4594 4595 4956
f 4594 4956 4957
f 4595 3221 4958
f 4595 4958 4956
f 4956 4958 4959
f 4956 4959 4960
f 4957 4956 4960
f 4957 4960 3215
f 3215 4960 4961
f 3215 4961 3216
f 4960 4959 4962
f 4960 4962 4961
f 4961 4962 3226
f 4961 3226 4142
f 3216 4961 4142
f 3216 4142 3213
f 4959 4963 4964
f 4959 4964 4962
f 4963 3230 4146
f 4963 4146 4964
f 4964 4146 3224
f 4964 3224 3227
f 4962 4964 3227
f 4962 3227 3226
f 3221 3218 4965
f 3221 4965 4958
f 3218 3220 3231
f 3218 3231 4965
f 4965 3231 3230
f 4965 3230 4963
f 4958 4965 4963
f 4958 4963 4959
f 3214 4148 4957
f 4148 4135 4594
f 4148 4594 4957
f 3214 4957 3215
f 4704 4966 4967
f 4704 4967 4248
f 4966 4708 4968
f 4966 4968 4967
f 4967 4968 4969
f 4967 4969 4970
f 4248 4967 4970
f 4248 4970 3090
f 3090 4970 4971
f 3090 4971 3091
f 4970 4969 4972
f 4970 4972 4971
f 4971 4972 3083
f 4971 3083 3081
f 3091 4971 3081
f 3091 3081 3082
f 4969 4973 4974
f 4969 4974 4972
f 4973 3087 4246
f 4973 4246 4974
f 4974 4246 4706
f 4974 4706 4707
f 4972 4974 4707
f 4972 4707 3083
f 4708 4236 4975
f 4708 4975 4968
f 4236 3084 3088
f 4236 3088 4975
f 4975 3088 3087
f 4975 3087 4973
f 4968 4975 4973
f 4968 4973 4969
f 4229 4232 4704
f 4232 4234 4708
f 4232 4708 4966
f 4704 4232 4966
f 2724 84 2716
f 2730 4976 4977
f 2730 4977 2734
f 4976 2434 2433
f 4976 2433 4977
f 4977 2433 85
f 4977 85 2750
f 2734 4977 2750
f 2734 2750 2724
f 2732 2754 2776
f 2776 2775 4976
f 2776 4976 2732
f 2775 113 4976
f 4976 113 2434
f 2732 4976 2730
f 2791 2793 2792
f 2791 2792 2711
f 2791 2711 2710
f 2710 2709 47
f 2710 47 127
f 2798 140 31
f 2798 31 2702
f 2712 2798 2702
f 2712 2702 2691
f 2712 2793 2791
f 4978 4980 4979
f 3872 4982 4981
f 4981 4982 4983
f 4981 4983 3894
f 3975 3896 3979
f 3979 4978 3978
f 3978 4978 4979
f 3978 4979 4984
f 4984 4979 4980
f 4984 4980 3877
f 3877 4980 4985
f 3877 4985 3880
f 3880 4985 3869
f 3880 3869 3868
f 3873 3872 4986
f 3872 4981 4986
f 4986 4981 3894
f 4986 3894 3893
f 3899 4988 3900
f 4988 4987 3900
f 3900 4987 3902
f 3877 4989 4984
f 4989 4987 4984
f 4984 4990 3978
f 3876 3875 3903
f 3903 3899 3898
f 3978 4990 4991
f 3978 4991 3977
f 4991 3874 3981
f 3977 4991 3981
f 3879 3902 3878
f 3902 4987 4989
f 3878 3902 4989
f 3878 4989 3877
f 3867 4993 4994
f 3867 4994 4992
f 4992 4994 4995
f 4992 4995 3890
f 4996 4998 4999
f 4996 4999 4997
f 4997 4999 5000
f 3873 5000 5001
f 3873 5001 3897
f 3897 5001 3864
f 3897 3864 3863
f 3975 3892 3976
f 3976 4996 3893
f 3861 3867 5002
f 3861 5002 3860
f 3867 4992 5002
f 5002 4992 3890
f 3860 5002 3890
f 3860 3890 3862
f 3893 4996 4997
f 3893 4997 4986
f 4986 4997 5000
f 4986 5000 3873
f 3608 5004 5003
f 5003 5004 5005
f 5003 5005 3578
f 3588 5007 3610
f 3610 3606 3605
f 3580 3579 5008
f 5008 5006 3585
f 3601 3608 5003
f 3601 5003 3758
f 5003 3578 3758
f 3585 5006 3589
f 5006 5007 3589
f 3589 5007 3588
f 3575 5010 5009
f 5009 5010 3602
f 5011 5013 5012
f 5012 5013 5014
f 5012 5014 3574
f 3577 5015 3576
f 3576 5015 5011
f 3576 5011 3573
f 3605 3604 3611
f 3758 3575 5009
f 3758 5009 3602
f 3758 3602 3601
f 3573 5011 5016
f 3573 5016 3572
f 5011 5012 5016
f 5016 5012 3574
f 3572 5016 3574
f 5017 5019 5018
f 5018 5019 3581
f 5020 5022 5021
f 5021 5022 5023
f 5021 5023 5024
f 3757 5024 3762
f 3762 5017 3613
f 3585 3612 5025
f 3585 5025 5008
f 5008 5025 5020
f 5008 5020 3580
f 3613 5017 3614
f 5017 5018 3614
f 3614 5018 3581
f 3580 5020 5021
f 3580 5021 3759
f 3759 5021 5024
f 3759 5024 3757
f 5026 5027 5028
f 5027 5029 4980
f 5028 5027 4980
f 4983 4982 5027
f 4983 5027 5030
f 5027 4982 5029
f 5030 5027 5026
f 3896 5031 3979
f 3896 5026 5028
f 3896 5028 5031
f 5031 5028 4980
f 5031 4980 4978
f 3979 5031 4978
f 3869 5032 5033
f 3869 5033 3870
f 5032 5029 4982
f 5032 4982 5033
f 5033 4982 3872
f 3870 5033 3872
f 4980 5034 4985
f 5034 4980 5029
f 5034 5029 5032
f 4985 5034 5032
f 4985 5032 3869
f 3894 4983 5030
f 3894 5030 3895
f 3895 5030 5026
f 3895 5026 3896
f 4995 4994 5035
f 4995 5035 5036
f 4994 4993 5035
f 5035 4993 5037
f 5036 5035 5037
f 5036 5037 5038
f 5038 5037 5039
f 5038 5039 5040
f 5037 4993 5000
f 5037 5000 5039
f 5039 5000 4999
f 5040 5039 4999
f 5040 4999 4998
f 3892 5041 3976
f 3892 5038 5040
f 3892 5040 5041
f 5041 5040 4998
f 5041 4998 4996
f 3976 5041 4996
f 5000 5042 5001
f 5042 5000 4993
f 5042 4993 5043
f 5001 5042 5043
f 5001 5043 3864
f 3864 5043 5044
f 3864 5044 3865
f 5043 4993 5044
f 5044 4993 3867
f 3865 5044 3867
f 3890 5045 3891
f 3890 4995 5036
f 3890 5036 5045
f 5045 5036 5038
f 5045 5038 3892
f 3891 5045 3892
f 5046 4987 5047
f 5046 5047 5048
f 5048 5047 5049
f 5048 5049 5050
f 5047 4987 5049
f 5049 4987 4988
f 4990 5046 4991
f 4991 5046 5048
f 4991 5048 3874
f 3875 5051 3903
f 3875 5049 5051
f 5051 5049 4988
f 3903 5051 4988
f 3903 4988 3899
f 4987 5046 4984
f 4984 5046 4990
f 3874 5052 3981
f 3874 5048 5050
f 3874 5050 5052
f 5052 5050 5049
f 5052 5049 3875
f 3981 5052 3875
f 5022 5053 5023
f 5023 5053 5054
f 5023 5054 5019
f 5053 5019 5054
f 3612 5022 5025
f 5025 5022 5020
f 5024 5023 5019
f 5024 5019 5017
f 3762 5024 5017
f 3581 5019 3582
f 3582 5019 5053
f 3582 5053 3583
f 3583 5053 3587
f 5053 5022 3612
f 3587 5053 3612
f 5007 5006 5055
f 5005 5007 5055
f 5004 5007 5005
f 3606 5004 3607
f 3607 5004 3608
f 3579 5055 5008
f 5008 5055 5006
f 3578 5056 3758
f 3578 5005 5056
f 5056 5005 5055
f 5056 5055 3579
f 3758 5056 3579
f 3610 5007 5004
f 3610 5004 3606
f 5014 5013 5057
f 5057 5013 5058
f 5014 5057 5010
f 5057 5058 5010
f 3604 5058 3611
f 3611 5058 3577
f 3577 5058 5013
f 3577 5013 5015
f 5015 5013 5011
f 3574 5059 3575
f 3574 5014 5059
f 5059 5014 5010
f 5059 5010 3575
f 3602 5010 5060
f 3602 5060 3603
f 5060 5010 5058
f 3603 5060 5058
f 3603 5058 3604
f 4349 4350 3246
f 4349 3246 3245
f 4350 4352 3247
f 4350 3247 3246
f 4360 4363 5061
f 4363 4353 4955
f 4363 4955 4954
f 5061 4363 4954
f 5061 4954 4953
f 4352 4368 3247
f 4368 4365 3248
f 3247 4368 3248
f 4336 4641 4339
f 4641 4648 4339
f 4339 4648 4647
f 4339 4647 4325
f 4318 5062 4342
f 4342 5062 4340
f 4322 4645 4321
f 4331 5063 4328
f 5063 5064 4328
f 4328 5064 4644
f 4328 4644 4326
f 4370 4344 5065
f 4639 4644 5064
f 4639 5064 5066
f 5066 5064 5063
f 5066 5063 5067
f 5066 5067 5062
f 4639 5066 5068
f 5066 5062 5068
f 5068 5062 4318
f 5068 4318 4321
f 4639 5068 4321
f 4639 4321 4645
f 4326 4643 4334
f 4326 4644 4643
f 4643 4642 5069
f 4334 4643 5069
f 4334 5069 4332
f 4325 4647 4323
f 4647 4646 4323
f 4323 4646 4645
f 4323 4645 4322
f 4340 5062 5067
f 4340 5067 4343
f 4343 5067 5063
f 4343 5063 4331
f 4332 5069 4338
f 5069 4642 4641
f 5069 4641 4338
f 4338 4641 4336
f 4359 4370 5070
f 4365 4367 4953
f 4365 4953 3248
f 4367 4360 5061
f 4367 5061 4953
f 4353 4356 4955
f 3239 3242 5071
f 3239 5071 3250
f 3242 3241 5072
f 3242 5072 5071
f 5071 5072 5073
f 5071 5073 5074
f 3250 5071 5074
f 3250 5074 3251
f 3251 5074 3237
f 5074 5073 5075
f 5074 5075 3238
f 5074 3238 3237
f 5073 5076 5077
f 5073 5077 5075
f 5076 4582 4376
f 5076 4376 5077
f 5077 4376 4581
f 5077 4581 4682
f 5075 5077 4682
f 5075 4682 3238
f 3241 4390 5078
f 3241 5078 5072
f 4390 4680 5079
f 4390 5079 5078
f 5078 5079 4582
f 5078 4582 5076
f 5072 5078 5076
f 5072 5076 5073
f 4347 4349 3245
f 4347 3245 5080
f 4344 4347 5080
f 3243 4955 4356
f 3243 4356 5081
f 5081 4356 4359
f 5081 4359 5070
f 5081 5070 4370
f 3243 5081 5082
f 5081 4370 5065
f 5081 5065 5082
f 5082 5065 4344
f 5082 4344 5080
f 3243 5082 5080
f 3243 5080 3245
f 4371 4374 4680
f 4374 4376 4582
f 4374 4582 5079
f 4680 4374 5079
f 4686 5083 5084
f 4686 5084 4687
f 5083 4689 5085
f 5083 5085 5084
f 5084 5085 5086
f 5084 5086 5087
f 4687 5084 5087
f 4687 5087 3186
f 3186 5087 5088
f 3186 5088 3187
f 5087 5086 5089
f 5087 5089 5088
f 5088 5089 3190
f 5088 3190 3189
f 3187 5088 3189
f 3187 3189 3184
f 5086 5090 5091
f 5086 5091 5089
f 5090 3181 3176
f 5090 3176 5091
f 5091 3176 3180
f 5091 3180 4683
f 5089 5091 4683
f 5089 4683 3190
f 4689 3194 5092
f 4689 5092 5085
f 3194 3181 5092
f 5092 3181 5090
f 5085 5092 5090
f 5085 5090 5086
f 4088 4091 5093
f 4088 5093 4685
f 4091 4094 5093
f 5093 4094 4689
f 5093 4689 5083
f 4685 5093 5083
f 4685 5083 4686
f 4836 4006 4591
f 4836 4591 4008
f 4836 4008 4009
f 4047 4836 4009
f 4047 4009 3999
f 4584 4590 4585
f 4590 4545 4587
f 4590 4587 4585
f 4585 4587 4549
f 4585 4549 4583
f 4585 4583 4018
f 4562 4564 4046
f 4564 4004 4834
f 4046 4564 4834
f 4818 4056 5094
f 4816 4818 5094
f 4542 4544 5096
f 4542 5096 5095
f 5095 5096 5097
f 5095 5097 5098
f 4542 5095 5098
f 4542 5098 4028
f 4028 5098 5099
f 5098 5097 5100
f 5098 5100 5099
f 5099 5100 4023
f 5099 4023 4421
f 4028 5099 4421
f 4028 4421 4025
f 5097 5101 5102
f 5097 5102 5100
f 5101 4029 4030
f 5101 4030 5102
f 5102 4030 4021
f 5102 4021 4024
f 5100 5102 4024
f 5100 4024 4023
f 4544 4540 5103
f 4544 5103 5096
f 5103 4540 4029
f 5103 4029 5101
f 5096 5103 5101
f 5096 5101 5097
f 4410 4413 4539
f 4410 4539 4540
f 4407 4410 4540
f 4407 4540 4544
f 3205 5104 5105
f 3205 5105 3202
f 5104 4593 5106
f 5104 5106 5105
f 5105 5106 5107
f 5105 5107 5108
f 3202 5105 5108
f 3202 5108 3206
f 3206 5108 5109
f 3206 5109 4651
f 5108 5107 5110
f 5108 5110 5109
f 5109 5110 3210
f 5109 3210 3208
f 4651 5109 3208
f 4651 3208 3209
f 5107 5111 5112
f 5107 5112 5110
f 5111 3199 4130
f 5111 4130 5112
f 5112 4130 4649
f 5112 4649 4650
f 5110 5112 4650
f 5110 4650 3210
f 4593 4120 5113
f 4593 5113 5106
f 4120 3197 3200
f 4120 3200 5113
f 5113 3200 3199
f 5113 3199 5111
f 5106 5113 5111
f 5106 5111 5107
f 3203 4115 5114
f 3203 5114 3204
f 4115 4118 5114
f 5114 4118 4593
f 5114 4593 5104
f 3204 5114 5104
f 3204 5104 3205
f 4938 4946 5115
f 4938 5115 4945
f 4946 3273 3016
f 4946 3016 5115
f 4945 5115 3016
f 4945 3016 3015
f 3272 4935 4925
f 4935 3266 3017
f 4935 3017 4925
f 3370 3374 5116
f 3370 5116 5117
f 3370 5117 3367
f 3367 5117 5118
f 3367 5118 4879
f 5118 3373 4879
f 5117 3379 3373
f 5117 3373 5118
f 3374 5119 5116
f 3374 3379 5119
f 5119 3379 5117
f 5116 5119 5117
f 3023 4882 5120
f 3023 5120 3021
f 4882 5121 5120
f 3021 5120 3024
f 3024 5120 5122
f 5120 5121 5123
f 5120 5123 5122
f 5122 5123 3018
f 5122 3018 3019
f 3024 5122 3019
f 3024 3019 3020
f 5121 5124 5123
f 5124 3028 3027
f 5124 3027 4920
f 5123 5124 4920
f 5123 4920 3018
f 4882 4881 5124
f 4882 5124 5121
f 4881 4914 3028
f 4881 3028 5124
f 4848 4850 5125
f 4848 5125 4880
f 4850 3367 5125
f 5125 3367 4879
f 4880 5125 4879
f 3445 3449 5126
f 3445 5126 5127
f 3449 3448 5128
f 3449 5128 5126
f 5126 5128 5129
f 5127 5126 5129
f 5127 5129 4857
f 4857 5129 5130
f 4857 5130 4875
f 4875 5130 3452
f 4875 3452 4876
f 5129 3457 4866
f 5129 4866 5130
f 5130 4866 3450
f 5130 3450 3452
f 3448 4871 5128
f 4871 3455 3458
f 4871 3458 5128
f 5128 3458 3457
f 5128 3457 5129
f 4857 4858 5127
f 4858 3445 5127
f 3989 3990 5131
f 3989 5131 4950
f 3990 3991 5131
f 4950 5131 4951
f 4951 5131 3995
f 3995 5131 3992
f 4951 3995 3994
f 5132 3988 3986
f 5132 3986 3987
f 5132 3987 4952
f 5131 5132 4952
f 5131 4952 3992
f 3991 5133 5132
f 3991 5132 5131
f 5133 4948 3988
f 5133 3988 5132
f 4947 4948 5133
f 3991 4947 5133
f 4406 4403 5134
f 4394 4406 5134
f 4040 5135 4402
f 4040 4039 5136
f 4040 5136 5135
f 4402 5135 4033
f 4033 5135 5137
f 4033 5137 4034
f 5135 5136 5137
f 5137 5136 4043
f 5137 4043 4042
f 4034 5137 4042
f 4034 4042 4031
f 5138 4403 4538
f 5136 5138 4538
f 5136 4538 4043
f 4039 4394 5138
f 4039 5138 5136
f 4394 5134 5138
f 5138 5134 4403
f 4403 4405 4538
f 4405 4397 4537
f 4405 4537 4538
f 4529 5139 4846
f 4846 5139 4511
f 5139 4512 4511
f 5139 4510 4508
f 5139 4508 4512
f 5139 4529 4527
f 5139 4527 4510
f 4822 4823 4529
f 4822 4529 4846
f 5140 5141 5142
f 5140 5142 5143
f 5141 5144 5145
f 5141 5145 5142
f 5142 5145 5146
f 5142 5146 5147
f 5143 5142 5147
f 5143 5147 2773
f 2779 5148 5149
f 2779 5149 2780
f 5148 5140 5143
f 5148 5143 5149
f 5149 5143 2773
f 5149 2773 2772
f 2780 5149 2772
f 2780 2772 2770
f 2785 2797 5150
f 2785 5150 5151
f 2797 2795 5152
f 2797 5152 5150
f 5150 5152 5144
f 5150 5144 5141
f 5151 5150 5141
f 5151 5141 5140
f 2787 2786 5153
f 2787 5153 5154
f 2786 2785 5151
f 2786 5151 5153
f 5153 5151 5140
f 5153 5140 5148
f 5154 5153 5148
f 5154 5148 2779
f 2733 5146 5155
f 2733 5155 2767
f 5146 5145 5155
f 5155 5145 5144
f 5155 5144 5156
f 2767 5155 5156
f 2767 5156 2720
f 2720 5156 5157
f 2720 5157 2721
f 5156 5144 5152
f 5156 5152 5157
f 5157 5152 2795
f 2721 5157 2795
f 2721 2795 2722
f 2729 2774 5158
f 2729 5158 2731
f 2774 2773 5147
f 2774 5147 5158
f 5158 5147 5146
f 2731 5158 5146
f 2731 5146 2733
f 2708 2788 2704
f 2788 2787 5154
f 2788 5154 2704
f 2704 5154 2779
f 2704 2779 2703
f 2932 5159 5160
f 2932 5160 5161
f 5159 4569 4947
f 5159 4947 5160
f 5160 4947 2935
f 5160 2935 5162
f 5161 5160 5162
f 5161 5162 5163
f 2930 5164 5165
f 2930 5165 2931
f 5164 4061 5165
f 5165 4061 4569
f 5165 4569 5159
f 2931 5165 5159
f 2931 5159 2932
f 2945 2924 2923
f 2945 2923 2944
f 2944 2923 2922
f 2944 2922 2946
f 2946 2922 5166
f 5166 2922 4063
f 5166 4063 2926
f 5167 2934 2906
f 5167 2906 5168
f 5168 2906 2924
f 5168 2924 2945
f 5163 5162 2934
f 5163 2934 5169
f 5162 2935 2934
f 5169 2934 5167
f 2926 4063 4064
f 2926 4064 2927
f 2927 4064 4061
f 2927 4061 2928
f 2928 4061 5170
f 5170 4061 5164
f 5170 5164 2930
f 2933 2932 2950
f 2932 5161 2950
f 2950 5161 5163
f 2950 5163 2953
f 2940 4802 2941
f 4802 4804 5171
f 2941 4802 5171
f 2941 5171 2942
f 5170 2930 5172
f 2928 5170 5172
f 5163 5169 2954
f 5163 2954 2953
f 5169 5167 2954
f 2954 5167 2955
f 5166 2926 5173
f 2946 5166 5173
f 2928 5174 5175
f 2928 5175 2929
f 5174 2957 5176
f 5174 5176 5175
f 5175 5176 2946
f 5175 2946 5173
f 2929 5175 5173
f 2929 5173 2926
f 4805 4808 5177
f 4808 4809 4838
f 4808 4838 5177
f 5177 4838 4840
f 2942 5178 5179
f 2942 5179 2938
f 5178 5180 5181
f 5178 5181 5179
f 5179 5181 4840
f 5179 4840 4839
f 2938 5179 4839
f 2938 4839 2937
f 4840 5181 5182
f 4840 5182 5177
f 5181 5180 5183
f 5181 5183 5182
f 5182 5183 4058
f 5182 4058 4841
f 5177 5182 4841
f 5177 4841 4805
f 4058 5183 5184
f 4058 5184 4057
f 5183 5180 5185
f 5183 5185 5184
f 5184 5185 4816
f 5184 4816 5094
f 4057 5184 5094
f 4057 5094 4056
f 5180 5178 5186
f 5180 5186 5185
f 5178 2942 5171
f 5178 5171 5186
f 5186 5171 4804
f 5186 4804 4842
f 5185 5186 4842
f 5185 4842 4816
f 2957 2956 5187
f 2957 5187 5176
f 2956 2955 5188
f 2956 5188 5187
f 5187 5188 2943
f 5187 2943 2944
f 5176 5187 2944
f 5176 2944 2946
f 2930 2931 5189
f 2930 5189 5172
f 2931 2933 2952
f 2931 2952 5189
f 5189 2952 2957
f 5189 2957 5174
f 5172 5189 5174
f 5172 5174 2928
f 5167 5168 5188
f 5168 2945 2943
f 5168 2943 5188
f 5167 5188 2955
f 3913 3336 3337
f 3913 3337 3912
f 3337 3338 3912
f 3332 3335 3913
f 3332 3913 3914
f 3336 3913 3335
f 3927 5190 5191
f 3927 5191 3926
f 3912 3338 3911
f 3338 3780 3911
f 3911 5190 3927
f 3911 3780 5190
f 3915 5193 3914
f 5193 3330 3331
f 5193 3331 3914
f 3914 3331 3332
f 3925 3909 3330
f 3925 3330 5193
f 3924 3925 5193
f 3924 5193 3915
f 3945 3803 3942
f 3803 3835 3942
f 3944 3802 3800
f 3944 3800 3801
f 3944 3801 3945
f 3945 3801 3797
f 3945 3797 3803
f 3966 3780 3802
f 3966 3802 3944
f 5194 5191 5190
f 5194 5190 3966
f 5190 3780 3966
f 5194 3926 5191
f 5195 3910 5192
f 5195 5192 5194
f 5194 5192 3926
f 3942 3835 3965
f 3942 3965 3910
f 3942 3910 5195
f 3911 3929 3912
f 3912 3929 3913
f 3925 3914 3941
f 3925 3941 3909
f 3909 3941 3910
f 3927 3923 3911
f 3910 3941 5192
f 5192 3941 3921
f 5192 3921 3926
f 5195 5194 5196
f 5194 3966 3967
f 5197 3968 3966
f 3947 5197 3966
f 3947 3966 3944
f 5198 5194 3967
f 5198 3967 5197
f 5197 3967 3968
f 3942 3943 5197
f 3942 5197 3947
f 3943 3942 5196
f 3943 5196 5197
f 3942 5195 5196
f 5196 5194 5198
f 5197 5196 5198
f 3945 3942 3946
f 3946 3942 3947
f 3033 4933 5199
f 5200 3035 3033
f 5199 5200 3033
f 4932 4931 5200
f 4932 5200 4933
f 4931 3035 5200
f 4933 5200 5199
f 4927 4932 4933
